axis,latency_seconds,latency_microseconds
x,0.00013190000026952475,131.90000026952475
x,9.120001050177962e-05,91.20001050177962
x,8.450000314041972e-05,84.50000314041972
x,8.030000026337802e-05,80.30000026337802
x,7.699998968746513e-05,76.99998968746513
x,9.240000508725643e-05,92.40000508725643
x,7.769999501761049e-05,77.69999501761049
x,7.419999747071415e-05,74.19999747071415
x,7.449999975506216e-05,74.49999975506216
x,7.429999823216349e-05,74.29999823216349
x,7.429999823216349e-05,74.29999823216349
x,7.380000897683203e-05,73.80000897683203
x,7.420001202262938e-05,74.20001202262938
x,7.389999518636614e-05,73.89999518636614
x,7.369999366346747e-05,73.69999366346747
x,7.320000440813601e-05,73.20000440813601
x,7.340000593103468e-05,73.40000593103468
x,7.470000127796084e-05,74.70000127796084
x,7.419999747071415e-05,74.19999747071415
x,7.280000136233866e-05,72.80000136233866
x,7.2900002123788e-05,72.900002123788
x,7.270000060088933e-05,72.70000060088933
x,7.310000364668667e-05,73.10000364668667
x,7.239999831654131e-05,72.39999831654131
x,7.280000136233866e-05,72.80000136233866
x,7.20999960321933e-05,72.0999960321933
x,7.229999755509198e-05,72.29999755509198
x,7.259999983943999e-05,72.59999983943999
x,7.310000364668667e-05,73.10000364668667
x,7.259999983943999e-05,72.59999983943999
x,7.259999983943999e-05,72.59999983943999
x,7.239999831654131e-05,72.39999831654131
x,8.230000094044954e-05,82.30000094044954
x,7.339999137911946e-05,73.39999137911946
x,7.259999983943999e-05,72.59999983943999
x,7.199999527074397e-05,71.99999527074397
x,7.249999907799065e-05,72.49999907799065
x,7.180000829976052e-05,71.80000829976052
x,7.160000677686185e-05,71.60000677686185
x,7.179999374784529e-05,71.79999374784529
x,8.189999789465219e-05,81.89999789465219
x,7.88000033935532e-05,78.8000033935532
x,7.399999594781548e-05,73.99999594781548
x,7.2900002123788e-05,72.900002123788
x,7.340000593103468e-05,73.40000593103468
x,7.2900002123788e-05,72.900002123788
x,7.259999983943999e-05,72.59999983943999
x,7.20000098226592e-05,72.0000098226592
x,7.270000060088933e-05,72.70000060088933
x,7.20999960321933e-05,72.0999960321933
x,7.179999374784529e-05,71.79999374784529
x,7.270000060088933e-05,72.70000060088933
x,7.390000973828137e-05,73.90000973828137
x,7.300000288523734e-05,73.00000288523734
x,7.180000829976052e-05,71.80000829976052
x,7.159999222494662e-05,71.59999222494662
x,7.159999222494662e-05,71.59999222494662
x,7.159999222494662e-05,71.59999222494662
x,7.170000753831118e-05,71.70000753831118
x,8.159999561030418e-05,81.59999561030418
x,7.270000060088933e-05,72.70000060088933
x,7.09999876562506e-05,70.9999876562506
x,7.12000037310645e-05,71.2000037310645
x,7.180000829976052e-05,71.80000829976052
x,7.210001058410853e-05,72.10001058410853
x,7.149999146349728e-05,71.49999146349728
x,7.179999374784529e-05,71.79999374784529
x,7.20999960321933e-05,72.0999960321933
x,7.189999450929463e-05,71.89999450929463
x,7.169999298639596e-05,71.69999298639596
x,7.219999679364264e-05,72.19999679364264
x,7.169999298639596e-05,71.69999298639596
x,7.259999983943999e-05,72.59999983943999
x,7.129998994059861e-05,71.2999899405986
x,7.159999222494662e-05,71.59999222494662
x,7.12000037310645e-05,71.2000037310645
x,7.12000037310645e-05,71.2000037310645
x,7.160000677686185e-05,71.60000677686185
x,7.179999374784529e-05,71.79999374784529
x,7.169999298639596e-05,71.69999298639596
x,7.119998917914927e-05,71.19998917914927
x,7.140000525396317e-05,71.40000525396317
x,7.210001058410853e-05,72.10001058410853
x,7.180000829976052e-05,71.80000829976052
x,7.180000829976052e-05,71.80000829976052
x,7.12000037310645e-05,71.2000037310645
x,7.949999417178333e-05,79.49999417178333
x,7.639999967068434e-05,76.39999967068434
x,7.219999679364264e-05,72.19999679364264
x,7.199999527074397e-05,71.99999527074397
x,7.150000601541251e-05,71.50000601541251
x,7.20000098226592e-05,72.0000098226592
x,7.180000829976052e-05,71.80000829976052
x,7.220001134555787e-05,72.20001134555787
x,7.110000296961516e-05,71.10000296961516
x,7.169999298639596e-05,71.69999298639596
x,7.199999527074397e-05,71.99999527074397
x,7.300000288523734e-05,73.00000288523734
x,7.229999755509198e-05,72.29999755509198
x,7.249999907799065e-05,72.49999907799065
x,7.189999450929463e-05,71.89999450929463
x,7.199999527074397e-05,71.99999527074397
x,7.199999527074397e-05,71.99999527074397
x,7.169999298639596e-05,71.69999298639596
x,7.090000144671649e-05,70.90000144671649
x,7.140000525396317e-05,71.40000525396317
x,7.160000677686185e-05,71.60000677686185
x,7.180000829976052e-05,71.80000829976052
x,7.139999070204794e-05,71.39999070204794
x,7.190000906120986e-05,71.90000906120986
x,7.170000753831118e-05,71.70000753831118
x,7.229999755509198e-05,72.29999755509198
x,7.160000677686185e-05,71.60000677686185
x,7.20000098226592e-05,72.0000098226592
x,8.040000102482736e-05,80.40000102482736
x,7.270000060088933e-05,72.70000060088933
x,7.23000121070072e-05,72.3000121070072
x,7.150000601541251e-05,71.50000601541251
x,7.12000037310645e-05,71.2000037310645
x,7.159999222494662e-05,71.59999222494662
x,7.139999070204794e-05,71.39999070204794
x,7.110000296961516e-05,71.10000296961516
x,7.149999146349728e-05,71.49999146349728
x,7.100000220816582e-05,71.00000220816582
x,9.050000517163426e-05,90.50000517163426
x,0.0001151999895228073,115.1999895228073
x,8.099999104160815e-05,80.99999104160815
x,7.680000271648169e-05,76.80000271648169
x,7.399999594781548e-05,73.99999594781548
x,7.320000440813601e-05,73.20000440813601
x,7.199999527074397e-05,71.99999527074397
x,7.09999876562506e-05,70.9999876562506
x,7.029999687802047e-05,70.29999687802047
x,6.999999459367245e-05,69.99999459367245
x,6.979999307077378e-05,69.79999307077378
x,7.019999611657113e-05,70.19999611657113
x,6.969999230932444e-05,69.69999230932444
x,7.009999535512179e-05,70.09999535512179
x,8.72999953571707e-05,87.2999953571707
x,7.199999527074397e-05,71.99999527074397
x,8.05000017862767e-05,80.5000017862767
x,7.199999527074397e-05,71.99999527074397
x,7.179999374784529e-05,71.79999374784529
x,7.130000449251384e-05,71.30000449251384
x,7.090000144671649e-05,70.90000144671649
x,6.979999307077378e-05,69.79999307077378
x,7.069999992381781e-05,70.69999992381781
x,7.319998985622078e-05,73.19998985622078
x,7.229999755509198e-05,72.29999755509198
x,7.199999527074397e-05,71.99999527074397
x,9.40000027185306e-05,94.0000027185306
x,0.00014679999731015414,146.79999731015414
x,0.0001416000013705343,141.6000013705343
x,0.00014370000280905515,143.70000280905515
x,0.00015439999697264284,154.39999697264284
x,8.280000474769622e-05,82.80000474769622
x,7.46000005165115e-05,74.6000005165115
x,7.300000288523734e-05,73.00000288523734
x,7.2900002123788e-05,72.900002123788
x,0.00011239999730605632,112.39999730605632
x,0.00014350000128615648,143.50000128615648
x,0.00010520000068936497,105.20000068936497
x,7.850000110920519e-05,78.50000110920519
x,9.050000517163426e-05,90.50000517163426
x,8.700000762473792e-05,87.00000762473792
x,7.439999899361283e-05,74.39999899361283
x,7.2900002123788e-05,72.900002123788
x,7.20000098226592e-05,72.0000098226592
x,7.190000906120986e-05,71.90000906120986
x,7.130000449251384e-05,71.30000449251384
x,7.149999146349728e-05,71.49999146349728
x,7.019999611657113e-05,70.19999611657113
x,7.100000220816582e-05,71.00000220816582
x,7.149999146349728e-05,71.49999146349728
x,7.160000677686185e-05,71.60000677686185
x,7.429999823216349e-05,74.29999823216349
x,7.310000364668667e-05,73.10000364668667
x,8.730000990908593e-05,87.30000990908593
x,7.320000440813601e-05,73.20000440813601
x,7.110000296961516e-05,71.10000296961516
x,7.029999687802047e-05,70.29999687802047
x,7.009999535512179e-05,70.09999535512179
x,6.969999230932444e-05,69.69999230932444
x,6.979999307077378e-05,69.79999307077378
x,6.989999383222312e-05,69.89999383222312
x,7.009999535512179e-05,70.09999535512179
x,7.110000296961516e-05,71.10000296961516
x,7.000000914558768e-05,70.00000914558768
x,8.260000322479755e-05,82.60000322479755
x,7.090000144671649e-05,70.90000144671649
x,6.9500005338341e-05,69.500005338341
x,6.940000457689166e-05,69.40000457689166
x,6.999999459367245e-05,69.99999459367245
x,6.949999078642577e-05,69.49999078642577
x,6.930000381544232e-05,69.30000381544232
x,6.980000762268901e-05,69.80000762268901
x,6.920000305399299e-05,69.20000305399299
x,6.920000305399299e-05,69.20000305399299
x,6.990000838413835e-05,69.90000838413835
x,6.9500005338341e-05,69.500005338341
x,6.999999459367245e-05,69.99999459367245
x,7.049999840091914e-05,70.49999840091914
x,6.989999383222312e-05,69.89999383222312
x,6.95999915478751e-05,69.5999915478751
x,7.019999611657113e-05,70.19999611657113
x,6.969999230932444e-05,69.69999230932444
x,6.980000762268901e-05,69.80000762268901
x,6.980000762268901e-05,69.80000762268901
x,7.000000914558768e-05,70.00000914558768
x,6.910000229254365e-05,69.10000229254365
x,6.999999459367245e-05,69.99999459367245
x,6.969999230932444e-05,69.69999230932444
x,6.960000609979033e-05,69.60000609979033
x,6.9500005338341e-05,69.500005338341
x,6.949999078642577e-05,69.49999078642577
x,6.989999383222312e-05,69.89999383222312
x,7.819999882485718e-05,78.19999882485718
x,7.119998917914927e-05,71.19998917914927
x,6.989999383222312e-05,69.89999383222312
x,6.970000686123967e-05,69.70000686123967
x,6.900000153109431e-05,69.00000153109431
x,6.880000000819564e-05,68.80000000819564
x,6.930000381544232e-05,69.30000381544232
x,6.920000305399299e-05,69.20000305399299
x,7.000000914558768e-05,70.00000914558768
x,7.010000990703702e-05,70.10000990703702
x,7.03999976394698e-05,70.3999976394698
x,7.169999298639596e-05,71.69999298639596
x,7.049999840091914e-05,70.49999840091914
x,6.999999459367245e-05,69.99999459367245
x,7.03999976394698e-05,70.3999976394698
x,6.989999383222312e-05,69.89999383222312
x,6.939999002497643e-05,69.39999002497643
x,6.989999383222312e-05,69.89999383222312
x,7.049999840091914e-05,70.49999840091914
x,6.970000686123967e-05,69.70000686123967
x,6.910000229254365e-05,69.10000229254365
x,7.069999992381781e-05,70.69999992381781
x,6.989999383222312e-05,69.89999383222312
x,6.999999459367245e-05,69.99999459367245
x,6.95999915478751e-05,69.5999915478751
x,6.920000305399299e-05,69.20000305399299
x,6.930000381544232e-05,69.30000381544232
x,7.109998841769993e-05,71.09998841769993
x,7.740000728517771e-05,77.40000728517771
x,7.37000082153827e-05,73.7000082153827
x,7.239999831654131e-05,72.39999831654131
x,7.139999070204794e-05,71.39999070204794
x,7.049999840091914e-05,70.49999840091914
x,6.999999459367245e-05,69.99999459367245
x,7.049999840091914e-05,70.49999840091914
x,8.250000246334821e-05,82.50000246334821
x,7.169999298639596e-05,71.69999298639596
x,7.03999976394698e-05,70.3999976394698
x,6.999999459367245e-05,69.99999459367245
x,7.090000144671649e-05,70.90000144671649
x,6.990000838413835e-05,69.90000838413835
x,7.000000914558768e-05,70.00000914558768
x,7.000000914558768e-05,70.00000914558768
x,6.960000609979033e-05,69.60000609979033
x,6.919998850207776e-05,69.19998850207776
x,6.969999230932444e-05,69.69999230932444
x,7.010000990703702e-05,70.10000990703702
x,7.019999611657113e-05,70.19999611657113
x,7.009999535512179e-05,70.09999535512179
x,6.960000609979033e-05,69.60000609979033
x,6.900000153109431e-05,69.00000153109431
x,6.930000381544232e-05,69.30000381544232
x,6.980000762268901e-05,69.80000762268901
x,7.020001066848636e-05,70.20001066848636
x,6.960000609979033e-05,69.60000609979033
x,6.980000762268901e-05,69.80000762268901
x,7.679998816456646e-05,76.79998816456646
x,7.179999374784529e-05,71.79999374784529
x,7.019999611657113e-05,70.19999611657113
x,7.069999992381781e-05,70.69999992381781
x,7.069999992381781e-05,70.69999992381781
x,7.000000914558768e-05,70.00000914558768
x,7.110000296961516e-05,71.10000296961516
x,7.280000136233866e-05,72.80000136233866
x,7.190000906120986e-05,71.90000906120986
x,7.150000601541251e-05,71.50000601541251
x,7.139999070204794e-05,71.39999070204794
x,7.019999611657113e-05,70.19999611657113
x,7.049999840091914e-05,70.49999840091914
x,7.019999611657113e-05,70.19999611657113
x,7.000000914558768e-05,70.00000914558768
x,7.080000068526715e-05,70.80000068526715
x,7.100000220816582e-05,71.00000220816582
x,7.019999611657113e-05,70.19999611657113
x,7.049999840091914e-05,70.49999840091914
x,7.03000114299357e-05,70.3000114299357
x,6.940000457689166e-05,69.40000457689166
x,6.95999915478751e-05,69.5999915478751
x,6.95999915478751e-05,69.5999915478751
x,6.960000609979033e-05,69.60000609979033
x,7.019999611657113e-05,70.19999611657113
x,7.019999611657113e-05,70.19999611657113
x,7.019999611657113e-05,70.19999611657113
x,7.019999611657113e-05,70.19999611657113
x,7.729999197181314e-05,77.29999197181314
x,7.239999831654131e-05,72.39999831654131
x,7.029999687802047e-05,70.29999687802047
x,7.079998613335192e-05,70.79998613335192
x,7.009999535512179e-05,70.09999535512179
x,6.970000686123967e-05,69.70000686123967
x,6.970000686123967e-05,69.70000686123967
x,6.930000381544232e-05,69.30000381544232
x,6.969999230932444e-05,69.69999230932444
x,6.970000686123967e-05,69.70000686123967
x,6.850001227576286e-05,68.50001227576286
x,6.920000305399299e-05,69.20000305399299
x,6.999999459367245e-05,69.99999459367245
x,7.009999535512179e-05,70.09999535512179
x,7.019999611657113e-05,70.19999611657113
x,7.009999535512179e-05,70.09999535512179
x,6.970000686123967e-05,69.70000686123967
x,6.95999915478751e-05,69.5999915478751
x,7.03999976394698e-05,70.3999976394698
x,6.939999002497643e-05,69.39999002497643
x,6.890000076964498e-05,68.90000076964498
x,6.939999002497643e-05,69.39999002497643
x,6.979999307077378e-05,69.79999307077378
x,6.979999307077378e-05,69.79999307077378
x,6.999999459367245e-05,69.99999459367245
x,6.979999307077378e-05,69.79999307077378
x,7.999999797903001e-05,79.99999797903001
x,6.979999307077378e-05,69.79999307077378
x,6.880000000819564e-05,68.80000000819564
x,7.819999882485718e-05,78.19999882485718
x,7.06000137142837e-05,70.6000137142837
x,6.990000838413835e-05,69.90000838413835
x,7.03999976394698e-05,70.3999976394698
x,7.03999976394698e-05,70.3999976394698
x,7.019999611657113e-05,70.19999611657113
x,6.989999383222312e-05,69.89999383222312
x,7.439999899361283e-05,74.39999899361283
x,6.989999383222312e-05,69.89999383222312
x,6.949999078642577e-05,69.49999078642577
x,9.980000322684646e-05,99.80000322684646
x,0.00011249999806750566,112.49999806750566
x,8.169999637175351e-05,81.69999637175351
x,8.47000046633184e-05,84.7000046633184
x,7.300000288523734e-05,73.00000288523734
x,7.129998994059861e-05,71.2999899405986
x,7.069999992381781e-05,70.69999992381781
x,6.999999459367245e-05,69.99999459367245
x,7.059999916236848e-05,70.59999916236848
x,7.010000990703702e-05,70.10000990703702
x,6.9500005338341e-05,69.500005338341
x,6.949999078642577e-05,69.49999078642577
x,6.969999230932444e-05,69.69999230932444
x,6.970000686123967e-05,69.70000686123967
x,7.049999840091914e-05,70.49999840091914
x,7.090000144671649e-05,70.90000144671649
x,9.450000652577728e-05,94.50000652577728
x,7.440001354552805e-05,74.40001354552805
x,7.12000037310645e-05,71.2000037310645
x,7.040001219138503e-05,70.40001219138503
x,7.03999976394698e-05,70.3999976394698
x,6.999999459367245e-05,69.99999459367245
x,6.979999307077378e-05,69.79999307077378
x,7.009999535512179e-05,70.09999535512179
x,7.029999687802047e-05,70.29999687802047
x,7.059999916236848e-05,70.59999916236848
x,7.03999976394698e-05,70.3999976394698
x,7.010000990703702e-05,70.10000990703702
x,7.03999976394698e-05,70.3999976394698
x,7.019999611657113e-05,70.19999611657113
x,6.999999459367245e-05,69.99999459367245
x,6.979999307077378e-05,69.79999307077378
x,7.029999687802047e-05,70.29999687802047
x,6.969999230932444e-05,69.69999230932444
x,6.940000457689166e-05,69.40000457689166
x,6.970000686123967e-05,69.70000686123967
x,6.969999230932444e-05,69.69999230932444
x,6.880000000819564e-05,68.80000000819564
x,6.960000609979033e-05,69.60000609979033
x,7.049999840091914e-05,70.49999840091914
x,7.000000914558768e-05,70.00000914558768
x,7.020001066848636e-05,70.20001066848636
x,7.049999840091914e-05,70.49999840091914
x,6.969999230932444e-05,69.69999230932444
x,8.040000102482736e-05,80.40000102482736
x,7.249999907799065e-05,72.49999907799065
x,7.059999916236848e-05,70.59999916236848
x,7.029999687802047e-05,70.29999687802047
x,7.009999535512179e-05,70.09999535512179
x,6.979999307077378e-05,69.79999307077378
x,7.009999535512179e-05,70.09999535512179
x,7.049999840091914e-05,70.49999840091914
x,6.999999459367245e-05,69.99999459367245
x,6.95999915478751e-05,69.5999915478751
x,6.979999307077378e-05,69.79999307077378
x,7.009999535512179e-05,70.09999535512179
x,6.999999459367245e-05,69.99999459367245
x,7.029999687802047e-05,70.29999687802047
x,6.910000229254365e-05,69.10000229254365
x,6.9500005338341e-05,69.500005338341
x,7.03999976394698e-05,70.3999976394698
x,6.960000609979033e-05,69.60000609979033
x,7.090000144671649e-05,70.90000144671649
x,7.03999976394698e-05,70.3999976394698
x,6.980000762268901e-05,69.80000762268901
x,6.9500005338341e-05,69.500005338341
x,7.019999611657113e-05,70.19999611657113
x,6.969999230932444e-05,69.69999230932444
x,7.009999535512179e-05,70.09999535512179
x,7.729999197181314e-05,77.29999197181314
x,6.989999383222312e-05,69.89999383222312
x,6.900000153109431e-05,69.00000153109431
x,7.609999738633633e-05,76.09999738633633
x,7.110000296961516e-05,71.10000296961516
x,6.989999383222312e-05,69.89999383222312
x,7.12000037310645e-05,71.2000037310645
x,7.170000753831118e-05,71.70000753831118
x,7.049999840091914e-05,70.49999840091914
x,7.049999840091914e-05,70.49999840091914
x,7.019999611657113e-05,70.19999611657113
x,7.900000491645187e-05,79.00000491645187
x,6.970000686123967e-05,69.70000686123967
x,6.980000762268901e-05,69.80000762268901
x,7.600001117680222e-05,76.00001117680222
x,6.990000838413835e-05,69.90000838413835
x,6.940000457689166e-05,69.40000457689166
x,6.86999992467463e-05,68.6999992467463
x,6.9500005338341e-05,69.500005338341
x,6.849999772384763e-05,68.49999772384763
x,6.899998697917908e-05,68.99998697917908
x,6.9500005338341e-05,69.500005338341
x,7.40000104997307e-05,74.0000104997307
x,0.00013279999257065356,132.79999257065356
x,0.00015639999764971435,156.39999764971435
x,8.510000770911574e-05,85.10000770911574
x,7.40000104997307e-05,74.0000104997307
x,7.2900002123788e-05,72.900002123788
x,7.20999960321933e-05,72.0999960321933
x,8.240000170189887e-05,82.40000170189887
x,7.199999527074397e-05,71.99999527074397
x,7.069999992381781e-05,70.69999992381781
x,7.090000144671649e-05,70.90000144671649
x,7.130000449251384e-05,71.30000449251384
x,7.080000068526715e-05,70.80000068526715
x,7.019999611657113e-05,70.19999611657113
x,6.989999383222312e-05,69.89999383222312
x,7.129998994059861e-05,71.2999899405986
x,9.809999028220773e-05,98.09999028220773
x,7.2900002123788e-05,72.900002123788
x,7.049999840091914e-05,70.49999840091914
x,7.059999916236848e-05,70.59999916236848
x,7.059999916236848e-05,70.59999916236848
x,6.9500005338341e-05,69.500005338341
x,6.989999383222312e-05,69.89999383222312
x,6.979999307077378e-05,69.79999307077378
x,6.949999078642577e-05,69.49999078642577
x,6.960000609979033e-05,69.60000609979033
x,7.000000914558768e-05,70.00000914558768
x,6.989999383222312e-05,69.89999383222312
x,6.9500005338341e-05,69.500005338341
x,6.940000457689166e-05,69.40000457689166
x,6.909998774062842e-05,69.09998774062842
x,6.9500005338341e-05,69.500005338341
x,6.990000838413835e-05,69.90000838413835
x,6.990000838413835e-05,69.90000838413835
x,7.790001109242439e-05,77.90001109242439
x,7.280000136233866e-05,72.80000136233866
x,6.999999459367245e-05,69.99999459367245
x,7.03999976394698e-05,70.3999976394698
x,6.989999383222312e-05,69.89999383222312
x,6.989999383222312e-05,69.89999383222312
x,6.95999915478751e-05,69.5999915478751
x,6.979999307077378e-05,69.79999307077378
x,6.9500005338341e-05,69.500005338341
x,7.000000914558768e-05,70.00000914558768
x,7.080000068526715e-05,70.80000068526715
x,7.149999146349728e-05,71.49999146349728
x,7.090000144671649e-05,70.90000144671649
x,7.069999992381781e-05,70.69999992381781
x,7.080000068526715e-05,70.80000068526715
x,6.999999459367245e-05,69.99999459367245
x,6.999999459367245e-05,69.99999459367245
x,6.989999383222312e-05,69.89999383222312
x,6.949999078642577e-05,69.49999078642577
x,6.979999307077378e-05,69.79999307077378
x,6.9500005338341e-05,69.500005338341
x,7.029999687802047e-05,70.29999687802047
x,7.059999916236848e-05,70.59999916236848
x,7.029999687802047e-05,70.29999687802047
x,7.010000990703702e-05,70.10000990703702
x,7.000000914558768e-05,70.00000914558768
x,7.080000068526715e-05,70.80000068526715
x,7.03999976394698e-05,70.3999976394698
x,7.100000220816582e-05,71.00000220816582
x,7.950000872369856e-05,79.50000872369856
x,7.000000914558768e-05,70.00000914558768
x,6.9500005338341e-05,69.500005338341
x,6.949999078642577e-05,69.49999078642577
x,6.979999307077378e-05,69.79999307077378
x,7.009999535512179e-05,70.09999535512179
x,6.969999230932444e-05,69.69999230932444
x,6.930000381544232e-05,69.30000381544232
x,7.029999687802047e-05,70.29999687802047
x,6.960000609979033e-05,69.60000609979033
x,6.980000762268901e-05,69.80000762268901
x,6.990000838413835e-05,69.90000838413835
x,6.899998697917908e-05,68.99998697917908
x,6.940000457689166e-05,69.40000457689166
x,6.910000229254365e-05,69.10000229254365
x,6.900000153109431e-05,69.00000153109431
x,6.920000305399299e-05,69.20000305399299
x,6.939999002497643e-05,69.39999002497643
x,7.6299998909235e-05,76.299998909235
x,6.989999383222312e-05,69.89999383222312
x,6.969999230932444e-05,69.69999230932444
x,6.920000305399299e-05,69.20000305399299
x,7.020001066848636e-05,70.20001066848636
x,6.980000762268901e-05,69.80000762268901
x,6.980000762268901e-05,69.80000762268901
x,6.95999915478751e-05,69.5999915478751
x,7.009999535512179e-05,70.09999535512179
x,6.95999915478751e-05,69.5999915478751
x,7.779999577905983e-05,77.79999577905983
x,7.03999976394698e-05,70.3999976394698
x,6.859999848529696e-05,68.59999848529696
x,6.86999992467463e-05,68.6999992467463
x,6.930000381544232e-05,69.30000381544232
x,6.980000762268901e-05,69.80000762268901
x,6.939999002497643e-05,69.39999002497643
x,7.579999510198832e-05,75.79999510198832
x,7.03999976394698e-05,70.3999976394698
x,6.939999002497643e-05,69.39999002497643
x,6.9500005338341e-05,69.500005338341
x,6.86999992467463e-05,68.6999992467463
x,6.890000076964498e-05,68.90000076964498
x,6.990000838413835e-05,69.90000838413835
x,6.910000229254365e-05,69.10000229254365
x,6.910000229254365e-05,69.10000229254365
x,6.900000153109431e-05,69.00000153109431
x,6.95999915478751e-05,69.5999915478751
x,6.970000686123967e-05,69.70000686123967
x,7.080000068526715e-05,70.80000068526715
x,7.019999611657113e-05,70.19999611657113
x,6.92999892635271e-05,69.2999892635271
x,6.980000762268901e-05,69.80000762268901
x,6.9500005338341e-05,69.500005338341
x,7.37000082153827e-05,73.7000082153827
x,6.960000609979033e-05,69.60000609979033
x,6.939999002497643e-05,69.39999002497643
x,6.960000609979033e-05,69.60000609979033
x,7.999999797903001e-05,79.99999797903001
x,7.149999146349728e-05,71.49999146349728
x,7.049999840091914e-05,70.49999840091914
x,0.00014699999883305281,146.9999988330528
x,0.00022039999021217227,220.39999021217227
x,0.00016260000120382756,162.60000120382756
x,0.00014800000644754618,148.00000644754618
x,0.00014570000348612666,145.70000348612666
x,0.00014400000509340316,144.00000509340316
x,0.00014009998994879425,140.09998994879425
x,0.00014139999984763563,141.39999984763563
x,0.00011629999789875001,116.29999789875001
x,7.189999450929463e-05,71.89999450929463
x,7.109998841769993e-05,71.09998841769993
x,7.019999611657113e-05,70.19999611657113
x,7.029999687802047e-05,70.29999687802047
x,6.939999002497643e-05,69.39999002497643
x,0.0001336999994236976,133.6999994236976
x,9.010000212583691e-05,90.10000212583691
x,7.690000347793102e-05,76.90000347793102
x,7.429999823216349e-05,74.29999823216349
x,7.20000098226592e-05,72.0000098226592
x,7.190000906120986e-05,71.90000906120986
x,8.179999713320285e-05,81.79999713320285
x,7.12000037310645e-05,71.2000037310645
x,7.130000449251384e-05,71.30000449251384
x,7.179999374784529e-05,71.79999374784529
x,7.059999916236848e-05,70.59999916236848
x,6.960000609979033e-05,69.60000609979033
x,6.970000686123967e-05,69.70000686123967
x,6.92999892635271e-05,69.2999892635271
x,6.989999383222312e-05,69.89999383222312
x,6.960000609979033e-05,69.60000609979033
x,7.000000914558768e-05,70.00000914558768
x,6.900000153109431e-05,69.00000153109431
x,6.900000153109431e-05,69.00000153109431
x,6.930000381544232e-05,69.30000381544232
x,6.849999772384763e-05,68.49999772384763
x,6.840001151431352e-05,68.40001151431352
x,6.859999848529696e-05,68.59999848529696
x,6.760000542271882e-05,67.60000542271882
x,6.790000770706683e-05,67.90000770706683
x,6.820000999141484e-05,68.20000999141484
x,6.78000069456175e-05,67.8000069456175
x,6.910000229254365e-05,69.10000229254365
x,7.019999611657113e-05,70.19999611657113
x,6.9500005338341e-05,69.500005338341
x,6.880000000819564e-05,68.80000000819564
x,6.86999992467463e-05,68.6999992467463
x,6.919998850207776e-05,69.19998850207776
x,6.86999992467463e-05,68.6999992467463
x,6.900000153109431e-05,69.00000153109431
x,7.740000728517771e-05,77.40000728517771
x,6.850001227576286e-05,68.50001227576286
x,6.890000076964498e-05,68.90000076964498
x,6.809999467805028e-05,68.09999467805028
x,6.859999848529696e-05,68.59999848529696
x,6.890000076964498e-05,68.90000076964498
x,6.900000153109431e-05,69.00000153109431
x,6.86999992467463e-05,68.6999992467463
x,6.880000000819564e-05,68.80000000819564
x,6.920000305399299e-05,69.20000305399299
x,6.859999848529696e-05,68.59999848529696
x,6.920000305399299e-05,69.20000305399299
x,7.639999967068434e-05,76.39999967068434
x,6.840001151431352e-05,68.40001151431352
x,6.890000076964498e-05,68.90000076964498
x,6.910000229254365e-05,69.10000229254365
x,6.840001151431352e-05,68.40001151431352
x,6.900000153109431e-05,69.00000153109431
x,6.819999543949962e-05,68.19999543949962
x,6.819999543949962e-05,68.19999543949962
x,6.809999467805028e-05,68.09999467805028
x,6.839999696239829e-05,68.39999696239829
x,6.949999078642577e-05,69.49999078642577
x,6.930000381544232e-05,69.30000381544232
x,6.910000229254365e-05,69.10000229254365
x,6.86999992467463e-05,68.6999992467463
x,6.9500005338341e-05,69.500005338341
x,6.86999992467463e-05,68.6999992467463
x,7.740000728517771e-05,77.40000728517771
x,7.049999840091914e-05,70.49999840091914
x,6.880000000819564e-05,68.80000000819564
x,6.939999002497643e-05,69.39999002497643
x,6.980000762268901e-05,69.80000762268901
x,6.86999992467463e-05,68.6999992467463
x,6.989999383222312e-05,69.89999383222312
x,7.03999976394698e-05,70.3999976394698
x,6.969999230932444e-05,69.69999230932444
x,6.900000153109431e-05,69.00000153109431
x,6.970000686123967e-05,69.70000686123967
x,6.899998697917908e-05,68.99998697917908
x,7.860000187065452e-05,78.60000187065452
x,7.359999290201813e-05,73.59999290201813
x,7.029999687802047e-05,70.29999687802047
x,6.930000381544232e-05,69.30000381544232
x,6.969999230932444e-05,69.69999230932444
x,6.920000305399299e-05,69.20000305399299
x,6.890000076964498e-05,68.90000076964498
x,6.999999459367245e-05,69.99999459367245
x,6.930000381544232e-05,69.30000381544232
x,6.960000609979033e-05,69.60000609979033
x,6.880000000819564e-05,68.80000000819564
x,6.880000000819564e-05,68.80000000819564
x,6.880000000819564e-05,68.80000000819564
x,6.880000000819564e-05,68.80000000819564
x,6.880000000819564e-05,68.80000000819564
x,6.849999772384763e-05,68.49999772384763
x,6.859999848529696e-05,68.59999848529696
x,7.779999577905983e-05,77.79999577905983
x,6.970000686123967e-05,69.70000686123967
x,6.939999002497643e-05,69.39999002497643
x,6.849999772384763e-05,68.49999772384763
x,6.880000000819564e-05,68.80000000819564
x,6.880000000819564e-05,68.80000000819564
x,6.859999848529696e-05,68.59999848529696
x,6.829999620094895e-05,68.29999620094895
x,6.819999543949962e-05,68.19999543949962
x,7.109998841769993e-05,71.09998841769993
x,7.369999366346747e-05,73.69999366346747
x,7.080000068526715e-05,70.80000068526715
x,6.95999915478751e-05,69.5999915478751
x,7.069999992381781e-05,70.69999992381781
x,6.909998774062842e-05,69.09998774062842
x,6.910000229254365e-05,69.10000229254365
x,6.839999696239829e-05,68.39999696239829
x,6.86999992467463e-05,68.6999992467463
x,6.880000000819564e-05,68.80000000819564
x,6.859999848529696e-05,68.59999848529696
x,6.86999992467463e-05,68.6999992467463
x,6.829999620094895e-05,68.29999620094895
x,6.890000076964498e-05,68.90000076964498
x,6.900000153109431e-05,69.00000153109431
x,6.760000542271882e-05,67.60000542271882
x,6.800000846851617e-05,68.00000846851617
x,6.850001227576286e-05,68.50001227576286
x,6.810000922996551e-05,68.10000922996551
x,7.550000736955553e-05,75.50000736955553
x,6.920000305399299e-05,69.20000305399299
x,6.920000305399299e-05,69.20000305399299
x,6.849999772384763e-05,68.49999772384763
x,6.900000153109431e-05,69.00000153109431
x,6.839999696239829e-05,68.39999696239829
x,6.880000000819564e-05,68.80000000819564
x,6.809999467805028e-05,68.09999467805028
x,6.839999696239829e-05,68.39999696239829
x,6.859999848529696e-05,68.59999848529696
x,6.920000305399299e-05,69.20000305399299
x,6.859999848529696e-05,68.59999848529696
x,6.859999848529696e-05,68.59999848529696
x,6.819999543949962e-05,68.19999543949962
x,6.799999391660094e-05,67.99999391660094
x,0.0001176999940071255,117.6999940071255
x,8.490000618621707e-05,84.90000618621707
x,8.159999561030418e-05,81.59999561030418
x,7.2900002123788e-05,72.900002123788
x,7.219999679364264e-05,72.19999679364264
x,7.299998833332211e-05,72.99998833332211
x,7.160000677686185e-05,71.60000677686185
x,7.150000601541251e-05,71.50000601541251
x,6.980000762268901e-05,69.80000762268901
x,6.92999892635271e-05,69.2999892635271
x,6.910000229254365e-05,69.10000229254365
x,6.949999078642577e-05,69.49999078642577
x,7.840000034775585e-05,78.40000034775585
x,7.110000296961516e-05,71.10000296961516
x,6.839999696239829e-05,68.39999696239829
x,6.909998774062842e-05,69.09998774062842
x,6.890000076964498e-05,68.90000076964498
x,6.849999772384763e-05,68.49999772384763
x,6.880000000819564e-05,68.80000000819564
x,6.920000305399299e-05,69.20000305399299
x,6.939999002497643e-05,69.39999002497643
x,6.969999230932444e-05,69.69999230932444
x,6.989999383222312e-05,69.89999383222312
x,6.940000457689166e-05,69.40000457689166
x,6.910000229254365e-05,69.10000229254365
x,6.849999772384763e-05,68.49999772384763
x,6.920000305399299e-05,69.20000305399299
x,6.829999620094895e-05,68.29999620094895
x,6.86999992467463e-05,68.6999992467463
x,6.859999848529696e-05,68.59999848529696
x,6.86999992467463e-05,68.6999992467463
x,6.86999992467463e-05,68.6999992467463
x,6.910000229254365e-05,69.10000229254365
x,6.860001303721219e-05,68.6000130372122
x,7.029999687802047e-05,70.29999687802047
x,6.920000305399299e-05,69.20000305399299
x,6.979999307077378e-05,69.79999307077378
x,6.949999078642577e-05,69.49999078642577
x,6.890000076964498e-05,68.90000076964498
x,6.86999992467463e-05,68.6999992467463
x,6.980000762268901e-05,69.80000762268901
x,7.930000720079988e-05,79.30000720079988
x,7.059999916236848e-05,70.59999916236848
x,7.009999535512179e-05,70.09999535512179
x,6.86999992467463e-05,68.6999992467463
x,6.890000076964498e-05,68.90000076964498
x,0.00023650001094210893,236.50001094210893
x,0.0001078000059351325,107.8000059351325
x,8.820000221021473e-05,88.20000221021473
x,7.6299998909235e-05,76.299998909235
x,7.300000288523734e-05,73.00000288523734
x,8.280000474769622e-05,82.80000474769622
x,7.350000669248402e-05,73.50000669248402
x,7.100000220816582e-05,71.00000220816582
x,7.100000220816582e-05,71.00000220816582
x,7.049999840091914e-05,70.49999840091914
x,7.03999976394698e-05,70.3999976394698
x,6.880000000819564e-05,68.80000000819564
x,8.270000398624688e-05,82.70000398624688
x,7.609999738633633e-05,76.09999738633633
x,7.250001362990588e-05,72.50001362990588
x,7.080000068526715e-05,70.80000068526715
x,7.029999687802047e-05,70.29999687802047
x,7.03000114299357e-05,70.3000114299357
x,7.03000114299357e-05,70.3000114299357
x,7.080000068526715e-05,70.80000068526715
x,6.95999915478751e-05,69.5999915478751
x,7.059999916236848e-05,70.59999916236848
x,6.92999892635271e-05,69.2999892635271
x,6.930000381544232e-05,69.30000381544232
x,6.920000305399299e-05,69.20000305399299
x,6.919998850207776e-05,69.19998850207776
x,6.819999543949962e-05,68.19999543949962
x,6.839999696239829e-05,68.39999696239829
x,6.78999931551516e-05,67.8999931551516
x,6.829999620094895e-05,68.29999620094895
x,6.880000000819564e-05,68.80000000819564
x,6.769999163225293e-05,67.69999163225293
x,6.769999163225293e-05,67.69999163225293
x,7.6299998909235e-05,76.299998909235
x,6.969999230932444e-05,69.69999230932444
x,6.859999848529696e-05,68.59999848529696
x,6.839999696239829e-05,68.39999696239829
x,6.810000922996551e-05,68.10000922996551
x,6.810000922996551e-05,68.10000922996551
x,6.820000999141484e-05,68.20000999141484
x,6.840001151431352e-05,68.40001151431352
x,6.910000229254365e-05,69.10000229254365
x,6.849999772384763e-05,68.49999772384763
x,6.840001151431352e-05,68.40001151431352
x,6.839999696239829e-05,68.39999696239829
x,6.839999696239829e-05,68.39999696239829
x,6.849999772384763e-05,68.49999772384763
x,6.859999848529696e-05,68.59999848529696
x,6.880000000819564e-05,68.80000000819564
x,6.86999992467463e-05,68.6999992467463
x,6.819999543949962e-05,68.19999543949962
x,6.900000153109431e-05,69.00000153109431
x,6.820000999141484e-05,68.20000999141484
x,6.829999620094895e-05,68.29999620094895
x,6.839999696239829e-05,68.39999696239829
x,6.809999467805028e-05,68.09999467805028
x,6.839999696239829e-05,68.39999696239829
x,6.939999002497643e-05,69.39999002497643
x,7.340000593103468e-05,73.40000593103468
x,6.920000305399299e-05,69.20000305399299
x,6.839999696239829e-05,68.39999696239829
x,6.899998697917908e-05,68.99998697917908
x,7.989999721758068e-05,79.89999721758068
x,8.189999789465219e-05,81.89999789465219
x,6.969999230932444e-05,69.69999230932444
x,6.910000229254365e-05,69.10000229254365
x,6.9500005338341e-05,69.500005338341
x,6.900000153109431e-05,69.00000153109431
x,6.880000000819564e-05,68.80000000819564
x,6.910000229254365e-05,69.10000229254365
x,6.839999696239829e-05,68.39999696239829
x,6.849999772384763e-05,68.49999772384763
x,6.910000229254365e-05,69.10000229254365
x,6.86999992467463e-05,68.6999992467463
x,6.86999992467463e-05,68.6999992467463
x,6.92999892635271e-05,69.2999892635271
x,6.920000305399299e-05,69.20000305399299
x,6.960000609979033e-05,69.60000609979033
x,7.109998841769993e-05,71.09998841769993
x,6.880000000819564e-05,68.80000000819564
x,6.880000000819564e-05,68.80000000819564
x,6.910000229254365e-05,69.10000229254365
x,6.880000000819564e-05,68.80000000819564
x,6.880000000819564e-05,68.80000000819564
x,6.940000457689166e-05,69.40000457689166
x,6.890000076964498e-05,68.90000076964498
x,6.960000609979033e-05,69.60000609979033
x,6.920000305399299e-05,69.20000305399299
x,6.900000153109431e-05,69.00000153109431
x,6.910000229254365e-05,69.10000229254365
x,7.829999958630651e-05,78.29999958630651
x,7.170000753831118e-05,71.70000753831118
x,6.990000838413835e-05,69.90000838413835
x,6.990000838413835e-05,69.90000838413835
x,6.949999078642577e-05,69.49999078642577
x,7.2900002123788e-05,72.900002123788
x,6.900000153109431e-05,69.00000153109431
x,6.78999931551516e-05,67.8999931551516
x,7.510000432375818e-05,75.10000432375818
x,6.930000381544232e-05,69.30000381544232
x,6.92999892635271e-05,69.2999892635271
x,6.920000305399299e-05,69.20000305399299
x,6.880000000819564e-05,68.80000000819564
x,6.880000000819564e-05,68.80000000819564
x,6.839999696239829e-05,68.39999696239829
x,6.890000076964498e-05,68.90000076964498
x,6.910000229254365e-05,69.10000229254365
x,6.859999848529696e-05,68.59999848529696
x,6.870001379866153e-05,68.70001379866153
x,6.829999620094895e-05,68.29999620094895
x,8.110000635497272e-05,81.10000635497272
x,7.409999670926481e-05,74.09999670926481
x,7.049999840091914e-05,70.49999840091914
x,7.029999687802047e-05,70.29999687802047
x,7.010000990703702e-05,70.10000990703702
x,7.010000990703702e-05,70.10000990703702
x,6.849999772384763e-05,68.49999772384763
x,6.839999696239829e-05,68.39999696239829
x,7.639999967068434e-05,76.39999967068434
x,7.240001286845654e-05,72.40001286845654
x,6.960000609979033e-05,69.60000609979033
x,6.840001151431352e-05,68.40001151431352
x,6.829999620094895e-05,68.29999620094895
x,6.849999772384763e-05,68.49999772384763
x,6.819999543949962e-05,68.19999543949962
x,6.839999696239829e-05,68.39999696239829
x,6.910000229254365e-05,69.10000229254365
x,6.859999848529696e-05,68.59999848529696
x,6.849999772384763e-05,68.49999772384763
x,6.920000305399299e-05,69.20000305399299
x,6.810000922996551e-05,68.10000922996551
x,6.920000305399299e-05,69.20000305399299
x,6.839999696239829e-05,68.39999696239829
x,6.859999848529696e-05,68.59999848529696
x,6.859999848529696e-05,68.59999848529696
x,6.849999772384763e-05,68.49999772384763
x,6.86999992467463e-05,68.6999992467463
x,6.830001075286418e-05,68.30001075286418
x,6.890000076964498e-05,68.90000076964498
x,6.86999992467463e-05,68.6999992467463
x,6.890000076964498e-05,68.90000076964498
x,6.890000076964498e-05,68.90000076964498
x,6.839999696239829e-05,68.39999696239829
x,6.900000153109431e-05,69.00000153109431
x,6.910000229254365e-05,69.10000229254365
x,6.920000305399299e-05,69.20000305399299
x,7.500000356230885e-05,75.00000356230885
x,7.899999036453664e-05,78.99999036453664
x,6.999999459367245e-05,69.99999459367245
x,6.930000381544232e-05,69.30000381544232
x,6.859999848529696e-05,68.59999848529696
x,6.859999848529696e-05,68.59999848529696
x,6.829999620094895e-05,68.29999620094895
x,6.92999892635271e-05,69.2999892635271
x,6.890000076964498e-05,68.90000076964498
x,6.859999848529696e-05,68.59999848529696
x,6.850001227576286e-05,68.50001227576286
x,6.819999543949962e-05,68.19999543949962
x,7.510000432375818e-05,75.10000432375818
x,6.920000305399299e-05,69.20000305399299
x,6.900000153109431e-05,69.00000153109431
x,6.900000153109431e-05,69.00000153109431
x,6.960000609979033e-05,69.60000609979033
x,7.590001041535288e-05,75.90001041535288
x,6.900000153109431e-05,69.00000153109431
x,7.080000068526715e-05,70.80000068526715
x,6.999999459367245e-05,69.99999459367245
x,6.859999848529696e-05,68.59999848529696
x,6.900000153109431e-05,69.00000153109431
x,6.849999772384763e-05,68.49999772384763
x,6.829999620094895e-05,68.29999620094895
x,6.849999772384763e-05,68.49999772384763
x,6.890000076964498e-05,68.90000076964498
x,7.080000068526715e-05,70.80000068526715
x,7.150000601541251e-05,71.50000601541251
x,6.810000922996551e-05,68.10000922996551
x,8.209999941755086e-05,82.09999941755086
x,7.330000516958535e-05,73.30000516958535
x,6.930000381544232e-05,69.30000381544232
x,6.909998774062842e-05,69.09998774062842
x,6.930000381544232e-05,69.30000381544232
x,6.900000153109431e-05,69.00000153109431
x,6.900000153109431e-05,69.00000153109431
x,6.940000457689166e-05,69.40000457689166
x,6.880000000819564e-05,68.80000000819564
x,6.930000381544232e-05,69.30000381544232
x,6.910000229254365e-05,69.10000229254365
x,6.840001151431352e-05,68.40001151431352
x,6.839999696239829e-05,68.39999696239829
x,6.979999307077378e-05,69.79999307077378
x,7.069999992381781e-05,70.69999992381781
x,7.100000220816582e-05,71.00000220816582
x,7.090000144671649e-05,70.90000144671649
x,6.92999892635271e-05,69.2999892635271
x,6.960000609979033e-05,69.60000609979033
x,6.940000457689166e-05,69.40000457689166
x,6.890000076964498e-05,68.90000076964498
x,6.890000076964498e-05,68.90000076964498
x,6.95999915478751e-05,69.5999915478751
x,6.940000457689166e-05,69.40000457689166
x,6.9500005338341e-05,69.500005338341
x,6.939999002497643e-05,69.39999002497643
x,6.890000076964498e-05,68.90000076964498
x,6.86999992467463e-05,68.6999992467463
x,8.060000254772604e-05,80.60000254772604
x,6.999999459367245e-05,69.99999459367245
x,6.930000381544232e-05,69.30000381544232
x,6.989999383222312e-05,69.89999383222312
x,6.930000381544232e-05,69.30000381544232
x,6.940000457689166e-05,69.40000457689166
x,6.989999383222312e-05,69.89999383222312
x,6.910000229254365e-05,69.10000229254365
x,6.890000076964498e-05,68.90000076964498
x,6.900000153109431e-05,69.00000153109431
x,7.03000114299357e-05,70.3000114299357
x,7.019999611657113e-05,70.19999611657113
x,6.920000305399299e-05,69.20000305399299
x,0.00018689999706111848,186.89999706111848
x,9.649999265093356e-05,96.49999265093356
x,7.769999501761049e-05,77.69999501761049
x,7.23000121070072e-05,72.3000121070072
x,7.300000288523734e-05,73.00000288523734
x,7.20999960321933e-05,72.0999960321933
x,7.190000906120986e-05,71.90000906120986
x,7.069999992381781e-05,70.69999992381781
x,7.03999976394698e-05,70.3999976394698
x,7.069999992381781e-05,70.69999992381781
x,6.979999307077378e-05,69.79999307077378
x,6.940000457689166e-05,69.40000457689166
x,6.930000381544232e-05,69.30000381544232
x,6.899998697917908e-05,68.99998697917908
x,8.64000030560419e-05,86.4000030560419
x,7.12000037310645e-05,71.2000037310645
x,6.999999459367245e-05,69.99999459367245
x,6.999999459367245e-05,69.99999459367245
x,6.909998774062842e-05,69.09998774062842
x,6.960000609979033e-05,69.60000609979033
x,6.910000229254365e-05,69.10000229254365
x,6.95999915478751e-05,69.5999915478751
x,8.520000847056508e-05,85.20000847056508
x,7.110000296961516e-05,71.10000296961516
x,7.029999687802047e-05,70.29999687802047
x,7.069999992381781e-05,70.69999992381781
x,6.999999459367245e-05,69.99999459367245
x,6.969999230932444e-05,69.69999230932444
x,7.979999645613134e-05,79.79999645613134
x,7.029999687802047e-05,70.29999687802047
x,6.920000305399299e-05,69.20000305399299
x,6.930000381544232e-05,69.30000381544232
x,7.009999535512179e-05,70.09999535512179
x,6.92999892635271e-05,69.2999892635271
x,6.900000153109431e-05,69.00000153109431
x,6.970000686123967e-05,69.70000686123967
y,9.929999941959977e-05,99.29999941959977
y,8.169999637175351e-05,81.69999637175351
y,8.269998943433166e-05,82.69998943433166
y,8.939999679569155e-05,89.39999679569155
y,7.6299998909235e-05,76.299998909235
y,7.280000136233866e-05,72.80000136233866
y,7.189999450929463e-05,71.89999450929463
y,7.289998757187277e-05,72.89998757187277
y,7.199999527074397e-05,71.99999527074397
y,7.140000525396317e-05,71.40000525396317
y,7.210001058410853e-05,72.10001058410853
y,7.20000098226592e-05,72.0000098226592
y,7.110000296961516e-05,71.10000296961516
y,7.029999687802047e-05,70.29999687802047
y,7.080000068526715e-05,70.80000068526715
y,7.100000220816582e-05,71.00000220816582
y,7.059999916236848e-05,70.59999916236848
y,7.189999450929463e-05,71.89999450929463
y,7.130000449251384e-05,71.30000449251384
y,7.12000037310645e-05,71.2000037310645
y,7.069999992381781e-05,70.69999992381781
y,7.019999611657113e-05,70.19999611657113
y,7.059999916236848e-05,70.59999916236848
y,7.139999070204794e-05,71.39999070204794
y,7.019999611657113e-05,70.19999611657113
y,7.090000144671649e-05,70.90000144671649
y,7.110000296961516e-05,71.10000296961516
y,7.090000144671649e-05,70.90000144671649
y,7.110000296961516e-05,71.10000296961516
y,7.03999976394698e-05,70.3999976394698
y,6.990000838413835e-05,69.90000838413835
y,8.150000940077007e-05,81.50000940077007
y,7.20000098226592e-05,72.0000098226592
y,7.470000127796084e-05,74.70000127796084
y,7.259999983943999e-05,72.59999983943999
y,7.080000068526715e-05,70.80000068526715
y,7.019999611657113e-05,70.19999611657113
y,7.029999687802047e-05,70.29999687802047
y,7.129998994059861e-05,71.2999899405986
y,7.100000220816582e-05,71.00000220816582
y,7.110000296961516e-05,71.10000296961516
y,7.340000593103468e-05,73.40000593103468
y,7.170000753831118e-05,71.70000753831118
y,7.080000068526715e-05,70.80000068526715
y,7.049999840091914e-05,70.49999840091914
y,7.049999840091914e-05,70.49999840091914
y,7.090000144671649e-05,70.90000144671649
y,7.059999916236848e-05,70.59999916236848
y,7.03999976394698e-05,70.3999976394698
y,7.010000990703702e-05,70.10000990703702
y,7.010000990703702e-05,70.10000990703702
y,7.110000296961516e-05,71.10000296961516
y,7.019999611657113e-05,70.19999611657113
y,7.059999916236848e-05,70.59999916236848
y,7.03000114299357e-05,70.3000114299357
y,7.080000068526715e-05,70.80000068526715
y,7.059999916236848e-05,70.59999916236848
y,7.020001066848636e-05,70.20001066848636
y,7.020001066848636e-05,70.20001066848636
y,9.020000288728625e-05,90.20000288728625
y,7.270000060088933e-05,72.70000060088933
y,7.12000037310645e-05,71.2000037310645
y,7.259999983943999e-05,72.59999983943999
y,7.229999755509198e-05,72.29999755509198
y,7.900000491645187e-05,79.00000491645187
y,7.080000068526715e-05,70.80000068526715
y,7.049999840091914e-05,70.49999840091914
y,7.069999992381781e-05,70.69999992381781
y,7.090000144671649e-05,70.90000144671649
y,7.019999611657113e-05,70.19999611657113
y,7.100000220816582e-05,71.00000220816582
y,7.090000144671649e-05,70.90000144671649
y,7.080000068526715e-05,70.80000068526715
y,7.029999687802047e-05,70.29999687802047
y,7.080000068526715e-05,70.80000068526715
y,7.159999222494662e-05,71.59999222494662
y,7.049999840091914e-05,70.49999840091914
y,7.12000037310645e-05,71.2000037310645
y,7.069999992381781e-05,70.69999992381781
y,7.110000296961516e-05,71.10000296961516
y,7.059999916236848e-05,70.59999916236848
y,7.080000068526715e-05,70.80000068526715
y,7.090000144671649e-05,70.90000144671649
y,7.54999928176403e-05,75.4999928176403
y,8.159999561030418e-05,81.59999561030418
y,7.059999916236848e-05,70.59999916236848
y,7.900000491645187e-05,79.00000491645187
y,7.240001286845654e-05,72.40001286845654
y,7.520000508520752e-05,75.20000508520752
y,7.069999992381781e-05,70.69999992381781
y,7.080000068526715e-05,70.80000068526715
y,7.729999197181314e-05,77.29999197181314
y,7.090000144671649e-05,70.90000144671649
y,7.069999992381781e-05,70.69999992381781
y,7.090000144671649e-05,70.90000144671649
y,7.09999876562506e-05,70.9999876562506
y,7.090000144671649e-05,70.90000144671649
y,7.069999992381781e-05,70.69999992381781
y,7.029999687802047e-05,70.29999687802047
y,7.130000449251384e-05,71.30000449251384
y,7.100000220816582e-05,71.00000220816582
y,7.110000296961516e-05,71.10000296961516
y,7.419999747071415e-05,74.19999747071415
y,7.40000104997307e-05,74.0000104997307
y,0.0001233000075444579,123.30000754445791
y,9.030000364873558e-05,90.30000364873558
y,7.730000652372837e-05,77.30000652372837
y,7.46000005165115e-05,74.6000005165115
y,7.219999679364264e-05,72.19999679364264
y,7.139999070204794e-05,71.39999070204794
y,7.059999916236848e-05,70.59999916236848
y,7.179999374784529e-05,71.79999374784529
y,7.069999992381781e-05,70.69999992381781
y,8.480000542476773e-05,84.80000542476773
y,7.219999679364264e-05,72.19999679364264
y,7.110000296961516e-05,71.10000296961516
y,7.069999992381781e-05,70.69999992381781
y,7.010000990703702e-05,70.10000990703702
y,6.980000762268901e-05,69.80000762268901
y,7.03999976394698e-05,70.3999976394698
y,7.019999611657113e-05,70.19999611657113
y,6.940000457689166e-05,69.40000457689166
y,6.900000153109431e-05,69.00000153109431
y,6.930000381544232e-05,69.30000381544232
y,6.900000153109431e-05,69.00000153109431
y,6.95999915478751e-05,69.5999915478751
y,6.920000305399299e-05,69.20000305399299
y,7.040001219138503e-05,70.40001219138503
y,6.910000229254365e-05,69.10000229254365
y,6.92999892635271e-05,69.2999892635271
y,6.930000381544232e-05,69.30000381544232
y,6.980000762268901e-05,69.80000762268901
y,6.86999992467463e-05,68.6999992467463
y,6.910000229254365e-05,69.10000229254365
y,6.900000153109431e-05,69.00000153109431
y,6.9500005338341e-05,69.500005338341
y,6.969999230932444e-05,69.69999230932444
y,6.949999078642577e-05,69.49999078642577
y,6.940000457689166e-05,69.40000457689166
y,7.000000914558768e-05,70.00000914558768
y,6.960000609979033e-05,69.60000609979033
y,7.779999577905983e-05,77.79999577905983
y,7.100000220816582e-05,71.00000220816582
y,7.019999611657113e-05,70.19999611657113
y,6.95999915478751e-05,69.5999915478751
y,6.940000457689166e-05,69.40000457689166
y,8.019999950192869e-05,80.19999950192869
y,7.009999535512179e-05,70.09999535512179
y,7.019999611657113e-05,70.19999611657113
y,7.009999535512179e-05,70.09999535512179
y,7.029999687802047e-05,70.29999687802047
y,7.03000114299357e-05,70.3000114299357
y,7.069999992381781e-05,70.69999992381781
y,7.019999611657113e-05,70.19999611657113
y,6.949999078642577e-05,69.49999078642577
y,7.009999535512179e-05,70.09999535512179
y,6.979999307077378e-05,69.79999307077378
y,6.960000609979033e-05,69.60000609979033
y,7.010000990703702e-05,70.10000990703702
y,6.9500005338341e-05,69.500005338341
y,6.899998697917908e-05,68.99998697917908
y,6.940000457689166e-05,69.40000457689166
y,7.000000914558768e-05,70.00000914558768
y,6.980000762268901e-05,69.80000762268901
y,6.910000229254365e-05,69.10000229254365
y,6.930000381544232e-05,69.30000381544232
y,6.859999848529696e-05,68.59999848529696
y,6.9500005338341e-05,69.500005338341
y,6.900000153109431e-05,69.00000153109431
y,0.00018099999579135329,180.99999579135329
y,8.480000542476773e-05,84.80000542476773
y,7.639999967068434e-05,76.39999967068434
y,7.349999214056879e-05,73.49999214056879
y,7.229999755509198e-05,72.29999755509198
y,7.229999755509198e-05,72.29999755509198
y,7.179999374784529e-05,71.79999374784529
y,7.20999960321933e-05,72.0999960321933
y,7.100000220816582e-05,71.00000220816582
y,7.069999992381781e-05,70.69999992381781
y,7.139999070204794e-05,71.39999070204794
y,7.090000144671649e-05,70.90000144671649
y,7.140000525396317e-05,71.40000525396317
y,8.439998782705516e-05,84.39998782705516
y,7.51999905332923e-05,75.1999905332923
y,7.150000601541251e-05,71.50000601541251
y,7.080000068526715e-05,70.80000068526715
y,6.95999915478751e-05,69.5999915478751
y,7.069999992381781e-05,70.69999992381781
y,7.760000880807638e-05,77.60000880807638
y,6.960000609979033e-05,69.60000609979033
y,7.059999916236848e-05,70.59999916236848
y,7.090000144671649e-05,70.90000144671649
y,7.100000220816582e-05,71.00000220816582
y,6.970000686123967e-05,69.70000686123967
y,6.989999383222312e-05,69.89999383222312
y,8.279999019578099e-05,82.79999019578099
y,7.049999840091914e-05,70.49999840091914
y,6.95999915478751e-05,69.5999915478751
y,6.86999992467463e-05,68.6999992467463
y,6.990000838413835e-05,69.90000838413835
y,6.989999383222312e-05,69.89999383222312
y,6.989999383222312e-05,69.89999383222312
y,6.989999383222312e-05,69.89999383222312
y,6.999999459367245e-05,69.99999459367245
y,6.92999892635271e-05,69.2999892635271
y,7.009999535512179e-05,70.09999535512179
y,6.95999915478751e-05,69.5999915478751
y,6.990000838413835e-05,69.90000838413835
y,7.000000914558768e-05,70.00000914558768
y,6.940000457689166e-05,69.40000457689166
y,7.009999535512179e-05,70.09999535512179
y,6.980000762268901e-05,69.80000762268901
y,6.999999459367245e-05,69.99999459367245
y,6.919998850207776e-05,69.19998850207776
y,6.910000229254365e-05,69.10000229254365
y,6.920000305399299e-05,69.20000305399299
y,6.890000076964498e-05,68.90000076964498
y,6.900000153109431e-05,69.00000153109431
y,6.880000000819564e-05,68.80000000819564
y,6.880000000819564e-05,68.80000000819564
y,6.890000076964498e-05,68.90000076964498
y,6.920000305399299e-05,69.20000305399299
y,6.900000153109431e-05,69.00000153109431
y,7.899999036453664e-05,78.99999036453664
y,7.150000601541251e-05,71.50000601541251
y,7.03999976394698e-05,70.3999976394698
y,7.029999687802047e-05,70.29999687802047
y,7.03999976394698e-05,70.3999976394698
y,7.559999357908964e-05,75.59999357908964
y,6.880000000819564e-05,68.80000000819564
y,6.900000153109431e-05,69.00000153109431
y,6.969999230932444e-05,69.69999230932444
y,6.920000305399299e-05,69.20000305399299
y,7.03000114299357e-05,70.3000114299357
y,7.150000601541251e-05,71.50000601541251
y,7.090000144671649e-05,70.90000144671649
y,7.059999916236848e-05,70.59999916236848
y,6.95999915478751e-05,69.5999915478751
y,6.979999307077378e-05,69.79999307077378
y,7.029999687802047e-05,70.29999687802047
y,7.009999535512179e-05,70.09999535512179
y,7.029999687802047e-05,70.29999687802047
y,6.969999230932444e-05,69.69999230932444
y,7.029999687802047e-05,70.29999687802047
y,7.299998833332211e-05,72.99998833332211
y,7.020001066848636e-05,70.20001066848636
y,6.990000838413835e-05,69.90000838413835
y,7.03999976394698e-05,70.3999976394698
y,6.970000686123967e-05,69.70000686123967
y,7.470000127796084e-05,74.70000127796084
y,6.9500005338341e-05,69.500005338341
y,8.060000254772604e-05,80.60000254772604
y,7.189999450929463e-05,71.89999450929463
y,7.059999916236848e-05,70.59999916236848
y,6.960000609979033e-05,69.60000609979033
y,7.019999611657113e-05,70.19999611657113
y,7.020001066848636e-05,70.20001066848636
y,6.940000457689166e-05,69.40000457689166
y,8.040000102482736e-05,80.40000102482736
y,7.03999976394698e-05,70.3999976394698
y,6.880000000819564e-05,68.80000000819564
y,6.880000000819564e-05,68.80000000819564
y,6.900000153109431e-05,69.00000153109431
y,6.92999892635271e-05,69.2999892635271
y,6.980000762268901e-05,69.80000762268901
y,6.930000381544232e-05,69.30000381544232
y,6.909998774062842e-05,69.09998774062842
y,6.910000229254365e-05,69.10000229254365
y,6.909998774062842e-05,69.09998774062842
y,6.890000076964498e-05,68.90000076964498
y,6.880000000819564e-05,68.80000000819564
y,7.010000990703702e-05,70.10000990703702
y,6.960000609979033e-05,69.60000609979033
y,6.920000305399299e-05,69.20000305399299
y,6.900000153109431e-05,69.00000153109431
y,6.9500005338341e-05,69.500005338341
y,7.71999912103638e-05,77.1999912103638
y,6.880000000819564e-05,68.80000000819564
y,6.890000076964498e-05,68.90000076964498
y,7.650000043213367e-05,76.50000043213367
y,7.660000119358301e-05,76.60000119358301
y,6.930000381544232e-05,69.30000381544232
y,6.989999383222312e-05,69.89999383222312
y,8.240000170189887e-05,82.40000170189887
y,6.980000762268901e-05,69.80000762268901
y,6.960000609979033e-05,69.60000609979033
y,6.979999307077378e-05,69.79999307077378
y,6.989999383222312e-05,69.89999383222312
y,6.989999383222312e-05,69.89999383222312
y,7.239999831654131e-05,72.39999831654131
y,7.090000144671649e-05,70.90000144671649
y,7.490000280085951e-05,74.90000280085951
y,7.059999916236848e-05,70.59999916236848
y,7.019999611657113e-05,70.19999611657113
y,6.979999307077378e-05,69.79999307077378
y,6.999999459367245e-05,69.99999459367245
y,6.9500005338341e-05,69.500005338341
y,6.900000153109431e-05,69.00000153109431
y,6.919998850207776e-05,69.19998850207776
y,7.019999611657113e-05,70.19999611657113
y,6.9500005338341e-05,69.500005338341
y,6.970000686123967e-05,69.70000686123967
y,7.000000914558768e-05,70.00000914558768
y,7.000000914558768e-05,70.00000914558768
y,6.940000457689166e-05,69.40000457689166
y,6.910000229254365e-05,69.10000229254365
y,6.9500005338341e-05,69.500005338341
y,7.809999806340784e-05,78.09999806340784
y,7.130000449251384e-05,71.30000449251384
y,7.03999976394698e-05,70.3999976394698
y,7.069999992381781e-05,70.69999992381781
y,7.03999976394698e-05,70.3999976394698
y,6.95999915478751e-05,69.5999915478751
y,6.999999459367245e-05,69.99999459367245
y,6.920000305399299e-05,69.20000305399299
y,6.979999307077378e-05,69.79999307077378
y,6.969999230932444e-05,69.69999230932444
y,6.940000457689166e-05,69.40000457689166
y,7.009999535512179e-05,70.09999535512179
y,6.999999459367245e-05,69.99999459367245
y,6.970000686123967e-05,69.70000686123967
y,6.930000381544232e-05,69.30000381544232
y,6.95999915478751e-05,69.5999915478751
y,6.989999383222312e-05,69.89999383222312
y,6.989999383222312e-05,69.89999383222312
y,6.989999383222312e-05,69.89999383222312
y,7.009999535512179e-05,70.09999535512179
y,7.03999976394698e-05,70.3999976394698
y,6.939999002497643e-05,69.39999002497643
y,6.960000609979033e-05,69.60000609979033
y,6.920000305399299e-05,69.20000305399299
y,6.920000305399299e-05,69.20000305399299
y,6.900000153109431e-05,69.00000153109431
y,6.95999915478751e-05,69.5999915478751
y,7.049999840091914e-05,70.49999840091914
y,7.049999840091914e-05,70.49999840091914
y,7.930000720079988e-05,79.30000720079988
y,7.019999611657113e-05,70.19999611657113
y,6.970000686123967e-05,69.70000686123967
y,6.95999915478751e-05,69.5999915478751
y,6.949999078642577e-05,69.49999078642577
y,6.920000305399299e-05,69.20000305399299
y,6.95999915478751e-05,69.5999915478751
y,6.949999078642577e-05,69.49999078642577
y,6.920000305399299e-05,69.20000305399299
y,7.000000914558768e-05,70.00000914558768
y,6.940000457689166e-05,69.40000457689166
y,6.969999230932444e-05,69.69999230932444
y,7.009999535512179e-05,70.09999535512179
y,6.95999915478751e-05,69.5999915478751
y,6.930000381544232e-05,69.30000381544232
y,7.000000914558768e-05,70.00000914558768
y,6.980000762268901e-05,69.80000762268901
y,6.979999307077378e-05,69.79999307077378
y,6.910000229254365e-05,69.10000229254365
y,6.960000609979033e-05,69.60000609979033
y,6.890000076964498e-05,68.90000076964498
y,6.970000686123967e-05,69.70000686123967
y,6.890000076964498e-05,68.90000076964498
y,6.939999002497643e-05,69.39999002497643
y,6.940000457689166e-05,69.40000457689166
y,6.9500005338341e-05,69.500005338341
y,7.309998909477144e-05,73.09998909477144
y,6.940000457689166e-05,69.40000457689166
y,7.690000347793102e-05,76.90000347793102
y,7.03999976394698e-05,70.3999976394698
y,6.86999992467463e-05,68.6999992467463
y,6.940000457689166e-05,69.40000457689166
y,6.919998850207776e-05,69.19998850207776
y,6.940000457689166e-05,69.40000457689166
y,6.970000686123967e-05,69.70000686123967
y,7.059999916236848e-05,70.59999916236848
y,8.16000101622194e-05,81.6000101622194
y,6.9500005338341e-05,69.500005338341
y,6.990000838413835e-05,69.90000838413835
y,6.979999307077378e-05,69.79999307077378
y,6.979999307077378e-05,69.79999307077378
y,7.589999586343765e-05,75.89999586343765
y,6.859999848529696e-05,68.59999848529696
y,0.0001807999942684546,180.7999942684546
y,0.0001621999981580302,162.1999981580302
y,0.00017460000526625663,174.60000526625663
y,0.00011439999798312783,114.39999798312783
y,9.120001050177962e-05,91.20001050177962
y,7.9699995694682e-05,79.699995694682
y,7.480000203941017e-05,74.80000203941017
y,7.300000288523734e-05,73.00000288523734
y,7.270000060088933e-05,72.70000060088933
y,8.369999704882503e-05,83.69999704882503
y,7.530000584665686e-05,75.30000584665686
y,7.88000033935532e-05,78.8000033935532
y,7.139999070204794e-05,71.39999070204794
y,7.130000449251384e-05,71.30000449251384
y,7.03000114299357e-05,70.3000114299357
y,6.859999848529696e-05,68.59999848529696
y,6.95999915478751e-05,69.5999915478751
y,7.12000037310645e-05,71.2000037310645
y,8.310000703204423e-05,83.10000703204423
y,7.109998841769993e-05,71.09998841769993
y,7.069999992381781e-05,70.69999992381781
y,6.939999002497643e-05,69.39999002497643
y,6.890000076964498e-05,68.90000076964498
y,6.86999992467463e-05,68.6999992467463
y,6.9500005338341e-05,69.500005338341
y,7.069999992381781e-05,70.69999992381781
y,6.999999459367245e-05,69.99999459367245
y,6.920000305399299e-05,69.20000305399299
y,6.949999078642577e-05,69.49999078642577
y,6.849999772384763e-05,68.49999772384763
y,6.849999772384763e-05,68.49999772384763
y,6.760000542271882e-05,67.60000542271882
y,6.839999696239829e-05,68.39999696239829
y,6.829999620094895e-05,68.29999620094895
y,6.790000770706683e-05,67.90000770706683
y,6.78999931551516e-05,67.8999931551516
y,6.829999620094895e-05,68.29999620094895
y,6.769999163225293e-05,67.69999163225293
y,6.940000457689166e-05,69.40000457689166
y,6.829999620094895e-05,68.29999620094895
y,6.920000305399299e-05,69.20000305399299
y,6.880000000819564e-05,68.80000000819564
y,6.809999467805028e-05,68.09999467805028
y,6.819999543949962e-05,68.19999543949962
y,6.800000846851617e-05,68.00000846851617
y,6.760000542271882e-05,67.60000542271882
y,7.570000889245421e-05,75.7000088924542
y,6.920000305399299e-05,69.20000305399299
y,6.819999543949962e-05,68.19999543949962
y,6.829999620094895e-05,68.29999620094895
y,6.769999163225293e-05,67.69999163225293
y,6.790000770706683e-05,67.90000770706683
y,6.910000229254365e-05,69.10000229254365
y,6.880000000819564e-05,68.80000000819564
y,6.910000229254365e-05,69.10000229254365
y,6.890000076964498e-05,68.90000076964498
y,6.880000000819564e-05,68.80000000819564
y,6.819999543949962e-05,68.19999543949962
y,6.890000076964498e-05,68.90000076964498
y,6.799999391660094e-05,67.99999391660094
y,6.890000076964498e-05,68.90000076964498
y,6.930000381544232e-05,69.30000381544232
y,6.850001227576286e-05,68.50001227576286
y,6.78000069456175e-05,67.8000069456175
y,6.860001303721219e-05,68.6000130372122
y,6.930000381544232e-05,69.30000381544232
y,6.779999239370227e-05,67.79999239370227
y,6.809999467805028e-05,68.09999467805028
y,6.809999467805028e-05,68.09999467805028
y,6.749999010935426e-05,67.49999010935426
y,6.78000069456175e-05,67.8000069456175
y,6.770000618416816e-05,67.70000618416816
y,6.880000000819564e-05,68.80000000819564
y,6.819999543949962e-05,68.19999543949962
y,6.760000542271882e-05,67.60000542271882
y,7.560000813100487e-05,75.60000813100487
y,7.029999687802047e-05,70.29999687802047
y,6.920000305399299e-05,69.20000305399299
y,6.880000000819564e-05,68.80000000819564
y,6.880000000819564e-05,68.80000000819564
y,6.859999848529696e-05,68.59999848529696
y,6.810000922996551e-05,68.10000922996551
y,8.020001405384392e-05,80.20001405384392
y,7.150000601541251e-05,71.50000601541251
y,7.059999916236848e-05,70.59999916236848
y,6.969999230932444e-05,69.69999230932444
y,6.910000229254365e-05,69.10000229254365
y,6.919998850207776e-05,69.19998850207776
y,7.510000432375818e-05,75.10000432375818
y,7.010000990703702e-05,70.10000990703702
y,6.960000609979033e-05,69.60000609979033
y,6.86999992467463e-05,68.6999992467463
y,6.920000305399299e-05,69.20000305399299
y,6.880000000819564e-05,68.80000000819564
y,6.880000000819564e-05,68.80000000819564
y,6.760000542271882e-05,67.60000542271882
y,6.859999848529696e-05,68.59999848529696
y,6.829999620094895e-05,68.29999620094895
y,6.799999391660094e-05,67.99999391660094
y,6.859999848529696e-05,68.59999848529696
y,6.910000229254365e-05,69.10000229254365
y,6.849999772384763e-05,68.49999772384763
y,6.849999772384763e-05,68.49999772384763
y,7.660000119358301e-05,76.60000119358301
y,7.160000677686185e-05,71.60000677686185
y,7.010000990703702e-05,70.10000990703702
y,6.910000229254365e-05,69.10000229254365
y,6.920000305399299e-05,69.20000305399299
y,7.049999840091914e-05,70.49999840091914
y,7.059999916236848e-05,70.59999916236848
y,6.989999383222312e-05,69.89999383222312
y,6.999999459367245e-05,69.99999459367245
y,6.999999459367245e-05,69.99999459367245
y,6.920000305399299e-05,69.20000305399299
y,6.960000609979033e-05,69.60000609979033
y,6.850001227576286e-05,68.50001227576286
y,6.86999992467463e-05,68.6999992467463
y,6.930000381544232e-05,69.30000381544232
y,6.86999992467463e-05,68.6999992467463
y,6.859999848529696e-05,68.59999848529696
y,6.949999078642577e-05,69.49999078642577
y,6.940000457689166e-05,69.40000457689166
y,6.880000000819564e-05,68.80000000819564
y,6.910000229254365e-05,69.10000229254365
y,6.890000076964498e-05,68.90000076964498
y,6.940000457689166e-05,69.40000457689166
y,6.920000305399299e-05,69.20000305399299
y,6.900000153109431e-05,69.00000153109431
y,7.090000144671649e-05,70.90000144671649
y,6.900000153109431e-05,69.00000153109431
y,6.920000305399299e-05,69.20000305399299
y,6.890000076964498e-05,68.90000076964498
y,7.729999197181314e-05,77.29999197181314
y,6.939999002497643e-05,69.39999002497643
y,6.880000000819564e-05,68.80000000819564
y,6.86999992467463e-05,68.6999992467463
y,6.930000381544232e-05,69.30000381544232
y,6.880000000819564e-05,68.80000000819564
y,6.820000999141484e-05,68.20000999141484
y,6.960000609979033e-05,69.60000609979033
y,6.86999992467463e-05,68.6999992467463
y,8.030000026337802e-05,80.30000026337802
y,6.829999620094895e-05,68.29999620094895
y,6.839999696239829e-05,68.39999696239829
y,6.890000076964498e-05,68.90000076964498
y,6.850001227576286e-05,68.50001227576286
y,6.859999848529696e-05,68.59999848529696
y,6.809999467805028e-05,68.09999467805028
y,6.849999772384763e-05,68.49999772384763
y,6.849999772384763e-05,68.49999772384763
y,6.849999772384763e-05,68.49999772384763
y,6.850001227576286e-05,68.50001227576286
y,6.970000686123967e-05,69.70000686123967
y,6.900000153109431e-05,69.00000153109431
y,6.849999772384763e-05,68.49999772384763
y,6.86999992467463e-05,68.6999992467463
y,6.920000305399299e-05,69.20000305399299
y,6.849999772384763e-05,68.49999772384763
y,6.829999620094895e-05,68.29999620094895
y,6.78999931551516e-05,67.8999931551516
y,7.449999975506216e-05,74.49999975506216
y,7.170000753831118e-05,71.70000753831118
y,6.940000457689166e-05,69.40000457689166
y,6.969999230932444e-05,69.69999230932444
y,6.900000153109431e-05,69.00000153109431
y,6.840001151431352e-05,68.40001151431352
y,6.86999992467463e-05,68.6999992467463
y,6.819999543949962e-05,68.19999543949962
y,6.829999620094895e-05,68.29999620094895
y,6.829999620094895e-05,68.29999620094895
y,6.829999620094895e-05,68.29999620094895
y,6.799999391660094e-05,67.99999391660094
y,6.809999467805028e-05,68.09999467805028
y,7.449999975506216e-05,74.49999975506216
y,6.839999696239829e-05,68.39999696239829
y,6.840001151431352e-05,68.40001151431352
y,6.839999696239829e-05,68.39999696239829
y,6.880000000819564e-05,68.80000000819564
y,6.86999992467463e-05,68.6999992467463
y,6.900000153109431e-05,69.00000153109431
y,6.880000000819564e-05,68.80000000819564
y,6.839999696239829e-05,68.39999696239829
y,6.860001303721219e-05,68.6000130372122
y,6.990000838413835e-05,69.90000838413835
y,7.600001117680222e-05,76.00001117680222
y,6.859999848529696e-05,68.59999848529696
y,7.409999670926481e-05,74.09999670926481
y,6.890000076964498e-05,68.90000076964498
y,6.940000457689166e-05,69.40000457689166
y,7.71999912103638e-05,77.1999912103638
y,7.009999535512179e-05,70.09999535512179
y,7.330000516958535e-05,73.30000516958535
y,6.920000305399299e-05,69.20000305399299
y,6.920000305399299e-05,69.20000305399299
y,6.820000999141484e-05,68.20000999141484
y,6.820000999141484e-05,68.20000999141484
y,6.930000381544232e-05,69.30000381544232
y,6.889998621772975e-05,68.89998621772975
y,6.920000305399299e-05,69.20000305399299
y,6.880000000819564e-05,68.80000000819564
y,6.9500005338341e-05,69.500005338341
y,6.890000076964498e-05,68.90000076964498
y,6.900000153109431e-05,69.00000153109431
y,6.900000153109431e-05,69.00000153109431
y,6.900000153109431e-05,69.00000153109431
y,6.890000076964498e-05,68.90000076964498
y,6.910000229254365e-05,69.10000229254365
y,6.859999848529696e-05,68.59999848529696
y,6.829999620094895e-05,68.29999620094895
y,6.880000000819564e-05,68.80000000819564
y,6.779999239370227e-05,67.79999239370227
y,6.849999772384763e-05,68.49999772384763
y,6.899998697917908e-05,68.99998697917908
y,6.890000076964498e-05,68.90000076964498
y,6.880000000819564e-05,68.80000000819564
y,6.810000922996551e-05,68.10000922996551
y,6.890000076964498e-05,68.90000076964498
y,6.910000229254365e-05,69.10000229254365
y,7.9699995694682e-05,79.699995694682
y,6.9500005338341e-05,69.500005338341
y,6.939999002497643e-05,69.39999002497643
y,6.880000000819564e-05,68.80000000819564
y,6.819999543949962e-05,68.19999543949962
y,6.809999467805028e-05,68.09999467805028
y,6.920000305399299e-05,69.20000305399299
y,6.86999992467463e-05,68.6999992467463
y,6.890000076964498e-05,68.90000076964498
y,0.00016739999409765005,167.39999409765005
y,0.00010879999899771065,108.79999899771065
y,8.620000153314322e-05,86.20000153314322
y,7.510000432375818e-05,75.10000432375818
y,7.289998757187277e-05,72.89998757187277
y,7.20999960321933e-05,72.0999960321933
y,7.739999273326248e-05,77.39999273326248
y,7.130000449251384e-05,71.30000449251384
y,7.149999146349728e-05,71.49999146349728
y,7.100000220816582e-05,71.00000220816582
y,7.090000144671649e-05,70.90000144671649
y,7.059999916236848e-05,70.59999916236848
y,7.130000449251384e-05,71.30000449251384
y,7.12000037310645e-05,71.2000037310645
y,7.059999916236848e-05,70.59999916236848
y,7.029999687802047e-05,70.29999687802047
y,7.410001126118004e-05,74.10001126118004
y,7.190000906120986e-05,71.90000906120986
y,7.080000068526715e-05,70.80000068526715
y,7.179999374784529e-05,71.79999374784529
y,7.029999687802047e-05,70.29999687802047
y,6.989999383222312e-05,69.89999383222312
y,8.440000237897038e-05,84.40000237897038
y,7.320000440813601e-05,73.20000440813601
y,7.03999976394698e-05,70.3999976394698
y,7.130000449251384e-05,71.30000449251384
y,7.010000990703702e-05,70.10000990703702
y,7.090000144671649e-05,70.90000144671649
y,6.920000305399299e-05,69.20000305399299
y,6.920000305399299e-05,69.20000305399299
y,6.909998774062842e-05,69.09998774062842
y,6.86999992467463e-05,68.6999992467463
y,6.880000000819564e-05,68.80000000819564
y,6.910000229254365e-05,69.10000229254365
y,6.920000305399299e-05,69.20000305399299
y,6.940000457689166e-05,69.40000457689166
y,6.980000762268901e-05,69.80000762268901
y,6.95999915478751e-05,69.5999915478751
y,6.95999915478751e-05,69.5999915478751
y,6.920000305399299e-05,69.20000305399299
y,6.880000000819564e-05,68.80000000819564
y,6.920000305399299e-05,69.20000305399299
y,6.910000229254365e-05,69.10000229254365
y,6.890000076964498e-05,68.90000076964498
y,6.920000305399299e-05,69.20000305399299
y,6.95999915478751e-05,69.5999915478751
y,6.940000457689166e-05,69.40000457689166
y,6.980000762268901e-05,69.80000762268901
y,6.900000153109431e-05,69.00000153109431
y,0.00011649999942164868,116.49999942164868
y,0.00015780000831000507,157.80000831000507
y,8.969999908003956e-05,89.69999908003956
y,7.560000813100487e-05,75.60000813100487
y,7.299998833332211e-05,72.99998833332211
y,7.219999679364264e-05,72.19999679364264
y,7.100000220816582e-05,71.00000220816582
y,7.019999611657113e-05,70.19999611657113
y,7.019999611657113e-05,70.19999611657113
y,7.049999840091914e-05,70.49999840091914
y,6.949999078642577e-05,69.49999078642577
y,7.019999611657113e-05,70.19999611657113
y,7.09999876562506e-05,70.9999876562506
y,6.980000762268901e-05,69.80000762268901
y,8.579999848734587e-05,85.79999848734587
y,9.049999061971903e-05,90.49999061971903
y,7.6299998909235e-05,76.299998909235
y,6.999999459367245e-05,69.99999459367245
y,6.999999459367245e-05,69.99999459367245
y,6.909998774062842e-05,69.09998774062842
y,6.940000457689166e-05,69.40000457689166
y,6.859999848529696e-05,68.59999848529696
y,6.859999848529696e-05,68.59999848529696
y,6.880000000819564e-05,68.80000000819564
y,6.880000000819564e-05,68.80000000819564
y,6.990000838413835e-05,69.90000838413835
y,7.090000144671649e-05,70.90000144671649
y,8.97999998414889e-05,89.7999998414889
y,7.330000516958535e-05,73.30000516958535
y,8.13000078778714e-05,81.3000078778714
y,7.059999916236848e-05,70.59999916236848
y,6.9500005338341e-05,69.500005338341
y,7.000000914558768e-05,70.00000914558768
y,6.990000838413835e-05,69.90000838413835
y,6.990000838413835e-05,69.90000838413835
y,6.9500005338341e-05,69.500005338341
y,6.989999383222312e-05,69.89999383222312
y,6.949999078642577e-05,69.49999078642577
y,6.9500005338341e-05,69.500005338341
y,7.029999687802047e-05,70.29999687802047
y,6.960000609979033e-05,69.60000609979033
y,6.9500005338341e-05,69.500005338341
y,6.86999992467463e-05,68.6999992467463
y,6.920000305399299e-05,69.20000305399299
y,6.890000076964498e-05,68.90000076964498
y,6.890000076964498e-05,68.90000076964498
y,6.849999772384763e-05,68.49999772384763
y,6.859999848529696e-05,68.59999848529696
y,6.910000229254365e-05,69.10000229254365
y,6.890000076964498e-05,68.90000076964498
y,6.859999848529696e-05,68.59999848529696
y,6.86999992467463e-05,68.6999992467463
y,6.9500005338341e-05,69.500005338341
y,6.830001075286418e-05,68.30001075286418
y,6.78000069456175e-05,67.8000069456175
y,7.760000880807638e-05,77.60000880807638
y,6.930000381544232e-05,69.30000381544232
y,6.799999391660094e-05,67.99999391660094
y,6.829999620094895e-05,68.29999620094895
y,6.819999543949962e-05,68.19999543949962
y,6.86999992467463e-05,68.6999992467463
y,6.890000076964498e-05,68.90000076964498
y,6.859999848529696e-05,68.59999848529696
y,6.809999467805028e-05,68.09999467805028
y,6.819999543949962e-05,68.19999543949962
y,6.75999908708036e-05,67.5999908708036
y,6.859999848529696e-05,68.59999848529696
y,6.859999848529696e-05,68.59999848529696
y,6.86999992467463e-05,68.6999992467463
y,6.750000466126949e-05,67.50000466126949
y,6.800000846851617e-05,68.00000846851617
y,6.750000466126949e-05,67.50000466126949
y,6.809999467805028e-05,68.09999467805028
y,6.739998934790492e-05,67.39998934790492
y,6.750000466126949e-05,67.50000466126949
y,6.740000389982015e-05,67.40000389982015
y,6.809999467805028e-05,68.09999467805028
y,6.849999772384763e-05,68.49999772384763
y,6.839999696239829e-05,68.39999696239829
y,6.890000076964498e-05,68.90000076964498
y,6.839999696239829e-05,68.39999696239829
y,6.809999467805028e-05,68.09999467805028
y,6.769999163225293e-05,67.69999163225293
y,8.060000254772604e-05,80.60000254772604
y,7.679998816456646e-05,76.79998816456646
y,6.910000229254365e-05,69.10000229254365
y,6.839999696239829e-05,68.39999696239829
y,6.849999772384763e-05,68.49999772384763
y,6.880000000819564e-05,68.80000000819564
y,6.949999078642577e-05,69.49999078642577
y,6.9500005338341e-05,69.500005338341
y,6.900000153109431e-05,69.00000153109431
y,6.900000153109431e-05,69.00000153109431
y,6.920000305399299e-05,69.20000305399299
y,6.95999915478751e-05,69.5999915478751
y,6.890000076964498e-05,68.90000076964498
y,6.890000076964498e-05,68.90000076964498
y,6.859999848529696e-05,68.59999848529696
y,6.849999772384763e-05,68.49999772384763
y,6.9500005338341e-05,69.500005338341
y,6.920000305399299e-05,69.20000305399299
y,7.749999349471182e-05,77.49999349471182
y,6.910000229254365e-05,69.10000229254365
y,6.790000770706683e-05,67.90000770706683
y,6.850001227576286e-05,68.50001227576286
y,6.820000999141484e-05,68.20000999141484
y,7.2900002123788e-05,72.900002123788
y,6.779999239370227e-05,67.79999239370227
y,6.859999848529696e-05,68.59999848529696
y,6.800000846851617e-05,68.00000846851617
y,6.830001075286418e-05,68.30001075286418
y,6.850001227576286e-05,68.50001227576286
y,7.660000119358301e-05,76.60000119358301
y,7.110000296961516e-05,71.10000296961516
y,6.859999848529696e-05,68.59999848529696
y,7.999999797903001e-05,79.99999797903001
y,6.890000076964498e-05,68.90000076964498
y,6.86999992467463e-05,68.6999992467463
y,6.859999848529696e-05,68.59999848529696
y,6.819999543949962e-05,68.19999543949962
y,6.900000153109431e-05,69.00000153109431
y,6.970000686123967e-05,69.70000686123967
y,6.880000000819564e-05,68.80000000819564
y,6.86999992467463e-05,68.6999992467463
y,6.939999002497643e-05,69.39999002497643
y,6.990000838413835e-05,69.90000838413835
y,6.980000762268901e-05,69.80000762268901
y,6.980000762268901e-05,69.80000762268901
y,6.9500005338341e-05,69.500005338341
y,6.999999459367245e-05,69.99999459367245
y,6.95999915478751e-05,69.5999915478751
y,6.880000000819564e-05,68.80000000819564
y,6.849999772384763e-05,68.49999772384763
y,6.859999848529696e-05,68.59999848529696
y,7.03999976394698e-05,70.3999976394698
y,6.910000229254365e-05,69.10000229254365
y,6.910000229254365e-05,69.10000229254365
y,6.919998850207776e-05,69.19998850207776
y,7.249999907799065e-05,72.49999907799065
y,6.930000381544232e-05,69.30000381544232
y,7.000000914558768e-05,70.00000914558768
y,7.910000567790121e-05,79.10000567790121
y,7.010000990703702e-05,70.10000990703702
y,6.790000770706683e-05,67.90000770706683
y,6.920000305399299e-05,69.20000305399299
y,6.900000153109431e-05,69.00000153109431
y,6.820000999141484e-05,68.20000999141484
y,7.520000508520752e-05,75.20000508520752
y,6.909998774062842e-05,69.09998774062842
y,6.839999696239829e-05,68.39999696239829
y,6.809999467805028e-05,68.09999467805028
y,6.849999772384763e-05,68.49999772384763
y,6.86999992467463e-05,68.6999992467463
y,6.859999848529696e-05,68.59999848529696
y,6.830001075286418e-05,68.30001075286418
y,6.790000770706683e-05,67.90000770706683
y,6.910000229254365e-05,69.10000229254365
y,7.650000043213367e-05,76.50000043213367
y,6.900000153109431e-05,69.00000153109431
y,6.880000000819564e-05,68.80000000819564
y,6.909998774062842e-05,69.09998774062842
y,6.86999992467463e-05,68.6999992467463
y,6.839999696239829e-05,68.39999696239829
y,6.859999848529696e-05,68.59999848529696
y,6.880000000819564e-05,68.80000000819564
y,6.859999848529696e-05,68.59999848529696
y,6.849999772384763e-05,68.49999772384763
y,6.86999992467463e-05,68.6999992467463
y,0.0001503000094089657,150.3000094089657
y,9.600000339560211e-05,96.0000033956021
y,7.419999747071415e-05,74.19999747071415
y,7.229999755509198e-05,72.29999755509198
y,7.219999679364264e-05,72.19999679364264
y,7.049999840091914e-05,70.49999840091914
y,7.010000990703702e-05,70.10000990703702
y,6.990000838413835e-05,69.90000838413835
y,7.010000990703702e-05,70.10000990703702
y,7.360000745393336e-05,73.60000745393336
y,6.910000229254365e-05,69.10000229254365
y,6.910000229254365e-05,69.10000229254365
y,6.910000229254365e-05,69.10000229254365
y,6.979999307077378e-05,69.79999307077378
y,8.359999628737569e-05,83.59999628737569
y,7.010000990703702e-05,70.10000990703702
y,7.080000068526715e-05,70.80000068526715
y,7.080000068526715e-05,70.80000068526715
y,6.930000381544232e-05,69.30000381544232
y,7.890000415500253e-05,78.90000415500253
y,7.999999797903001e-05,79.99999797903001
y,8.249998791143298e-05,82.49998791143298
y,7.789999654050916e-05,77.89999654050916
y,7.019999611657113e-05,70.19999611657113
y,7.219999679364264e-05,72.19999679364264
y,7.110000296961516e-05,71.10000296961516
y,7.080000068526715e-05,70.80000068526715
y,8.680000610183924e-05,86.80000610183924
y,8.05999879958108e-05,80.5999879958108
y,7.79999973019585e-05,77.9999973019585
y,7.079998613335192e-05,70.79998613335192
y,6.970000686123967e-05,69.70000686123967
y,6.990000838413835e-05,69.90000838413835
y,8.50000069476664e-05,85.0000069476664
y,7.100000220816582e-05,71.00000220816582
y,6.95999915478751e-05,69.5999915478751
y,6.949999078642577e-05,69.49999078642577
y,7.019999611657113e-05,70.19999611657113
y,7.029999687802047e-05,70.29999687802047
y,7.100000220816582e-05,71.00000220816582
y,7.049999840091914e-05,70.49999840091914
y,6.989999383222312e-05,69.89999383222312
y,6.930000381544232e-05,69.30000381544232
y,7.040001219138503e-05,70.40001219138503
y,7.019999611657113e-05,70.19999611657113
y,6.930000381544232e-05,69.30000381544232
y,6.9500005338341e-05,69.500005338341
y,6.86999992467463e-05,68.6999992467463
y,6.900000153109431e-05,69.00000153109431
y,6.910000229254365e-05,69.10000229254365
y,6.910000229254365e-05,69.10000229254365
y,6.880000000819564e-05,68.80000000819564
y,6.890000076964498e-05,68.90000076964498
y,6.890000076964498e-05,68.90000076964498
y,6.839999696239829e-05,68.39999696239829
y,9.670000872574747e-05,96.70000872574747
y,8.13000078778714e-05,81.3000078778714
y,7.100000220816582e-05,71.00000220816582
y,7.149999146349728e-05,71.49999146349728
y,6.979999307077378e-05,69.79999307077378
y,6.940000457689166e-05,69.40000457689166
y,6.900000153109431e-05,69.00000153109431
y,6.930000381544232e-05,69.30000381544232
y,6.9500005338341e-05,69.500005338341
y,6.949999078642577e-05,69.49999078642577
y,6.940000457689166e-05,69.40000457689166
y,6.910000229254365e-05,69.10000229254365
y,6.86999992467463e-05,68.6999992467463
y,6.940000457689166e-05,69.40000457689166
y,6.890000076964498e-05,68.90000076964498
y,6.900000153109431e-05,69.00000153109431
y,6.829999620094895e-05,68.29999620094895
y,6.819999543949962e-05,68.19999543949962
y,6.919998850207776e-05,69.19998850207776
y,6.839999696239829e-05,68.39999696239829
y,6.839999696239829e-05,68.39999696239829
y,6.930000381544232e-05,69.30000381544232
y,6.839999696239829e-05,68.39999696239829
y,6.960000609979033e-05,69.60000609979033
y,6.880000000819564e-05,68.80000000819564
y,6.930000381544232e-05,69.30000381544232
y,6.900000153109431e-05,69.00000153109431
y,6.86999992467463e-05,68.6999992467463
y,8.610000077169389e-05,86.10000077169389
y,8.179999713320285e-05,81.79999713320285
y,7.999999797903001e-05,79.99999797903001
y,7.010000990703702e-05,70.10000990703702
y,6.890000076964498e-05,68.90000076964498
y,6.930000381544232e-05,69.30000381544232
y,6.9500005338341e-05,69.500005338341
y,6.880000000819564e-05,68.80000000819564
y,6.859999848529696e-05,68.59999848529696
y,6.949999078642577e-05,69.49999078642577
y,6.900000153109431e-05,69.00000153109431
y,6.919998850207776e-05,69.19998850207776
y,6.890000076964498e-05,68.90000076964498
y,6.95999915478751e-05,69.5999915478751
y,6.910000229254365e-05,69.10000229254365
y,6.910000229254365e-05,69.10000229254365
y,6.86999992467463e-05,68.6999992467463
y,6.949999078642577e-05,69.49999078642577
y,6.890000076964498e-05,68.90000076964498
y,6.849999772384763e-05,68.49999772384763
y,7.589999586343765e-05,75.89999586343765
y,7.019999611657113e-05,70.19999611657113
y,7.009999535512179e-05,70.09999535512179
y,6.969999230932444e-05,69.69999230932444
y,6.859999848529696e-05,68.59999848529696
y,6.920000305399299e-05,69.20000305399299
y,6.900000153109431e-05,69.00000153109431
y,7.870000263210386e-05,78.70000263210386
y,8.009999874047935e-05,80.09999874047935
y,7.119998917914927e-05,71.19998917914927
y,7.03999976394698e-05,70.3999976394698
y,7.03999976394698e-05,70.3999976394698
y,6.949999078642577e-05,69.49999078642577
y,6.95999915478751e-05,69.5999915478751
y,6.930000381544232e-05,69.30000381544232
y,6.930000381544232e-05,69.30000381544232
y,6.919998850207776e-05,69.19998850207776
y,6.999999459367245e-05,69.99999459367245
y,6.920000305399299e-05,69.20000305399299
y,6.899998697917908e-05,68.99998697917908
y,6.900000153109431e-05,69.00000153109431
y,6.949999078642577e-05,69.49999078642577
y,6.900000153109431e-05,69.00000153109431
y,6.920000305399299e-05,69.20000305399299
y,6.910000229254365e-05,69.10000229254365
y,6.920000305399299e-05,69.20000305399299
y,6.86999992467463e-05,68.6999992467463
y,7.980001100804657e-05,79.80001100804657
y,7.130000449251384e-05,71.30000449251384
y,7.089998689480126e-05,70.89998689480126
y,6.989999383222312e-05,69.89999383222312
y,7.560000813100487e-05,75.60000813100487
y,6.859999848529696e-05,68.59999848529696
y,6.920000305399299e-05,69.20000305399299
y,6.920000305399299e-05,69.20000305399299
y,6.920000305399299e-05,69.20000305399299
y,7.770000956952572e-05,77.70000956952572
y,6.9500005338341e-05,69.500005338341
y,6.910000229254365e-05,69.10000229254365
y,6.910000229254365e-05,69.10000229254365
y,6.900000153109431e-05,69.00000153109431
y,6.940000457689166e-05,69.40000457689166
y,7.470000127796084e-05,74.70000127796084
y,6.95999915478751e-05,69.5999915478751
y,6.9500005338341e-05,69.500005338341
y,6.930000381544232e-05,69.30000381544232
y,6.910000229254365e-05,69.10000229254365
y,6.910000229254365e-05,69.10000229254365
y,6.92999892635271e-05,69.2999892635271
y,6.900000153109431e-05,69.00000153109431
y,6.86999992467463e-05,68.6999992467463
y,6.910000229254365e-05,69.10000229254365
y,6.839999696239829e-05,68.39999696239829
y,6.899998697917908e-05,68.99998697917908
y,6.880000000819564e-05,68.80000000819564
y,6.86999992467463e-05,68.6999992467463
y,6.810000922996551e-05,68.10000922996551
y,6.900000153109431e-05,69.00000153109431
y,6.86999992467463e-05,68.6999992467463
y,6.799999391660094e-05,67.99999391660094
y,6.86999992467463e-05,68.6999992467463
y,6.890000076964498e-05,68.90000076964498
y,6.829999620094895e-05,68.29999620094895
y,6.78999931551516e-05,67.8999931551516
y,8.080000407062471e-05,80.80000407062471
y,8.359999628737569e-05,83.59999628737569
y,7.100000220816582e-05,71.00000220816582
y,6.960000609979033e-05,69.60000609979033
y,6.890000076964498e-05,68.90000076964498
y,6.960000609979033e-05,69.60000609979033
y,6.920000305399299e-05,69.20000305399299
y,7.019999611657113e-05,70.19999611657113
y,6.979999307077378e-05,69.79999307077378
y,6.95999915478751e-05,69.5999915478751
z,9.790000331122428e-05,97.90000331122428
z,8.000001253094524e-05,80.00001253094524
z,7.510000432375818e-05,75.10000432375818
z,7.340000593103468e-05,73.40000593103468
z,7.259999983943999e-05,72.59999983943999
z,7.259999983943999e-05,72.59999983943999
z,7.300000288523734e-05,73.00000288523734
z,8.199999865610152e-05,81.99999865610152
z,7.449999975506216e-05,74.49999975506216
z,7.430001278407872e-05,74.30001278407872
z,7.569999434053898e-05,75.69999434053898
z,7.080000068526715e-05,70.80000068526715
z,7.080000068526715e-05,70.80000068526715
z,7.069999992381781e-05,70.69999992381781
z,7.119998917914927e-05,71.19998917914927
z,7.12000037310645e-05,71.2000037310645
z,7.180000829976052e-05,71.80000829976052
z,7.389999518636614e-05,73.89999518636614
z,7.119998917914927e-05,71.19998917914927
z,7.179999374784529e-05,71.79999374784529
z,7.6299998909235e-05,76.299998909235
z,7.159999222494662e-05,71.59999222494662
z,7.110000296961516e-05,71.10000296961516
z,7.12000037310645e-05,71.2000037310645
z,7.009999535512179e-05,70.09999535512179
z,7.059999916236848e-05,70.59999916236848
z,7.03000114299357e-05,70.3000114299357
z,6.940000457689166e-05,69.40000457689166
z,7.029999687802047e-05,70.29999687802047
z,7.010000990703702e-05,70.10000990703702
z,0.00022000000171829015,220.00000171829015
z,0.0002069000038318336,206.9000038318336
z,8.460000390186906e-05,84.60000390186906
z,8.30000062705949e-05,83.0000062705949
z,7.360000745393336e-05,73.60000745393336
z,7.180000829976052e-05,71.80000829976052
z,7.909999112598598e-05,79.09999112598598
z,7.359999290201813e-05,73.59999290201813
z,7.20999960321933e-05,72.0999960321933
z,9.619999036658555e-05,96.19999036658555
z,7.51999905332923e-05,75.1999905332923
z,7.019999611657113e-05,70.19999611657113
z,7.309998909477144e-05,73.09998909477144
z,7.009999535512179e-05,70.09999535512179
z,7.03999976394698e-05,70.3999976394698
z,7.130000449251384e-05,71.30000449251384
z,0.0001247000036528334,124.7000036528334
z,9.070000669453293e-05,90.70000669453293
z,7.700000423938036e-05,77.00000423938036
z,7.809999806340784e-05,78.09999806340784
z,7.490000280085951e-05,74.90000280085951
z,7.310000364668667e-05,73.10000364668667
z,7.249999907799065e-05,72.49999907799065
z,8.440000237897038e-05,84.40000237897038
z,7.299998833332211e-05,72.99998833332211
z,7.179999374784529e-05,71.79999374784529
z,7.019999611657113e-05,70.19999611657113
z,6.989999383222312e-05,69.89999383222312
z,6.970000686123967e-05,69.70000686123967
z,7.029999687802047e-05,70.29999687802047
z,7.069999992381781e-05,70.69999992381781
z,7.029999687802047e-05,70.29999687802047
z,7.059999916236848e-05,70.59999916236848
z,7.049999840091914e-05,70.49999840091914
z,6.999999459367245e-05,69.99999459367245
z,6.969999230932444e-05,69.69999230932444
z,6.970000686123967e-05,69.70000686123967
z,6.960000609979033e-05,69.60000609979033
z,6.990000838413835e-05,69.90000838413835
z,6.990000838413835e-05,69.90000838413835
z,6.969999230932444e-05,69.69999230932444
z,0.00011979999544564635,119.79999544564635
z,7.37000082153827e-05,73.7000082153827
z,7.069999992381781e-05,70.69999992381781
z,6.989999383222312e-05,69.89999383222312
z,6.970000686123967e-05,69.70000686123967
z,6.900000153109431e-05,69.00000153109431
z,6.92999892635271e-05,69.2999892635271
z,6.859999848529696e-05,68.59999848529696
z,6.890000076964498e-05,68.90000076964498
z,7.520000508520752e-05,75.20000508520752
z,7.080000068526715e-05,70.80000068526715
z,6.940000457689166e-05,69.40000457689166
z,6.880000000819564e-05,68.80000000819564
z,6.859999848529696e-05,68.59999848529696
z,6.839999696239829e-05,68.39999696239829
z,6.910000229254365e-05,69.10000229254365
z,6.849999772384763e-05,68.49999772384763
z,6.95999915478751e-05,69.5999915478751
z,6.989999383222312e-05,69.89999383222312
z,7.029999687802047e-05,70.29999687802047
z,7.069999992381781e-05,70.69999992381781
z,6.949999078642577e-05,69.49999078642577
z,6.930000381544232e-05,69.30000381544232
z,6.900000153109431e-05,69.00000153109431
z,6.849999772384763e-05,68.49999772384763
z,6.880000000819564e-05,68.80000000819564
z,6.820000999141484e-05,68.20000999141484
z,6.910000229254365e-05,69.10000229254365
z,6.919998850207776e-05,69.19998850207776
z,6.910000229254365e-05,69.10000229254365
z,6.880000000819564e-05,68.80000000819564
z,6.839999696239829e-05,68.39999696239829
z,6.839999696239829e-05,68.39999696239829
z,6.930000381544232e-05,69.30000381544232
z,6.859999848529696e-05,68.59999848529696
z,6.910000229254365e-05,69.10000229254365
z,6.920000305399299e-05,69.20000305399299
z,6.849999772384763e-05,68.49999772384763
z,7.639999967068434e-05,76.39999967068434
z,6.9500005338341e-05,69.500005338341
z,6.960000609979033e-05,69.60000609979033
z,6.890000076964498e-05,68.90000076964498
z,6.859999848529696e-05,68.59999848529696
z,6.890000076964498e-05,68.90000076964498
z,6.839999696239829e-05,68.39999696239829
z,6.870001379866153e-05,68.70001379866153
z,6.819999543949962e-05,68.19999543949962
z,6.859999848529696e-05,68.59999848529696
z,6.890000076964498e-05,68.90000076964498
z,6.919998850207776e-05,69.19998850207776
z,6.969999230932444e-05,69.69999230932444
z,7.019999611657113e-05,70.19999611657113
z,6.989999383222312e-05,69.89999383222312
z,6.920000305399299e-05,69.20000305399299
z,7.490000280085951e-05,74.90000280085951
z,6.95999915478751e-05,69.5999915478751
z,6.999999459367245e-05,69.99999459367245
z,6.9500005338341e-05,69.500005338341
z,6.910000229254365e-05,69.10000229254365
z,6.910000229254365e-05,69.10000229254365
z,6.970000686123967e-05,69.70000686123967
z,7.040001219138503e-05,70.40001219138503
z,6.900000153109431e-05,69.00000153109431
z,6.890000076964498e-05,68.90000076964498
z,6.850001227576286e-05,68.50001227576286
z,6.940000457689166e-05,69.40000457689166
z,6.9500005338341e-05,69.500005338341
z,8.430000161752105e-05,84.30000161752105
z,7.010000990703702e-05,70.10000990703702
z,6.9500005338341e-05,69.500005338341
z,6.920000305399299e-05,69.20000305399299
z,6.86999992467463e-05,68.6999992467463
z,6.849999772384763e-05,68.49999772384763
z,6.850001227576286e-05,68.50001227576286
z,6.910000229254365e-05,69.10000229254365
z,6.999999459367245e-05,69.99999459367245
z,6.859999848529696e-05,68.59999848529696
z,6.940000457689166e-05,69.40000457689166
z,6.939999002497643e-05,69.39999002497643
z,7.569999434053898e-05,75.69999434053898
z,6.920000305399299e-05,69.20000305399299
z,6.960000609979033e-05,69.60000609979033
z,6.849999772384763e-05,68.49999772384763
z,6.92999892635271e-05,69.2999892635271
z,6.960000609979033e-05,69.60000609979033
z,6.940000457689166e-05,69.40000457689166
z,6.899998697917908e-05,68.99998697917908
z,6.970000686123967e-05,69.70000686123967
z,6.930000381544232e-05,69.30000381544232
z,6.86999992467463e-05,68.6999992467463
z,6.930000381544232e-05,69.30000381544232
z,6.86999992467463e-05,68.6999992467463
z,6.920000305399299e-05,69.20000305399299
z,6.920000305399299e-05,69.20000305399299
z,6.920000305399299e-05,69.20000305399299
z,7.739999273326248e-05,77.39999273326248
z,7.059999916236848e-05,70.59999916236848
z,6.900000153109431e-05,69.00000153109431
z,6.920000305399299e-05,69.20000305399299
z,6.880000000819564e-05,68.80000000819564
z,6.890000076964498e-05,68.90000076964498
z,6.979999307077378e-05,69.79999307077378
z,6.930000381544232e-05,69.30000381544232
z,6.9500005338341e-05,69.500005338341
z,6.940000457689166e-05,69.40000457689166
z,6.979999307077378e-05,69.79999307077378
z,6.890000076964498e-05,68.90000076964498
z,6.860001303721219e-05,68.6000130372122
z,6.910000229254365e-05,69.10000229254365
z,6.86999992467463e-05,68.6999992467463
z,6.840001151431352e-05,68.40001151431352
z,6.859999848529696e-05,68.59999848529696
z,6.900000153109431e-05,69.00000153109431
z,6.890000076964498e-05,68.90000076964498
z,6.880000000819564e-05,68.80000000819564
z,6.859999848529696e-05,68.59999848529696
z,6.870001379866153e-05,68.70001379866153
z,6.890000076964498e-05,68.90000076964498
z,6.920000305399299e-05,69.20000305399299
z,6.930000381544232e-05,69.30000381544232
z,6.880000000819564e-05,68.80000000819564
z,6.859999848529696e-05,68.59999848529696
z,6.930000381544232e-05,69.30000381544232
z,7.470000127796084e-05,74.70000127796084
z,7.20999960321933e-05,72.0999960321933
z,7.300000288523734e-05,73.00000288523734
z,8.260000322479755e-05,82.60000322479755
z,6.899998697917908e-05,68.99998697917908
z,6.920000305399299e-05,69.20000305399299
z,6.809999467805028e-05,68.09999467805028
z,6.899998697917908e-05,68.99998697917908
z,6.880000000819564e-05,68.80000000819564
z,6.890000076964498e-05,68.90000076964498
z,6.910000229254365e-05,69.10000229254365
z,6.930000381544232e-05,69.30000381544232
z,6.859999848529696e-05,68.59999848529696
z,6.849999772384763e-05,68.49999772384763
z,6.890000076964498e-05,68.90000076964498
z,6.810000922996551e-05,68.10000922996551
z,6.849999772384763e-05,68.49999772384763
z,6.809999467805028e-05,68.09999467805028
z,6.900000153109431e-05,69.00000153109431
z,6.909998774062842e-05,69.09998774062842
z,6.849999772384763e-05,68.49999772384763
z,6.779999239370227e-05,67.79999239370227
z,6.970000686123967e-05,69.70000686123967
z,6.930000381544232e-05,69.30000381544232
z,6.859999848529696e-05,68.59999848529696
z,6.830001075286418e-05,68.30001075286418
z,6.839999696239829e-05,68.39999696239829
z,6.880000000819564e-05,68.80000000819564
z,7.270000060088933e-05,72.70000060088933
z,7.670000195503235e-05,76.70000195503235
z,6.989999383222312e-05,69.89999383222312
z,6.949999078642577e-05,69.49999078642577
z,6.910000229254365e-05,69.10000229254365
z,6.909998774062842e-05,69.09998774062842
z,6.839999696239829e-05,68.39999696239829
z,6.880000000819564e-05,68.80000000819564
z,6.940000457689166e-05,69.40000457689166
z,6.86999992467463e-05,68.6999992467463
z,6.880000000819564e-05,68.80000000819564
z,6.890000076964498e-05,68.90000076964498
z,6.900000153109431e-05,69.00000153109431
z,6.890000076964498e-05,68.90000076964498
z,6.920000305399299e-05,69.20000305399299
z,6.920000305399299e-05,69.20000305399299
z,7.500000356230885e-05,75.00000356230885
z,6.900000153109431e-05,69.00000153109431
z,6.940000457689166e-05,69.40000457689166
z,0.0001213000068673864,121.3000068673864
z,0.00012630000128410757,126.30000128410757
z,8.529999468009919e-05,85.29999468009919
z,8.169999637175351e-05,81.69999637175351
z,7.99000117694959e-05,79.9000117694959
z,7.219999679364264e-05,72.19999679364264
z,7.140000525396317e-05,71.40000525396317
z,7.280000136233866e-05,72.80000136233866
z,0.0001703999878372997,170.3999878372997
z,7.999999797903001e-05,79.99999797903001
z,7.350000669248402e-05,73.50000669248402
z,0.0002902999985963106,290.2999985963106
z,9.299999510403723e-05,92.99999510403723
z,7.660000119358301e-05,76.60000119358301
z,7.199999527074397e-05,71.99999527074397
z,7.169999298639596e-05,71.69999298639596
z,7.140000525396317e-05,71.40000525396317
z,0.0001201999984914437,120.1999984914437
z,8.850000449456275e-05,88.50000449456275
z,7.589999586343765e-05,75.89999586343765
z,7.350000669248402e-05,73.50000669248402
z,7.229999755509198e-05,72.29999755509198
z,7.100000220816582e-05,71.00000220816582
z,6.979999307077378e-05,69.79999307077378
z,8.100000559352338e-05,81.00000559352338
z,7.100000220816582e-05,71.00000220816582
z,6.989999383222312e-05,69.89999383222312
z,7.009999535512179e-05,70.09999535512179
z,6.999999459367245e-05,69.99999459367245
z,6.900000153109431e-05,69.00000153109431
z,6.930000381544232e-05,69.30000381544232
z,6.989999383222312e-05,69.89999383222312
z,7.059999916236848e-05,70.59999916236848
z,6.930000381544232e-05,69.30000381544232
z,0.00010720000136643648,107.20000136643648
z,7.119998917914927e-05,71.19998917914927
z,6.859999848529696e-05,68.59999848529696
z,6.839999696239829e-05,68.39999696239829
z,6.880000000819564e-05,68.80000000819564
z,6.890000076964498e-05,68.90000076964498
z,6.890000076964498e-05,68.90000076964498
z,6.850001227576286e-05,68.50001227576286
z,6.890000076964498e-05,68.90000076964498
z,6.9500005338341e-05,69.500005338341
z,6.920000305399299e-05,69.20000305399299
z,6.849999772384763e-05,68.49999772384763
z,6.859999848529696e-05,68.59999848529696
z,6.849999772384763e-05,68.49999772384763
z,6.900000153109431e-05,69.00000153109431
z,6.880000000819564e-05,68.80000000819564
z,6.900000153109431e-05,69.00000153109431
z,6.890000076964498e-05,68.90000076964498
z,7.780001033097506e-05,77.80001033097506
z,6.930000381544232e-05,69.30000381544232
z,6.880000000819564e-05,68.80000000819564
z,6.910000229254365e-05,69.10000229254365
z,6.849999772384763e-05,68.49999772384763
z,6.919998850207776e-05,69.19998850207776
z,6.849999772384763e-05,68.49999772384763
z,6.859999848529696e-05,68.59999848529696
z,6.78999931551516e-05,67.8999931551516
z,6.939999002497643e-05,69.39999002497643
z,6.960000609979033e-05,69.60000609979033
z,6.880000000819564e-05,68.80000000819564
z,6.940000457689166e-05,69.40000457689166
z,6.86999992467463e-05,68.6999992467463
z,6.839999696239829e-05,68.39999696239829
z,6.86999992467463e-05,68.6999992467463
z,6.919998850207776e-05,69.19998850207776
z,6.890000076964498e-05,68.90000076964498
z,6.919998850207776e-05,69.19998850207776
z,7.860000187065452e-05,78.60000187065452
z,6.95999915478751e-05,69.5999915478751
z,7.300000288523734e-05,73.00000288523734
z,6.839999696239829e-05,68.39999696239829
z,6.900000153109431e-05,69.00000153109431
z,7.020001066848636e-05,70.20001066848636
z,6.840001151431352e-05,68.40001151431352
z,6.840001151431352e-05,68.40001151431352
z,6.900000153109431e-05,69.00000153109431
z,7.819999882485718e-05,78.19999882485718
z,7.229999755509198e-05,72.29999755509198
z,7.069999992381781e-05,70.69999992381781
z,6.930000381544232e-05,69.30000381544232
z,7.019999611657113e-05,70.19999611657113
z,7.029999687802047e-05,70.29999687802047
z,7.069999992381781e-05,70.69999992381781
z,7.089998689480126e-05,70.89998689480126
z,7.140000525396317e-05,71.40000525396317
z,7.000000914558768e-05,70.00000914558768
z,6.900000153109431e-05,69.00000153109431
z,6.969999230932444e-05,69.69999230932444
z,7.009999535512179e-05,70.09999535512179
z,7.37999944249168e-05,73.7999944249168
z,6.920000305399299e-05,69.20000305399299
z,7.399999594781548e-05,73.99999594781548
z,7.119998917914927e-05,71.19998917914927
z,6.900000153109431e-05,69.00000153109431
z,6.880000000819564e-05,68.80000000819564
z,6.900000153109431e-05,69.00000153109431
z,6.839999696239829e-05,68.39999696239829
z,6.859999848529696e-05,68.59999848529696
z,6.850001227576286e-05,68.50001227576286
z,6.849999772384763e-05,68.49999772384763
z,6.86999992467463e-05,68.6999992467463
z,6.849999772384763e-05,68.49999772384763
z,6.920000305399299e-05,69.20000305399299
z,6.940000457689166e-05,69.40000457689166
z,7.850000110920519e-05,78.50000110920519
z,7.149999146349728e-05,71.49999146349728
z,7.03999976394698e-05,70.3999976394698
z,6.909998774062842e-05,69.09998774062842
z,6.86999992467463e-05,68.6999992467463
z,6.930000381544232e-05,69.30000381544232
z,6.890000076964498e-05,68.90000076964498
z,6.880000000819564e-05,68.80000000819564
z,6.919998850207776e-05,69.19998850207776
z,6.880000000819564e-05,68.80000000819564
z,6.890000076964498e-05,68.90000076964498
z,6.920000305399299e-05,69.20000305399299
z,6.92999892635271e-05,69.2999892635271
z,6.910000229254365e-05,69.10000229254365
z,6.890000076964498e-05,68.90000076964498
z,6.890000076964498e-05,68.90000076964498
z,6.880000000819564e-05,68.80000000819564
z,6.970000686123967e-05,69.70000686123967
z,6.890000076964498e-05,68.90000076964498
z,6.880000000819564e-05,68.80000000819564
z,6.849999772384763e-05,68.49999772384763
z,6.819999543949962e-05,68.19999543949962
z,6.849999772384763e-05,68.49999772384763
z,6.86999992467463e-05,68.6999992467463
z,6.849999772384763e-05,68.49999772384763
z,6.890000076964498e-05,68.90000076964498
z,6.900000153109431e-05,69.00000153109431
z,6.799999391660094e-05,67.99999391660094
z,6.770000618416816e-05,67.70000618416816
z,7.609999738633633e-05,76.09999738633633
z,7.03999976394698e-05,70.3999976394698
z,7.2900002123788e-05,72.900002123788
z,6.910000229254365e-05,69.10000229254365
z,6.890000076964498e-05,68.90000076964498
z,6.910000229254365e-05,69.10000229254365
z,6.849999772384763e-05,68.49999772384763
z,6.86999992467463e-05,68.6999992467463
z,6.850001227576286e-05,68.50001227576286
z,6.820000999141484e-05,68.20000999141484
z,6.880000000819564e-05,68.80000000819564
z,6.859999848529696e-05,68.59999848529696
z,6.880000000819564e-05,68.80000000819564
z,6.849999772384763e-05,68.49999772384763
z,6.859999848529696e-05,68.59999848529696
z,6.890000076964498e-05,68.90000076964498
z,6.910000229254365e-05,69.10000229254365
z,6.829999620094895e-05,68.29999620094895
z,6.86999992467463e-05,68.6999992467463
z,6.919998850207776e-05,69.19998850207776
z,6.849999772384763e-05,68.49999772384763
z,6.880000000819564e-05,68.80000000819564
z,6.900000153109431e-05,69.00000153109431
z,6.930000381544232e-05,69.30000381544232
z,6.9500005338341e-05,69.500005338341
z,6.949999078642577e-05,69.49999078642577
z,6.989999383222312e-05,69.89999383222312
z,6.86999992467463e-05,68.6999992467463
z,7.809999806340784e-05,78.09999806340784
z,7.259999983943999e-05,72.59999983943999
z,6.999999459367245e-05,69.99999459367245
z,6.930000381544232e-05,69.30000381544232
z,6.890000076964498e-05,68.90000076964498
z,6.880000000819564e-05,68.80000000819564
z,6.880000000819564e-05,68.80000000819564
z,6.920000305399299e-05,69.20000305399299
z,6.92999892635271e-05,69.2999892635271
z,6.910000229254365e-05,69.10000229254365
z,6.840001151431352e-05,68.40001151431352
z,6.820000999141484e-05,68.20000999141484
z,6.86999992467463e-05,68.6999992467463
z,6.880000000819564e-05,68.80000000819564
z,6.920000305399299e-05,69.20000305399299
z,6.910000229254365e-05,69.10000229254365
z,6.939999002497643e-05,69.39999002497643
z,6.890000076964498e-05,68.90000076964498
z,7.009999535512179e-05,70.09999535512179
z,6.940000457689166e-05,69.40000457689166
z,6.880000000819564e-05,68.80000000819564
z,6.880000000819564e-05,68.80000000819564
z,6.930000381544232e-05,69.30000381544232
z,6.899998697917908e-05,68.99998697917908
z,6.900000153109431e-05,69.00000153109431
z,6.900000153109431e-05,69.00000153109431
z,6.890000076964498e-05,68.90000076964498
z,6.9500005338341e-05,69.500005338341
z,6.980000762268901e-05,69.80000762268901
z,7.79999973019585e-05,77.9999973019585
z,6.999999459367245e-05,69.99999459367245
z,7.059999916236848e-05,70.59999916236848
z,7.019999611657113e-05,70.19999611657113
z,6.95999915478751e-05,69.5999915478751
z,6.910000229254365e-05,69.10000229254365
z,6.880000000819564e-05,68.80000000819564
z,6.95999915478751e-05,69.5999915478751
z,6.880000000819564e-05,68.80000000819564
z,6.900000153109431e-05,69.00000153109431
z,6.880000000819564e-05,68.80000000819564
z,6.839999696239829e-05,68.39999696239829
z,6.900000153109431e-05,69.00000153109431
z,6.860001303721219e-05,68.6000130372122
z,6.930000381544232e-05,69.30000381544232
z,6.939999002497643e-05,69.39999002497643
z,6.930000381544232e-05,69.30000381544232
z,6.890000076964498e-05,68.90000076964498
z,6.900000153109431e-05,69.00000153109431
z,6.960000609979033e-05,69.60000609979033
z,6.919998850207776e-05,69.19998850207776
z,6.940000457689166e-05,69.40000457689166
z,6.930000381544232e-05,69.30000381544232
z,0.0001255000097444281,125.5000097444281
z,8.120000711642206e-05,81.20000711642206
z,7.870000263210386e-05,78.70000263210386
z,7.2900002123788e-05,72.900002123788
z,8.030000026337802e-05,80.30000026337802
z,7.520000508520752e-05,75.20000508520752
z,7.239999831654131e-05,72.39999831654131
z,7.080000068526715e-05,70.80000068526715
z,7.03999976394698e-05,70.3999976394698
z,7.059999916236848e-05,70.59999916236848
z,6.9500005338341e-05,69.500005338341
z,6.989999383222312e-05,69.89999383222312
z,6.919998850207776e-05,69.19998850207776
z,8.410000009462237e-05,84.10000009462237
z,7.429999823216349e-05,74.29999823216349
z,7.140000525396317e-05,71.40000525396317
z,7.149999146349728e-05,71.49999146349728
z,7.029999687802047e-05,70.29999687802047
z,6.949999078642577e-05,69.49999078642577
z,6.9500005338341e-05,69.500005338341
z,6.960000609979033e-05,69.60000609979033
z,6.940000457689166e-05,69.40000457689166
z,6.900000153109431e-05,69.00000153109431
z,6.910000229254365e-05,69.10000229254365
z,6.95999915478751e-05,69.5999915478751
z,6.920000305399299e-05,69.20000305399299
z,6.930000381544232e-05,69.30000381544232
z,6.86999992467463e-05,68.6999992467463
z,6.92999892635271e-05,69.2999892635271
z,6.989999383222312e-05,69.89999383222312
z,6.900000153109431e-05,69.00000153109431
z,6.919998850207776e-05,69.19998850207776
z,7.6299998909235e-05,76.299998909235
z,0.00010840001050382853,108.40001050382853
z,7.23000121070072e-05,72.3000121070072
z,7.069999992381781e-05,70.69999992381781
z,6.979999307077378e-05,69.79999307077378
z,6.9500005338341e-05,69.500005338341
z,6.990000838413835e-05,69.90000838413835
z,7.029999687802047e-05,70.29999687802047
z,6.920000305399299e-05,69.20000305399299
z,6.900000153109431e-05,69.00000153109431
z,6.930000381544232e-05,69.30000381544232
z,6.870001379866153e-05,68.70001379866153
z,6.890000076964498e-05,68.90000076964498
z,6.880000000819564e-05,68.80000000819564
z,6.900000153109431e-05,69.00000153109431
z,6.969999230932444e-05,69.69999230932444
z,6.980000762268901e-05,69.80000762268901
z,6.9500005338341e-05,69.500005338341
z,6.9500005338341e-05,69.500005338341
z,6.989999383222312e-05,69.89999383222312
z,6.890000076964498e-05,68.90000076964498
z,6.920000305399299e-05,69.20000305399299
z,6.849999772384763e-05,68.49999772384763
z,6.86999992467463e-05,68.6999992467463
z,6.920000305399299e-05,69.20000305399299
z,6.850001227576286e-05,68.50001227576286
z,6.930000381544232e-05,69.30000381544232
z,6.880000000819564e-05,68.80000000819564
z,7.770000956952572e-05,77.70000956952572
z,7.029999687802047e-05,70.29999687802047
z,6.890000076964498e-05,68.90000076964498
z,6.880000000819564e-05,68.80000000819564
z,6.839999696239829e-05,68.39999696239829
z,6.930000381544232e-05,69.30000381544232
z,6.92999892635271e-05,69.2999892635271
z,6.989999383222312e-05,69.89999383222312
z,6.9500005338341e-05,69.500005338341
z,6.920000305399299e-05,69.20000305399299
z,6.92999892635271e-05,69.2999892635271
z,6.86999992467463e-05,68.6999992467463
z,6.839999696239829e-05,68.39999696239829
z,6.860001303721219e-05,68.6000130372122
z,6.829999620094895e-05,68.29999620094895
z,6.86999992467463e-05,68.6999992467463
z,6.839999696239829e-05,68.39999696239829
z,6.819999543949962e-05,68.19999543949962
z,6.919998850207776e-05,69.19998850207776
z,6.920000305399299e-05,69.20000305399299
z,6.830001075286418e-05,68.30001075286418
z,6.820000999141484e-05,68.20000999141484
z,6.849999772384763e-05,68.49999772384763
z,6.920000305399299e-05,69.20000305399299
z,6.880000000819564e-05,68.80000000819564
z,6.839999696239829e-05,68.39999696239829
z,6.900000153109431e-05,69.00000153109431
z,7.529999129474163e-05,75.29999129474163
z,6.819999543949962e-05,68.19999543949962
z,7.690000347793102e-05,76.90000347793102
z,6.970000686123967e-05,69.70000686123967
z,6.900000153109431e-05,69.00000153109431
z,6.910000229254365e-05,69.10000229254365
z,6.859999848529696e-05,68.59999848529696
z,6.859999848529696e-05,68.59999848529696
z,6.809999467805028e-05,68.09999467805028
z,6.920000305399299e-05,69.20000305399299
z,7.419999747071415e-05,74.19999747071415
z,7.010000990703702e-05,70.10000990703702
z,6.890000076964498e-05,68.90000076964498
z,6.829999620094895e-05,68.29999620094895
z,6.819999543949962e-05,68.19999543949962
z,6.819999543949962e-05,68.19999543949962
z,6.980000762268901e-05,69.80000762268901
z,7.100000220816582e-05,71.00000220816582
z,7.009999535512179e-05,70.09999535512179
z,6.949999078642577e-05,69.49999078642577
z,6.969999230932444e-05,69.69999230932444
z,6.849999772384763e-05,68.49999772384763
z,6.920000305399299e-05,69.20000305399299
z,6.940000457689166e-05,69.40000457689166
z,6.899998697917908e-05,68.99998697917908
z,6.849999772384763e-05,68.49999772384763
z,6.930000381544232e-05,69.30000381544232
z,7.050001295283437e-05,70.50001295283437
z,6.980000762268901e-05,69.80000762268901
z,6.940000457689166e-05,69.40000457689166
z,7.609999738633633e-05,76.09999738633633
z,7.020001066848636e-05,70.20001066848636
z,6.890000076964498e-05,68.90000076964498
z,6.829999620094895e-05,68.29999620094895
z,6.819999543949962e-05,68.19999543949962
z,6.839999696239829e-05,68.39999696239829
z,6.909998774062842e-05,69.09998774062842
z,6.930000381544232e-05,69.30000381544232
z,6.830001075286418e-05,68.30001075286418
z,6.859999848529696e-05,68.59999848529696
z,6.809999467805028e-05,68.09999467805028
z,6.960000609979033e-05,69.60000609979033
z,7.590001041535288e-05,75.90001041535288
z,6.859999848529696e-05,68.59999848529696
z,6.910000229254365e-05,69.10000229254365
z,6.920000305399299e-05,69.20000305399299
z,6.900000153109431e-05,69.00000153109431
z,6.920000305399299e-05,69.20000305399299
z,6.849999772384763e-05,68.49999772384763
z,6.900000153109431e-05,69.00000153109431
z,6.970000686123967e-05,69.70000686123967
z,6.850001227576286e-05,68.50001227576286
z,6.829999620094895e-05,68.29999620094895
z,6.800000846851617e-05,68.00000846851617
z,6.940000457689166e-05,69.40000457689166
z,6.840001151431352e-05,68.40001151431352
z,6.86999992467463e-05,68.6999992467463
z,6.78999931551516e-05,67.8999931551516
z,6.829999620094895e-05,68.29999620094895
z,7.979999645613134e-05,79.79999645613134
z,7.049999840091914e-05,70.49999840091914
z,6.909998774062842e-05,69.09998774062842
z,6.890000076964498e-05,68.90000076964498
z,6.880000000819564e-05,68.80000000819564
z,7.809999806340784e-05,78.09999806340784
z,6.880000000819564e-05,68.80000000819564
z,6.910000229254365e-05,69.10000229254365
z,6.86999992467463e-05,68.6999992467463
z,6.86999992467463e-05,68.6999992467463
z,7.85999873187393e-05,78.5999873187393
z,6.839999696239829e-05,68.39999696239829
z,6.86999992467463e-05,68.6999992467463
z,6.949999078642577e-05,69.49999078642577
z,6.910000229254365e-05,69.10000229254365
z,6.980000762268901e-05,69.80000762268901
z,7.459998596459627e-05,74.59998596459627
z,9.650000720284879e-05,96.50000720284879
z,0.00014599999121855944,145.99999121855944
z,8.079998951870948e-05,80.79998951870948
z,7.429999823216349e-05,74.29999823216349
z,7.309998909477144e-05,73.09998909477144
z,7.270000060088933e-05,72.70000060088933
z,7.080000068526715e-05,70.80000068526715
z,7.189999450929463e-05,71.89999450929463
z,7.090000144671649e-05,70.90000144671649
z,8.189999789465219e-05,81.89999789465219
z,7.2900002123788e-05,72.900002123788
z,7.069999992381781e-05,70.69999992381781
z,6.960000609979033e-05,69.60000609979033
z,7.019999611657113e-05,70.19999611657113
z,6.9500005338341e-05,69.500005338341
z,6.969999230932444e-05,69.69999230932444
z,6.940000457689166e-05,69.40000457689166
z,6.86999992467463e-05,68.6999992467463
z,6.859999848529696e-05,68.59999848529696
z,6.919998850207776e-05,69.19998850207776
z,6.920000305399299e-05,69.20000305399299
z,6.919998850207776e-05,69.19998850207776
z,6.999999459367245e-05,69.99999459367245
z,6.999999459367245e-05,69.99999459367245
z,6.910000229254365e-05,69.10000229254365
z,6.86999992467463e-05,68.6999992467463
z,6.829999620094895e-05,68.29999620094895
z,6.86999992467463e-05,68.6999992467463
z,6.939999002497643e-05,69.39999002497643
z,6.890000076964498e-05,68.90000076964498
z,6.939999002497643e-05,69.39999002497643
z,6.880000000819564e-05,68.80000000819564
z,6.859999848529696e-05,68.59999848529696
z,6.960000609979033e-05,69.60000609979033
z,6.919998850207776e-05,69.19998850207776
z,6.819999543949962e-05,68.19999543949962
z,6.849999772384763e-05,68.49999772384763
z,6.919998850207776e-05,69.19998850207776
z,7.720000576227903e-05,77.20000576227903
z,6.980000762268901e-05,69.80000762268901
z,6.920000305399299e-05,69.20000305399299
z,6.949999078642577e-05,69.49999078642577
z,6.910000229254365e-05,69.10000229254365
z,0.00022870000975672156,228.70000975672156
z,0.00010219999239780009,102.19999239780009
z,9.160001354757696e-05,91.60001354757696
z,7.759999425616115e-05,77.59999425616115
z,7.609999738633633e-05,76.09999738633633
z,7.470000127796084e-05,74.70000127796084
z,7.320000440813601e-05,73.20000440813601
z,7.139999070204794e-05,71.39999070204794
z,7.169999298639596e-05,71.69999298639596
z,7.219999679364264e-05,72.19999679364264
z,0.00012209999840706587,122.09999840706587
z,8.290000550914556e-05,82.90000550914556
z,8.650000381749123e-05,86.50000381749123
z,7.429999823216349e-05,74.29999823216349
z,7.280000136233866e-05,72.80000136233866
z,7.219999679364264e-05,72.19999679364264
z,7.349999214056879e-05,73.49999214056879
z,7.12000037310645e-05,71.2000037310645
z,7.140000525396317e-05,71.40000525396317
z,7.069999992381781e-05,70.69999992381781
z,7.009999535512179e-05,70.09999535512179
z,6.969999230932444e-05,69.69999230932444
z,6.979999307077378e-05,69.79999307077378
z,6.980000762268901e-05,69.80000762268901
z,6.930000381544232e-05,69.30000381544232
z,7.649998588021845e-05,76.49998588021845
z,6.999999459367245e-05,69.99999459367245
z,6.970000686123967e-05,69.70000686123967
z,6.880000000819564e-05,68.80000000819564
z,6.969999230932444e-05,69.69999230932444
z,8.030000026337802e-05,80.30000026337802
z,7.03999976394698e-05,70.3999976394698
z,7.06000137142837e-05,70.6000137142837
z,7.009999535512179e-05,70.09999535512179
z,6.990000838413835e-05,69.90000838413835
z,7.2900002123788e-05,72.900002123788
z,7.090000144671649e-05,70.90000144671649
z,7.080000068526715e-05,70.80000068526715
z,6.999999459367245e-05,69.99999459367245
z,6.949999078642577e-05,69.49999078642577
z,7.809999806340784e-05,78.09999806340784
z,7.019999611657113e-05,70.19999611657113
z,6.9500005338341e-05,69.500005338341
z,7.009999535512179e-05,70.09999535512179
z,7.019999611657113e-05,70.19999611657113
z,7.059999916236848e-05,70.59999916236848
z,6.9500005338341e-05,69.500005338341
z,6.95999915478751e-05,69.5999915478751
z,6.910000229254365e-05,69.10000229254365
z,6.980000762268901e-05,69.80000762268901
z,7.000000914558768e-05,70.00000914558768
z,7.600001117680222e-05,76.00001117680222
z,6.970000686123967e-05,69.70000686123967
z,6.970000686123967e-05,69.70000686123967
z,6.939999002497643e-05,69.39999002497643
z,6.989999383222312e-05,69.89999383222312
z,6.970000686123967e-05,69.70000686123967
z,7.090000144671649e-05,70.90000144671649
z,7.109998841769993e-05,71.09998841769993
z,7.199999527074397e-05,71.99999527074397
z,7.110000296961516e-05,71.10000296961516
z,7.059999916236848e-05,70.59999916236848
z,7.009999535512179e-05,70.09999535512179
z,7.049999840091914e-05,70.49999840091914
z,6.989999383222312e-05,69.89999383222312
z,7.019999611657113e-05,70.19999611657113
z,6.969999230932444e-05,69.69999230932444
z,6.95999915478751e-05,69.5999915478751
z,7.870000263210386e-05,78.70000263210386
z,7.069999992381781e-05,70.69999992381781
z,6.970000686123967e-05,69.70000686123967
z,6.990000838413835e-05,69.90000838413835
z,6.9500005338341e-05,69.500005338341
z,6.909998774062842e-05,69.09998774062842
z,6.999999459367245e-05,69.99999459367245
z,7.010000990703702e-05,70.10000990703702
z,7.160000677686185e-05,71.60000677686185
z,7.059999916236848e-05,70.59999916236848
z,7.059999916236848e-05,70.59999916236848
z,7.049999840091914e-05,70.49999840091914
z,7.069999992381781e-05,70.69999992381781
z,6.979999307077378e-05,69.79999307077378
z,6.999999459367245e-05,69.99999459367245
z,6.960000609979033e-05,69.60000609979033
z,7.340000593103468e-05,73.40000593103468
z,6.989999383222312e-05,69.89999383222312
z,6.999999459367245e-05,69.99999459367245
z,6.969999230932444e-05,69.69999230932444
z,6.920000305399299e-05,69.20000305399299
z,7.000000914558768e-05,70.00000914558768
z,6.9500005338341e-05,69.500005338341
z,6.970000686123967e-05,69.70000686123967
z,6.919998850207776e-05,69.19998850207776
z,6.940000457689166e-05,69.40000457689166
z,6.9500005338341e-05,69.500005338341
z,6.890000076964498e-05,68.90000076964498
z,7.720000576227903e-05,77.20000576227903
z,7.020001066848636e-05,70.20001066848636
z,6.990000838413835e-05,69.90000838413835
z,6.940000457689166e-05,69.40000457689166
z,6.939999002497643e-05,69.39999002497643
z,6.969999230932444e-05,69.69999230932444
z,6.970000686123967e-05,69.70000686123967
z,6.9500005338341e-05,69.500005338341
z,7.03000114299357e-05,70.3000114299357
z,7.000000914558768e-05,70.00000914558768
z,7.010000990703702e-05,70.10000990703702
z,6.990000838413835e-05,69.90000838413835
z,6.9500005338341e-05,69.500005338341
z,6.949999078642577e-05,69.49999078642577
z,6.969999230932444e-05,69.69999230932444
z,6.849999772384763e-05,68.49999772384763
z,6.880000000819564e-05,68.80000000819564
z,6.940000457689166e-05,69.40000457689166
z,6.910000229254365e-05,69.10000229254365
z,6.910000229254365e-05,69.10000229254365
z,6.969999230932444e-05,69.69999230932444
z,7.009999535512179e-05,70.09999535512179
z,6.940000457689166e-05,69.40000457689166
z,6.930000381544232e-05,69.30000381544232
z,6.889998621772975e-05,68.89998621772975
z,6.880000000819564e-05,68.80000000819564
z,6.92999892635271e-05,69.2999892635271
z,6.86999992467463e-05,68.6999992467463
z,6.920000305399299e-05,69.20000305399299
z,7.619999814778566e-05,76.19999814778566
z,6.930000381544232e-05,69.30000381544232
z,6.920000305399299e-05,69.20000305399299
z,6.880000000819564e-05,68.80000000819564
z,6.990000838413835e-05,69.90000838413835
z,6.910000229254365e-05,69.10000229254365
z,6.95999915478751e-05,69.5999915478751
z,6.990000838413835e-05,69.90000838413835
z,6.930000381544232e-05,69.30000381544232
z,7.589999586343765e-05,75.89999586343765
z,6.86999992467463e-05,68.6999992467463
z,6.940000457689166e-05,69.40000457689166
z,6.86999992467463e-05,68.6999992467463
z,6.910000229254365e-05,69.10000229254365
z,6.880000000819564e-05,68.80000000819564
z,6.859999848529696e-05,68.59999848529696
z,6.86999992467463e-05,68.6999992467463
z,6.86999992467463e-05,68.6999992467463
z,6.880000000819564e-05,68.80000000819564
z,6.839999696239829e-05,68.39999696239829
z,6.940000457689166e-05,69.40000457689166
z,6.9500005338341e-05,69.500005338341
z,6.95999915478751e-05,69.5999915478751
z,6.940000457689166e-05,69.40000457689166
z,7.009999535512179e-05,70.09999535512179
z,6.970000686123967e-05,69.70000686123967
z,7.010000990703702e-05,70.10000990703702
z,7.080000068526715e-05,70.80000068526715
z,7.840000034775585e-05,78.40000034775585
z,7.110000296961516e-05,71.10000296961516
z,7.049999840091914e-05,70.49999840091914
z,7.040001219138503e-05,70.40001219138503
z,7.020001066848636e-05,70.20001066848636
z,6.980000762268901e-05,69.80000762268901
z,6.980000762268901e-05,69.80000762268901
z,6.970000686123967e-05,69.70000686123967
z,6.949999078642577e-05,69.49999078642577
z,6.95999915478751e-05,69.5999915478751
z,6.970000686123967e-05,69.70000686123967
z,6.9500005338341e-05,69.500005338341
z,6.980000762268901e-05,69.80000762268901
z,6.919998850207776e-05,69.19998850207776
z,6.970000686123967e-05,69.70000686123967
z,6.980000762268901e-05,69.80000762268901
z,6.9500005338341e-05,69.500005338341
z,6.969999230932444e-05,69.69999230932444
z,6.900000153109431e-05,69.00000153109431
z,6.980000762268901e-05,69.80000762268901
z,6.92999892635271e-05,69.2999892635271
z,6.9500005338341e-05,69.500005338341
z,6.930000381544232e-05,69.30000381544232
z,7.009999535512179e-05,70.09999535512179
z,6.989999383222312e-05,69.89999383222312
z,6.999999459367245e-05,69.99999459367245
z,6.95999915478751e-05,69.5999915478751
z,6.969999230932444e-05,69.69999230932444
z,7.6299998909235e-05,76.299998909235
z,7.199999527074397e-05,71.99999527074397
z,7.050001295283437e-05,70.50001295283437
z,7.03999976394698e-05,70.3999976394698
z,7.049999840091914e-05,70.49999840091914
z,6.999999459367245e-05,69.99999459367245
z,6.949999078642577e-05,69.49999078642577
z,6.910000229254365e-05,69.10000229254365
z,6.919998850207776e-05,69.19998850207776
z,6.930000381544232e-05,69.30000381544232
z,6.930000381544232e-05,69.30000381544232
z,6.92999892635271e-05,69.2999892635271
z,6.960000609979033e-05,69.60000609979033
z,7.010000990703702e-05,70.10000990703702
z,6.920000305399299e-05,69.20000305399299
z,7.019999611657113e-05,70.19999611657113
z,6.900000153109431e-05,69.00000153109431
z,7.029999687802047e-05,70.29999687802047
z,7.019999611657113e-05,70.19999611657113
z,6.9500005338341e-05,69.500005338341
z,6.970000686123967e-05,69.70000686123967
z,6.86999992467463e-05,68.6999992467463
z,7.500000356230885e-05,75.00000356230885
z,7.000000914558768e-05,70.00000914558768
z,6.9500005338341e-05,69.500005338341
z,6.949999078642577e-05,69.49999078642577
z,7.03999976394698e-05,70.3999976394698
z,7.03999976394698e-05,70.3999976394698
z,8.829998841974884e-05,88.29998841974884
z,0.00012840000272262841,128.40000272262841
z,9.410000347997993e-05,94.10000347997993
z,8.149999484885484e-05,81.49999484885484
z,7.270000060088933e-05,72.70000060088933
z,7.12000037310645e-05,71.2000037310645
z,7.20000098226592e-05,72.0000098226592
z,7.350000669248402e-05,73.50000669248402
z,7.310000364668667e-05,73.10000364668667
z,7.829999958630651e-05,78.29999958630651
z,7.140000525396317e-05,71.40000525396317
z,7.389999518636614e-05,73.89999518636614
z,7.12000037310645e-05,71.2000037310645
z,7.050001295283437e-05,70.50001295283437
z,7.199999527074397e-05,71.99999527074397
z,7.130000449251384e-05,71.30000449251384
z,7.090000144671649e-05,70.90000144671649
z,6.989999383222312e-05,69.89999383222312
z,7.019999611657113e-05,70.19999611657113
z,7.199999527074397e-05,71.99999527074397
z,7.080000068526715e-05,70.80000068526715
z,7.100000220816582e-05,71.00000220816582
z,7.009999535512179e-05,70.09999535512179
z,6.979999307077378e-05,69.79999307077378
z,6.960000609979033e-05,69.60000609979033
z,6.980000762268901e-05,69.80000762268901
z,6.9500005338341e-05,69.500005338341
z,8.229998638853431e-05,82.29998638853431
z,7.059999916236848e-05,70.59999916236848
z,0.00010579999070614576,105.79999070614576
z,7.239999831654131e-05,72.39999831654131
z,7.12000037310645e-05,71.2000037310645
z,7.20999960321933e-05,72.0999960321933
z,7.520000508520752e-05,75.20000508520752
z,7.029999687802047e-05,70.29999687802047
z,7.009999535512179e-05,70.09999535512179
z,6.970000686123967e-05,69.70000686123967
z,6.980000762268901e-05,69.80000762268901
z,7.010000990703702e-05,70.10000990703702
z,7.019999611657113e-05,70.19999611657113
z,6.900000153109431e-05,69.00000153109431
z,6.95999915478751e-05,69.5999915478751
z,7.019999611657113e-05,70.19999611657113
z,7.019999611657113e-05,70.19999611657113
z,6.95999915478751e-05,69.5999915478751
z,6.930000381544232e-05,69.30000381544232
z,6.910000229254365e-05,69.10000229254365
z,6.909998774062842e-05,69.09998774062842
z,6.9500005338341e-05,69.500005338341
z,6.980000762268901e-05,69.80000762268901
z,6.980000762268901e-05,69.80000762268901
z,6.989999383222312e-05,69.89999383222312
z,6.92999892635271e-05,69.2999892635271
z,6.980000762268901e-05,69.80000762268901
z,7.599999662488699e-05,75.99999662488699
z,7.150000601541251e-05,71.50000601541251
z,6.9500005338341e-05,69.500005338341
z,6.960000609979033e-05,69.60000609979033
z,6.880000000819564e-05,68.80000000819564
z,6.900000153109431e-05,69.00000153109431
z,6.910000229254365e-05,69.10000229254365
z,6.880000000819564e-05,68.80000000819564
z,6.900000153109431e-05,69.00000153109431
z,6.920000305399299e-05,69.20000305399299
z,6.939999002497643e-05,69.39999002497643
z,7.059999916236848e-05,70.59999916236848
z,7.059999916236848e-05,70.59999916236848
z,7.000000914558768e-05,70.00000914558768
z,7.029999687802047e-05,70.29999687802047
z,6.990000838413835e-05,69.90000838413835
z,6.960000609979033e-05,69.60000609979033
z,7.020001066848636e-05,70.20001066848636
z,7.020001066848636e-05,70.20001066848636
z,6.980000762268901e-05,69.80000762268901
z,6.9500005338341e-05,69.500005338341
z,6.979999307077378e-05,69.79999307077378
z,6.92999892635271e-05,69.2999892635271
z,6.989999383222312e-05,69.89999383222312
z,6.930000381544232e-05,69.30000381544232
z,7.019999611657113e-05,70.19999611657113
z,6.910000229254365e-05,69.10000229254365
z,6.930000381544232e-05,69.30000381544232
z,6.980000762268901e-05,69.80000762268901
z,7.639999967068434e-05,76.39999967068434
z,6.970000686123967e-05,69.70000686123967
z,6.920000305399299e-05,69.20000305399299
z,6.949999078642577e-05,69.49999078642577
z,7.579999510198832e-05,75.79999510198832
z,7.080000068526715e-05,70.80000068526715
z,7.090000144671649e-05,70.90000144671649
z,7.029999687802047e-05,70.29999687802047
z,7.009999535512179e-05,70.09999535512179
z,6.919998850207776e-05,69.19998850207776
z,6.980000762268901e-05,69.80000762268901
z,6.970000686123967e-05,69.70000686123967
z,7.020001066848636e-05,70.20001066848636
z,6.980000762268901e-05,69.80000762268901
z,7.570000889245421e-05,75.7000088924542
z,6.940000457689166e-05,69.40000457689166
z,6.910000229254365e-05,69.10000229254365
z,6.970000686123967e-05,69.70000686123967
z,6.86999992467463e-05,68.6999992467463
z,6.930000381544232e-05,69.30000381544232
z,6.9500005338341e-05,69.500005338341
z,6.949999078642577e-05,69.49999078642577
z,6.940000457689166e-05,69.40000457689166
z,6.910000229254365e-05,69.10000229254365
z,6.969999230932444e-05,69.69999230932444
z,7.480000203941017e-05,74.80000203941017
z,6.899998697917908e-05,68.99998697917908
z,6.910000229254365e-05,69.10000229254365
z,7.729999197181314e-05,77.29999197181314
z,7.009999535512179e-05,70.09999535512179
z,6.969999230932444e-05,69.69999230932444
z,6.949999078642577e-05,69.49999078642577
z,6.999999459367245e-05,69.99999459367245
z,7.03999976394698e-05,70.3999976394698
z,7.390000973828137e-05,73.90000973828137
z,7.380000897683203e-05,73.80000897683203
z,6.910000229254365e-05,69.10000229254365
z,6.969999230932444e-05,69.69999230932444
z,6.9500005338341e-05,69.500005338341
z,6.990000838413835e-05,69.90000838413835
z,7.000000914558768e-05,70.00000914558768
z,7.000000914558768e-05,70.00000914558768
z,7.37000082153827e-05,73.7000082153827
z,7.020001066848636e-05,70.20001066848636
