timestamp,gyro8_x,gyro8_y,gyro8_z
0.0,-0.005942600429724964,-0.011600041069552576,0.018417788528247842
0.005,-0.004000071815853486,-0.01951035268703043,-0.01892787946262224
0.01,0.01588870974451698,0.0013992720271413773,0.0005050943397851065
0.015,0.015531025276339629,0.023120285410828393,-0.005781600832966287
0.02,0.006536857216713815,0.004643529784736036,0.01918321888576911
0.025,0.005184196814710316,-0.012544568988167663,0.014368261598359399
0.03,0.01525961392042479,0.014141922397479524,-0.0020367129715643203
0.035,0.0013011257239935595,-0.012517265603296844,-0.007611905686947984
0.04,-0.0024166447062436928,-0.0029932321143675347,-0.01612300119564474
0.045,0.013911237325804736,0.010792758555192931,0.0038598982041257866
0.05,0.0005219036138309194,0.01951570746372531,-0.01470355401181678
0.055,-0.024056109199971847,0.014374287571121103,-0.006384068063702583
0.06,-0.0020060660552163106,0.0013969089899336378,0.024446266524849766
0.065,3.336556493321229e-05,0.006733749402282257,-0.01095209498282253
0.07,-0.005205711303688335,0.040416476794047834,0.0067919329559305115
0.075,0.0016705404012681525,0.011448765530781876,0.010008167433758014
0.08,-0.01596380161528751,0.016374201474313985,0.0068460689863928245
0.085,0.022512967725336334,-0.009677220577423894,0.004252651464785877
0.09,0.008516600907413161,0.007644324127349466,-0.005375069957565359
0.095,0.00783403220812188,0.004382045096429616,-0.012796702130119419
0.1,-0.0079284423461384,0.003524018323077454,0.007827239281864002
0.105,-0.008079608852866781,0.004595813187292335,-0.012093998289480632
0.11,0.008378016565133027,0.016556093156677158,0.023279441661349678
0.115,-0.0005132637818742909,0.018785165344030692,0.0207529048115333
0.12,0.024868802553920842,0.017494614564280746,0.011644525915284011
0.125,0.002409753889013706,0.020851746342298663,-0.015279876784674268
0.13,0.00134863602626494,0.0199460370576063,0.004312694508040554
0.135,0.019594042549487413,0.020688838250989883,0.0022884010044301566
0.14,-0.0014387358417746261,0.01934989569920257,-0.007416693051486115
0.145,0.010748334719222851,0.01984603930073578,-0.0016153630073037556
0.15,0.010804388569557767,0.013691210001042523,-0.002807059722746295
0.155,0.020528305646023943,0.021093740507747108,-0.010558846770572948
0.16,0.013879630677446266,0.014236779332664023,-0.013313581229404188
0.165,0.013163334194623039,0.039099568660339215,-0.018301897169449282
0.17,0.0003754360499742815,0.023189562802071594,0.004417119052002743
0.17500000000000002,0.009625991300704044,0.03268212022461425,0.009351407587458628
0.18,0.017585376613169824,0.008543567306722628,-0.00660989037357782
0.185,0.006236070121424444,0.022911348310460333,-0.004974712406248712
0.19,0.007212742568205408,0.029614294674956538,0.0018905252588591144
0.195,0.028122390704914037,0.019592439229161537,0.003330302277926986
0.2,0.020458159356135187,0.017097808837779803,-0.02394657270493107
0.20500000000000002,0.017196281963446605,0.024461921936627357,0.0017385033389671024
0.21,0.0011445177981669104,0.011986133216375792,0.0015358210617437032
0.215,0.00870986953593731,0.016298501556808516,0.013041397060007568
0.22,0.029542444068765134,-0.008286328876202401,-0.01234153475706639
0.225,0.026405043807205326,0.01370204112290242,0.007955109541867058
0.23,0.006368753147926659,-0.006312143762929138,-0.01046543160040397
0.23500000000000001,0.020433120625642134,0.017551033672315076,0.009907335921348778
0.24,0.02810776306619908,0.009141140962757074,-0.009829298183418569
0.245,0.014409498798810602,-0.0050815322328402746,0.0072636623289440184
0.25,0.016022460839924927,0.006902765479764912,-0.008198759553419309
0.255,0.018320440858596028,-0.009094467700598222,0.0012495960124695215
0.26,0.0065872391746184256,0.0009633365708171422,-0.026729362597560497
0.265,0.030716159214132507,0.021457250520360033,0.00047227188554315076
0.27,0.00376834416817035,0.020989920821205148,-0.003413050969374729
0.275,0.016076267078594227,0.01849303206657365,-0.014751665355335418
0.28,0.022420911348796195,0.012254221932107921,-0.015258936801444134
0.28500000000000003,0.002868814487931408,0.009403263803932582,-0.026480765737612648
0.29,0.011007139129851308,-0.010206606653026435,-0.006525343577464067
0.295,0.030311844635273234,0.027015336502235403,-0.021961727695922584
0.3,0.014573106101348451,0.02315309936077884,0.000911627165824617
0.305,0.017877758947087277,0.009947219426263799,0.001027232407586804
0.31,0.01585521668512692,0.018933235528438945,-0.02327714540704278
0.315,0.025147659615071087,0.011219170398208887,-0.006904705619665309
0.32,0.010001594483829396,0.009493178496562997,-0.004761124691072016
0.325,0.03244293579738631,0.006429133046397417,-0.016304012521520778
0.33,0.013272305335569733,0.008764083809054354,-0.013248090648418523
0.335,0.0307855943176764,0.009735152245732617,-0.011620723003547115
0.34,0.03611187555302319,0.02216856552797079,-0.00027521919494960696
0.34500000000000003,0.024309357437312145,0.008568803135677398,0.01669498425274235
0.35000000000000003,0.023571013128436208,0.013494290887137694,-0.016534711318343855
0.355,0.012900484652235387,0.002526270838546301,0.008209888130117762
0.36,0.013384639877323166,-0.0032606019302792414,-0.012880637985708196
0.365,0.02493507911753078,0.001945902446747945,-0.007588615136777348
0.37,0.03381464030819949,0.011290379974875111,-0.0019985061848929835
0.375,0.002710294412604652,0.014447647780477297,-0.008515513864689142
0.38,0.007918480102463744,0.03533624955680946,0.013239187386215764
0.385,0.014444696136233054,-0.007990344253595004,-0.009716886660788031
0.39,0.020639114530626862,0.00988404177746189,-0.0051484337603559735
0.395,0.0069875472707682535,0.011078038859212384,-0.011384505214745476
0.4,0.01930803701402351,-0.00587817066963235,-0.0012005338383418848
0.405,0.03571269291019014,0.01985918788349985,-0.009113488227801156
0.41000000000000003,0.014945194465720976,0.02492915693814758,0.003878475392763981
0.41500000000000004,0.03628249272041297,0.021351900232286867,-0.011916326566374986
0.42,0.026798500645160962,0.029642071419497214,-0.022255894157503297
0.425,0.019271506178839475,0.010441566905672958,0.008633045924748506
0.43,0.03607490059603678,0.0016615315923268347,-0.004822372983145225
0.435,0.03799278647156273,0.00974949356487197,-0.01943270047684862
0.44,0.034224506857700544,0.004792582873622671,-0.022791722897672007
0.445,0.049422689143789875,0.025741461695634963,-0.003512606314337605
0.45,0.03591933716759854,0.02447049356912252,-0.014741988546414665
0.455,0.04464781999404228,0.01972575788890231,0.009709309376878033
0.46,0.032366757912165575,0.01842206447178369,-0.0003172163689513902
0.465,0.02806540254103083,0.03284924680788052,0.01711345606897002
0.47000000000000003,0.028886583338593168,0.015713540585599973,-0.00594656304251929
0.47500000000000003,0.053286896909194,0.007948361470368131,-0.015251745302782683
0.48,0.02449046465085248,-0.013773020580562264,-0.015201382904242038
0.485,0.029647100819238322,0.023273792177639484,-0.011372611453366177
0.49,0.023096229008085053,0.024855608717655436,-0.004548997076106447
0.495,0.020609050144651683,0.020372242361331134,-0.01256511292668917
0.5,0.0255829900762139,-0.00878122651312072,-0.013653139564954654
0.505,0.025795292107099507,0.016615621273673453,-0.020003910131956827
0.51,0.02787598029700808,0.010024942985232013,-0.01900513095083201
0.515,0.02953319254663087,0.0023304080090551073,0.004003099960769873
0.52,0.03116654922252566,0.0038007286197861007,-0.012122276412989328
0.525,0.027104487877748114,0.0022493093598660433,0.0004464063908415244
0.53,0.03549660157720213,0.013414737970080345,-0.011085982327851554
0.535,0.02221427511032713,-0.005917749553135684,-0.006512824034257038
0.54,0.03738343484416261,-0.008807041314914195,-0.007311347084563751
0.545,0.02492636533517198,-0.005188018977413398,-0.016605598872312857
0.55,0.020739332428092998,-0.003351333159503365,-0.007212531721101274
0.555,0.02429239231890806,0.006741811066404873,-0.015594073538921716
0.56,0.01838568688122571,-0.005603445554384075,-0.010165004796533018
0.5650000000000001,0.022583608720746686,0.003094659189108567,-0.019372211940664397
0.5700000000000001,0.013578672178296516,0.01445309535045198,-0.017264021868304672
0.5750000000000001,0.010705593640579096,0.003583013174294507,-0.008377876102838312
0.58,0.017406296193366436,-0.014284244592866865,-0.013670727862383143
0.585,0.005376612402048387,-0.005398986246721723,-0.01144382782356364
0.59,0.023522300782779032,0.005277910631182421,-0.024871815276056426
0.595,0.024395449537413932,-0.031838086333340974,-0.014945507197710244
0.6,0.013273557345707426,-0.018958405785809276,-0.01696914744327694
0.605,0.023297516683172495,0.00236362596440559,-0.01244955167224364
0.61,0.013337939787505184,-0.023262019291970422,-0.022710918613551147
0.615,0.027663144691004983,-0.005483253463021899,-0.023474601387375046
0.62,-0.0008505799708104205,0.0018454575043542645,-0.013332244051058973
0.625,0.02828941191209832,-0.00821174806256653,-0.024771564951517458
0.63,0.009049050942327812,-0.0058726673005944615,-0.02798754511568611
0.635,0.039122905568222004,-0.012885290150595282,-0.00993426744986044
0.64,0.018191297183385746,-0.0007691866288334244,-0.03500345225084826
0.645,0.009775341831119042,-0.013447628976653508,-0.01981059776765415
0.65,0.015631726735903295,-0.014868132170361075,-0.033703641032304346
0.655,0.010584066796427236,-0.009331334238631896,0.004124249154715951
0.66,0.0224208106247259,0.0018585364266581468,-0.023735752903475092
0.665,0.0029581448342645197,-0.00027831608797977084,-0.021675021163717476
0.67,0.026518682124654934,0.005615423104174221,-0.023509495003405982
0.675,0.020733079435906663,-0.0035638289889673943,-0.03206926088932107
0.68,0.007380861059883044,-0.009308821282110222,-0.009671590978506346
0.685,0.0344591615821579,0.009171627155107009,-0.031041870212501346
0.6900000000000001,0.01665547484088168,-0.0010644040825889176,-0.015864880960862995
0.6950000000000001,0.02107628339753086,-0.015099940602196714,-0.010616546632351544
0.7000000000000001,0.004761679694215417,-0.008672714417574315,-0.033770622621703494
0.705,0.02624108911830112,-0.006302496864171871,-0.02693272606302712
0.71,0.016907148012388212,0.010989862204388537,-0.015370651109909008
0.715,0.03304156791619191,0.007316721407240779,-0.0007967322397539021
0.72,0.033151188829822605,0.0012576855959144006,-0.004195435611815266
0.725,0.014542268489346954,-0.00791545922075409,-0.015325553519436846
0.73,0.020237257243074326,0.01349515964046133,-0.028335051537754015
0.735,0.0201848948419385,-0.0063854459024537125,-0.022114384621229263
0.74,0.01054744075273233,-0.015096217998298573,-0.02765561409061058
0.745,0.015485131293593078,0.0016750913596546818,-0.021739801944362255
0.75,0.0201653570660503,-0.00932621098690018,-0.025102498932701413
0.755,0.02017716746720589,-0.017497092414831654,-0.00978051876827418
0.76,0.033255022619463025,-0.0007107118519503923,-0.01958502466953835
0.765,0.017118053427952636,-0.012917037023992833,-0.03587082486399694
0.77,0.03282562461459668,-0.005115843339753944,-0.016215988601109853
0.775,0.008339266102589086,-0.002237774554703209,-0.027669605909008525
0.78,0.026518170452401048,0.0002888989962762066,-0.00976444723780169
0.785,0.01549664901013642,0.002817237927646867,-0.020239405560598757
0.79,0.037308982385835604,-0.009548424521047521,-0.028008454265237962
0.795,0.028452162511755946,-0.0010556696284449488,-0.020947230773350103
0.8,0.032780784392775965,-0.003860421363626988,-0.031876324196870004
0.805,0.027674895071335824,-0.010127716284872535,-0.020871946316268635
0.81,0.04108498775546914,0.025126432086984948,-0.0295801640315681
0.8150000000000001,0.04086740023055516,0.015398155703714472,-0.053943613893839656
0.8200000000000001,0.03367599240995023,0.005567919822741012,-0.02390460548212179
0.8250000000000001,0.026815933576767363,0.0016231103474401492,-0.01567962979544625
0.8300000000000001,0.028201306697097816,-0.01112219695410845,-0.026706617388138044
0.835,0.03794052727251322,0.008598859665124924,-0.014689322798812122
0.84,0.03913442543991519,-0.006619904871556465,-0.023645890823657686
0.845,0.020000151839383664,0.01173125557374402,-0.02457409084357853
0.85,0.04610610189526867,-0.01470801851640717,-0.02809855305358464
0.855,0.029720637522304423,-0.015079330688293712,-0.036786060426419444
0.86,0.05566145847260616,0.002281144415274825,-0.02152276822965977
0.865,0.0306825277432523,-0.001400739381698126,-0.015433511741516111
0.87,0.029201800812005973,-0.016129139459377047,-0.031220394029037257
0.875,0.053910343451266676,0.012621387256282396,-0.011994183702305643
0.88,0.03636141008936126,-0.007445941891979222,-0.02511363119486327
0.885,0.03096757738957659,-0.0057981864874357535,-0.008527241776713943
0.89,0.03637161846005322,0.020173766938828365,-0.015125089679596837
0.895,0.04306899416831664,0.0035815288986409317,-0.0157147586100092
0.9,0.04171185823015193,-0.0035118947977081107,-0.0346575599783312
0.905,0.0514112077621595,0.005619142681280285,-0.012031856998016831
0.91,0.03580739424836451,-0.008040427836240047,-0.011425695737080676
0.915,0.026141604457795013,-0.005034460467995692,-0.018198335178609804
0.92,0.05254214136690711,0.003828680906109706,-0.017407390497872707
0.925,0.049486303937010326,-0.003380340524234031,-0.004965318187327737
0.93,0.058185369430383355,-0.014753290692239704,-0.022109954152933726
0.935,0.05474112755184593,-0.0074095827818120704,-0.002447148931843137
0.9400000000000001,0.0489856029908086,0.001969409570492524,-0.03257174675305975
0.9450000000000001,0.05349667715521003,-0.001219801913190163,-0.03258264685886376
0.9500000000000001,0.040074549893088465,0.00392991794503662,-0.024070898270908733
0.9550000000000001,0.027655794457785654,-0.007125158129813799,-0.01362039142653636
0.96,0.03794455236750359,0.00605148384874531,-0.00525670956632303
0.965,0.04987371427063407,0.01063245681452121,-0.03540502133278088
0.97,0.04297305703465689,-0.012823703163893222,-0.029875225308506073
0.975,0.0675789184421217,0.002222536540461738,-0.013411997181537941
0.98,0.044939249020859065,0.010113742917656793,-0.018222427481497997
0.985,0.04923727050251342,-0.005183998592568932,-0.04063978450208406
0.99,0.04060623491488423,-0.018259425167862497,-0.012082873226379617
0.995,0.04378142756195076,0.007093344598159167,-0.037579037097118184
1.0,0.046759195257761635,0.004937758466428947,-0.027427183338186653
1.0050000000000001,0.044033344610865895,-0.0012982525228958284,-0.014918834200130134
1.01,0.04130935876829005,0.0015348444628926366,-0.02430830108676959
1.0150000000000001,0.04483841018775152,-0.014260641141612811,-0.032146451921880974
1.02,0.0379672555856039,3.2481920619191126e-05,-0.005746130301000156
1.025,0.025038055268176228,-0.02583821031484333,-0.03259074828905961
1.03,0.05356939659020695,-0.013268200772374531,-0.05365567557821446
1.035,0.018246889131203745,-0.0035048757021365817,-0.03094524361634751
1.04,0.044324613880834064,-0.017660694213242806,-0.03556233616824639
1.045,0.051104335429948355,0.023340741084136682,-0.007740757488919187
1.05,0.044483457453248505,0.0025641558422848307,-0.030015802911315857
1.055,0.03832078036673071,-0.0032861769438225653,-0.015990356074585755
1.06,0.030618865050335634,0.0033537334466890176,-0.02221021384852234
1.065,0.044820740606483875,-0.003206645321245886,-0.04146820598598301
1.07,0.05230978854713745,0.020325760328415814,-0.03583601816345964
1.075,0.04089798952031901,-0.008204775206291865,-0.017842982055163232
1.08,0.02265107014522391,-0.021084372728041763,-0.01677971148854775
1.085,0.036934405586676475,-0.0023467353701756635,-0.0160525757010069
1.09,0.033213052421843275,0.0032411071394462614,-0.03622264808423145
1.095,0.03859057053180327,0.012327938684942991,-0.018071472217961307
1.1,0.027688223062739263,-0.0011170742701885426,-0.04892076001609533
1.105,0.06285865412986866,0.01733130543133526,-0.02469015570852473
1.11,0.03358948402336569,0.018259869110572754,-0.032268602723199244
1.115,0.04472810921145466,-0.020763248819772307,-0.0177391585663396
1.12,0.03472608704752096,0.00563378762052714,-0.026184215523066212
1.125,0.035906661868911956,-0.004841472346396089,-0.029254113265600845
1.1300000000000001,0.03926637890903878,-0.001958063664597494,-0.019449363833460482
1.135,0.03154785140381481,0.004509347007488614,-0.00024210771946130485
1.1400000000000001,0.0354421167653,-0.00860767077987598,-0.029999337791923694
1.145,0.04125800173698031,-0.020517478137434535,-0.013887755660711475
1.1500000000000001,0.02591029905808751,0.00808602441483416,-0.033595304029369874
1.155,0.03860403148668061,-0.0034798746760426524,-0.009544148125167448
1.16,0.059372202355187316,-0.0023872314223279296,-0.04021682665746233
1.165,0.047211473450011796,-0.014730062453461002,-0.025079804920043847
1.17,0.04725350936972452,0.017266014322180376,-0.012886542887530515
1.175,0.022707438477572946,-0.005834519481603179,-0.039619017718458716
1.18,0.04218609214770176,-0.000621606886310863,-0.03650093955522099
1.185,0.04525451686999123,-0.00538221741439661,-0.009874126901115228
1.19,0.03670251538142693,0.001196197703069884,-0.030419030038156596
1.195,0.057787458557530647,-0.0007740598149533276,-0.005900746562607564
1.2,0.03829423280284297,0.008752057514595884,-0.020433452419899835
1.205,0.057580721349978825,-0.013014326217781806,-0.02268274467811522
1.21,0.031592731003107,0.014739445918405028,-0.04514827609318875
1.215,0.02849614855943641,0.015743744778806384,-0.02551506089041499
1.22,0.06492278533448359,0.008596020565695889,-0.010827186298510743
1.225,0.05404680177388515,0.014489447036689902,-0.011747034153759136
1.23,0.049159179638437044,0.0023617301983751967,-0.013536288773020148
1.235,0.06538112699205884,-0.0030631224100017484,-0.022397494683829428
1.24,0.045745373508060586,-0.013653762492570404,-0.018102881217282266
1.245,0.024155135443377475,-0.002793146514561356,-0.003960700005937588
1.25,0.03917985198345931,0.008017505803699396,-0.022715276914568497
1.2550000000000001,0.056535547691018394,-0.014379631953050557,-0.02115644026873597
1.26,0.03432019094093025,-0.005241641615876666,-0.016797626790232164
1.2650000000000001,0.03148799735077894,-0.016903276289526745,0.002337471407706798
1.27,0.04320134267243226,-0.01016074066913136,-0.021091195041578203
1.2750000000000001,0.03750999471400225,-0.02424970836646289,-0.029794031979580332
1.28,0.05925711688913682,0.00810263856635313,-0.018873853723568534
1.285,0.04173200533905176,0.00123015314676307,-0.02823908865511721
1.29,0.04350159826915226,-1.6359813738254375e-05,-0.017964168970441605
1.295,0.05198830408459252,-0.01147945731087528,-0.01354263221887066
1.3,0.03206197934007573,0.001309287618724871,-0.01526128746471207
1.305,0.0480168233477653,-0.012939898587563163,-0.019896533337603974
1.31,0.02357132561444595,0.004547133275113456,-0.015657044319406226
1.315,0.06376763235585763,-0.011139907276322102,-0.019275184854100662
1.32,0.04478688373114083,-0.01838117918223947,-0.008174167676135883
1.325,0.05332377153121824,-0.008828103804204903,-0.023892130802275348
1.33,0.055848895020574094,-0.014016014578950107,-0.030694098605816025
1.335,0.008303879105522681,0.004530285583146044,-0.0081443159739304
1.34,0.03197929433214379,-0.015260062192866283,-0.03073792212617875
1.345,0.06780164849573203,-0.007402462034663409,-0.027622975730564978
1.35,0.05335506243179604,0.009770891858258182,-0.03358208253623349
1.355,0.03297997342859113,-0.014169393736195378,-0.03831767426440395
1.36,0.05401140154250671,-0.010579332257085877,-0.003434587508297636
1.365,0.04601468408152251,0.021285426763441126,-0.01990489840985151
1.37,0.04335267000229637,-0.0025934590060541956,-0.03718579529665475
1.375,0.046459286694621044,-0.00522154171806833,-0.018386704301983903
1.3800000000000001,0.024678056232106706,-0.02202312024125646,-0.023333427968385317
1.385,0.04457165295588442,-0.0015658142776574565,-0.03449544699407354
1.3900000000000001,0.03864070465433149,-0.0015337692625599078,-0.055423948751467896
1.395,0.04602825130362287,0.00759449749893998,-0.01762560790197318
1.4000000000000001,0.0514332386143905,-0.014161757594052552,-0.016288507191458853
1.405,0.04869937558654555,-0.01147777075386708,-0.031019826922094977
1.41,0.05046761064057087,0.0007794422532464767,-0.02696912927921614
1.415,0.04895061394973359,0.009399609981820187,-0.023243006277635085
1.42,0.043389382599406265,-0.0026149783585172684,-0.04284456021158702
1.425,0.06887774803580485,-0.011575163656328831,-0.019377276945694123
1.43,0.03190239150926317,0.018835089095342615,-0.012132928468128775
1.435,0.05376555752497378,0.010495493596392146,-0.02439831510947485
1.44,0.04021628055099515,0.002676863349938389,9.065621046926327e-05
1.445,0.05004780170109996,0.010846209197248994,-0.009485075433223699
1.45,0.048157721723293204,-0.02525889597935474,-0.025430721700756824
1.455,0.052028771900163716,-0.006015384219018913,-0.004495974817240795
1.46,0.055327265964457965,0.003889324757889897,-0.022358045765496944
1.465,0.045152162344613916,-0.001987976894797173,-0.004870942848686092
1.47,0.0450751107448121,0.00644231002444238,0.01851701423604863
1.475,0.05761915273231692,0.001431129665553723,-0.009134783488217927
1.48,0.04939474139390615,0.001929301910120535,0.0006253424828430512
1.485,0.049093898534916046,-0.00574429284793881,-0.0041490132725301955
1.49,0.04312829254953568,0.011792273198832224,-0.011174430432926666
1.495,0.04603947617773599,0.0011169620509553831,-0.02073160776640364
1.5,0.04305471982324435,7.393500272540043e-05,-0.004914277843878619
1.5050000000000001,0.04927609375786003,0.0015121658801181678,-0.008486316950164562
1.51,0.03867291054247126,-0.006609988693742407,-0.016347810957413077
1.5150000000000001,0.03709975190167774,-0.002745346170899342,-0.017452583467432486
1.52,0.05689203088847099,-0.002405435895454544,-0.0036739545910043506
1.5250000000000001,0.04879151210441028,-0.010355642695524943,-0.00974430255936861
1.53,0.0635600214548721,0.002362572145323867,-0.0019765769057649117
1.5350000000000001,0.0668653928714241,-0.015523566255092696,-0.01769718310387733
1.54,0.059113580138871316,0.00640618003655905,0.003803343632729589
1.545,0.0588869597493957,-0.013668131218103795,-0.02426565112694455
1.55,0.07508853040700662,0.01203569055176383,-0.012930190317736906
1.555,0.05764398234844573,0.0060150665382052325,0.017835518592165474
1.56,0.06141990012049546,-0.0019502531622807272,0.001447388660151689
1.565,0.06569536519592549,-0.009914532192014767,0.005759525312118383
1.57,0.0775156625392311,0.006074459370219357,0.012652454809308964
1.575,0.06944407236645389,0.006192449902852385,0.008143097121278687
1.58,0.050179387063176505,-0.00576043952675406,-0.007771656384669651
1.585,0.05765954560264382,0.007303487991013243,0.025776660659616334
1.59,0.05747156986273454,-0.0031103599130705966,-0.013194643166155281
1.595,0.05478692834421199,-0.010710629653112442,0.005141266028018758
1.6,0.06272471291430592,-0.008014480785990765,0.0011026688666774431
1.605,0.054708631230780805,-0.010110523830171646,-0.0011403044356874362
1.61,0.06023589320868704,0.006284588362429485,0.00435241342742492
1.615,0.03044664699905452,-0.004089616105463731,-0.019651351833357502
1.62,0.06521230730626792,0.0025214081904247005,0.014253673722397697
1.625,0.06719081815009605,-0.005485547372486328,-0.014621183980595875
1.6300000000000001,0.0586991942230608,0.013605299397136079,0.0016816871013124594
1.635,0.06384369138383751,-0.023626637460892483,0.0006962040586948549
1.6400000000000001,0.05702281859145379,0.013269791704453426,-0.009408342184177113
1.645,0.06673588935937949,-0.009723580287216258,0.015541644270390344
1.6500000000000001,0.06218878302426087,-0.019609992693515287,0.007064474998918258
1.655,0.05966318519390225,-0.01031255390650192,0.010456807227206181
1.6600000000000001,0.05630795895144339,0.010296899412958641,0.01204626270841423
1.665,0.05201655850903073,0.01124464675481784,-0.0069191097008186805
1.67,0.06780061051736952,-0.011177726235904732,-0.004152028769838959
1.675,0.06914814634858975,0.005284977504191413,-0.0013614798390900586
1.68,0.0734057011430412,0.02037645530272352,0.006875813137585416
1.685,0.04799550872475927,-0.0007047469848898555,-0.00915363197257433
1.69,0.05983504325562095,-0.007185940249783283,0.009508906800681163
1.695,0.05772166856157803,0.0054433364078788566,0.0066671484067299955
1.7,0.0692321265116023,0.00870568572682627,0.009198165963376267
1.705,0.05786319009259938,-0.012056476000643624,0.0003892697045343049
1.71,0.07813936601243451,-0.0054211382242690094,0.01821851841860888
1.715,0.056894332359846866,-0.013801222972160927,0.013538339868390996
1.72,0.05123194907198559,-0.004142025622111656,0.013537879003787627
1.725,0.07238187043495391,-0.009133568321489174,0.010639394223932903
1.73,0.0667679271162786,-0.003730968310885212,0.005416024018514342
1.735,0.06424962141140104,0.00057197962849489,0.012675286183569313
1.74,0.05919115094921152,0.011988305813709427,0.0013445845572618595
1.745,0.06691226705814421,0.0026385292843256365,0.004723150524960689
1.75,0.0711751164884726,-0.004187373726826233,0.011963088834648852
1.7550000000000001,0.062329196040388876,-0.013038403225227242,0.012405814234595023
1.76,0.06070909905296005,0.020291687748477255,0.005358988563665113
1.7650000000000001,0.06331642109630291,0.01074769792840731,0.0015710215984298418
1.77,0.0576455913818254,0.009611349602474971,0.014645404583379283
1.7750000000000001,0.0661467214410086,0.004428635698721323,0.026491199576585404
1.78,0.06989757151674283,-0.0038685458437357624,0.021261764582545726
1.7850000000000001,0.07789651155848165,0.008497254794622211,0.028895736777436627
1.79,0.07982983362848545,0.013893027474549778,0.028263043376969586
1.795,0.07774369784820259,0.01744784726607146,0.014283160121313022
1.8,0.06376534538359799,-0.012343208937732589,0.009437028214884745
1.805,0.09113444930769832,-0.02060872537594517,0.019350589770634898
1.81,0.06957120143020948,0.012479618510701096,0.007328943409138533
1.815,0.07731238060450085,0.028535947613665,0.0017576848601731218
1.82,0.07223461329361827,0.00329222118991776,-0.00044911935117285424
1.825,0.07876836772886206,0.014131128122451823,6.923343664098653e-05
1.83,0.05848752563376315,0.023460768665459136,0.015397566442085897
1.835,0.07206594583237064,0.01602505683816617,0.016328273704873747
1.84,0.07323102722678146,0.016447895858414798,0.021364604157614576
1.845,0.07274634740651315,0.012909270421765895,-0.003337629044876843
1.85,0.09522382545802346,0.018304008976348582,0.01384549742260437
1.855,0.060628871259447076,0.0061129139128687695,0.014911405993960427
1.86,0.07436659736395987,0.0348929932683436,0.018151539157403557
1.865,0.08448435918712807,0.015486583704688958,0.009021838020149522
1.87,0.059003115936439435,0.03125802795247886,0.027097297542919008
1.875,0.06914634620904893,0.004872015868324453,0.006031327932260152
1.8800000000000001,0.08882506619233799,0.02363846268819199,0.0023643786143337734
1.885,0.054869102645028235,0.027987905056096496,0.004355726082879487
1.8900000000000001,0.0804497218161693,-0.0006518087452012885,0.02957078016102996
1.895,0.06740704128991667,0.013358142009075043,-0.008281056541493907
1.9000000000000001,0.06162497791026442,0.007005399308471482,0.002295857236168081
1.905,0.06521766205620327,0.006670136897247672,0.012663500126733746
1.9100000000000001,0.07645251304060421,0.018806035977843034,0.014571191516876827
1.915,0.08293644950724666,0.006526098304190301,-0.01479226595432646
1.92,0.07423484504372377,-0.014170886271482212,0.010684315648984387
1.925,0.07893499480701666,0.014617394739523006,0.02490102592070715
1.93,0.08262682289957507,0.0028176138070064157,-0.00390291126828303
1.935,0.06500991422673424,0.019583146670908998,0.014393750166979559
1.94,0.08507140962266976,-0.00701028096647825,0.005364973511286741
1.945,0.061565899426093015,-0.001900460479892837,0.006994807412373185
1.95,0.05938417341647188,0.01588532750959698,0.022712870779095302
1.955,0.04886328551605421,0.012021354791481975,0.021777970587308786
1.96,0.06768949726884034,0.01657335279864853,0.0097597978342685
1.965,0.08410008414579032,0.020528069394989527,0.008855625555023915
1.97,0.06357369738178781,0.03194240799731085,0.015843511906397195
1.975,0.07447922369209957,-0.004229491051193913,0.025532271131574528
1.98,0.08409079048096915,0.0062741729158701685,0.03238821959176791
1.985,0.07344503503762596,0.01745271376945024,0.028241972810178366
1.99,0.06261916345382426,0.02334167618161073,0.013097052669090037
1.995,0.06666095693815494,0.016398655598124028,0.0388010787030866
2.0,0.05198348132187737,0.02032072925826244,0.015201545026004668
2.005,0.06697315678184682,0.0263658122677838,0.018907153656705374
2.0100000000000002,0.05134960628589767,0.022845355596937136,0.04867056044670973
2.015,0.072606393080865,0.01846564185781588,0.03912833932359599
2.02,0.06109459449532125,0.027486939914953212,0.03657102438636979
2.025,0.06949175567513582,0.0038270049837675828,0.013066817004327592
2.0300000000000002,0.08031254872749653,0.015205191784169785,0.029711237237585224
2.035,0.07711546605996995,0.012976656735114866,0.033499643866494656
2.04,0.07019751179499291,0.02508295620211511,0.020858618509259835
2.045,0.06948219018118154,0.018604235863179622,0.015134754272355635
2.05,0.04952286503917981,0.02542351256498704,0.006875453606740935
2.055,0.06609541199184349,0.012129839063350063,0.031075529545985865
2.06,0.06829579415780142,-0.009088937917090216,0.018585267419122746
2.065,0.06755030862191579,0.02449865505816819,0.025470574700475982
2.07,0.08066857347569398,0.010153310971787257,0.022021007506559873
2.075,0.064147045927769,0.007217840944536834,0.015497033291267507
2.08,0.06443488030122337,0.01401215309559419,0.01906523799367934
2.085,0.06743419119385365,0.014352698771255352,0.03303905122584286
2.09,0.07071450023762828,0.028501560875564637,0.0010462939786527506
2.095,0.07078942107728017,-0.002003442441106499,0.012448358298106076
2.1,0.05344675909223748,0.004388747486411498,0.019088392076380713
2.105,0.06618226446633009,0.011026461529277233,0.022873511939239123
2.11,0.07674194605748277,0.002452759551054017,0.003939024926662415
2.115,0.041432270508209385,0.028613383299478722,0.013953259136006606
2.12,0.07850813616122032,0.011514341882408472,0.04098822750127416
2.125,0.07343647878986599,0.01356207020943352,0.008708428174048873
2.13,0.06774000305974423,0.021264231718555012,0.03678117193014119
2.1350000000000002,0.07041048800811604,0.004766210411065997,0.01486525630804771
2.14,0.054564644027537024,0.009270533785782317,0.007987534274066555
2.145,0.05929705333161446,0.014513708200900841,0.009125827900832746
2.15,0.05352286893122007,0.006277107957153391,0.03214575721065437
2.1550000000000002,0.07686746914710352,-0.0030842024229505416,0.020280022665886983
2.16,0.08022760527529912,0.009070263582529704,0.01578914929346619
2.165,0.05185009322186469,-0.0036000053935106987,0.017730542395997466
2.17,0.0691614247149549,0.015526085381463495,0.0029779885149540187
2.1750000000000003,0.06390434562921696,0.015134268653606862,0.008502618495067577
2.18,0.08439017053783528,-0.0038990152117241252,0.01645033389128555
2.185,0.06664649821008312,0.00874325713732007,0.005138404894474299
2.19,0.06062027209686543,0.005595528308060673,0.04776868546190289
2.195,0.059135134877443304,0.00431219823141644,0.03719634896564145
2.2,0.06350426691758701,0.0057445483073131735,0.015551370497328135
2.205,0.07372814268122073,0.014601062186560203,0.022238824044475927
2.21,0.07762382718896124,0.00022068309254451648,0.021901673781632915
2.215,0.05460003066130208,0.015944834771632298,0.03820211337188142
2.22,0.052678318132696064,-0.0033687125213863614,0.030308935974466943
2.225,0.06528358425077822,0.004909113387005395,0.014388952293607378
2.23,0.06138374933726563,0.007830535403335809,0.02279682350596636
2.235,0.06684823929257049,0.01759219463459663,0.03234071899791932
2.24,0.06088937411083548,0.011648369427478192,0.02723695601819761
2.245,0.06229750310169209,0.01652351063915647,0.03418534531925126
2.25,0.06450094821578103,0.00784175003774783,0.023696046260157685
2.255,0.04076926409742909,-0.010897780105135091,0.012520759737165425
2.2600000000000002,0.07203888597597267,-0.0018027989318828257,0.035999337624936234
2.265,0.062314717381312855,0.007694671115942817,0.02774057922506914
2.27,0.05419947236457803,0.01922798370371885,0.03938397360134749
2.275,0.054326554129014396,0.01478963676089455,0.04895850666790642
2.2800000000000002,0.07530548038047312,0.024807063793274527,0.013627649532788106
2.285,0.0555411356057855,0.011545745592852817,0.03650985943435278
2.29,0.06954039360891369,0.005887854091188169,0.03208149706822583
2.295,0.06961331185103518,0.009137988243860414,0.027329280079154788
2.3000000000000003,0.07971345547566522,0.003733136221569124,0.002991742369584882
2.305,0.07291674553030066,0.014295634378952458,0.015225549130328014
2.31,0.0631544152349777,-0.0044671973634617555,0.03809041885508151
2.315,0.0690524570721048,-0.0016191061417172511,0.03217529156987545
2.32,0.06124344015939141,0.0029819528146281023,0.03085638913647985
2.325,0.06415738646343215,-0.0032997522586320502,0.02234431674874346
2.33,0.04741535613150385,-0.000589413500777354,0.013347921641850669
2.335,0.06652766418048754,-0.029230204263488685,0.01249141418474376
2.34,0.0756982609551751,-0.009383941528787326,0.036651930610998966
2.345,0.06079248194320226,-0.005874258432998845,0.03117117069067231
2.35,0.04972256905195259,-0.012583732593480636,0.03270948108156306
2.355,0.06262367749927635,0.0024759988432299686,0.03308398669666431
2.36,0.05494252749548528,-0.010738494248982718,0.026121852685377547
2.365,0.0585735912035822,0.008257242595973484,0.049112326129930356
2.37,0.06263475900999214,-0.0020833130867124443,0.04387307436964561
2.375,0.05205453100954882,-0.00022397110221036853,0.027397382792429068
2.38,0.06027587848159732,-0.004980157164279655,0.04633209619501926
2.3850000000000002,0.047140124930537944,-0.013472779367688833,0.035515824101627555
2.39,0.05786643785878289,-0.013089664357317682,0.024775654784361577
2.395,0.06873217970381307,0.008225004255457238,0.03718974421979988
2.4,0.045135782714939045,0.004305621421628514,0.021914968557297184
2.4050000000000002,0.0560062428384001,-0.021372400369831963,0.029607187975891125
2.41,0.07874189407973776,-0.006010591902264715,0.024836138241563877
2.415,0.04808954295147478,-0.01367587089505634,0.014061080366752743
2.42,0.06384529102847655,-0.005036797026204824,0.052379706347397366
2.4250000000000003,0.049894190256622416,0.008750110618338015,0.030293130404347085
2.43,0.047545584531540196,0.009780782439572304,0.027623276967424382
2.435,0.039501953236352194,-0.012395107756696649,0.016933278704402036
2.44,0.05423964303995393,-0.008594183230659101,0.024806390914529422
2.445,0.05717297548424731,-0.004236587390089695,0.030417674084536463
2.45,0.0678816930317597,0.010406754356028178,0.0394889519768444
2.455,0.056587298155706595,0.004292047583817323,0.03287951700324214
2.46,0.0435508986422599,0.0011702414510039033,0.027863905214217145
2.465,0.05141905287705372,-0.0009099435351056333,0.015762574869164447
2.47,0.03399193287860989,0.006730316484885614,0.009554706752409794
2.475,0.05420358069304286,0.003598039219323619,0.03106336410411363
2.48,0.06887821352508249,-0.004402147934089905,0.020391263229184595
2.485,0.039564683249932585,-0.011972029324502885,-0.0029805410928088263
2.49,0.04363913558209502,-0.01988212311619411,0.02341237450542364
2.495,0.04197118396006673,-0.012650559705601238,0.0069207268806293
2.5,0.04127899493508873,0.004992900805313052,0.01675856182424956
2.505,0.055636941404149515,0.0006884829793748423,0.019338717297996688
2.5100000000000002,0.05292305520162514,-0.0019638705117764905,0.03611774877793332
2.515,0.04100022091657234,-0.027054031915975756,0.02185011834935376
2.52,0.036521699683220596,0.00551546778443731,0.008661020928105865
2.525,0.046711289799683725,0.004317714297613351,0.03165155830562333
2.5300000000000002,0.04708948028102436,-0.00975632834826613,0.017128768098287433
2.535,0.03722743857382636,-0.003418442670715385,0.01817968883064045
2.54,0.06109371694580852,-0.003946445169414356,0.03197705403096961
2.545,0.038293093854124036,-0.01309945664198652,0.03671529653942808
2.5500000000000003,0.05965201579278694,0.015148099545595864,0.018860215720463168
2.555,0.040246587775824766,-0.004303087304626677,0.026567817013175815
2.56,0.05737334291353409,-0.011845160397340015,0.01050953137437844
2.565,0.024672241116180074,0.005803607770517829,0.017631955162959477
2.57,0.05388191141909275,-0.017605554467443947,-0.004353269817350962
2.575,0.04009035663827368,-0.0007616510271566228,0.030074334106586893
2.58,0.05635880288533506,-0.0063656783793427825,0.011134257635748771
2.585,0.06674472674070285,-0.0013325504506581758,0.022168698457895278
2.59,0.051639700997574305,-0.01460990113406905,0.031502541668061664
2.595,0.03774038859338378,-0.008375102914345489,0.039618996729838846
2.6,0.056890610388989765,-0.0032129712733679223,0.02343417230924433
2.605,0.05876515238651321,-0.025772500114238952,0.03259020142610762
2.61,0.06059941256561373,-0.0030282593048188214,0.023386178209338977
2.615,0.0593026638342139,-0.013987852103962748,0.022908276598470896
2.62,0.04455676476943027,-0.019783505749867116,0.03302225354882517
2.625,0.04254502399804381,-0.00409480996211542,0.018046236813569608
2.63,0.046985624714220034,-0.004734662918207998,0.036417504300543344
2.6350000000000002,0.047467640241184036,0.0014505814066713384,0.03865576692574437
2.64,0.04764310475056423,0.005068980718753016,-0.0026921387082766077
2.645,0.06120639126793914,-0.0016097371243781432,0.03223589345093883
2.65,0.0519653342649507,-0.008485435460627952,0.02859884898629819
2.6550000000000002,0.07220260275907497,0.003608536828578212,0.04148196938010612
2.66,0.04663955386683042,0.01868109874364403,0.03452350652981573
2.665,0.08036607679852767,0.00634165481399254,0.03142802104251939
2.67,0.06810866505413285,0.00644978182383105,0.026095407991803973
2.6750000000000003,0.05146094636116448,0.0026372001260456576,0.041034316953679054
2.68,0.05272336602875143,0.0063461099722251,0.03336361807126076
2.685,0.06743511064969132,0.009154513881197918,0.022690144693163435
2.69,0.05142679443926289,-0.005155779811207899,0.01881404024680303
2.695,0.06099736128333601,-0.01798195798837897,0.03901466114110748
2.7,0.05000095100452996,0.015855230157780717,0.031156088726771863
2.705,0.05920330156475715,-0.015344664047780225,0.03020215115787369
2.71,0.05703958003799028,-0.0014268300272828813,0.048582548065541103
2.715,0.05684509617477797,0.0022862558818619923,0.036906702435352795
2.72,0.06996317915367499,-0.008956557332333177,0.05519042078791852
2.725,0.06160016373442723,0.0014033000514202497,0.02524152554693191
2.73,0.04371170444382286,0.0029015025998978348,0.042225775513563685
2.735,0.04903373748076459,-0.0001650379121307527,0.02363306301235705
2.74,0.04477382001351989,0.003024570147882672,0.02516301992459808
2.745,0.049777022860434554,-0.00197669134768972,0.021037164699236957
2.75,0.04694437575365449,-0.006447739565415259,0.036240639846717174
2.755,0.07472534351020615,-0.012485742692268702,0.03181526924541147
2.7600000000000002,0.05285139114716774,-0.013664045179703434,0.024934780037606817
2.765,0.0432175898249951,-0.007444835542460278,0.03925219413948858
2.77,0.0364016500828926,-0.003490234683505204,0.025674772164041727
2.775,0.05421095349057448,-0.013511746322268139,0.01225232805681418
2.7800000000000002,0.049308681284584016,-0.025170839018447348,0.013628393583988326
2.785,0.07109681335803239,-0.01697830473585881,0.026878268617400267
2.79,0.049146856420648644,2.7047378532572136e-05,0.0375914468688666
2.795,0.05037093597582315,-0.009688948974903331,0.029189424117876388
2.8000000000000003,0.062989558564689,-0.015811060757009488,0.02479361860245642
2.805,0.04927153284192436,0.014402305631035651,0.011433327831211504
2.81,0.04790895723007364,0.015572896560778145,0.03274678245002939
2.815,0.05246147526391859,-0.00457188771598652,0.009246139821477184
2.82,0.06392846851767064,0.014252224722047707,0.04101583198602986
2.825,0.07415931982800786,-0.016934937088647874,0.029286274948616298
2.83,0.05870773957248697,-0.016200521687162343,0.03338434220395701
2.835,0.06708370878570379,-0.00990972294593288,0.031361956746340645
2.84,0.07076152379173671,-0.011921892879089,0.022122672409587
2.845,0.05935256823394458,-0.02068477780136034,0.032831982520558065
2.85,0.06382836677409026,0.012817324174203075,0.019978872377007316
2.855,0.06618111331506973,0.0073466100631914555,0.029036990990214992
2.86,0.05926159707586599,-0.00912979367737925,0.03740711704020847
2.865,0.04852647229824311,-0.0030154497081701977,0.03192858990741254
2.87,0.05370124789855671,0.02924504625971084,0.038636821234531805
2.875,0.05960919833543509,0.00550148872050457,0.041077278076060604
2.88,0.054723078467534506,0.018123614202200464,0.034274481958717976
2.8850000000000002,0.06898667330975455,0.02085988759686905,0.027810684907425203
2.89,0.05856313119443722,0.030968137220332634,0.033464876734517854
2.895,0.06869746584534357,0.013878526442674233,0.032376122883045755
2.9,0.06872098564718851,0.017668720367916516,0.031551637414473116
2.9050000000000002,0.06735634706826743,8.939232294502032e-05,0.026873482696142807
2.91,0.059304654070582045,0.024187413124927733,0.03679468209589535
2.915,0.05023672474462494,0.013770531696910962,0.04631882091370042
2.92,0.06936617728806002,0.004289520406826827,0.028810410039623792
2.9250000000000003,0.05534033992206783,0.0046253772910088645,0.009869715555149925
2.93,0.06874813560628985,0.018752585102756274,0.02746605241873216
2.935,0.06783749081065119,0.005627095661030914,0.038044427008359985
2.94,0.05522141123843457,-0.0025468155620911757,0.036090171277260094
2.945,0.054282541284943496,0.008184100879777,0.028367348080865308
2.95,0.06189682810371348,0.005691513363481638,0.029284556965881316
2.955,0.06218410030070305,0.013378172530710521,0.036839529465324636
2.96,0.05091240660068037,0.002594063442870432,0.025663250046408303
2.965,0.06657256238544051,-0.019131231444808394,0.02426431514165748
2.97,0.06953109105344205,0.0021060278394187133,0.03424048437442262
2.975,0.06423021772209653,0.007907125846309761,0.029862909290772045
2.98,0.06155423804569095,0.020820483137348994,0.029045282598088494
2.985,0.0562386631121521,-0.0046961841120788175,0.020350311346209727
2.99,0.04847213954010322,-0.013471853712361282,0.023040613297368347
2.995,0.0473943709074708,-0.0200878858768289,0.028290272968034578
3.0,0.044050475670919235,-0.000869529956099689,0.018693314398667144
3.005,0.07392390639167,0.00033615557706706545,0.026181691488325068
3.0100000000000002,0.05551094203311075,0.0029865408172892963,0.03774795857449455
3.015,0.04273799916847772,0.009840948207298772,0.039278959612969025
3.02,0.056893055198522724,0.010454342938549443,0.036281386178480285
3.025,0.039318490502875274,0.0036307283769084348,0.02594346077256604
3.0300000000000002,0.050571557546828794,0.014387780046874741,-0.0024918729898153885
3.035,0.05944033998934768,0.010032075679189663,0.024854614222972034
3.04,0.04144398392754686,0.007551529294741972,0.0093628508257405
3.045,0.03536282113724232,0.009305590679158222,0.031168031532921962
3.0500000000000003,0.04213061085076349,0.006149908272905817,0.032715905334399484
3.055,0.038648909820923914,-0.0047348984977006615,-0.0037202440343732605
3.06,0.057290468582958325,-0.012317646204906356,0.014620081674987954
3.065,0.05079616895317095,0.0023846939044147517,0.030408649978423283
3.0700000000000003,0.04191051245826656,0.0034651220660751585,0.02048313438171382
3.075,0.03960518970034704,-0.004635454588909427,0.01613431138461971
3.08,0.050020581605117714,-0.008777178387698047,0.021773637542858028
3.085,0.06037484249487528,0.021375230441606833,0.0028185331678445193
3.09,0.03863536027092319,-0.0011541167709802273,0.02499221388687055
3.095,0.0726912328117266,0.004636693720419419,0.03078083075805125
3.1,0.05321733444439767,-0.012454295623514976,0.02040890633916235
3.105,0.04609953942945116,0.0132384757100149,0.03124090886403642
3.11,0.041860803454779355,0.011643005786193697,0.0061244116191009335
3.115,0.05365118141776047,-0.002465144198318777,0.012808586391657087
3.12,0.05407915451289648,0.017500707870624337,0.0010229574709942953
3.125,0.0528063029006004,0.007417891847479407,0.027793949070736918
3.13,0.04549071387936958,-0.005521105941224907,0.02811315776701578
3.1350000000000002,0.06565673276047249,-0.012870967481062461,0.014407313883719306
3.14,0.05103011244617577,-0.005960587771596181,0.0327651738904217
3.145,0.04668849226010545,0.01032830759858959,0.03576962768351888
3.15,0.03574925933168785,-0.010601430579469107,0.03684790772618304
3.1550000000000002,0.05590738993702972,0.021894458059918017,0.023268425846842744
3.16,0.028872734992502754,0.0006838968500893425,0.03213063639579662
3.165,0.04571560555224105,0.006250089680087275,0.030856547411914095
3.17,0.0498531240955217,-0.007986581272843489,0.03095532838381975
3.1750000000000003,0.03528863745851332,-0.004319606234640431,0.0051013015352196
3.18,0.0323393343364472,-0.011495858073751896,0.004127229008232802
3.185,0.03707384037563509,0.0022306469485312563,0.015453890232781884
3.19,0.049507634105421555,0.0018797062424888078,0.031230873921089815
3.1950000000000003,0.05614843644630986,-0.002691234629816625,0.020324858154337717
3.2,0.027843913739606478,0.016942906351653193,0.034342986898046525
3.205,0.06347675700257839,0.016506765324155542,0.04110673358906338
3.21,0.060771582465867835,0.0019055342718083072,0.027895455409425104
3.215,0.04079865847111852,0.010983784158694443,0.015136995931005148
3.22,0.04211626271785823,0.003536479765217204,0.026649549115845314
3.225,0.06018453710654278,-0.005647483462651257,0.023803849526015684
3.23,0.05697237789877963,0.01564498463052912,0.019145086645337078
3.235,0.03534981826579972,-0.010259716883471711,0.039359783893069794
3.24,0.036037527373708515,0.006564811302194044,0.024431620741330953
3.245,0.06098081000447278,0.0040551728965882074,0.01637554137646177
3.25,0.0537858639977143,0.002908293801863627,0.022478777380148487
3.255,0.03307888650213637,0.002685511356115532,0.02133288397818303
3.2600000000000002,0.03344915336706269,0.00033397560880502573,0.011665286674202115
3.265,0.04598245599257612,-0.0003169944741887275,0.03136104458993633
3.27,0.049235971310100435,0.009786336236113989,0.038237805447451215
3.275,0.023742208218836443,0.02148359517086404,0.01600504419063495
3.2800000000000002,0.06755575967085327,-0.007908691484086105,0.033309277708439465
3.285,0.03106444606938459,-0.0018392688198488336,0.04479587814325006
3.29,0.043260123718408525,-0.0006954121563034783,0.030334191041604168
3.295,0.02506749575624998,-0.009955817543334588,0.01112403135387202
3.3000000000000003,0.039949035023262365,-0.022294588422198783,0.032398563756073535
3.305,0.030783378604692817,0.004608054973385531,0.031094928882561924
3.31,0.0396666373788641,0.0003344707473684795,0.02382033265753539
3.315,0.04457623479671978,0.015822128686260158,0.030188350845227904
3.3200000000000003,0.05296489391608961,-0.005666990961633696,0.031305509096077364
3.325,0.044041181656057686,-0.003279562828786801,0.029454633561289162
3.33,0.059649699653865004,-0.0008723790528506656,0.038106249778523185
3.335,0.03874589871809798,0.009463475945493348,0.02526093916345342
3.34,0.03546958330221123,0.0017714441573299193,0.039902660500246566
3.345,0.06383353338449191,0.0047669339833758565,0.03300945664413022
3.35,0.03878988911987119,0.01891911480106062,0.01763083085493397
3.355,0.046072636398631635,0.02151244479320322,0.015981909552992744
3.36,0.043246982069345796,0.008809265617063945,0.038096819144936137
3.365,0.06640456493197114,0.016839061802479585,0.036726560642128384
3.37,0.054861150442009614,0.01835845173515061,0.04049529935093113
3.375,0.04682488186954227,-0.007705571878995888,0.032730243542139915
3.38,0.050898067373354915,0.002256787777322058,0.0354425948548069
3.3850000000000002,0.05702228948271578,0.003991089784331122,0.02791547361609214
3.39,0.0692038447540863,0.009681257735242811,0.029456044549086187
3.395,0.06115231645848093,-0.0011212598738891883,0.03803618488486085
3.4,0.040611512198679076,0.02638194804037688,0.0425247561668949
3.4050000000000002,0.03922455221118896,0.0033235235129767267,0.02949331271768174
3.41,0.0522414926116308,0.003611440282518921,0.03556756651679822
3.415,0.052394961773253604,0.0235918054400086,0.03305604947687041
3.42,0.058856968411819977,0.014160018495157222,0.039583901455035715
3.4250000000000003,0.06715223040245147,0.010782575951099639,0.0267421245447882
3.43,0.07358441555390668,0.021860257159546904,0.041199996980874995
3.435,0.05518076142779228,0.015202798675565189,0.024950212706628415
3.44,0.054473380251798605,0.018383039722430838,0.03325490974829779
3.4450000000000003,0.0799022336834751,0.024093931344766027,0.02993812387068115
3.45,0.04418624624176039,0.010561468985169206,0.03472863574230696
3.455,0.0510859459731652,0.025136605880910434,0.04565066631538014
3.46,0.05716982459086799,-0.009156670764438903,0.010045649615678044
3.465,0.05087089888151945,0.014703192418515348,0.018948260112493665
3.47,0.05921640129459549,0.02373117412938824,0.036466603820553445
3.475,0.038932486579723355,0.02016591763575955,0.03539241303071376
3.48,0.048905054308210585,0.0191508582039197,0.02922495769737264
3.485,0.03763693086146752,0.005237961636491577,0.027292937449240086
3.49,0.04885817645965005,0.005366200584629316,0.03933342236981405
3.495,0.05131905046246191,0.0012752901813358362,0.028061280788876434
3.5,0.03764056761680187,0.018891325645277377,0.023850218448879027
3.505,0.04688110548176219,0.0017054648690984259,0.0286622577508711
3.5100000000000002,0.0472948625704107,0.030271060829518165,0.02660629840596379
3.515,0.06066949453172716,0.02768504607391489,0.030127257893439202
3.52,0.0509866298003633,0.03337893047784004,0.03952512762989978
3.525,0.04466662913435802,0.01233770189337306,0.035838651042411074
3.5300000000000002,0.044977097557974646,0.03340113310281152,0.022762391749296486
3.535,0.048845327886870474,0.027813406859049775,0.023089923772187763
3.54,0.054581159706905705,0.04447184693182312,0.028133679223699914
3.545,0.06591111346152255,0.025466044548008725,0.03769804720935942
3.5500000000000003,0.06571052248508223,0.018417443886334917,0.02708277452383414
3.555,0.04606275071039691,0.030352056247769627,0.04028390235461944
3.56,0.05667147298179205,0.01331603557162446,0.033316539832778644
3.565,0.05862652305483575,0.010894630313221843,0.04088328341739053
3.5700000000000003,0.06455287574048936,0.01456765349747401,0.03742687088841255
3.575,0.051401292003140496,0.014750750922968682,0.04509415137426927
3.58,0.056877910119704805,0.03087658356216892,0.022721427633655998
3.585,0.06174516599721505,0.01827424205117178,0.04874499783171574
3.59,0.05936639018939723,0.01956436101750258,0.029665795568875213
3.595,0.051642007864474634,0.016066940000766538,0.036551622907072374
3.6,0.044647365099717326,0.013439532750530973,0.04341757594218235
3.605,0.049267975485811785,0.025370828632708068,0.04186212103694417
3.61,0.039844519353872294,0.0056181505919409335,0.013571659743873076
3.615,0.04649968115727279,0.03536217664804988,0.02087033256053604
3.62,0.08668782559106156,0.03129493390301526,0.025420119216061274
3.625,0.06162974620402406,0.02553432001250048,0.016472306444490034
3.63,0.04776619154957254,0.041580586509669275,0.008611600892702563
3.6350000000000002,0.0686890633499108,0.026691623669055604,0.019344629907247016
3.64,0.07027689610505367,0.029428883482166105,0.030511546188163742
3.645,0.049252171148429585,0.025193446237704212,0.02618978014071014
3.65,0.03697036594938463,0.026607104963542037,0.03459779826831065
3.6550000000000002,0.050343498931224154,0.04231941791179548,0.026491472049496374
3.66,0.06793109159742056,0.03511929927008684,0.030697603704396358
3.665,0.05358897187893486,0.0044934675219625055,0.012514994142199821
3.67,0.0484690582915266,0.022487860830330043,0.034719758677199265
3.6750000000000003,0.0790620535618729,0.02915345794406219,0.03187490067391327
3.68,0.06095121006807888,0.033362595540455606,0.025716257905975017
3.685,0.05984081415110328,0.013129616481272727,0.04804066987750734
3.69,0.06546866233440127,0.03324612597532494,0.029591155121145157
3.6950000000000003,0.08826637976752452,0.02701812972217463,0.031641846226389055
3.7,0.08827817495080653,0.039597657742277,0.022933086275335714
3.705,0.07324604484993863,0.02055474229743396,0.032509969592647514
3.71,0.05687769964212741,0.022775472824820835,0.04336933064821518
3.715,0.06527284717323902,0.01105815979216664,0.020185029137982393
3.72,0.06082640783681756,0.01872220675988016,0.02293011512308539
3.725,0.052390124748033895,0.03129000186746031,0.04050204377760847
3.73,0.059633321896532185,0.011654657425171808,0.03741310885200723
3.735,0.07179563388817374,0.0402648330181848,0.03054612770639272
3.74,0.06689709064563239,0.013358861713544674,0.02359370693648819
3.745,0.04842930429044966,0.004457229310971117,0.03118479330451502
3.75,0.04736326628756368,0.0043920268616885255,0.044804392409826144
3.755,0.05479762109051148,0.02249459351315088,0.03767694820325543
3.7600000000000002,0.060384906520096926,0.02033508142913898,0.029307048925525294
3.765,0.06532244394783106,0.010415621763794725,0.02627574284353261
3.77,0.06154066405606788,0.019214178200583024,0.03145232150294867
3.775,0.06781199609539852,0.009281252819107456,0.022599905237221114
3.7800000000000002,0.05993991347840964,0.0105890216027388,0.041066855011860935
3.785,0.06243741637544467,0.023985112197513495,0.053111638096186756
3.79,0.06389829863056373,0.02977239804789329,0.030152940568563033
3.795,0.06315926442720449,0.02235055440582686,0.0322293843914295
3.8000000000000003,0.05665280168730329,0.0008392924322254552,0.031042614572433944
3.805,0.06867425708956881,0.024138265009755744,0.03441065240769697
3.81,0.045975304758386515,0.006789097712077872,0.04440376932708334
3.815,0.04663384970725796,0.0009419826421399108,0.02665450656168824
3.8200000000000003,0.05582362079301954,0.013320867750634083,0.046129859903504905
3.825,0.07355760472721043,0.025972549515858125,0.03452737109895547
3.83,0.057208165925373866,0.0023793627401220447,0.035188401277286556
3.835,0.050004215947454356,0.02005756219838844,0.04255127134278776
3.84,0.05607338717770384,0.022037360231005547,0.030242678607247338
3.845,0.044225444477158045,0.024222852720822606,0.04529306331979629
3.85,0.03850420900123042,0.021391534444921107,0.03483811258844532
3.855,0.06846962269771112,0.040867786873569116,0.0419450653507299
3.86,0.06195831995657182,0.01617684006261478,0.029227487851228334
3.865,0.07827378375483321,0.016772732610858262,0.027487189846431212
3.87,0.043635258756669904,0.010219864873058393,0.005443187586375261
3.875,0.06575963397442741,0.029853825851368795,0.03162655662968746
3.88,0.07272843726489964,0.022269973226660682,0.03254978362082178
3.8850000000000002,0.05983467952572936,0.002630553734550094,0.030172568266058235
3.89,0.06467101985307572,0.02353323326716246,0.041022710495970685
3.895,0.04897486584588242,0.017073839308088985,0.0207690590854891
3.9,0.06422967691426229,0.021445172603309064,0.025763541517791748
3.9050000000000002,0.03935969310979898,0.02718265334831439,0.020844670534081722
3.91,0.08167473376312152,0.038335712219945736,0.04363513259870637
3.915,0.07726997226721308,0.01675858685622176,0.02916683301685616
3.92,0.057451724096996906,0.005300189709133391,0.00937535023405179
3.9250000000000003,0.061635577128759916,0.005473661437091451,0.023113800444135753
3.93,0.04259018964085433,0.00884014554016894,0.027130941860187153
3.935,0.043300966349529756,0.03225065277225877,0.04821287219171426
3.94,0.0661522135017173,0.013286742067875175,0.03701499795680856
3.9450000000000003,0.06571246153391704,0.013074417294174717,0.04211179709617837
3.95,0.05902082576535958,0.011535162486985242,0.04413940306706647
3.955,0.04663919230505185,-0.002040450864721541,0.05143075334310681
3.96,0.05138138955740314,0.02262516236926666,0.026766377743779025
3.9650000000000003,0.06179220381828028,0.020718717008706346,0.03557287023992467
3.97,0.06154109531257991,0.0333287134507387,0.027165250680169124
3.975,0.05185878182288467,0.023635946534574286,0.031943189065311184
3.98,0.06231157092666611,0.004704940646433524,0.037795590424538485
3.985,0.06503429249466101,0.007841809881965206,0.04449086312849805
3.99,0.04320629581760537,0.023085118174427748,0.043793534107831066
3.995,0.07219673479607072,0.012356411313752097,0.045337833384184255
4.0,0.0522663996014703,0.03604849236616984,0.04536104737887551
4.005,0.056666399253330973,0.009783559467412013,0.02105603817958631
4.01,0.0631139926215692,0.015075664152467784,0.03139349500243123
4.015,0.061957714700807985,0.008622963820385476,0.04252614729827603
4.0200000000000005,0.04272148019114258,-0.005724347754102198,0.028969790592509124
4.025,0.05423469301495848,0.01737279936014476,0.050297543442567295
4.03,0.0607213105739088,0.018193852724059878,0.00870404011880977
4.035,0.04593931919175748,0.007690093819693256,0.029225902677315466
4.04,0.058305175738761345,0.023492518296911007,0.054730983693466434
4.045,0.05688496327430821,0.02997108914771437,0.04226511203743044
4.05,0.06493715978675117,0.020643150813544134,0.02175513645214261
4.055,0.05788305471191109,0.02537590386005091,0.01812264581382621
4.0600000000000005,0.04684766406697044,0.01814284909952895,0.044261031780281124
4.065,0.06804909087001221,0.014203063362644156,0.0561419370504735
4.07,0.05775209647393088,0.029737609560130555,0.03409847024593911
4.075,0.07355949435177636,0.02261259620026495,0.04478362753506178
4.08,0.052068904567461986,0.0206234907621947,0.047055197799098336
4.085,0.06288661031066266,0.03144362924930877,0.021532509420600872
4.09,0.03391441141948691,0.01006162200861438,0.04001738307759737
4.095,0.07223132615837319,0.03264774223161629,0.027073520087139764
4.1,0.04821383387294842,0.01553909685322489,0.028415226850470314
4.105,0.05550629690224135,0.029373406623622755,0.0354981445323469
4.11,0.03315158590189388,0.01323680612416919,0.04476175390029702
4.115,0.06774269127962688,0.03155533345297237,0.040467571435538016
4.12,0.07377430721182435,0.027347119445581516,0.04060863972957797
4.125,0.06074838582790904,0.02520945501623313,0.044733782041029374
4.13,0.061256504685163984,0.027682515919484597,0.052499487162842216
4.135,0.05234709438895261,0.041648251383089425,0.04326836338078799
4.14,0.06960523699474887,0.04792937257533588,0.05473304260623495
4.1450000000000005,0.05596989577954379,0.03356995221009961,0.05352893702199962
4.15,0.04067285527492438,0.02326304230561611,0.03961949936106994
4.155,0.07224963600642068,0.03553932110840652,0.06865721016907533
4.16,0.06815629107020955,0.019407034216564464,0.027697599077388835
4.165,0.049939264998433236,0.022015580591807506,0.04236129027774924
4.17,0.0562692409136795,0.03119678593515166,0.04346735273661527
4.175,0.06024566520769883,0.046612780196535405,0.030655272154387493
4.18,0.07106969558667163,0.05401438081905997,0.040350050761148205
4.1850000000000005,0.07326992547482535,0.032740268593288574,0.041501139271229046
4.19,0.05585962288340743,0.0436187978481873,0.04435660906090222
4.195,0.0553188797566828,0.03970724051803881,0.031092795678577232
4.2,0.05961928275049925,0.0283484212373408,0.058600370813908814
4.205,0.07025299620162494,0.039282871909062586,0.05536516675549827
4.21,0.07393623112219781,0.031096614752826712,0.02652950803036464
4.215,0.06239408547094676,0.016561032830917505,0.03558350319702673
4.22,0.06560921427442118,0.03048860214358931,0.050325496308964116
4.225,0.06722664711217917,0.03323374327901259,0.05973467090733123
4.23,0.06300715895060721,0.027183238645650625,0.05268708855752807
4.235,0.06750461124999403,0.04423442492094136,0.023055827495390535
4.24,0.08051049488784534,0.04211732764632301,0.04211654433744322
4.245,0.08736621411766853,0.039838053793218656,0.04248046602607546
4.25,0.059197901136580855,0.0440127663874397,0.029737488135214284
4.255,0.06568086594502988,0.026910502044267596,0.03333228791130775
4.26,0.07441194500381035,0.05569429574756357,0.03803273743721107
4.265,0.076756035837318,0.04851026996342001,0.0317127862933314
4.2700000000000005,0.07682094283830188,0.031859519777694106,0.037350912000746826
4.275,0.0639444774900679,0.018263053998156566,0.04711763733419792
4.28,0.06272478420673719,0.032472998876972144,0.03970139670950014
4.285,0.08005156982199277,0.05311862976661327,0.03322138022087765
4.29,0.0557927568457135,0.03026697759193162,0.045966845042341366
4.295,0.049170313665345314,0.043402471882529325,0.03217961111664797
4.3,0.07195798673846318,0.027470455473066955,0.027324958999012026
4.305,0.07388456237710446,0.030834465222675654,0.04034274096958145
4.3100000000000005,0.07352871123036471,0.03073238028856745,0.03624874899458142
4.315,0.05776877969824382,0.020453350697072603,0.033575258090791774
4.32,0.06424247290613291,0.03871575190038114,0.04842550111292882
4.325,0.06272804517607805,0.038804110313361444,0.01837074740508498
4.33,0.04791417608876203,0.0287489283579886,0.05927822546129789
4.335,0.06955793182003515,0.04789846812256313,0.03577821161416659
4.34,0.05935994708934209,0.03418335229566489,0.04323103082638814
4.345,0.0806961363054147,0.02130423260333314,0.03180021393455697
4.3500000000000005,0.058684605981186036,0.041020674578321994,0.025712501032515548
4.355,0.06451082437401201,0.017458683807206964,0.03447337193355372
4.36,0.08200269081265579,0.02413791093413311,0.0190622679602124
4.365,0.08356154846395397,0.035668268822753244,0.03362439882227549
4.37,0.054896010351712037,0.03287410211017183,0.03535128018467291
4.375,0.08089704993481263,0.02799657890556215,0.0395925703718667
4.38,0.06132853453739996,0.028536031279708995,0.03816160571193873
4.385,0.06159523116990473,0.03061527004849707,0.037095544335047824
4.39,0.04850224352507254,0.04461630045667159,0.02960278779204525
4.3950000000000005,0.06634215878140115,0.040590104037318664,0.027928364161843
4.4,0.054575839890140976,0.04015483067310656,0.03764187792915493
4.405,0.0672153631278401,0.037179414544636455,0.03145029156253776
4.41,0.06328169932863018,0.03781715961955484,0.049610227958348234
4.415,0.0828640072290037,0.03623569363623119,0.03605364642282483
4.42,0.05226609950464479,0.02773637822766434,0.042148137155636124
4.425,0.0594383498771245,0.005002783995829545,0.03224065777012302
4.43,0.0714667536078379,0.011744682999946462,0.0282469967602271
4.4350000000000005,0.055100902323022935,0.012480534450112182,0.04448119647065326
4.44,0.056967222690323865,0.0035194783622021623,0.04047609739940432
4.445,0.07445869524573635,0.03449011588548021,0.038287583193116634
4.45,0.07046015293034275,0.021415663731528263,0.04483120874609383
4.455,0.07339863845763156,0.019131430895158567,0.025270596011185358
4.46,0.05020627786438346,0.014539475293991624,0.05445547869286438
4.465,0.06625816462962424,0.031142937104242013,0.0337628057147798
4.47,0.07926818672923976,0.011400958932452028,0.043585964939874995
4.4750000000000005,0.05808674425762369,0.03679459637378421,0.04931375255202512
4.48,0.06232047024504052,-0.005126270222053966,0.04691110671526163
4.485,0.06615530551847769,0.006568618794506353,0.04327215754555007
4.49,0.07900224516041063,0.016122083129692863,0.033222145820920035
4.495,0.07705680877256436,0.02230839573584602,0.032541326248828224
4.5,0.06736915742726575,0.0032280248383009308,0.04776468908357628
4.505,0.057458360002651976,0.030962172315642758,0.02561593789338587
4.51,0.06691156017081243,0.016182856503829484,0.032307255645775614
4.515,0.07139704008503159,0.018308212670780005,0.04383729565430388
4.5200000000000005,0.07818251882326158,0.009968822305245126,0.04189317692366465
4.525,0.049241981912594324,0.003931441186473024,0.037971408030914255
4.53,0.08461458897521526,0.027456083662311885,0.056078779801235164
4.535,0.08481230549862948,0.010256273637875929,0.02641485342624304
4.54,0.06487248446072977,0.012455093771402855,0.04191626871588597
4.545,0.06121507750483006,0.026613846092889342,0.045981308024431566
4.55,0.06652075062560552,0.013931641476449106,0.04819917943992989
4.555,0.07174659125428448,0.01783852275819172,0.04377089752238486
4.5600000000000005,0.061690051898629625,0.008351085782435185,0.04892935984853062
4.565,0.04251826704392617,0.009221119233284137,0.029023489304015108
4.57,0.05614408232157711,0.004726389518984288,0.035698282617059034
4.575,0.055564340791398284,0.01835814625011495,0.035334540429261686
4.58,0.05155596422506331,0.01719805558175499,0.04993896728327469
4.585,0.05471892197554269,0.03308135344275465,0.04755666423087855
4.59,0.04751888160506079,0.011349773855082419,0.03851481938868344
4.595,0.06017982764882256,0.023372311240023366,0.019959410720508716
4.6000000000000005,0.054655676510411116,0.013756044762407783,0.03523547932964754
4.605,0.0628740523011842,0.008627920157834156,0.050832870819167236
4.61,0.05919531943844705,0.005888688880001299,0.04959514057457354
4.615,0.06287302965829593,0.00877919895436024,0.019710613621136214
4.62,0.041163385296976815,0.013818464820169778,0.04851660465848339
4.625,0.05865414583292862,0.02237707207659752,0.033943772145993714
4.63,0.06606099905702598,0.007149835634081269,0.047953304488609655
4.635,0.07552614721825704,0.01039715166055055,0.053197891707259394
4.64,0.06242546715600457,0.013577636149445207,0.028703476237472776
4.6450000000000005,0.058392844329821614,0.0012208058130412508,0.04099101537789761
4.65,0.05985447044217584,0.010581705958902374,0.04600799775003402
4.655,0.04556203219403483,-0.0014841834949989438,0.023115879015543742
4.66,0.07624399313582568,0.028923547732982183,0.0437865809227003
4.665,0.06503267849467627,0.016472039738788004,0.03445124599425852
4.67,0.044888874063229514,0.017867344595348694,0.048730099749597855
4.675,0.06498937714150456,0.012427814650050979,0.027569462651864517
4.68,0.06496886902410103,0.016476881727407647,0.033385766591099736
4.6850000000000005,0.06221021665335325,0.023506849975198266,0.06657847225566624
4.69,0.05472904756163776,-0.0014753253697698029,0.047230874811200495
4.695,0.08212622269801967,-0.0057380009632756815,0.035239678879106485
4.7,0.06774378266913834,0.0089142796025445,0.034625211693046734
4.705,0.06822385358414547,0.012188964871463651,0.04664952364670746
4.71,0.07037696776846805,0.0015214446382013028,0.03744568021625967
4.715,0.07414242399680487,0.028427002601109693,0.042682935639741064
4.72,0.06667887496181976,0.010209083947146442,0.025515402843410515
4.7250000000000005,0.06449472033653243,0.0031374780234431077,0.04567743939792362
4.73,0.06467056173769042,0.006788751472962682,0.04075825822446734
4.735,0.07506841962445854,0.026865301843545842,0.030700204122309456
4.74,0.08071576437532649,0.010517695489802317,0.046851705638252514
4.745,0.06499105897405437,0.020847746867702452,0.050496727798015374
4.75,0.07254609469838841,0.015100516940343539,0.033199813050151995
4.755,0.06650031451014016,0.0057915596077886345,0.048931666202728916
4.76,0.07455774561588561,0.00801350095445311,0.03731837109351681
4.765,0.06675599399236908,0.013452024811768614,0.030478521349961617
4.7700000000000005,0.07915695746312706,0.003375800995396208,0.0658002046007983
4.775,0.065670833245313,0.010715863550235275,0.03864400890247936
4.78,0.06784121345797992,0.008712845514225423,0.04281688410044557
4.785,0.06532707354387435,0.024900887218560167,0.02954568164677738
4.79,0.0650549979271135,0.007555829491955596,0.02421442884363865
4.795,0.0645716035713926,0.007639323225734732,0.042044891088391295
4.8,0.06491925478569027,0.012678848698889114,0.03338757113161933
4.805,0.054546732703095124,0.016301115574023087,0.05154005109764419
4.8100000000000005,0.062262651570482136,0.006762650954055148,0.025424179642562564
4.815,0.06422980066773654,0.011142791761960764,0.0361897899198689
4.82,0.0790081615566127,0.00844596673569635,0.04978464238758877
4.825,0.057682761137783554,0.00036964266182499227,0.03236798924926617
4.83,0.060533256107557,0.013958209133300349,0.025541604618083594
4.835,0.06633620268703962,-0.008204713913442203,0.026569157493394682
4.84,0.06533646268387476,0.007701313522828594,0.032505715974319796
4.845,0.06617811761444958,0.006433124056886792,0.049332169024455946
4.8500000000000005,0.06157851661890041,-0.013311974168202309,0.03894855787104899
4.855,0.10324577791476722,-0.003085975876074237,0.03461161182074064
4.86,0.08161328041677025,0.008769886180260865,0.037582922272366044
4.865,0.08004265414288582,0.024829339158354384,0.04890245602293994
4.87,0.06311682069819306,0.007187407510923222,0.04281366717331184
4.875,0.05557692336340663,0.03498693244615869,0.05227367296400271
4.88,0.05911219095553151,0.0019937623979971054,0.030730789962765882
4.885,0.0620502220765273,0.018411984916898036,0.040563511615148054
4.89,0.0680687343094756,0.01702006977063544,0.05958341758449673
4.8950000000000005,0.06696722110794712,-0.0067671880800715956,0.04503165034431625
4.9,0.07692773088346147,-0.0034191539740617066,0.02675376474602386
4.905,0.05275903087924364,-0.015427337492270411,0.03284516004867178
4.91,0.0596837213517403,-0.008814611857677358,0.03140353060934585
4.915,0.06028520555849441,0.03171091898798492,0.033483996342545994
4.92,0.06495536229233057,-0.004665362685458258,0.030709407644423533
4.925,0.07607779089327915,0.01432279798363852,0.051315070302992684
4.93,0.06579543711380939,-0.01073464975385169,0.04361926334664967
4.9350000000000005,0.06892841156905548,-0.003784160898038883,0.03493981845127282
4.94,0.07135021147968149,0.008282296587503802,0.06110400010204085
4.945,0.05939618322434769,0.01675674432596403,0.04434631000584213
4.95,0.056290739759785886,-0.0036795800322099934,0.051818417639054835
4.955,0.06848730945441868,0.0071360493114487125,0.046099600406183994
4.96,0.06550329329343882,0.003608713166264963,0.05131002134732137
4.965,0.06869763510140393,0.006220932262491711,0.06355711202609822
4.97,0.07054665165414335,0.01216803221860376,0.043225633319252305
4.9750000000000005,0.08312838085171562,0.008136962983160268,0.05323179055013544
4.98,0.0594062163193092,0.01131202023616983,0.06017974002219113
4.985,0.05169853857002757,-0.010955674228980184,0.02718912806298515
4.99,0.06487018825405964,0.008167047771326284,0.05406298595381899
4.995,0.051799800512662676,0.006951638911957998,0.057929130954857654
5.0,0.06573843116337295,-0.007163475766566133,0.04494059417278177
5.005,0.07012031548730334,0.010220387588562497,0.049711642473368706
5.01,0.0675418930791493,0.00038263980450671704,0.029567863284029827
5.015,0.06594365639336189,0.01308737617127732,0.05512664897739471
5.0200000000000005,0.06812306285864163,0.01031423148378356,0.06328935793807898
5.025,0.07068720897200315,-0.02285003144799136,0.03452896134249771
5.03,0.05888025190975093,-0.005085032241828845,0.026168705021309024
5.035,0.055820318223362746,0.00894569605248035,0.059001657482304445
5.04,0.05867670662955685,0.015365395340662422,0.05713242890290221
5.045,0.04800904809731516,0.0152474981898306,0.040467117899891714
5.05,0.04631409225481627,-0.013690547625451577,0.033133997642594414
5.055,0.04960051579671167,0.0014360556294557847,0.04307004908725951
5.0600000000000005,0.06257340348438259,-0.0013469296512110618,0.027545844618034505
5.065,0.07028552079449463,0.018367513453985903,0.040264236555656335
5.07,0.06372266137443121,0.007665936487930505,0.03168291711480688
5.075,0.06494133782594262,-0.01290585477163659,0.06245598049275922
5.08,0.061490608384373695,0.005089306802135564,0.023349795951781334
5.085,0.05886719547236979,0.004652059833435935,0.04774903384538258
5.09,0.06734437946497623,0.017902807938176446,0.03414296954981061
5.095,0.0704575113105277,0.016385806459952187,0.0583338702428979
5.1000000000000005,0.054085275421846934,0.014146826901326928,0.043611024725957896
5.105,0.07352332222591773,0.009701002196148795,0.035217877019905586
5.11,0.06691168729893353,-0.010216535062645912,0.03965006873862391
5.115,0.047220726806150845,-0.00186680091692773,0.05474888361962651
5.12,0.0532306739135325,0.00296732073485261,0.026661840514403817
5.125,0.029040839988613898,-4.320597413670982e-05,0.042565978428787135
5.13,0.06149159791873084,-0.0006115782940239074,0.04578467728824311
5.135,0.04672998716156995,0.0035306815900569034,0.026242014219590763
5.14,0.05050667940609321,-0.008882779520847886,0.040803851823217975
5.1450000000000005,0.05529701866082908,-0.003788296159063854,0.055716672589226204
5.15,0.05356581670730635,-0.0010168395878006036,0.04938621415857869
5.155,0.043919543047070395,-0.007761642347305631,0.021908880576812378
5.16,0.04550695351212662,0.014498159477172578,0.03694930586404627
5.165,0.03795227103853502,-0.021439917574578794,0.03512183611750086
5.17,0.06723034652075595,0.007211980725746319,0.03929306953105216
5.175,0.05894129982124759,0.011652589232923172,0.04082793513722921
5.18,0.06320426151421712,-0.013208082424277272,0.053429864511395
5.1850000000000005,0.04382580593151456,-0.004014730397100005,0.03739937505993143
5.19,0.056225001765522545,-0.0067045499392108555,0.03324343678391529
5.195,0.04263887955783252,-0.004184204610390513,0.037805047139209166
5.2,0.047754846424615756,0.000682508464602086,0.013902955098324576
5.205,0.041167600770287666,0.004548902566583276,0.036489840772780655
5.21,0.03598013456152877,-0.004816131457177965,0.02510344231764548
5.215,0.05224839819207532,0.0014067465480837593,0.042827996738911425
5.22,0.036295415520089774,0.0005760147974384518,0.03862236510672788
5.2250000000000005,0.03192375311428895,-0.005777380175639208,0.04114266855356433
5.23,0.06327191409335585,0.005151462297357809,0.028206583402233705
5.235,0.024609532296998263,-0.007587667760117646,0.036111748919295854
5.24,0.04537705442750426,-0.014235045053884158,0.017315571210552765
5.245,0.038108138966732284,-0.021974903076787563,0.029081323251272093
5.25,0.044357467719586104,-0.001810556824056812,0.0428472939507491
5.255,0.061957057133750784,-0.0024775421118178875,0.031553781750382995
5.26,0.05305483083022349,-0.006198465708324613,0.0426843723822701
5.265,0.051198460050103346,-0.008055404012276566,0.040818264646346
5.2700000000000005,0.057190028327784796,-0.0014406119227217996,0.014745808972577613
5.275,0.04024103447250604,-0.007856038144589935,0.04153488737954367
5.28,0.056231561135227655,-0.017919222454201814,0.037031120005562274
5.285,0.03316031599793543,0.0035021195317958623,0.02566297500404855
5.29,0.042246236638607326,-0.001890222474563382,0.032670840753387206
5.295,0.050058728927762385,-0.016043136293085153,0.04903039296149142
5.3,0.04805562821715449,-0.010500373429880132,0.03055648366218789
5.305,0.053767716539089405,0.00904185365514984,0.035135505070907284
5.3100000000000005,0.051809783506072016,-0.007642087253580041,0.039530577675117785
5.315,0.0471555164259673,-0.00860956156474364,0.05083042427263544
5.32,0.03851029146261965,-0.014785679383308655,0.037294820259486376
5.325,0.05738690597108714,-0.013496386437279195,0.02655251977644979
5.33,0.03696879384899977,-0.0022909143658386335,0.029927155678955805
5.335,0.059521275869971246,-0.02030089670425747,0.03485064810359719
5.34,0.0482166902507623,-0.02434472808089467,0.03929450743129466
5.345,0.04716402838982261,-0.01796479038074037,0.050025573740313085
5.3500000000000005,0.047524334438010234,-0.0036630953602042153,0.04305332104959429
5.355,0.050931449066760656,-0.016983078844628557,0.047807271295072826
5.36,0.040303792304119256,0.00293064342656503,0.04503516078089069
5.365,0.04128028631010478,-0.02238683401375591,0.022108725145546616
5.37,0.04426578812398862,-0.0009753013213615429,0.034522446939533824
5.375,0.04659954244761701,0.0027185142528402366,0.035475729722356845
5.38,0.060441906563770804,-0.01546561177059326,0.04703355919270562
5.385,0.056951994568804655,-0.010167111095756581,0.04612798874473714
5.39,0.03589599100498638,-0.020774426294204035,0.050593528054792045
5.3950000000000005,0.04934331678838095,-0.02407203963623832,0.0370940767615356
5.4,0.04901938566481779,-0.004053274360349444,0.0510835235778371
5.405,0.04627240316168653,0.007176600208060144,0.042969091725626685
5.41,0.051000542438300586,-0.026320559054917987,0.04613911546956352
5.415,0.04005421561450697,-0.00869979453816194,0.04537366019584404
5.42,0.05772445785047653,-0.019909579587753773,0.02394937848590472
5.425,0.050031526808653914,-0.015435212537883419,0.042152985516554255
5.43,0.050734448532512785,-0.0174598054410779,0.04727342987122152
5.4350000000000005,0.0474373572502208,-0.03283568577780761,0.03461635689098466
5.44,0.05337981022898627,-0.012781878669374691,0.056040985147906
5.445,0.0464557637929122,-0.011064621133549226,0.05732445301244313
5.45,0.05167750189594663,-0.013691927070984447,0.025528053823633785
5.455,0.056461331323552556,-0.030081508182889065,0.03555485424153776
5.46,0.04681233510316183,-0.02606814260132563,0.0603627669552751
5.465,0.03355741645322731,-0.007697543732896012,0.03394261365524836
5.47,0.04066309618705422,0.0038363491841646776,0.06218729689699466
5.4750000000000005,0.05223224606266309,-0.017298759085052278,0.04292224894176585
5.48,0.023144047708223234,-0.019516560265698164,0.025981725566906828
5.485,0.05828982675032884,-0.023634685278450435,0.03834960070975607
5.49,0.04359060217329832,0.002993992079991384,0.06436456755441425
5.495,0.0456279947226208,-0.02575264635594248,0.023593384580504417
5.5,0.049986861544115954,-0.012277447808457886,0.02416263839511284
5.505,0.05046085739236,-0.009307691086590542,0.03525992895373925
5.51,0.05596871273341072,-0.005849925742396024,0.025679269209292387
5.515,0.05058591716101986,-0.01002121796160393,0.032942593266467084
5.5200000000000005,0.05405984945074007,-0.024719682553930856,0.044519672757608174
5.525,0.05842242909805299,-0.019528341845339896,0.04619968929553061
5.53,0.05215281983354345,-0.028497973240611034,0.07556939376902481
5.535,0.04143999231187148,-0.014469097498694935,0.043810683320942206
5.54,0.05646526601592364,-0.019346924315586034,0.06415465032835427
5.545,0.06421264064946103,-0.029209013334554924,0.07004635211791155
5.55,0.043898219880921886,0.003973157189457944,0.06351312983209767
5.555,0.04429430081596407,-0.006239358701882192,0.05715264580023423
5.5600000000000005,0.08197383726442274,-0.002501006502606814,0.0644402555691985
5.565,0.05663220583856119,0.0035427476195201354,0.06906884698099026
5.57,0.048993193939387364,-0.007805236336255128,0.05918640291139228
5.575,0.0444593877494328,-0.00027149804979143335,0.0608140440414532
5.58,0.035554751099241506,-0.010338696273632106,0.04176947023791827
5.585,0.04726479611584883,-0.0060085700850835925,0.04345570604182951
5.59,0.03748393198646084,-0.024025130495510853,0.06432063702088298
5.595,0.05300132900784483,-0.01945207404648772,0.03213208290217684
5.6000000000000005,0.05198785381274008,-0.010625151597198228,0.031891215375983266
5.605,0.034381832203459146,-0.023746294122091494,0.035649252693998046
5.61,0.04134212691543089,-0.004208483026391001,0.04663573839835705
5.615,0.04839794285200272,-0.0003627389410899226,0.04686158613559016
5.62,0.04604974750889495,-0.0420481852904256,0.06187319123105349
5.625,0.03242821921771385,-0.013250669548609586,0.04106579430210405
5.63,0.044034515493695255,0.016301136613018855,0.060903035797548646
5.635,0.04091512623997029,-0.02028145236412655,0.027561860279014652
5.64,0.022094006838811183,-0.012782056972896732,0.046454325404201496
5.6450000000000005,0.042261494482831945,-0.03280633149120693,0.040806715929630144
5.65,0.020420175689767436,-0.0212217080535985,0.0452568216540359
5.655,0.033637515871032336,-0.02713002710457508,0.037223759889131375
5.66,0.04728476680527073,-0.02443403396057728,0.062304246165058
5.665,0.03915636202290654,-0.017791179913895415,0.04607145453473653
5.67,0.03467429520460975,-0.026182496546395165,0.045245106797555085
5.675,0.04328115852168838,-0.02783650786973515,0.041574853327000935
5.68,0.04043391580982699,-0.0025884686241102045,0.04834140614813724
5.6850000000000005,0.039003167913336516,-0.007027377436459545,0.06888191300315702
5.69,0.051054222684929325,-0.02150012132951246,0.04169210060430731
5.695,0.051262870291332766,-0.033466005121649184,0.05551150125277332
5.7,0.04312850489254001,-0.022611289736367363,0.028995353073099434
5.705,0.04592588801492296,-0.018512943358212502,0.051687069642747996
5.71,0.057862065806362745,-0.018739037774548765,0.04382131464041221
5.715,0.0436839432197101,-0.01333459950970188,0.05013458018072527
5.72,0.034402193487373,-0.021758627192228618,0.04712941226599941
5.7250000000000005,0.04887934714806106,-0.00984210172716411,0.056982450512171275
5.73,0.050214727816597415,-0.043417737526637176,0.04371450762784572
5.735,0.05750166213887411,-0.02046253160524611,0.06322007856361574
5.74,0.040489967646881855,-0.02955603988028496,0.03902498253090841
5.745,0.04978993891802144,-0.009510716474806278,0.0462800043807835
5.75,0.041880021947372593,-0.00505118667578176,0.058121412760487344
5.755,0.03271044245595019,0.012618599346862477,0.04826491490942652
5.76,0.04635632054076068,-0.02249137520884604,0.04890761125866339
5.765,0.04316259015437637,-0.021580401293134408,0.05393575550421867
5.7700000000000005,0.028511044656874585,-0.017453720337130513,0.038029202017238264
5.775,0.0307654154811738,-0.006642596414686791,0.039629824133227416
5.78,0.03257679227004622,-0.019878314271893984,0.05020411750419189
5.785,0.02933525518987939,-0.029849759114649314,0.027972493571363832
5.79,0.03671428152656886,-0.013607186638957044,0.05210638343001833
5.795,0.02988787694986413,-0.015522461004268327,0.05595623681944524
5.8,0.031135957571743905,-0.02278370909222247,0.06250793799956447
5.805,0.03557370142324746,-0.010296753201862255,0.04389970089016645
5.8100000000000005,0.04149279261860905,-0.026154490432293558,0.03081073543756867
5.815,0.030372571212606208,-0.021032389324441323,0.040823867187527924
5.82,0.037442866761911664,0.0022087163498455444,0.04666721544826303
5.825,0.03755539260640704,-0.01984884775325673,0.039124921432689794
5.83,0.024076532012592782,-0.015670218350189846,0.04879396738486119
5.835,0.025542352212406215,-0.009955760985453447,0.014734711256138643
5.84,0.023785688188829084,-0.03027264130489231,0.056568208364397646
5.845,0.01596379098864715,-0.0077618446275277,0.04134815193934241
5.8500000000000005,0.03815914117825719,-0.011715939920316023,0.05162815556075208
5.855,0.025709022635185354,-0.005202693555453941,0.045200291010459595
5.86,0.055122063420159295,0.0065579191807978235,0.047631597356838286
5.865,0.027856424989614548,-0.014382037506571445,0.04963144961958829
5.87,0.020737842186295808,-0.012569823799518095,0.03843160529344174
5.875,0.04687395702735045,-0.010137727562110486,0.0628525003178462
5.88,0.041335647265070614,-0.021746036300492516,0.06191822488968295
5.885,0.0285845163154951,-0.027919217122043576,0.051940273806195356
5.89,0.0359086993677597,0.0058296310106893245,0.05473714202731331
5.8950000000000005,0.0403967436664937,-0.026351424162505032,0.039156452852310716
5.9,0.051411380870160325,-0.021950930348717423,0.06958901744790173
5.905,0.03916324963005031,0.004029108069415484,0.038906249031518396
5.91,0.032559378401128374,0.0050010042072041495,0.042637384026549596
5.915,0.025953248625066403,-0.0026942705339594343,0.0671980016077863
5.92,0.03226105027038184,-0.002910561940817404,0.026713279896431005
5.925,0.05023741731407431,-0.005980744613731865,0.04580458518695922
5.93,0.03556330576858846,0.012789151257961977,0.0359332695759695
5.9350000000000005,0.028510210071909303,-0.0019753554621781983,0.04571036703436625
5.94,0.02791779753587578,-0.01209026208908905,0.04629320039425186
5.945,0.04169009404710632,-0.014581128805024603,0.04973145935344876
5.95,0.027110804574254785,-0.009776366002905046,0.06554139267801419
5.955,0.04618168288838636,-0.0030130937365373377,0.06143474087294735
5.96,0.057720504659320014,-0.027921472503449937,0.04659731430781284
5.965,0.042632094422068154,-0.018426102290706188,0.041515917367238656
5.97,0.04685747911471336,0.010649433371095597,0.04917919005676406
5.9750000000000005,0.0410009531953273,-0.01579446550747055,0.05134920702161501
5.98,0.027822105525598054,0.004199691331275174,0.05270322863399083
5.985,0.032766504957597836,-0.007457907532106385,0.04705833617294179
5.99,0.04356340045159192,0.00056309881631849,0.0603144699751416
5.995,0.008791369405134097,0.004993034231473583,0.03757211112952898
6.0,0.0181245723957504,-0.014861340016135328,0.0590373269692203
6.005,0.04036646766708922,0.0040749965016522675,0.03803549784095232
6.01,0.028361736088248574,-0.01082340511352671,0.04611807035954862
6.015000000000001,0.023686910995137925,-0.012557497027472844,0.07222780689684685
6.0200000000000005,0.04241237094644446,0.0034535565001335405,0.040520196791456325
6.025,0.02648215069160261,0.004221330137570877,0.04592527407664527
6.03,0.015020832602673152,0.010464764605889918,0.05138220375159284
6.035,0.02682785108037199,-0.016127246425981817,0.05037172118354752
6.04,0.024658763949555455,-0.014278202499256824,0.0660637153965958
6.045,0.020710648105508316,-0.0022663512242633082,0.030469230959047557
6.05,0.007373927567231186,-0.00980599661640704,0.041940809238502935
6.055,0.022064484734853826,-0.0161658818629672,0.040634578741133645
6.0600000000000005,0.018001388393801245,-0.011377116150770047,0.05253670958455991
6.065,0.007782538705470101,-0.0037832922500476984,0.04440107198677107
6.07,0.02096857672480232,0.005985126674578086,0.04187848926006894
6.075,0.02320348428162858,-0.00965389006819046,0.04825493418296063
6.08,0.02005911396783492,-0.0030913720099291922,0.03564329887196589
6.085,0.008987053244579471,-0.0031224231357278543,0.04661818115904756
6.09,0.03272726102824401,-0.016265456784983312,0.037400555487595535
6.095,0.026107370046666425,-0.02273289476065476,0.035679789007815974
6.1000000000000005,0.003952648652954669,-0.009550264624547458,0.03950232055016404
6.105,0.03181567101327089,-0.019238729768144558,0.04424458229408841
6.11,0.010539047218274191,-0.008764476254666365,0.041515592331749424
6.115,0.02309349403659854,0.0128536682080248,0.04286268539903319
6.12,0.022786199124934358,0.0003675766499016157,0.032835185404280175
6.125,0.0213559627877985,-0.008502514373470238,0.040502806406173264
6.13,0.024926992118079208,-0.009950341057862699,0.05024982811166245
6.135,0.027991796234827386,-0.0134944702054829,0.024906328697083806
6.140000000000001,0.02951177841263951,-0.0064360620078053755,0.02281800668958453
6.1450000000000005,0.01659013318413301,-0.0023983733957022788,0.013205627637029862
6.15,0.03508501085410912,-0.020438069318655175,0.04051576171932414
6.155,0.030228195909566623,-0.01695586837628145,0.034877351568314265
6.16,0.02197904485795743,-0.00540588292550982,0.029308324041602867
6.165,0.02282977842193553,-0.010388543017733353,0.04147021970701591
6.17,0.02299473335834061,0.001658294267747734,0.036268567149492684
6.175,0.030038470662350537,-0.005465975737141646,0.03044187634214328
6.18,0.02167103469212993,-0.018088970150514135,0.030954954965828126
6.1850000000000005,0.01371819838484983,0.007714477609863772,0.040093715319910087
6.19,0.042994461490360764,0.02517136005371979,0.04027495209679331
6.195,0.022510523217361023,-0.004757109787193966,0.044881761928881686
6.2,0.019960523969043405,-0.0032846728892892128,0.023144841289720244
6.205,0.015815964234149334,0.00869030662935891,0.03190675843508384
6.21,0.025551807551610392,0.0055036014918099195,0.03602133020302339
6.215,0.017345704786572613,-0.004908594227785325,0.04569683451548985
6.22,0.025192021101016687,-0.0032905513143752056,0.028547661170256776
6.2250000000000005,0.016101457411300545,-0.0011547894923986915,0.028190441687386686
6.23,0.029829266059219164,-0.012112271509788965,0.02940687321472204
6.235,0.022105621479672096,-0.007534784318785057,0.04027514549699535
6.24,0.021340390269930024,-0.016497504991296052,0.04109890806004454
6.245,0.031085038347595115,-0.00943063704788602,0.03789083205857589
6.25,0.020057558856098428,-0.004829366205305473,0.0602962101952227
6.255,0.004203240190133826,-0.007040294224424028,0.03964034055433718
6.26,0.017963598314115932,0.0005233224847717138,0.039059072976111976
6.265000000000001,0.015381601379597477,0.009574483907226846,0.035918574423599414
6.2700000000000005,0.013018228490776867,0.0014462069048790036,0.0494998925682615
6.275,0.028223996548910422,-0.028919263694137727,0.057141571376026795
6.28,0.008706681831057425,-0.001627714847895637,0.039513856531133686
6.285,-0.007661887344922425,-0.0015266001424157445,0.027240820752931893
6.29,0.01499941165241371,-0.0038233050153593465,0.029303920642241382
6.295,0.012761782003291713,-0.029132647047355,0.02762802456639776
6.3,0.008099831795416103,-0.007451376501873688,0.03175154467351868
6.305,0.009344902712986634,-0.009011698915140729,0.04549037681991455
6.3100000000000005,0.01030695024470139,0.005316835880571896,0.038959074438668195
6.315,-0.0007994929220213054,0.007455120199315465,0.025807589742964872
6.32,0.010232591808882443,0.007450298063489324,0.03446191643753243
6.325,0.021035436876313207,-0.02050766851873878,0.0404492725797324
6.33,-0.011317731324564276,-0.0020969621466102395,0.036287830908795386
6.335,0.022051741830629364,-0.011895623963402368,0.05219695000292956
6.34,0.000444930916449298,-0.002351682023719329,0.04556749448090475
6.345,0.028711007230431712,-0.014282985390604155,0.04714238789597814
6.3500000000000005,0.01137554859912663,-0.007754059351611562,0.04751958080719784
6.355,0.008821387437972183,0.00851935960301528,0.038107347269140515
6.36,0.023460143261588632,0.0006227007292703588,0.03336255912843314
6.365,0.014229344074074828,-0.010473728392466729,0.046497754630923566
6.37,0.02824112652166422,0.004639442916192182,0.033876312786074766
6.375,0.014508869744003523,-0.006591138194885524,0.03992854286532792
6.38,0.019061077047198557,-0.011481365934375124,0.04385779489890799
6.385,0.014322492893573527,-0.004745155727019509,0.04002983008776462
6.390000000000001,0.027894901251442013,-0.007898624306758969,0.04208609738066428
6.3950000000000005,0.0005782345209356041,0.0024288231865417604,0.03795929119562564
6.4,0.025201904115598334,-0.020862834171857563,0.022014276552359165
6.405,0.02250589715784675,-0.012847597104978764,0.05607921597749037
6.41,0.02885285961282488,-0.007304148645740508,0.03836953603047771
6.415,0.010349822197817223,0.00474486480866768,0.042833188173900805
6.42,0.00020628589993742716,-0.021719481875506305,0.04084335322798493
6.425,0.016260998736132785,0.0031228649308027694,0.03692792075220759
6.43,0.009304376922802643,0.0014895676071389414,0.03754435145239368
6.4350000000000005,0.019710672869209047,0.0003060989893154428,0.05244795605235032
6.44,0.025914394669806804,-0.007144036357090929,0.04548748683102015
6.445,0.016764084085614854,-0.001184356518381608,0.035765490076015566
6.45,0.011626455236984492,0.0036455858318739853,0.03506898796497079
6.455,0.021380060508564485,-0.005019403073954531,0.03468950727797777
6.46,0.02815984117021311,0.01089166811982817,0.045825766914688475
6.465,0.02493185265614967,-0.014295502138099573,0.03870383728783061
6.47,0.022335085780363233,0.01948036601900847,0.040055780287949275
6.4750000000000005,0.03475937922699514,-0.0002870968014522708,0.022259127059385864
6.48,0.030579617318015662,-0.004940557152474033,0.04147527783381623
6.485,0.01994284900457776,-0.006176614605508979,0.04174155146678801
6.49,0.01580198148155949,-0.007393836314743767,0.046195178591528885
6.495,0.021040202664561147,-0.01220568214051849,0.0305508919902011
6.5,0.025356055052925285,-0.017321076025058987,0.03409150582521465
6.505,0.02395985897556974,0.01678244845066797,0.0667315582507938
6.51,0.016604645982663577,0.007034319389207891,0.048235987844191086
6.515000000000001,0.007452681862821563,-0.011863392136759892,0.041104689748831254
6.5200000000000005,0.01730443756212096,-0.018746509759016303,0.012880425479449729
6.525,0.04426107616516339,-0.0017361215174767895,0.05241490645747281
6.53,0.024822008354088515,-0.005300876612596086,0.0481552246900898
6.535,0.02725130977030342,0.00856588311781727,0.04306057495334849
6.54,0.015142685442273878,-0.00025287903692835243,0.045505544728350014
6.545,0.017563641740448138,0.0015614563425066733,0.06637299318537898
6.55,0.027876963233726508,0.01664231909001967,0.03778497351936249
6.555,0.030017746431893866,0.006175090934943256,0.04396038781673692
6.5600000000000005,0.02313512552647269,-0.024298979924933222,0.04365107319944718
6.565,0.02218510009141518,0.010073498203514705,0.04340660939997012
6.57,0.011376696300049822,-0.010730966386347893,0.04574649973476559
6.575,0.01588611828464135,-0.00659713247252868,0.04930021455086982
6.58,0.028729734692576375,0.005324649534042182,0.05521181029998379
6.585,0.04066380535736572,-0.007510921079256079,0.04493749858823936
6.59,0.038011265465581374,0.004082140870674702,0.03158818207102521
6.595,0.023782909017664177,0.011438762530607438,0.029347320266596783
6.6000000000000005,0.04623529666327739,-0.0006743064133124591,0.042665767607456336
6.605,0.029840063438675908,-0.014356466141834907,0.0499114330837686
6.61,0.006500565467142234,-0.018862633339740344,0.05691619231655487
6.615,0.02440732094995816,-0.004441764193309298,0.05610828139968897
6.62,0.02023466318846953,-0.012517669453944,0.059363651356633976
6.625,0.01574047493042196,-0.010380522340738598,0.042806847249178326
6.63,0.012207165840811924,-0.010405902643681037,0.06510598075866059
6.635,0.014870124446121482,-0.02265084110619042,0.04268680789209679
6.640000000000001,0.030164946701125683,-0.011728469972004735,0.058032915216302126
6.6450000000000005,0.008310726225531938,-0.02321725040081213,0.04743920423475629
6.65,0.040080880513162415,-0.015581953243237384,0.04411239303564047
6.655,0.024903584923893652,0.00044294275826209286,0.04084746856987669
6.66,0.024669325418424475,-0.0046590297402896545,0.04247369905873895
6.665,0.023766829830171303,0.0014585924975197406,0.04967708159426715
6.67,0.03550724889600394,-0.012030822724654305,0.03847988677238595
6.675,0.018815796128488667,0.012682705383276616,0.03495742529269019
6.68,0.04854663400309474,-0.0012143981432280885,0.08373106772568593
6.6850000000000005,0.0011968979638640586,-0.013102906659490663,0.041588589240766145
6.69,0.03327716456580126,0.004772338106363681,0.05665607348326161
6.695,0.02779806612392404,-0.00748199931544977,0.05632970676923684
6.7,0.04362767563511871,-0.005149790128579988,0.05187258606559726
6.705,0.029941347383081275,0.007895489942780012,0.04624848120640067
6.71,0.02927936863045419,-0.0035860614958601305,0.03125036470854457
6.715,0.013301769303921001,-0.009014040436583163,0.061797370059801106
6.72,0.04601599704538073,0.015487033255895332,0.061525660279005766
6.7250000000000005,0.03835934658537294,-0.017616542375339547,0.04646739931424837
6.73,0.036372467627623535,0.014190072104790688,0.06331245213334581
6.735,0.02591836415762828,-0.003675146416331442,0.0607789472249123
6.74,0.03800372781208565,-0.005836762563658417,0.04124384268347757
6.745,0.008802974100419051,0.024350312286112286,0.042016918480165324
6.75,0.031248976376984275,0.0002240596356990329,0.06155821409146803
6.755,0.024809539388453546,-0.009259189749277181,0.048865880192591526
6.76,0.03937784375703967,-0.021035695905348376,0.044817128239810496
6.765000000000001,0.036188726002297694,-0.008595891337951684,0.04107700681949478
6.7700000000000005,0.03498622562051129,-0.00808945844722588,0.03819282456906915
6.775,0.024726574804890142,-0.013302207812171549,0.04253951291753015
6.78,0.04442131737232137,-0.0033654076434220448,0.04330828693419391
6.785,0.02944951307250021,-0.02388720424896946,0.04667930488258744
6.79,0.030481017147658294,-0.012870464631568082,0.053373612925681505
6.795,0.025800951397658728,-0.001376402650187594,0.04153844971190859
6.8,0.04083216125481067,-0.022926765956972395,0.046787986082035785
6.805,0.021057915983147033,-0.014703782010154664,0.06458144315985728
6.8100000000000005,0.024471330793016933,0.0009361173077809745,0.04424753819680376
6.815,0.030308590341910496,-0.015009336400401564,0.03696627191516813
6.82,0.015057692829949098,-0.005761752526511394,0.041889422879207036
6.825,0.01545745365750932,0.0012679142946064505,0.04825293076502296
6.83,0.02577583285136871,-0.009482359054088953,0.05291832008868645
6.835,0.013885538066711233,-0.013253409395832642,0.02587955426514475
6.84,0.01693250595354793,-0.007461694644706039,0.055938472689927646
6.845,0.04918814248861528,-0.021608666919627713,0.03330610250159955
6.8500000000000005,0.02372827747650326,0.002016848903879198,0.04783109970146259
6.855,0.017379397348591466,-0.011042955079330168,0.02823389431689849
6.86,0.024670979193060688,-0.0036220869251165867,0.03575048149275474
6.865,0.024630992435630366,0.0011324311389989683,0.05053551074037472
6.87,0.026569039644177058,-0.011031625115511534,0.05610088087288655
6.875,0.04634596764742163,0.004107050519237166,0.0590791835157862
6.88,0.043753876950684306,-0.00021280709923756757,0.04601088348307772
6.885,0.02589333684023836,-0.002588959021104187,0.05381264120879757
6.890000000000001,0.024433971029259215,-0.007857329909383261,0.05025266816362159
6.8950000000000005,0.050458367996032955,0.010422075422337397,0.03291572407854074
6.9,0.04603364625505371,0.012676092144119664,0.03943318291278565
6.905,0.028005128827684897,-0.016215327279271916,0.049177652468080375
6.91,0.037322085190409256,0.007124670896961944,0.022202338219927856
6.915,0.029787115812025335,0.003868569248364832,0.05469822430125425
6.92,0.0343646905854518,-0.0021813879630228567,0.03972104880246391
6.925,0.01938938802352591,-0.01353478228601967,0.029929236826042746
6.93,0.02353430670801764,-0.003971970302786839,0.03729543923903808
6.9350000000000005,0.04371223833801492,0.0037690850581493292,0.045306999137959436
6.94,0.041326105090418654,0.0027784001688207875,0.04399376456986293
6.945,0.06764079796557226,-0.004678519216437414,0.04578601614948141
6.95,0.03911371808228285,-0.011992088286226112,0.04068914749065894
6.955,0.01887599643497731,-0.01055427172737232,0.03637556296328966
6.96,0.027882051431369313,-0.012274079103574583,0.044719245290891635
6.965,0.02465989703549111,-0.020898596259870707,0.03899465534092866
6.97,0.030978440594448077,0.009384209694753731,0.04089485286564061
6.9750000000000005,0.04506927835291109,-0.004530512738216711,0.040513149039869675
6.98,0.014248473773984475,-0.005940003226535635,0.04868028652684024
6.985,0.033214616617421956,0.004143491872709833,0.0638654076961384
6.99,0.021642558969170434,0.006103748558851957,0.04540494017424154
6.995,0.03510253265240597,-0.01565483474023723,0.04211658314979718
7.0,0.029775275883338594,0.007151958581952617,0.04532712822259886
7.005,0.023273254978527155,-0.007843267238831855,0.05579207205410241
7.01,0.06079495992451825,0.004746989349557238,0.048531709687561694
7.015000000000001,0.04685286910018842,-0.018597449593676464,0.07072377626418115
7.0200000000000005,0.0440198502894596,-0.004157341180015874,0.053588828542785794
7.025,0.03508988982559505,0.009431297534883212,0.054293998552762145
7.03,0.04125919290699682,0.0017959553131535293,0.052220448840169506
7.035,0.03640696379736115,-0.010934506074145072,0.04351144737522485
7.04,0.023429049946745103,0.013073608829581586,0.04167531498606114
7.045,0.019615462704255765,-0.015415527341103167,0.05529192826599423
7.05,0.03988945724701468,-0.007348809131346332,0.06093522271344967
7.055,0.04012329414660185,-0.008149262120378921,0.04622808182380361
7.0600000000000005,0.03211097895440715,-0.026108406592770386,0.04975624675277303
7.065,0.024918013537226977,-0.009311862826277256,0.05698309801078354
7.07,0.017071567301260353,0.011160771906068064,0.024945857746630263
7.075,0.049413481827331775,-0.006137698544964194,0.057846219965470375
7.08,0.03053749287608998,-0.019686475803318112,0.05718265368347763
7.085,0.01785814379080518,0.011095001844179785,0.049576522579465
7.09,0.028053159056250013,-0.010203137445449928,0.041703065496759256
7.095,0.03322236937415719,0.0029421776323569314,0.0317654524441318
7.1000000000000005,0.02803889479582349,0.0029677423521130893,0.05387704784578887
7.105,0.049628419647999696,-0.013909725467746891,0.04944686253615769
7.11,0.023160971547593556,-0.029358765356745652,0.041092404438386396
7.115,0.018912325531671534,-0.01861544110743473,0.03385348920774593
7.12,0.03285880602490277,-0.018908225280130603,0.060512211405533985
7.125,0.03819234518472703,-0.02917884543142619,0.04460645995991276
7.13,0.015582483176430524,-0.010880960974375718,0.04973493235375286
7.135,0.038431364100568986,-0.009206590949896537,0.04164755104424818
7.140000000000001,0.03637301465549886,-0.0060165161020238125,0.03492167524736095
7.1450000000000005,0.01351658143499432,-0.015437530299249564,0.05113455924473217
7.15,0.02186418346216579,0.005133525654576202,0.04081207824562663
7.155,0.027653004634910636,0.004190536770935199,0.03808040512274477
7.16,0.043641063759892545,-0.007411114845642374,0.04460794865578537
7.165,0.03962237655324428,-0.011058592757503762,0.03483175948143348
7.17,0.016627171676544164,-0.014039006282405746,0.03376113575013688
7.175,0.03358093618458555,0.011506703285450197,0.035177973742333765
7.18,0.0356231541350828,-0.013100411534156807,0.02187439212606597
7.1850000000000005,0.032324849024460735,0.017059756270005548,0.05616044494435102
7.19,0.03969538373814904,-0.009478803117496288,0.05935645156537446
7.195,0.012842433710228232,-0.006170421610723318,0.041817296833837524
7.2,0.023739538796430988,-0.002004070142671961,0.04261573663053307
7.205,0.0205158957647821,0.003764583355821041,0.05869413786304055
7.21,0.030163218360630815,-0.008074107833650373,0.05002077757144204
7.215,0.03811091511333867,0.009341813078674656,0.043059144938555165
7.22,0.03836793182482266,-0.00026959524617957593,0.03937053036139027
7.2250000000000005,0.011502533260922352,-0.004449284203980924,0.053097829771911347
7.23,0.019611650114541957,0.0047441807866252204,0.031269727584695144
7.235,0.0265279798944882,0.0021937316123546366,0.030336332165847756
7.24,0.028108646322322146,-0.02840378150642083,0.06228707027777749
7.245,0.021094768520742248,-0.02131748536354495,0.04523438514016877
7.25,0.05638810597150878,-0.0028673158609509603,0.04953130278976532
7.255,0.022608249546823753,-0.01807602238396258,0.059057958148663936
7.26,0.05989340342048423,0.013986688371305254,0.03674055648102252
7.265000000000001,0.031991568415953846,0.021076679442538784,0.023047436350171056
7.2700000000000005,0.03841717679318839,-0.01214137984974185,0.06315716650843767
7.275,0.04997397979149718,-0.0260765386017889,0.04395895835792359
7.28,0.032738899112421775,-0.015920284323980266,0.06654959184500525
7.285,0.02816593658998773,0.0006656764088961492,0.05112488693863204
7.29,0.0256846762440106,0.005345970404178922,0.03840937405199279
7.295,0.04144365712399946,0.007217551562622212,0.05317401450915117
7.3,0.0260225173528724,0.009861689731297774,0.05677419413526419
7.305,0.04336666591788216,0.017381388557046743,0.06249789284271808
7.3100000000000005,0.023853866194179812,0.023504065444304598,0.06566515556491163
7.315,0.0352932065989362,-0.0008369861399990164,0.0671846328822858
7.32,0.0470544401413138,0.013270540970131929,0.06179869670236429
7.325,0.03239578791906474,-0.004997854401047808,0.06846196157779977
7.33,0.026862297820968436,0.0007323364643433668,0.0822951599901871
7.335,0.042162272274767716,0.01867928778517681,0.060036628273990686
7.34,0.0513725350282273,0.0020305606506152525,0.059525887069723026
7.345,0.04651113288888844,0.02102334278417826,0.05070506210235689
7.3500000000000005,0.04985547736121906,-0.004752748336725027,0.05275916931547084
7.355,0.041931950205137174,0.005878673057262157,0.07040700158800034
7.36,0.04285775148136731,0.008135839459352753,0.05773738716751827
7.365,0.045549171594239005,-0.004862913359237229,0.05302644172320239
7.37,0.03339906924202507,0.017237984213484152,0.05898714769788924
7.375,0.05083317305325613,0.008412238803044123,0.06124923413762691
7.38,0.04214393783983193,0.010292969392212777,0.05915227856038173
7.385,0.03731245339503049,0.012760463220133345,0.0518517508419349
7.390000000000001,0.059145955739645074,0.00573076511238246,0.05526164845906224
7.3950000000000005,0.05140033033233659,0.013398183351155139,0.05955039632289558
7.4,0.03771332506959555,0.0003683308527641909,0.06648089012304602
7.405,0.043091858428898566,0.015650333690089325,0.05953511194386979
7.41,0.026242782309880117,0.012401937085601406,0.07050523916843843
7.415,0.026291953441554536,0.015287064748516864,0.043094497812266375
7.42,0.03602726092651676,-0.012102124177706683,0.05760790471388455
7.425,0.048658249574022705,-0.005355640784258357,0.057377909017404506
7.43,0.03285963260164855,0.02201139019041172,0.04403609027170943
7.4350000000000005,0.028520529735771287,-0.003622463009121394,0.053404864412010235
7.44,0.022016153006631803,0.005823125325295863,0.06626698641713541
7.445,0.02277457058771428,0.0058377879308852965,0.057400986401954374
7.45,0.029948647588155065,0.006576637409588278,0.03221734557303638
7.455,0.028608496582664004,-0.008419152239630117,0.04979268100327469
7.46,0.041922145814338826,0.013693112361342541,0.04663716131088075
7.465,0.025471544749656547,-0.0013467435107497178,0.05315352952612189
7.47,0.023042524299268674,-0.017994944254900346,0.06669209640711278
7.4750000000000005,0.015473750461743478,-0.006248656987592017,0.06485475882529514
7.48,0.029466822625402324,-0.0061291084769205546,0.054406783820431306
7.485,0.026393491817351934,-0.014404774582618145,0.049372631705185216
7.49,0.015915253360679216,0.0007107916446255601,0.04614994043240184
7.495,0.009056759864663026,0.00779888352785028,0.07765603605035443
7.5,0.03128990195757673,0.004348310381486588,0.06122330043380239
7.505,0.02031301495020369,-0.0179840949680657,0.06072326673764061
7.51,0.01641158278109871,-0.004355734516815086,0.05323069624571386
7.515000000000001,0.03803093388768487,-0.003715558782014963,0.07296823314148644
7.5200000000000005,0.015725743946118715,-0.024962231827166812,0.0510884894644713
7.525,0.021812464539972494,-0.0037311000936666875,0.05130869906530456
7.53,0.021199196493364457,9.221438061160839e-05,0.03988496212740812
7.535,0.021771250065583617,0.0006159816635932479,0.05123540423871026
7.54,0.03180079268164328,-0.008890378035058493,0.07141224832080506
7.545,0.029895330310876628,-0.0041743140743709896,0.05107832229946849
7.55,0.02855191647997967,0.003288333690167322,0.04907427642050856
7.555,0.03897478965062209,-0.0037649924212282667,0.06252220139529122
7.5600000000000005,0.020027473497552552,0.004442928254698235,0.057852644250473234
7.565,0.035151697417303764,-0.001563755068960412,0.050223272352530796
7.57,0.038872899106891935,0.00798716219671831,0.07387686224377985
7.575,0.02206523954105681,-0.004498146489881283,0.041688526659600274
7.58,0.03367908084425478,0.02254542078058232,0.03980300070918459
7.585,0.02638519964135701,0.009016366520270325,0.04424086305845963
7.59,0.025505120384723738,-0.011403174781889992,0.050397590100914096
7.595,0.03140015222636147,-0.009932484634120144,0.054384240279028925
7.6000000000000005,0.04703407621948785,-0.012047505551175916,0.05881036718982864
7.605,0.034962345644374095,0.01264573334007369,0.07837130283639196
7.61,0.01993161379860567,-0.024770764606496,0.06816051526365946
7.615,0.0354668424459782,0.004297857555444861,0.05498786477524606
7.62,0.03822237383902656,-0.0073886823143853465,0.07226036207803052
7.625,0.0374478911639284,-0.018377258611422254,0.07186724229444193
7.63,0.026801338856914266,-0.012149380454203409,0.05365438086261551
7.635,0.03626592237485326,-0.022253126963779422,0.054967484358383854
7.640000000000001,0.04240755088652157,-0.0008683505978210222,0.057336994067604216
7.6450000000000005,0.040629692537385645,-0.000534964663581711,0.04292695912531714
7.65,0.04131769439154536,0.0038848417041525522,0.05671364363305634
7.655,0.04187946293661736,0.0003318583677029384,0.06683953970705497
7.66,0.038434578722684354,-0.0043830836586232404,0.04232605534555107
7.665,0.052186325137858064,0.00694514621400826,0.06337988918571513
7.67,0.047222448527565034,0.012214565920259384,0.0652774214512774
7.675,0.04036097515389993,0.005531986360328384,0.055274227145266266
7.68,0.06594316167162269,0.005648281557212585,0.054250935236265035
7.6850000000000005,0.04167159068900448,0.007910620030544772,0.03890782320314938
7.69,0.04998025636896402,0.003171359752060489,0.06711250171017297
7.695,0.0481816574979116,0.0007897627979842371,0.05883223403909314
7.7,0.04513531287508671,0.005993034994311875,0.08050778406241008
7.705,0.048293583528963575,0.020956573986935106,0.04480616201181361
7.71,0.025133096999773768,-0.002437160833714475,0.06019056450494353
7.715,0.03751416577986942,0.007558262901140488,0.06694360967521064
7.72,0.04339400840358489,0.005602123046465865,0.07512627322006411
7.7250000000000005,0.037261304885316864,0.0029925706040748734,0.05975546240636202
7.73,0.045111681596423814,-0.00712218787247436,0.06701850754444608
7.735,0.0446046864769499,0.00319165935869147,0.07358330133530083
7.74,0.04472273324265301,-0.005045546266321326,0.06885917959879342
7.745,0.04856472426310066,-0.004466728269268205,0.060217841757359426
7.75,0.03386630139754368,-0.0022765321756892613,0.07364193363547715
7.755,0.03385818175725147,-0.005522714822481966,0.0654228936181396
7.76,0.04167223181935816,0.0053500651920546805,0.07127215710153958
7.765000000000001,0.05969423364359122,0.0017130001135089862,0.04506823854427469
7.7700000000000005,0.0406429009857778,0.012402330043325678,0.06513195429564732
7.775,0.05126564642594722,0.017316773591820885,0.05921693194498358
7.78,0.05393696163210003,0.008884593824399706,0.06864617458941276
7.785,0.05999445726390948,0.03485216986736173,0.07499820742968197
7.79,0.04513562113317882,0.010032496419159466,0.054316692006087436
7.795,0.028447164297061487,0.002841188502119018,0.0807245057725629
7.8,0.04731402115062125,-0.001516460916772282,0.08103873784153076
7.805000000000001,0.031569660011101695,-0.004927680223513182,0.047269713026266244
7.8100000000000005,0.042753553933947475,0.012577056449305561,0.0547377050088613
7.815,0.03220000535425296,2.1239270393824672e-07,0.059892725026748334
7.82,0.025209449673828543,0.01644107937407741,0.0648283974212107
7.825,0.0481939345405505,0.002277766027090143,0.055909372027443394
7.83,0.037452932027405864,0.010833814676275033,0.05231694482379369
7.835,0.03231329953061868,0.0003301819227663448,0.049589033443873685
7.84,0.03921589441242315,-0.006480264069058509,0.06424931725532362
7.845,0.03519393743212638,0.005943284147363791,0.06540981539943394
7.8500000000000005,0.05386421115529987,0.009722555744566054,0.05138099275892859
7.855,0.053445332921973676,0.006701554351925973,0.06200866033366719
7.86,0.042564673859027465,0.005163975591806544,0.07252314249165177
7.865,0.04437619018395108,0.01699145132242593,0.08305809764878253
7.87,0.058953981601319615,0.015160723966700543,0.06439504931609949
7.875,0.05233392423620007,0.014129172627609944,0.06907519282050104
7.88,0.047033349776462514,0.01307990469811423,0.07177771880102016
7.885,0.05423862080858587,0.021006519548459383,0.07348758078125177
7.890000000000001,0.06858713391771439,-0.020388020198737745,0.04969645279856416
7.8950000000000005,0.04961730552050876,-0.0019475848162155505,0.0691290434512067
7.9,0.035915210179230786,-0.008268257773247138,0.07232383274392187
7.905,0.03474048116796762,-0.006897683154493034,0.04550884065948639
7.91,0.026939504327322207,0.009658268421946087,0.06518768049775352
7.915,0.02092071243770179,0.004102115586916323,0.06150650820961666
7.92,0.038900074488345905,0.007563735911482102,0.08607143108493133
7.925,0.05024456097891873,-0.006180602261801,0.08604043560779864
7.930000000000001,0.05220530763875801,-0.002666139563492686,0.04277926937015078
7.9350000000000005,0.031233643431609427,-0.014092412111296089,0.0822200503743654
7.94,0.03141394281756065,-0.0123002826737297,0.07390241565622876
7.945,0.03745689372443962,-0.005523372693505222,0.07672256328632608
7.95,0.03843628521202802,-0.0025943545135843913,0.07705962236892408
7.955,0.03359105108086114,-0.00011357094738580643,0.06593525292083802
7.96,0.02443588696342469,-0.00471657867762269,0.08417793841653151
7.965,0.04196781870741647,-0.009554324564725143,0.06537208289813441
7.97,0.05063323916081107,-0.0012822429056137986,0.07059494729921992
7.9750000000000005,0.04103577476850023,-0.0023803125976685907,0.07797257116519922
7.98,0.04572248177724951,0.003230460985476002,0.057890399191888764
7.985,0.03826408319616542,-0.005298230102138298,0.057390225273746154
7.99,0.05009713974153814,-0.00209725668964818,0.04730020519707366
7.995,0.044176837815180114,0.007298458277038176,0.0773300950805094
8.0,0.05538104278317965,0.005756274583237674,0.07576807520372142
8.005,0.0390443790680896,-0.002774066300943956,0.0693073682359394
8.01,0.03507036552723413,0.0068930210303643855,0.05737270994351497
8.015,0.035981077316664466,0.01720052673463817,0.06692656555581875
8.02,0.03734040421357397,-0.012991379781679949,0.060701560326395114
8.025,0.02304313949064573,-0.003573999887682853,0.06892322397600073
8.03,0.033634655238915116,-0.009655022658697884,0.0712116074088334
8.035,0.03743202525843201,0.014782685323571543,0.05842183097677746
8.040000000000001,0.04302489651204198,0.019445978136165755,0.06652060975737938
8.045,0.043595543751459576,0.00281829424890858,0.05332038555130961
8.05,0.0364719220804986,0.020252016751029757,0.06970636513785694
8.055,0.033540538997114414,-0.004189581514149409,0.051822162244365214
8.06,0.035784905300007,-0.01422533833247931,0.07095797969446616
8.065,0.01709139734650794,-0.01635163953003378,0.05836951371061628
8.07,0.018118203056465665,0.010113199120685132,0.054442177489333284
8.075,0.03175902193845726,0.012367612330413918,0.061432946464092086
8.08,0.0380001688890948,-0.0008981189745297605,0.07571482869107751
8.085,0.02543057574972969,-0.0032619786411775824,0.05079806395046974
8.09,0.034249302772733366,0.011546337599118765,0.05939195897385233
8.095,0.0238738817784738,0.0016606442156899006,0.07841929069154363
8.1,0.03782932858858708,0.0103777338141909,0.0855362212477087
8.105,0.04097728498960787,0.029008772508128566,0.06765446798809417
8.11,0.008105984513982922,-0.0028941883463660762,0.05304367802505203
8.115,0.04429122566452394,0.015020557366950255,0.06484763613728628
8.120000000000001,0.031232303781498803,0.006121826504873943,0.06293541539552167
8.125,0.0292294165970578,0.026407385296888478,0.06417466807836238
8.13,0.041131161615410285,0.007039536222313541,0.06610536200269283
8.135,0.051847658897537285,0.018516181854102712,0.07243487157472599
8.14,0.02940880272030482,0.02253577892857697,0.0621234209939137
8.145,0.020096365505954214,0.008905878182220422,0.06930102839804365
8.15,0.01890926262149509,0.011093714316606875,0.0769286374029661
8.155,0.051639913724082,0.008556510106043433,0.05462021973042862
8.16,0.025764998137332816,0.00791613239134916,0.058142992567214266
8.165000000000001,0.024021952715483883,0.01155083807579535,0.06120811047875242
8.17,0.034678054142419035,-0.009680082101078402,0.06860108898241014
8.175,0.0443026277870529,-0.000313340548197252,0.06436187612147984
8.18,0.04193037545460598,0.009597600229908305,0.06640216872384253
8.185,0.04480461347422709,0.02169847393720674,0.060456602895151174
8.19,0.03951267788177977,0.016357436636290093,0.0590427954958331
8.195,0.051186276208229534,0.0032630080557554605,0.07115135771069996
8.2,0.028477890554880543,-0.006969773322783614,0.06685876308609191
8.205,0.03950481797177966,0.004210085556082351,0.0543018673818335
8.21,0.03604795508674675,0.01252055529376179,0.08334427064430962
8.215,0.04314002804980591,0.0025136856555093377,0.07316409046019033
8.22,0.03417984656004455,0.023717151307098894,0.07295573911910905
8.225,0.0463156014837082,-0.00042767223731641525,0.0815173478995399
8.23,0.04223598736270659,-0.009168940059580381,0.07094856353629236
8.235,0.021305703223465526,-0.004370553120765509,0.06373463211168054
8.24,0.03894796466305727,0.0021384696963053246,0.06983988018038384
8.245000000000001,0.049458811569445836,-0.007538264441543721,0.06800245273575993
8.25,0.028155324334284776,0.005661401521631068,0.06120098515091
8.255,0.035922414556426745,0.01654693940790852,0.05469392995395461
8.26,0.036558722791625996,0.0022818708208380226,0.0817493658486602
8.265,0.03972713933703355,0.017003380471924096,0.06915598539609526
8.27,0.03781800794109605,0.0015037408610718145,0.057789714171737463
8.275,0.0567616343102851,-0.0009104071110298869,0.06846827305048492
8.28,0.053333700594785524,0.011185483774403149,0.0784774473005349
8.285,0.04326117475907218,-0.011648464908722102,0.05636480267184722
8.290000000000001,0.027937566297408782,-0.00014367780333753022,0.06683499312851832
8.295,0.03443210179716011,0.015508732411206337,0.07502293523856704
8.3,0.03202894561779984,0.005950084537619724,0.07943077195250306
8.305,0.03518886224880217,0.0071921768303562575,0.07843990687619817
8.31,0.035013112798423625,-0.013853638259760437,0.068217796844072
8.315,0.0400324367202618,-0.017734787561417355,0.05859834242285848
8.32,0.0398251968371187,-0.0012076289269152482,0.06538405958696841
8.325,0.05512416070474649,0.0023636631554197797,0.08412104246609609
8.33,0.0320165427368152,-0.0016737929180866834,0.06465934342893323
8.335,0.05663266297379126,-0.011058989532769205,0.06250947157442163
8.34,0.025744975529752363,-0.003928355067022552,0.08224787621197276
8.345,0.04079746641771092,-0.009949790018709399,0.0791901761287832
8.35,0.030348289121787247,0.004204289832552291,0.07910372044701579
8.355,0.03433743958331091,-0.0019617884598740892,0.07634299325281126
8.36,0.03831200058670551,0.0024886354136292085,0.07126187256830381
8.365,0.01650177634550213,0.020173841155404597,0.0768098713550675
8.370000000000001,0.018358205543986705,-0.008288944789772535,0.06975693400573066
8.375,0.030482456088081762,0.008437444323512929,0.08888959053259214
8.38,0.038460969433545045,0.004121181621928375,0.07864372208707705
8.385,0.03699657583322151,0.01573521685675973,0.06293821971020815
8.39,0.024209840521886815,0.0023734295313165184,0.06684341147654566
8.395,0.027502061249168305,0.024553653029150184,0.08341528509711638
8.4,0.04240782858728255,-0.003668606677619802,0.07335222346381093
8.405,0.026639093143895416,0.00968398520037093,0.06216245737765929
8.41,0.04009023783244744,-0.006615247926601266,0.056900843058358574
8.415000000000001,0.04697088202514836,7.821745353797996e-05,0.08185184555851233
8.42,0.04775984997202074,0.014140269680630145,0.07028750847935568
8.425,0.024101137291939325,-0.009675829527431437,0.06426173355191973
8.43,0.024328553011010865,0.00707723288909546,0.07604118856241232
8.435,0.014687950780356052,0.0024427300795941166,0.05198073999147837
8.44,0.026795807302615295,-0.017422970848513342,0.06707091306279302
8.445,0.04487809824816054,-0.006815595161848568,0.061667995429481565
8.45,0.04054862864244624,-0.011969113803317163,0.07640656429045622
8.455,0.03288298907586246,-0.012579146050140128,0.0676970808253934
8.46,0.026824317087861586,-0.0031833080154841445,0.07296457924531294
8.465,0.03222711747563222,0.0011848438719185006,0.07005997391764095
8.47,0.03468204053128377,-0.006764963778953689,0.04356064958088042
8.475,0.02162664314467988,-0.009010012321311614,0.05237841739539456
8.48,0.028373536844453116,0.004540767845397517,0.06732694276290402
8.485,0.028419537724450022,-0.010956475768360932,0.05430248887331956
8.49,0.009576952170520655,-0.0016614275456822841,0.051766997266833134
8.495000000000001,0.024223169629941685,0.00611978336060362,0.05825159353004857
8.5,0.017283975211674282,-0.007427004975467015,0.05930379415476325
8.505,0.02764365594747339,-0.0002639095857547985,0.08417455227139999
8.51,0.009009592285656742,0.0010584608514452448,0.06696270355779659
8.515,0.019368893354397954,0.016043118453027527,0.06752290797770549
8.52,0.006332008323348466,-0.014338623634032927,0.06351678354406332
8.525,0.03635022946342571,-0.01882068676167245,0.06558668659627866
8.53,0.03845916457164677,-0.011536094357481841,0.07249211435800329
8.535,0.04410254299324775,0.0056954037080469075,0.04580860772031769
8.540000000000001,0.028903835161864913,0.009703085003663244,0.0723617146404803
8.545,0.03225067832546842,-0.007171801385757643,0.07571272889511377
8.55,0.02486923103416738,-0.020456150597474333,0.07854661527672871
8.555,0.029198918793078756,-0.010532087301009881,0.06422989939304916
8.56,0.026438531368984726,0.013867347482464727,0.07318577330236906
8.565,0.02844887020995617,-0.024045730098003308,0.07565767032758275
8.57,0.0451314501132397,-0.005813098805974982,0.07009133897037664
8.575000000000001,0.057873816028809574,-0.003546157261312674,0.07847354545389401
8.58,0.02084604744934653,-0.009123808694916895,0.07153473517328823
8.585,0.03279954232083945,-0.006898821485741559,0.08219111645005167
8.59,0.030887963770762944,-0.0012235626147012804,0.07794152880724334
8.595,0.03461622647819149,-0.0033213100811057585,0.05783693593063024
8.6,0.02745031003720789,-0.007544475709581382,0.06673508300375985
8.605,0.021120285328085922,-0.01885107020177943,0.07008864378123564
8.61,0.028613799178057155,-0.015013991715697674,0.06870163358841663
8.615,0.0347427381671653,-0.013159584237328962,0.0820578971776216
8.620000000000001,0.032968126107960974,-0.01706155108636201,0.07360352902459907
8.625,0.03551729194018803,-0.023688852117559216,0.0739400796693622
8.63,0.019368312157285336,-0.012922296597859513,0.05796258216612275
8.635,0.036321360265740794,-0.027857425832219722,0.06609326179683576
8.64,0.03756722455585409,-0.012643593247323963,0.08070628640375506
8.645,0.04775977990396656,-0.017164153825671546,0.06401202622874283
8.65,0.027099634816697395,-0.018927877309086166,0.08441401214105904
8.655,0.0376252430055933,-0.012289029905429502,0.05738913338611842
8.66,0.03301615294366172,-0.021436349130659282,0.05530501965674382
8.665000000000001,0.03090696441450593,-0.001870341010731788,0.0729238147416522
8.67,0.041208284436925945,-0.01768112729394254,0.05724394443395283
8.675,0.03163470460559783,-0.03856002775964618,0.07526872913567245
8.68,0.02051857641959378,-0.010372346060862726,0.06040180783303142
8.685,0.04273010146741684,-0.011434241495351168,0.08115594138612835
8.69,0.018542770908091307,-0.02516555027475715,0.06951370233800624
8.695,0.029028344547639875,-0.0340762177372016,0.07331574332492265
8.700000000000001,0.02089836416838676,-0.00996262977368816,0.07116199329850861
8.705,0.03301521302323542,-0.022992857484451023,0.0641902519737416
8.71,0.03679396132208016,-0.009583794525403496,0.06610568982411881
8.715,0.03447582248310867,-0.0020384545054268274,0.07557084269843434
8.72,0.03239174892017554,0.0001505741576165731,0.06937934240017542
8.725,0.03872434532256809,-0.02701573386473588,0.0813479027969685
8.73,0.04010665408931653,-0.003317562819927976,0.08306261346069506
8.735,0.04278178386593046,0.0009693862215577123,0.07485731660255796
8.74,0.02977444446167626,0.005179078116302145,0.06619403198418031
8.745000000000001,0.03433541088619681,-0.014036386002016598,0.07444368750823882
8.75,0.03399336177011716,-0.022671252519688385,0.06686981506448962
8.755,0.03355674472397127,-0.017035603240767,0.06154547026593526
8.76,0.030524815076371087,-0.019359689703849457,0.06258174924959595
8.765,0.02827795522527215,-0.033946628132836665,0.0692515305713296
8.77,0.015595634664303864,-0.021742254031337428,0.06599456497075452
8.775,0.015092772263025779,-0.0051736446124803215,0.05522342925675858
8.78,0.027131163149275096,-0.003848806188083663,0.07340397646704502
8.785,0.02205296022451711,0.010958949840766691,0.07819147186907546
8.790000000000001,0.04300600282394133,-0.018808466880633916,0.06724813327971556
8.795,0.045297741522892246,-0.027328018087499018,0.06710782146082084
8.8,0.02372217042016502,-0.0035125498317527815,0.06232606957751758
8.805,0.036577863020388506,-0.0076222692717792095,0.050125018866790993
8.81,0.03595553176632725,-0.016388164274379197,0.056675014288950804
8.815,0.04358405561467513,0.001506000659470496,0.06634322300752908
8.82,0.04293779860698868,-0.004441200129129243,0.06027939133876767
8.825000000000001,0.023556204119041836,0.0014330583428341058,0.06798379050495967
8.83,0.03845253364644634,-0.002283627725524897,0.06855858012260006
8.835,0.04225226743483242,-0.010060528087281822,0.07451145604690808
8.84,0.028698883304777097,-0.018888803916636297,0.06562249104279372
8.845,0.032575618075942635,-0.01678107963791986,0.061612009053317984
8.85,0.0515244740712351,-0.0134020674283518,0.07076140991854181
8.855,0.011088654549124125,-0.011887746539593852,0.06427743571687661
8.86,0.05487388168884158,0.00036217006224460724,0.062358505085729356
8.865,0.035957711932063874,-0.008895617384062927,0.07303131721905952
8.870000000000001,0.026384804027301513,0.007621102448598781,0.05836599086534183
8.875,0.04138621141891554,0.0037741476236465323,0.06495632396076223
8.88,0.05556766596843733,-0.00969145457396721,0.0536742347141992
8.885,0.02175187895893479,-0.011571893142996083,0.05548857491718161
8.89,0.028933419366313225,-0.013042962756240683,0.052603618934653665
8.895,0.036396940575026265,-0.005550290866152623,0.06789549236051634
8.9,0.04450685793148637,-0.007358364073297662,0.06450920522144893
8.905,0.04805695799388261,-0.0019225911167341514,0.09155564231683518
8.91,0.034167658073425464,-0.0012393405410763073,0.06843473930310305
8.915000000000001,0.031161631707930196,-0.012625209604119529,0.04953186707247388
8.92,0.046109576633097345,-0.017778091256596254,0.06147745948938432
8.925,0.03116815960437459,-0.026696047072190185,0.07462441835144153
8.93,0.041413790261717244,-0.009125997644924142,0.06589014615288219
8.935,0.03870611920339159,-0.003961554990113209,0.06818961700489658
8.94,0.04293854907768859,-0.013721933091520826,0.06887928152018769
8.945,0.0448696110115232,-0.0009386910306955487,0.06267294393944332
8.950000000000001,0.041869790700039655,-0.015216699415468812,0.07332153629507931
8.955,0.02919078595267127,-0.0007935977852056436,0.07348452897191653
8.96,0.030807763917182467,-0.007869972287046754,0.08065598820118598
8.965,0.03808464680088726,-0.008344521754928412,0.07408993831589152
8.97,0.03930487392216108,-0.02100131334213892,0.07596608669387742
8.975,0.04778969834020163,0.0043089013103852145,0.07391789575736218
8.98,0.03921884506354158,-0.0030149251281489514,0.06856141774463331
8.985,0.034070812886924255,-0.007051956510400421,0.06869431389979411
8.99,0.04435594131861932,0.008689775906258922,0.05429784591517112
8.995000000000001,0.04579487528073172,-0.011179472658448469,0.07960259970505712
9.0,0.04491489229503807,-0.013860384312739591,0.042649791710826404
9.005,0.046124328440400486,-0.01771837657676595,0.08093095646973295
9.01,0.0461728747039154,-0.016483427494591054,0.055915086763104076
9.015,0.034051994825104924,-0.013488997974170875,0.05954781272122334
9.02,0.03182018029480774,-0.03521162015173209,0.05280318833331721
9.025,0.039225853164039017,-0.013921903549243664,0.04814218586538988
9.03,0.04215241478775133,-0.003087769044110178,0.08287883853935424
9.035,0.06193338112018777,-0.01542047592504758,0.04934611903129751
9.040000000000001,0.039505332430953805,-0.01615752211696072,0.040137519918112236
9.045,0.030996003217037386,-0.019825978159157598,0.05121246043755631
9.05,0.03498866235081453,-0.026948027391381,0.049535420029534205
9.055,0.03880050461731791,-0.023835847233703824,0.08443484378263524
9.06,0.01735511905621274,-0.011363746370140069,0.0664042343867271
9.065,0.03241435091807877,-0.013092968105150484,0.04966998922557375
9.07,0.018110515380821486,-0.01953602376720511,0.047185689661535926
9.075000000000001,0.03402222896166636,-0.027403429268379985,0.04209777211845016
9.08,0.010462959358475424,-0.0263016492618647,0.04554450530939083
9.085,0.022144903601591978,-0.004899751905937402,0.07216636480404008
9.09,0.02937930638969104,-0.019795240397117705,0.07144713594741109
9.095,0.01022699118405718,-0.017346742189652545,0.0413771790203867
9.1,0.01770667163455668,-0.023660136177516274,0.05483980995935802
9.105,0.025602144147367896,-0.013624483097035546,0.045441025901735606
9.11,0.02812974419273206,-0.038374573740867064,0.05844931073059857
9.115,0.00873099474463495,-0.005157687629715295,0.049637384344845395
9.120000000000001,0.03349265154593412,-0.009051598010423578,0.06627965705298616
9.125,0.0190638695996452,-0.03522630748665847,0.05242831221836981
9.13,0.021039193598011905,-0.014358423167000697,0.07257602952695638
9.135,0.02639535122234021,-0.020009340768652573,0.08755727298024538
9.14,0.010795029527883245,-0.014047910430444146,0.06685239812631584
9.145,0.0072964924803115535,-0.015423470824148166,0.06537824408426275
9.15,0.03558394943851279,-0.02319335198754676,0.07917518994219186
9.155,0.0503605035244823,0.0015597322022691956,0.0741712940207706
9.16,0.039371201717436057,-0.022451615455397696,0.06193709025524589
9.165000000000001,0.035957007904860644,-0.008795869335484565,0.04754027414874336
9.17,0.0280659687575892,-0.01809795058469598,0.06801200744201513
9.175,0.024551749292612713,-0.014501260851615938,0.06950500895550765
9.18,0.010769667110921739,-0.024163476349005307,0.04543754617849541
9.185,0.027214857701887803,-0.013611851007497936,0.05856462658201122
9.19,0.02745632733129096,-0.01666969404611836,0.060425778751969667
9.195,0.019380507585804018,-0.026376389365063584,0.055031329119268266
9.200000000000001,0.018703160602258954,-0.021479600917324704,0.0642063698257298
9.205,0.02814235834327669,-0.018520739851975075,0.0741305146894531
9.21,0.02745910588715473,-0.0009361890311185388,0.08220196827358463
9.215,0.03522391068558829,-0.015120836486688296,0.08412466603795965
9.22,0.034066310248066,-0.00569338631870572,0.054212919423487535
9.225,0.030585652589978186,-0.0074396295928989276,0.07451141052782631
9.23,0.017978148524324115,-0.027416495255605727,0.06377776666252284
9.235,0.03730934525684034,-0.030711502914582908,0.0591770322299065
9.24,0.015436101510656572,-0.019426817788432547,0.053728995680156204
9.245000000000001,0.023729340327048508,-0.014815770676331462,0.05753764862914871
9.25,0.04497105753790887,-0.028782009951175788,0.06963149917015618
9.255,0.02483124420535412,-0.01912671947684131,0.07679443957261622
9.26,0.014667061732151316,-0.007843203040160798,0.0680266391568124
9.265,0.0341782884658929,-0.017171213937924777,0.07262019922733849
9.27,0.016984803513535103,-0.04217699254766377,0.05754205574720406
9.275,0.03701848425630204,-0.03678006593144152,0.05599325308211138
9.28,0.032199575073518207,-0.018046980665444533,0.04505936568220848
9.285,0.01685673902858897,-0.009611886693274521,0.04149604869421
9.290000000000001,0.03400534691362092,-0.03774340059712917,0.04918433402523194
9.295,0.02118107582847503,-0.03162000750390432,0.06678897600063713
9.3,0.024577894460851082,-0.01969828990817362,0.06604043811982335
9.305,0.025213636387987348,-0.03014286692213037,0.04747741610177044
9.31,0.026219729830464056,-0.01709204619657502,0.048762210771414766
9.315,0.015842785735338774,-0.04547338584029442,0.07476200648524932
9.32,0.021759880274317803,-0.004979913031310564,0.046388690484942055
9.325000000000001,0.010448421950557197,-0.05746489584880887,0.05806072312342388
9.33,0.0023001095132106995,-0.04288948556012526,0.061569224746243545
9.335,0.020057221617209492,-0.018518767932936962,0.04234699196702513
9.34,0.003814731076842582,-0.03477259351485946,0.06298611736998037
9.345,0.01773663404551261,-0.04558510582126632,0.047977572441797234
9.35,0.03984106270272055,-0.02065215518275486,0.053933740365872715
9.355,0.022605102058650337,-0.03399334725238566,0.04430785090135728
9.36,0.03139549777760898,-0.031727356254109655,0.07245173765095028
9.365,0.0035242789532787637,-0.03402636437983336,0.04935079730684369
9.370000000000001,0.005914624653585936,-0.03610848044723558,0.05295390707286459
9.375,-0.0029050861127029957,-0.028932512975151273,0.04659790404355622
9.38,0.02555763791738002,-0.022822904700431756,0.05079328419901141
9.385,0.003918712697871302,-0.030262956189973524,0.05430949399146895
9.39,0.0035677314111411465,-0.042273561052476705,0.053435735137550545
9.395,0.01560439530689321,-0.03304977271740226,0.057430541107413934
9.4,0.01662366169724631,-0.019866324687156437,0.053034823412084486
9.405,0.003966474419887015,-0.04324203672623003,0.05369547833769494
9.41,0.015531666561325062,-0.02453012200637764,0.05623487767682006
9.415000000000001,0.014469453226904629,-0.023374678949262942,0.042929956015954215
9.42,-0.0024813799902433913,-0.030526056750165946,0.06080530420930464
9.425,0.0018499727180465164,-0.03215946784717999,0.032593524020296256
9.43,-0.0034123333741328706,-0.021003391691593126,0.04341653786266819
9.435,0.00604000946205888,-0.029128016414107605,0.05113441051099901
9.44,0.009495042755488747,-0.02589871510528564,0.07544809009357956
9.445,0.024250480542990664,-0.010586933069593052,0.05452893408225938
9.450000000000001,-0.009370106164885466,-0.022668441921785104,0.043609018698457264
9.455,-0.00026022396979131883,-0.022395525175504177,0.059917153814449585
9.46,0.008349639481255488,-0.0193376695688589,0.047895691151274414
9.465,0.006124449435813381,-0.028744877826496193,0.06073449501344401
9.47,0.01704599790701486,-0.03127140931800701,0.06021926151432501
9.475,0.029634561107642364,-0.025469818058990526,0.06615127667231073
9.48,0.019803453046966547,-0.018212462340781388,0.054309641597542216
9.485,0.0038490334977672198,-0.04091817787911446,0.046313651623378
9.49,0.004978226254326522,-0.022699382106991156,0.0636669001398356
9.495000000000001,0.001358961291592806,-0.04064312959764489,0.04739740361265715
9.5,0.006411390217830265,-0.03183656954193898,0.06494503257400427
9.505,0.030337668651528503,-0.016345599274494412,0.0549341579451385
9.51,0.010195930491012636,-0.03799080853679698,0.05255457680168496
9.515,0.004523791566318724,-0.024972802534502403,0.07246535129270945
9.52,0.0010799991385704866,-0.03524916143698528,0.052058348154340815
9.525,-0.0059227885369425234,-0.042567573471219394,0.043738242747642195
9.53,-0.009728957263494006,-0.04609468662167292,0.06430767135732479
9.535,-4.598603405813785e-05,-0.051491313227559246,0.047919896736471304
9.540000000000001,-0.00947158994569676,-0.045126248871393174,0.07067704764657569
9.545,0.004080226179217996,-0.06035907355524046,0.0497683265169392
9.55,0.00902455037963945,-0.03839444988517198,0.03643685015568792
9.555,-0.000948775353278768,-0.031642162700078365,0.05688403424756165
9.56,0.009083688663735497,-0.04192819810157471,0.038037964253321815
9.565,0.0019215125550225334,-0.02917170834274467,0.06711776045697984
9.57,-0.0054364352349124245,-0.05724921186934115,0.06645538413168225
9.575000000000001,-0.0006482036947929905,-0.034641731498301825,0.04891645138660939
9.58,-0.0025915893365951034,-0.03406499134432454,0.057746269381930296
9.585,0.01839533916534912,-0.035103002342589326,0.0625851975691313
9.59,-0.004439313189623787,-0.044243217366472236,0.05382496300973395
9.595,0.005343353480922889,-0.013130998731051793,0.04381702873046177
9.6,0.007430598213725941,-0.053001816431659306,0.07123199726624237
9.605,-0.01678744050849607,-0.045064230612684913,0.04696122599837091
9.61,0.016336511916604922,-0.04438236842726061,0.057069641040119586
9.615,0.0155859254394964,-0.045864071642539445,0.05708252700493539
9.620000000000001,0.006244148201636917,-0.03532485809934707,0.051551213488278375
9.625,0.006589211877040186,-0.04600983292687516,0.06466515550640785
9.63,0.019853081541095045,-0.040586054764953375,0.05678844234026553
9.635,0.003848597610028894,-0.029870747676917334,0.040024228523841944
9.64,-0.0034730704743298714,-0.0453239714784687,0.04030225425680716
9.645,-0.010901208435868474,-0.05197633979097491,0.030770190778059592
9.65,0.016522610129531067,-0.05082812251404313,0.0470802045232048
9.655,0.015493637160563404,-0.03244081503646111,0.05019578144738926
9.66,-0.004635811537752536,-0.032429635884376515,0.04012161497444024
9.665000000000001,-0.01254550794064778,-0.05147376118403449,0.04853894695923737
9.67,0.01730219884328797,-0.04911094095822859,0.04602088262185092
9.675,0.01074686372587159,-0.04606443453605139,0.04460270326462017
9.68,0.005308465893688001,-0.04020663699508874,0.03674139825795496
9.685,-0.007094600288309438,-0.03531071145374743,0.0700145787034265
9.69,0.0232445791964094,-0.0609989632251646,0.05631540279220479
9.695,0.005791617099027138,-0.04244454169854123,0.07614772117154436
9.700000000000001,0.006203031933670165,-0.04429612582099227,0.035453538361926745
9.705,-0.00658228641715038,-0.04520756681427798,0.05564920852419322
9.71,0.006977535618637802,-0.030541093154347977,0.04377214211585809
9.715,-0.0012322889882157712,-0.039914891192819574,0.05090956474778485
9.72,0.00947299966223912,-0.03624047032579827,0.05045928130327434
9.725,-0.006512681302119958,-0.05746924174492064,0.046332876412263004
9.73,0.004981903038502258,-0.03864563194604616,0.03817196729009424
9.735,0.002245068631664928,-0.02256118139764607,0.06047810677090931
9.74,0.004323591663449592,-0.029748150486362278,0.05828372350896964
9.745000000000001,0.0035809971884446998,-0.02876809742579091,0.05426192693691821
9.75,-0.0018154454815112776,-0.036519907140542804,0.03369546652230005
9.755,0.009128338264981046,-0.05154380204006895,0.038414149873885015
9.76,-0.004307753625750915,-0.031051143992717047,0.06863738281786248
9.765,-0.005163969618961089,-0.0551016859645435,0.05079267145529214
9.77,-0.017352921224979286,-0.04304996224865417,0.04741310080468279
9.775,-0.007453016836752079,-0.03580255062790823,0.05923651471373327
9.78,-0.01870692634279022,-0.04983304896939751,0.038848048021338365
9.785,-0.004396440139749334,-0.026339430166119407,0.05262351819277611
9.790000000000001,-0.011961457942178047,-0.04879536361221934,0.08054116891262084
9.795,0.014966836109491979,-0.045082989253925426,0.050457510651813316
9.8,0.01597141439568594,-0.03542085917030263,0.04675159148904552
9.805,0.003955980706812258,-0.06073412603928504,0.051947941169413175
9.81,0.004497684073887738,-0.06167279247375912,0.04598053625258132
9.815,0.010016412890467001,-0.0552957100377611,0.043572832952462094
9.82,-0.004820222742803547,-0.054791013703410676,0.043560564525712955
9.825000000000001,0.020612781817646822,-0.07263829763686325,0.049753533937069466
9.83,0.020483918035888414,-0.05027631464231944,0.0432999394012544
9.835,0.0013135804755612396,-0.035505773787368404,0.060264853071427635
9.84,-0.0021812474658532907,-0.044528549647934096,0.05066225713432479
9.845,-0.006035905491951317,-0.050595507440906747,0.04959736651346845
9.85,-0.01401684818675893,-0.04634707387357517,0.0611158146292132
9.855,-0.011513147376523768,-0.036027099101834166,0.05435929521096567
9.86,-0.004547597042651619,-0.0718620072525866,0.04101571089679809
9.865,-0.0012926091941859244,-0.06279064687736415,0.04242604826600758
9.870000000000001,-0.016708533178636274,-0.05626361683316385,0.05924179352754309
9.875,-0.0064832225905145265,-0.06234570748157452,0.030637569931776715
9.88,-0.003762279851983177,-0.0761371057381874,0.03503222869178832
9.885,0.0014214644968658166,-0.05841053686719203,0.05723461412280807
9.89,-0.007927078192448492,-0.05646074876376478,0.061214965511489874
9.895,0.0030980460011421247,-0.06578646443620739,0.03005038660961297
9.9,-0.02117049885504195,-0.0570962721061117,0.06452323557581433
9.905,0.0011165447844197728,-0.06719811377766673,0.05350997093549012
9.91,-0.004804061976758886,-0.06931482918017168,0.03409111033646387
9.915000000000001,-0.00227712285366986,-0.07544629376264123,0.05237269125267044
9.92,-0.0024330667131566355,-0.0627520756397267,0.06478503816055835
9.925,-0.022394330677245618,-0.054657103587458934,0.03354773323907202
9.93,-0.011809025142848765,-0.06453878822576707,0.05155366866550976
9.935,-0.0006710773443979311,-0.07435503143175931,0.030750097181086313
9.94,-0.010374034939172612,-0.08400205327843872,0.05258708389426432
9.945,0.00040398313912296674,-0.06620730475905917,0.04289487401388827
9.950000000000001,-0.008776198099037515,-0.07398832114279513,0.035970700975590825
9.955,-0.008295459721683777,-0.060601710169181325,0.041887251478734726
9.96,-0.005490336465075832,-0.05880010173190797,0.04152247279642775
9.965,0.00988849648184097,-0.06014414986139659,0.047614883402825256
9.97,-0.011716527941462964,-0.07357511446012419,0.016305498045657087
9.975,0.006009342277539666,-0.06593684493696886,0.041012122802148804
9.98,0.008199674599011521,-0.053661850510814374,0.05075560074444867
9.985,0.003492066289650488,-0.0668374967125937,0.05718350153879172
9.99,-0.0055542193338720125,-0.06715542908082897,0.049185312896503366
9.995000000000001,-0.008620459559785371,-0.06068641289018281,0.061722421853393605
10.0,-0.015039510475445479,-0.03576355146096548,0.025925471156846177
10.005,0.012376405285713467,-0.07464617526400566,0.05373801319458624
10.01,-0.003377845547990456,-0.043570087759786616,0.04985418374456778
10.015,-0.003075525160722868,-0.07103317772491133,0.04072667351346547
10.02,-0.023480438213837603,-0.07484323983859073,0.030327479879220555
10.025,-0.022560197475248744,-0.07959760697472673,0.04123185674654471
10.03,0.011096842710406804,-0.05208826234755505,0.030810325584504958
10.035,-0.0029342124361391615,-0.06427253550995943,0.034812049397720965
10.040000000000001,-0.0032986293787587214,-0.07378724461164277,0.04516678019698067
10.045,0.007715169998881688,-0.0676651650821401,0.028663767988616175
10.05,-0.0017472536135854887,-0.05669034731909912,0.016166694364757324
10.055,0.007440606516735329,-0.06139268650015911,0.03876662361326612
10.06,-0.012311501627326284,-0.054861564725897344,0.03501605711863791
10.065,0.012751741605814089,-0.06023694180198726,0.029336871680086113
10.07,0.011144757240029621,-0.07413526224165609,0.03688455113319931
10.075000000000001,-0.016292877770054733,-0.07557648722384447,0.051398016667833224
10.08,-0.0035018858989665034,-0.050350212977697484,0.040377651510501655
10.085,0.009909670976716599,-0.05313046513231718,0.0440734326246479
10.09,0.008269041293593089,-0.05399992599861972,0.04193822241224366
10.095,-0.0008738961288378786,-0.04599804835142243,0.050916909230637464
10.1,0.003505784482458007,-0.0541253013549854,0.029893337046348004
10.105,0.012458777320138023,-0.06380864647978747,0.05845589150364541
10.11,-0.004500210355554934,-0.07828748244234901,0.04127243298664275
10.115,0.007641384570314316,-0.07366633564951991,0.038189431945568814
10.120000000000001,-0.005219133280755383,-0.06086177287777608,0.039195510839687156
10.125,-0.00012872300744902303,-0.06563293076275752,0.05412033560425466
10.13,-0.0001550100416265448,-0.058934686177072565,0.050330412978771624
10.135,-0.013921407966764611,-0.0733862332284562,0.050486502597770586
10.14,0.006654271198522351,-0.05106686528150334,0.05619920794052641
10.145,-0.013954230714599464,-0.06028621297919919,0.047628510044908895
10.15,-0.019714125559720654,-0.06302361760669488,0.04712991771914182
10.155,-0.008392638013733012,-0.056985760807821494,0.034516360194068424
10.16,0.00736082034717357,-0.05655516932241483,0.04727660358261898
10.165000000000001,-0.024091341803791542,-0.048708274793077565,0.056829759747685636
10.17,-0.022704097980781393,-0.07057016243787348,0.05491005476831053
10.175,-0.010508978880100281,-0.04984149927372557,0.05057909911294414
10.18,0.014654049493851119,-0.052889882421636114,0.035871822122440764
10.185,-0.003312168351654739,-0.051012898398122994,0.05764102380407332
10.19,-0.004099663841704406,-0.054960140238374436,0.04411672700815511
10.195,-0.0011891163545536387,-0.04932370151113624,0.035924930732673326
10.200000000000001,-0.0039679912399002756,-0.056515131739224636,0.04030577052129269
10.205,-0.013307195291512685,-0.06282783503169088,0.05137339765080777
10.21,-0.003430268248756965,-0.039093931963027295,0.06310547120856712
10.215,0.020938916753701856,-0.05556131922663364,0.05377452858250366
10.22,-0.00289805332396457,-0.07449326013513444,0.03855748814125385
10.225,-0.005483650941712594,-0.049415084543138324,0.029143965138313306
10.23,-0.021761032982350687,-0.06323668845740417,0.05319671842057205
10.235,-0.0033575781142002707,-0.05779289313081899,0.04885096383904933
10.24,-0.01168795981927052,-0.06668352451418988,0.040970897238369906
10.245000000000001,0.005170826933027851,-0.060056462418639434,0.03069765777410133
10.25,-0.015587128792336978,-0.045472549210323066,0.028857958475678142
10.255,-0.009840316736167237,-0.056702884729349826,0.039760550554555206
10.26,0.019230201699361307,-0.08218181034954414,0.030357443024923082
10.265,-0.005343662548573786,-0.06459937025662553,0.010484659187457135
10.27,0.00479795931372237,-0.060564641911394795,0.029706029508872488
10.275,-0.0139632993136764,-0.0828322585393042,0.035141803248438096
10.28,0.004283088809261246,-0.06920750909394117,0.03497698817448016
10.285,-0.0023463963900451495,-0.06742268665466129,0.040034250729635804
10.290000000000001,-0.013123479072536923,-0.08115158629088012,0.03904188494334199
10.295,-0.015875978825440874,-0.07334018061173303,0.0554438962355009
10.3,-0.014742258854250014,-0.07403340597369355,0.03797428048852734
10.305,-0.026758164377521886,-0.05917554524859371,0.03259951507424944
10.31,-0.01834177105898384,-0.07544104170378713,0.03625143064311004
10.315,0.002245231173670398,-0.08279296074904767,0.037295458794886154
10.32,0.00034848967456939037,-0.05450639995913144,0.028491572535030818
10.325000000000001,-0.0033003320614917956,-0.06527410780062853,0.04250570981768262
10.33,-0.0378228897403691,-0.07252928224373734,0.025821586195440477
10.335,-0.011663853249347385,-0.06725826909960801,0.04766296204481407
10.34,-0.011135379305430949,-0.04585155805195959,0.03414412840512242
10.345,-0.023372173879050752,-0.10252823165188922,0.03337054413230927
10.35,0.0035277667407946425,-0.06383433468210757,0.04614910691663345
10.355,-0.012880295977025127,-0.07144454408192885,0.04902965361787288
10.36,-0.008712484105982379,-0.04522799109577892,0.034690285073384966
10.365,-0.00025949211474471205,-0.07802786111308715,0.028208558887763458
10.370000000000001,-0.014480339518998636,-0.06573243337834414,0.044196342075721026
10.375,-0.009730529108425026,-0.0714134021615144,0.055892215253164124
10.38,-0.004819974191844224,-0.061245267077053925,0.04659359241112279
10.385,-0.022459032242176682,-0.052496180505052614,0.021442702539394662
10.39,-0.005611418285646337,-0.08398922913912678,0.03427070595627587
10.395,-0.020435684449312326,-0.05256417435889131,0.029541882111963905
10.4,-0.019091996192999512,-0.0590075746534527,0.021046216311611854
10.405,-0.006800605114411287,-0.06315839412687704,0.017492250475058514
10.41,-0.025786049970341365,-0.07056241879228464,0.04689691143981639
10.415000000000001,-0.013134785229220756,-0.06016610112391533,0.04392609283057135
10.42,0.0001182165261458222,-0.07430387625646204,0.022928427393639934
10.425,0.0006873197024171804,-0.06311484068876713,0.033730180354983784
10.43,-0.013620433381658338,-0.057737706057185575,0.04471697389943685
10.435,-0.01965094239930751,-0.060085362362690256,0.01703799568783019
10.44,0.0015909178628805837,-0.07507392057388887,0.02046735113149175
10.445,-0.019492188374246364,-0.08572895741898708,0.038159528817410845
10.450000000000001,-0.015899366383092205,-0.050457561695742156,0.03846347380766473
10.455,-0.021382754172017404,-0.06564330230924892,0.022588354386773472
10.46,-0.007987608740640363,-0.0648631194695165,0.04501925352425766
10.465,0.0008889988964115893,-0.07169643132045625,0.037219119239187866
10.47,-0.0035955236951730907,-0.06399854839424698,0.04347631234268244
10.475,-0.017143326603967456,-0.06663176708126446,0.04764380466730411
10.48,-0.019621989351952418,-0.06841003265554502,0.028680295505891542
10.485,-0.017663374694229458,-0.06451877820349748,0.04552604890237211
10.49,-0.015021351439554397,-0.06742730132641642,0.03999574670321808
10.495000000000001,0.003174963164130516,-0.08019376004003602,0.017496484478833604
10.5,-0.012485477747909663,-0.0770845981075359,0.04592083394093562
10.505,-0.006133993759757091,-0.061285144862417575,0.033778139874516284
10.51,-0.010194281268943759,-0.08374907051533804,0.02510357204686948
10.515,-0.03913752845883214,-0.05290476547497678,0.03528706930107483
10.52,-0.020915683091830325,-0.07798376695921014,0.03184238658662094
10.525,0.002854214863644456,-0.06346048907111425,0.03807455893821216
10.53,-0.004443906006679054,-0.07030354573390532,0.026917910638306605
10.535,-0.008373353244820714,-0.08810844996496975,0.025901206592708722
10.540000000000001,-0.006275119025087628,-0.07804591662455887,0.03336742171430182
10.545,-0.015966956156481502,-0.08702132908382729,0.03937256032149785
10.55,-0.0036649431297217025,-0.0824097493635789,0.038027648892958656
10.555,-0.003357618109910242,-0.06276136808957747,0.02625418654270793
10.56,0.013808682493068963,-0.07270806646242159,0.023660845514263444
10.565,0.00034930757733515894,-0.060593120176628074,0.03450521219921095
10.57,0.005807075639431489,-0.07871806623397393,0.031224626281428976
10.575000000000001,0.0022575421894933233,-0.054368400291973734,0.02085764228484608
10.58,0.007527592499843812,-0.052881942936878854,0.03995200825777763
10.585,-0.019243010994550717,-0.07136944389086917,0.04710699224425133
10.59,-0.0013913992878457192,-0.06483483097357326,0.02595132805894039
10.595,-0.01326615558398667,-0.058607148322912084,0.02459248439468163
10.6,0.0034175444425828434,-0.05511718057602258,0.0415597649170784
10.605,-0.005246827985825019,-0.05303452601185943,0.03626275895550891
10.61,-0.004489159751895353,-0.061282125613699626,0.01497615753402364
10.615,-0.017460921223659005,-0.05085551719790988,0.050255692374330405
10.620000000000001,-0.008348446340933943,-0.06187037799013757,0.049940829315082425
10.625,-0.0031812621305020994,-0.06991390038243298,0.02112210379215111
10.63,-0.016276919221586954,-0.06732666545577357,0.02691389421946707
10.635,0.014496477986975925,-0.08480121263631102,0.05186766735650403
10.64,-0.021400690113462545,-0.04964828717145561,0.045845794550358525
10.645,-0.0025540171419106503,-0.06379092576072659,0.034659013449722297
10.65,-0.0060872754110983494,-0.0403301725023576,0.02792457255007825
10.655,-0.023295004975260686,-0.06425768342658045,0.05665666671821826
10.66,-0.0022268004584357084,-0.05818996104625225,0.018735720411523295
10.665000000000001,-0.010048280056387752,-0.052878080377722,0.029755469957731095
10.67,-0.017533955448473082,-0.06734514039593725,0.016382419509910262
10.675,0.0022499670579460137,-0.05836009263952488,0.01911722253800781
10.68,-0.00048216004212305735,-0.07501248361631191,0.03040256962962582
10.685,-0.012468694175216267,-0.06484474196660522,0.01873990277952312
10.69,-0.01346541016004454,-0.08032352710729046,0.046846091585359476
10.695,-0.01876293570996768,-0.05037092398656534,0.0173314826358274
10.700000000000001,-0.02231904899682473,-0.07275475590720418,0.02626016190167124
10.705,-0.009979367228321238,-0.06270391729492963,0.02742718416907689
10.71,-0.010969930592175305,-0.061673601510155135,0.04658892954621273
10.715,-0.00739116851347934,-0.05703487238153421,0.05004680768543521
10.72,-0.02565932212530285,-0.05545870561227342,0.012611899842030391
10.725,-0.01742839905910406,-0.07582681941825892,0.02630034114860521
10.73,-0.012198483525844538,-0.05938986008651441,0.03324630349460182
10.735,-0.038530724908068636,-0.0678083580957134,0.024273704320194486
10.74,-0.0028174744861792127,-0.0670176154576129,0.03883290272963613
10.745000000000001,-0.0033625912769408616,-0.06340824700705708,0.013343761803475046
10.75,-0.01940413742047178,-0.06290318034779423,0.011058333625036665
10.755,-0.02844976019744493,-0.0677435735068207,0.02932812458976671
10.76,-0.00273546446609803,-0.05584164062192552,0.023609372718415143
10.765,-0.012515321343782318,-0.07669949704877738,0.012150268351248964
10.77,-0.02385535207067808,-0.05462354822509913,0.036485280974097076
10.775,-0.04600578464572817,-0.07229253816430903,0.03899944240066197
10.78,-0.03230272172758296,-0.06160400713021098,0.028446552185482993
10.785,-0.020212746460075016,-0.06570775922433475,0.02059215424976873
10.790000000000001,-0.022835566790385457,-0.07526627860737799,0.010485132059507313
10.795,-0.03806147340871992,-0.0728385361209054,0.03360270868635443
10.8,-0.03292543294358624,-0.05948554113184555,0.042655728141758095
10.805,-0.006550299384417639,-0.06669708383458314,0.038661145510609514
10.81,-0.009302126339359186,-0.0760024332421789,0.03865324750482531
10.815,-0.016081858654247893,-0.05246189162113449,0.006038952203938498
10.82,-0.03528320322120823,-0.07864600266622465,0.045652888068463834
10.825000000000001,-0.03396083451437655,-0.07814021314067211,0.027304626960217914
10.83,-0.012046855261378817,-0.06157418902308534,0.035874284487295426
10.835,-0.022275452727428244,-0.06767641427430408,0.02101960928440987
10.84,-0.026967737035749735,-0.08019018862226754,0.011403615067321486
10.845,-0.006155748152645799,-0.07567059256041692,0.04030601938381417
10.85,-0.004695900659143595,-0.07808363502156421,-0.0005358215815236753
10.855,-0.014539921648497083,-0.0639218332501812,0.02136266492715897
10.86,-0.005730927731941516,-0.06256521743144972,0.021753561738911745
10.865,-0.02463443051272704,-0.07288262588988073,0.013950319141128148
10.870000000000001,-0.010219630634007704,-0.06476392961210944,0.023677784899317336
10.875,-0.0267985879138902,-0.06682616265765368,0.018165906873166146
10.88,0.001620193782764466,-0.08208804324312817,0.016892830219743762
10.885,-0.018294442990971303,-0.06352633773622318,0.017132742973130943
10.89,-0.016451049811998894,-0.07504190292351481,0.028141276164822884
10.895,-0.012001955357817746,-0.0734941584227195,0.0015593759178276698
10.9,0.006444332696428008,-0.06755575651539747,0.018602042085436768
10.905,0.009177170115429333,-0.0770257701354252,0.017538395935789663
10.91,-0.025885097980367464,-0.07546541078146264,0.021593764800152612
10.915000000000001,-0.025692312251333328,-0.06799923301589872,0.031963137893999134
10.92,-0.01917072770764641,-0.06686735924217288,0.027822434906565597
10.925,-0.007935268620894683,-0.06356992659926823,0.013998620397837499
10.93,-0.0055274920220414235,-0.06978473802561647,0.017473393440785606
10.935,-0.017739194607238683,-0.06027051296533871,0.017317672122455465
10.94,-0.01814041078378198,-0.07536219559253948,0.01843172566519444
10.945,-0.0033131953956291125,-0.07704919514022962,0.02632558325091022
10.950000000000001,0.0012906890986312588,-0.06299541941467002,0.038929102898112536
10.955,-0.01750065372881179,-0.07737244250134595,0.007929061697914953
10.96,-0.017474182801931977,-0.06560823637680017,0.0055598533486346975
10.965,-0.004236014989284742,-0.06396975260529694,0.04603796154920792
10.97,0.007204828836896529,-0.057361237897960105,0.02550653788972443
10.975,-0.005637209583679726,-0.05528912795869497,0.03232217436474592
10.98,-8.700833038553167e-05,-0.06143642860177419,0.034792967958242355
10.985,-0.014875456210651795,-0.061711337587709775,0.031076391962593222
10.99,0.001672678309000189,-0.07236548998203732,0.0246456473276006
10.995000000000001,-0.01193058112544527,-0.06239401971764745,0.035100638911594664
11.0,-0.014887939946089869,-0.06585866593956688,0.03856817622888554
11.005,-0.007124946514316702,-0.0629134518092134,0.028922865180093703
11.01,-0.014666192191731651,-0.06218585099132396,0.020265193431770658
11.015,-0.014111657563076323,-0.06354304134418716,0.03808365579987898
11.02,-0.017175293623978037,-0.04978785396250718,0.029640042540090623
11.025,-0.015207822585129637,-0.05211795586423258,0.004202306499331196
11.03,-0.01802423371144158,-0.06399997756508895,0.0335492557339631
11.035,0.010216906690838105,-0.07195608148795168,0.016253359968078578
11.040000000000001,0.013129022609118988,-0.07986113605134598,0.031392328047389895
11.045,0.008979244933319223,-0.06992528738333442,0.028109633206935804
11.05,-0.012432362064748365,-0.03942983874320804,0.01122728981761487
11.055,0.0016999510483417537,-0.05894962539252957,0.032448621224176154
11.06,0.004920842816069434,-0.04848505732869286,0.025079235426099238
11.065,-0.018776203479434574,-0.06011352729464585,0.02914020449801976
11.07,-0.006428021713843487,-0.0790168689710562,0.022251473893738764
11.075000000000001,-0.006429086744922331,-0.07435751377907207,0.019675940331009282
11.08,0.011341284061399245,-0.05719463105094773,0.02668217291811946
11.085,0.005954236034164767,-0.043537939627646266,0.01749032146300229
11.09,0.01056796662406087,-0.06005815769151314,0.03229356392953106
11.095,-0.014791492225231961,-0.05259353997906261,0.03869466059113108
11.1,0.00028746666318597196,-0.07453062427761534,0.040709944627219455
11.105,-0.003069147502257435,-0.07673311896149518,0.04004843731174057
11.11,0.006711801946334011,-0.05040048408926481,0.02306225390068966
11.115,0.0041706911967739615,-0.06783316684086024,0.028579609980700207
11.120000000000001,-0.006428932659964691,-0.07353706055840759,0.024830789417875587
11.125,0.010137730377168848,-0.05154681357485815,0.017823564579592426
11.13,-0.004943687334213649,-0.05096212768538462,0.03699247106132248
11.135,-0.02169348886874458,-0.05257952564650081,0.032595226099953876
11.14,-0.005194829612020578,-0.047625991711046506,0.05044440197901423
11.145,0.008634331633201053,-0.057281167533719306,0.030005477690619634
11.15,-0.004364357159445173,-0.05410497824281815,0.025580359902980184
11.155,-0.0051119129861015265,-0.06925498965328089,0.02442808067544071
11.16,0.013301309226219976,-0.07991704656867346,0.03891487728753268
11.165000000000001,0.005873625271506156,-0.056820452192377066,0.04068579607934231
11.17,-0.011516679097006828,-0.06902502623669218,0.026293390250382992
11.175,-0.009775495945613099,-0.0684720799871345,0.02983725487669952
11.18,0.0072317488893021455,-0.059381641198477914,0.029149688760235264
11.185,0.008086055400805647,-0.06859891401169235,0.035472774895198456
11.19,0.0013678070705249222,-0.09018063242638148,0.0033274816214764035
11.195,0.0019246774800376432,-0.052062951782388886,0.03832361989515841
11.200000000000001,0.0012439635098672182,-0.06892455295394925,0.020957317092749842
11.205,0.004120803828475745,-0.04775659984949996,0.03290613903268932
11.21,-0.004208491161176057,-0.06140968136039293,0.03912433308007038
11.215,-0.008168744717539787,-0.07869042163484713,0.027870829696683065
11.22,-0.012319673291690796,-0.06840952510392453,0.03487645162996353
11.225,0.012717224789656045,-0.07660060485199052,0.01565260738470159
11.23,0.010691423567890313,-0.05692043652749751,0.04190495996201028
11.235,0.005056254247056702,-0.0664274405064148,0.026845189960814704
11.24,0.002260148104233033,-0.061484603383580895,0.020661064435236708
11.245000000000001,0.00920504509053406,-0.07993241326657133,0.03298481082675214
11.25,-0.011187226151489312,-0.07921167642455805,0.024635427975239797
11.255,0.014198876849715249,-0.061616254146799235,0.011517484426200979
11.26,0.010163324075257434,-0.07210264059742767,0.02204909366665569
11.265,0.003950828034800702,-0.06648609494601992,0.010021955102494536
11.27,0.00019304825626133455,-0.06723480960028222,0.022468722574091562
11.275,0.0021820659859550827,-0.06827538481197286,0.025656442657069803
11.28,0.013030272542452833,-0.07517891313196144,0.0009005011871952677
11.285,0.003968275154611645,-0.07254087707907894,0.03626741287721002
11.290000000000001,0.0010782218471529076,-0.06060094514053545,0.032967756750665156
11.295,0.01939311609827151,-0.06635216554507083,0.02675047819663677
11.3,0.008277516498784346,-0.06974407608631755,0.02892960068040972
11.305,-2.302666310999551e-05,-0.08717504459667919,0.02777187167912038
11.31,0.01804579892264284,-0.04921265728443567,0.01731188729660049
11.315,0.009344267319464455,-0.08873680495611025,0.019845939645696135
11.32,0.002273643116412692,-0.07342287035218101,0.02215182296950951
11.325000000000001,0.009034127078004852,-0.07905336175285954,0.02296830788752458
11.33,-0.004720292310288777,-0.08444035247972437,0.03405393179019582
11.335,-0.004480714670440845,-0.0647489827243553,0.005198055910013616
11.34,0.0026174265805184397,-0.054217621402357516,0.032207626968527574
11.345,0.018620415711496932,-0.08319446093002292,0.006425782531811582
11.35,0.011491086065253679,-0.0638456765754771,0.01091849243641948
11.355,-0.002151867001318096,-0.06924813350383319,0.024923955100254337
11.36,-0.0191785768001846,-0.08049403519715295,0.04318331586497838
11.365,-0.002387088689390136,-0.08153916421917892,0.0244078981117295
11.370000000000001,-0.008207202671049236,-0.07519635980420677,0.019240162790066552
11.375,0.0054952069590051816,-0.07141353883297744,0.04434746170407323
11.38,0.0041376473431132856,-0.08411599144671655,0.027178693325919635
11.385,0.00544927256212981,-0.07419107187936139,0.018859744797057754
11.39,-0.01608256778034867,-0.07244695134420953,0.02801516857189635
11.395,-0.0014243304814118354,-0.05807165522373196,0.032827121263875894
11.4,0.004896096729920126,-0.08473102597829459,0.027505308545789503
11.405,0.007270512219705141,-0.07337415487734791,0.028698076434831993
11.41,0.0031911781900527906,-0.07593104917346252,0.03335506254378914
11.415000000000001,0.016926497242182374,-0.08153812668908744,0.04795752120049647
11.42,0.006871850243016458,-0.06374135820082578,0.03988471386808114
11.425,0.012976406947702602,-0.06904809409045162,0.03666476346449572
11.43,-0.004129024511049257,-0.06466268774906607,0.03864534470402277
11.435,0.012595518464498127,-0.0749553607502432,0.04078506164177611
11.44,0.0020156791681061933,-0.05944708298618849,0.04507734456059172
11.445,0.009483704628657417,-0.07265192530791273,0.03241759247598859
11.450000000000001,0.0033304763592019483,-0.08453173521330756,0.02708017080505398
11.455,0.010911033142387398,-0.07771215439398226,0.03793197526999298
11.46,0.017912961007892452,-0.08526530974277582,0.022618461858424407
11.465,0.017076906138667167,-0.08012575475722779,0.02900618221171791
11.47,0.016731399998256475,-0.04804089900120316,0.030504339833426965
11.475,0.011602085745992006,-0.06813674347943013,0.030146918282083927
11.48,0.031164695289193085,-0.07390865409254885,0.01718900249121501
11.485,0.01361341652446248,-0.04252537531515948,0.051586742881035534
11.49,0.015472493453076032,-0.0644286134269659,0.04401202514703391
11.495000000000001,-0.009197005000603218,-0.06576659501762362,0.04079112577887796
11.5,0.015593893036738832,-0.08339064788110853,0.046536741750257585
11.505,0.003914657311085196,-0.06958329900026902,0.0420559292267913
11.51,0.028756521479785625,-0.07302171189119233,0.018917227792897773
11.515,0.02477571743708601,-0.08477251340631539,0.04987088364616101
11.52,0.004399531017693474,-0.07720748107326263,0.03369203828837511
11.525,0.01914598087555121,-0.07271034217433595,0.028171592851355773
11.53,0.00884275628760791,-0.07152629407308664,0.042533841318278295
11.535,0.010363313924074514,-0.0715797900014623,0.028902824014066675
11.540000000000001,0.035986765420395944,-0.0684697190131005,0.029645835616686503
11.545,0.026090602903881665,-0.0688258393283764,0.03218915808897209
11.55,0.013081156738793292,-0.058691717928718794,0.034606648671722515
11.555,0.027471042879684354,-0.08629532382127003,0.04935870840222182
11.56,0.011496658617515471,-0.06729626770168132,0.029168401568483715
11.565,0.0040335627987561785,-0.07291886761500205,0.038682741018661065
11.57,0.009441666698194753,-0.08446520113777128,0.035440509472477684
11.575000000000001,0.026338788803697125,-0.058911106511519463,0.01931119133687097
11.58,0.008352876609965993,-0.056812446307203786,0.04422156148488493
11.585,0.02996238445979304,-0.05609411398278522,0.02597229237157163
11.59,-0.0007972229535361339,-0.06895601384251301,0.045148459995563
11.595,0.01706627453065338,-0.062194621941005265,0.037816128754323206
11.6,0.0035719278708441597,-0.059167978380857876,0.030745006107361198
11.605,-0.004438046055254571,-0.07625279111343079,0.039251114103196996
11.61,0.0051249290171460175,-0.06960372846060234,0.029663208411997304
11.615,-0.00430231928911343,-0.07363231011097746,0.03531177587166222
11.620000000000001,0.007438767275374755,-0.07991243067040735,0.04401191335210319
11.625,0.011499630992528449,-0.06754384697861515,0.024069878514067593
11.63,0.00846090934696747,-0.0718657949612195,0.025682668714125865
11.635,0.0010802582263727493,-0.08028657553449323,0.02528117030895173
11.64,-0.016469302652242834,-0.08881749463250344,0.03700021599120404
11.645,0.0028215694397491437,-0.07142551890328608,0.021965951174854864
11.65,0.001600565111175128,-0.08843170638473924,0.018284393834735974
11.655,-0.00829479923887341,-0.0734329046387821,0.027472735989426938
11.66,-0.016425902824842374,-0.05016713563450108,0.01587455336423323
11.665000000000001,-0.010345018434039958,-0.08447020406029854,0.030673707986272447
11.67,0.0012186219009460934,-0.06950769022066006,0.022334613753550833
11.675,0.013217261053295005,-0.07462324711541218,0.028810657733185883
11.68,0.004264149038112188,-0.056956243387351745,0.02898212256412583
11.685,0.002955393038324393,-0.08024375898530231,0.023991139108648564
11.69,0.0032654293456482195,-0.09598684640965316,0.023263335646850642
11.695,4.200786080902491e-05,-0.08339603978234572,0.032244599036123645
11.700000000000001,-0.0007778667993547633,-0.08381060034192468,0.022744824719776437
11.705,-0.010875179881821418,-0.06939525743210932,0.0238898099288701
11.71,0.012190309678326,-0.07471996934600639,0.02591434447595685
11.715,-0.019215267522751704,-0.07315067006871138,0.012552334446453803
11.72,0.005957858256904502,-0.10171582869420753,0.020974494749184888
11.725,-0.01174581019187949,-0.0801266408125116,0.02456349937573606
11.73,0.004041036677643159,-0.09816099041510018,0.023010129277306696
11.735,0.011939942189899737,-0.08147274652351039,0.027582781605708172
11.74,-0.0072359877815543466,-0.06254716983574016,0.014440381456028828
11.745000000000001,0.006408252242803282,-0.05563766921485921,0.022465267537061094
11.75,-0.018081173380465065,-0.06181436984757588,0.032915787648482436
11.755,-0.010013145232821458,-0.07145028270162823,0.03280847061308037
11.76,0.00588545596617806,-0.0891286047542311,0.03732707125216065
11.765,-0.00627732172932707,-0.07217056877226938,0.052595957307626715
11.77,0.005423641320100257,-0.0649717793819814,0.027783738400423398
11.775,0.0026561176426509294,-0.07303543384980148,0.0327780212104515
11.78,-0.0056623063547289465,-0.09791660751959652,0.03711576190528976
11.785,-0.001973034943005674,-0.09365727054123874,0.02645656165048572
11.790000000000001,-0.002018967195727854,-0.08243636939881203,0.040405187901756325
11.795,0.0019202011735441069,-0.0663130904747991,0.0323519490676188
11.8,-0.015125713564284602,-0.08238554890231893,0.04682381570263825
11.805,-0.013234448036888396,-0.09121890031226197,0.02801237689715723
11.81,0.007823537276015364,-0.0756841005565993,0.04341004939749162
11.815,0.006629415117378952,-0.08725731651011868,0.041020531381687084
11.82,0.0007157748581106899,-0.06604711646993873,0.02544898354155461
11.825000000000001,-0.005807880105579656,-0.09842412191690375,0.028734953317057478
11.83,-0.00556494507541267,-0.09119767825729884,0.02015608646766172
11.835,-0.0036716877541774634,-0.0974785627099875,0.03792781989772849
11.84,-0.015300153149466509,-0.09639979406882969,0.028724804768010245
11.845,-0.01644572685569313,-0.10137993202722342,0.030569884334516864
11.85,-0.0066075228066827295,-0.0761856214228699,0.024942365442539305
11.855,-0.003361827900908715,-0.08648797852945174,0.026091000494137873
11.86,-0.0049055433855344594,-0.08638188074211153,0.0385801952829963
11.865,0.0011934820702703538,-0.10365976780436148,0.046633615009291064
11.870000000000001,-0.016366118891571385,-0.10524153294940233,0.0383832958109012
11.875,-0.01247429628416672,-0.0903020327871743,0.02635118756914431
11.88,-0.00850480739989201,-0.10365463332746558,0.04844531268038913
11.885,-0.017712391972625842,-0.08778342669223732,0.03550013433253542
11.89,-0.0051015309826693885,-0.09634707100681437,0.05317775133023396
11.895,-0.010067739951697297,-0.06719700242510226,0.04296335988500232
11.9,-0.0016819501662341703,-0.09041334157927586,0.062022122744896366
11.905,0.001342565088182571,-0.07957008258098808,0.02499277260799026
11.91,-0.022432384259413057,-0.09493395839797805,0.02843363374967483
11.915000000000001,-0.011230137331553616,-0.08478209994414666,0.04083395819241208
11.92,-0.0033908711644475304,-0.10166093878268653,0.036705123400430695
11.925,-0.013221541298504814,-0.1011271738503843,0.04499005063551495
11.93,-0.01867412417175111,-0.1047621619222078,0.03778044843275434
11.935,-0.014179350327694806,-0.06907093794987659,0.04805760604390286
11.94,-0.020215800391740726,-0.08952598447064877,0.039378836924807994
11.945,0.0026389450819845357,-0.1056443976865641,0.022258326788617805
11.950000000000001,0.010646848500666056,-0.10515948530260649,0.03673864400627022
11.955,-0.012098550915963499,-0.11263854420303399,0.02898241901954711
11.96,-0.020791039285746833,-0.10139355924233032,0.040802783249401654
11.965,-0.00700043571524288,-0.09854300736652435,0.026823327103455082
11.97,-0.018071904022218366,-0.09260098519711596,0.043483533771255634
11.975,-0.032041016372829655,-0.09579798084943666,0.03870741306678996
11.98,-0.016602864740305666,-0.08647205738821365,0.04667253302064317
11.985,-0.013435400936755935,-0.1002333257138392,0.02567038483019079
11.99,-0.03379659621996233,-0.10045298374123177,0.0405935543716696
11.995000000000001,-0.020694184136017223,-0.09660627743651212,0.030318065291871543
12.0,-0.020578450339213017,-0.10046945902992606,0.03773062822404598
12.005,-0.022768003277622142,-0.07770618299164167,0.028167056830543196
12.01,0.010942407355782446,-0.10014527097308457,0.027807428616078832
12.015,-0.016176479832915414,-0.10023426983148068,0.043805826784686676
12.02,-0.032407241525722434,-0.0776456231353895,0.029280023846155922
12.025,-0.006086785044537099,-0.09064330824087977,0.04738620384997638
12.030000000000001,-0.018394960635150913,-0.08718352341175042,0.044243264119068794
12.035,-0.01851528538386919,-0.10559865511392444,0.026370863640055683
12.040000000000001,-0.004090036042542906,-0.1058247414340237,0.040797815377388406
12.045,-0.01830562645627421,-0.09814327094197733,0.0472931748469501
12.05,-0.008703598116051366,-0.10277346704624243,0.06532519045895177
12.055,-0.012015075156816482,-0.08391180401169927,0.04897529175887974
12.06,-0.006789256585712574,-0.10755146858302733,0.042228924183926334
12.065,-0.008820600779231797,-0.09390865967219275,0.027133735571635145
12.07,-0.028655883894311014,-0.09392048589988007,0.036206464271825355
12.075000000000001,-0.010718881825545404,-0.07878138662649878,0.036638627594152186
12.08,-0.00890169540929538,-0.10209230308945272,0.04291934213575167
12.085,-0.0339278030041736,-0.10801472872987844,0.040945042286554066
12.09,-0.02325287811898872,-0.12085228891155395,0.025709473687776263
12.095,0.0012686694245835428,-0.08960890070593053,0.030603181177949173
12.1,-0.02450997136249261,-0.11050565603926965,0.035594432663651185
12.105,-0.02466795079163829,-0.10705056110467541,0.01840765614612534
12.11,-0.019101197344796792,-0.1014152378114092,0.03744769299969862
12.115,-0.016145395268927974,-0.08397501495428156,0.04230596489572342
12.120000000000001,-0.00690009161742831,-0.09997186179711441,0.02794526406383318
12.125,-0.014944406177536708,-0.09645769424070086,0.0369846223843612
12.13,-0.0024861248419856966,-0.0825621967839684,0.05423842835039834
12.135,-0.03219871193544771,-0.10931981507559997,0.02870142065275645
12.14,-0.023623781044526025,-0.09719591099362983,0.03576626811462004
12.145,-0.031028777535154484,-0.0902864427011302,0.025551061949464736
12.15,-0.034595210161954895,-0.09017699792460074,0.02920753610463432
12.155000000000001,-0.008057531475126715,-0.09593736993818644,0.028528270034738047
12.16,-0.0075496946097387725,-0.10448816639206056,0.04658981446330796
12.165000000000001,-0.019353395948423033,-0.08412013035307093,0.05050446761148316
12.17,-0.01997684222300293,-0.09187703893677365,0.04713500552047917
12.175,-0.02519597287290371,-0.10623227614340308,0.043470881638229944
12.18,-0.033011345292967294,-0.09231237138204737,0.04190613799499841
12.185,-0.03952687194683977,-0.096316686071776,0.050902639454400885
12.19,-0.017334444754257654,-0.09762061904605718,0.06411879742426593
12.195,-0.021777297470245767,-0.08457519948639627,0.03070571114922737
12.200000000000001,-0.02575751338605088,-0.09259206957803559,0.04784248773285561
12.205,-0.023383486200953332,-0.080495495699587,0.042136435533447196
12.21,-0.009848318006555612,-0.07494399740827301,0.037739056274433275
12.215,-0.04147780475511866,-0.07395760318874034,0.03394125702341856
12.22,-0.0007914257939313401,-0.10735591657306043,0.051004524504985035
12.225,-0.019933085982621276,-0.09498180520829941,0.0310511263247503
12.23,-0.02554983653302908,-0.09309976209441662,0.04667413556975161
12.235,0.007643149240532029,-0.09705709890465011,0.017344766332954103
12.24,-0.012770428839702197,-0.07887179736078213,0.03676180806495103
12.245000000000001,-0.025412327150092638,-0.10050761590249133,0.03219508458913051
12.25,-0.009097292688581839,-0.09062229803417424,0.03743929627921457
12.255,-0.015644338560639355,-0.10161767623374057,0.04988421714021894
12.26,-0.025404203353867342,-0.10057490694431401,0.03475745838568981
12.265,-0.014961253896193339,-0.10160920832099685,0.03840194489554808
12.27,-0.03177823554127016,-0.06604609296316186,0.012814857140265014
12.275,-0.024858760348570885,-0.10026977414516998,0.012449171491366835
12.280000000000001,-0.022987666719166945,-0.10293482903813685,0.06034479060250031
12.285,-0.03557356784689543,-0.09064820243849417,0.02500715863171487
12.290000000000001,-0.014354571233437537,-0.09148913581170658,0.025394909088627744
12.295,-0.025933660243092384,-0.0890282215730738,0.030377372485447255
12.3,-0.012266590910504884,-0.09307998592579701,0.03882961054765566
12.305,0.0005596579914648094,-0.09396834974244112,0.042567094681721956
12.31,-0.013328858034179344,-0.07633864433028667,0.03133643858107511
12.315,-0.02684779929739,-0.08017172766597783,0.02322917663843061
12.32,-0.003261303506112468,-0.0961934618626627,0.038532377748671555
12.325000000000001,-0.026210941101088722,-0.08835196080913836,0.030291050503433517
12.33,-0.04151845056344034,-0.09681809255801871,0.04222197473362571
12.335,-0.02920030802405859,-0.10309742198354552,0.038777761875622804
12.34,-0.03222064260965289,-0.10283265546891536,0.02683909461116734
12.345,-0.03469676155146357,-0.09534503476564296,0.03686803244080513
12.35,-0.032789509775648276,-0.09855656759497541,0.04001948249954672
12.355,-0.02002235130798971,-0.10964847248024531,0.03356101438723501
12.36,-0.027092995362400944,-0.10219070508176042,0.019589481013468496
12.365,-0.018468554418799524,-0.09631413346819881,0.028427278305464102
12.370000000000001,-0.01935366636648983,-0.09405489014608853,0.023159523311695594
12.375,0.008450990668202889,-0.09210075840434187,0.022252891428864673
12.38,-0.008785925449280047,-0.10410126685610824,0.027567838161505015
12.385,-0.008779113989714104,-0.08659914581311284,0.022760907958302296
12.39,-0.019859100876689482,-0.08345065066302979,0.029163350130770017
12.395,-0.030469170260500292,-0.08655318057236927,0.059526230551070626
12.4,-0.01944708408183128,-0.11612684014207303,0.020925402370211236
12.405000000000001,-0.03243517062347544,-0.10032834850148115,0.037053234635968664
12.41,-0.022298473885799662,-0.10838297070224576,0.03675777005397503
12.415000000000001,-0.006632157018852572,-0.08948821965143818,0.01318908221562385
12.42,-0.006683233635458946,-0.12209084692920497,0.017736168051384175
12.425,-0.0318987084482591,-0.10009485901708075,0.024789397380932467
12.43,-0.016912908070354293,-0.09918232560671036,0.0463943580068593
12.435,-0.020015021332871273,-0.10216436497787473,0.038066334318533714
12.44,-0.015138182585485757,-0.12802155206870386,0.007777764262990362
12.445,-0.012203966751776098,-0.12164467823098568,0.02889591240090608
12.450000000000001,0.001755775439667308,-0.10357919832377815,0.013282676033078221
12.455,-0.018082254633905292,-0.1104192010683305,0.00974349569945912
12.46,-0.0028624642070987027,-0.0988355121703699,0.026733889348698567
12.465,-0.04139859806576755,-0.08385016900074703,0.0266861524467127
12.47,-0.0281964498878287,-0.12424980650140902,0.012913402016816965
12.475,-0.004809633103360659,-0.11685583899837915,0.020530961431635818
12.48,-0.030643378118607668,-0.09264490883364011,0.037061622232528624
12.485,-0.020967244563463962,-0.11319871596109629,0.010241804461969761
12.49,-0.025244364922570525,-0.10455586149370305,0.028268311440248044
12.495000000000001,-0.027981033592467296,-0.12662457972373786,0.02895527173097129
12.5,-0.01596903456651223,-0.1120774103867774,0.024330830415215506
12.505,-0.02468760367609543,-0.09350809579612238,0.023793163793937165
12.51,-0.024439930892247223,-0.09196803043010185,0.03529453230895957
12.515,-0.010733052664328821,-0.12104882394458431,0.03335349163158238
12.52,-0.015974143588815458,-0.10909447154001034,0.026245733480200047
12.525,-0.011773365755062486,-0.1117969602909233,0.04746693315351343
12.530000000000001,-0.00428767470349951,-0.08460705229578583,0.037126190892098024
12.535,-0.008600727015105489,-0.10030796634934766,0.03329279142097922
12.540000000000001,-0.01627770277284684,-0.11446848753571424,0.02552015912845344
12.545,-0.017763244483550752,-0.10501335055089497,0.03005447919276814
12.55,-0.013523758931348105,-0.08700188169299111,0.02895377003211675
12.555,-0.018057239434894696,-0.09125618188232794,0.030219182993051423
12.56,-0.007488247027821809,-0.07955535038727064,0.0170924190064206
12.565,-0.018877172255383698,-0.09654983466817904,0.029158036579734415
12.57,-0.0076263421170666874,-0.08854091994793244,0.025616685288910458
12.575000000000001,-0.02115895033922052,-0.08720123589700421,0.022493650956052498
12.58,-0.013043144883628295,-0.10026315844084545,0.029247142640267607
12.585,-0.003908497642301785,-0.07729548295112675,0.022529968395185916
12.59,-0.019794451529424637,-0.09488872565826076,0.02824438142240361
12.595,-0.004988977249897206,-0.07975881996443843,0.01992230051871973
12.6,-0.024181901308280792,-0.07066459174056425,0.05184944174256689
12.605,-0.01556188077590652,-0.07747387700509631,0.02607627773982447
12.61,0.004454272607151106,-0.0995941014359981,0.03453664999843524
12.615,-0.009776122182735833,-0.09629906144643914,0.021982710675714563
12.620000000000001,-0.022548269628002608,-0.06650988236957367,0.038389859585486796
12.625,-0.012067474630484971,-0.08777756074829224,0.02211516570698905
12.63,-0.004047209360918856,-0.07681395586156076,0.036066746662954716
12.635,-0.007646734060729332,-0.08816280546806968,0.027985697893572185
12.64,-0.010712506431037144,-0.09149669699620389,0.027642683035818915
12.645,-0.01137413260454347,-0.11793559887645343,0.048421638720473455
12.65,0.006088782336543938,-0.06520053607025099,0.030420848818872734
12.655000000000001,-0.004717762825025145,-0.08669398132175948,0.022548428915174012
12.66,-0.015527782515044657,-0.08712492541467984,0.039477492987560966
12.665000000000001,-0.0031774461490027012,-0.08371342592739119,0.01774753781873858
12.67,-6.054077971366363e-05,-0.10947459570950133,0.04070018288840735
12.675,0.006481945308063259,-0.07402953447089922,0.025309023665298302
12.68,-0.007562132748451498,-0.08069689807888167,0.04032061284114895
12.685,-0.002047258593660263,-0.07304626796873936,0.032652851552198096
12.69,0.002701071937120413,-0.08190007583730571,0.03353007538812182
12.695,0.012277212482350901,-0.10252453504972572,0.026882336288179407
12.700000000000001,-0.0035521774368889513,-0.11901268627793599,0.027436101038341
12.705,-0.004682828335974474,-0.09557828911940389,0.041116584236929786
12.71,-0.0006933043023971347,-0.09753180969662675,0.036488120771185385
12.715,-0.011864233428398683,-0.054345147948781924,0.03266346428125781
12.72,-0.010224439297414081,-0.08688592923341093,0.037230747595821574
12.725,-0.005830003136663374,-0.07436753559591788,0.032790745831889796
12.73,0.014595189724108887,-0.09618576840995999,0.01691841994682705
12.735,-0.0036881397029193434,-0.08774573369100183,0.03884100917104452
12.74,-0.002177017868265062,-0.0902411327016886,0.042156669299730366
12.745000000000001,0.007522491133903065,-0.07946715977855565,0.02754460970422097
12.75,0.0007517690846778917,-0.09109472599636141,0.03584001722499015
12.755,-0.002761779252546514,-0.08953270993537404,0.031721028833409666
12.76,-0.019356935817419874,-0.09373959839356798,0.030213373098250326
12.765,-0.0012367769501722805,-0.08036615192287999,0.04504504191811764
12.77,0.0025298265441849746,-0.09313395378574281,0.03440064157912625
12.775,-0.004771401218159706,-0.0935979930632282,0.041091588966803774
12.780000000000001,0.0011347541632361251,-0.07990961041611999,0.03473831654609063
12.785,0.014790989528296094,-0.08155801308610997,0.04404659778479811
12.790000000000001,-0.014412290135642299,-0.08802526851585432,0.02594408673863835
12.795,-0.006272745460824895,-0.10049252940247297,0.020089133208919044
12.8,-0.00954330211017346,-0.09013121642400386,0.02843745142301568
12.805,-0.012920283693145584,-0.08928518169809732,0.0214955450842202
12.81,-0.004141107544965941,-0.08360624899095653,0.032625063755065964
12.815,-0.0036789922701249422,-0.06868868518834026,0.035942787071458315
12.82,-0.005323559076573212,-0.08659096819294052,0.03799591255444609
12.825000000000001,-0.0020681770772898673,-0.08173123347517358,0.028291569168264436
12.83,-0.005767876503820454,-0.09066606334858182,0.020895074194422478
12.835,0.010243036419239826,-0.07902827460170891,0.03598469072400465
12.84,0.0018842774416337645,-0.09488536549588023,0.016157906055888318
12.845,-0.010057108121341578,-0.09079088517062325,0.007048900385107776
12.85,0.0029894960860986555,-0.08618635021555134,0.045430739725807696
12.855,0.01909723151037747,-0.08758915413449042,0.034813499820316396
12.86,-0.009920515627429512,-0.09653272136882093,0.036601985032451115
12.865,-0.005129531496388482,-0.0938743320812856,0.03630740957945976
12.870000000000001,0.01780083824608076,-0.07266354482413515,0.024676027940267832
12.875,0.024081954014552147,-0.08924684411049759,0.025621341968655724
12.88,0.010551121728932219,-0.09483057802985778,0.04421265466930351
12.885,0.000634992092715822,-0.07100267958851234,0.01879220379536866
12.89,-0.012882828196602853,-0.07689437333845728,0.041611938751633236
12.895,-0.005715649686839961,-0.09113259855946743,0.034934904981107545
12.9,-0.012509542003106978,-0.09388079496537083,0.02637272265918208
12.905000000000001,-0.0037134047378298276,-0.08194529690980118,0.03748270166531908
12.91,0.0056237407010440036,-0.08478594999466443,0.06242596599118609
12.915000000000001,-0.025153329420727115,-0.10032848514380516,0.0281892598573864
12.92,-0.018441867231022212,-0.09888745057865349,0.023490066456227875
12.925,-0.0028617565032572354,-0.09077528580257584,0.010775301617485293
12.93,-0.0028942360419312984,-0.10017518184901286,0.034888860668212396
12.935,0.00714911809526422,-0.1188653179577199,0.04231955831031048
12.94,-0.02000961804242192,-0.08790557523512836,0.014256203059693408
12.945,-0.0018472293405797716,-0.07635539135668593,0.026377049411422666
12.950000000000001,-0.0029477792385556906,-0.07930364856764618,-0.0007172469377818291
12.955,-0.010687851349225373,-0.09533979588331873,0.014973174208794297
12.96,0.004177135546847279,-0.08205338570576165,0.025982009799760925
12.965,-0.0011722147076572876,-0.11368967463113946,0.04757737488467152
12.97,0.004964243741149031,-0.1003734742134754,0.037283925939086346
12.975,-0.02144157136383951,-0.09695071338583683,0.027051938711939484
12.98,-0.007270505115898163,-0.09840253137848509,0.019111189378569288
12.985,0.01257154476042079,-0.11072575288257314,0.040350116678645236
12.99,-0.023144881356729693,-0.09249196177290928,0.028821905258737117
12.995000000000001,0.013107802422216803,-0.0915414060795582,0.04736246124259404
13.0,-0.010855972191917869,-0.10060206624311596,0.025994403706160286
13.005,0.005214286227130678,-0.0970297136619805,0.03161122712204215
13.01,-0.010897085845330098,-0.09307563718343931,0.03655962051134818
13.015,0.00438197171058333,-0.09780789663410391,0.04574772910949932
13.02,-0.014381597664986577,-0.08894658813127401,0.014500728452471578
13.025,-0.012742673313617149,-0.10139388618862645,0.05031629858918578
13.030000000000001,-0.026901535277173424,-0.11750977141241689,0.0381151156095203
13.035,0.002539235538411468,-0.09748258396948106,0.015180147063242336
13.040000000000001,-0.01805255615742094,-0.10496103149940514,0.004367775330836137
13.045,-0.028991046971980988,-0.11360728185833649,0.015608911718695887
13.05,-0.02249862167348224,-0.10159613919345796,0.0449290218439773
13.055,-0.006726375460603442,-0.0972236617051786,0.02959568018055394
13.06,-0.0010821441774929513,-0.07645837961506427,0.017085342111863622
13.065,-0.012192663630222323,-0.08462518711603204,0.04146546819132702
13.07,-0.01808464346846683,-0.10790674943924855,0.03365035319551339
13.075000000000001,-0.033100400815633396,-0.10574816613370874,0.024739470531090088
13.08,-0.020598860376963127,-0.08962010196436657,0.01891399226839178
13.085,-0.014043480294964036,-0.09780934616963556,0.012457411514747233
13.09,-0.015543565885529003,-0.09680646777528007,0.017799836758462716
13.095,-0.03869804360217898,-0.11255835698434152,0.019684893369261918
13.1,-0.01495832648375366,-0.10951126781098088,0.01942342657879031
13.105,-0.017292077445552143,-0.10439721742224779,0.030824461290279607
13.11,-0.01719244464158646,-0.09341927100871435,0.020286295216340233
13.115,-0.014559820357009968,-0.10518961413339589,0.03376956845406036
13.120000000000001,-0.017583091355489,-0.10459361737249107,0.026727989930221217
13.125,-0.01651178668895758,-0.09708194224850152,0.018138987462863434
13.13,-0.0034862431347985902,-0.10054911861777602,0.025420176705640722
13.135,-0.008139533395530401,-0.11944045434943727,0.003075939154694972
13.14,-0.029333775704180894,-0.10279092531553508,0.016946716243989274
13.145,-0.02642780652213104,-0.10729120180172244,0.024020233436924988
13.15,-0.015394984071589558,-0.10795485184205242,0.0026579313680745627
13.155000000000001,-0.023496121759966765,-0.10361296669022557,0.016863168596817926
13.16,-0.01757064338839492,-0.10915649897542534,0.008859275884918662
13.165000000000001,-0.031896921739072534,-0.11495987276602043,0.005749950682615256
13.17,-0.03034044430724664,-0.1093374302935009,-0.003798980440826657
13.175,-0.021695954912392644,-0.11166988049092813,0.014655652605884724
13.18,-0.02305273004909389,-0.11749143412177215,0.0021789233668821767
13.185,0.0032823646855444483,-0.11961680384641177,0.014544348434129379
13.19,-0.013764373373557662,-0.11034984096048742,0.009866068153803715
13.195,-0.01646142733079231,-0.09546902925609946,0.02287253119052366
13.200000000000001,-0.019893459132522516,-0.11068158457518923,0.021547132077614103
13.205,-0.02478511475009362,-0.1074779290947312,0.012768383708004503
13.21,-0.01491662108412135,-0.10588942168150689,0.011010528584405455
13.215,-0.00042187987340111316,-0.11701301098565176,0.0032865420701725725
13.22,-0.021046470711993656,-0.10376531267051975,0.017374319452698052
13.225,-0.005501113500067231,-0.11688507867159521,0.039732894357973
13.23,-0.02588009541327335,-0.11007765867972663,-0.0029616176288110724
13.235,-0.015293209068255901,-0.1146358510169844,0.02882422112796583
13.24,0.004765871222141016,-0.12002441347822133,0.030035141776581134
13.245000000000001,-0.0027168903967788247,-0.096211040069834,0.02601390465701199
13.25,-0.00902307550644861,-0.12070347139219478,0.007454027819622627
13.255,-0.02611306089247787,-0.11816670525473068,0.00047131780067997606
13.26,-0.03289658325695244,-0.1017376158285677,0.017634370745030034
13.265,-0.036217430180700165,-0.1159916483535698,0.01961466455171492
13.27,-0.023952358865916918,-0.12250206107016515,0.0034680910039455864
13.275,-0.033589877924597084,-0.1224862574101265,0.01056268229889615
13.280000000000001,-0.008700007759087445,-0.10512451449932006,-0.0005533087465999995
13.285,-0.005731912722054423,-0.1287723847384376,0.006457803376608624
13.290000000000001,-0.02499680606760672,-0.11914976751867656,0.024435344148452103
13.295,-0.014754982448427004,-0.12242653463299363,0.01800466285225696
13.3,-0.006603178131161328,-0.1063614638885528,-0.004753774275578462
13.305,-0.0272326953004705,-0.10393358021726823,0.01665338500377214
13.31,-0.019959701161149992,-0.10203482996528701,0.010805247204806913
13.315,-0.009877242924098372,-0.1112578214887665,0.006141482857938361
13.32,0.006263933382454749,-0.10069924929419172,0.011418675080919767
13.325000000000001,-0.001183703470358326,-0.11174638907341825,0.012922944987191758
13.33,-0.0221227187674416,-0.09902506130633426,0.01796942232429257
13.335,-0.014912843947579607,-0.10823074668065402,0.01588318521156348
13.34,-0.019215206480837813,-0.11165792495824527,0.006464178663229531
13.345,-0.02926392274431407,-0.11735825021999179,0.0015853995547484706
13.35,-0.021147600049035858,-0.1023510437746149,0.014440003848798493
13.355,-0.010037048914828052,-0.10247945404846374,0.008763726079580151
13.36,-0.033613276573594225,-0.10595160515863315,0.004431644826389039
13.365,-0.028319904306518377,-0.10253735624127978,0.004501496534949039
13.370000000000001,-0.017035193190843213,-0.09287813419066938,-0.009159946834267496
13.375,-0.034063156814385334,-0.1145084026207093,0.02625706905971141
13.38,-0.008747449813786569,-0.11735293924650482,-0.0016120999479793587
13.385,-0.017404005889355614,-0.10586388705223335,-0.0014936964882229752
13.39,-0.027319903466531886,-0.09791951226314334,0.008786581917721862
13.395,-0.018725446853921704,-0.11051858690687567,0.007677874148577152
13.4,-0.006030168171687802,-0.12176862142462773,0.002266035445881375
13.405000000000001,-0.01667081801080519,-0.12322122242911314,-0.009755517458759503
13.41,-0.026637310564621305,-0.09865015032245548,0.014046375862368024
13.415000000000001,-0.018639273868142757,-0.10952003553013215,0.0014695632491780793
13.42,-0.003206588827317833,-0.11078402000114654,0.009475672221261831
13.425,-0.038894838689660746,-0.09968952761405109,-0.007159154809517282
13.43,-0.02050534159023301,-0.13139830739444913,-0.006576018620961136
13.435,-0.017964950181689962,-0.10453022575382927,0.0010299992394622367
13.44,-0.024512118293835858,-0.10887888574692109,-0.00471780501960823
13.445,-0.017840441413743933,-0.1258090963970961,-0.0009505570738336591
13.450000000000001,-0.027980848572470088,-0.11814893592146988,-0.002004214935444412
13.455,-0.028208257112517846,-0.11307142500793832,-0.019966367953729754
13.46,-0.010647575448821505,-0.13153799782832212,-0.002753470949823627
13.465,-0.04033072686266571,-0.1048032350501813,-0.0009585986436579062
13.47,-0.017766910974050337,-0.09520970950842148,0.012284168089715993
13.475,-0.01856805014455872,-0.11294517594151932,-0.01865416285236767
13.48,-0.004518171928571892,-0.096681434162087,0.014157685765871262
13.485,-0.025815981663600183,-0.11294993840911932,-0.0012307388347666572
13.49,-0.041282914167828394,-0.11086484783226291,0.008247200501642654
13.495000000000001,-0.032377152427735804,-0.1320125930570777,-0.010415635698720475
13.5,-0.0257999044844616,-0.11809011279647275,-0.007707740226435047
13.505,-0.018643020487073024,-0.10214285019904429,0.0027878063368849144
13.51,-0.02717374500211543,-0.11955984142099052,-0.0011298266132342503
13.515,-0.013901320805702905,-0.1131622105396753,0.0078016052142059
13.52,-0.018578883712595917,-0.12720468516310962,0.001854393199638489
13.525,-0.02395285527345855,-0.12055101096606172,0.007898143534061914
13.530000000000001,-0.009380504124559758,-0.10326535631360731,-0.01518523498602571
13.535,-0.023545029816451034,-0.11722092637984338,0.008950732447953863
13.540000000000001,-0.020008715074919498,-0.12288357371010308,0.0063782425144059685
13.545,-0.01693345782878222,-0.12516900353632546,-0.00623154168769618
13.55,-0.017937267610231896,-0.10834821823852545,-0.01741544745854799
13.555,-0.01481944455960683,-0.09657956049790963,-0.016507901767858386
13.56,-0.012765049588796137,-0.10842821042635709,-0.000982610340242815
13.565,-0.012733044991644012,-0.10987643376310866,-0.01775604534049011
13.57,-0.018003479460132362,-0.11422320288227779,-0.014605436279480176
13.575000000000001,-0.0003912512857467444,-0.11667783859566916,-0.006785252490835246
13.58,-0.02204633990625547,-0.10619525618987694,-0.005811051053371714
13.585,-0.030672826954788575,-0.10135598801528138,-0.017130865946377888
13.59,-0.02360966286884931,-0.09677578789319072,-0.008443432448907585
13.595,-0.028796857110975557,-0.11023035996969403,-0.009703527710785765
13.6,-0.02662316324492321,-0.1231994792649006,-0.012367975906723807
13.605,-0.018691126407216714,-0.11535093567536717,0.00831358247553809
13.61,-0.012585152431744144,-0.11536540470369543,-0.01640983909165008
13.615,-0.015013232378650685,-0.10772952977386496,-0.02096907499775663
13.620000000000001,-0.022267883560504097,-0.10082767788059208,-0.011411489649460045
13.625,-0.029709293165968514,-0.12737581297318662,-0.003194880191416581
13.63,-0.010277223047738057,-0.1075452365948466,-0.005528096520555206
13.635,-0.017097479835569127,-0.10904444504158108,0.016083647317984742
13.64,-0.02046188671984881,-0.12034983297237829,-0.03711531774733016
13.645,-0.017696668434814312,-0.1124292625195244,0.00018441053855015356
13.65,-0.027454258774290273,-0.11826505915456198,-0.008714775782131054
13.655000000000001,-0.024240769625061657,-0.09411786524859031,0.009780403442005583
13.66,-0.010231157659159747,-0.12912250991419136,-0.022560564001820087
13.665000000000001,-0.024498958559570995,-0.11739471590746164,-0.022585173333216333
13.67,-0.018480038016057215,-0.1200952609373728,-0.02323139873294106
13.675,-0.023131603413887758,-0.119751999536889,-0.020522218722354622
13.68,-0.02701181272575939,-0.09820983874148556,-0.001879276554243683
13.685,-0.029913833091414967,-0.13683898222587304,-0.012545769484150808
13.69,-0.021364932570641502,-0.09840102745731569,-0.009428267160731103
13.695,-0.014145394100942923,-0.11629315868272601,0.0003449711336088526
13.700000000000001,-0.015288776949551419,-0.12257784640567077,-0.005918012173335383
13.705,-0.03600763764953872,-0.10298403846950861,-0.03262761319166767
13.71,-0.00850779851602796,-0.12463573082475124,-0.01863896666338389
13.715,-0.01948397763770905,-0.10951068325630811,0.0027635321772295756
13.72,-0.02352688710695035,-0.11983606487305581,-8.802404191819192e-05
13.725,-0.02885976821454558,-0.10216067391976025,-0.009540630551751762
13.73,-0.03603391965903771,-0.12570041942991775,-0.018608413066671502
13.735,-0.01568022373152314,-0.1296409975979829,0.014171860007990736
13.74,-0.011812414871666836,-0.12053112418722814,0.015206588052537844
13.745000000000001,-0.01951978132373498,-0.11836170104004151,0.003979088844411683
13.75,-0.029117393460699956,-0.13342254695320244,-0.0020608238741195283
13.755,-0.010308631040930721,-0.1125304470619278,0.008465580679887006
13.76,-0.020273305417761005,-0.14278877751395577,0.017495888063288785
13.765,-0.002304189236204646,-0.11320089980686962,0.0012895768462000412
13.77,-0.015530217867661575,-0.1376867002532247,0.002846456663285238
13.775,-0.026612275248957352,-0.1321137807519012,0.0058675831407942625
13.780000000000001,-0.009625834265743524,-0.12227641670235596,0.0036604212927974934
13.785,-0.00022402486457701043,-0.10357615363453682,-0.010885432641522107
13.790000000000001,-0.01672434815709701,-0.12388737079807546,0.00813649714025581
13.795,-0.018774739744657966,-0.11322174746582232,-0.007359606848503753
13.8,-0.028762527566818408,-0.14445846052444336,0.013730608791722585
13.805,-0.02543502270318402,-0.10154082384116873,-0.0030629954002536833
13.81,-0.028105876826387884,-0.11776200062535419,-0.020091165071389576
13.815,-0.025175795221813582,-0.10447957238327157,0.0002708832160643552
13.82,-0.010907480003355816,-0.12003872998776288,0.007184183491345701
13.825000000000001,-0.03261734309729204,-0.12436258916181694,-0.010183065439465205
13.83,-0.003884370963956602,-0.12108302846896729,0.0031860877842647692
13.835,-0.008391638823118323,-0.10818593846306743,-0.013515673651882344
13.84,-0.007818022539218785,-0.1215114264639102,-0.009884614287150992
13.845,-0.024655451239180417,-0.12336444638258617,-0.010798517114004674
13.85,-0.011665650410801696,-0.11117169321237783,-0.004598225357872841
13.855,-0.019708038812842676,-0.11099559345329646,-0.02501929996912301
13.86,-0.028557167050588195,-0.10227879658340372,0.01029145245435839
13.865,-0.02558422630220224,-0.12622507346482464,-0.009442635109100275
13.870000000000001,-0.025059032483547947,-0.11079301828762864,-0.002714508119492336
13.875,-0.014817629245335943,-0.10772917575828517,-0.0048862558709832195
13.88,-0.014753714732134514,-0.11128654656505028,-0.003056137162045486
13.885,0.0074653957432782225,-0.12494048762786161,0.006132027651867424
13.89,-0.025830302574396207,-0.114648798678483,-0.013729636015504011
13.895,-0.010783353877451426,-0.10687243006904909,-0.004495799539376977
13.9,-0.0024326936509112967,-0.09401097928449555,-0.004102071594414026
13.905000000000001,-0.01685923641107867,-0.11008024510970874,-0.013370703729657795
13.91,-0.002349265310805381,-0.10036878556155232,-0.004284931171119484
13.915000000000001,-0.013626830788689825,-0.10974048230512738,-0.008117430532943748
13.92,-0.02456031681049921,-0.10731340425227194,-0.005309488034180805
13.925,-0.011270605822934236,-0.09841127694716445,-0.01655786990522277
13.93,-0.010084386978075111,-0.11401118616449066,-0.0006459565409482025
13.935,-0.022309815548195524,-0.11671347464597984,-0.02877923126837
13.94,-0.008875595028327127,-0.11902761365241846,-0.023536754135673417
13.945,-0.019049628659699606,-0.10017513718455984,-0.022947288297353437
13.950000000000001,-0.007077150541646482,-0.12399192781653168,-0.022833799995749332
13.955,-0.015309261478612998,-0.09958851556328953,-0.003790394480235498
13.96,-0.005118713663884597,-0.11556838378332768,-0.018091223118814104
13.965,-0.026707165811131466,-0.09865887316204204,-0.006556808708458612
13.97,-0.012544954582777035,-0.10753705360028068,-0.014261359395347681
13.975,-0.035221700895789354,-0.08469192947140818,-0.03536665178459911
13.98,-0.00785162590680902,-0.11191056593529039,-0.023123225275161176
13.985,-0.014102490370348303,-0.10038707681924647,-0.03120412595433754
13.99,-0.011491017579944349,-0.10712483898635376,-0.015747940238560815
13.995000000000001,0.0014323851027441877,-0.0977307953810013,-0.008314572175208552
14.0,-0.0001633614773475494,-0.10942386522426882,-0.0255723054802511
14.005,-0.029669569126902707,-0.10045886983498216,-0.010874248474167424
14.01,-0.03262760709741493,-0.12029333853750407,-0.008702600130458267
14.015,-0.025657861253894864,-0.10440972179640329,-0.023532004175960478
14.02,-0.03208999952955881,-0.09993013276370534,-0.026015759622571
14.025,-0.03222849515215105,-0.10939521933905282,-0.02067715203179887
14.030000000000001,0.0007552625150870542,-0.10355890445125523,-0.030937288806757793
14.035,-0.00527561809691972,-0.08906280123069331,-0.0001709129301841702
14.040000000000001,-0.012907092664470744,-0.10083041803161516,-0.019074852799916518
14.045,-0.039882161490782636,-0.09653062785846248,-0.028220470381674086
14.05,0.004726378321370741,-0.11682392343606275,-0.008048592976510206
14.055,-0.017454021692902128,-0.0948818525976774,-0.024110145376091394
14.06,-0.01830325011545044,-0.10330806253478685,-0.024329897440848295
14.065,-0.03835085567323008,-0.1027620990737643,0.005615926608970863
14.07,-0.029111260597193045,-0.09375641770555829,-0.020833893594151682
14.075000000000001,-0.025428943886389777,-0.0940877272131831,-0.013477199512301013
14.08,-0.022772165247978385,-0.0942712411000272,-0.032544776038215935
14.085,-0.02858441915442964,-0.10451046601455499,-0.015270524693677989
14.09,0.0006765926513115066,-0.10231956173213665,-0.019236413227610275
14.095,-0.024646661000907368,-0.09004612772695694,-0.005786449099268487
14.1,-0.01605965871508298,-0.09590774609993294,-0.015322943134372262
14.105,-0.03506376967501317,-0.09959385472623489,-0.006065381813226789
14.11,0.0072276378308447995,-0.09975669336306021,-0.010417490314430029
14.115,-0.007241151310651037,-0.07458791688289296,-0.01928388671000296
14.120000000000001,-0.03136838472202661,-0.11011593640841376,-0.005791030779255508
14.125,-0.04367886301194439,-0.09470668518788578,-0.0393820664529371
14.13,-0.018885203930725535,-0.09489013443137237,-0.009217185604429027
14.135,-0.003357387092838669,-0.121417917787711,-0.006526528354335096
14.14,-0.021321222590960847,-0.10701580266617972,-0.019039801014299654
14.145,-0.014258359659764927,-0.0917348038171255,-0.021245271499958685
14.15,-0.039424389362516216,-0.11849532414473639,-0.02626403264717766
14.155000000000001,-0.02633422109618717,-0.11467591251801859,-0.008646581973245911
14.16,-0.018983618755504188,-0.08816020247378606,-0.017917675822287756
14.165000000000001,-0.015474906471735233,-0.12169225010069296,-0.0031067790485991907
14.17,-0.03296786665665837,-0.11397067012785908,-0.011040476291730926
14.175,-0.031427364308256614,-0.10251395914124456,-0.016579443296594786
14.18,-0.01341242393545378,-0.1286877898527608,-0.01636599148198381
14.185,-0.01177621075706093,-0.10671191749714876,-0.01916473644265118
14.19,-0.02683020363466747,-0.08987077884714603,-0.03311329787828335
14.195,-0.03900908811030952,-0.11053772045568255,-0.017298097686558454
14.200000000000001,-0.03628677354463475,-0.0942767360420314,-0.012078148561866486
14.205,-0.011305176759087113,-0.10587001864617747,-0.030451416103755232
14.21,-0.03309524409353144,-0.1156532574647716,-0.039106544334746654
14.215,-0.023129175032421546,-0.12087283077271953,-0.01289628638972986
14.22,-0.010909386203526137,-0.11099371599777234,-0.017656525135040263
14.225,-0.013779441751526473,-0.10584556710656229,-0.02967250361504739
14.23,-0.01743451700646511,-0.09905439116264048,-0.02078847956927514
14.235,-0.033225376248860794,-0.1224202610206811,-0.03700720131052618
14.24,-0.031106708199209257,-0.1008601781112538,-0.016357150755615477
14.245000000000001,-0.01297484042178946,-0.08981675502938652,-0.002135457270190458
14.25,-0.02670500977688165,-0.11344954476307173,-0.02912651603893059
14.255,-0.0183536685048543,-0.12770980396779913,-0.021884304082440454
14.26,-0.028630369138878457,-0.09445428756338121,-0.025394372970402097
14.265,-0.03180532093882956,-0.10260615963398961,-0.023091591589825614
14.27,-0.02138733318536053,-0.09435663783460903,-0.02552560276312382
14.275,-0.01870277887071925,-0.09559566412490661,-0.013795041956737274
14.280000000000001,-0.03877060181350678,-0.09999479948772191,-0.029205400444432227
14.285,-0.017088909216568277,-0.0986392261453874,-0.021573081258077415
14.290000000000001,-0.018934391849284724,-0.11760080945896251,-0.012727855538042445
14.295,-0.005265895733941015,-0.1030704659954148,-0.015114906911839109
14.3,-0.01706342366395333,-0.10429947642934473,-0.019898480655430678
14.305,-0.02476973694609752,-0.08939538503081552,-0.02116784288751585
14.31,-0.007339405876278861,-0.11056213717551186,-0.015579958423201446
14.315,-0.029752254720703177,-0.1081965720267557,-0.04755552077412504
14.32,-0.027667650116934357,-0.11480768853033967,-0.0339972343540108
14.325000000000001,-0.0010309347351388828,-0.1083772479933525,-0.02503333705051661
14.33,-0.01950666112871325,-0.10323469528655863,-0.012822797764099126
14.335,-0.005000258326565052,-0.1178139843667037,-0.007409265976156822
14.34,-0.03209556020246831,-0.10367065704458055,-0.01916395645512205
14.345,-0.02047381735105104,-0.10676481263063703,-0.024918496498870155
14.35,-0.02373544331178962,-0.12106956908740528,-0.022070747319245514
14.355,-0.04089411883179358,-0.11939552736499148,-0.012522730162607059
14.36,-0.03133008281272192,-0.11496935519180437,-0.0013058198204042798
14.365,-0.01620582868426655,-0.13040144368990847,-0.01994816156895366
14.370000000000001,-0.019744763194898617,-0.10222319672313754,-0.006363414757610037
14.375,-0.008784495622346107,-0.09973573863728358,-0.004058443174097856
14.38,-0.019050352887466537,-0.09797865615755043,-0.02553552143041741
14.385,-0.016281456856711753,-0.0911619968512551,-0.008532499180357318
14.39,-0.015747795199666813,-0.10689051246153605,-0.004102758216188423
14.395,-0.016762104682110347,-0.10678925626230461,-0.00822852642267296
14.4,-0.02088848399616565,-0.10428617922312869,-0.02391394956964804
14.405000000000001,-0.013673966192747956,-0.10688540653630141,-0.02142089917589476
14.41,-0.014643579045981963,-0.09520911592042201,-0.015896286433196433
14.415000000000001,-0.008508475160677228,-0.10919120410997858,-0.012713320495568815
14.42,-0.009640171557357781,-0.1176995656116937,-0.009992839054913726
14.425,-0.0237541752171506,-0.10912908804127144,-0.020502048948144037
14.43,-0.009231863899289743,-0.11525714145654187,-0.03838755626398281
14.435,-0.03197525588959203,-0.0931543934900469,-0.0008567563529096036
14.44,-0.023616049614788446,-0.09603633507422735,-0.007033106211790742
14.445,-0.0004366142510861433,-0.10543671827529237,-0.004789248719671874
14.450000000000001,-0.017426213214038186,-0.11992098360199682,-0.015349618806486462
14.455,-0.020553588231086755,-0.11496292984693841,-0.011301173173395407
14.46,-0.01028176630420025,-0.0980678739908086,-0.015144885753231552
14.465,-0.03069527729293916,-0.1264767973772727,-0.005092079924214794
14.47,-0.032445971387584406,-0.11637256921762029,-0.002641707980041658
14.475,-0.03426346892530935,-0.11032902874515356,-0.00881605261052732
14.48,-0.030494968124698617,-0.11594744693425656,-0.0012125938482695428
14.485,-0.04039058095505986,-0.1156028123981134,-0.03139157021426245
14.49,-0.03458419722720644,-0.12419517576932376,-0.016152374265545694
14.495000000000001,-0.029417456483398243,-0.11326400407975443,-0.011266788709217776
14.5,-0.04096205992953293,-0.11257440268452558,0.0035926492044861535
14.505,-0.03745459612448929,-0.12051830315819144,-0.017587965974375227
14.51,-0.03059268388343112,-0.12183530905661528,0.008234842647155223
14.515,-0.03598473228147085,-0.10664537622230089,-0.011856263315017185
14.52,-0.03376035231079555,-0.09183225342312962,-0.012613359652230512
14.525,-0.01623926083520557,-0.09940403808403372,-0.006802621071462138
14.530000000000001,-0.022521427268021563,-0.11423341222620152,-0.020745421949114197
14.535,-0.019367852402607626,-0.0952880269187723,-0.0055025931401846955
14.540000000000001,-0.017092379915583825,-0.09613334484627475,0.0019298903109198282
14.545,-0.016939711958942595,-0.09745892369306033,-0.020247472797883324
14.55,-0.027431456798073788,-0.1104770347855861,-0.004913153163106197
14.555,-0.031680232747305734,-0.1076389581447724,-0.007499133408170711
14.56,-0.007801365358726522,-0.08766989733146563,-0.018030051992628186
14.565,-0.017548879927229317,-0.09329421364638237,-0.01783410783516702
14.57,-0.01391187560818262,-0.09522123263749009,0.006791086912805647
14.575000000000001,-0.012938918814100768,-0.10097755816392558,-0.010994968706712661
14.58,-0.014565967456607772,-0.09594521492886848,-0.009458827498527932
14.585,-0.006334679714682354,-0.09686725216946528,-0.0013617757769796186
14.59,-0.013631638692143925,-0.1123687058519083,0.013932026787230658
14.595,-0.02098637263938037,-0.09941711794727708,-0.004523303092134402
14.6,-0.0388902262191599,-0.11053134139587409,-0.020023379633470652
14.605,-0.008262558953971452,-0.10643698367242577,-0.009671568416638654
14.61,-0.027081640246479435,-0.10830398895062684,-0.009619741041040209
14.615,-0.0349402272941506,-0.11688904796902135,-0.0025829898281634223
14.620000000000001,-0.010838699481678418,-0.09782243713305756,-0.0147184258115901
14.625,-0.048691170121088215,-0.10207721346108928,-0.0009225159574138154
14.63,-0.024182556299113273,-0.1132718421274242,-0.02119211597614556
14.635,-0.03683514447135919,-0.11260070148902504,-0.00799091944786337
14.64,-0.03027898610912312,-0.09623288299001362,-0.014325949491803115
14.645,-0.01897720508048329,-0.10271628293189064,-0.007102281846982224
14.65,-0.018172115214347574,-0.09955148853731052,-0.007633119912248763
14.655000000000001,-0.028087430742788567,-0.0961635347986067,-0.018609070092453515
14.66,-0.043722639247907966,-0.11382271868775817,-0.011383474150529305
14.665000000000001,-0.03641962709334987,-0.09769002157206924,-0.0189158351513121
14.67,-0.03719102652893159,-0.11040611562472444,-0.025843627456946794
14.675,-0.03535496856397695,-0.10598709372562051,-0.014946631098700857
14.68,-0.055153743081731495,-0.1240837030260056,-0.03270935050668605
14.685,-0.01572632433573894,-0.12081036665202038,-0.036243656748977435
14.69,-0.03632287337055631,-0.11607687035356402,-0.026670054951367563
14.695,-0.029448588394528144,-0.08693613708193523,-0.022494511416438632
14.700000000000001,-0.04629352392516471,-0.09900174017527405,-0.014439592508173546
14.705,-0.006447983454468693,-0.09802615765855781,-0.02583599204338526
14.71,-0.029302248620962396,-0.11520987806428222,-0.023501769551822677
14.715,-0.013315762665400183,-0.09507026410001995,-0.027864273805960692
14.72,-0.018230731252938896,-0.10773714496221473,-0.027275025246938145
14.725,-0.03878153012990852,-0.11592891344100664,-0.013231111402610523
14.73,-0.04822058641818295,-0.1012879145645888,-0.024560919809241032
14.735,-0.031365600212098665,-0.1088463480077457,-0.034490808387630634
14.74,-0.039855297014970134,-0.10846366495166684,-0.017873003729231163
14.745000000000001,-0.011317316830743265,-0.1003302837380994,-0.011685368531503244
14.75,-0.029843372862450677,-0.10361114965393294,-0.010217977528098953
14.755,-0.0511857741271142,-0.08738898426069572,-0.021164118629209697
14.76,-0.04080323700121376,-0.09408864277556798,-0.0342548344582863
14.765,-0.016669745736448062,-0.10819619381584278,-0.01015349757112034
14.77,-0.04067807821687714,-0.08897700247978198,-0.02930244623185412
14.775,-0.052709185676934986,-0.11127638032708176,-0.012157643280266705
14.780000000000001,-0.03554617851254465,-0.11109329276207094,-0.018951505789586865
14.785,-0.03758174451511815,-0.10629768760292607,-0.02536097089127655
14.790000000000001,-0.03146136433530115,-0.11617823625729388,-0.045605462322855395
14.795,-0.04137185565011595,-0.1180600517035344,-0.014852461829211943
14.8,-0.049525018207571735,-0.08563090164431084,-0.03045311174259699
14.805,-0.04301082827389946,-0.1269402975273855,-0.02974372760547896
14.81,-0.041777564830910066,-0.11787209133580068,-0.015215338664421901
14.815,-0.0527411151316465,-0.11276016567897135,-0.02599933217054632
14.82,-0.04300604003138775,-0.11368442820309618,-0.025753693718849845
14.825000000000001,-0.03057301042889611,-0.11466751234239564,-0.014909511651187972
14.83,-0.051106609634066366,-0.0973694474199035,-0.03987532086969523
14.835,-0.04277183184820991,-0.11446276437726198,-0.014563286673299501
14.84,-0.039525407206957644,-0.10037011126323891,-0.037008761959720055
14.845,-0.04039638540485673,-0.10282557794808686,-0.018209445038735353
14.85,-0.052974983901595114,-0.10254765456668295,-0.02742518713983867
14.855,-0.03107229765013525,-0.08055100825307944,-0.022750091659382174
14.86,-0.04761083646084804,-0.11486698147885802,-0.0402291457021688
14.865,-0.05793589275396841,-0.11235752913268973,-0.03365089469309484
14.870000000000001,-0.03602736912047011,-0.11015871950405447,-0.02835426531543465
14.875,-0.03531692765916072,-0.11985358768336077,-0.03282215100648152
14.88,-0.060228207932289814,-0.09965377602686809,-0.02300076409175833
14.885,-0.020332980211002615,-0.1274578243777451,-0.037571012628705366
14.89,-0.04530998438161564,-0.10006539503639757,-0.04143097441663486
14.895,-0.024565916332122052,-0.09495933902730778,-0.04034031226675296
14.9,-0.05172731474172534,-0.11161522170118794,-0.026220932198204743
14.905000000000001,-0.03673454006297785,-0.12679583689190124,-0.04170963674631131
14.91,-0.03510307328054407,-0.09635200150043903,-0.03384486226794784
14.915000000000001,-0.01963577360356916,-0.09676604613015224,-0.031461311469284006
14.92,-0.048725595693177436,-0.10893602693776476,-0.04615578029419917
14.925,-0.03482678589584278,-0.12781969708434612,-0.028732350728917482
14.93,-0.039900707435543435,-0.0976909025260436,-0.026850762844764457
14.935,-0.04817946534478161,-0.10590402186227094,-0.03824159438718974
14.94,-0.053516546686861094,-0.11602979148823231,-0.03208909304081235
14.945,-0.05633066189100237,-0.12593777989342336,-0.029756009122286764
14.950000000000001,-0.03131795768362306,-0.09419877130346346,-0.030780670738994997
14.955,-0.0531545113824985,-0.1194846721938,-0.04050939062461144
14.96,-0.03571220891975505,-0.1220717240372154,-0.05118185399672402
14.965,-0.042372035332334114,-0.11816478473545863,-0.03848165268932735
14.97,-0.044945669022030885,-0.10708888254025835,-0.024941445674377605
14.975,-0.044506660247912055,-0.12062003120077006,-0.030880126224695877
14.98,-0.027720833704937557,-0.09741806190568955,-0.022428673115459093
14.985,-0.0425954713473199,-0.1039699971488132,-0.05631650145965075
14.99,-0.029345449330693874,-0.1015399469986979,-0.023866369565091174
14.995000000000001,-0.032975201932745654,-0.1283909093252114,-0.03604613834470203
15.0,-0.037176016224202205,-0.11248171497472918,-0.03378401851992352
15.005,-0.03853043116261076,-0.0974307073045367,-0.02357659068430902
15.01,-0.03171963927562255,-0.11372748415288073,-0.03124146046244241
15.015,-0.027218139604041115,-0.11390101772025371,-0.025658294162362566
15.02,-0.03819430395789603,-0.1153333709032075,-0.038137265783094336
15.025,-0.05827681513306907,-0.11501351280504979,-0.026872136842104637
15.030000000000001,-0.03873712244307766,-0.12392503277718604,-0.03561047024428771
15.035,-0.04155307326492884,-0.12982723766486914,-0.01934836968564597
15.040000000000001,-0.03950149138130093,-0.11399667476270967,-0.05652365018626143
15.045,-0.04085347603271499,-0.12845584600221646,-0.04128749688115318
15.05,-0.04127047354258404,-0.12684175261835068,-0.04168463410827235
15.055,-0.05063416346638789,-0.13376076901424921,-0.018024598131705295
15.06,-0.048486929194860764,-0.1102174110201947,-0.021029236789529962
15.065,-0.040439228394774575,-0.11218904503255624,-0.026335978975570083
15.07,-0.030566252389135847,-0.11053414910074297,-0.018216513115116306
15.075000000000001,-0.044093576870427455,-0.0996807409014984,-0.02830476896934336
15.08,-0.046894354754727245,-0.12098406242035728,-0.04950234060603169
15.085,-0.05167725416203294,-0.12591502668373886,-0.023515256190435666
15.09,-0.034201887938967106,-0.12843721428302077,-0.021125370263336767
15.095,-0.027565635282870787,-0.1194036638895846,-0.03221775925223922
15.1,-0.05844365516822133,-0.11292470416890715,-0.04735267869176346
15.105,-0.034089975300806596,-0.11042045246378479,-0.03881802169695426
15.11,-0.04450907383649523,-0.1278874559002437,-0.04316431539788468
15.115,-0.037216757470813766,-0.1108883348172467,-0.03519392593062547
15.120000000000001,-0.031638147219777445,-0.10714847652725216,-0.044976598851755985
15.125,-0.03644861401573905,-0.1266693668782385,-0.04178423903293425
15.13,-0.033205962164569953,-0.12308988049480515,-0.030113971561909005
15.135,-0.029978111275105634,-0.11814842994714903,-0.02576285428324148
15.14,-0.03958351056596311,-0.1329925553257919,-0.036672555778142726
15.145,-0.038393328322223794,-0.10755971691083582,-0.04342013329190622
15.15,-0.0430892358529517,-0.13075116059716868,-0.053441448870551904
15.155000000000001,-0.025179696489425096,-0.09980937555816835,-0.026089815117111184
15.16,-0.0416830784123962,-0.11405749732447963,-0.04413865034911853
15.165000000000001,-0.04616814020897735,-0.1381818372266911,-0.043302136718645315
15.17,-0.05056359904836662,-0.1273974875944162,-0.040363610912060296
15.175,-0.04698598129228164,-0.10909827298135605,-0.03586996517970893
15.18,-0.05292427392229734,-0.11966271787546753,-0.04207825696798181
15.185,-0.05786593680013389,-0.12382029589455408,-0.037289701778005155
15.19,-0.062082278029955286,-0.11637144460460142,-0.04687178678517825
15.195,-0.05605454822620762,-0.10618785225811321,-0.0223878473740033
15.200000000000001,-0.04377133637582294,-0.11730039349889738,-0.028184305780036216
15.205,-0.05545760447412692,-0.10723543116993042,-0.026587470662449687
15.21,-0.05282344579450156,-0.1193688853132891,-0.055053456219445275
15.215,-0.06541895480262552,-0.12352122447463836,-0.048330478296326286
15.22,-0.02899675187560939,-0.1104763866923574,-0.039616736833831934
15.225,-0.039398067490325976,-0.1343053451617539,-0.046163456597217475
15.23,-0.04715902000297015,-0.12195249421840251,-0.05327237829691075
15.235,-0.04938390711599804,-0.1273223760918996,-0.04458454641328373
15.24,-0.053970128313411914,-0.1314427168653458,-0.04320306422506568
15.245000000000001,-0.04776332324162394,-0.14005586391436053,-0.0414698641692009
15.25,-0.04925077512578576,-0.12251900883727423,-0.05086359653040512
15.255,-0.0737856202563275,-0.11119802385599264,-0.04750202145577932
15.26,-0.07216856100663196,-0.13368637476111989,-0.05307162288558153
15.265,-0.06465584029813239,-0.10051410294025422,-0.04013187381930154
15.27,-0.05339557467207427,-0.11592197459205673,-0.027144512139133315
15.275,-0.03377662841586109,-0.13341555367651997,-0.04427968179897854
15.280000000000001,-0.06299849333064494,-0.1261304202902459,-0.04356594731281662
15.285,-0.0454620698026723,-0.1146670848638967,-0.05088617899565448
15.290000000000001,-0.06560763153547661,-0.14070437264614283,-0.0607790814160541
15.295,-0.06000904403703689,-0.12370685494225181,-0.034791087661671764
15.3,-0.05492130508186905,-0.12049452245233883,-0.05684754174257905
15.305,-0.07305298324930393,-0.1290134238881633,-0.04756022918852774
15.31,-0.050091938055715476,-0.11714236793129683,-0.04531447508917785
15.315,-0.04520023839818919,-0.12022494231297015,-0.055940890054411024
15.32,-0.0790546396993339,-0.13558134665389365,-0.053082447784804206
15.325000000000001,-0.07259697497616206,-0.10967841016945765,-0.07710707056256298
15.33,-0.05664925114386547,-0.12272846116181632,-0.04481269884554113
15.335,-0.06999063961352317,-0.12481034847885325,-0.053288627975463305
15.34,-0.06871151362923808,-0.12879961644143242,-0.055501143118848406
15.345,-0.06955543653209162,-0.10219082017864486,-0.047372189633143956
15.35,-0.06968968618313111,-0.10335435133094291,-0.05398567234287487
15.355,-0.0718856686905177,-0.12162753262914429,-0.042463822598867246
15.36,-0.061564234002187385,-0.11825304248733859,-0.04824307713936933
15.365,-0.05436137894380904,-0.12597031070017164,-0.03652625844360803
15.370000000000001,-0.06263214639181613,-0.11768877217963089,-0.05395649202602807
15.375,-0.0699470529142389,-0.1078968608736454,-0.04349389846610995
15.38,-0.06526580650586522,-0.13328323831491523,-0.02207762990156889
15.385,-0.06345839778337169,-0.1121496836991917,-0.028948308243075645
15.39,-0.05859208154137785,-0.11492712240933135,-0.04145927339813605
15.395,-0.06292402640733984,-0.12965322006938987,-0.03884561879185119
15.4,-0.06078050783568108,-0.10211858321300123,-0.04521766052584964
15.405000000000001,-0.07990513102209823,-0.11422092883304563,-0.037365609527597064
15.41,-0.08554927785391336,-0.0953035108669072,-0.04426470147016772
15.415000000000001,-0.06805365733058759,-0.11150094878239716,-0.05044396798704502
15.42,-0.0742657750362407,-0.11893857908962806,-0.04287491471559558
15.425,-0.07746894330859762,-0.1104470735344388,-0.04334652425913396
15.43,-0.06549896550467904,-0.10562279155300691,-0.05104466357363305
15.435,-0.08395690689663791,-0.11729180013306872,-0.03863371293499439
15.44,-0.09395616560522509,-0.13938936432083215,-0.0692832708955773
15.445,-0.06962630253217762,-0.13313808582128023,-0.04942684352687955
15.450000000000001,-0.0738396118037854,-0.13521244333523424,-0.02861279488605757
15.455,-0.07102020970475124,-0.12917925262424929,-0.06768249761301531
15.46,-0.07044367798077339,-0.15257432936736043,-0.04820890566344693
15.465,-0.041614249598621866,-0.1328111710947774,-0.04232279674263146
15.47,-0.08617649318842864,-0.11693002811247508,-0.06628110028775355
15.475,-0.06854627130351422,-0.1307522761866776,-0.05843022856552997
15.48,-0.07075519139299305,-0.13325470484806923,-0.03829384984001991
15.485000000000001,-0.06633728504209517,-0.12583852838267448,-0.035878652709270195
15.49,-0.07386804122984195,-0.10383570952261448,-0.05002401164019832
15.495000000000001,-0.06872752906854686,-0.12473023549296289,-0.04786442987209628
15.5,-0.07601798858320731,-0.12091647804479516,-0.04174044619840265
15.505,-0.06966533314436339,-0.11861214753824358,-0.05475800356682867
15.51,-0.07640575606890687,-0.11304330422547315,-0.044639029861942583
15.515,-0.057193184966166495,-0.12616692222625306,-0.0607206481083852
15.52,-0.07124906925982982,-0.12522175878494046,-0.03796015796702378
15.525,-0.0746021776864679,-0.13426379593006882,-0.05625968022338502
15.530000000000001,-0.06388671186424807,-0.1138224941416126,-0.045825048092272135
15.535,-0.07924412150440205,-0.1266627553962223,-0.05543485028126657
15.540000000000001,-0.09669265039085025,-0.1359811081011995,-0.03716223341907491
15.545,-0.07347197285155581,-0.13736039853804566,-0.05145394008735792
15.55,-0.05651121320142885,-0.12173928479014517,-0.031025405065148906
15.555,-0.07936090725871617,-0.11980347396991972,-0.05596686771479076
15.56,-0.0787949596685085,-0.13478400642368246,-0.04518053804340738
15.565,-0.0767790201040265,-0.1239611752297266,-0.07559341843011548
15.57,-0.07382224476480187,-0.12363662350158923,-0.05454747975520156
15.575000000000001,-0.06846573801730003,-0.14020414171660597,-0.054372642066224344
15.58,-0.0727198123032665,-0.12987536316275153,-0.0639381132870847
15.585,-0.05605914783420694,-0.11418826387608164,-0.04845219287440578
15.59,-0.06333078104834468,-0.12376002054687929,-0.05212204877446293
15.595,-0.0662712489814461,-0.11723073195551728,-0.035016891841297436
15.6,-0.0656535801751646,-0.11054427503638227,-0.04825395744075203
15.605,-0.056679699446799896,-0.12359267449715379,-0.058936699232002746
15.610000000000001,-0.06709950267850051,-0.1325067699713514,-0.051970505493918996
15.615,-0.06609260008154984,-0.1427976300675895,-0.07075009790290288
15.620000000000001,-0.06511427182140168,-0.14330284835085802,-0.037014885181109895
15.625,-0.060488699649835574,-0.12172185773873558,-0.04707889843886114
15.63,-0.06960246425775779,-0.13054945782538177,-0.046558448049457656
15.635,-0.07382825030965084,-0.12291863508858611,-0.04493216348561984
15.64,-0.04542949858211767,-0.1187068280209653,-0.039257610009766325
15.645,-0.06285613132087724,-0.11567965676603495,-0.07193464593815169
15.65,-0.05998664513935569,-0.1176309706851893,-0.03461816863693898
15.655000000000001,-0.052280719715731006,-0.11936945695403084,-0.05157471116894228
15.66,-0.0765087461397538,-0.08717611114995899,-0.053467528906727
15.665000000000001,-0.0623649169015364,-0.1282872414774635,-0.050349648185397354
15.67,-0.0651010884954519,-0.1298621571824415,-0.048204991512223606
15.675,-0.06460704745836399,-0.13630104281698918,-0.044899761633147586
15.68,-0.05543436085239573,-0.12644694902673626,-0.044006121162570376
15.685,-0.05322693832731773,-0.09210365559560764,-0.04566081581235486
15.69,-0.04776894901741002,-0.12841374506668077,-0.04079188783252692
15.695,-0.053320093782832305,-0.12229103677235403,-0.03546260715986482
15.700000000000001,-0.05440070706165689,-0.12012109301767464,-0.03810341268305298
15.705,-0.07243930891592361,-0.11831809119113848,-0.043408785697584946
15.71,-0.06791448818383448,-0.12130291898362669,-0.05213852405747681
15.715,-0.05607475929774575,-0.127989370620284,-0.04581200569852465
15.72,-0.05015924050004255,-0.12554481696917577,-0.038857831545882945
15.725,-0.05763055368438912,-0.13168040015189578,-0.04456765901292694
15.73,-0.05681056925942278,-0.12032149420487234,-0.03810657874516249
15.735000000000001,-0.07885199813578454,-0.11857438233455235,-0.03646293734380472
15.74,-0.04870826547054135,-0.12873636593135254,-0.045718862415648195
15.745000000000001,-0.07746471688102384,-0.13473045632197844,-0.04516581312010816
15.75,-0.06524577346697721,-0.1287218485998557,-0.04979635775814449
15.755,-0.052534251642432125,-0.11358611846729816,-0.042749931370570295
15.76,-0.05709241548412168,-0.1289369678134461,-0.04473770421781191
15.765,-0.07855686656138057,-0.11841178838844695,-0.0480248155292708
15.77,-0.07807615274965161,-0.13626017806613303,-0.02431621123928352
15.775,-0.0700952079656279,-0.1240371268359173,-0.047603697670043674
15.780000000000001,-0.05549271426517689,-0.1280953656852753,-0.052872476065659695
15.785,-0.05485088194420834,-0.11647451623256919,-0.05676956311000702
15.790000000000001,-0.07388134816181569,-0.1376726850342457,-0.06363106352781724
15.795,-0.07104414774668649,-0.12806327840752685,-0.0484274526661017
15.8,-0.09088741360108701,-0.14119097621941498,-0.06487668774773006
15.805,-0.06576435699552853,-0.1418967265444127,-0.05159159676690357
15.81,-0.0814585203021854,-0.12264478167364515,-0.05158523699158929
15.815,-0.08726706446861977,-0.12125011824699844,-0.05483275992603508
15.82,-0.05961307554733987,-0.13992351663814975,-0.06258248828948121
15.825000000000001,-0.07134179087413382,-0.11656571924109449,-0.055275272994936495
15.83,-0.07515552884608494,-0.1501527899874678,-0.04927816562897505
15.835,-0.06473620824589107,-0.1265316410945001,-0.043997016324244166
15.84,-0.06626515654119318,-0.13822407913595378,-0.0440784404485476
15.845,-0.08236427645583436,-0.12329886577715954,-0.05733335992286344
15.85,-0.06755850054316537,-0.13914096354917557,-0.046889049722832116
15.855,-0.08057832314913407,-0.13055687053764725,-0.06780815831905314
15.860000000000001,-0.0809849860470636,-0.13809391312052902,-0.04501867714362035
15.865,-0.07882197315574639,-0.13353877729865743,-0.05796489407988917
15.870000000000001,-0.07442073238886449,-0.14509032728617882,-0.06290375565510777
15.875,-0.061769238491279355,-0.1475995160849474,-0.04744035284277291
15.88,-0.06899288676184766,-0.14110244241365666,-0.05397094638980851
15.885,-0.06850795592716644,-0.11400355669412732,-0.06155544631503103
15.89,-0.07566023205479838,-0.16063325166135245,-0.05984205054182852
15.895,-0.09324773334177365,-0.13393770334020422,-0.08820925288108371
15.9,-0.06684769651149565,-0.13948657920878804,-0.0421928553123459
15.905000000000001,-0.0763240067426747,-0.15149808245650082,-0.06450000227067787
15.91,-0.07266111005704592,-0.1510634728848123,-0.06438670007090208
15.915000000000001,-0.06907817916796764,-0.14390352808129905,-0.04955767636302287
15.92,-0.07040061808255889,-0.1591219766359556,-0.050580568724222785
15.925,-0.0602904773630447,-0.1360144656100753,-0.05644088411277094
15.93,-0.06568382031769116,-0.11861852680779655,-0.03899393489417205
15.935,-0.0748493703020948,-0.13755891837172085,-0.04656387264008943
15.94,-0.07669585542153673,-0.1254137642850386,-0.06807318721017003
15.945,-0.08186714445922048,-0.11213348723656011,-0.030222335441221743
15.950000000000001,-0.07364322497477419,-0.13263137944110226,-0.06475215957710587
15.955,-0.06732295337818071,-0.13290509660008085,-0.04904134468963693
15.96,-0.07587422857313295,-0.1394800055925684,-0.0617838749948535
15.965,-0.07057918552312892,-0.11284867827294909,-0.05172396965420948
15.97,-0.06474236652876603,-0.12731952742185812,-0.04651210055007453
15.975,-0.06679749033923849,-0.15079097839955347,-0.04556952978740324
15.98,-0.08217459451824005,-0.12838656252228592,-0.0694505536984034
15.985000000000001,-0.07864024046864926,-0.121103365882366,-0.028837669591190877
15.99,-0.06908135962786227,-0.14620386278372316,-0.04160717101154526
15.995000000000001,-0.08017409499750577,-0.12728792086682075,-0.04906634320826325
16.0,-0.08795437179809262,-0.1349281627625635,-0.06595630465585889
16.005,-0.06944248051862335,-0.12496086515957462,-0.05420603929447378
16.01,-0.0830143822455259,-0.11827301890351144,-0.0506015091942488
16.015,-0.076769412872082,-0.1438097882422818,-0.048328505038506483
16.02,-0.09837159657530148,-0.13146331789886997,-0.036746808975016754
16.025,-0.07492710387393868,-0.15073871487141144,-0.06228392191747771
16.03,-0.08287338481478909,-0.14238437029296944,-0.06040017437178011
16.035,-0.07424987719790482,-0.1390216070301525,-0.06427166223490006
16.04,-0.06157610860733496,-0.14731823520060322,-0.03846981716955392
16.045,-0.08818459308075548,-0.14682185077884838,-0.05039610248449749
16.05,-0.08813435750774692,-0.13833311432058445,-0.054914146337835666
16.055,-0.08768480137803028,-0.13974629408212233,-0.05683778666588939
16.06,-0.09312376307955507,-0.12387229622935317,-0.040675910529267306
16.065,-0.09591246729510891,-0.1150824342637036,-0.05931357253717522
16.07,-0.08121171740899467,-0.13628263470092053,-0.04047424702032995
16.075,-0.08039028175255801,-0.13589797126252415,-0.05822524503737968
16.080000000000002,-0.07078267564377803,-0.141183087712789,-0.04204820013618009
16.085,-0.08354209600380373,-0.14190528803205055,-0.04024969561440933
16.09,-0.0735849903310995,-0.13982942134283052,-0.049579323172579924
16.095,-0.07841456092410172,-0.15067468335954387,-0.05290804386578411
16.1,-0.07259576372706271,-0.10232743021591101,-0.05908405493239699
16.105,-0.09344703228463697,-0.1178605047250473,-0.042669268238721504
16.11,-0.08795609548302318,-0.1317795854760033,-0.05383186497100298
16.115000000000002,-0.06214854366111296,-0.12497594981389715,-0.04780494365390298
16.12,-0.08350485030517855,-0.1302760359896773,-0.03500214918553812
16.125,-0.07579669843623707,-0.12419669138703555,-0.04141118534552027
16.13,-0.08906873709336827,-0.13568326094595545,-0.059170107817843
16.135,-0.08575166309637895,-0.13104111032916838,-0.049478538293641
16.14,-0.08632760885730724,-0.12783838179257279,-0.04090093529146926
16.145,-0.0634961128080431,-0.12925303549593584,-0.050130931315556224
16.15,-0.08713062562382796,-0.10632510818458982,-0.04060729590006452
16.155,-0.06756603881383069,-0.11876748425823419,-0.055816799451354634
16.16,-0.09014015561602969,-0.13835861324033719,-0.04728895819642884
16.165,-0.0780761897648937,-0.1338724598013508,-0.03300258400445171
16.17,-0.08436014506894096,-0.1082390763376021,-0.04138788045860389
16.175,-0.06695589810305644,-0.1397815757003462,-0.04432716420150809
16.18,-0.06846348986210184,-0.13312075354316316,-0.05176719032398467
16.185,-0.0729539547282882,-0.1431508118745002,-0.04641335747282183
16.19,-0.10204178370722461,-0.1231918938959003,-0.055627280414189906
16.195,-0.06994102881361478,-0.1445149453501252,-0.04708394056312888
16.2,-0.08212349478977815,-0.13251073637392274,-0.0528121064805032
16.205000000000002,-0.07242678951858314,-0.13048954401727678,-0.05631258811787629
16.21,-0.07449795467441331,-0.13689327830080641,-0.029924677349512124
16.215,-0.07925552735700565,-0.14876635275456834,-0.02468186244853765
16.22,-0.07951768850028507,-0.1351492311391702,-0.056226942735062825
16.225,-0.07517426672634134,-0.12467614352782402,-0.041223783155960994
16.23,-0.0828287716248823,-0.13825391901468495,-0.05587348786366948
16.235,-0.07375470874868806,-0.1276559544039473,-0.04276800059163976
16.240000000000002,-0.08307332461061016,-0.13648155029264292,-0.04216570420640523
16.245,-0.07590990937577954,-0.1341429651803963,-0.02939884122252918
16.25,-0.08452107557753577,-0.12099133684096251,-0.03703641282263612
16.255,-0.07480434896677804,-0.12794507750518294,-0.04248688134774281
16.26,-0.09063462725153124,-0.12111312730391331,-0.06622539236041283
16.265,-0.09003869148372286,-0.12492917363808871,-0.038174456818727824
16.27,-0.07942692886700134,-0.12937347927533172,-0.04543647931384328
16.275,-0.08833795436409937,-0.1177502073531859,-0.045486085703902765
16.28,-0.08824547165394236,-0.1542851966360571,-0.05302300016196668
16.285,-0.09616936279136856,-0.13959191533208196,-0.057918703001602706
16.29,-0.0965452445725872,-0.1395389764549092,-0.058158395835773716
16.295,-0.09371632665353812,-0.12342849264803163,-0.05662537748498868
16.3,-0.08995380236085346,-0.14222738904370016,-0.05840230069211677
16.305,-0.0961774918179609,-0.1324186123476394,-0.05035174276447721
16.31,-0.09915233280063734,-0.15304284344455132,-0.04978916272035647
16.315,-0.08468898237314602,-0.13895108983319465,-0.0699301586937792
16.32,-0.07963866292740335,-0.1395365453105127,-0.06278551380794957
16.325,-0.0901803080676564,-0.16743343978112482,-0.06187747835922677
16.330000000000002,-0.09515636360740148,-0.1610950608822951,-0.06483086912306975
16.335,-0.0785195998677585,-0.13277412987288567,-0.038067353092552846
16.34,-0.08442326592708566,-0.1313399942335562,-0.06144882857309169
16.345,-0.10450467926558316,-0.14096780711179713,-0.04944019571499361
16.35,-0.10070891949492322,-0.14080738282468863,-0.02755126801547129
16.355,-0.0936147107497145,-0.14773527738638176,-0.06319663682028563
16.36,-0.11413132331428436,-0.14894728146893865,-0.06359897439712842
16.365000000000002,-0.08312394090542002,-0.1447195830391897,-0.05984158784666649
16.37,-0.11091106678757408,-0.13692695797617632,-0.07175950816169091
16.375,-0.1054330061232064,-0.12386738519306978,-0.08270068432804659
16.38,-0.09809988499042574,-0.1369345892294514,-0.05008532372581777
16.385,-0.104333981670635,-0.13512156594978025,-0.07086706878857515
16.39,-0.09145200254708602,-0.14545758013946614,-0.08116212364718749
16.395,-0.10530563250250435,-0.13986385735962267,-0.07333921856201465
16.4,-0.1001769618672412,-0.13213648195095282,-0.05837067824977613
16.405,-0.09931459984216995,-0.13921333777111355,-0.06058935180619718
16.41,-0.09421210280583649,-0.1507764437520838,-0.077626683092883
16.415,-0.11503127109144343,-0.12507684299707117,-0.07262137049461283
16.42,-0.09806396337266673,-0.12542578476850857,-0.08329526776815649
16.425,-0.09299528294190995,-0.1366938288135746,-0.06943928641818714
16.43,-0.07912784963242457,-0.12650747756442496,-0.05713519091795645
16.435,-0.09283329029449415,-0.13960726203060264,-0.06405554162236052
16.44,-0.10463471150806164,-0.13891399206452917,-0.05790139911294388
16.445,-0.09796014104898579,-0.1377337890797827,-0.05712889559502427
16.45,-0.10451622286653263,-0.16092391449452603,-0.06626516122999883
16.455000000000002,-0.09606697324595971,-0.1573304585063495,-0.08712889852214042
16.46,-0.10353848905011548,-0.1387831482330985,-0.06587363459214914
16.465,-0.08135593947529114,-0.15322521942843914,-0.06953474136214516
16.47,-0.08749508549770846,-0.150572507143687,-0.03896778347157011
16.475,-0.08413028051894192,-0.13356933615318303,-0.0639577693958774
16.48,-0.09974236231235081,-0.13209361167441647,-0.055813302809819804
16.485,-0.09319996183324178,-0.1548841171152322,-0.05629491579494178
16.490000000000002,-0.08716551387934295,-0.12785216025619248,-0.0652439046869928
16.495,-0.10289554065449981,-0.1516262654906381,-0.08562078428955341
16.5,-0.08182646312821303,-0.14066635085375356,-0.06270232342486506
16.505,-0.09939104103829915,-0.14479396478799816,-0.06300598306056468
16.51,-0.09278152302695726,-0.15298879208347016,-0.08091340141411309
16.515,-0.09666886446340581,-0.15383923669623054,-0.06655859776944818
16.52,-0.11273028858743826,-0.1535902343731073,-0.057298172646558426
16.525,-0.10018232414906057,-0.14658850211363741,-0.0702002560746263
16.53,-0.10014875391105015,-0.15229509794601867,-0.06450897407115011
16.535,-0.08040001488744647,-0.13683598393314275,-0.056111284406114924
16.54,-0.08114616019152385,-0.13930219152253034,-0.07745324532248987
16.545,-0.10335857344796871,-0.13590326392175156,-0.0903328556609951
16.55,-0.08607015869150396,-0.1325458846177755,-0.06361891305970963
16.555,-0.10590929122626945,-0.14515218068217667,-0.055043063795123325
16.56,-0.075333139767057,-0.157365806899888,-0.06634782419776944
16.565,-0.09170671546103451,-0.14661720282289467,-0.050088168766706825
16.57,-0.1043191440835633,-0.13650602284577057,-0.06343217534385498
16.575,-0.08167979991439961,-0.14887013978616442,-0.052692855591299256
16.580000000000002,-0.1129378432748135,-0.1549038679599566,-0.07265192617071467
16.585,-0.10322010232156993,-0.17360296206544518,-0.0519404785141542
16.59,-0.11615578823542236,-0.16908129004923705,-0.06170779796583727
16.595,-0.08566915104367245,-0.15171763338671695,-0.05688967836982911
16.6,-0.08403332531129232,-0.1584042339924151,-0.0794167535346657
16.605,-0.09241080115092874,-0.15651432913243052,-0.06267862381078623
16.61,-0.10278193273683842,-0.15383023679665728,-0.07011761449015069
16.615000000000002,-0.09825092253344761,-0.15482500763551632,-0.07494499420448672
16.62,-0.07783578829923095,-0.13987296893504073,-0.05871469604656825
16.625,-0.09329704254922591,-0.15643251829129926,-0.09197687337429389
16.63,-0.09166001203740064,-0.1441268980121628,-0.08140326768395874
16.635,-0.09097760158649051,-0.15260467752442416,-0.06584169914575976
16.64,-0.0793489091853906,-0.15534721202432875,-0.05987012965479608
16.645,-0.09406977848196414,-0.16945931604532122,-0.08024106976869501
16.65,-0.09167861405516209,-0.14594061375216558,-0.06972069674049543
16.655,-0.08540691253102245,-0.15574839073152122,-0.0692325600224574
16.66,-0.09283962023360338,-0.16382847708948955,-0.0875346700358561
16.665,-0.10425132513286416,-0.14781034746337582,-0.05845911407614304
16.67,-0.09028401262036881,-0.1623550387837772,-0.05301427056169312
16.675,-0.0950579908179829,-0.15752680711303135,-0.04229459166123578
16.68,-0.10628184944134861,-0.1528408150867234,-0.060997109282865315
16.685,-0.10846180201045579,-0.14580503042064044,-0.07272642295172825
16.69,-0.09697163717937715,-0.1560023828361534,-0.07033397160602882
16.695,-0.09777609219890653,-0.1617118335290939,-0.0691500407548469
16.7,-0.10119338093203929,-0.15370973294069748,-0.06803093655492856
16.705000000000002,-0.08599683478400302,-0.16335130360029598,-0.07085333020264928
16.71,-0.10558706458441004,-0.1593075884367429,-0.06241057141078242
16.715,-0.09286550164549526,-0.14887261531690987,-0.07299440610757672
16.72,-0.07895600786453835,-0.16805179389707536,-0.06901167601724348
16.725,-0.10698046026161417,-0.17386229573491976,-0.08067891694445321
16.73,-0.10446115688764829,-0.16599520352804975,-0.0751421879668312
16.735,-0.09254753968739053,-0.17159756871621468,-0.06598721585841032
16.740000000000002,-0.09046135846319514,-0.1702281688091557,-0.07673643835139245
16.745,-0.09499741028828573,-0.16515355759954786,-0.06757809496164796
16.75,-0.08525287996437046,-0.16339221826567665,-0.07001988596140683
16.755,-0.08217052831844408,-0.16883306140976734,-0.0708267858359675
16.76,-0.09051070119703776,-0.17510003394791096,-0.07080540946895013
16.765,-0.09037596026583937,-0.15210067093973864,-0.06083283667931194
16.77,-0.10029999456797083,-0.16259359794848208,-0.051550298354227024
16.775,-0.07887129366243967,-0.16408074991520005,-0.06803167034189822
16.78,-0.07349189713867128,-0.16342330370654787,-0.04690966306147231
16.785,-0.08151856838833005,-0.1363861783577548,-0.05783285052939629
16.79,-0.08400392394082194,-0.17067876811914057,-0.07141348391996416
16.795,-0.09137196498363584,-0.1570487937852371,-0.05791428343976484
16.8,-0.10215266608785446,-0.1389396553666839,-0.06388171663241006
16.805,-0.10329721862207214,-0.16551345345801233,-0.056188766174302504
16.81,-0.09841183309988967,-0.1815335507096511,-0.06545911084663095
16.815,-0.09586418118648782,-0.171031119397151,-0.06707312532130007
16.82,-0.10567024296007277,-0.1807287059501775,-0.0745741734372327
16.825,-0.09949835142587297,-0.15274205647629285,-0.08148974421210589
16.830000000000002,-0.10677041295037114,-0.16801877717940533,-0.07861114458290447
16.835,-0.08147083566909688,-0.1524065489788669,-0.08219754616717549
16.84,-0.10065385317212049,-0.16510752316188906,-0.07684717654777828
16.845,-0.09399966822253847,-0.1680227701697324,-0.08087106521000655
16.85,-0.09282009375052182,-0.1505636202258898,-0.07383650297379671
16.855,-0.07840310248099416,-0.17635709909554892,-0.09304965079170985
16.86,-0.10033294451999346,-0.16801731870010977,-0.07294869146499451
16.865000000000002,-0.06586146707205674,-0.14751554175497256,-0.08855757718385195
16.87,-0.10088208520116311,-0.17555701342603225,-0.06214247908459329
16.875,-0.08579313906569445,-0.17390438570246355,-0.07445314713677786
16.88,-0.09464625685311873,-0.17425416314690248,-0.08022698489856643
16.885,-0.10465547578969839,-0.16522948499857282,-0.08887290114326662
16.89,-0.07960936048705206,-0.15793214821292145,-0.0867658692950369
16.895,-0.09155638524235975,-0.17442528521791312,-0.08351083604592129
16.9,-0.08572025749406434,-0.16011383816152625,-0.09662150855285201
16.905,-0.07814642725652213,-0.15457333775910106,-0.0778779045220041
16.91,-0.10163887367950258,-0.15838739808412947,-0.0872580877404097
16.915,-0.10102573200649238,-0.1858205546752692,-0.06840576024210861
16.92,-0.0895197158240589,-0.1698244233832749,-0.06891006008285909
16.925,-0.09422493056983806,-0.16283660684365947,-0.0808506750195353
16.93,-0.10371058642668811,-0.15891194451489685,-0.09254756481235141
16.935,-0.07521107456094495,-0.17167308249244564,-0.08075687040476823
16.94,-0.08957478029180967,-0.15836638611280104,-0.06203674047867792
16.945,-0.09627168765216787,-0.17182475470829703,-0.07100462354333113
16.95,-0.09645613961853695,-0.16856112669969137,-0.08893225577179374
16.955000000000002,-0.09169333290195011,-0.16386137410794144,-0.07909610070654065
16.96,-0.11486995661560134,-0.173767824135599,-0.08778643948255709
16.965,-0.10720551560348451,-0.1632891366344758,-0.08577802100153639
16.97,-0.11138901220035871,-0.1640832317638367,-0.0817511258376723
16.975,-0.09462112167499556,-0.16573698756767102,-0.08629414359795311
16.98,-0.1018279504859766,-0.15123756641060138,-0.07974979812667378
16.985,-0.10098986893366503,-0.16939850767200643,-0.07048292726979427
16.990000000000002,-0.08925845115795436,-0.16821541529005696,-0.07247766290161818
16.995,-0.09304570703848249,-0.15722853952016616,-0.09526924880334722
17.0,-0.07864766651772002,-0.1408663848652967,-0.06513780357069299
17.005,-0.08653470284486335,-0.1460453496256417,-0.07016301000086053
17.01,-0.06958613914529828,-0.1563707111284628,-0.05199803341896664
17.015,-0.08229347960026022,-0.15256238127349317,-0.06547083434203096
17.02,-0.11221433544913495,-0.16304302488565187,-0.07875553426450697
17.025,-0.09489795039156941,-0.15264898854909797,-0.055020843035751776
17.03,-0.10214291428831743,-0.15606014201557805,-0.06654342193014351
17.035,-0.09555187219486751,-0.17985144960368282,-0.06416060728172046
17.04,-0.09280110035291494,-0.1562105852124198,-0.07225812368994157
17.045,-0.10381754749609765,-0.17292618185818165,-0.07538908023993175
17.05,-0.09878249101916062,-0.1796214673795531,-0.05392934589735979
17.055,-0.0709671780271871,-0.15453392221947193,-0.08330347779922836
17.06,-0.08344959901007146,-0.171087246875661,-0.07722209099942998
17.065,-0.09640726952432982,-0.1762463642482322,-0.08184801212904129
17.07,-0.09056353076580044,-0.15749735443144586,-0.06621908432360248
17.075,-0.10067159568673564,-0.13692778575610476,-0.06738613293860413
17.080000000000002,-0.10328144182323862,-0.14310428770007178,-0.0723241830167833
17.085,-0.1195377529532917,-0.14669492696850192,-0.07361536690369612
17.09,-0.09539749098526146,-0.14779163537056458,-0.07809566625132636
17.095,-0.107954725610533,-0.15974600713363166,-0.06446253990585497
17.1,-0.10144119756031875,-0.16817958911737796,-0.05178892988484301
17.105,-0.10856703384299923,-0.15520151845387256,-0.06509514287656164
17.11,-0.11471716179563057,-0.17423453398017363,-0.06479725729758062
17.115000000000002,-0.0695382340372706,-0.15421066868173744,-0.05747660558875452
17.12,-0.09598088290796244,-0.15666761128850054,-0.05564251457037176
17.125,-0.08691890518912238,-0.14055794134650773,-0.07368844353664034
17.13,-0.07769831273989347,-0.14013442604739687,-0.07790632608931505
17.135,-0.08494991562996211,-0.15716581633825252,-0.06722714272235908
17.14,-0.08590540850211797,-0.13633620020481166,-0.07360568236065704
17.145,-0.10693541525961725,-0.14601460890659768,-0.07777957228404277
17.150000000000002,-0.10758390737554832,-0.15613501070994495,-0.08876670539808633
17.155,-0.09812546460688064,-0.16529814141947197,-0.0776178091441412
17.16,-0.10184105989150849,-0.1321331132421255,-0.05659418387971989
17.165,-0.08917015435418102,-0.16418782017622433,-0.06123077778752889
17.17,-0.0936202537631086,-0.1473901172814524,-0.05770234302500335
17.175,-0.09439613030666856,-0.13921636471956841,-0.07244417280975157
17.18,-0.09334176301259126,-0.13698354211516542,-0.07618858214510249
17.185,-0.09234096668950958,-0.15922284166447925,-0.05581292075785499
17.19,-0.10035363171560967,-0.15013817441517457,-0.07432604194155897
17.195,-0.10520568787987945,-0.1453412019062207,-0.0804100746452285
17.2,-0.06465107425588058,-0.14420736486196317,-0.0777135636466
17.205000000000002,-0.08541321840318428,-0.14027212796283162,-0.08485642700819343
17.21,-0.09624313679337104,-0.15007620513105485,-0.07386049998341049
17.215,-0.08507843856654605,-0.13535992842640487,-0.08295242013401515
17.22,-0.08351898720623518,-0.13433407434542805,-0.0749310710301685
17.225,-0.09828917499856984,-0.1394899488934487,-0.07358399974250529
17.23,-0.07843006778143646,-0.14000653502414964,-0.07324589607725703
17.235,-0.10082221607088383,-0.1319002584316322,-0.06440703608982455
17.240000000000002,-0.08227653312785664,-0.15581079501090506,-0.07777340102504995
17.245,-0.08738055717850463,-0.1401851053363803,-0.052110999009429476
17.25,-0.09233096488394157,-0.13058588690160697,-0.056230499195621356
17.255,-0.08765931087126007,-0.13888122129113398,-0.0819243639561529
17.26,-0.09080638021483267,-0.13798388541993445,-0.06722217131459782
17.265,-0.10316078123311774,-0.1316052420772737,-0.08086461980371497
17.27,-0.0803070739977441,-0.13117501607332757,-0.07385695175667906
17.275000000000002,-0.09757959501746188,-0.16258137747738743,-0.08289882764891236
17.28,-0.07169424345151196,-0.1335354281765128,-0.04693606297673078
17.285,-0.08674574625952428,-0.13630317006282025,-0.06305665501157781
17.29,-0.08746430642930728,-0.1544703547290862,-0.0520472877094248
17.295,-0.07189083578604887,-0.1402445382243964,-0.06116031385981823
17.3,-0.07084845693743169,-0.13812452268894154,-0.07722920493861539
17.305,-0.06020051262254188,-0.1478482895933182,-0.06299638813525604
17.31,-0.0789522363145777,-0.15983759923088464,-0.05158261401525092
17.315,-0.09538686615432639,-0.16442778905862557,-0.07563342042920411
17.32,-0.0779033746688967,-0.14115274412114545,-0.05302420578513446
17.325,-0.08205273883764119,-0.15684319321480777,-0.061314894990216695
17.330000000000002,-0.08374203881682067,-0.14987594466159265,-0.06116028818650092
17.335,-0.07822014142458406,-0.16548198545119075,-0.07950640483379551
17.34,-0.08932348555927988,-0.14156097526091144,-0.058374285882408075
17.345,-0.10175811500876379,-0.15620559265106654,-0.05904211941920397
17.35,-0.08615036106759398,-0.14100882518343488,-0.0532328873599587
17.355,-0.11052459320982039,-0.1404277850415316,-0.058099195688011425
17.36,-0.09050984229683506,-0.13544945585596035,-0.04427796326771157
17.365000000000002,-0.08237725606574636,-0.14412923910627765,-0.061335196534156054
17.37,-0.067763007398714,-0.1585234069444983,-0.06745090048197382
17.375,-0.06506997479265718,-0.150137514160461,-0.06986521778073639
17.38,-0.09144397223631434,-0.14652631412483494,-0.05350095744905285
17.385,-0.10726684822754952,-0.1581291728813966,-0.0735212634600126
17.39,-0.10505592596933744,-0.14821228523167734,-0.05529859120933144
17.395,-0.10025360730040586,-0.1429415009048796,-0.05713584192220669
17.400000000000002,-0.10427431571344573,-0.12911186469445457,-0.04162682228714504
17.405,-0.10672104787002697,-0.12771979302345995,-0.06572738044620063
17.41,-0.10509951904026253,-0.1256317835828814,-0.06246037572448854
17.415,-0.09510739388082241,-0.12669807188671725,-0.06593739884068117
17.42,-0.10236107728388054,-0.1323412306823641,-0.0647549393950279
17.425,-0.08853049852153508,-0.13113292184913705,-0.06646396402713145
17.43,-0.07165229070521675,-0.12924016898084126,-0.05799977014569216
17.435,-0.07543018974846544,-0.14159757498228764,-0.04842557571304713
17.44,-0.08193084132886841,-0.15369150033517692,-0.047065926459146104
17.445,-0.09674860210819732,-0.12770913705236453,-0.052163305062933096
17.45,-0.09461823147679829,-0.11611231123770407,-0.05911043471290158
17.455000000000002,-0.10070086641694512,-0.13400357185275244,-0.052334923847841525
17.46,-0.08274057138842983,-0.14353073034455616,-0.06272635133834428
17.465,-0.07655518590548802,-0.1535480118710413,-0.04176714496017137
17.47,-0.07636468180528745,-0.15397069459834556,-0.05152211265168889
17.475,-0.08864412297236351,-0.14247094992125658,-0.042045480801952084
17.48,-0.1161267736682726,-0.14108987231759001,-0.05348627117454148
17.485,-0.09008504212562018,-0.1450786862909997,-0.0666095673739223
17.490000000000002,-0.0883811560438491,-0.1561780419016508,-0.06073140073052722
17.495,-0.09395828312286386,-0.15146851825155283,-0.05150243409323663
17.5,-0.11028512697412857,-0.13656909600292683,-0.07705067653027964
17.505,-0.09354628809043589,-0.1463657301794638,-0.04601690053524922
17.51,-0.09615044623563702,-0.1614521921937931,-0.06915032118998353
17.515,-0.0845740676125669,-0.1378264996065091,-0.05678246442825115
17.52,-0.07092314446623271,-0.1451557388779904,-0.05990843764765773
17.525000000000002,-0.07719094679446736,-0.15684517764712408,-0.05542925970143259
17.53,-0.08069488589219898,-0.14763017277114476,-0.039424193605606686
17.535,-0.08632544703453113,-0.16076419987285162,-0.0396888568815525
17.54,-0.09584170707096912,-0.14293605246553323,-0.058871248928808906
17.545,-0.08727672854154994,-0.1310398673754948,-0.058478395479401216
17.55,-0.0691037137343734,-0.17011335933946145,-0.03974466370843652
17.555,-0.09761389415980375,-0.16022496968920819,-0.056998737238482755
17.56,-0.08021805336499357,-0.1387803094924352,-0.05078409770271024
17.565,-0.056690703476084625,-0.12946049226569015,-0.049242522393406735
17.57,-0.08324573939826962,-0.147257648944764,-0.04483552633201357
17.575,-0.07425906869353935,-0.15174553402874896,-0.04847616776246548
17.580000000000002,-0.08419487331511509,-0.1614364513871353,-0.03402111783973259
17.585,-0.08054066069626739,-0.1602284926803594,-0.050781831129483535
17.59,-0.0686747728600305,-0.1344687766758839,-0.06300963712270874
17.595,-0.08182937757603674,-0.1353855359334565,-0.044489222140999
17.6,-0.05746744639715537,-0.14138736430313179,-0.05584309032074265
17.605,-0.086078892679494,-0.12391965374124159,-0.05523989542123488
17.61,-0.06267365608561301,-0.12090214612070195,-0.060123753063618196
17.615000000000002,-0.06447693936780301,-0.14898180408686446,-0.04700973266869365
17.62,-0.07276451359408513,-0.13295432511108995,-0.05037031173264071
17.625,-0.07291110205585366,-0.13036869277548344,-0.04921914256116779
17.63,-0.09078128028563777,-0.14459303925710024,-0.05879576924401056
17.635,-0.08190598793263061,-0.12127529007903497,-0.04262621350854236
17.64,-0.08815671549074408,-0.1505625144064989,-0.042027585537498996
17.645,-0.06934729185237251,-0.14284423916924402,-0.061920307346896
17.650000000000002,-0.0850036518867393,-0.12312297650247575,-0.05397468822321367
17.655,-0.06344860182992662,-0.13269461902102275,-0.04768812225193813
17.66,-0.0857543527276082,-0.143521402704312,-0.047068377352464164
17.665,-0.08466853991029046,-0.13740036254331767,-0.06308691681380647
17.67,-0.051434177944790535,-0.1391315791058469,-0.044417487874122946
17.675,-0.0950779983217682,-0.1420065242611426,-0.03588461144714155
17.68,-0.07722033814590948,-0.1489822824850685,-0.05837844525615502
17.685,-0.07163894009714458,-0.13657169049226708,-0.0550965091446622
17.69,-0.07384161626152251,-0.13392691810135085,-0.07025118527449406
17.695,-0.08628232813756498,-0.13625201843094137,-0.047627219272025643
17.7,-0.059147887787711025,-0.15811055841090144,-0.05334139187484313
17.705000000000002,-0.07212522237858471,-0.1250914782613164,-0.06229604463343386
17.71,-0.09335063101740762,-0.12745427842750753,-0.049724578077531015
17.715,-0.08905941408306074,-0.1368718661567937,-0.06480093425240058
17.72,-0.08228882097806159,-0.13782531720774271,-0.06584977927716573
17.725,-0.09260184680874989,-0.13629662281687244,-0.055755915833926015
17.73,-0.06204482741035128,-0.13204733984196215,-0.05708143527042303
17.735,-0.07754896214477448,-0.12218836530006841,-0.050067603851960386
17.740000000000002,-0.07912100807796814,-0.12564257312566057,-0.0557775240967293
17.745,-0.07914689687720461,-0.11673012638950696,-0.055240690672591554
17.75,-0.06838966721293872,-0.1391257481015573,-0.057532309987075765
17.755,-0.08310466503544686,-0.142408327266014,-0.062037669881010046
17.76,-0.08958335439231678,-0.1464022444956547,-0.0516791982653014
17.765,-0.06459932603851544,-0.13222670229094438,-0.043660410750919205
17.77,-0.07109283420259775,-0.1620461342049861,-0.05867080659821948
17.775000000000002,-0.06218395268783311,-0.1360091122116401,-0.03635807395681056
17.78,-0.0977687501760619,-0.13308379928038222,-0.04739984355144678
17.785,-0.07410485814259511,-0.13871381985946935,-0.0579991575350154
17.79,-0.0905790166935363,-0.13571321311234041,-0.06398398998059468
17.795,-0.07681362503631496,-0.1403031481165064,-0.0592896724834997
17.8,-0.08846277442098528,-0.14679814445645786,-0.06176079779202987
17.805,-0.0867102828225481,-0.1413151590691441,-0.057153339426023075
17.81,-0.07967256462439422,-0.14173360345818564,-0.07064618904304394
17.815,-0.09464991019314412,-0.14140271689114262,-0.05062782980465137
17.82,-0.06882577517307505,-0.13085251381443588,-0.0661314967125784
17.825,-0.08603788400943563,-0.14512411901077016,-0.06273106003257833
17.830000000000002,-0.08593673700432006,-0.1396947591683818,-0.06893101731062212
17.835,-0.07316926722766473,-0.1365325182288102,-0.06529516170091469
17.84,-0.08945310193729242,-0.14331644213777897,-0.08398645704846742
17.845,-0.10447175557779939,-0.1345319287136058,-0.07376672673085995
17.85,-0.07441052546585164,-0.13210380604170222,-0.07009553049175982
17.855,-0.081728898222381,-0.12872370452751716,-0.06935106969184751
17.86,-0.08700323725636512,-0.14205979713125733,-0.04905776570338598
17.865000000000002,-0.07572973947703308,-0.13651211384125214,-0.05615356919762291
17.87,-0.08109938457690781,-0.1541675259363775,-0.059662512514405436
17.875,-0.07114931169352134,-0.149999479239999,-0.06603269202476712
17.88,-0.08457092075759592,-0.1332238033003147,-0.0567666207139761
17.885,-0.07487093110788201,-0.13796230858158245,-0.07025257542578954
17.89,-0.08226329674975444,-0.14697358358058626,-0.04097574800715178
17.895,-0.0918749092062632,-0.15634312352082616,-0.0730641314300607
17.900000000000002,-0.0964589165013199,-0.14433617455757994,-0.053353489688279354
17.905,-0.1028148726182481,-0.1460866266630192,-0.0717754460612913
17.91,-0.10224397054724475,-0.1467540144180851,-0.055402135359072346
17.915,-0.08100858112461255,-0.14596266712195635,-0.05176541018424261
17.92,-0.09333021534294166,-0.15693419170347644,-0.06604873160762782
17.925,-0.05437489556231185,-0.1475299638104887,-0.046114993436927015
17.93,-0.08341315180999204,-0.1511313123966218,-0.07116693490363671
17.935,-0.08883229983097704,-0.12264044945323846,-0.04915910153999512
17.94,-0.06067870653705074,-0.14321749510886028,-0.05962642208922028
17.945,-0.08420157400342927,-0.15060778837547184,-0.07438084127018542
17.95,-0.09699414695456034,-0.14477081596323388,-0.088055823199684
17.955000000000002,-0.08126784432972779,-0.14029704282559147,-0.05411558361483146
17.96,-0.09400252682664642,-0.14566928137670815,-0.0436633275533586
17.965,-0.07171165455040496,-0.14553707618001804,-0.047727577870153186
17.97,-0.08545687929941165,-0.13210180473824648,-0.044331896357626605
17.975,-0.07907791973282677,-0.13306516319205108,-0.05742198275503495
17.98,-0.07663317443682062,-0.13294406666684053,-0.04991929635280416
17.985,-0.09062917991484115,-0.14655917180145323,-0.05708915943781387
17.990000000000002,-0.07790694288584699,-0.17262773876879856,-0.05516933453688662
17.995,-0.07846455413451899,-0.14943442681738045,-0.05839726246926475
18.0,-0.08904895945184504,-0.13116591459518356,-0.04449548207291683
18.005,-0.07364934679751488,-0.12037884708472574,-0.06874980028165072
18.01,-0.07940998188711348,-0.1278764709942753,-0.06258870128300083
18.015,-0.08973780321613256,-0.14382433116737764,-0.0585006502452511
18.02,-0.08040804126043403,-0.14517769530851202,-0.048307638234102446
18.025000000000002,-0.07896139627673861,-0.15743428679688248,-0.06618142555520315
18.03,-0.06023574464801919,-0.13387040216297733,-0.0634196601831868
18.035,-0.07466772145558527,-0.1381709626687454,-0.054351477719006766
18.04,-0.06585590926874908,-0.12880960758046722,-0.05901721467651015
18.045,-0.06243348078908552,-0.13783921331450616,-0.04804701478869754
18.05,-0.08449348549477295,-0.13268154329198328,-0.08221887030041983
18.055,-0.0799276154173532,-0.14411625691863522,-0.05406699959534516
18.06,-0.07701475877406765,-0.14768739747070322,-0.03821187750942679
18.065,-0.05474493269727999,-0.13480959015175314,-0.054075803575970215
18.07,-0.060995234420745864,-0.13496609381990998,-0.049460677635641964
18.075,-0.08650529353691042,-0.13757111774114472,-0.04465895914030968
18.080000000000002,-0.08111223440574764,-0.14251800668742662,-0.03768865557886348
18.085,-0.07705129940608939,-0.14410925850179798,-0.0641287047771357
18.09,-0.0657952729889068,-0.13101508510588855,-0.04751424850340216
18.095,-0.08589530063333824,-0.14238340029168076,-0.055375365256953704
18.1,-0.08839236624094153,-0.1356307472469529,-0.05549576518153518
18.105,-0.07791461284368988,-0.14322530884512935,-0.04442296845415238
18.11,-0.08214026346118622,-0.1413182424523428,-0.06682959826374332
18.115000000000002,-0.06850358255704478,-0.14599401883772525,-0.05152838503914185
18.12,-0.07868237393053945,-0.1557971811174956,-0.049718356018675205
18.125,-0.07621124892927043,-0.13611549278202545,-0.056356987147552245
18.13,-0.08736426188454482,-0.12498313308019383,-0.06904140863215599
18.135,-0.05964653142907407,-0.14834467483419506,-0.07060594081819635
18.14,-0.07117142875985426,-0.1282039529932701,-0.04830954046094081
18.145,-0.06936278702924073,-0.13406021768361373,-0.04983269828387912
18.150000000000002,-0.06766835015016391,-0.148198223551064,-0.052974577453728286
18.155,-0.08017438290696136,-0.1354600122013162,-0.058062191857702575
18.16,-0.07882431548080446,-0.134696086502333,-0.055598821628590145
18.165,-0.08698403592488572,-0.1458715898219968,-0.06411080234045895
18.17,-0.07447022467873682,-0.14459493639128249,-0.044387318745756785
18.175,-0.08362296238644715,-0.14131330599055753,-0.06553445892869014
18.18,-0.07388082118566576,-0.12288484647719618,-0.047194901098152275
18.185,-0.06480142845180718,-0.13364754188711245,-0.035379904979992265
18.19,-0.07840100415389264,-0.12660521078284298,-0.05511744272509819
18.195,-0.07226090360419997,-0.12668279160119422,-0.06361618403000814
18.2,-0.07987915375599516,-0.12967005661999673,-0.04499737477766163
18.205000000000002,-0.08215450508088097,-0.1278263650797925,-0.039799630897226684
18.21,-0.08281948921431047,-0.1229725909328161,-0.048963846031859076
18.215,-0.05899392820347856,-0.1421844321745654,-0.04739184206864824
18.22,-0.06255382372710677,-0.13163232679097273,-0.038886548639769945
18.225,-0.0781350829442596,-0.1267323039980939,-0.0505995758974257
18.23,-0.08028808614938232,-0.12147554887633227,-0.05373440628963381
18.235,-0.0664413487425908,-0.1194662039191908,-0.05767805770053211
18.240000000000002,-0.07318137814604173,-0.12742112750098494,-0.06557644502829145
18.245,-0.07552785565042065,-0.11017700920040627,-0.059120365783366005
18.25,-0.052721028748537596,-0.13448794909739328,-0.051810778467673756
18.255,-0.09724097977741203,-0.11937432382974053,-0.05807241528386285
18.26,-0.09228797123435875,-0.12241362678156217,-0.058233514108407124
18.265,-0.08063520923371653,-0.14074321484620234,-0.05063353792218544
18.27,-0.08642241362050203,-0.15011150788862043,-0.04503631957629474
18.275000000000002,-0.06062779140756419,-0.1264015112394929,-0.08171567488812102
18.28,-0.08934266800122172,-0.13271595945486142,-0.044596499740016934
18.285,-0.0825903280330701,-0.12703673182368866,-0.0445167166879085
18.29,-0.07185819729846962,-0.14746943370310703,-0.0501660291351676
18.295,-0.07373427365870086,-0.14033126397056508,-0.06319943208816123
18.3,-0.06791474974221624,-0.12730787800466292,-0.06511959248200676
18.305,-0.0804986441109352,-0.15094151838855766,-0.057437326924877366
18.31,-0.07589302057938035,-0.1303404111652679,-0.0565243633833527
18.315,-0.06321169023196918,-0.12850610411577296,-0.06394835909969258
18.32,-0.052843470751231844,-0.1295646506367436,-0.06370384412360311
18.325,-0.062442509607552404,-0.1307328612286104,-0.040374094095831994
18.330000000000002,-0.07413418708849243,-0.14467934158003337,-0.046150350701589
18.335,-0.06470860851934633,-0.114732663228373,-0.05647796599592183
18.34,-0.06932596113783873,-0.14274893189951032,-0.061937627271491574
18.345,-0.06665459383120168,-0.14260801157699254,-0.04475216132707575
18.35,-0.0703465856601641,-0.1305328881316358,-0.0554201582259474
18.355,-0.07088874037102846,-0.13768144536137975,-0.04860628507569411
18.36,-0.08769752689369896,-0.10987127719789863,-0.06318841150705204
18.365000000000002,-0.07371438990182062,-0.14212644634903157,-0.05408931708351437
18.37,-0.07045257595238841,-0.1324517747114754,-0.07196513114878789
18.375,-0.0701615532620073,-0.12538508385389674,-0.06951040877454726
18.38,-0.0675801547596599,-0.12693304951694667,-0.04637049765448564
18.385,-0.06915814921186371,-0.1317359251761109,-0.04872627172612265
18.39,-0.0651006692913816,-0.11147281783935889,-0.055348287790672135
18.395,-0.05828243226092998,-0.13967165198922235,-0.03795922969313774
18.400000000000002,-0.07610622082299542,-0.13508376362436073,-0.06323109320797736
18.405,-0.07347954788521743,-0.1281003818771891,-0.04806384672884667
18.41,-0.053744060888795145,-0.1348039763945574,-0.046594186941250296
18.415,-0.06309087552980723,-0.13151033676759516,-0.04500226954753493
18.42,-0.05169634745100669,-0.12444192398432981,-0.042107623391324484
18.425,-0.05500013075092079,-0.1321167226201351,-0.055077118983152255
18.43,-0.07648724404056591,-0.11855754635710362,-0.0635673817581822
18.435,-0.0601395782602077,-0.11526986184788984,-0.05478792197364095
18.44,-0.054463302277474195,-0.14989872599749007,-0.07933096290315952
18.445,-0.050014837626665726,-0.13335272326703762,-0.0565455417573503
18.45,-0.07009895261783328,-0.1186349103016135,-0.050485899872963
18.455000000000002,-0.05327791834786945,-0.13480755191527488,-0.061976996472235854
18.46,-0.06068857961761845,-0.1482250436504676,-0.057661252598678735
18.465,-0.06732504924100843,-0.12436935318664306,-0.0606072083101988
18.47,-0.04862214337434058,-0.13705772709350109,-0.04463549341410207
18.475,-0.07738347079646968,-0.13158551316958533,-0.0349688089566582
18.48,-0.04632988868714106,-0.14501455407279462,-0.04869445140390683
18.485,-0.042392587388035585,-0.11594963713845681,-0.0497891562050741
18.490000000000002,-0.06461675928050722,-0.12607002513663101,-0.06815033527189233
18.495,-0.06071785781134968,-0.134260251264245,-0.044154745783870714
18.5,-0.06956791193413234,-0.12584935397641983,-0.042466528035767635
18.505,-0.06466380437032851,-0.12901977923586275,-0.054123904885731496
18.51,-0.05022275414835408,-0.12912114265397265,-0.031272969288097696
18.515,-0.0707633767394776,-0.1226536764637064,-0.04299649522816949
18.52,-0.06480896719760601,-0.1208424038231192,-0.053225321607336534
18.525000000000002,-0.056469763918405455,-0.12609825429861796,-0.06707847594575223
18.53,-0.04044778196877771,-0.11352172956717281,-0.06190353658081265
18.535,-0.044236283058943844,-0.13445570889825792,-0.04477471945179162
18.54,-0.05731731007239846,-0.13360476549564912,-0.04635149787984997
18.545,-0.06224054266023535,-0.12457217128316514,-0.0642283785070223
18.55,-0.06119157232073871,-0.13543372541179155,-0.062452069062060044
18.555,-0.05200588705665168,-0.12147554459725603,-0.044204097789984034
18.56,-0.051764623378834626,-0.12302503450319842,-0.06314823626650817
18.565,-0.03730186463303854,-0.13490174491235468,-0.0611151154106249
18.57,-0.04850661165343775,-0.12807562670796976,-0.054473378204925066
18.575,-0.05971204115158059,-0.15464113439256788,-0.054788169893252484
18.580000000000002,-0.04999772437212087,-0.10814136068967864,-0.040413319710390076
18.585,-0.04795500108396568,-0.1387127042211643,-0.055659200907510434
18.59,-0.06201173945720226,-0.12717058955969243,-0.053797908843774264
18.595,-0.056235372253462285,-0.13689536584260523,-0.06924951106026508
18.6,-0.07184292290367997,-0.1297866315296299,-0.047716097449055084
18.605,-0.06433328382066902,-0.13037669901344728,-0.04557285850215443
18.61,-0.06148208775863261,-0.12032097363290206,-0.05185719045474995
18.615000000000002,-0.07764505864889251,-0.12593709567158334,-0.05296014449073779
18.62,-0.05560792767257998,-0.12154596071006327,-0.0605231980293949
18.625,-0.050070328650500366,-0.15063636644730355,-0.08014271768730273
18.63,-0.04832493329159817,-0.13651122687849704,-0.07170740960709993
18.635,-0.06129276767522603,-0.1349610115067907,-0.06257454053837888
18.64,-0.06500670405107911,-0.11702576125807801,-0.059938713739431035
18.645,-0.06447155613348304,-0.1228234652040714,-0.06421463266023737
18.650000000000002,-0.05086438870222386,-0.14222662679969694,-0.05790807235003839
18.655,-0.04993949551755911,-0.13184289237243954,-0.06534603413014345
18.66,-0.047686040295969644,-0.14208831614889672,-0.05119343946247612
18.665,-0.054988538622529365,-0.13675848558607714,-0.07660241214131688
18.67,-0.04881387484023263,-0.14008297543210027,-0.07359166230263306
18.675,-0.04434303528008841,-0.11986688403668153,-0.06148861432508371
18.68,-0.03795019938616341,-0.12832614290212124,-0.06735873713367369
18.685,-0.06318828167068424,-0.11893549918381935,-0.05058093410145292
18.69,-0.06979211338887904,-0.14329651831938775,-0.06156038805967795
18.695,-0.06273769392830353,-0.13275781060450553,-0.06538527897672766
18.7,-0.06258270260003898,-0.13772853810677832,-0.06895324299397743
18.705000000000002,-0.04519081661464753,-0.1284052993928009,-0.06953697625143801
18.71,-0.03739885192600415,-0.10492977496428688,-0.06588899269882248
18.715,-0.0695880122359398,-0.12254569894356432,-0.045848099678077625
18.72,-0.051519311563515614,-0.14262380268692162,-0.05568539324741552
18.725,-0.06375743097033543,-0.13568124217505767,-0.0654033549691391
18.73,-0.058582137999773555,-0.12398760223565608,-0.054614868423060854
18.735,-0.0666287807166868,-0.14556868927812278,-0.057173867939547034
18.740000000000002,-0.0550689287686391,-0.12876227625477063,-0.04426637826130524
18.745,-0.05029641559125745,-0.11610722389927294,-0.05173927682273645
18.75,-0.060785696514308124,-0.13388497601226385,-0.034477545003310336
18.755,-0.05417739235507406,-0.1231540730020089,-0.05331175110791015
18.76,-0.052732533463760105,-0.11359010798261292,-0.050292914113031634
18.765,-0.05266375227712777,-0.12011675007363354,-0.053043217490689985
18.77,-0.055548060557450665,-0.14002977948046186,-0.03014109720345084
18.775000000000002,-0.06928137783869391,-0.12797176663611148,-0.06761464330322295
18.78,-0.046861702505233,-0.1325999256879912,-0.05630321454827711
18.785,-0.04569601259589992,-0.12638019042664245,-0.054936446543501515
18.79,-0.05201530309017971,-0.13625066791568774,-0.04074537081909667
18.795,-0.04662444321603053,-0.12052310730673994,-0.06568390326213493
18.8,-0.04899031325461947,-0.10532453670195739,-0.04415547918784978
18.805,-0.05877093591739665,-0.11613812545272872,-0.03686075836933493
18.81,-0.060457331020798845,-0.13720125187869173,-0.04265994284866169
18.815,-0.05828771779966047,-0.11194678446462894,-0.052141005717855154
18.82,-0.047206267629657454,-0.14598128857717396,-0.04733760824702137
18.825,-0.06114282046854457,-0.1335183227010558,-0.04077415813020861
18.830000000000002,-0.06834971912929938,-0.1456381038196346,-0.04030877238299872
18.835,-0.08537485080521492,-0.14429100783378562,-0.053926590008634555
18.84,-0.039096825509309235,-0.14823728603876307,-0.0475584993302785
18.845,-0.060257925518306464,-0.13633220952209832,-0.046587039651743226
18.85,-0.03357090922838681,-0.13637046067283334,-0.036747202148530736
18.855,-0.06624820346734368,-0.1353518298896979,-0.05034216228371426
18.86,-0.06069862454875928,-0.147577510495542,-0.04026927376144817
18.865000000000002,-0.041821073289318875,-0.1464862838275348,-0.0569370795126292
18.87,-0.06664027257188729,-0.14776327525113592,-0.05319671718736772
18.875,-0.060850641959017154,-0.14214403824128777,-0.02871651785363201
18.88,-0.06425572840885813,-0.15086785699951788,-0.04913995396455727
18.885,-0.06593633457371492,-0.12425883728355189,-0.05753800348568179
18.89,-0.05028223447820186,-0.14045670101745011,-0.06694442157530466
18.895,-0.0562169798653422,-0.11298995205813235,-0.05740812458179154
18.900000000000002,-0.05914773206094928,-0.13275350505073047,-0.05379751216639126
18.905,-0.05698874550816124,-0.13290832037817552,-0.05610607532431389
18.91,-0.06140644638002394,-0.14550248433782204,-0.03176828721807591
18.915,-0.07367446725515026,-0.1515142960625841,-0.05808896551808132
18.92,-0.06626283232613361,-0.12312572746971845,-0.0678791418572083
18.925,-0.06213675637577738,-0.14846070657060098,-0.06039371119297332
18.93,-0.05167927376839257,-0.1390097666564586,-0.04977407859502059
18.935,-0.04764945062895282,-0.13767686439293356,-0.0445629248944419
18.94,-0.0602703280471459,-0.13549068187361826,-0.034106214554458836
18.945,-0.07257187897437424,-0.1308036100764701,-0.054349528810177836
18.95,-0.052947051313009544,-0.14299131447127747,-0.045357024439606895
18.955000000000002,-0.05701295898712077,-0.14026548114648976,-0.06276178448128182
18.96,-0.06495225386421173,-0.137210535768177,-0.05729053504168968
18.965,-0.0588032853158081,-0.1322739131875747,-0.0454340002714478
18.97,-0.0683277044181667,-0.13366702364581723,-0.05961171638279868
18.975,-0.05522443461744003,-0.14767247959582713,-0.06292419651516296
18.98,-0.061153235213060826,-0.12768998241353585,-0.03638338674282133
18.985,-0.06801293223487155,-0.1096454334502803,-0.04791439048638248
18.990000000000002,-0.06044507966605378,-0.13424019819185745,-0.058175436904712316
18.995,-0.06715040064104558,-0.1200882756405692,-0.034292562544635356
19.0,-0.044901959269188677,-0.13625024999151608,-0.05105077661256552
19.005,-0.05470308238623197,-0.13543171465321666,-0.06932730507077696
19.01,-0.06307731109026207,-0.13337829988244548,-0.05136234048242042
19.015,-0.05769663569425358,-0.13233431792843425,-0.036711847990922794
19.02,-0.05726180761539198,-0.1340108642292302,-0.046363811923459404
19.025000000000002,-0.066447496096581,-0.11554185516378292,-0.04388943401914768
19.03,-0.045355558298569715,-0.12754708876679813,-0.0551166925865452
19.035,-0.046953108036229256,-0.14571847161231502,-0.05652004491301085
19.04,-0.04253056264746322,-0.12647465667005234,-0.032433509144015396
19.045,-0.04212950279921161,-0.11897058553117792,-0.0525201340872892
19.05,-0.0504639799182983,-0.1245668879637994,-0.03147149725818241
19.055,-0.06337987388635646,-0.13633656615751205,-0.045636792428731116
19.06,-0.04863606273893115,-0.12448668880732201,-0.03356109746353633
19.065,-0.05604301163900616,-0.12252385723675746,-0.05437760821725521
19.07,-0.06063233218252181,-0.14206669936755706,-0.0317791819143732
19.075,-0.06119966771330344,-0.12943920447239154,-0.052009087546235885
19.080000000000002,-0.06906851011511067,-0.12152491499825865,-0.05252010535947764
19.085,-0.05788883779211642,-0.1298164641018991,-0.028051523909501448
19.09,-0.0672291088225853,-0.14058300659650022,-0.05029510275959172
19.095,-0.07095493398130928,-0.10796903278690392,-0.07048207452326807
19.1,-0.0488675559572976,-0.1402808529958342,-0.06595927231921146
19.105,-0.04887464617244992,-0.12441791751986242,-0.05141401166443821
19.11,-0.06558846957451656,-0.1307447533325989,-0.06452178503216065
19.115000000000002,-0.051332639036546016,-0.14023294678454742,-0.059227875487005546
19.12,-0.04389595329400363,-0.1179379407666091,-0.0566311769312056
19.125,-0.051654730575378185,-0.12362884387571112,-0.041186894900637205
19.13,-0.07291277694233184,-0.1278228520544945,-0.02506336443627687
19.135,-0.07603927851261919,-0.12026816326426376,-0.05680784120537266
19.14,-0.05513324691058763,-0.12373885929330848,-0.047132806091656765
19.145,-0.05800819333825899,-0.1331479908808966,-0.05262620783408462
19.150000000000002,-0.05935427339775254,-0.12354308108736209,-0.043598700016090765
19.155,-0.04385114223615166,-0.10004420809976065,-0.045845316561137356
19.16,-0.05289076221782344,-0.11946351723704475,-0.036239266824824534
19.165,-0.06759258183082331,-0.13022034958056788,-0.0367821423236513
19.17,-0.05079774042793338,-0.12199444107155986,-0.03159578878827428
19.175,-0.04850560790138707,-0.1006681304675994,-0.042004178815128156
19.18,-0.04115530678864383,-0.11145192812991611,-0.04716826086245202
19.185,-0.05157336052985276,-0.12871020652241383,-0.04377472352583858
19.19,-0.04561141656717111,-0.12636566833515472,-0.048633891030554544
19.195,-0.05960839636685337,-0.11971712435132252,-0.041692113424354374
19.2,-0.05229132107853143,-0.11007453131893336,-0.05383197231057554
19.205000000000002,-0.04005731355233022,-0.10695240945621012,-0.03997250446136466
19.21,-0.0339688299544377,-0.12609887189003038,-0.047532474374213304
19.215,-0.03890699866707888,-0.13482122192074986,-0.03880460683130124
19.22,-0.054443264868317354,-0.11507394846035426,-0.049530010515635665
19.225,-0.046700371821438644,-0.11473866841814617,-0.041846959255123814
19.23,-0.04977777196847422,-0.1123190139181752,-0.0255396454191966
19.235,-0.044746934418007325,-0.14475526818154044,-0.026309935724822944
19.240000000000002,-0.0524402432447142,-0.10935388727392947,-0.04239728866234538
19.245,-0.05442038442599344,-0.11561946725074641,-0.057329092279251044
19.25,-0.04601605461107146,-0.11942407532165081,-0.03497775173423126
19.255,-0.05527572368458368,-0.11359744097893182,-0.013253387319665529
19.26,-0.039959165321583424,-0.14194914502363293,-0.029073935343359492
19.265,-0.0344361101694932,-0.129154045616752,-0.04044471860284479
19.27,-0.0653257954097727,-0.12016036390994234,-0.03312391016623058
19.275000000000002,-0.041889184272634536,-0.12968708444177476,-0.03140148740143469
19.28,-0.04253405097206845,-0.13465486292342718,-0.03676740053589873
19.285,-0.04139198759377441,-0.14262641575228974,-0.02249287089599155
19.29,-0.05926949251250701,-0.12846380001747634,-0.016503697407170094
19.295,-0.04720001448370254,-0.12246177429834061,-0.03378369385194681
19.3,-0.05610412804219519,-0.12978420721087136,-0.03541596888206477
19.305,-0.04707544104739146,-0.11344020091658491,-0.019227981794732785
19.31,-0.07259121043145128,-0.11241832912307255,-0.027313743367324554
19.315,-0.06882212781295861,-0.1259523244249287,-0.010919707089852277
19.32,-0.05586782376536729,-0.11677543999640796,-0.056374660512539476
19.325,-0.05569912838389472,-0.13254534885271932,-0.04294537534852172
19.330000000000002,-0.057008234360653144,-0.12875765119175542,-0.02510141573486562
19.335,-0.03127809663893606,-0.12522423611917577,-0.028243477401068737
19.34,-0.056427509374991275,-0.13709208247589147,-0.029391766178547246
19.345,-0.0444509770766466,-0.12538729525737904,-0.034533122653260716
19.35,-0.048984143299277416,-0.12331326000424517,-0.03535714931988295
19.355,-0.05862718713435583,-0.12389876714734219,-0.029618669966124746
19.36,-0.06508486087699233,-0.11419288217814759,-0.015302175831099479
19.365000000000002,-0.05222488598100938,-0.1337311141713155,-0.06325951427773309
19.37,-0.04217774229688343,-0.12124191904892898,-0.026814580020147638
19.375,-0.06818224190697857,-0.132507628243031,-0.03671554703867955
19.38,-0.07326722671436339,-0.13314076689583543,-0.02614858332060029
19.385,-0.046953924685285864,-0.11617742818101087,-0.017288608281138703
19.39,-0.05296918434810929,-0.1280294180381786,-0.047121618964955835
19.395,-0.05930647160242193,-0.12929945051437003,-0.04195460724871275
19.400000000000002,-0.04981352351537127,-0.12907438436856888,-0.048968683452606056
19.405,-0.05740919859493685,-0.11134160221487052,-0.04225165768716126
19.41,-0.060772503421226635,-0.13044011066783712,-0.02073217897455671
19.415,-0.06766900344641569,-0.12454056107030427,-0.038548994560808916
19.42,-0.06589187910885845,-0.12958910877206642,-0.03135847199242995
19.425,-0.059166888852478464,-0.14590566663613194,-0.03728992274115325
19.43,-0.056105243231797275,-0.1308836595297745,-0.02789322698804761
19.435,-0.060054243018473646,-0.11973330963201907,-0.0315532882042324
19.44,-0.05038472967552025,-0.1154846935659439,-0.048928569621022794
19.445,-0.0527818951260693,-0.11767619940580876,-0.0497715337495349
19.45,-0.05070230318098186,-0.13991938213508817,-0.05502799059093886
19.455000000000002,-0.06298668203556958,-0.13088602570673127,-0.042346179876205654
19.46,-0.06320308761751375,-0.12960372689311545,-0.04105463464567929
19.465,-0.05881691777730925,-0.12969279214386042,-0.02435993646402087
19.47,-0.049752782080291345,-0.15579041555461487,-0.02696583844644013
19.475,-0.07614998943636643,-0.13725841593296675,-0.04578508276477439
19.48,-0.0629550849338637,-0.11610609487271914,-0.03819617331060107
19.485,-0.04838496569697988,-0.13462366724811967,-0.014876107474788897
19.490000000000002,-0.05281807301937761,-0.13450837839179472,-0.028957127700999664
19.495,-0.07867743589927144,-0.12452379669040647,-0.027175662650730147
19.5,-0.05098810724119275,-0.12713778018372343,-0.027860257806068236
19.505,-0.06715538037814452,-0.12175447292572428,-0.04351070753914463
19.51,-0.04495066275191966,-0.12650351273521912,-0.03827521761429024
19.515,-0.06707072992822194,-0.13892520105676182,-0.032118674680214405
19.52,-0.05314129496434836,-0.11462825899224452,-0.04291526854802517
19.525000000000002,-0.07562618540389127,-0.12323982584841442,-0.04102756105658538
19.53,-0.04904612461926997,-0.13145808293324598,-0.04336275622768759
19.535,-0.0705652786100636,-0.11775738248640022,-0.027632235844636078
19.54,-0.07486896880282862,-0.1293805719501704,-0.03283982171631142
19.545,-0.06449991663545118,-0.14349054043613546,-0.038924811500453294
19.55,-0.050657212534426566,-0.13040369596157395,-0.045143601017503955
19.555,-0.06215884544914271,-0.10364789689135412,-0.030934794804969017
19.56,-0.049310258122440026,-0.10268490727644146,-0.03268567431954713
19.565,-0.08178487264215092,-0.12021779552323347,-0.01958457557054225
19.57,-0.0614330692842555,-0.12865244966624909,-0.025007462018513445
19.575,-0.08565756103148497,-0.1167743799092387,-0.04452485045299775
19.580000000000002,-0.05922683831738437,-0.11489831200657971,-0.03668686477747922
19.585,-0.06329363608165531,-0.12307219193964394,-0.04499269176271297
19.59,-0.06434200143465064,-0.11624013196775454,-0.02762500297284754
19.595,-0.05830115142108309,-0.11694806384179793,-0.0250910853739802
19.6,-0.05806520298544247,-0.11627434870015382,-0.04349026347649957
19.605,-0.06626554499228397,-0.12948715452121104,-0.044246267053606375
19.61,-0.051102470670182656,-0.1350113053781435,-0.02903190778526714
19.615000000000002,-0.058076513820344934,-0.12955371700828164,-0.03767688459916752
19.62,-0.058037510739953724,-0.13603231573878363,-0.044330158887665366
19.625,-0.05921303550581453,-0.13187349135147725,-0.03468135046001666
19.63,-0.07198083672033566,-0.13340410151338275,-0.03261381746149079
19.635,-0.07059515192392803,-0.1351921216477147,-0.03940071409674757
19.64,-0.06654603275715071,-0.10477324671359599,-0.015370001903597694
19.645,-0.05384609208332763,-0.1246263732609951,-0.041670771055794906
19.650000000000002,-0.06636281282717985,-0.12097955714645474,-0.029177563912746715
19.655,-0.07481099909427656,-0.12877477735588516,-0.021761387188863893
19.66,-0.06533838232743511,-0.12824338436407354,-0.03005783294782282
19.665,-0.06364699781839984,-0.12699283681170487,-0.04769536708203528
19.67,-0.07205562062979397,-0.12275230163072878,-0.011197823680376648
19.675,-0.053366170553662044,-0.11229021434827376,-0.02271730402787192
19.68,-0.06438395670187466,-0.116755606835349,-0.024576261093409994
19.685,-0.0784248936886567,-0.12472895010822825,-0.02128676758278613
19.69,-0.06193971359734876,-0.12370444447550417,-0.009262593102773376
19.695,-0.04184356725823729,-0.10300700934490709,-0.03137032941981102
19.7,-0.04846816414401568,-0.1133883560650973,-0.021853589393778135
19.705000000000002,-0.06721175854591467,-0.13240075260673517,-0.02705662766257877
19.71,-0.06649505197135679,-0.12378263369051215,-0.03376857712940411
19.715,-0.06864447265416276,-0.11077492458353698,-0.031606604279091025
19.72,-0.04267617530062521,-0.13655026946803453,-0.03471761959097535
19.725,-0.07385217021842318,-0.11691882631302775,-0.020665800040380673
19.73,-0.047245944835844995,-0.13060706323669877,-0.023021928910980018
19.735,-0.06058984224943909,-0.14212233877869865,0.00029995928242525574
19.740000000000002,-0.06812288170015507,-0.11318740076812336,-0.03075588935673569
19.745,-0.0712661712650787,-0.11407312309000542,-0.015531007960122108
19.75,-0.06615989961804306,-0.11744609365577191,-0.0241718376613052
19.755,-0.05414785938711292,-0.11562048424873517,-0.007148825787314166
19.76,-0.060843808749835665,-0.11730373504100386,-0.02138875406092445
19.765,-0.03594441232635656,-0.1338438273861121,-0.021646647146913015
19.77,-0.06377041163400682,-0.11925106095423381,-0.019830093695506784
19.775000000000002,-0.049739291588167395,-0.12078543987694934,-0.02512242816797322
19.78,-0.06974341989306188,-0.11158655848280405,-0.01405223654327578
19.785,-0.04428647829322252,-0.13144658100309628,-0.014938435862450286
19.79,-0.06688120282129138,-0.11168767915479526,-0.03647760942270402
19.795,-0.057549850381479375,-0.11516306270829624,-0.023851111746738853
19.8,-0.04767705728233397,-0.11794949711926203,-0.011448605760484013
19.805,-0.08283909257916236,-0.11715623671847133,-0.015355196250019701
19.81,-0.07236356695058359,-0.13008252514079016,-0.025142018220994468
19.815,-0.08301587672431462,-0.12392095802835601,-0.010199392566503726
19.82,-0.06897419598832674,-0.11702952313986352,-0.01625376955822066
19.825,-0.0706717422896853,-0.11303034989310118,-0.021435923676576582
19.830000000000002,-0.0710523353043825,-0.1216169359324289,-0.023384728735563742
19.835,-0.06804542365546848,-0.10836668709080478,-0.019680974361251696
19.84,-0.06457613378950472,-0.1133736567400358,-0.027464180572277324
19.845,-0.06213832467407687,-0.11259257308153867,-0.017576978116381918
19.85,-0.0713518985485612,-0.10821600771947101,-0.018846651456026008
19.855,-0.07289126995429061,-0.1266197177415288,-0.0317635494364929
19.86,-0.054222776372711314,-0.10133130731907676,-0.008927693622947602
19.865000000000002,-0.06639048632693251,-0.12976943150925258,-0.013273943023651034
19.87,-0.06077591981301147,-0.11080756811400605,-0.00732027798521304
19.875,-0.05919433290052227,-0.12396682462364188,-0.0008130891671732799
19.88,-0.07366760171539428,-0.10742325273977257,-0.022527424594867458
19.885,-0.06656252576370462,-0.10593215001203696,-0.018751281212730862
19.89,-0.0663788716311583,-0.13279483192015518,-0.02560668457267967
19.895,-0.04426478611728065,-0.11144010557675152,-0.005674899952580598
19.900000000000002,-0.07601589495201373,-0.10720770068417182,-0.012870642743567067
19.905,-0.05832459322937052,-0.09916097608928427,-0.02034732932410553
19.91,-0.06881878140373889,-0.10937616166797814,-0.02756382705948705
19.915,-0.0713651233202405,-0.11726399254031245,-0.002288256652442016
19.92,-0.07117438252332065,-0.11585763175015643,-0.006712120859539393
19.925,-0.05151784956772529,-0.11814599446264272,-0.010840457802244952
19.93,-0.0488938871626208,-0.11483929145598028,-0.008838670948666864
19.935,-0.05655075819646479,-0.10896080555057243,-0.008391792931145173
19.94,-0.05284013465286783,-0.10080097920035015,-0.002308945631403665
19.945,-0.0659465029326552,-0.11125271929633783,-0.010347166087654552
19.95,-0.05411278130587609,-0.10868892302985915,-0.011781890538939067
19.955000000000002,-0.04782143766696386,-0.1142635564226012,0.001281542092689169
19.96,-0.05118167413657862,-0.12172099120992641,-0.01140651816121193
19.965,-0.04994756626736281,-0.11179430076482749,-0.007963624365137052
19.97,-0.04332351486806551,-0.11283213681551224,-0.006340233317705196
19.975,-0.051315123371915586,-0.10875808406756446,-0.022697218540461386
19.98,-0.06444654075795364,-0.11213860453996974,-0.016974330785908882
19.985,-0.05615252121971549,-0.10991618414597124,-0.005050628650439516
19.990000000000002,-0.06084388624865406,-0.11260893148878638,-0.0018199071748868437
19.995,-0.07332892789930627,-0.1170730462457998,-0.016831527221700494
20.0,-0.07015129543380888,-0.11950624657875467,-0.005295233812375403
20.005,-0.06445293046769034,-0.11099324567850236,-0.02278934211166089
20.01,-0.048380091286323104,-0.10953619777407494,-0.019392907949163343
20.015,-0.06959828854117549,-0.10694419385652117,-0.029160001319200875
20.02,-0.07847110576522423,-0.12305475349056794,-0.008644354656174663
20.025000000000002,-0.05706653685810121,-0.12163397212154431,-0.013099061903372167
20.03,-0.07396907499870936,-0.12478094395262557,-0.023233549009233388
20.035,-0.0801501170956678,-0.11014655808782631,-0.03195696188770395
20.04,-0.06744562962271825,-0.1095205572521101,-0.014549280159230397
20.045,-0.05679268081405988,-0.11627791429836837,-0.008373295284655604
20.05,-0.05438705953803863,-0.14060662503829705,-0.0073526499390714276
20.055,-0.05478375646481359,-0.12264693406283148,-0.010615344229080174
20.06,-0.040710360424796144,-0.1210094292740124,-0.005084659922303333
20.065,-0.07398790936648848,-0.12671399758344745,-0.018411724127625557
20.07,-0.052509923866583506,-0.1132837788071697,-0.014258028688402178
20.075,-0.061325740885918446,-0.10987859495700411,-0.03242189020308425
20.080000000000002,-0.06879046862622976,-0.1072704934364027,-0.0036046527651286443
20.085,-0.059557734311350446,-0.11063032010616468,0.001069959430590215
20.09,-0.04596057809793906,-0.09692280932266097,-0.012510948982763
20.095,-0.0549988204923081,-0.11161685766092307,-0.02531376569526762
20.1,-0.06971985270685246,-0.09223906194361804,-0.02907729892550313
20.105,-0.0640439290914316,-0.12246783689760396,-0.023602084985451275
20.11,-0.0700666137957069,-0.10805299846417563,-0.013697023316891817
20.115000000000002,-0.06927492464986801,-0.12234299207742838,-0.029104803845339075
20.12,-0.06935175158808254,-0.1066288884067306,-0.014897070824144477
20.125,-0.03298662263068592,-0.0983735886686043,-0.0034675559316741204
20.13,-0.06742892921116328,-0.11497374243848299,-0.015377620648367844
20.135,-0.0474088759970817,-0.08945988926780425,-0.01835315837933768
20.14,-0.05461569786465677,-0.1175997664564568,-0.001907461817901454
20.145,-0.07801053928870857,-0.11240635335488548,-0.02585297495585764
20.150000000000002,-0.042333864788889605,-0.09647422895214733,-0.020792860615336622
20.155,-0.057721841052678365,-0.09026377055291415,5.9424631583192625e-05
20.16,-0.029898889724998552,-0.10320997079383004,-0.001314738227081341
20.165,-0.058245318433042544,-0.11360693288389523,-0.02197849106620429
20.17,-0.047211646791331136,-0.10646494526123956,-0.009425240869863794
20.175,-0.06690987708471009,-0.10941299551337097,-0.014503174824018004
20.18,-0.054110605006333905,-0.11156093858389028,-0.008222704824495199
20.185,-0.04685939145383909,-0.0817448875809933,-0.014898461915236454
20.19,-0.05576834703955223,-0.08673948978120305,-0.013232307265580157
20.195,-0.06090144676763808,-0.10506529330520482,-0.011512068642067445
20.2,-0.0442861686435896,-0.11364378731907118,-8.18796121201705e-05
20.205000000000002,-0.0573889285631483,-0.09359749136670516,-0.02370535334617748
20.21,-0.03971841673862222,-0.1281473551673275,-0.009003052540167065
20.215,-0.07367789696147072,-0.11886428716816441,-0.020183266790891986
20.22,-0.06231442802660073,-0.10366146276223526,-0.0028728205942905385
20.225,-0.06713300469940471,-0.10557694311080122,-0.006929282792532118
20.23,-0.06223243603692542,-0.13501724877987636,-0.02391616088916772
20.235,-0.03664864432295149,-0.10634141255927664,-0.014479752113519425
20.240000000000002,-0.0656440851341436,-0.11757560215457921,-0.005682088085119458
20.245,-0.05644573589942736,-0.11178710491297539,0.0037744420942968024
20.25,-0.05280088808388802,-0.11696379640098611,-0.015040888837607347
20.255,-0.05087244709535651,-0.10541789044856781,-0.00041993128519318343
20.26,-0.041203697725170914,-0.11452517186990646,-0.011349085301608976
20.265,-0.048879425353053146,-0.12543529814345505,-0.0057210240153225365
20.27,-0.045226115100039384,-0.12302834472089917,-0.01597982625986368
20.275000000000002,-0.07604068044707342,-0.10790698215246036,-0.020144467652774306
20.28,-0.05636969641280736,-0.11579239555493422,-0.011789434280393158
20.285,-0.05422296299763659,-0.11150911661222554,0.004065954744383343
20.29,-0.05534173554989534,-0.10520856550577559,-0.0029879512844606625
20.295,-0.05924115539447224,-0.12100524527230949,-0.025864375791723477
20.3,-0.048353019827605634,-0.11373422709276308,-0.002861952131884799
20.305,-0.04907124366746179,-0.11427167881232714,-0.00414258147282362
20.31,-0.042143345094685696,-0.11048806553376055,0.000885057472796949
20.315,-0.05156640707272886,-0.1068789469227238,-0.01624201697619993
20.32,-0.05583689361507959,-0.11533590585811412,-0.019447113787153244
20.325,-0.06947096416790463,-0.11318245685374383,-0.005402766724461001
20.330000000000002,-0.05319930825675036,-0.12639905008640903,-0.013432982205891803
20.335,-0.05428218446041577,-0.09712881753446823,-0.0032324831729732134
20.34,-0.06050015473669271,-0.11437102770609621,-0.016351727059511264
20.345,-0.05474977360347392,-0.12774245604534407,-0.015953596286736378
20.35,-0.07364619503459505,-0.11786599221174085,-0.013576647126064365
20.355,-0.04901025182282777,-0.12421738164473478,-0.022776825397449123
20.36,-0.048410703530465074,-0.09813337573552282,-0.009534868061518566
20.365000000000002,-0.05511785485300899,-0.10840130315899385,0.0027272699801182566
20.37,-0.055408585423706844,-0.1269728296156396,-0.031406190514733215
20.375,-0.06466490722646208,-0.10793151651396234,-0.033248340226528075
20.38,-0.059213483501581926,-0.11955338915900703,-0.022803590347569697
20.385,-0.04316179173198371,-0.13082123319490793,-0.015601188697524325
20.39,-0.05395458268157083,-0.11387878154061622,-0.020849441046017367
20.395,-0.057865031450495666,-0.11667191772082156,-0.025624877172785596
20.400000000000002,-0.06958944302650456,-0.131404841838982,0.004576084225194534
20.405,-0.06193481943994129,-0.09750859861498523,-0.01988477797217697
20.41,-0.06883518614895191,-0.11513014872190615,-0.008420356553088487
20.415,-0.06559806351953519,-0.13294421531726963,-0.0287896560397114
20.42,-0.05653433603160403,-0.11295300499691979,-0.009154966883387091
20.425,-0.06192105191749078,-0.10384261720295498,-0.019154841141827125
20.43,-0.0565752888780866,-0.12039035797771588,-0.04666258443825472
20.435,-0.04340027798368319,-0.12631605383241196,-0.03304052815835122
20.44,-0.038802263359210526,-0.12958560430987093,-0.010767741735072332
20.445,-0.057082741611075336,-0.10129009825164233,-0.015950613575697842
20.45,-0.06185697158206073,-0.09416542275599868,-0.0022485604688323845
20.455000000000002,-0.04516053278367404,-0.11214245631442904,-0.0014858919302690038
20.46,-0.040747235190000564,-0.12306858075677705,-0.016251686292909222
20.465,-0.04267588686719574,-0.10790234622197037,-0.011557285220784412
20.47,-0.035441122861593316,-0.10806872264467744,-0.019366893828539847
20.475,-0.04825946023755868,-0.1182495312812548,-0.01778684435111771
20.48,-0.05409639080445747,-0.10739075557699375,-0.022533661508753643
20.485,-0.05625347031979946,-0.11327865057440316,-0.013541704547242794
20.490000000000002,-0.049276814933626394,-0.1356342010780968,-0.0019504712163540584
20.495,-0.04486349684690354,-0.11267719186461239,-0.012960864879427676
20.5,-0.04960590759787097,-0.11545722863502952,-0.01340537235309059
20.505,-0.04804844171464763,-0.1068458195332968,-0.02120469842035754
20.51,-0.04960927974533971,-0.11307132862531799,-0.02094098072894475
20.515,-0.03445251844653501,-0.11709062417556308,-0.005086897553996789
20.52,-0.02858386367441494,-0.1030162942747025,-0.010862997234116207
20.525000000000002,-0.019327546752772602,-0.10623677378459331,-0.02446051285128363
20.53,-0.017331069857930044,-0.11310452965655711,-0.00820212463219249
20.535,-0.03490332016203406,-0.10685935530334274,-0.015013578922867648
20.54,-0.04701741239655272,-0.12365854245986937,-0.026933590179363004
20.545,-0.049275095017505995,-0.11487920389436988,-0.02968242740353902
20.55,-0.057494879322669536,-0.1104880100238241,-0.013884303020190643
20.555,-0.04560847355787352,-0.1184475055278203,-0.011269289257495645
20.56,-0.055355633158671445,-0.10426201307009383,-0.029849705234689963
20.565,-0.04764796762243348,-0.11064338059822038,-0.015895906186064013
20.57,-0.04817668799893717,-0.09729618204186319,-0.006081170958045844
20.575,-0.04273846945311345,-0.11721727270537585,-0.026994062878333284
20.580000000000002,-0.02847164196744162,-0.12887216803412113,-0.005221677986798869
20.585,-0.05223766187153457,-0.09839686449452298,-0.023939183548409716
20.59,-0.06005852550482113,-0.11709096101777493,-0.017443219639930303
20.595,-0.04127131409111234,-0.1175225032600698,-0.0057606337015954565
20.6,-0.043129123871193005,-0.1354647659985234,-0.010581449692197164
20.605,-0.031178277809662525,-0.10132871437117076,-0.004917376219015465
20.61,-0.044520834551861774,-0.11550821595196943,-0.025312573109139962
20.615000000000002,-0.021559943525604003,-0.11776475415328788,-0.02031510844265409
20.62,-0.03871534499905581,-0.10519543838437447,-0.01998151916889886
20.625,-0.05709128608491761,-0.13026952120131385,-0.014833074080328672
20.63,-0.04450239223985347,-0.11635102729012078,-0.03252670825902721
20.635,-0.03608948195135306,-0.12709196535303782,-0.01801422203517345
20.64,-0.04780904858055049,-0.10987341120958939,-0.019316684269359185
20.645,-0.0505524192654932,-0.10991432313047328,0.009251173359551059
20.650000000000002,-0.05147635322233868,-0.11830609672234536,-0.007724519850375141
20.655,-0.033713466314146075,-0.11487754368530775,-0.015782821573581986
20.66,-0.050837584170740704,-0.11910956763181757,-0.016827887268906695
20.665,-0.04458791163742713,-0.11295028591844972,-0.016538396591662688
20.67,-0.0464220125653335,-0.11501167089287125,-0.012886307013228515
20.675,-0.028227660478021156,-0.1329714653302665,-0.015020809814621623
20.68,-0.060790693334898546,-0.11929709637179856,-0.01920060442928658
20.685,-0.0490797991733499,-0.11043418501955297,-0.007875806528154675
20.69,-0.06781248785519176,-0.11171659282866786,0.0001986765404547973
20.695,-0.06044374852193282,-0.13718886850902587,0.008008171243908704
20.7,-0.03551203266649124,-0.11543134510214842,-0.006474436890715623
20.705000000000002,-0.03899636301776869,-0.11178557779970204,-0.008123836221849073
20.71,-0.03927335572371064,-0.11224792670493111,-0.02291914165998172
20.715,-0.05127736547929037,-0.11447029786521179,0.0016538526015788882
20.72,-0.05171011131082058,-0.11117236995498281,-0.008665266192022365
20.725,-0.06504403719415254,-0.12508904064205603,0.00098884489278106
20.73,-0.043479219066160056,-0.10988122780100068,0.0006935019534517577
20.735,-0.042213902606863495,-0.11437501881343008,-0.009938677580145213
20.740000000000002,-0.04347589816648892,-0.11743250662890206,-0.002095668389358492
20.745,-0.04647324304864393,-0.11630969004666053,-0.0028741288235079425
20.75,-0.059932660305313815,-0.10817561772400994,-0.02527475191674449
20.755,-0.05237123326864498,-0.09673310872117265,-0.00027737253697148606
20.76,-0.02806349581724054,-0.11266177404192781,-0.02301220641924457
20.765,-0.05220252981417679,-0.10725387189301067,-0.02392147429770937
20.77,-0.04111598835264296,-0.12058559928339765,0.0008041011358292972
20.775000000000002,-0.04282275017192591,-0.12672679907165407,-0.0005956367635568498
20.78,-0.05219581550484659,-0.11074661690415771,-0.0032468872810201763
20.785,-0.04363473705253141,-0.10672749428069384,-0.03147631518951718
20.79,-0.06993963759401123,-0.12761920299188045,-0.006661222610393855
20.795,-0.05572253554273005,-0.09453656278525435,-0.008361958638578759
20.8,-0.044017048590240505,-0.10815282244736645,-0.023615916748683283
20.805,-0.06224021181705821,-0.10693489862315049,-0.01380326596880975
20.81,-0.054197806067100625,-0.11230625739151179,-0.01555027400814928
20.815,-0.054221465453042836,-0.11439861982438344,-0.00025181487303715944
20.82,-0.04694253702545121,-0.11541215394002949,-0.01168584078086414
20.825,-0.05123694822890219,-0.1167976899435207,0.0120320281596096
20.830000000000002,-0.05465261807677124,-0.12405938105868089,-0.010790139414700113
20.835,-0.05706338482669821,-0.10846692714970574,-0.010089556013168077
20.84,-0.060812001543722315,-0.10627981258880628,-0.007458715205429827
20.845,-0.05561848925797294,-0.11343536912414692,-0.00803281634988793
20.85,-0.06446581924959639,-0.11530727969779196,-0.025856091945213287
20.855,-0.05743971469303017,-0.1205264634523468,-0.00742638001152769
20.86,-0.05508064401769266,-0.12078066252567535,-0.030328714219103162
20.865000000000002,-0.047695861234238225,-0.09732709994644476,-0.0001900916187410305
20.87,-0.046341807883773484,-0.11373828361216243,0.00017600704512180966
20.875,-0.04904250455106994,-0.12099464147192326,-0.019762572314602878
20.88,-0.0659868096429686,-0.09640732244401633,-0.03062131828724987
20.885,-0.0356839315737794,-0.12191286365217419,-0.017059894753759894
20.89,-0.06216901779565704,-0.10868439749549283,-0.018191364268569807
20.895,-0.05459858631256577,-0.1250820246132492,-0.016875241166609753
20.900000000000002,-0.07166430611747986,-0.10827489090536267,-0.028467649794166727
20.905,-0.06595177310928423,-0.10847337007388827,-0.005331159228259056
20.91,-0.06579287696425741,-0.12171286116774016,-0.006676738420595773
20.915,-0.03045618802575778,-0.11895025279725108,-0.01574251414936311
20.92,-0.06413491227037375,-0.12225412889111839,-0.010401413259257846
20.925,-0.05737538836989688,-0.12772108945936278,-0.00841940199562256
20.93,-0.041088179652324586,-0.13106900399498184,0.003931174264598868
20.935,-0.05284677029263003,-0.11075321323669511,-0.01030828191945968
20.94,-0.05601010952419674,-0.12091090480802555,-0.006133141779965774
20.945,-0.06563585366936903,-0.11432268240808721,-0.0006802070577902972
20.95,-0.04041534564444148,-0.10791620493894308,-0.021550876903891496
20.955000000000002,-0.05024184367354689,-0.101338665507584,-0.012844994962891132
20.96,-0.06636745333794332,-0.10006695665562429,-0.0216786905933252
20.965,-0.03879842205219791,-0.11327782540271514,-0.026172789436340584
20.97,-0.0668100379732405,-0.09320061518724171,-0.026875845835637676
20.975,-0.033113668252291735,-0.10396250033515253,-0.018631863109780964
20.98,-0.06470563283516509,-0.11389720984202745,-0.003473356106991142
20.985,-0.0709221674786045,-0.0995627634718432,-0.011480933704706028
20.990000000000002,-0.05735727204591195,-0.10189962716264736,-0.02255109470305094
20.995,-0.05818448268169282,-0.1132243172902081,-0.029838957858557787
21.0,-0.047576718182376736,-0.1004135412655858,-0.0019554187870786856
21.005,-0.058793204190716486,-0.09451424969684227,-0.02385899096888984
21.01,-0.0543209323980035,-0.11262126535760436,-0.02082735200035901
21.015,-0.0542643108827239,-0.11153862192202336,-0.029633265215352627
21.02,-0.0605331041289967,-0.08731549976080058,-0.011366191845228068
21.025000000000002,-0.053653849704355216,-0.11721251897231086,-0.0032616195646489304
21.03,-0.050265953739704425,-0.10196913902560831,0.0016584349377279217
21.035,-0.05011287848201812,-0.0874400164163979,-0.00561154539989038
21.04,-0.0703149392331283,-0.0987003822902526,-0.005616936551816911
21.045,-0.05951090652684575,-0.11881639433796506,-0.010617988707524739
21.05,-0.06416864303965354,-0.11796512922174708,-0.01312790009307739
21.055,-0.05086343365624566,-0.10343119404398379,0.006572839085904145
21.06,-0.05544941619558204,-0.10009389991240189,0.009941223881347699
21.065,-0.04762068532412261,-0.1179339800279558,-0.01462688399406675
21.07,-0.04609023597427657,-0.10103721369906123,0.0022806346119187276
21.075,-0.04188579380597142,-0.09404481386213434,0.0038152878324469123
21.080000000000002,-0.05763708937164639,-0.07341223890975337,-0.010718603262458853
21.085,-0.0619722040156527,-0.115893380792221,0.0002088924411336856
21.09,-0.04246690981206204,-0.09927932172893825,-0.005002664557375459
21.095,-0.056379625200740024,-0.1170132552137316,0.002822299078858342
21.1,-0.055786028901191664,-0.1280789852162633,-0.020153368019833064
21.105,-0.05092733593729933,-0.09527587318311026,-0.010432130736242391
21.11,-0.05373585229564921,-0.1105702444176857,0.022855897176131693
21.115000000000002,-0.06289877209222836,-0.1108878571698108,-0.00650593251557037
21.12,-0.040942705771977596,-0.11086914314705729,-0.009849515027949025
21.125,-0.04937817641500722,-0.11931386916505149,-0.006030515565019533
21.13,-0.05291859985752842,-0.11206196315485432,0.002131869571526366
21.135,-0.0429064402390934,-0.11755610466489777,-0.009312812076707746
21.14,-0.05283112609900905,-0.10352870777908445,-0.0017363352205758895
21.145,-0.06106192120784596,-0.08916055955086208,-0.0007571916561408404
21.150000000000002,-0.066276950747302,-0.10065045017364076,-0.008878346778041318
21.155,-0.06416243228594813,-0.1143799630540077,-0.01331155310133799
21.16,-0.055149315213918325,-0.10683054205694664,4.886292772237483e-05
21.165,-0.06600221916109286,-0.10589895640079253,-0.0166377941092228
21.17,-0.058727865581381176,-0.11836513715894842,0.0024675144882501786
21.175,-0.05828533387908679,-0.11831348196765992,0.0006397613551623656
21.18,-0.03855503660768827,-0.11898343176625387,-0.01861329849702296
21.185,-0.05930980112305538,-0.12041390996464849,-0.021342283739064702
21.19,-0.07250058183445049,-0.12605567788775224,-0.0023489856990058632
21.195,-0.06102511803269446,-0.11665475282535055,-0.004170632518379666
21.2,-0.05117862577543749,-0.0890576756182977,-0.013187926370832877
21.205000000000002,-0.056998309160688446,-0.10812126723993909,-0.022524117014326314
21.21,-0.0678050685546244,-0.09223180334244946,-0.029117771824103727
21.215,-0.05027133486286972,-0.10992716745120623,-0.01173428021913076
21.22,-0.05864517095585311,-0.1214865779296968,-0.028604738404537665
21.225,-0.07545175729322305,-0.08491588223890913,-0.020524400587207843
21.23,-0.06986616223112722,-0.11252747129297375,-0.014625949389473559
21.235,-0.07966286203211079,-0.13681952641539039,-0.010677866798309777
21.240000000000002,-0.05635517683594029,-0.09378214390899939,-0.01657231485058007
21.245,-0.07087139132185111,-0.09869322448766071,-0.022626280363108108
21.25,-0.05862300302323317,-0.12974174590142654,-0.022484437322797122
21.255,-0.061866573853114906,-0.11161131416823807,-0.03165887894839779
21.26,-0.0622926389967401,-0.14129521109563567,-0.023678254497435092
21.265,-0.06509959920641065,-0.12266482530109918,-0.015288062414350387
21.27,-0.07046493139084607,-0.13191567748128435,-0.0239701966081948
21.275000000000002,-0.08061117051086082,-0.12488660257456341,-0.030388951691011294
21.28,-0.05998824980294063,-0.10518828182824422,-0.0049970746211250115
21.285,-0.06864274361407267,-0.10557028158496407,-0.010491257690172867
21.29,-0.0895711639029834,-0.14266733535657863,-0.03053674814063722
21.295,-0.07214944916668034,-0.11811421198755281,-0.01931469299809028
21.3,-0.06755709050139014,-0.11418884278473918,-0.011757713029750014
21.305,-0.06911319896179301,-0.09987072746305453,-0.029338948957133945
21.31,-0.06900531669311114,-0.11271331399643543,-0.014705062001597604
21.315,-0.07112659564128332,-0.10775255468790944,-0.03572543791035678
21.32,-0.05057883351917292,-0.10732055601995089,-0.027797738982749134
21.325,-0.06884512718491761,-0.11708733931592405,-0.01654747123294563
21.330000000000002,-0.07944083412749638,-0.10006958074403031,-0.009028551636249918
21.335,-0.07110274014314495,-0.12372173910931998,-0.005949817355252952
21.34,-0.08083080998892359,-0.12428738854441654,-0.010787525487701285
21.345,-0.07822495058946352,-0.10903072677485359,-0.02608733111825238
21.35,-0.060562064015609894,-0.12913477950247446,-0.025662933074588425
21.355,-0.07664072036898065,-0.10199465985553922,-0.01490313490187443
21.36,-0.08302641772819437,-0.11541508721847982,-0.028486479069170883
21.365000000000002,-0.08574909989348772,-0.12614735343433078,-0.02474488962732395
21.37,-0.05045871962118107,-0.12455767763324962,-0.028394399890005025
21.375,-0.08107120338044517,-0.13657599427582534,-0.026136486229385858
21.38,-0.08104725587360762,-0.12228544053561964,-0.04396048101889463
21.385,-0.09558922163959943,-0.11552061649570942,-0.029677534168393346
21.39,-0.08139533710506913,-0.12122527865895096,-0.04468281802799632
21.395,-0.07478510162455043,-0.12214841875243898,-0.02559228810550511
21.400000000000002,-0.07200216838168452,-0.13064725076031325,-0.014064211926533319
21.405,-0.07458984253454165,-0.12922954028053013,-0.021947424551974636
21.41,-0.08002522333159796,-0.127530045316242,-0.024915827770006227
21.415,-0.07348987322724176,-0.12254638045350058,-0.026289719602775742
21.42,-0.07566901407496573,-0.1333235712764432,-0.029234951526895828
21.425,-0.0798398621817197,-0.10973991306691544,-0.021174466110190995
21.43,-0.06600082390301458,-0.12071417211697048,-0.025743375368872893
21.435,-0.08624955491887902,-0.11864157726791076,-0.02794825611941942
21.44,-0.059511694553409905,-0.12498995485902886,-0.02897005050791967
21.445,-0.07408750210475715,-0.11698643548554466,-0.0353761834915195
21.45,-0.08486695361183835,-0.13095283192256574,-0.02935968618552957
21.455000000000002,-0.05733805915055725,-0.11798475862783821,-0.04996999038432642
21.46,-0.06332206060286276,-0.12252443835216262,-0.015054287647207235
21.465,-0.06488147500316539,-0.11937997247004165,-0.019379898844039567
21.47,-0.05340422885150542,-0.12133471165413601,-0.014496409413268603
21.475,-0.06064632890132511,-0.1123084674750895,-0.04250331255116429
21.48,-0.07687726339956402,-0.12043034248111392,-0.013875982696509439
21.485,-0.07197042553706588,-0.11049560713214265,-0.030882994091614352
21.490000000000002,-0.03829436964573364,-0.1156488497294282,-0.0242533439399148
21.495,-0.06372607766293242,-0.1168606921473122,-0.03699465357308995
21.5,-0.07354275194447905,-0.11232780468345961,-0.024715572587048568
21.505,-0.06655063423682041,-0.12815156138112493,-0.01647758917039726
21.51,-0.06571701861034432,-0.12457182427892607,-0.01397849510615208
21.515,-0.0523235109817444,-0.11852668892309477,-0.029828873710256464
21.52,-0.05794817827221033,-0.13250086474331163,-0.02707804257211784
21.525000000000002,-0.06370001348475536,-0.12000206207051023,-0.03831043874688381
21.53,-0.05746609313895724,-0.13825732909627003,-0.013810684194965806
21.535,-0.0673685457676587,-0.09861055123313014,-0.03488626635743731
21.54,-0.05876599177464768,-0.13358899238326064,-0.03429836322530082
21.545,-0.09907433218501537,-0.12444290376519002,-0.020318587301137964
21.55,-0.06075482465458733,-0.13495943838039626,-0.008295644336915273
21.555,-0.06603168362369437,-0.12480309889826731,-0.03165077753772778
21.56,-0.06226426318842132,-0.12706390106450913,-0.030451412512712314
21.565,-0.05569022948458046,-0.12983278386629257,-0.03671036258137592
21.57,-0.05814836872385761,-0.13634526223382754,-0.012687091508796076
21.575,-0.056606631991632315,-0.13778855004546203,-0.021485201935988442
21.580000000000002,-0.04714263317622516,-0.13997136026641147,-0.017201793497143337
21.585,-0.058982208803294814,-0.12161887080549813,-0.01933851561701709
21.59,-0.06579733463678751,-0.1200330619275916,-0.013351062418701999
21.595,-0.06970722035596921,-0.11646627375152802,-0.0019909766180914133
21.6,-0.04892533910486756,-0.11657846605120856,-0.0036559788342364376
21.605,-0.06304929983600951,-0.13787781215702316,-0.02995439653976665
21.61,-0.05636333158766004,-0.13247176592459478,-0.03282165112243726
21.615000000000002,-0.04484785062260292,-0.12747670133252959,-0.011362131075331254
21.62,-0.054844135537879084,-0.155560623426661,-0.02174849001295087
21.625,-0.05218619709636693,-0.1352222157224694,-0.016549408203884043
21.63,-0.03391636614631062,-0.1377191837693535,-0.0239171204704565
21.635,-0.027476625165419277,-0.1324921192429025,-0.025326866067232136
21.64,-0.0641007726057613,-0.12258206787957457,-0.018482193687737243
21.645,-0.08114362619380099,-0.1277654569657222,-0.005097708387169348
21.650000000000002,-0.057127609689526064,-0.12545905655604983,-0.022345736146511946
21.655,-0.07459150105895421,-0.12349153772213814,-0.024809473992011857
21.66,-0.0613594357381836,-0.13368853452780186,-0.020182846808192774
21.665,-0.0653407298446131,-0.13327227088484386,-0.04435759990327978
21.67,-0.05766364214230548,-0.12574096224787307,-0.007149256784887103
21.675,-0.053071171945362906,-0.13657202231128202,-0.03080668022381909
21.68,-0.061641157025917936,-0.11155748487528427,-0.023594966934680116
21.685,-0.05775447738398117,-0.13208228812405862,-0.027428729645575467
21.69,-0.05709898097793484,-0.10022239619794052,-0.016385323970579638
21.695,-0.07598141568649641,-0.12873187617743193,-0.012777572690701455
21.7,-0.06040371442865647,-0.1347816125070146,-0.039044493765160844
21.705000000000002,-0.04949087916039019,-0.1380952275666578,-0.015333240228159002
21.71,-0.06739821436588064,-0.12060129030491293,-0.006180845212978145
21.715,-0.054003681860935904,-0.1272667991196551,-0.01736773317822528
21.72,-0.05349913746317439,-0.12141900037410368,-0.035344066440713556
21.725,-0.05513323036195845,-0.11890068816583949,-0.010973413776196013
21.73,-0.06187476421929786,-0.1267326113572427,-0.014705864506692218
21.735,-0.04625351727847462,-0.10522710251975179,-0.015282246596152394
21.740000000000002,-0.05042567173478977,-0.1164992083331802,-0.027922603053867373
21.745,-0.07292607120501331,-0.1193823538422337,-0.026158709880511107
21.75,-0.04793376419125194,-0.1252000924314511,-0.012300150764002735
21.755,-0.05046634068016616,-0.1298160769324867,-0.03471545455417182
21.76,-0.06500896091095583,-0.10754638114958881,-0.0036976236162110567
21.765,-0.04675097370102388,-0.11595682430375887,-0.01999364971553381
21.77,-0.06140313555517485,-0.11707783211524653,-0.03743972180727173
21.775000000000002,-0.07167373421446566,-0.12283679542557659,-0.015972877896806896
21.78,-0.03472072120669786,-0.13580345320715378,-0.014985509099121604
21.785,-0.058990482891520576,-0.11756751065677817,-0.031189904891985636
21.79,-0.054384135364956246,-0.12850213519572126,-0.029895991689606147
21.795,-0.06020365866128723,-0.12431529422446916,-0.023322555734540746
21.8,-0.0526248282281507,-0.10674033004687672,-0.0345651336972714
21.805,-0.0626313926003612,-0.1376735861623023,-0.029517512454136238
21.81,-0.032226633640822275,-0.1102223051870673,-0.018974759319918502
21.815,-0.05120251720527769,-0.12671942732715244,-0.010350627565730852
21.82,-0.051354071568556856,-0.12437090107007427,-0.02649382190017651
21.825,-0.046765912875809716,-0.14322990346421727,-0.020857817553489283
21.830000000000002,-0.06003182859459017,-0.1319377325298877,-0.027628994952037488
21.835,-0.05848872799159296,-0.12443699676964706,-0.030854154895622626
21.84,-0.045927215018904205,-0.10815280186552406,-0.02582650225829049
21.845,-0.04386522830987373,-0.11922609538491696,-0.03622915960199116
21.85,-0.04637258843344764,-0.11206636228601058,-0.053246403851262
21.855,-0.06402845619283132,-0.11555532976974245,-0.007415058702396099
21.86,-0.03934146731846887,-0.1125774722537089,-0.032163646916284205
21.865000000000002,-0.05592739506670996,-0.1285231800084775,-0.03571053918070277
21.87,-0.04703375355964352,-0.11366719092210664,-0.034139179080247016
21.875,-0.05848153185891508,-0.1064384605843113,-0.017847962820307126
21.88,-0.04251712835689193,-0.11293469357836593,-0.009771225083502274
21.885,-0.06579079322379741,-0.1031333738757244,-0.033885617612740046
21.89,-0.049628093217462046,-0.12678211103049872,-0.044654238733955944
21.895,-0.047363241460198185,-0.12525967326192639,-0.02062960348559736
21.900000000000002,-0.05922979397588428,-0.12265789532764679,-0.04065901065778037
21.905,-0.04830823076806101,-0.10754791907975422,-0.010473147925618946
21.91,-0.053801332636268184,-0.11730508057894988,-0.0039277900012022905
21.915,-0.06460880641805183,-0.12274786238556398,-0.022863501970096865
21.92,-0.04217012495667061,-0.10084469122103604,-0.014461480751660963
21.925,-0.05415329056519367,-0.11262487939586918,-0.027064886964926652
21.93,-0.030776874994473347,-0.09916808365570248,-0.017230611832610206
21.935,-0.06687697692801926,-0.12769414826493522,-0.03535740505009006
21.94,-0.054894645007566314,-0.10625380874270896,-0.04735318780469113
21.945,-0.04753457032861429,-0.11571129413830518,-0.03630623845028144
21.95,-0.05203547999962524,-0.129681439127843,-0.04547635917193957
21.955000000000002,-0.054104869322376084,-0.11813538831344353,-0.03724629651095306
21.96,-0.05955016700254992,-0.12812579769112706,-0.024607928834954346
21.965,-0.056509489425008455,-0.1088358939505582,-0.021529504835874944
21.97,-0.055265559544065805,-0.10342632626921003,-0.024645407285614172
21.975,-0.04663596754629787,-0.10974324174810078,-0.050931468277130805
21.98,-0.07191393683984018,-0.11201344412316906,-0.03485826198518131
21.985,-0.05936839076339025,-0.10904693273326219,-0.0317571028625944
21.990000000000002,-0.06811823364951614,-0.13048170547797672,-0.030090184272177353
21.995,-0.06376351335061137,-0.12626492216796553,-0.03386613131904464
22.0,-0.06239575464978627,-0.12875636751771752,-0.04166380295278832
22.005,-0.05977171030497194,-0.13287715738007178,-0.021867101867632174
22.01,-0.06033150680725244,-0.10580134013651435,-0.029887965400322278
22.015,-0.04880621670809602,-0.10926373532166161,-0.031596484752639604
22.02,-0.06641183030423153,-0.10893623626515139,-0.012309778694769243
22.025000000000002,-0.05380395271175891,-0.1328161885057257,-0.0203675519438264
22.03,-0.07610955684732501,-0.1103465628359508,-0.014534271219060122
22.035,-0.06148568607454624,-0.1244220148107318,-0.038601634125177926
22.04,-0.05021793648484098,-0.11902695096480553,-0.03398078277497638
22.045,-0.05132116055207734,-0.12934898291062888,-0.014331335806677644
22.05,-0.057285847625793584,-0.12923997186881617,-0.034761808715025655
22.055,-0.08093750448262294,-0.13085296701951757,-0.024470907890296663
22.06,-0.06758788933892783,-0.11876743373195886,-0.01450602750058565
22.065,-0.04433197942658702,-0.11153805790420351,-0.030945818850362482
22.07,-0.058196696381327545,-0.12506539569566372,-0.029470144453993995
22.075,-0.06525055242087793,-0.10060583057152864,-0.04053862219812056
22.080000000000002,-0.06606493103780081,-0.12059017387405496,-0.03172999194417154
22.085,-0.049199727170093195,-0.13338410733885214,-0.04059903732174262
22.09,-0.05396406433871269,-0.11146282392995757,-0.04028557741975442
22.095,-0.06779925248234316,-0.12268319237803245,-0.03511156839913486
22.1,-0.0340917854203755,-0.11487812007381604,-0.032524910542353104
22.105,-0.05720739833512798,-0.10895257166954066,-0.03692335940808827
22.11,-0.0512866717420025,-0.11406053016411322,-0.01874403627240627
22.115000000000002,-0.04618093549728893,-0.12093289001316657,-0.029048497625268406
22.12,-0.04985446272505102,-0.12347329674204419,-0.019728008093794342
22.125,-0.04238543507804938,-0.12741755457858506,-0.013369715380006138
22.13,-0.04958031514530426,-0.14240810865120052,-0.01571431319500856
22.135,-0.04880384302729605,-0.13194454177934217,-0.017345083347185764
22.14,-0.07054405090178165,-0.1208260392989948,-0.01490362262380093
22.145,-0.06563677130594443,-0.11162635488278962,-0.010131331584607026
22.150000000000002,-0.06160780894419966,-0.10863705215611104,-0.014634466728347183
22.155,-0.04887252657239861,-0.11449343159423692,-0.007827474979191928
22.16,-0.06623992273601628,-0.11816136360000574,-0.028215563718556026
22.165,-0.03688693178567105,-0.11215103656841127,-0.039200714027956385
22.17,-0.0461821908086875,-0.1365185338373529,-0.031916701880819374
22.175,-0.06723606028481353,-0.10059738922867317,-0.011197382856399353
22.18,-0.05699957355009138,-0.12802126364557176,-0.030259656421973636
22.185,-0.05065630901889757,-0.12772931936336518,-0.025773837513872966
22.19,-0.05629378189942087,-0.11174877213514185,-0.018733498855863548
22.195,-0.05966902736808684,-0.11359055896361162,-0.03864853808803147
22.2,-0.05044014619557007,-0.13877905732806878,-0.020365700667807844
22.205000000000002,-0.04159373299943084,-0.12650024977360658,-0.022283185618525797
22.21,-0.06773524954025842,-0.1177331180655971,-0.02854408004219835
22.215,-0.039868951129276874,-0.13923190384383854,-0.01905544185833642
22.22,-0.058206028179264915,-0.13458395639970402,-0.015133698034245002
22.225,-0.07765871163592458,-0.11692030050344243,-0.015495470864617734
22.23,-0.051820714158345806,-0.11445268664281015,-0.0015646341627636468
22.235,-0.05555550380229584,-0.12890667031714553,-0.024828417641086734
22.240000000000002,-0.03804260565998774,-0.12555635906646267,-0.041267732205476776
22.245,-0.04900496101118139,-0.12909872404613779,-0.023413676336736283
22.25,-0.06294179026368747,-0.1373752642618869,-0.029058847785002728
22.255,-0.040551253021908776,-0.1357769213892151,-0.021668066432808667
22.26,-0.06547240182739174,-0.12204992601514916,-0.030888780600504415
22.265,-0.05244428061338701,-0.13982893746775388,-0.02348524096272287
22.27,-0.06102055455773776,-0.13164294081307276,-0.029951193442860943
22.275000000000002,-0.05109377564442228,-0.11491167055860532,-0.0352713151046349
22.28,-0.04218281721234013,-0.12092708865852544,-0.04167868161421944
22.285,-0.06633319115242102,-0.1287017141053588,-0.041646740285875374
22.29,-0.04848765911090384,-0.10667360133815983,-0.0291740375540967
22.295,-0.06508460898404614,-0.12080917212343992,-0.031082843168626084
22.3,-0.058160425413213146,-0.123207659459592,-0.010860454579268508
22.305,-0.06301573431464724,-0.1225600793143013,-0.012050015041257876
22.31,-0.08442681675959292,-0.12265850811530521,-0.01510477631163322
22.315,-0.05734121400815128,-0.12124377780365056,-0.02163073023558087
22.32,-0.055515193734379596,-0.14294613679181842,-0.012755060002068365
22.325,-0.058810020610807236,-0.13997519921503465,-0.014711851145961026
22.330000000000002,-0.05147834857877901,-0.11004491134055037,-0.03071903297378134
22.335,-0.0661459022199569,-0.10284725698042277,-0.03666624835178291
22.34,-0.040681025513808394,-0.11360323086726207,-0.020938704456830853
22.345,-0.04093876972618113,-0.12232664493110718,-0.016911076734545446
22.35,-0.04571633479671936,-0.11163056043307051,-0.025237385470398166
22.355,-0.04776401037676735,-0.13815568592080443,-0.019666448276204215
22.36,-0.04076421298139796,-0.13083339267850905,-0.03580478859631918
22.365000000000002,-0.05254657795723652,-0.11211803888415892,-0.020400317778585534
22.37,-0.04751475414221645,-0.11841323085421326,-0.01652164506989527
22.375,-0.06229396282242476,-0.13461132406264043,-0.029826562089291048
22.38,-0.061778548343507024,-0.09299817609986608,-0.031185249096399845
22.385,-0.04522268954819461,-0.1260670830112708,-0.02330006934735199
22.39,-0.04168149748476019,-0.13267721846077637,-0.006787585986338745
22.395,-0.046749216360505046,-0.10328252018015288,-0.02703151822928303
22.400000000000002,-0.07036491223285438,-0.12706897705754905,-0.03211000785587228
22.405,-0.05313023360513129,-0.1264842796544734,-0.014950711862310163
22.41,-0.06882967892399187,-0.1103323077331202,-0.019083294430338717
22.415,-0.06107456116291586,-0.1223373586888266,-0.017084486761919516
22.42,-0.04989222140304818,-0.1185849054579864,-0.03507142016693041
22.425,-0.043752693911487825,-0.12497587544029337,-0.015177192905750137
22.43,-0.06643235618972175,-0.11581545559381358,-0.016291407353051283
22.435,-0.05292501980461449,-0.1250959909609071,-0.03198639465860399
22.44,-0.05838160016931836,-0.13711420174568573,-0.014011787093149118
22.445,-0.06526665587227957,-0.11661454004924267,-0.04130522937598291
22.45,-0.06718725905688837,-0.12121047977783922,-0.018296074064142284
22.455000000000002,-0.0591038704390493,-0.11294448244449021,-0.011851030069243842
22.46,-0.043072917821129125,-0.12747839007521897,-0.027245674969415577
22.465,-0.0528723550943321,-0.1325371470860761,-0.04505851514383527
22.47,-0.060204061813290154,-0.1360932260610067,-0.03316059528760571
22.475,-0.06406741376473012,-0.11647150435591015,-0.040691997279116
22.48,-0.05070710137336252,-0.12140866537226844,-0.03075657533333474
22.485,-0.04698367673124238,-0.10380239680800352,-0.026124618668258014
22.490000000000002,-0.05708524392116072,-0.1051961026747172,-0.020329838134488538
22.495,-0.04144693877708746,-0.12718056199384326,-0.026743139825523517
22.5,-0.04464304568468452,-0.11947915894059169,-0.028133765243148652
22.505,-0.03663407860330587,-0.12722383556846806,-0.044552213604274735
22.51,-0.055092156173432494,-0.11165031973530598,-0.007388170543004282
22.515,-0.051569900164953504,-0.11201252419382766,0.007421863071936487
22.52,-0.027364609187546907,-0.12057817145769684,-0.022815194286347658
22.525000000000002,-0.054863042327453676,-0.11313858582900897,0.005006636211810592
22.53,-0.061022752600932074,-0.11464400335142463,-0.0257982308777564
22.535,-0.06832839155978594,-0.1056255568555806,-0.01881926864405233
22.54,-0.047642897268876744,-0.11517463800590796,0.006899666091171724
22.545,-0.05997340469936383,-0.10713299969402221,-0.013857515622415236
22.55,-0.05348236082761253,-0.1130346870279682,0.0034290360923652334
22.555,-0.03559555898061245,-0.12806458117683645,-0.02786331655161739
22.56,-0.060835568521063574,-0.10384217825944075,-0.022283515422234685
22.565,-0.05848817263541989,-0.10860519534599597,-0.002059617423118904
22.57,-0.060240429913510155,-0.10778893862739428,-0.006031663845897421
22.575,-0.04116639033747467,-0.11620241647125507,0.004297709796710821
22.580000000000002,-0.05438465855145887,-0.1298527918248102,-0.009744751410930404
22.585,-0.03659028568779355,-0.11210088911788614,-0.01681618269223922
22.59,-0.052276513469204755,-0.11708266896583111,-0.013744547819936472
22.595,-0.04543859601866112,-0.11778392402374954,-0.020384679918585467
22.6,-0.044512693283684096,-0.11854037328932143,0.0033752544203552743
22.605,-0.03105691507850951,-0.11716448839924198,0.005753755500961704
22.61,-0.04600713567040142,-0.10784201253678949,-0.028760862859677182
22.615000000000002,-0.03341227207771253,-0.1040171302869273,-0.00635356254760598
22.62,-0.051713726417725876,-0.09746762491650375,-0.02775482097456238
22.625,-0.04150349979118316,-0.10672565758870309,-0.019784640458432097
22.63,-0.029276396153712782,-0.10999355094730282,-0.013060562275822507
22.635,-0.04138318916262319,-0.10890726665917727,-0.01673801136815147
22.64,-0.03126933043670064,-0.10902062400192364,-0.018774158887504652
22.645,-0.050387916850800546,-0.12040603802150886,-0.004531768668976097
22.650000000000002,-0.05098246031687952,-0.12959925827665117,7.20502259042629e-05
22.655,-0.030597916016892712,-0.14625772082343758,-0.008974155929529087
22.66,-0.054010547564087255,-0.11024799430233184,-0.020982010552821274
22.665,-0.02889648153890686,-0.12853703882756007,-0.019649421306283332
22.67,-0.04859750498876475,-0.12727070681458877,-0.006611558129840602
22.675,-0.04476724801217799,-0.12607656413242488,-0.013482961207123082
22.68,-0.043028222794959076,-0.11585388730228297,-0.027893252375908784
22.685,-0.03760385634837775,-0.1298764253055985,-0.02525424438494082
22.69,-0.061522351685625545,-0.1091827250626385,-0.01097438663533436
22.695,-0.03181223207907574,-0.11843267788554113,-0.0048069770745737
22.7,-0.060240482761822804,-0.13020642207928212,-0.017429703421291833
22.705000000000002,-0.041698933647721495,-0.10008274854623052,-0.036066001655984364
22.71,-0.03573950915165562,-0.10875050640897208,-0.02678744644735606
22.715,-0.04799568475425113,-0.11477435219279142,-0.004909399224176988
22.72,-0.05901404576827039,-0.11726540595081338,-0.006652266843563631
22.725,-0.04076831440507729,-0.10653514006248962,-0.013023090901548986
22.73,-0.048697438541401,-0.10378665608151554,-0.018484216837148085
22.735,-0.04437508029243661,-0.12026614562045362,-0.016179912401323274
22.740000000000002,-0.05139065037986629,-0.11169435629984403,-0.017368190513695304
22.745,-0.037852769954470934,-0.11518000456197375,-0.019997813031062052
22.75,-0.030086834603285602,-0.11200256771231128,-0.01944178272988741
22.755,-0.05191157333765482,-0.11454945904349376,-0.01713632982161537
22.76,-0.04816194279795182,-0.10951140169324788,-0.012120493437912723
22.765,-0.04096141829844696,-0.11992111531927989,-0.023229480352004336
22.77,-0.05557027426466,-0.14222569833861307,-0.012198793092680453
22.775000000000002,-0.06144144639037607,-0.106148772913578,-0.024237711728959253
22.78,-0.02846153103825079,-0.10996862529147466,-0.019839469963640343
22.785,-0.04009373954641085,-0.11928666248555664,-0.02586163595686549
22.79,-0.04360307239850049,-0.10309265483118535,-0.010369013446565352
22.795,-0.05760033535034305,-0.13223806825047368,-0.017968778391945092
22.8,-0.062047108840488974,-0.13931236700317853,-0.007992073273105672
22.805,-0.05442608604185981,-0.11630900535082733,-0.019193861096691696
22.81,-0.0692319811903654,-0.10466986412806575,-0.01768390969532463
22.815,-0.07377539554370642,-0.11408741891618938,-0.014381246395565974
22.82,-0.03787254504731089,-0.1305997155375843,-0.012567349404839369
22.825,-0.06752003172177547,-0.11852313195619796,-0.037394012210805926
22.830000000000002,-0.06255568660155088,-0.09956322833119946,-0.025279403789965835
22.835,-0.044882049957737036,-0.11463843370039255,-0.020932807762683695
22.84,-0.056207597839061825,-0.12097056593967845,-0.01594569167997824
22.845,-0.035199266071402224,-0.1060903494488494,-0.018624119428548642
22.85,-0.05473682970687537,-0.11730366082301474,-0.03259742860349894
22.855,-0.049091983409425485,-0.09969982264367984,-0.029503640271538407
22.86,-0.036856127644444035,-0.09708537253145332,-0.010862261367602884
22.865000000000002,-0.03283018619840411,-0.10168518287686394,-0.015666992971016393
22.87,-0.049792904049879246,-0.10048070273544554,-0.017481133728248274
22.875,-0.05498958214585095,-0.10839016449494493,-0.027084956601280727
22.88,-0.04885338559028508,-0.10757723123090399,-0.02087220215098464
22.885,-0.049024751007704,-0.12432259737202568,-0.037628979468137605
22.89,-0.05993104334930425,-0.1046039640800529,-0.02797042097060538
22.895,-0.04525253472656808,-0.10405194052548393,-0.027092278863231362
22.900000000000002,-0.044818124740486985,-0.11078408723737593,-0.019792849501083638
22.905,-0.045082770094592585,-0.0989580265232656,-0.017355187818462146
22.91,-0.05300844488770046,-0.12761165622661697,-0.023159680484130408
22.915,-0.034426139348068444,-0.11512649669249207,-0.03235414111371601
22.92,-0.050494051272869225,-0.11802918827637396,-0.030082884236350044
22.925,-0.05538316182445874,-0.11724423708629123,-0.03490310903261786
22.93,-0.04225057271804962,-0.08663807661522886,-0.022355940359157854
22.935,-0.045200961777330184,-0.09191498865837189,-0.027756831792293556
22.94,-0.058112100740773755,-0.12064842665177614,-0.025127011782721635
22.945,-0.045434936318144194,-0.11706534629209754,-0.040199262943689494
22.95,-0.03563828872644772,-0.10407128575195383,-0.036213692153777816
22.955000000000002,-0.06812726688325389,-0.10551535266645334,-0.02925563830272525
22.96,-0.03958918898407348,-0.10000302307795672,-0.033153909641955144
22.965,-0.04994897890702199,-0.09379155761805785,-0.04209508187578795
22.97,-0.04314857981960322,-0.09773020854835865,-0.032945773528965105
22.975,-0.045479283121586604,-0.10361949974296122,-0.04744880145134653
22.98,-0.057256437760412095,-0.11130647568993932,-0.022690288256666337
22.985,-0.040358156069622335,-0.11275727902430417,-0.03743848864385778
22.990000000000002,-0.06231038647916127,-0.1093086797175333,-0.033918731451291304
22.995,-0.04557203924881494,-0.09655121951580312,-0.014054694368280784
23.0,-0.03369858887453564,-0.12231627023037502,-0.047604470997654726
23.005,-0.03925991981428748,-0.10461666432753323,-0.023934883269273084
23.01,-0.055751138188614005,-0.10954589528681961,-0.04455663016836601
23.015,-0.04724323546493919,-0.09748813555117603,-0.025766833065692732
23.02,-0.04660499123576725,-0.12352511545024576,-0.03714526729462176
23.025000000000002,-0.05047482256901468,-0.10404125865264836,-0.04833419497944259
23.03,-0.020813871926659885,-0.108142280132684,-0.025240086246162283
23.035,-0.03243274631789462,-0.12087433172597022,-0.04265383580074166
23.04,-0.05647882351782327,-0.11892750850795686,-0.035914554135184906
23.045,-0.06685176479492522,-0.10770110650209938,-0.048740972632971426
23.05,-0.06802160168790876,-0.09877254240139506,-0.023998263199437448
23.055,-0.026738461969110533,-0.14381887009460748,-0.04599224762824712
23.06,-0.052228785699332106,-0.11208810020412173,-0.03079540095436016
23.065,-0.0423378208067961,-0.12866261196686607,-0.051399164286019705
23.07,-0.05264961882826211,-0.11471093686795027,-0.0477957718643333
23.075,-0.06822523811795005,-0.11053070134493928,-0.04958286401034488
23.080000000000002,-0.05494169550923096,-0.1273743062469587,-0.06705111416697386
23.085,-0.05961415439606811,-0.11158566387759748,-0.050239769049172225
23.09,-0.03832694923084334,-0.09811181703470699,-0.05431607899516038
23.095,-0.0368270566346495,-0.12127147252825088,-0.04160095789962381
23.1,-0.04794010737804181,-0.10039097272655255,-0.04777401172083523
23.105,-0.04051384044736391,-0.11540856791539175,-0.03813823808408348
23.11,-0.030879130165314392,-0.1102811734587446,-0.03908526367268475
23.115000000000002,-0.02568042955327333,-0.1197824447353609,-0.04305857134509848
23.12,-0.05168696666951154,-0.13341286118029022,-0.045409977014780216
23.125,-0.053447090439904366,-0.11599458350697947,-0.04774241193510269
23.13,-0.02502069522368383,-0.11578913889166786,-0.019823616460919655
23.135,-0.06088289019822061,-0.10162534662610148,-0.029806203188375843
23.14,-0.053753205114433225,-0.10669408640835071,-0.027953780915409232
23.145,-0.04866234388102388,-0.1025088855131785,-0.020157702211613115
23.150000000000002,-0.05789915018924943,-0.10823224899794245,-0.010205445789825272
23.155,-0.03488509108309433,-0.11248017334434854,-0.03265619063812646
23.16,-0.033121308637538656,-0.11824420833976618,-0.033887377323744604
23.165,-0.03318045436697811,-0.10278672699737987,-0.026280551989913116
23.17,-0.03968538361028069,-0.11301738339308014,-0.025829414827626147
23.175,-0.03264577191364853,-0.11668680611436749,-0.04177740578889081
23.18,-0.0306905825830003,-0.12249686845867758,-0.01782105384901436
23.185,-0.03096907512274869,-0.12316612647824636,-0.023462757982285636
23.19,-0.03171981879729849,-0.10357033044719259,0.0019381762056247247
23.195,-0.04170605160001154,-0.11054620492096735,-0.023363642384446395
23.2,-0.05483789192888401,-0.09441736759395476,-0.04002487660130339
23.205000000000002,-0.047833377199184145,-0.10582581173671991,0.0004870757039140902
23.21,-0.04013919053081042,-0.10060212507886183,-0.012426304286760184
23.215,-0.04620507538301801,-0.10035937446287764,-0.02769642379204233
23.22,-0.04191553374283737,-0.1195344329866758,-0.04248936262024892
23.225,-0.03405025590077299,-0.1017929453532809,-0.0013515000093471845
23.23,-0.04289038952948996,-0.117284384469044,-0.019030460174537595
23.235,-0.04133826319457387,-0.10774543206052725,-0.024034922208254265
23.240000000000002,-0.028601924552039616,-0.1187250182398647,-0.023467561316504265
23.245,-0.04762419429259906,-0.08890737797310624,-0.027544726880608293
23.25,-0.06242708323998792,-0.12123301750504367,-0.023606414966703643
23.255,-0.04156300927660157,-0.1022676861914449,-0.03013836756248006
23.26,-0.03326328476253673,-0.10102644908869499,-0.0045219301543642345
23.265,-0.04468888464869874,-0.112319543437368,-0.017403257030261233
23.27,-0.05305496392608261,-0.0836108473379548,-0.02268534092212719
23.275000000000002,-0.056690655300760937,-0.10958652673883683,-0.03541852241753812
23.28,-0.044682286351658225,-0.11747636074854326,-0.04632732639920419
23.285,-0.041637796481149375,-0.09404272431076328,-0.003071952565799239
23.29,-0.056435023112653256,-0.11969694078757273,-0.03361426486170676
23.295,-0.04481359807014631,-0.10600250534307773,-0.015154860409336982
23.3,-0.036757786890220884,-0.11276253091246466,-0.012401731337254257
23.305,-0.02088558842709768,-0.10047756542106864,-0.017376086601371014
23.31,-0.03634524372547409,-0.12275662000742751,-0.029181667873033803
23.315,-0.05294703383315793,-0.12424383450883829,-0.013854509711055105
23.32,-0.05996426735062067,-0.10402479724077894,-0.007563216355526472
23.325,-0.055856223180451914,-0.11600209149878779,-0.021284384913689353
23.330000000000002,-0.05901494318459665,-0.10469331343064098,-0.031856897849814915
23.335,-0.057322868689453306,-0.09912840605013395,-0.02736542800083644
23.34,-0.04427390562433582,-0.09665647962318846,-0.02205077578616365
23.345,-0.039074816171064196,-0.10195380016253447,-0.019412463767725728
23.35,-0.035904888684042645,-0.09022649047451477,-0.004480999154847225
23.355,-0.05204575376260265,-0.09323330819550446,-0.015578007244470865
23.36,-0.045195007748829286,-0.10173630945815043,-0.016250668207331433
23.365000000000002,-0.04591324610794583,-0.11454047393990335,-0.014953705902702494
23.37,-0.027868147870866906,-0.12186559171361135,-0.025220575803205015
23.375,-0.04275391837100716,-0.11516019977664338,-0.01431949385709032
23.38,-0.06433161682204212,-0.10548510744643402,-0.014746795509684534
23.385,-0.05739161595425481,-0.11025007356972806,-0.028364831616250634
23.39,-0.03908295723233656,-0.10925194065336999,0.0009210850940712276
23.395,-0.05950562217701118,-0.13022631528487857,-0.038269410278611325
23.400000000000002,-0.06214592190395411,-0.11316211390808932,-0.010321066131767167
23.405,-0.06226000029188458,-0.12352647232371512,-0.023383908219294244
23.41,-0.05090412699161431,-0.10868423209606382,-0.006678002285484888
23.415,-0.029191992405130887,-0.11800805824944137,-0.01044066339457498
23.42,-0.048558542234951124,-0.1157024117214147,-0.00885983793782008
23.425,-0.037177686884178766,-0.1039546187495146,-0.005183383101583869
23.43,-0.036932693854879316,-0.11597225641048273,-0.020617757768717316
23.435,-0.06076989118499324,-0.11333241508809944,-0.006414056027285455
23.44,-0.038912176081899744,-0.1207400532718594,-0.0034816986796208167
23.445,-0.06271863900172625,-0.11171331778422,-0.02128007387143189
23.45,-0.043889570044441384,-0.10222702870421248,-0.007175620414082044
23.455000000000002,-0.05001809637774324,-0.10814285537020768,-0.002429279052688809
23.46,-0.030723996000216212,-0.10392235542378413,-0.04591495722388056
23.465,-0.036036635243340685,-0.10812461463290307,-0.020649585151661504
23.47,-0.03649380367261208,-0.10074156574862934,-0.023480173166885873
23.475,-0.03207058326753784,-0.10137753442204514,-0.017612460401722083
23.48,-0.03248370092606139,-0.1010687906300115,-0.02125161970231804
23.485,-0.035433745672413884,-0.10195253260791567,-0.01734055989624944
23.490000000000002,-0.05943575321052485,-0.11976612467327287,-0.011550316126006295
23.495,-0.043004862296648114,-0.12236366041806235,-0.0012051987113703942
23.5,-0.054063392927869464,-0.11920691307722842,-0.0074361504292636636
23.505,-0.05551985982380233,-0.103070378300127,-0.006348989978426438
23.51,-0.060526551814166926,-0.1032131285901636,-0.03311471689006827
23.515,-0.03670496538846759,-0.07758454523361885,0.008240513025891093
23.52,-0.024437940996420757,-0.11197787608668472,-0.004334052368212722
23.525000000000002,-0.04528774188345227,-0.12421759737767785,0.0013613137137790457
23.53,-0.04817982883701115,-0.10475882929379737,-0.01914860512592777
23.535,-0.06187250427120764,-0.1041175083503655,-0.009697040419299195
23.54,-0.05849921324999468,-0.11466205806718663,0.013411681097496802
23.545,-0.05110601306436343,-0.1050423338907091,-0.01542000383989637
23.55,-0.042152287606512726,-0.09989511945257111,0.005154999442986444
23.555,-0.03251961789791203,-0.10369643505815425,0.004067305148172512
23.56,-0.052344581156998735,-0.1250471482851287,-0.00574630639468008
23.565,-0.03786686698729044,-0.08980916992650195,0.002534239020198132
23.57,-0.062004196751429694,-0.08682172835040759,-6.820665830119255e-05
23.575,-0.04910375094139289,-0.10002223030388187,0.006429369870915991
23.580000000000002,-0.03646801428928972,-0.10196692182198006,-0.0073806185505753095
23.585,-0.030848625973536256,-0.09191222601852884,0.0005628584877453349
23.59,-0.030155589306268007,-0.1025936670869604,-0.034435511278580355
23.595,-0.03531660549877647,-0.09584793872559992,0.0004539764961581042
23.6,-0.038460728551454056,-0.09613938729983286,0.0009430101156029987
23.605,-0.03596626438582732,-0.12504020136389765,-0.011547194385137311
23.61,-0.036666383751897444,-0.09283671499403315,-0.006426064356914984
23.615000000000002,-0.043557762581835635,-0.09877403147176173,-0.03127633403907229
23.62,-0.04865103037528649,-0.11043745049297266,0.0005323618255769205
23.625,-0.03279515689356583,-0.09366161437882775,-0.009041590083557802
23.63,-0.04364620307381773,-0.11211445548919947,0.0026447605168530854
23.635,-0.03286736417650742,-0.08033947199855164,-0.002341695633485844
23.64,-0.031141840684665596,-0.10410155374387972,-0.030555728742829705
23.645,-0.061293093937371076,-0.08852575937854243,-0.017983273405122183
23.650000000000002,-0.04170857882240901,-0.11440939030885881,0.0013422625194905646
23.655,-0.03307981755408886,-0.1019397215354783,-0.01618114417656066
23.66,-0.014230335432639402,-0.09258187057158729,-0.011552788032509687
23.665,-0.04643446170306758,-0.11158557259475413,-0.0027125054315991085
23.67,-0.04654562071199389,-0.11316013084063663,0.004256252386435705
23.675,-0.03643750807590217,-0.10173376107552601,-0.018238053362539704
23.68,-0.03628239475601611,-0.08568012145442885,0.0033948440387572623
23.685,-0.04280369375131719,-0.10478742075430807,-0.010224757778042676
23.69,-0.0564454147315028,-0.09385947282161021,-0.023214815217114625
23.695,-0.04534321191808245,-0.09520203887504558,-0.007352036591432607
23.7,-0.05359133435944412,-0.10313864631953504,0.014958218122869453
23.705000000000002,-0.03855647393841758,-0.0875916066034709,-0.023140326162961182
23.71,-0.030393268445918605,-0.10059145284726567,-0.00476998056355946
23.715,-0.028053441473055336,-0.10242937742956514,-0.01065345123249166
23.72,-0.041396465089253265,-0.07447980011481525,-0.008492130485168971
23.725,-0.020172436020521628,-0.10900800674813432,-0.0024594663680738652
23.73,-0.03931587225086091,-0.10849066565724885,-0.009416720493290513
23.735,-0.04082235220405883,-0.0870473073484665,-0.010186547127112505
23.740000000000002,-0.041732047409829845,-0.09814888860644624,-0.0040082597711921086
23.745,-0.04236500936700495,-0.09680049018937524,-0.021037220346293146
23.75,-0.0507030582145995,-0.0883406843839151,0.013001794104706612
23.755,-0.02691392428992025,-0.0954131583156099,-0.00254444592091779
23.76,-0.04233342989732031,-0.06451273556183879,0.006345005578494317
23.765,-0.04466538544661848,-0.09338848952641836,0.01637917326551422
23.77,-0.030798509293092358,-0.08167988312525808,-0.014555722856605079
23.775000000000002,-0.03670347998263535,-0.0911532399713326,-0.015041997690632088
23.78,-0.02781177843490998,-0.0994145609617389,0.00031289578340057585
23.785,-0.043242551805653597,-0.08606338619088844,-0.008460352122118146
23.79,-0.04101975254909578,-0.08715332352231378,-0.005743734688713328
23.795,-0.033453788093926545,-0.0818376158876884,-0.0010474957341740565
23.8,-0.03986038576163034,-0.08944326151024562,-0.0008358223201284992
23.805,-0.046352853764243515,-0.08797420571948891,-0.00032769237740400137
23.81,-0.025329291872622523,-0.07758511468933288,0.007276547584913411
23.815,-0.03587218885860764,-0.0920064069152696,-0.005624283912640231
23.82,-0.01403329767059031,-0.08355199139524949,0.00025502747428786995
23.825,-0.04653267584024442,-0.07983463197279578,-0.0057455921670056444
23.830000000000002,-0.025842871067685434,-0.09041123990630581,0.003622330334083034
23.835,-0.020997824212334114,-0.10487349672538646,0.023052910572784052
23.84,-0.0384197753640141,-0.08939730633210738,0.007704504127501665
23.845,-0.04388729663913763,-0.09395198209918622,0.011046685681390103
23.85,-0.03620051789676228,-0.0844884168072227,-0.005713716020134953
23.855,-0.013606746925954013,-0.11188206568476702,-0.0035674013882653725
23.86,-0.04268649065156273,-0.11439017628966829,0.011975110667408077
23.865000000000002,-0.030550931481652527,-0.08899856866661636,0.004831404548883783
23.87,-0.042389212549030844,-0.10829204404981177,-0.00040386249720483075
23.875,-0.041302093219600974,-0.08187032795313466,-0.020199407675247857
23.88,-0.01810640255763904,-0.09277669473025696,0.009757084984857726
23.885,-0.038550790546861786,-0.08433253891673952,-0.007146323089856622
23.89,-0.03787465961287105,-0.09664766519232577,-0.0054305610193735926
23.895,-0.045467095737036445,-0.08616534762301647,-0.008288085808658065
23.900000000000002,-0.036804972509242674,-0.1015840416735353,0.00044145056433992323
23.905,-0.04005616993251809,-0.08197333044209193,-0.010658186750469758
23.91,-0.04317226286895171,-0.10136755101586974,-0.025678501971048116
23.915,-0.026750001533679624,-0.07098943306238666,-0.007247193956631636
23.92,-0.028434057381394397,-0.10089425341586244,-0.006915867766076136
23.925,-0.05089612034721884,-0.1005392245923157,-0.004463705908162403
23.93,-0.05310170814390542,-0.08694638737841795,0.0009437254832734754
23.935000000000002,-0.047705087019642635,-0.07677558183798726,0.005757697998414301
23.94,-0.05506415881582711,-0.078208995834059,0.018375234845958908
23.945,-0.05722777867688816,-0.08269132958868043,0.006316220635050841
23.95,-0.037536542055000295,-0.09715452708857156,0.011754628166651283
23.955000000000002,-0.054363516071079185,-0.08277403155512796,-0.010280829864352428
23.96,-0.0442594179608722,-0.09720323595418179,-0.008594006043912372
23.965,-0.04281209846702744,-0.11480913855317526,-0.0038010693704784142
23.97,-0.0528611898097028,-0.11011651272339137,0.005034825069103842
23.975,-0.03856809468213218,-0.07788702848470633,0.00810279034114794
23.98,-0.04554600215205341,-0.09332283638079354,-0.002184013545730267
23.985,-0.045240291264726784,-0.09461607729579691,0.024367427876195363
23.990000000000002,-0.02396448517472701,-0.08219666143834004,-0.01668895682249117
23.995,-0.05601401524978544,-0.07680806494972967,-0.002369703998816654
24.0,-0.047213655040202224,-0.09077215523847573,0.001667884179732458
24.005,-0.042689988710719315,-0.0924355796784152,-0.017868904380398332
24.01,-0.03779855141238852,-0.10254057683856854,-0.007816512459090583
24.015,-0.02615501797998811,-0.09342859062578082,-0.0024379828092971215
24.02,-0.05788978334267371,-0.08718426700483602,-0.01376814026544553
24.025000000000002,-0.039400825656351654,-0.10710221640568644,0.0062657466722585604
24.03,-0.036521814483029186,-0.07116295500764619,-0.0031210526773498707
24.035,-0.05141458511252389,-0.1018967051744627,-0.026641599874960273
24.04,-0.04228870196365862,-0.07534521657710902,-0.016277102115242092
24.045,-0.03841254505424776,-0.10567757373787683,-0.029612754238227564
24.05,-0.04512655078682743,-0.09041488982914066,-0.011321126132866902
24.055,-0.040999283654476394,-0.09573504193728131,-0.007756008039402167
24.060000000000002,-0.03428865763551342,-0.10019222793328342,-0.013380636813200076
24.065,-0.05020258892960969,-0.09914428576343078,-0.014162554774206762
24.07,-0.05434819304927797,-0.09271763225426645,-0.01663278305442399
24.075,-0.07622397287417326,-0.08448276824763772,-0.02629264694009276
24.080000000000002,-0.06212705396772744,-0.08948187820948422,-0.02374144015201301
24.085,-0.04020588019675028,-0.1158711543693302,-0.015699401102139094
24.09,-0.03449362043579621,-0.09208519589169041,-0.01701027578110448
24.095,-0.04371043461918429,-0.08487639087071587,-0.013308253405325734
24.1,-0.029734196987970946,-0.0885716422839991,-0.02860040097283969
24.105,-0.03857110238188509,-0.08783464186374224,-0.02161926538977421
24.11,-0.04269768956419478,-0.08339996288906647,-0.026428568378797097
24.115000000000002,-0.04289304436626632,-0.08989230831264494,-0.0021627011162375677
24.12,-0.03857316959343988,-0.09546451777759793,-0.01406011062936698
24.125,-0.04607796169958873,-0.09242413049875266,-0.010427164636876497
24.13,-0.027162460498323493,-0.0866111014373667,-0.024838241877026972
24.135,-0.04151132694763012,-0.09019588332075046,-0.014606499107251456
24.14,-0.022899975460555853,-0.07655680544778364,-0.001075165955260215
24.145,-0.03277349370959168,-0.08211030222913257,-0.006455939759789786
24.150000000000002,-0.016358408484069734,-0.08800269204649197,-0.02506680053219869
24.155,-0.03612656399043808,-0.0827553396564458,0.0056971786517254425
24.16,-0.024363913274168494,-0.08422986428842402,-0.004304480969321354
24.165,-0.03682046948716386,-0.09203143406091605,-0.030726714826078652
24.17,-0.03051736942437607,-0.07555971580826887,-0.012487729813263298
24.175,-0.006347915167944489,-0.08697765695721216,0.015953600911847596
24.18,-0.026685221160732644,-0.10101135325670052,-0.010352774792305917
24.185000000000002,-0.037348917793385464,-0.0879886082139191,-0.008098905616289159
24.19,-0.03230648894999032,-0.0975666426052964,0.004413409901985741
24.195,-0.019265554386011335,-0.07894734134366334,-0.0004572180250847729
24.2,-0.03038212988296117,-0.08275061081660576,-0.010460529324566644
24.205000000000002,-0.02827693380502891,-0.0876588063553461,-0.007920222754429038
24.21,-0.034375433263334025,-0.09985914401393291,0.004017858443622263
24.215,-0.023652569924757776,-0.10081295704086002,-0.019418812616229846
24.22,-0.031947517883033294,-0.08564292431965474,-0.0012595246728205882
24.225,-0.04595774903314286,-0.09140311572463121,-0.0026331673343403046
24.23,-0.017672438048151325,-0.09748604183853678,0.0026099874597067673
24.235,-0.031227516913184372,-0.10046591368463136,0.006131162604827698
24.240000000000002,-0.02701374026607132,-0.09411971481998474,-0.014674071755248971
24.245,-0.01696400541217216,-0.10181606446441874,0.014077322285893566
24.25,-0.01398356102091742,-0.10199232794571383,-0.007368280977358126
24.255,-0.020151275122163192,-0.10223568332673602,-0.0034180529430989748
24.26,-0.020372893375041643,-0.08369964266920916,-0.011735663635716619
24.265,-0.03346933682053064,-0.09348320303266162,-0.005677309556473064
24.27,-0.025790375997272946,-0.0824103936330177,0.01571720420301436
24.275000000000002,-0.022119677216322457,-0.08244234873124413,-0.0003553595631329374
24.28,-0.025839879262863158,-0.09039460754473716,0.004470460607526737
24.285,-0.02296477905202322,-0.10419651695307955,0.004842290560584954
24.29,-0.03801485560386262,-0.0887177544163765,0.002350385355398619
24.295,-0.040103002989739865,-0.10104563165483352,0.006312779798378319
24.3,-0.03187819237920437,-0.09389426848977005,0.0012720086983018211
24.305,-0.031186546625660345,-0.07614308906837784,0.00021123897157979593
24.310000000000002,-0.03000455864623775,-0.09769927388941445,-0.012245548651065401
24.315,-0.02676523826912848,-0.10976824712974254,0.005856864675329796
24.32,-0.03652247466321716,-0.11066159919570076,-0.018018705590364278
24.325,-0.03986223257620662,-0.1243048643957447,-0.007818132372870571
24.330000000000002,-0.026598572506988775,-0.09681179223898242,-0.02698559165633729
24.335,-0.051684329258471065,-0.10972475204633349,-0.023827476498554444
24.34,-0.017193771759296893,-0.10774665502642139,0.0016488191157150206
24.345,-0.007053102855019985,-0.11707243538568213,0.0021518537285824015
24.35,-0.05265583940397227,-0.10590050784875835,-0.02244261526480991
24.355,-0.04028842834752501,-0.11798255650790512,-0.008033376528990473
24.36,-0.02965773338169238,-0.08644886084678755,-0.016143893657765796
24.365000000000002,-0.022411804831674056,-0.09856524760673654,-0.018494997772651216
24.37,-0.03093810969224981,-0.09517432156393449,-0.0072231685453327575
24.375,-0.036876614485596836,-0.1110648448418502,0.002871135467930725
24.38,-0.02246575667500881,-0.10976914996574491,-0.011474509639119914
24.385,-0.028145891811324632,-0.09988032261686762,0.004181579505881653
24.39,-0.020657119512991148,-0.11752803032072184,-0.01802289571390537
24.395,-0.028979695292443368,-0.09220942884795705,0.0021799938413538497
24.400000000000002,-0.0398915799176807,-0.095227167345348,-0.0008567836394054037
24.405,-0.030317360588628734,-0.10064350291561648,0.0012773652710203554
24.41,-0.03946987071580593,-0.09860032056685344,0.0022152476264711463
24.415,-0.01590261615444487,-0.09731371634364275,0.010638257712818677
24.42,-0.023694779838794883,-0.0930158267025325,-0.00181284835606634
24.425,-0.020093146637291576,-0.11048419173926463,-0.008280254459173922
24.43,-0.04065482315869819,-0.08912967789085266,-0.005729069640404694
24.435000000000002,-0.038858708503329155,-0.10884409601847982,-0.018987433620770124
24.44,-0.05084478497853176,-0.11376556406790334,0.0031430251488191213
24.445,-0.046914639120180054,-0.10649541135736418,0.006530115907324781
24.45,-0.04835554016769538,-0.10166304817317659,-0.014144471888529471
24.455000000000002,-0.036148048311335286,-0.10685456006644192,-0.01005130101517326
24.46,-0.05304038261484574,-0.09655707068826742,-0.027105756712055677
24.465,-0.030940293524412906,-0.12856542446792704,0.0028049702385885946
24.47,-0.0740913443807675,-0.11974588164383909,-0.021247855809218646
24.475,-0.03772247081911021,-0.11142092634410382,-0.007861682500991774
24.48,-0.03262042591390111,-0.09990400517254375,-0.034314065694569296
24.485,-0.017601777520585712,-0.09267673332800934,-0.03634151501492139
24.490000000000002,-0.03457763482382079,-0.1057443616537193,-0.016456025397418483
24.495,-0.036958670858278746,-0.10106628158861063,-0.019456059256940907
24.5,-0.05952872414159685,-0.11818430612854491,-0.02878479455995607
24.505,-0.027491783164241793,-0.10439213637912868,-0.010811772762160233
24.51,-0.0405233779124015,-0.10549751990773214,-0.015419446789613482
24.515,-0.031767126996360695,-0.09419665204047777,-0.010423052046208319
24.52,-0.01977366803575893,-0.11993791829280948,-0.009506501105928268
24.525000000000002,-0.028720274730660418,-0.12522098858588454,-0.017319413925196266
24.53,-0.02625007021076766,-0.08982751238007698,-0.04059007884776449
24.535,-0.034605080883349404,-0.09747828797524784,-0.011252841139762004
24.54,-0.03234153969629791,-0.11187070632443825,-0.010260172746895996
24.545,-0.037294144850336365,-0.11578823564135812,-0.004519871626121859
24.55,-0.02857495981084726,-0.09885795510445439,-0.022537416099276175
24.555,-0.027979839490012745,-0.09775612904543132,-0.015802767583366198
24.560000000000002,-0.03421839267479554,-0.11815837865555642,-0.02447759040971494
24.565,-0.03454111145720637,-0.11771223320928259,-0.009900530909066703
24.57,-0.02795688657155742,-0.10567983220740852,-0.011011202664402659
24.575,-0.032869107972526804,-0.10875914523003412,-0.02960789460799986
24.580000000000002,-0.03925356932274806,-0.11650787261228243,-0.00885571404526376
24.585,-0.04866196511753611,-0.11025187901668156,-0.034979590381673004
24.59,-0.029092889744723613,-0.120900910418632,-0.01549525877627364
24.595,-0.04243232833743938,-0.10480484230413595,-0.006470704886750465
24.6,-0.038296062575579,-0.1096076709264352,-0.02353652622629222
24.605,-0.03486311641105649,-0.11273342802149403,-0.012237105563128622
24.61,-0.04185192726428623,-0.10276333241404857,-0.02264964735151034
24.615000000000002,-0.04076579054914657,-0.10313015417017024,-0.019411972149988358
24.62,-0.02939322936873369,-0.11943548467553929,-0.0155085285730267
24.625,-0.022221887079859108,-0.11907215303758918,-0.013662271560287775
24.63,-0.03406287358466884,-0.10714476185565061,-0.010830726285728027
24.635,-0.041493422920328704,-0.10607261829667228,-0.019531349661302835
24.64,-0.05606465051738278,-0.12074519539846461,-0.010402492344771296
24.645,-0.04173043350543991,-0.10878113831006583,-0.01625710726582231
24.650000000000002,-0.046696053825393206,-0.12187728978538201,-0.036981143303217806
24.655,-0.039582313259514584,-0.13489506413325886,-0.0059455656343529025
24.66,-0.048424971425607956,-0.10935123897628035,-0.025427916429715723
24.665,-0.060129297234925154,-0.10472133064915484,-0.018566985803843743
24.67,-0.057238435197678406,-0.12625266921643669,-0.05189649126356579
24.675,-0.04477292010787531,-0.10621201328793434,-0.006513417676156981
24.68,-0.045506285755011415,-0.10792648094943881,-0.0006624773247074622
24.685000000000002,-0.04983621119380386,-0.09537135951782522,-0.030617159203326
24.69,-0.0460507778219266,-0.09646296028229055,-0.02029831752886249
24.695,-0.038552956320055745,-0.10330382805994481,-0.018853806043119137
24.7,-0.05059871246146347,-0.09819399853119548,-0.01570748338943403
24.705000000000002,-0.039347132508374044,-0.10359907167735366,-0.020317028225537825
24.71,-0.0547818906093542,-0.10215884387962436,-0.02224544965664601
24.715,-0.0388807030599934,-0.10348871903083198,-0.022665514619248518
24.72,-0.04349497734419607,-0.10690341599990834,-0.03157277364036838
24.725,-0.054169525574900505,-0.11410968243894176,-0.03823927472047133
24.73,-0.02755764724593252,-0.10912215186483912,-0.011140584449099305
24.735,-0.03401230956097234,-0.11793002181756705,-0.019328694904672386
24.740000000000002,-0.028527627494625396,-0.12662049458238028,-0.02172549448677454
24.745,-0.05594014848564561,-0.11455827448841437,-0.016152429265728904
24.75,-0.03258875660874562,-0.12129705929342857,-0.026072947333091685
24.755,-0.03773422797023593,-0.12398731024094091,-0.01671252119567361
24.76,-0.020182375438906323,-0.11205281310225286,-0.03331490469489273
24.765,-0.05536058020681441,-0.11109979626815385,-0.014751440925814477
24.77,-0.06643793969718083,-0.11630860281531016,-0.02479725664159841
24.775000000000002,-0.0331646781510489,-0.10485876043041802,-0.03387763060678395
24.78,-0.049095804098801175,-0.11782736181809444,-0.012868247754701719
24.785,-0.03483922048985489,-0.1302768330557773,-0.01818352122719868
24.79,-0.023841519637768944,-0.12686532249760246,-0.01938730665312793
24.795,-0.0404478268323539,-0.13189317739165957,-0.02829254917677073
24.8,-0.021161664386272927,-0.13101634200040857,-0.03735755426406628
24.805,-0.029028476453462994,-0.13872415213103112,-0.015285545059589303
24.810000000000002,-0.04572949185553046,-0.14743108772906544,-0.033742651345948615
24.815,-0.023442022798534932,-0.10839382453485118,-0.02291006601699795
24.82,-0.037663181675636134,-0.12616861451482259,-0.013613549200575007
24.825,-0.035073134153790445,-0.11181248034372898,-0.02072493821940964
24.830000000000002,-0.03865769149009104,-0.11893001185434254,-0.044492955186247476
24.835,-0.02837916249051258,-0.12650024733524712,-0.018599982014331135
24.84,-0.03751376469785323,-0.12167635204066655,-0.025700297069818065
24.845,-0.04751737508094237,-0.11868124377070467,-0.020543787965523815
24.85,-0.03331676789284869,-0.12538110693138715,-0.009836831078526294
24.855,-0.030106859309733405,-0.10338974652989721,-0.016101912910674997
24.86,-0.029786375838022423,-0.12286859488179194,-0.011714094627692755
24.865000000000002,-0.02707409801369522,-0.11309259559006987,-0.0373064379532059
24.87,-0.03314643307992506,-0.13644985412691024,-0.04582238278220851
24.875,-0.03224302989702123,-0.1202978378598537,-0.024888553493691172
24.88,-0.03872496179428638,-0.12849794786842186,-0.03569990828680539
24.885,-0.046461309104571295,-0.12177050673304506,-0.03037270279768036
24.89,-0.06428457461875468,-0.13632271737523455,-0.006427454430350475
24.895,-0.038861904409151014,-0.08030053564279707,-0.016608118011811987
24.900000000000002,-0.05425383476412547,-0.12096457076614821,-0.027044043949849134
24.905,-0.03676609727080753,-0.12429890767514307,-0.02584423760851319
24.91,-0.06436349106244353,-0.12549129994876895,-0.03412762379843508
24.915,-0.043589643312396884,-0.1257449073602847,-0.01927461037282796
24.92,-0.04519910228776123,-0.12252744902182161,-0.028867746736537116
24.925,-0.02726616129373032,-0.11629216214586566,-0.026380827950434355
24.93,-0.04087559418347904,-0.11662007294832652,-0.028434082256469085
24.935000000000002,-0.0557388923515993,-0.12033078751345137,-0.0309550764918241
24.94,-0.0560535179431439,-0.12259757246562053,-0.040664251146265006
24.945,-0.052076955009709866,-0.1239844260586093,-0.020013716644018874
24.95,-0.04406704377548333,-0.12022357071114488,-0.04400702964500728
24.955000000000002,-0.058533744423604574,-0.12027746459780805,-0.03323512068652639
24.96,-0.03501382144586509,-0.12909677549917348,-0.006489198342578065
24.965,-0.05529109132377725,-0.1031184854673102,-0.016126929692856694
24.97,-0.03414210946948228,-0.11960464836359802,-0.030726545620597193
24.975,-0.045775760893607624,-0.12075698669731916,-0.03528956236653034
24.98,-0.05401915596399907,-0.13739549135450893,-0.02513343480279081
24.985,-0.03316932362782138,-0.09903648915314364,-0.02112759992709675
24.990000000000002,-0.05229651825294653,-0.1064765836620835,-0.045065454350974726
24.995,-0.0580033670744836,-0.12246688954484099,-0.03011782983533825
25.0,-0.05525869750693616,-0.12501683326562926,-0.026079121996431656
25.005,-0.042433498971510684,-0.13241852243618335,-0.013221401905793713
25.01,-0.050369682977081255,-0.11620656694428341,-0.03411453721248573
25.015,-0.04412016548948895,-0.10909235314176995,-0.017181893955497508
25.02,-0.03805684279701371,-0.1290595017726077,-0.010792522096519033
25.025000000000002,-0.04464583841366261,-0.12353720817069147,-0.03432892406647991
25.03,-0.04661657479146552,-0.11719951168178383,-0.006520112793384327
25.035,-0.03234968281315089,-0.10901390725203867,-0.02804408894492802
25.04,-0.036375911495870675,-0.12908724855193884,-0.013471441066800576
25.045,-0.03694386630052821,-0.13543084007632364,-0.01267486827937906
25.05,-0.03900721272752884,-0.12800142340745835,-0.03629909543941946
25.055,-0.03968397312909967,-0.12241259477326429,-0.004697640048149059
25.060000000000002,-0.043402033523288974,-0.1363805981010498,-0.031778775123481914
25.065,-0.05425306049126877,-0.12185378007023276,-0.01430647113712623
25.07,-0.04961025879384165,-0.14055919756537827,-0.016649298278301985
25.075,-0.06383045558686906,-0.12138010339527536,-0.031021737703754684
25.080000000000002,-0.04081781126117451,-0.13350650121976754,-0.028467979480827507
25.085,-0.06211944624266692,-0.12509210589827063,-0.03237031983645645
25.09,-0.043754999701435836,-0.13238822507041798,-0.01910843896311644
25.095,-0.06709279478573726,-0.1405589375760758,-0.03784066954997215
25.1,-0.05254951189118991,-0.1050678832839709,-0.030948916901433428
25.105,-0.057377677557475394,-0.12379146170411942,-0.02192225059477821
25.11,-0.040668913262774276,-0.1291362367028128,-0.03598589394801076
25.115000000000002,-0.04538623949719035,-0.13292490601365653,-0.009577821071726566
25.12,-0.05872050280638587,-0.1421703282824648,-0.03580024013387605
25.125,-0.05702526298407836,-0.13141196911004333,-0.0251125780446929
25.13,-0.06196865123457433,-0.12005575332453394,-0.027389127205984333
25.135,-0.06311061060762262,-0.13164334673265396,-0.013594533257657863
25.14,-0.04722966370165428,-0.1208676872399722,-0.028574924583036204
25.145,-0.04846257126003654,-0.12738440619955638,-0.006660406687689289
25.150000000000002,-0.07412938504736305,-0.12121815652886506,-0.028026671956353468
25.155,-0.07030268682497204,-0.12469850087778078,-0.03978799363922876
25.16,-0.0630065258204107,-0.12850046450235697,-0.02755504225955509
25.165,-0.07083939716960132,-0.10498908385777173,-0.04263085151623546
25.17,-0.06798638662528302,-0.12377065935276726,-0.02713527332598192
25.175,-0.06491389512762638,-0.129434882636865,-0.03269875203927447
25.18,-0.06169970535827241,-0.12356512504959402,-0.013194437606767627
25.185000000000002,-0.044865747032867914,-0.13454643264298896,-0.02624679514230717
25.19,-0.07896740973985703,-0.12178649049150173,-0.031616745472462404
25.195,-0.05478539319444194,-0.124312431550958,-0.039831242656447
25.2,-0.0707437669343765,-0.10779003401546597,0.00032003371040781846
25.205000000000002,-0.06370431597464336,-0.12842825228624186,-0.035702359679201406
25.21,-0.06569386420769163,-0.131307614667552,-0.030641940750957514
25.215,-0.06371714424804814,-0.11514272590806378,-0.03066261198673731
25.22,-0.06143201085580435,-0.12921846629561354,-0.038519623085318075
25.225,-0.0758595459052702,-0.1373104728695531,-0.034778109434713086
25.23,-0.06541117717468203,-0.11770773290247596,-0.0468363462512066
25.235,-0.05292393149547332,-0.13115057290086776,-0.03193571353245256
25.240000000000002,-0.08948271447788607,-0.12505847976036327,-0.03278993366139257
25.245,-0.07026688245648424,-0.12858162929496508,-0.032042708625343023
25.25,-0.05530153476060119,-0.13542190284421618,-0.0225266896300953
25.255,-0.07588695856329473,-0.10971455137112172,-0.045942195073445866
25.26,-0.06464718204330169,-0.13960625651273934,-0.04325353831839883
25.265,-0.07908941837808377,-0.13588457236206664,-0.04413024964735144
25.27,-0.07216028736165796,-0.1148898246468599,-0.03528951143761666
25.275000000000002,-0.07504702466157445,-0.1201619055517075,-0.03843326521814208
25.28,-0.07763530405577941,-0.12263466673326302,-0.03289996598826694
25.285,-0.09506029972014424,-0.10184538454272068,-0.03877422132928426
25.29,-0.07476475689596729,-0.1184788733166647,-0.045671372470293556
25.295,-0.08268874377224512,-0.11099725696389091,-0.0326278874750909
25.3,-0.04502033077558713,-0.1232934099306986,-0.028547008600477337
25.305,-0.060006663809870124,-0.11763260922981672,-0.02852745690861537
25.310000000000002,-0.07916029746655609,-0.13170763628160587,-0.03777047940050432
25.315,-0.06274300326234156,-0.11969374047014156,-0.03287057263433128
25.32,-0.06517424608094802,-0.11145357700159692,-0.023490673333736393
25.325,-0.07566521209241313,-0.11607622847828444,-0.033510326122561274
25.330000000000002,-0.06819304638225915,-0.1207045218805421,-0.02046093521207459
25.335,-0.06648556863619778,-0.12187539099530914,-0.03908521489241402
25.34,-0.08746084374021171,-0.1180414913211999,-0.037721380814972304
25.345,-0.0741342594185628,-0.10535307217995943,-0.02872742380825058
25.35,-0.09019769609968462,-0.11884540917923476,-0.03184383893792523
25.355,-0.0868462594983417,-0.12195960616794066,-0.030732198799250106
25.36,-0.09467289041894296,-0.1091646945135718,-0.016831912522536505
25.365000000000002,-0.07488598053499612,-0.11673397837524582,-0.04643262219528178
25.37,-0.07218702304842031,-0.11278250099950887,-0.03517712205339724
25.375,-0.0685468379045288,-0.12049542351096468,-0.041805925370314016
25.38,-0.06517555853916246,-0.10654661822874113,-0.030741687993363333
25.385,-0.07443320285038157,-0.12391813824826813,-0.025657631457058145
25.39,-0.0792328435561616,-0.1181038516179754,-0.0543666387976612
25.395,-0.08040999783912037,-0.10998979650547946,-0.05402425635874221
25.400000000000002,-0.07285386926495524,-0.12846849321010576,-0.014000881694881279
25.405,-0.08066971665726004,-0.11417296400304075,-0.029418486385974583
25.41,-0.06915178901010617,-0.10810190297947553,-0.02593432087629375
25.415,-0.06859387536336051,-0.1060268234125547,-0.014768161680380186
25.42,-0.06669196206308717,-0.11759390385555382,-0.02363760388037912
25.425,-0.07512599678817708,-0.09773894020239852,-0.02478231782334435
25.43,-0.08965763494016105,-0.11825171490634093,-0.03602971947424222
25.435000000000002,-0.06377753663006913,-0.11534573416236711,-0.036366082198716045
25.44,-0.07231114453215012,-0.11068110275000487,-0.03318346637701908
25.445,-0.06357044293991765,-0.10745406580527972,-0.03139098801037783
25.45,-0.07352893379136585,-0.11077192446620936,-0.032696891305460954
25.455000000000002,-0.08262935327202814,-0.11968260073191658,-0.031236568638892154
25.46,-0.060593624547092176,-0.12304374618918648,-0.06381997769252927
25.465,-0.06958534061970906,-0.1330852752813743,-0.03613702734378477
25.47,-0.0707954794629089,-0.1370688236968114,-0.03531404504165894
25.475,-0.08019537058045685,-0.13287861108565385,-0.028187932240262663
25.48,-0.07610514717876313,-0.12884555593728275,-0.0437837626055135
25.485,-0.05586054682871283,-0.1309011011054496,-0.04903386188978876
25.490000000000002,-0.07211761117213027,-0.13034061286725016,-0.042319873002439286
25.495,-0.07419618138235762,-0.131911414646918,-0.031227354755060357
25.5,-0.059358283895124306,-0.13240817265965374,-0.043975235217359895
25.505,-0.0866718392091857,-0.1265648323305889,-0.048764628504514684
25.51,-0.0811235126671859,-0.13019985532346934,-0.0381250309636174
25.515,-0.06889702447127688,-0.13049950440368,-0.030321052701241157
25.52,-0.0706413280353521,-0.10560991210301005,-0.049672728821329566
25.525000000000002,-0.05704133057970642,-0.1082015668335025,-0.04489421422841257
25.53,-0.06966082079220033,-0.11081251254793718,-0.025586228516680895
25.535,-0.07473429100683111,-0.13104184845452366,-0.03021853255103055
25.54,-0.06198551569698994,-0.11042230358708735,-0.05547607232647546
25.545,-0.062124237700058295,-0.127599505188627,-0.03742667532357183
25.55,-0.06014008265761211,-0.1324983377712672,-0.035701206362965046
25.555,-0.0799329442968218,-0.10991910294188688,-0.04151314051251982
25.560000000000002,-0.07044206630134128,-0.12526347385644604,-0.03001293094597773
25.565,-0.06104069696568467,-0.11122178698663064,-0.04665730897274023
25.57,-0.058412174714245084,-0.1375092652910524,-0.020210305848304088
25.575,-0.07763480762169084,-0.119183585959731,-0.040877568778904444
25.580000000000002,-0.03481039283173005,-0.11785937427788357,-0.051531892350354505
25.585,-0.0631551821916015,-0.13342975021288447,-0.02359738596710791
25.59,-0.06447362172018486,-0.11656504303062534,-0.05228160490832613
25.595,-0.06252923708238399,-0.12325088579071371,-0.03261767540771873
25.6,-0.07573832033396265,-0.1436915647057678,-0.04617845705857433
25.605,-0.03987080531405191,-0.11635348334784355,-0.04971081517512111
25.61,-0.06557553392069282,-0.14535173622965294,-0.054539524665587605
25.615000000000002,-0.06301191695282887,-0.13046916944742937,-0.04018107889231229
25.62,-0.062230200665400914,-0.13736119273437591,-0.03019295072281908
25.625,-0.07521846036508588,-0.13492046294358942,-0.043044656107952675
25.63,-0.08315767259005447,-0.11708445901719708,-0.042655342031946285
25.635,-0.07749237494175293,-0.1239844444677396,-0.03176314887553758
25.64,-0.06822663804738835,-0.12584216789119262,-0.024368932647026297
25.645,-0.08313544944639956,-0.1190280187424404,-0.048971582775505514
25.650000000000002,-0.06109356768898632,-0.13824872479949232,-0.029374967518587203
25.655,-0.06338712787261684,-0.1240142409145476,-0.01574912851562073
25.66,-0.052807602947219034,-0.12572347965716393,-0.005385413661163805
25.665,-0.07506673145240347,-0.12654624139208182,-0.024372602368452113
25.67,-0.06846995592874384,-0.1391246682810616,-0.03531490030731858
25.675,-0.08125444998499112,-0.12865472002096784,-0.028784390069034858
25.68,-0.07680144004640298,-0.13204141484783083,-0.02845601915926288
25.685000000000002,-0.047123319338401914,-0.11508881436431612,-0.04152408024018445
25.69,-0.07897621631772322,-0.12207333247934787,-0.02204096359783313
25.695,-0.05438143759663899,-0.11294329095513275,-0.04673082819273654
25.7,-0.04398212303836265,-0.11394446541115166,-0.025271752559795732
25.705000000000002,-0.0808624358991175,-0.10348011902749955,-0.02818279946834249
25.71,-0.06436461226329293,-0.13421269487166004,-0.03975468898345537
25.715,-0.06257026131971334,-0.12196682975737391,-0.01767455377181474
25.72,-0.0712148553180958,-0.10538610945584903,-0.029385023277373065
25.725,-0.062001965157111205,-0.10039998331406197,-0.01891540017424783
25.73,-0.0610397380066862,-0.12104551128197433,-0.010887411317456224
25.735,-0.08435814948066701,-0.10327033338089979,-0.03225674523753273
25.740000000000002,-0.06400046092738251,-0.1118537015734096,-0.02972658880182233
25.745,-0.05391866399123947,-0.1050893416028072,-0.024044550346922565
25.75,-0.0698378918372585,-0.11951739318501411,-0.02233745701149246
25.755,-0.05565351108940464,-0.11127245441177168,-0.02630664742332001
25.76,-0.08026015397460391,-0.13097565486052914,-0.018691110062809723
25.765,-0.05864632028402503,-0.10968985265168277,-0.00446836186264789
25.77,-0.054447818367331466,-0.10603398676362724,-0.027020939979797636
25.775000000000002,-0.05290573133001408,-0.12040335389753297,-0.021930938142892865
25.78,-0.08609511062587219,-0.11177898436168696,-0.021561683228096887
25.785,-0.07940260326444366,-0.12215155383269993,-0.006825486251682471
25.79,-0.0729235211910547,-0.11007494912314512,-0.004759952148074681
25.795,-0.073418359723916,-0.1264487865162404,-0.023979395624424252
25.8,-0.07361105991711417,-0.1493666527456957,-0.03218928331596887
25.805,-0.06431052684647985,-0.12114419646869357,-0.0378173799638461
25.810000000000002,-0.058159471047851505,-0.1265250688030365,-0.02235657383285705
25.815,-0.0829823572748031,-0.1145447270838789,-0.021406799701172576
25.82,-0.09409164609324956,-0.12024758109275613,-0.012323139567538909
25.825,-0.05592957432738909,-0.10229943170588722,-0.027167478278170776
25.830000000000002,-0.08562966091483208,-0.11591497394737202,-0.027233124328092908
25.835,-0.0770059234739843,-0.13224423179839714,-0.03015668876968085
25.84,-0.07517569171291695,-0.13957254659302393,-0.02149777695118538
25.845,-0.0818271565510431,-0.11749715435766638,-0.02569833740656277
25.85,-0.0674012313274729,-0.12850503153695722,-0.045748392995308675
25.855,-0.04779023754887411,-0.15147373310058598,-0.012291934906423205
25.86,-0.09492923836599182,-0.13529706435612412,-0.030466922520692052
25.865000000000002,-0.08889253366718161,-0.12057504864918289,-0.0280988224215396
25.87,-0.0700265497073285,-0.11889197039010202,-0.04571504904697307
25.875,-0.08344919487540087,-0.13589510176011077,-0.02541612792127647
25.88,-0.09813540508757189,-0.15185416073166083,-0.05222267755355977
25.885,-0.10163258611971372,-0.13103207944094147,-0.028802545747875517
25.89,-0.08241122358467019,-0.13167546686400788,-0.03900074635835841
25.895,-0.08494565827886129,-0.14610773473100627,-0.03293409862195089
25.900000000000002,-0.07575651674886033,-0.14097279975432642,-0.036003646422551765
25.905,-0.08715841936943515,-0.1500469221896249,-0.04522726507131905
25.91,-0.07710351928045754,-0.13923070602154466,-0.02487949659940357
25.915,-0.08980891544315805,-0.1274547296995096,-0.04599432944359133
25.92,-0.09645197155548654,-0.14016415878140617,-0.04552155620582231
25.925,-0.09378778287310255,-0.1428334140062485,-0.04483527637374637
25.93,-0.09632584953199486,-0.14178555640438661,-0.02420501065905028
25.935000000000002,-0.08010466056667488,-0.14275198156535326,-0.033286977021217856
25.94,-0.08524180702762255,-0.1277994489168302,-0.03462923539783384
25.945,-0.07628981007153653,-0.14583048671984775,-0.03754380438025195
25.95,-0.0643715676946653,-0.13038559412219006,-0.01816856153252516
25.955000000000002,-0.09020640450734488,-0.13323238281882427,-0.056597065314309594
25.96,-0.07697647802182947,-0.13437074170937577,-0.03807756005174105
25.965,-0.08631220131469797,-0.13800127706052362,-0.03407823939003408
25.97,-0.074456724843905,-0.14235626852724728,-0.045169948477933014
25.975,-0.09158985655665583,-0.14981919807378793,-0.05649051553119407
25.98,-0.07655427719214428,-0.15590697501451947,-0.06131573417920985
25.985,-0.09079261463254852,-0.15739766447511616,-0.03775783052527179
25.990000000000002,-0.07891065658443677,-0.1502991303679013,-0.03716582969854985
25.995,-0.08045695247011389,-0.15115685058576864,-0.05296267956141049
26.0,-0.10705588920568003,-0.13460133203622138,-0.0445488166325023
26.005,-0.08650635139721664,-0.13972307218645302,-0.043739399807917
26.01,-0.08129264227622633,-0.15019544076023694,-0.050504399372506614
26.015,-0.07797449352340989,-0.1596389162064673,-0.04661076589135989
26.02,-0.08142523817203048,-0.1514414920327438,-0.04157976951431985
26.025000000000002,-0.09891208852737948,-0.14133991300760224,-0.0471837346079847
26.03,-0.08110574261669101,-0.1336791966401818,-0.04011248898172994
26.035,-0.0976243710642149,-0.1493545044094764,-0.03749796661047771
26.04,-0.09424682975749671,-0.15230294247487344,-0.03724298670322106
26.045,-0.1047369995294371,-0.1314008415211599,-0.04867596489887335
26.05,-0.09157143743814875,-0.13176490625606477,-0.03617614127928985
26.055,-0.07670322847917922,-0.13898148883584532,-0.029025284503055727
26.060000000000002,-0.09287038020548828,-0.15011587195081294,-0.04052803080753659
26.065,-0.06908688216892439,-0.14260118955475065,-0.014793875296975914
26.07,-0.09742715759198511,-0.12927721519296598,-0.02478459792669807
26.075,-0.08571641254849098,-0.12147542563833277,-0.035776422683693604
26.080000000000002,-0.08449569955830344,-0.1458262755912183,-0.034968475476878515
26.085,-0.08631024178738701,-0.14678709854742916,-0.03954142927179474
26.09,-0.08946178867068331,-0.14536519431430225,-0.01627248892800654
26.095,-0.09221715990205531,-0.1364169508254428,-0.031494747977131886
26.1,-0.08952895697405196,-0.14599393153252885,-0.03135664104907668
26.105,-0.09636014568149841,-0.1364852292750242,-0.037135459996541574
26.11,-0.0927656346431519,-0.12485742818678291,-0.020201750592888618
26.115000000000002,-0.09896186766292256,-0.1285134327540574,-0.033352634204153006
26.12,-0.08711940787234607,-0.14640938982757554,-0.03526556499170389
26.125,-0.08704230121695744,-0.1502024335868767,-0.024568013709700222
26.13,-0.0845919067760597,-0.1306401758552423,-0.03228524218244633
26.135,-0.08012262172510115,-0.1320242447920345,-0.035042978279384
26.14,-0.09133998404932818,-0.15490427563065273,-0.037819967210644186
26.145,-0.08127661130833318,-0.14664212372295837,-0.038527960551720385
26.150000000000002,-0.08548202486418086,-0.14848738579719664,-0.027935848514672474
26.155,-0.09946067596656046,-0.1400080210736252,-0.03454567410445859
26.16,-0.09380386672462665,-0.13330534171242417,-0.03693303594837509
26.165,-0.08383480904786861,-0.14819662865975042,-0.02483468654769933
26.17,-0.09669084161327328,-0.13976772889780395,-0.029608125806870503
26.175,-0.09993000812849996,-0.13136355968604532,-0.0067186245981371165
26.18,-0.06544683060317937,-0.12726641308561548,-0.008671764876976486
26.185000000000002,-0.07950227608157351,-0.15387300560321682,-0.008227727549080043
26.19,-0.08888061610487807,-0.14676228782853518,-0.024564164260498074
26.195,-0.10178174659332678,-0.12936624858342022,-0.01139383962881622
26.2,-0.07506811291496583,-0.14000314968513822,-0.0238104067049531
26.205000000000002,-0.07411805263023616,-0.11896624478307707,-0.009793263251869858
26.21,-0.10727554803116832,-0.1514196673279663,-0.0287119990331674
26.215,-0.084740177485353,-0.12409705370534826,-0.007467577670387301
26.22,-0.09389530321785669,-0.1376444338913314,-0.027889017547581142
26.225,-0.08993783664058574,-0.13601803159982795,-0.014771274435553098
26.23,-0.10609478296375727,-0.12210434900285205,0.00025075906311742245
26.235,-0.10199906513399071,-0.11508436375778923,-0.006638112511808068
26.240000000000002,-0.08891462998273501,-0.13658198443234001,-0.01628753888453854
26.245,-0.10347433310245396,-0.13310766200725552,-0.02753008904982452
26.25,-0.08494366009907495,-0.13564376509785014,-0.011487676976197105
26.255,-0.06437034468858316,-0.12686087458105272,-0.006261551640627095
26.26,-0.07771667485833396,-0.12076909362487537,-0.012771755458847088
26.265,-0.07876962429558201,-0.11957879890684821,-0.01717773440128198
26.27,-0.06980565037396197,-0.13171660616780073,-0.017337370612571255
26.275000000000002,-0.09440229643538108,-0.14016526140700877,-0.004366426919395799
26.28,-0.08167995620581794,-0.12420833882587011,-0.0014284635482540217
26.285,-0.08439465791585751,-0.12800616246587068,-0.03582986012569022
26.29,-0.08316051074289213,-0.12566415319537222,-0.029287976988685363
26.295,-0.07352447246965808,-0.13301334942914048,-0.0033389746286466605
26.3,-0.06760452832935362,-0.1348935591542785,-0.009846389883811544
26.305,-0.08881848686095173,-0.12652561994660963,-0.015841126467956042
26.310000000000002,-0.06504107003782567,-0.13435462620540548,-0.001765466103121522
26.315,-0.08174508456669571,-0.13430450856160625,-0.017287638823406684
26.32,-0.08416563468110655,-0.12540652104321523,0.0038180065695875027
26.325,-0.08508049005437875,-0.14356162086364088,-0.018030881771922046
26.330000000000002,-0.07192540885751943,-0.12405701963500906,-0.001335612147256188
26.335,-0.07478466497482296,-0.1456401829449548,-0.01621991273656922
26.34,-0.08893367902023647,-0.11342119897690325,-0.013331766958116862
26.345,-0.07605965254946397,-0.12063558859180078,-0.0049061116867366444
26.35,-0.07946234765174676,-0.12184269358438238,-0.0019378490342726803
26.355,-0.0813520537010829,-0.13816623013573504,-0.03326236992849581
26.36,-0.08569832151107877,-0.13046699608034182,-0.011651687667350296
26.365000000000002,-0.08276649558504363,-0.10761200154849168,-0.018243421098839606
26.37,-0.06245425671770999,-0.14588499633498897,0.004605036721762776
26.375,-0.07641108516755064,-0.13614980952638028,-0.003644314578853454
26.38,-0.08616024478938826,-0.12344401334338648,-0.006672069119683202
26.385,-0.06374209795706261,-0.12390892164441114,-0.0057381877859995385
26.39,-0.07505908831839853,-0.13838759977856427,-5.92990231181624e-05
26.395,-0.0692166262592425,-0.1202752902910035,-0.017297883528623922
26.400000000000002,-0.0910526177782745,-0.14113750170346567,-0.017722617306449244
26.405,-0.0909432889687723,-0.13956137128125437,0.014833826826119213
26.41,-0.07814048671181889,-0.15220124164494925,-0.010734730025943294
26.415,-0.07961415961329207,-0.13337877530444583,-0.013594607056740798
26.42,-0.07334245084989864,-0.15236908017578596,0.009950275188524002
26.425,-0.0762864790997735,-0.11579409221581646,-0.00910179242604088
26.43,-0.05475150367539448,-0.13194124704762375,-0.0007573329836188074
26.435000000000002,-0.08615961859825605,-0.13224003426053915,-0.007294481181325139
26.44,-0.07237889854224397,-0.1510299568538122,-0.030765889652930298
26.445,-0.07531530156106485,-0.12206808522351068,0.0070321196421236866
26.45,-0.0719701025563241,-0.12777327534813326,0.0011409372036182315
26.455000000000002,-0.0987335038954576,-0.1376731395288151,-0.0023336374633522276
26.46,-0.07710596766428646,-0.11839952762124853,-0.0025094222588820034
26.465,-0.07887454493388327,-0.12086695550772728,-0.020716814345030574
26.47,-0.07911066004164075,-0.12957140508340315,-0.01598272949182633
26.475,-0.09555949265354283,-0.13576613345281224,-0.006298262848868858
26.48,-0.0828966741691053,-0.12704513952220794,-0.027301947222703828
26.485,-0.08064463506453903,-0.14193100055373772,-0.02981437339990104
26.490000000000002,-0.09322792473331552,-0.12477451281149189,-0.008313211737132405
26.495,-0.08267381716160357,-0.13578149805745426,-0.020601202949470432
26.5,-0.0720659319217717,-0.14883230718646007,-0.025911934741911447
26.505,-0.09650311975881809,-0.1329324998709726,-0.013420615680573091
26.51,-0.08660931197694033,-0.15429134505523284,-0.020653876147024262
26.515,-0.08405422158386154,-0.1382464656590839,-0.009241810330892598
26.52,-0.09150400125166942,-0.12186179619023375,-0.01944542869422475
26.525000000000002,-0.08164074118741864,-0.11620947093408918,-0.020254109643049755
26.53,-0.08619270530122108,-0.14113416686917024,-0.022203515457829944
26.535,-0.07527678690608695,-0.12014147131025063,0.017879597748341705
26.54,-0.06375459215838741,-0.1269005293910651,-0.024700951671708552
26.545,-0.06301151051225465,-0.12283535200837536,-0.00854094746620893
26.55,-0.07341757429400698,-0.14127427558986744,-0.030200246669551754
26.555,-0.08802857747629589,-0.15032025400059382,0.0006410434641404908
26.560000000000002,-0.07514552404541948,-0.1273355880076354,0.008398950770646244
26.565,-0.08573834777646207,-0.11531331957214533,-0.01852294575792038
26.57,-0.08714336171188836,-0.12620484390284709,-0.03728001875578631
26.575,-0.10513899121298728,-0.11624836227196768,-0.012475206506128052
26.580000000000002,-0.08168437929449535,-0.13121350880646168,-0.0006160206393631233
26.585,-0.07769668734246403,-0.1270635352107083,-0.0036457780646632805
26.59,-0.08325912552753047,-0.13555562274232155,-0.01654766683647023
26.595,-0.06793574936624959,-0.12314573479514757,-0.015526645119071893
26.6,-0.07773270507274282,-0.13425424393300006,-0.009581097855189194
26.605,-0.08930952763964074,-0.1281116214347325,-0.016059892291679676
26.61,-0.07159481597116359,-0.13344187551426462,-0.0018572926226469964
26.615000000000002,-0.07584210193066566,-0.12130837885574086,-0.011879673540123432
26.62,-0.08787742469700635,-0.11585064274970011,-0.020573500156484643
26.625,-0.09325304834035547,-0.13727972657288293,-0.012635346593950623
26.63,-0.07753931784658577,-0.1403032649369312,-0.00684087440549197
26.635,-0.07935296719082467,-0.14019241686480174,0.0004563133520774122
26.64,-0.0652598319630416,-0.13272643664961448,-0.015300094707785098
26.645,-0.07309660172703855,-0.1329217381169067,-0.01265624530330076
26.650000000000002,-0.0915690853447646,-0.1377389812908369,0.010961907971542935
26.655,-0.07165863968452518,-0.14750295735790675,-0.005743289261917889
26.66,-0.056679294658161725,-0.1471298624965336,-0.0040738888511693515
26.665,-0.06392464609193578,-0.13531379866801796,0.017345450732730736
26.67,-0.08266839450432498,-0.12473204790562234,-0.01876370812689046
26.675,-0.07045633376536631,-0.15271043206157453,-0.012642781252084814
26.68,-0.05768970578759792,-0.12242617775361678,-0.01931362290466452
26.685000000000002,-0.09382772718636934,-0.1368489675620196,-0.008747609057907706
26.69,-0.05044759702005678,-0.13605826949244434,-0.00767886928724186
26.695,-0.09128672408284506,-0.11493643511151647,-0.0139043470203696
26.7,-0.07175690069689677,-0.11891884508744643,-0.01829141931473935
26.705000000000002,-0.07709829398671733,-0.12973526848774913,-0.01827159966490904
26.71,-0.07549144272030342,-0.13085625833856013,-0.015183783274003812
26.715,-0.085928894038228,-0.13828433190975573,-0.0060952224616714935
26.72,-0.08314563971485689,-0.14492307310625754,-0.020895226681235925
26.725,-0.09715397998724208,-0.11024907367029074,-0.002972807178734327
26.73,-0.08294353579802291,-0.12686176459209983,-0.012931581628921746
26.735,-0.07985644181845811,-0.1318668211016206,0.004905317267822916
26.740000000000002,-0.08344650448165117,-0.11991974356716115,-0.00886010216719137
26.745,-0.06314937383462113,-0.13242381423152105,0.0025605710122777875
26.75,-0.06652445824027452,-0.11152006105957459,0.009740333840052637
26.755,-0.08552287536425472,-0.1258781631753946,-0.008752678208160829
26.76,-0.08454513409670195,-0.12454481203156144,0.016850441446459443
26.765,-0.046149591051008264,-0.12242563179203952,-0.007675279649300971
26.77,-0.06547883609082175,-0.11759822252834953,0.006616324351918406
26.775000000000002,-0.08308587063472651,-0.12703341138928345,-0.00927787541327605
26.78,-0.0656571085290832,-0.12932204501392838,-0.012388829229288516
26.785,-0.06788472283636236,-0.13725384069531543,-0.0007721845410279503
26.79,-0.07057436751934644,-0.1455684889633755,-0.011137803892662796
26.795,-0.0783548989175942,-0.1500632244065507,-0.02408142364302248
26.8,-0.07846375870516174,-0.14299611087657077,-0.004574112995336804
26.805,-0.07566238991476477,-0.12544074638312425,-0.008729550261642089
26.810000000000002,-0.0806635177266868,-0.14036768141779543,-0.019424057127466105
26.815,-0.07379661586132183,-0.11973894312610361,-0.01707410698380117
26.82,-0.08583579162229846,-0.1516308987210234,-0.025029497088245506
26.825,-0.09335475005932545,-0.13510928442903053,-0.013601417628333914
26.830000000000002,-0.07274772726889045,-0.12812149754208718,0.00042019662544662273
26.835,-0.0855338014474403,-0.13036566556202792,-0.008533598512476329
26.84,-0.07732931728011619,-0.11825104255371532,-0.004611545238953026
26.845,-0.06539838440808783,-0.12465003191581009,-0.011134756128469335
26.85,-0.07190153215986753,-0.14269561829427296,-0.008135081546873705
26.855,-0.05548375517622564,-0.11966923855544334,-0.006152109207665606
26.86,-0.06910100614201427,-0.1213342155220748,-0.0072802551975932744
26.865000000000002,-0.07080340017356361,-0.13728646990679072,-0.0019296895228548931
26.87,-0.08913226005954815,-0.13732629331171034,0.012652034089728224
26.875,-0.0910927418972258,-0.12124137616545694,-0.022128240887225262
26.88,-0.0806014840038958,-0.1422368439638914,-0.022405423803705502
26.885,-0.07729525301041422,-0.12623032007752027,-0.004773639042779061
26.89,-0.0820378602852613,-0.12335074400342769,-0.006923910493236176
26.895,-0.07090373180624421,-0.1296592337972737,-0.010957058261806554
26.900000000000002,-0.09038457837047197,-0.10826577799651604,-0.02478351864587172
26.905,-0.08354483820260913,-0.14470285928792728,0.009340462968922368
26.91,-0.09145960217968546,-0.12556534957949506,0.000906406593140785
26.915,-0.0666608942762101,-0.15045589191482858,-0.028735140348946777
26.92,-0.08757759077827246,-0.126872325945241,0.0012902529244139295
26.925,-0.08887989573836949,-0.12895474257215894,-0.0024876136999904368
26.93,-0.08199537146679874,-0.13913231882291366,-0.011280711507692505
26.935000000000002,-0.07066621427248193,-0.12752631674990797,-0.009698017286975367
26.94,-0.0683486386265376,-0.11077848383349007,-0.012966884068821051
26.945,-0.11322147765516741,-0.1296966062117729,-0.012460184316695423
26.95,-0.07259151700774256,-0.12901619407582093,0.003374192273623844
26.955000000000002,-0.09140115570529647,-0.14379032449242146,0.008365904463634496
26.96,-0.07840047456666144,-0.1312382071661991,-0.018556431377078044
26.965,-0.08215059042713405,-0.11826252204223588,-0.01747821415674445
26.97,-0.09300003034909687,-0.13233049233738733,-0.003365095360670072
26.975,-0.06710752891490097,-0.11961023970452088,-0.009031286206661708
26.98,-0.07733631220042045,-0.13237963854385595,0.0015718971688194507
26.985,-0.07746511397416167,-0.10824212749828774,-0.020121475817896185
26.990000000000002,-0.08304802824116009,-0.11588962254180131,0.0011458799434132874
26.995,-0.09280977499966216,-0.13228610534904092,0.005712490123218596
27.0,-0.08517247370942446,-0.10599186841519263,-0.012415086703524245
27.005,-0.08254749686242553,-0.11802253721362123,-0.00193553007445358
27.01,-0.07828522883280883,-0.14622844113573194,-0.01608272735445106
27.015,-0.06514113355757581,-0.10989167982332614,-0.01038170871959402
27.02,-0.047989917590386975,-0.0990806490585065,-0.0016668317628208314
27.025000000000002,-0.06980389363062411,-0.13682992638461725,-0.0016559306579619557
27.03,-0.07864868895897971,-0.12469319953620356,0.001557220948461193
27.035,-0.09422001584005843,-0.10601617316800123,0.009198826401055328
27.04,-0.07340702416920042,-0.1378050726011934,0.0005943699136557179
27.045,-0.07786759504324776,-0.13104932213802378,-0.01276660097879474
27.05,-0.08601346249803987,-0.11314891296386502,-0.0038258062304012685
27.055,-0.0773129183440772,-0.11481883309368403,-0.014156515332797184
27.060000000000002,-0.07690601548934088,-0.11476636858296063,0.0016645600241272616
27.065,-0.09736937264075662,-0.11765755985934387,-0.008498104678939859
27.07,-0.08591080018389685,-0.1222772042139851,-0.0025676548602813036
27.075,-0.08486659006392903,-0.11152391633686694,-0.003644937737800249
27.080000000000002,-0.07072317968572106,-0.10318659833773786,-0.019050555662649613
27.085,-0.08455510710620158,-0.1210982522078908,0.0016137567932427328
27.09,-0.07752349187454843,-0.09909272165939981,0.008348147385792216
27.095,-0.09083730274072388,-0.10928885867951386,-0.009678453123246993
27.1,-0.07880928619279066,-0.10824581509689281,-0.004610239199414643
27.105,-0.060814114057867664,-0.12461922494142202,-0.01694057508518847
27.11,-0.0684465318305256,-0.13301348869211915,0.001486674374720661
27.115000000000002,-0.08110612348512533,-0.11768775553775869,-0.012185766218696378
27.12,-0.06769444523125044,-0.12730219971426462,0.0041329341788124765
27.125,-0.08055248999389927,-0.11718725642822567,-0.006169133562551173
27.13,-0.08037505118992411,-0.10826591353408319,-0.0083181151445114
27.135,-0.07685824461333486,-0.10713028987294529,-0.013336728025430577
27.14,-0.08262771061009444,-0.11960287060271065,-0.00849836857491456
27.145,-0.07828405133441729,-0.12465872500796678,0.0072696485878967765
27.150000000000002,-0.06823260824488477,-0.11468418482463111,-0.007585130049538192
27.155,-0.05898208230533052,-0.13213574305925066,-0.014807188399802267
27.16,-0.07999705598224831,-0.12120559839087425,-0.004000520265015843
27.165,-0.0722856629288015,-0.12503474589460067,0.0041820056713964895
27.17,-0.07023164656881917,-0.11879256617869571,-0.006478505531395666
27.175,-0.08465023034855126,-0.12830056038296325,-0.005266715661130492
27.18,-0.06715353937518534,-0.10982003907652495,-0.017626515900678815
27.185000000000002,-0.056231716524904274,-0.1205687918764619,-0.000986315743414179
27.19,-0.07682262332005657,-0.12567424783915448,-0.006137978659708908
27.195,-0.059487895506088684,-0.12324486214118902,-0.012352278185418876
27.2,-0.08815546849688864,-0.11446147745546634,-0.019371533887431108
27.205000000000002,-0.06790963094549503,-0.13140369541973324,-0.003928472960029711
27.21,-0.04861200332126484,-0.10675989386007029,-0.005267819551395037
27.215,-0.07421622132321808,-0.12122011210256221,-0.005702478269972958
27.22,-0.07688476118093487,-0.1261970862979169,-0.004814706661280119
27.225,-0.05775726468539508,-0.12494855482138557,-0.003126298895669191
27.23,-0.06456342802384649,-0.1153048884513724,-0.015574531508555641
27.235,-0.07808158782360816,-0.11528532184381124,-0.010751214167551787
27.240000000000002,-0.0665712500726812,-0.11603515096283802,-0.010424797038983257
27.245,-0.06384800568667248,-0.11892090088926731,-0.01585073542902751
27.25,-0.08030822024313972,-0.12191817863770377,0.019252998810730424
27.255,-0.0671057701492081,-0.11134569872483699,0.003035266697534275
27.26,-0.09470785430852706,-0.11262108076681128,-0.020618527373962338
27.265,-0.07753048522725135,-0.12732725171580545,-0.00820378332003589
27.27,-0.08964428827923898,-0.10979890585345879,-0.01500355114004626
27.275000000000002,-0.08225488137357984,-0.11674420362082122,-0.0034788614491064775
27.28,-0.08889328542843479,-0.11391208490166364,-0.0030618102061097177
27.285,-0.08582758921023402,-0.10877902814367116,-0.01676593370492537
27.29,-0.05725759394594196,-0.12771879586692933,-0.009713976207019725
27.295,-0.06733462442964562,-0.13602351038472116,-0.008121048537190102
27.3,-0.06917454219968015,-0.1080222143196884,-0.0024037406046411233
27.305,-0.08126375810128526,-0.11962405887488017,-0.019817131317664986
27.310000000000002,-0.054076686118178556,-0.10886023455981947,-0.013285452403374438
27.315,-0.06734399199558942,-0.09755819406245539,-0.02934054097359581
27.32,-0.07528991888610584,-0.10778081972874881,-0.024671242288856726
27.325,-0.07640328358953401,-0.12580433107466626,-0.014394249944428856
27.330000000000002,-0.08441303503674374,-0.12052849777021507,-0.0013557762175858412
27.335,-0.08040478948177841,-0.12059913323170515,-0.004309739004952608
27.34,-0.0765944311973027,-0.10349352127257568,-0.03510521848496656
27.345,-0.06383395797879557,-0.11909338280804782,-0.008166698469174682
27.35,-0.06130443711139999,-0.10106226059494446,-0.00031220121346218
27.355,-0.0650689482429023,-0.12232778743714304,0.006442945129753642
27.36,-0.06130527150129652,-0.10449905815928175,-0.010257345050969178
27.365000000000002,-0.05970011719402642,-0.10871215339642633,-0.016669629254741317
27.37,-0.07228675031021133,-0.09380867894942038,-0.011506951729659376
27.375,-0.07889025828624793,-0.11733013400068064,-0.017055787647947886
27.38,-0.08541183363251939,-0.11851659360660759,-0.01215083077942758
27.385,-0.0451840893484113,-0.11684198901667446,0.013541293896191825
27.39,-0.08446290252870994,-0.1241655127990655,0.0034266903680147155
27.395,-0.06581770216173531,-0.13676515096784353,-0.0057024357963220106
27.400000000000002,-0.0815105966232926,-0.10092654744105266,-0.02477377040795725
27.405,-0.06329128542800717,-0.11903655410097078,0.006065796439638185
27.41,-0.0857795141182704,-0.088651458413412,0.001608226365023377
27.415,-0.06098373643939281,-0.10886724947073308,-0.0030311282598945617
27.42,-0.06747743112778344,-0.13157206534102509,0.009017203429241867
27.425,-0.06934077631911274,-0.11818253134437841,6.086962929904155e-05
27.43,-0.07199646092066989,-0.10151661013831687,0.0003650898500659923
27.435000000000002,-0.05963097299727659,-0.11778097816875699,-0.0005792293420142647
27.44,-0.07190601899279331,-0.11527349988169416,-0.022964628346734725
27.445,-0.07185926608539943,-0.10590891508010067,-0.020224797450857916
27.45,-0.08450919935152702,-0.0994161111095306,-0.011645578714774753
27.455000000000002,-0.055108737728000436,-0.11135924866037603,-0.00868115095790908
27.46,-0.07051253136767528,-0.10764091707763898,-0.021328440033208003
27.465,-0.09034062543213826,-0.11459108299499159,-0.025980044345098267
27.47,-0.08819422573397101,-0.11940264622386783,-0.015576125099637066
27.475,-0.07646532833819528,-0.10125290919496058,-0.022930458211310862
27.48,-0.08101035784093791,-0.11838219195248985,-0.019297140468886483
27.485,-0.05976075434602465,-0.14025679903415436,-0.024558917140963858
27.490000000000002,-0.07810814685862252,-0.10934058812279171,-0.01240810177062186
27.495,-0.07161598286928876,-0.12115981540249061,-0.032676161674936685
27.5,-0.08073534390081462,-0.13344597033876157,-0.03330713391607804
27.505,-0.07730538060570079,-0.1143529289644662,-0.045616643844257336
27.51,-0.08170192176517835,-0.10585902313435265,-0.02328516703784155
27.515,-0.07101147785336998,-0.12156073285360221,-0.010885195786176301
27.52,-0.06252939060341071,-0.12173145006867764,-0.00822555686430029
27.525000000000002,-0.06598913086840083,-0.1159927776166921,-0.02362936399299417
27.53,-0.05381948589194701,-0.1341658767479153,-0.013354880467010902
27.535,-0.08291197081968907,-0.11719720956208196,-0.026454900222570608
27.54,-0.0796542423545534,-0.1392747449410647,-0.04286210618120134
27.545,-0.07998041508577564,-0.10798423204080732,-0.026467109023017733
27.55,-0.08009544055274166,-0.11000766935745848,-0.02540714077830668
27.555,-0.09487719627895963,-0.12055668406333894,-0.02328440788737482
27.560000000000002,-0.07563967848552446,-0.12009116675178948,-0.01162286736359024
27.565,-0.07857700828722519,-0.10491891720076998,-0.0281581048532036
27.57,-0.07765461365804295,-0.11335665236993914,-0.0011176161823838147
27.575,-0.0666037046949142,-0.10775048418157869,-0.019267350714669236
27.580000000000002,-0.08723193922735044,-0.12872946022809728,-0.048369451701873956
27.585,-0.07396705529077173,-0.10373725920875676,-0.023526524327354734
27.59,-0.07705465509487829,-0.10850222482822894,-0.029694415195925465
27.595,-0.07799025377748228,-0.12333571483920797,-0.02065752866715917
27.6,-0.07596313543914315,-0.10933587698552982,-0.028176636647854855
27.605,-0.08128010093910942,-0.11066464283091126,-0.030987439351709535
27.61,-0.07310405255410136,-0.10340484302927629,-0.03429178926295243
27.615000000000002,-0.07568417669386555,-0.11132765727938108,-0.033920491231114513
27.62,-0.06727194371796742,-0.10341843515337537,-0.02161674383104966
27.625,-0.07359242152618116,-0.1046822193072836,-0.0068476880366721785
27.63,-0.09015879296792201,-0.1129410242823911,-0.003228483684411485
27.635,-0.06051052639334567,-0.11112075324275775,-0.009134662968680048
27.64,-0.07470835715020575,-0.11860503984292628,-0.02432108807548438
27.645,-0.058408586482962974,-0.10814864191504989,-0.04012941459766273
27.650000000000002,-0.05948283103184217,-0.1327705837878583,-0.010883489096008534
27.655,-0.057102642908297904,-0.09255334876639046,-0.032249753272698294
27.66,-0.06997460536707405,-0.09951470118038847,-0.032694614764306934
27.665,-0.0648595716278593,-0.11948629829572224,-0.024837460448419148
27.67,-0.07821454335774772,-0.1087140840694068,-0.016001543855595282
27.675,-0.05559429977454559,-0.10262873779630186,-0.028133234279607903
27.68,-0.0707579645810519,-0.09937215781692814,-0.01703194958500299
27.685000000000002,-0.0690471596919963,-0.12279055973256817,-0.026466224316730996
27.69,-0.059935642508526114,-0.09223160797920815,-0.026422126017777756
27.695,-0.0643909424844171,-0.11859806960669336,-0.011439554857450168
27.7,-0.07962765603311175,-0.08421581024934349,-0.0286668084513573
27.705000000000002,-0.07462081793941074,-0.08836704496443415,-0.029654109585601385
27.71,-0.04741384947389387,-0.11346929181179893,-0.014904991571144765
27.715,-0.057877666617296195,-0.09401089774463467,-0.024550609316438585
27.72,-0.07535416997268486,-0.10685112963165977,-0.001037973337566913
27.725,-0.07031043949911611,-0.09253787840249912,-0.019189453934724265
27.73,-0.06649624446915171,-0.10573314080564025,-0.027148059443525316
27.735,-0.062365840335820044,-0.12034815592532452,-0.0048653384361690075
27.740000000000002,-0.07815676952017234,-0.1039018458274156,-0.03357143418558404
27.745,-0.07423444243458079,-0.12187709108938964,-0.026164558552727556
27.75,-0.075563300286838,-0.11307629684678744,-0.02048283170113925
27.755,-0.06896003144076236,-0.11330497032785748,-0.012786976741409379
27.76,-0.05180922635128927,-0.09179946950308171,-0.023626443713194254
27.765,-0.059064797765227516,-0.13624740283287212,-0.0236478892351751
27.77,-0.07113975138160691,-0.10990349844319977,-0.027506801744240375
27.775000000000002,-0.06084083563030751,-0.09439080586548673,-0.026411710053181138
27.78,-0.0644979429201282,-0.1056156651218479,-0.02569689636497941
27.785,-0.07369337411822649,-0.09842312346541542,-0.026003250417365387
27.79,-0.070673140247458,-0.08519161534002231,-0.03048538585120865
27.795,-0.07919709200976402,-0.10368143784275412,-0.01545277595113914
27.8,-0.06911044037545792,-0.11739340600806814,-0.02555276149359191
27.805,-0.05638020472027771,-0.10636497066265059,-0.0413624944141211
27.810000000000002,-0.06905952153806912,-0.0785899963499776,-0.021473320827159047
27.815,-0.048643474241825954,-0.10132481605217004,-0.0203997450030955
27.82,-0.07150564784106173,-0.11842849627275925,-0.0391274358315033
27.825,-0.07489402383601187,-0.1099317971055693,-0.026837136397557866
27.830000000000002,-0.03750629636483855,-0.0922867513727348,-0.0205429941386647
27.835,-0.06477248599109747,-0.1260529338336503,-0.03903671621502726
27.84,-0.0763295897470918,-0.10533396090450714,-0.028514052251252406
27.845,-0.0597476102567139,-0.10664165927561556,-0.03771001776973169
27.85,-0.07556937448151015,-0.11109475225703402,-0.033485223556405055
27.855,-0.059522276692983336,-0.10972595714067788,-0.021869437181364824
27.86,-0.0784021247818424,-0.09850474083522523,-0.00784154131755076
27.865000000000002,-0.06648315387505842,-0.10639109136469123,-0.011752438100822025
27.87,-0.06282493539218822,-0.09507426134963709,-0.0031898965878353943
27.875,-0.06675476898359202,-0.10558296398983799,-0.033106588263717845
27.88,-0.04251378314406329,-0.11279088927598935,-0.0164211919475188
27.885,-0.06138164519225157,-0.09235643899578241,-0.021448202598486364
27.89,-0.054137650909904494,-0.09799705280117604,-0.03342691064851173
27.895,-0.054662892298617115,-0.11945549281434745,-0.028298306684018483
27.900000000000002,-0.04590061121374478,-0.1086536632610069,-0.022053283082410675
27.905,-0.05853517579005193,-0.11001035340794336,-0.03939311148521166
27.91,-0.07301301291965186,-0.10677575222838019,-0.030893481871312967
27.915,-0.07194521140931727,-0.11170234059939259,-0.03049583799615935
27.92,-0.05966657752633195,-0.10054744736058724,-0.028429726094473272
27.925,-0.05273922657784837,-0.10176268269438701,-0.021124967694291286
27.93,-0.040248298351663776,-0.09708259681979843,-0.04642548495243593
27.935000000000002,-0.058875993993880486,-0.10578438134322983,-0.017528639798490134
27.94,-0.04533423397291641,-0.10366520756158445,-0.016995345311405695
27.945,-0.056614668919601874,-0.11880174712257219,-0.022803771569895697
27.95,-0.07856496765275914,-0.1252080178297888,-0.032442869231861474
27.955000000000002,-0.04952702474420633,-0.11933475489982596,-0.04458418182233401
27.96,-0.07078372761024508,-0.10363151323626532,-0.02495245356261652
27.965,-0.06094742070006476,-0.10841934954768387,-0.023782270178953277
27.97,-0.060745450569035096,-0.106026319541698,-0.017215782628139754
27.975,-0.04458994205789418,-0.10414722069497283,-0.02511509469886987
27.98,-0.05800150629559477,-0.09804865537239645,-0.01813836599406004
27.985,-0.06097951837926828,-0.10472246155598913,-0.023786681369503716
27.990000000000002,-0.05791018585979058,-0.08837858958996914,-0.007338542062545427
27.995,-0.05950453034889753,-0.0945262460235711,-0.013104657310691572
28.0,-0.07310245336197593,-0.09813438958895858,-0.0012273416399197455
28.005,-0.05085541236786393,-0.11148637467124764,-0.014318484191245756
28.01,-0.041467256559604836,-0.10760234511413286,-0.027735234531622556
28.015,-0.06827543781130169,-0.08171903090301896,-0.022122385798789335
28.02,-0.08126685361776292,-0.10018795305312142,-0.011687238934269022
28.025000000000002,-0.0624551030425425,-0.10037376373866755,-0.020210375023350317
28.03,-0.05247078792937453,-0.1074809034949412,-0.01979607896447123
28.035,-0.07995493013945083,-0.11046574504399656,-0.037512750451734814
28.04,-0.05558394639542426,-0.09346612268708068,-0.009306292147771057
28.045,-0.06089783646335295,-0.10811162257877789,-0.0072910233739891615
28.05,-0.0667793785268205,-0.11542075961020805,-0.0056533664225184264
28.055,-0.055745980859682805,-0.10459562459376898,-0.0037075487808371256
28.060000000000002,-0.07081313435086542,-0.11128132203236518,-0.006498440817789882
28.065,-0.0611338396165147,-0.09659478806570135,-0.017537273982867446
28.07,-0.06474193171724989,-0.08933179036436228,-0.006254353192568701
28.075,-0.07814492016258287,-0.10077325264193776,-0.02428239876682084
28.080000000000002,-0.06870736009847675,-0.09262478726840556,-0.020758619610807084
28.085,-0.05998983703657986,-0.10035814033638873,-0.009422575316604422
28.09,-0.06411066051305357,-0.10413956726364615,-0.003394578261825258
28.095,-0.0630221162204864,-0.10646345391283783,-0.017306039844501464
28.1,-0.05140344973158909,-0.11324628859443654,-0.02513404083441276
28.105,-0.06508961908883473,-0.09855993894731513,-0.01667109799238188
28.11,-0.06207892065588806,-0.10619933030053752,-0.021421198806186103
28.115000000000002,-0.05377446236981991,-0.11267314252938103,-0.022526137100636723
28.12,-0.06576481524814583,-0.11357459687499803,-0.022665524014673064
28.125,-0.08897253445013131,-0.09478942305462422,0.007022221157730593
28.13,-0.08827936606666717,-0.11525517057570514,-0.023901629225376062
28.135,-0.07498101508255262,-0.10782311605387918,-0.009402776923601593
28.14,-0.08388245684792607,-0.1057199335591544,-0.025885560296361364
28.145,-0.08307832593412465,-0.1121764117996715,-0.029954407767063325
28.150000000000002,-0.0783830658683451,-0.1075777799733499,-0.0043008835918695865
28.155,-0.0696700599517003,-0.12145156187012002,-0.017347231495692117
28.16,-0.07052276309483467,-0.1123557697295415,-0.006076911915312653
28.165,-0.07482750426264881,-0.10026513546798674,0.003036119354554258
28.17,-0.09377375405886548,-0.12094675518306819,-0.01842010156322201
28.175,-0.076808897375635,-0.09800691101369322,-0.034267708936917635
28.18,-0.08228589515633146,-0.11187987478204237,-0.00666842633670359
28.185000000000002,-0.0649866807207428,-0.12499122918962964,-0.006011583630786965
28.19,-0.06135716273644753,-0.09536968238647812,-0.008749373466196912
28.195,-0.08660227288397704,-0.1018866892154769,-0.012111873309277512
28.2,-0.06615147612725439,-0.10865942597827907,0.004500761060981339
28.205000000000002,-0.08088665190479068,-0.09719643963697394,-0.023893319336902055
28.21,-0.06765578152121013,-0.08803014842348021,-0.009956664018374948
28.215,-0.060724141483950084,-0.10046795873248654,-0.018280098262900866
28.22,-0.08254358570305295,-0.0963557941107839,-0.012657558852930652
28.225,-0.07873424071498543,-0.10198367810320577,-0.013110182755898425
28.23,-0.0701475363001608,-0.0896495957317396,-0.020971376799322584
28.235,-0.07016153945876329,-0.09674582221648734,-0.0015530882271561387
28.240000000000002,-0.07709168079313841,-0.10533134496856195,-0.006245651076935043
28.245,-0.04795150921024445,-0.11213317315933463,-0.011224621986400746
28.25,-0.070702346324483,-0.09360759700149489,-0.023903426012070704
28.255,-0.058808636194686265,-0.10773980816536097,-0.009854146878041311
28.26,-0.08076340858556101,-0.08403069403360318,-0.004397649700912838
28.265,-0.06030157903161715,-0.11004389393723138,-0.01187326014936494
28.27,-0.08932337849443178,-0.10362043760039677,-0.020641367407706016
28.275000000000002,-0.06984909220622595,-0.11021624104445517,-0.02257713360312592
28.28,-0.06947583521319971,-0.1011128970633122,-0.01116692120062416
28.285,-0.06257001469899609,-0.09790160073187916,-0.005913603990258486
28.29,-0.07474432775385974,-0.09672210998807379,-0.011992324308705005
28.295,-0.08132069180203175,-0.10263874601225559,0.014788958645029283
28.3,-0.06272174960056237,-0.09852776028892626,-0.018123973388202038
28.305,-0.07182393551016691,-0.09954500766655894,-0.01371251279938725
28.310000000000002,-0.07593473590073024,-0.10086475453074999,0.004708706331485211
28.315,-0.08478545815121231,-0.10794273887933706,-0.004567825195432168
28.32,-0.07719349066483447,-0.08638129505831496,0.0036043493065789772
28.325,-0.07317858070772122,-0.08875593249261579,0.019399099231013708
28.330000000000002,-0.0758699264717331,-0.09622667881660359,-0.018256798386372165
28.335,-0.0843639020313354,-0.1076232302340762,-0.00466217463089337
28.34,-0.07058480215897404,-0.10444055499829344,-0.010322802776504828
28.345,-0.0736171586630407,-0.10678749730530149,-0.028651042811238453
28.35,-0.09075157097315381,-0.12097033878787904,-0.031146667138768427
28.355,-0.07543180732575361,-0.09302470461270373,-0.024686786258206226
28.36,-0.06454736032759836,-0.09535874752372363,-0.015106076069501921
28.365000000000002,-0.04755254671777741,-0.10099366590034942,-0.015617685309938675
28.37,-0.05337391590946769,-0.09897816499746517,-0.023859249786332627
28.375,-0.0711551699618187,-0.1153804914413795,-0.013292882376976779
28.38,-0.09833266738388427,-0.11710824760723809,-0.008248952863495161
28.385,-0.08955940296466244,-0.10030618704821992,-0.0066377214263533095
28.39,-0.0993953215386493,-0.10714006551811203,-0.0021783259444250816
28.395,-0.09537512045952881,-0.0982349057216861,-0.023822902227779597
28.400000000000002,-0.08422496374750538,-0.1241330699984611,-0.027607607459509905
28.405,-0.08987196490476305,-0.11753397745199216,-0.02058872654229682
28.41,-0.09566011642833484,-0.11609673837444728,-0.02581079341232393
28.415,-0.08248250034884475,-0.09859935583799836,-0.016149115674217986
28.42,-0.08403622275281931,-0.11167321192207223,-0.010205032523199192
28.425,-0.08991096893238269,-0.09291493229679182,-0.020115730679907802
28.43,-0.09132028830743827,-0.12197679975217711,-0.009799750910045747
28.435000000000002,-0.09746055790063568,-0.11140734394016687,-0.019518067899160434
28.44,-0.09129594077471963,-0.11959136193038916,-0.017551380214739416
28.445,-0.08912970808495244,-0.12122741903536188,-0.03214168280937112
28.45,-0.088114843312166,-0.10672249361385616,-0.0009554702781714164
28.455000000000002,-0.07014560919668499,-0.08909526270909512,-0.014315291302172784
28.46,-0.08497861947333878,-0.09744359178884252,-0.013973827841910164
28.465,-0.06311233864184998,-0.10634120920875831,-0.02266685689742528
28.47,-0.06732383356086119,-0.12664615918844835,-0.020346438801631894
28.475,-0.07324173695399723,-0.09914827558475744,-0.01554392270402415
28.48,-0.09633800856731152,-0.10889045630714222,0.003945215660191112
28.485,-0.0925177232781274,-0.10236885910457562,-0.019145663110762826
28.490000000000002,-0.09319647538698672,-0.1266562638691677,-0.001453462496402342
28.495,-0.09335543192227506,-0.09786993232228855,-0.0010642837823014832
28.5,-0.08619109022280041,-0.11177448596038529,-0.01163727420610701
28.505,-0.0861701338975616,-0.11836813392493435,-0.005108023021795461
28.51,-0.08442965838072689,-0.09678809915260068,-0.03266612663913715
28.515,-0.10004827928517765,-0.11153542922563882,-0.0065124470690440805
28.52,-0.0978410524822337,-0.10821814187173806,-0.019651983627848438
28.525000000000002,-0.09116239906880662,-0.11416741534771596,-0.013299431688590657
28.53,-0.08498711991435348,-0.10022036111189295,0.006947272970933709
28.535,-0.08533150597049857,-0.10904404527369917,0.0016909786125574831
28.54,-0.09247698528515837,-0.11160075209390354,-0.003292018616196341
28.545,-0.08450210941851799,-0.09400162662297824,-0.01749977835481496
28.55,-0.07712431694688962,-0.11628126674819353,-0.015225454454234177
28.555,-0.0935071845241653,-0.09989236436126049,-0.004718630094840477
28.560000000000002,-0.0936852251319645,-0.10465662652682989,0.002172489500662518
28.565,-0.09758386636913613,-0.10891639430346814,-0.005481628697184961
28.57,-0.07494698118184095,-0.1006681395771808,-0.02480442318644477
28.575,-0.07588997286732986,-0.10785342773814126,-0.014901107251557157
28.580000000000002,-0.07792654462099598,-0.10484026218157799,-0.02409021485985601
28.585,-0.09404821272597809,-0.09668353320313304,-0.008457560816320975
28.59,-0.0756653920428972,-0.10110212123393475,-0.011814313603842858
28.595,-0.08686703025706632,-0.12419511756637268,-0.00495639678207755
28.6,-0.0699819643542287,-0.11595963263395484,0.008597347415350676
28.605,-0.08049069509752213,-0.1384770789741849,-0.014271943871175322
28.61,-0.06989295976669829,-0.11373712442976783,-0.025805853638318173
28.615000000000002,-0.06114774298319632,-0.12337808823969455,-0.016988476077095527
28.62,-0.0898454635428758,-0.11123117137491131,-0.012339033726592147
28.625,-0.07785183425323254,-0.0876906676354868,-0.0256880961954161
28.63,-0.07562126347979774,-0.10334887581066703,-0.014088347850382384
28.635,-0.07443077252480491,-0.10639632026094294,-0.008374109567290452
28.64,-0.07449123340592492,-0.10335891064247159,-0.007880525809640465
28.645,-0.0761393497352245,-0.11797740976997831,-0.0069434923120271705
28.650000000000002,-0.07279991432918638,-0.08940920223214971,-0.017509868588968594
28.655,-0.0722601611371165,-0.10080758959479195,-0.018024067231746252
28.66,-0.0752465588784936,-0.09943640884030668,-0.02100483829138876
28.665,-0.07870307798503436,-0.1201254932099966,-0.030325444094281336
28.67,-0.08501343238648915,-0.10862604349987556,-0.02506497706624042
28.675,-0.0829061948183022,-0.10206521522678721,-0.012152157650733669
28.68,-0.0845933332019623,-0.09944390727840058,0.0025525933464752466
28.685000000000002,-0.09111670786528037,-0.09507283556639338,-0.010472393110052776
28.69,-0.07795551945267187,-0.1046694521359869,-0.01758410067716939
28.695,-0.08037867943730831,-0.12675244671644895,-0.001152941925569164
28.7,-0.09110679790999922,-0.11876261300171184,-0.017416873312671773
28.705000000000002,-0.07075889860506382,-0.12708972726952014,-0.021953692319152143
28.71,-0.08643475253187671,-0.10627043486255414,-0.026762828926189853
28.715,-0.08788692615802662,-0.11567084680122987,-0.0166693104473777
28.72,-0.09039858515668223,-0.08627352625609264,-0.002087921486874797
28.725,-0.08681062759199419,-0.12199892645583912,0.0032699396795168208
28.73,-0.08081238424365358,-0.10273885793866618,-0.0006287285684607041
28.735,-0.0746764979132495,-0.10437365703287828,-0.025257131958951178
28.740000000000002,-0.07638272326233292,-0.11858927664277448,0.01800158583802735
28.745,-0.08539878296495637,-0.12312514642803118,-0.01263599953243243
28.75,-0.07658764294459944,-0.10253854268534499,-0.0041538440588467195
28.755,-0.06912594824528716,-0.0954965601308009,-0.013789776776193998
28.76,-0.08571772850335105,-0.09761865540743411,-0.017170069881041614
28.765,-0.06019310727556112,-0.11023122765020785,-0.008163271565111856
28.77,-0.0781442739535398,-0.1093505890602857,0.005795692202445888
28.775000000000002,-0.07036768529798261,-0.11288424818487397,-0.01387428811395728
28.78,-0.0661897235630595,-0.10060646056692775,-0.026582508675893592
28.785,-0.06127143769382159,-0.0891224691060852,0.003215677427880176
28.79,-0.06209693008862857,-0.10468882189261934,0.013110133410184221
28.795,-0.0799748182820254,-0.09989404077927051,-0.0034115761397037203
28.8,-0.053847344697619454,-0.1052515010980377,0.004531240549953526
28.805,-0.06320420224469432,-0.08762173955923844,-0.004102947441876188
28.810000000000002,-0.07618836767737999,-0.10686495597367927,0.007222832331537719
28.815,-0.07882355423064834,-0.10158451724976747,0.021433587504913545
28.82,-0.0776575756231241,-0.11543968991634507,-0.011738323429554394
28.825,-0.07645560681354302,-0.10366819777023123,0.0007921701232546791
28.830000000000002,-0.050808563914363836,-0.1014700366070981,0.005133060225996251
28.835,-0.08854899777927719,-0.10055529749557886,0.0064672472021933165
28.84,-0.06214869411639147,-0.09075260483095049,0.006388884589692494
28.845,-0.057378278031061845,-0.08792545553853753,0.00691469511886169
28.85,-0.07090922167672782,-0.11486050649133739,0.012309731270232292
28.855,-0.06025237683664392,-0.07536924832098899,-0.005375575208927036
28.86,-0.052507450754209935,-0.08322126494184919,-0.008618387459531612
28.865000000000002,-0.07041214332346794,-0.0942701289179675,0.004756912257046081
28.87,-0.07426741655788896,-0.08949910769521613,0.006696932309674785
28.875,-0.07196222683958661,-0.0946113234540188,0.006213774509483679
28.88,-0.05114337278687634,-0.09225274947729027,0.01600355147564656
28.885,-0.06246547152408712,-0.0876455096002336,0.020723863231722484
28.89,-0.07318277484296673,-0.084509320758517,0.013061788479350314
28.895,-0.06350840387474063,-0.11500041558923961,-0.009780823652041665
28.900000000000002,-0.057842176303255416,-0.10300806804792034,0.019862849302868427
28.905,-0.0628409683991253,-0.08200271171783925,-0.00255984810172916
28.91,-0.08520779873054958,-0.1015508969646075,-0.002115828613356855
28.915,-0.05464251279622971,-0.10999181632278873,-0.0005547465761088118
28.92,-0.06698171852782403,-0.11246637994233351,0.0027933774215061005
28.925,-0.05969623132661517,-0.08367560947485128,-0.020291542453188004
28.93,-0.062437236308013205,-0.10727611387286552,0.013918869767697652
28.935000000000002,-0.057586506858949636,-0.10833101180376312,0.007173576141218531
28.94,-0.05559343313872437,-0.09889389916931687,-0.004833727064867104
28.945,-0.06909245985762165,-0.1024735700651677,0.022102232427065847
28.95,-0.05904512115138299,-0.09123459101721657,0.010042795894733916
28.955000000000002,-0.05261827818059308,-0.10977701377508274,0.009695933642838774
28.96,-0.06666050794300074,-0.10253410703428191,-0.0100940324979959
28.965,-0.06652658782001172,-0.09748319935893106,0.0015405752743130503
28.97,-0.07455790286176911,-0.10407192760199208,0.00626144412080509
28.975,-0.0676468693918743,-0.11838879456923804,0.01383554008598288
28.98,-0.06126710629276666,-0.07816882284905415,0.004068566239773402
28.985,-0.029652471890380772,-0.0994306096634909,-0.0039375890777761414
28.990000000000002,-0.07635004769163019,-0.09241106196492514,0.010341907498400358
28.995,-0.0662073677995206,-0.1038078585818835,0.0033176174816435394
29.0,-0.06867972842136955,-0.10412658259346133,-0.0015185629565807011
29.005,-0.06340273874244451,-0.11325099131153103,0.0013321509625444823
29.01,-0.07796478732159126,-0.10697644766989041,-0.0028794359605993393
29.015,-0.06642583811475912,-0.1146169223948961,-0.0007050335719496446
29.02,-0.0378946606989569,-0.11024078603082675,0.012385130922731321
29.025000000000002,-0.07082167853313585,-0.10413683345523199,0.02404250867172628
29.03,-0.05810512688982826,-0.09364683162795064,0.01728722594868904
29.035,-0.05740430665252747,-0.11058275347617451,0.02199604502583461
29.04,-0.057110455738406715,-0.08751590672888843,0.007764246527748715
29.045,-0.05271878417124291,-0.10390183167901222,0.005127226527954141
29.05,-0.07141186990537637,-0.10637261570771574,0.009277957515612806
29.055,-0.0631774807321878,-0.12167153256847016,0.028396128576222156
29.060000000000002,-0.05962525599214598,-0.12157827378211158,0.0013923299746288753
29.065,-0.057773336248574975,-0.08367204145471081,0.022854685873902957
29.07,-0.0630810607201345,-0.11514351894087542,0.024064004027157325
29.075,-0.06931246295671781,-0.10122933738618357,0.014921550261398311
29.080000000000002,-0.06924111954211713,-0.08905280566870315,0.015330577997888221
29.085,-0.05933642965764266,-0.09958641923564644,0.0011425855749514734
29.09,-0.06211433702921428,-0.08700726506664563,0.000981369292097651
29.095,-0.07447275014104238,-0.11634561247001567,0.002929299465987134
29.1,-0.06739397456665261,-0.08909039633601701,0.010731417586697437
29.105,-0.049535702877929584,-0.1063182023984742,0.006778312712180202
29.11,-0.04699506344377721,-0.07411945168204362,0.01761491368061717
29.115000000000002,-0.05781492528179771,-0.09141278012045093,0.006530796583217861
29.12,-0.07241161018360825,-0.09305408074054118,0.015321522362442481
29.125,-0.05306412413256581,-0.11572038301066385,0.01700293317485465
29.13,-0.05467998998104283,-0.09525643461366803,0.018239037913395165
29.135,-0.0711130294645039,-0.10537596219315416,0.015055074779765133
29.14,-0.06227571042734241,-0.09042735408109417,0.01377896220966597
29.145,-0.07721861993316348,-0.08950771709782242,0.03038922841652614
29.150000000000002,-0.05731303638145084,-0.06765524632757926,0.016593017893329766
29.155,-0.050616810032622195,-0.08258185780570039,0.0040434025906665345
29.16,-0.047837624411850965,-0.08853521794402851,0.013835651008982836
29.165,-0.06307022654019467,-0.1030425100727258,0.008843668134889494
29.17,-0.0655082016641596,-0.08178076434726184,0.009795013122395228
29.175,-0.05251821599166805,-0.09865451998316146,0.017296253213910012
29.18,-0.047285000146436745,-0.07385605338473267,0.004180567457114075
29.185000000000002,-0.07888429381355194,-0.10170287510156398,0.0060159383360233985
29.19,-0.0455120116481876,-0.09841020699643462,0.030270635335626395
29.195,-0.05942824374265073,-0.0949939906095245,0.026746906837529998
29.2,-0.06061171453510914,-0.07655689646276068,0.0034208007096803265
29.205000000000002,-0.06703779940503644,-0.08995885667086786,0.02451737187492627
29.21,-0.04830702177642898,-0.11847672786632957,0.01396947278940577
29.215,-0.053106591509208094,-0.10135993206005922,0.031068749914578805
29.22,-0.05431306693450917,-0.10034742154070758,0.016254005314742553
29.225,-0.060759514391414214,-0.10984735695761362,0.010874365853136374
29.23,-0.0809407583601923,-0.0913210335567202,0.024422989092686198
29.235,-0.0558118959202162,-0.08493393485258129,0.004045721889207619
29.240000000000002,-0.04882172181538185,-0.11215672640852434,0.01755711293720296
29.245,-0.05273040686233092,-0.10918422584613417,0.017362664236813957
29.25,-0.061017129469754613,-0.0939336292751789,0.007311926316577927
29.255,-0.0440868650090512,-0.0913168699452988,0.011574039467868627
29.26,-0.0616861066704912,-0.07978757825918446,0.014705306763583602
29.265,-0.04926721807440096,-0.0883698210429007,0.01553307789715444
29.27,-0.05750844904517554,-0.08759018075428773,0.01048339261001776
29.275000000000002,-0.05925090451081993,-0.10101100868618151,-7.624827826498495e-05
29.28,-0.06284259368443836,-0.09675582084353077,0.027851407745128863
29.285,-0.05116546975804532,-0.09758291018596638,0.026559453415730898
29.29,-0.06184713351789763,-0.09518295818626246,0.017301098640374657
29.295,-0.05580438616512009,-0.09420680785515935,0.017064716071446998
29.3,-0.055089608215597066,-0.08987862500947652,0.00181318877736511
29.305,-0.05805544171108857,-0.09850484954228766,-0.0017494283787862462
29.310000000000002,-0.04912319342457517,-0.09491880909125655,-0.01143395122427051
29.315,-0.043059602835278314,-0.08999070122518629,0.005053173873641379
29.32,-0.035495988847156885,-0.09253351711614982,0.023836315502847344
29.325,-0.04259822854471765,-0.08220856908844468,0.03385917279250913
29.330000000000002,-0.054166081776355346,-0.09774794830241201,0.008616437156103825
29.335,-0.062964064912387,-0.08728161896837879,0.004856624682465168
29.34,-0.05852362561808086,-0.11313698776183065,0.036872857296885254
29.345,-0.05415283177795674,-0.1007788814529648,0.004480905888377941
29.35,-0.05632402834242916,-0.10188477077121368,0.008223295966520383
29.355,-0.05776200392967817,-0.10793101813696968,0.022099857820639075
29.36,-0.05330336514357511,-0.10266310458392634,0.00017973565024729382
29.365000000000002,-0.04896037689163114,-0.10335644635567472,0.019056317434366067
29.37,-0.0513680565187983,-0.10112148926719444,-0.007532392652305674
29.375,-0.040858227410888265,-0.08050756228999145,0.01467215125038415
29.38,-0.050634513021328986,-0.09564208937656134,0.017497330957326057
29.385,-0.04224567007996414,-0.08586005521929649,0.015831343911958694
29.39,-0.049341023529737564,-0.09154500283342373,0.02363809270586007
29.395,-0.02589411988331783,-0.12369052908766213,-0.010043560563302849
29.400000000000002,-0.045859761122813876,-0.10300700810853063,0.023986594252036073
29.405,-0.07122579132372148,-0.09421645898811108,0.0167818870634795
29.41,-0.054094221544670945,-0.11078999775347372,0.01893197067697694
29.415,-0.06459577465436399,-0.09730668478383063,0.028853220524425342
29.42,-0.06918237048017203,-0.09979434865932954,0.009648494626753296
29.425,-0.05103029033616507,-0.10923956612446971,0.01551956574082223
29.43,-0.048149932231210446,-0.10000102153784285,-0.010565404257808626
29.435000000000002,-0.057894284634700255,-0.09511527324105913,0.01425635445817313
29.44,-0.06253177524825607,-0.10086228303831765,0.0040750393488045746
29.445,-0.05686858854461643,-0.09338385317663515,0.002715893012004783
29.45,-0.043851754607325405,-0.09352298222854562,0.014410264077861971
29.455000000000002,-0.03236624518431299,-0.07891182357385791,0.028620219595250594
29.46,-0.050543152407121594,-0.1033054963604245,0.013753909365980652
29.465,-0.03230167363266586,-0.10767886617414839,0.015333780627303877
29.47,-0.044776151026184305,-0.10790994172472984,0.012249285019166303
29.475,-0.05670064092223697,-0.08265447834981862,0.0031661946275592934
29.48,-0.03596225384832817,-0.09215156318083671,0.00796942245652038
29.485,-0.0372051312463682,-0.08856529880592207,0.006689436901751646
29.490000000000002,-0.045986931883990806,-0.1055555478528322,0.01128042008510384
29.495,-0.04095916177992221,-0.08260332705765126,0.030952353785736166
29.5,-0.0351497452708255,-0.0976769655047859,-0.007596380628866382
29.505,-0.034763260604142754,-0.08654421036019481,-0.00625427482377024
29.51,-0.0465216355703788,-0.10755376145412027,0.00840417862451412
29.515,-0.05195120638083932,-0.0967687215154034,0.01778511386902563
29.52,-0.03213578117008245,-0.09126792327496687,0.008861591210025251
29.525000000000002,-0.04899874842809286,-0.08951629982132368,0.01480267088338933
29.53,-0.04402670725523555,-0.08958320966971618,0.016044058991388135
29.535,-0.020467451144785404,-0.0970937909712715,0.001464231850278299
29.54,-0.027969735976029062,-0.09326968224340247,0.0218989715464762
29.545,-0.0443568912927814,-0.10043883986576727,-0.0027020751145550546
29.55,-0.03839474302627754,-0.09775623537993922,0.022247789390162122
29.555,-0.03738949994449412,-0.09328486753257383,0.01691380013768068
29.560000000000002,-0.03622083220085445,-0.08017592004486733,0.0035567240330803447
29.565,-0.021680694783559048,-0.11240791341546583,0.014180410674582703
29.57,-0.031953802720250515,-0.10472996107623114,-0.002219755920583766
29.575,-0.04484813902970508,-0.11681471403261312,0.02273302461979767
29.580000000000002,-0.03580899593792035,-0.12211007847495618,0.016873535270423522
29.585,-0.04245350527556173,-0.10465174414486465,0.013489834901973793
29.59,-0.04409457720154735,-0.09118311377074444,0.018146000227098134
29.595,-0.04596601657645478,-0.10834482593911028,-0.007775946582994717
29.6,-0.030960061283319316,-0.09805341043746807,0.015093457713380696
29.605,-0.03996734233712549,-0.10575688061656051,0.009281081870479645
29.61,-0.03457046133459412,-0.09732877729332051,0.0002470728256293159
29.615000000000002,-0.04096086838159391,-0.08241747298194455,-0.003072727438900056
29.62,-0.03672698884412067,-0.09689063191939162,-0.007871430708462128
29.625,-0.053379197643466714,-0.10772289495810143,-0.0021361575592508814
29.63,-0.049148312555474916,-0.10113981669527515,0.0011424734524978775
29.635,-0.028489961285596464,-0.10073788948095913,0.02485935413002785
29.64,-0.044604150851226876,-0.12238167351008034,-0.010440693082977157
29.645,-0.05788653594544778,-0.09108673525267266,-0.00483490961568913
29.650000000000002,-0.04950266111531201,-0.09831788149206244,-0.012379671536939998
29.655,-0.04787032549118527,-0.09622565561238379,0.0007932132609174553
29.66,-0.0307428877256607,-0.09304685679591024,0.001305032802031307
29.665,-0.037480220514545276,-0.10712725312491607,-0.010366778474392446
29.67,-0.033165522998617705,-0.0973341152095508,0.013557901261387346
29.675,-0.047547000357047564,-0.09904553652881053,0.001718837613886786
29.68,-0.03625620577024036,-0.1118090318216935,0.0011496782314573788
29.685000000000002,-0.05813434687603185,-0.09976306781402845,-0.0006500346082795733
29.69,-0.03957712036002646,-0.09723852451289328,-0.0013683995891709058
29.695,-0.04068106252005861,-0.09923672898417896,0.0012237433270431315
29.7,-0.05280254862184143,-0.10682514352214212,0.011895487826489996
29.705000000000002,-0.04213114097858452,-0.08477250356817463,0.006044510327947908
29.71,-0.047874311195003794,-0.08674812848455365,-0.0008382132084780065
29.715,-0.040791639203160195,-0.09771335373789673,-0.00644609140012389
29.72,-0.05672949205173106,-0.12014813658851306,0.0009917855288862944
29.725,-0.07020999867099612,-0.10678355694289735,0.012383442384016818
29.73,-0.03926559902767029,-0.08767222276148426,0.0029567496168334192
29.735,-0.037519206439901476,-0.08782519615663853,0.0019600958568199572
29.740000000000002,-0.04712051170366312,-0.0946094094542973,0.012798823948312936
29.745,-0.044220250077674064,-0.10385436935042233,0.009685844780971802
29.75,-0.0444063326245059,-0.09368665268403352,0.027563606859988852
29.755,-0.04323825229365833,-0.10704790303733813,0.0003622105947816874
29.76,-0.04222541420311276,-0.10467723329649131,0.017840167379697167
29.765,-0.03693893146177737,-0.0904277429877877,0.018556175313955404
29.77,-0.04783526236657872,-0.08439892618622344,-0.014148890122964181
29.775000000000002,-0.050300561437973755,-0.07660373676922118,0.0010950963295699653
29.78,-0.06107248812297589,-0.08939241693298998,-0.019897362134050932
29.785,-0.05705316423166597,-0.07974026461632008,0.01854795947667418
29.79,-0.04429828529355884,-0.09490600807490049,-0.01075995890800294
29.795,-0.047662150609629826,-0.08519064748634064,0.024900302194342503
29.8,-0.05746568919596424,-0.09093887385198302,0.009065104349586801
29.805,-0.04679167547465897,-0.06977193916727974,-0.0022388055637155256
29.810000000000002,-0.04177594378801518,-0.09950551568270391,0.006174565387722666
29.815,-0.061500095289186464,-0.09985894217375235,0.007091736182432759
29.82,-0.05505445735297262,-0.09009965189118177,0.010891940843515595
29.825,-0.05939607506331441,-0.08434858533701071,-0.0014922555800137016
29.830000000000002,-0.042015458982676196,-0.07426315355349569,0.01581526804143927
29.835,-0.03778189806591581,-0.09884101835563071,0.02120330374773275
29.84,-0.053437794711867014,-0.08395037509754735,0.010650845499897602
29.845,-0.047441040881245476,-0.10488599366669184,0.03597711465665134
29.85,-0.04840006653511235,-0.08242410663522699,0.03802896011122388
29.855,-0.05074947272815217,-0.10877221741121186,0.020618900395520796
29.86,-0.05770732327358477,-0.09315416028003769,0.017339232812066615
29.865000000000002,-0.05056606173903674,-0.08320268976612177,0.02823482224960551
29.87,-0.05092734880438428,-0.08735157120771551,0.02079279644931585
29.875,-0.046990911360798984,-0.08416332746890319,0.01731417420151595
29.88,-0.047556564941230006,-0.08625482624973727,0.0072291456096737865
29.885,-0.039746407727060416,-0.08170232158292016,0.019861164810873633
29.89,-0.056130213391733096,-0.07842252762029264,0.02146319795969542
29.895,-0.06036249510855156,-0.08636701951536489,0.019279860282209675
29.900000000000002,-0.05028865674932537,-0.08731146797269979,0.00499951101735429
29.905,-0.06259384175583903,-0.09440645696383547,0.01541936539135399
29.91,-0.04573305680458829,-0.07803852175363453,0.011986473828738924
29.915,-0.058963461622151256,-0.0901508647847645,0.0299988694561158
29.92,-0.031026796075775846,-0.08701598324644368,0.010113308089791271
29.925,-0.043056792481702154,-0.11160152786378799,0.010406686865413432
29.93,-0.04357249675626028,-0.07729935496310622,0.014696458377272988
29.935000000000002,-0.053241365311458136,-0.08225804096010719,0.02120343773701007
29.94,-0.04783096811583966,-0.08086064992137652,0.021890620564225045
29.945,-0.04627338245397283,-0.08290539369365812,0.016136303282092354
29.95,-0.04878878293279699,-0.09089156374028684,0.025617848449908227
29.955000000000002,-0.04617529195914683,-0.08791482528155516,0.011684848914141576
29.96,-0.03988264302406916,-0.10205637117688557,0.00844595360815836
29.965,-0.06774218223996997,-0.08688160226037804,0.0193461636969046
29.97,-0.032445994458439556,-0.09049013742130771,0.015171743707994935
29.975,-0.03515765747567767,-0.08705955241110566,0.011748617900124948
29.98,-0.02972117724344754,-0.07581027118099576,0.01841786736649944
29.985,-0.056799396854975905,-0.07371066010860713,0.008132634395215447
29.990000000000002,-0.04152817972069206,-0.07922615653193935,0.01352077755974664
29.995,-0.046478076608379076,-0.08118036163963453,0.04330182211236251
30.0,-0.055435478269319466,-0.06321010991823124,0.01913718101455058
30.005,-0.01323271192418634,-0.06199645079478615,0.023930579567708953
30.01,-0.03696828881754774,-0.06682953301872581,0.016296615302124173
30.015,-0.04367752510452176,-0.05032277536073439,0.027106045975292217
30.02,-0.03413445680330596,-0.0711377045171651,0.0008304317252663881
30.025000000000002,-0.015308425536259256,-0.08947066050781138,0.027210134088156864
30.03,-0.022481809405438084,-0.08300486694551548,0.02519516034552238
30.035,-0.017370527511268993,-0.10827499070393373,0.016200291282012842
30.04,-0.027739495130605456,-0.06924274747901259,0.002875894787851045
30.045,-0.024933202361278772,-0.08288439568793529,0.013549459444177491
30.05,-0.04761376697841272,-0.07356714014453783,0.016602295807780925
30.055,-0.02225901277866955,-0.06365154564526314,0.03555263512071737
30.060000000000002,-0.026667342696140284,-0.062305375211071316,0.03208138396324172
30.065,-0.04649297883811468,-0.06525350278708972,0.04296971626892062
30.07,-0.032757978617137126,-0.07588410279386643,0.0236322401331591
30.075,-0.02183994234499903,-0.09132240954861516,0.022778215675001365
30.080000000000002,-0.03882851957492287,-0.08621071674756602,0.021611528981128413
30.085,-0.023628809379132688,-0.0756435699755238,0.012820122745241025
30.09,-0.044105920740953763,-0.07750450621103913,0.029267102465738406
30.095,-0.02345141473972697,-0.06843993816441356,0.022291323223850985
30.1,-0.010951363768760488,-0.058905350539698684,0.033861338726159165
30.105,-0.022910258293448314,-0.06737512019949787,0.02186570501614135
30.11,-0.039176700709281025,-0.050933444554080165,0.012657871735064217
30.115000000000002,-0.044267580821160155,-0.08324853908202581,0.01924316648327791
30.12,-0.018593669743176538,-0.08194766995305099,0.0385873567736396
30.125,-0.02245620609074438,-0.06222949816872988,0.021328603381302047
30.13,-0.024086156989887066,-0.06213784057383165,0.02704648526898139
30.135,-0.021389515582270514,-0.05995681147551728,0.030549232521358397
30.14,-0.04411343473003309,-0.08318908409392557,0.027539664129400027
30.145,-0.03784618588734582,-0.07367507545009713,0.030037570107903325
30.150000000000002,-0.026344455999698847,-0.03637273054757341,0.028060127023048612
30.155,-0.04027857831966464,-0.06710340148836344,0.042992366690592546
30.16,-0.04418534371399243,-0.07382011682603337,0.02749072781703958
30.165,-0.04225784799488954,-0.08139103203224002,0.043330328202452764
30.17,-0.014126929710131145,-0.07136926300823912,0.029630155315295045
30.175,-0.025406548308259086,-0.07115311576659987,0.03259112313531138
30.18,-0.00963105161377097,-0.06583545518375451,0.023880610398880384
30.185000000000002,-0.005263674821158849,-0.0758598329858066,0.022768781950132343
30.19,-0.045144130589047524,-0.06970650871616121,0.02819898300270707
30.195,-0.0243156333879071,-0.0707937870790994,0.028852030350550447
30.2,-0.04075396936912915,-0.0594894927847569,0.02120412467112308
30.205000000000002,-0.003685785291407527,-0.06978566104169917,0.036549858020941094
30.21,-0.03893782082406051,-0.08773066894370413,0.030951102240714425
30.215,-0.0377446986959484,-0.07598250980711335,0.027314972891715836
30.22,-0.021150254357689885,-0.07263148757285307,0.03104119012507734
30.225,-0.02673223683388943,-0.06478285757231322,0.02795804581334463
30.23,-0.04934954748027488,-0.055313026829127004,0.03794009362591584
30.235,-0.02225768543564905,-0.03991823007754246,0.031662685759822215
30.240000000000002,-0.03452630259217562,-0.06226707421934684,0.016477423286517894
30.245,-0.013699365910320355,-0.05890578330222635,0.022625011425758658
30.25,-0.013397900522066335,-0.0607756590007247,0.039735324889857926
30.255,-0.025335332366272886,-0.08029949628106914,0.04911838575799194
30.26,-0.03118008048128356,-0.0555247793138212,0.029635596630792276
30.265,-0.015801170652843862,-0.07456394664330127,0.025348919873496998
30.27,-0.03464652933834231,-0.061688483268408215,0.04330828558133072
30.275000000000002,-0.02640008618273391,-0.07222266961132465,0.027836367818461386
30.28,-0.010325097758459509,-0.08237680297596549,0.05026739608944983
30.285,-0.02942762061275414,-0.06021878740429932,0.026050145797160133
30.29,-0.015524891087509582,-0.05893169406210006,0.03597180082301639
30.295,-0.027927030036154477,-0.07459052800477453,0.038738510713754656
30.3,-0.015165147145163614,-0.05286848680104326,0.024423767968556914
30.305,-0.026106776720964092,-0.06352606986759314,0.01892553907399009
30.310000000000002,-0.0208528454039779,-0.07826310226144109,0.024819281958123777
30.315,-0.018020096055118538,-0.06700783463877624,0.027444503042822595
30.32,-0.014314224625813502,-0.07327428432506564,0.029003439213262535
30.325,-0.025905362728573484,-0.055496176874017464,0.013971943094273465
30.330000000000002,-0.019254847306211388,-0.07275263452953228,0.03627662337292581
30.335,-0.03341406764030521,-0.06382978179727858,0.028008442296605915
30.34,-0.034831017726072194,-0.07203708652956384,0.030522276583081116
30.345,-0.02896817470062934,-0.0831044406143643,0.038932421026086995
30.35,-0.0406855158589137,-0.0791953776631069,0.0360307233796303
30.355,-0.02039768496913737,-0.0695135692578119,0.010852162480786298
30.36,-0.03034287807274307,-0.08406031741194249,0.0056436684923181525
30.365000000000002,-0.019889559081506452,-0.051242458358491755,0.024927663601746003
30.37,-0.027976061352082714,-0.05985691686398585,0.019830779103263987
30.375,-0.04760067685701509,-0.07134678211717929,0.020704884916251193
30.38,-0.030335763104264096,-0.07181060453670311,0.035593490691737784
30.385,-0.02896141075867309,-0.06782585990095853,0.021209856330236615
30.39,-0.03809772510600143,-0.06882691388776613,0.014808920521447364
30.395,-0.022266086069568772,-0.07449655748131952,0.036870000215758224
30.400000000000002,-0.03137933169271763,-0.06362964906422464,0.03672973078134646
30.405,-0.016087789853481863,-0.057097910227480786,0.03048308574669935
30.41,-0.03470942275118758,-0.07150322584576521,0.018905811693606472
30.415,-0.04682027540453843,-0.08124808688510199,0.027599201274313027
30.42,-0.025093342731390307,-0.0852136305301526,0.03189745935503862
30.425,-0.02798064295304601,-0.0510037049785749,0.021332775587012326
30.43,-0.0468511021389627,-0.07520879282941911,0.027250752907132744
30.435000000000002,-0.026410457721458846,-0.06735685045533517,0.03746715490239063
30.44,-0.026391471242920805,-0.06995455222260157,0.04290100241551269
30.445,-0.03691491219894399,-0.0596498619271575,0.020243597704414144
30.45,-0.02605718685086821,-0.0810590260320247,0.010092022709399254
30.455000000000002,-0.04701666324325178,-0.05690223026222813,0.03316986244758615
30.46,-0.020929183027439548,-0.050354030394243535,0.024126330437677805
30.465,-0.024914536565930238,-0.07282856534031497,0.010788031091086461
30.47,-0.02664012602336355,-0.05337699140510953,0.03159973041124049
30.475,-0.03611909299823895,-0.06145417681077904,0.043800308522142915
30.48,-0.03518221762631469,-0.062400084718203866,0.04474734346379952
30.485,-0.04255523778493343,-0.058291274077101024,0.0200476342232742
30.490000000000002,-0.04067286096838209,-0.06983526664629928,0.043203353992902566
30.495,-0.0030984780073055086,-0.05726542758438017,0.03645367282520695
30.5,-0.03524117992609977,-0.05152781922090853,0.01546349728958486
30.505,-0.023726450611388148,-0.05224612686475979,0.018660399813286353
30.51,-0.044469405650873664,-0.05138394250158508,0.006883989141079586
30.515,-0.0064331817529743145,-0.06193419078103357,0.04247010550874164
30.52,-0.034778818852666725,-0.08085546786048897,0.03835168929414794
30.525000000000002,-0.03736410060292982,-0.05491483427804672,0.031716455220612755
30.53,-0.03391617961812213,-0.042848636791605416,0.012772486622841871
30.535,-0.013646087850461609,-0.0727322745795002,0.03729469594126188
30.54,-0.01356035759519171,-0.07868558321864126,0.026651690517911088
30.545,-0.014920615328885833,-0.07712898329059756,0.042220798041337465
30.55,-0.04507547785106679,-0.06298199574359566,0.02546138009934927
30.555,-0.026963214463820172,-0.0651951853841444,0.035153090305634745
30.560000000000002,-0.0367144243683008,-0.07292080385215316,0.035806258697373
30.565,-0.02326292995645472,-0.07291142201434725,0.028528349695471616
30.57,-0.05636256896288869,-0.09049751612164478,0.03309493356351011
30.575,-0.017558771151952778,-0.08608032109462158,0.028457755511180828
30.580000000000002,-0.02854309576915694,-0.07793664707756148,0.006148373057566114
30.585,-0.046857969000946575,-0.06868142627667002,0.024418240058525983
30.59,-0.03134789211159343,-0.0774446577468066,0.006798713742554474
30.595,-0.02505593442648004,-0.07554650873167709,0.045212190854396345
30.6,-0.04165042017796855,-0.06691432049164427,0.00768693473441143
30.605,-0.0186301390734493,-0.06986076643118327,0.024862038048345962
30.61,-0.008006499155828711,-0.07953126567614917,0.02768078145570038
30.615000000000002,-0.03114523025295157,-0.0656926929800452,0.038378691616462055
30.62,-0.02537872865668037,-0.07778801938618059,0.028183470581727217
30.625,-0.039496894702447466,-0.07211131646034744,0.019670241360063963
30.63,-0.04626508754785306,-0.08279025697419246,0.03428569093850553
30.635,-0.030062505101866054,-0.061205779259402765,0.019280988074826283
30.64,-0.022385244080280968,-0.07752657900778025,0.011733686056260163
30.645,-0.03944601832314659,-0.06153602030640438,0.007727552040811738
30.650000000000002,-0.028823126413400072,-0.07331939754370406,0.03507398868818867
30.655,-0.017393391418608833,-0.07518951901027661,0.04018144883347357
30.66,-0.021542409469351015,-0.07872365396649456,0.02804796761875462
30.665,-0.03229682053409091,-0.08396127181145835,0.022846790075396212
30.67,-0.009138098857781038,-0.07433239429586298,0.02512866847614737
30.675,-0.036409616308342545,-0.07539070080880689,0.026535271332407354
30.68,-0.03728811093850899,-0.0759901002569241,0.02539210099609582
30.685000000000002,-0.026670647760356627,-0.06675046444546417,0.022661516677905037
30.69,-0.03343091768647487,-0.07422389456781324,0.035770789637715426
30.695,-0.027741822073701985,-0.04974500096905755,0.03193762202535298
30.7,-0.04745216337156197,-0.055282540180574914,0.038633400159143905
30.705000000000002,-0.05221236750645767,-0.07419068933852396,0.046413341517077406
30.71,-0.03283860946863621,-0.05395035129121847,0.022131891724993483
30.715,-0.04040084661893745,-0.05229886742940596,0.04031172217068557
30.72,-0.03339720897331906,-0.06388089002360717,0.03998195699272265
30.725,-0.03444973965072134,-0.08990784731170835,0.04331306880722998
30.73,-0.008398062469371255,-0.06511165140456145,0.03415494341640565
30.735,-0.030905088205879293,-0.07278279051146266,0.03379506646420713
30.740000000000002,-0.03624257222636742,-0.05391926601911966,0.042013571855278514
30.745,-0.0272759993945881,-0.04277029422265152,0.02220772210980077
30.75,-0.01623457407681382,-0.0766493605188732,0.027284057019059792
30.755,-0.02726236482939981,-0.05551260933527796,0.013738608293880687
30.76,-0.03732825027228596,-0.05075373138991672,0.039150218012586835
30.765,-0.05057059851665848,-0.05861773046511381,0.050101829766077424
30.77,-0.012335151819216307,-0.0625848609800432,0.03924351021638776
30.775000000000002,-0.05373623499950301,-0.06334224868648637,0.03416973462684786
30.78,-0.04184221832691235,-0.05350363016392554,0.041289151148129394
30.785,-0.029127294286584143,-0.08503818498138052,0.04538340115226901
30.79,-0.030017073358682426,-0.0666181750660989,0.028903550400459364
30.795,-0.02580256361472558,-0.06808082631238163,0.0323483540181735
30.8,-0.032442805348190794,-0.06658410742489228,0.04042961814831486
30.805,-0.01919884796908858,-0.07913855749881668,0.0422061886606692
30.810000000000002,-0.03512769376922706,-0.07050129726940198,0.030971961792790492
30.815,-0.02463602839706247,-0.04988798624928356,0.05014998159151239
30.82,-0.04263238990212552,-0.0809648628174296,0.03899803942156532
30.825,-0.04688069173708355,-0.07693679811655706,0.04636261801559457
30.830000000000002,-0.03380333050860783,-0.06608316672314406,0.04755808790274286
30.835,-0.026713855460560182,-0.06428783722190463,0.05436674466245331
30.84,-0.004527461896346056,-0.06810783823059428,0.02461199778697694
30.845000000000002,-0.0435742869914198,-0.08792564458296377,0.008647729218278433
30.85,-0.026961488968707613,-0.060061078594637565,0.04959608350978022
30.855,-0.041041418733672855,-0.06165159308358243,0.047269817594619484
30.86,-0.045894759570727243,-0.06229997782133198,0.045595354624997836
30.865000000000002,-0.03545717956191767,-0.05752053950909805,0.0399308659255586
30.87,-0.02854707719433959,-0.07123309751848624,0.04125667290164714
30.875,-0.04616330861390834,-0.07438071639633846,0.03526405664813124
30.88,-0.021765983176561105,-0.06289641478404323,0.03004972064031842
30.885,-0.02179172412119335,-0.08856868199071602,0.035856558944729326
30.89,-0.02966923378327594,-0.07329504632000566,0.04620574110974682
30.895,-0.017162111629696847,-0.059269161700995415,0.04049268665707756
30.900000000000002,-0.03331800095302856,-0.05703194269228899,0.05156787085449345
30.905,-0.03411336625687936,-0.04519623653191979,0.061436078031075494
30.91,-0.04003696394121149,-0.06255060966942341,0.03013101599160975
30.915,-0.03771536305532441,-0.06982461312435768,0.03317094376492932
30.92,-0.03540590677930756,-0.06385058138417168,0.05918019704575038
30.925,-0.020798418829612808,-0.06170566866354985,0.05165077465815851
30.93,-0.044941616488634664,-0.054748176212270544,0.06213004204768066
30.935000000000002,-0.0277513295433554,-0.050244821405412934,0.0360206204118085
30.94,-0.03395366370883279,-0.04350289981345122,0.056557433215444514
30.945,-0.02340644458178652,-0.055815800248090325,0.05022606997971278
30.95,-0.036317815276453336,-0.04421736436965955,0.05877524761781541
30.955000000000002,-0.019311506936211493,-0.07623564858589096,0.06428889498057493
30.96,-0.025604085107040646,-0.06854281549954522,0.06795354918904539
30.965,-0.04559152433181418,-0.07157487305885797,0.032794149016255054
30.970000000000002,-0.015171257861949877,-0.04591781179037564,0.045145911932033725
30.975,-0.023129782886812587,-0.06330137695651814,0.06594537522604851
30.98,-0.041933946019528684,-0.042824920050004364,0.02792327066405292
30.985,-0.03668211292384145,-0.058245359200329895,0.050265730882799384
30.990000000000002,-0.019151792444796586,-0.06334289555771319,0.0590631837243461
30.995,-0.0249000126475695,-0.049394132373267396,0.04302046533727036
31.0,-0.015324479630140875,-0.04814662234577866,0.044476763427979196
31.005,-0.013884351822727459,-0.045436316734216296,0.0376445691818085
31.01,-0.026337138259509445,-0.05338539296272194,0.02985034859468897
31.015,-0.01922158444756102,-0.0701780605936251,0.02902947943042182
31.02,-0.018188973275394708,-0.05584329162274409,0.05869357974191772
31.025000000000002,-0.014945030029375613,-0.05891101251435295,0.04384687954952175
31.03,-0.024424496450546805,-0.06724364535129779,0.055152395945048005
31.035,-0.005763879930693218,-0.07180905815386568,0.04669936363061811
31.04,-0.037833457390036004,-0.06749393719236756,0.06253040816743921
31.045,-0.01909161924339836,-0.05682701898709375,0.040445947319129205
31.05,-0.03450631324132793,-0.058327240582476646,0.05659810399662055
31.055,-0.013894549925196679,-0.05134231393478176,0.03316124693461191
31.060000000000002,-0.008219926508743808,-0.06690536102711937,0.051933376292948
31.065,-0.017117696386655057,-0.060445226874167285,0.036449638920332636
31.07,-0.02084701855180114,-0.06264245790805466,0.04432526521512845
31.075,-0.00968286128854434,-0.07232073749615452,0.02819383998338745
31.080000000000002,-0.03810343546132689,-0.08305990628785882,0.04317513424095867
31.085,0.014349646710255891,-0.07623163267488572,0.036354350917992675
31.09,-0.010349432822288151,-0.08814349939666002,0.05116252079911171
31.095000000000002,-0.017326969175953368,-0.06614655168095747,0.04255919288822474
31.1,-0.0071649349581246295,-0.06619692358652592,0.033315101641822664
31.105,-0.03527917823556362,-0.09084670894826172,0.02867843178273852
31.11,-0.026080853050314344,-0.08108479037017909,0.05650588983859069
31.115000000000002,-0.021155113359696973,-0.06498273805228022,0.039009507729197125
31.12,-0.03373358383287353,-0.06175350233469249,0.04477359016431031
31.125,-0.016910261076370815,-0.08108017062423817,0.033345440015013064
31.13,-0.02268082890045599,-0.06580185975940639,0.030894653993758847
31.135,-0.02360882087518781,-0.049697558992114255,0.020417809956215383
31.14,-0.018078580186495805,-0.06654064289438731,0.052720683502077
31.145,-0.016838116529978395,-0.07278008459848764,0.028773187366172175
31.150000000000002,-0.02966474228739395,-0.07700103808444829,0.04655249521495158
31.155,-0.035468331503901995,-0.07617217245246263,0.03542832512902582
31.16,-0.02067462729088488,-0.08412185158747293,0.0401069049129643
31.165,-0.02401954771379544,-0.07184034293198514,0.03230397121137854
31.17,-0.012907748835609436,-0.08823218560490735,0.044906938543495666
31.175,-0.04626735757102192,-0.08248105485913837,0.018498801242499335
31.18,-0.035780865816140525,-0.08769204772752874,0.033425027048986006
31.185000000000002,-0.03306954230663675,-0.06837553046012708,0.03100872935896299
31.19,-0.04139172255369999,-0.07698519255332122,0.03296728510895563
31.195,-0.026641375739774417,-0.08856471765664194,0.03153685694839876
31.2,-0.018734535964782438,-0.0807727758842013,0.044249214369942204
31.205000000000002,-0.03244412905572985,-0.06902515501299279,0.044156313572022377
31.21,-0.04075398456880487,-0.085516014406569,0.020546407869439617
31.215,-0.03414893419201211,-0.067521845960601,0.0319404813217177
31.220000000000002,-0.03560317908130055,-0.07073474743162547,0.05060899792848285
31.225,-0.0018656307589860425,-0.0810128395214199,0.045768088845825394
31.23,-0.026742567536462557,-0.0891235625516536,0.033280327075538296
31.235,-0.04505806600514941,-0.09018139059467971,0.03257513862102554
31.240000000000002,-0.04685164756845317,-0.0665541310712528,0.016356457687463504
31.245,-0.02926168315026123,-0.07820806371420558,0.03245486669016583
31.25,-0.041423739544825706,-0.06198744049110244,0.03584245872615487
31.255,-0.028518303506791253,-0.06305347717271326,0.024787425365887714
31.26,-0.040422042671256514,-0.06467655264845193,0.012194200354350527
31.265,-0.02746930112900211,-0.091769743663678,0.013328539478583364
31.27,-0.024792061859487263,-0.06935553869808785,0.01465006054997907
31.275000000000002,-0.03335550163706192,-0.08365788785914334,0.02652554829419805
31.28,-0.04271806142301055,-0.07894415383789571,0.01044560319197783
31.285,-0.030411117520640345,-0.08127497631282392,0.04254949184790867
31.29,-0.009780468596960426,-0.06473659745069786,0.034752460131774125
31.295,-0.012120599640020805,-0.0740698933964947,0.03425174252790325
31.3,-0.03345909996618687,-0.07675960575390416,0.02562605863432257
31.305,-0.02646290395892088,-0.07986097810245106,0.035461080855914796
31.310000000000002,-0.024756235349467654,-0.0562353659035819,0.029879523810469124
31.315,-0.04044992455289345,-0.07449876186069994,0.03923808942005107
31.32,-0.04625648286798746,-0.07716425824238024,0.03472697879619808
31.325,-0.034138547560610875,-0.08290667428917017,0.043739179350159044
31.330000000000002,-0.02779228134880592,-0.08012371149449711,0.05240815424904194
31.335,-0.02660306534770375,-0.06961780436975468,0.03123098580829097
31.34,-0.025174692604138873,-0.08369796970772674,0.025793340591975213
31.345000000000002,-0.01623323820866876,-0.08502327200301278,0.03803645804069883
31.35,-0.032810360915901185,-0.09421931094047853,0.03196168155258477
31.355,-0.021015939977852453,-0.07717339219647948,0.029586665448216906
31.36,-0.030334713370834432,-0.08448768253626276,0.03246451379763029
31.365000000000002,-0.027901887878291714,-0.06779795956403775,0.039806461157805784
31.37,-0.024352511502825556,-0.08462058265504115,0.03130714151045957
31.375,-0.03180297591554532,-0.09924212910075912,0.02467670431323876
31.38,-0.03598328881084248,-0.07280778986608348,0.029561235342932368
31.385,-0.015702346464166315,-0.0865765462654479,0.01588137308874407
31.39,-0.04069032703094806,-0.09591277194266438,0.023984170928852754
31.395,-0.022657708176522927,-0.07383953800447308,0.019041124020176388
31.400000000000002,-0.014556617629953333,-0.07100716892267447,0.01738346374158985
31.405,-0.005961456921920048,-0.07066441783462543,0.03000693250398013
31.41,-0.03580908944874029,-0.06183949814965478,0.011033054036660637
31.415,-0.019890361206056525,-0.07458817368901423,0.02699460167516336
31.42,-0.02488960875830711,-0.056532484701059316,0.027751071695108372
31.425,-0.03569395897177888,-0.06513523740462575,0.01776940399552151
31.43,-0.01614329322747809,-0.06813479742800177,0.0187786403772712
31.435000000000002,-0.03142846841237908,-0.08426577455084235,0.0451947647165005
31.44,-0.03218524127541855,-0.08419276267538071,0.028353577978018754
31.445,-0.007607207320407986,-0.08714568931014743,0.01394191338853389
31.45,-0.030419237175290516,-0.06054606368525975,0.01685988569129966
31.455000000000002,-0.02891933572128769,-0.0810647162952909,0.035321249239143704
31.46,-0.00928856611247432,-0.06431876316504345,0.02954591618253193
31.465,-0.02994051722026533,-0.09206302035105388,0.020806077146987345
31.470000000000002,-0.03410428406443497,-0.08260155398288219,0.03470030635529043
31.475,-0.03933060512463943,-0.0761199041842051,0.020417300100504965
31.48,-0.03664959936235074,-0.059539945911292816,0.025093510643571
31.485,-0.03138936210957687,-0.07772137748376642,0.020925954539224585
31.490000000000002,-0.014434785362266483,-0.08198126045868614,0.010132165249548058
31.495,-0.02359719951595856,-0.08000715036660629,0.038644946223465246
31.5,-0.01369466010271964,-0.05700283294362988,0.020464722730388928
31.505,-0.03360551461060221,-0.058378450398063594,0.014994894141211966
31.51,-0.013623804263756818,-0.07747380694621225,0.025639223787954774
31.515,-0.020021697854907282,-0.06922502513908795,0.0302573161858814
31.52,6.602282364567835e-05,-0.08544563420865807,0.01113653760274452
31.525000000000002,0.004119371710617374,-0.06190446563151055,0.02551607524189995
31.53,-0.027471495774576384,-0.05662432577415503,0.030998750411308562
31.535,-0.03921120922921269,-0.052472758645160315,0.02958359028123247
31.54,-0.028830106108115244,-0.07162260746847522,0.022675065062655552
31.545,-0.023980198537788346,-0.06202336771959189,0.029900063821797915
31.55,-0.014474170239864314,-0.07306527073026506,0.03148434653039026
31.555,0.0011152921693041405,-0.055269764222873816,0.031163887315243655
31.560000000000002,-0.02046436940232589,-0.07489372872699177,0.008506026224752179
31.565,-0.010014774479795579,-0.05325652883078708,0.008044305864333053
31.57,-0.02781599630888459,-0.06516808575565564,0.0347512271714697
31.575,-0.028135164074365168,-0.07050138452603336,0.031152444916135266
31.580000000000002,-0.015936884041781764,-0.07372693789398765,0.03224813018811997
31.585,-0.023617186865438212,-0.05086364547907527,0.022923523366611555
31.59,-0.020801708231114054,-0.06678318658232187,0.03010811749022291
31.595000000000002,-0.010461971757090918,-0.06018518811619686,0.050171548052549204
31.6,-0.020702664397290477,-0.06375024466221091,0.04311727371085124
31.605,-0.0014810000507088847,-0.07074370786864333,0.025768347549260367
31.61,-0.001117229764070981,-0.06912261128255794,0.03184435015069097
31.615000000000002,-0.01310638571378116,-0.05022196693156555,0.04559180760267001
31.62,0.0028305905121063443,-0.0701130832434956,0.015993544165092657
31.625,-0.00781694432504507,-0.044809843931259405,0.030956161926028247
31.63,0.00969506649371132,-0.04677325204978659,0.048919923393662204
31.635,-0.006468362006319794,-0.06137815456139112,0.039476467261604226
31.64,-0.004641768819430476,-0.05049666582816513,0.04122490158657091
31.645,-0.00277335385487211,-0.044657450647224414,0.03870394827844986
31.650000000000002,-0.00583681264763368,-0.06705278339348208,0.03977103128785943
31.655,-0.010599441123176123,-0.07772575140355328,0.02616073458939393
31.66,-0.013218076094732772,-0.05558254267996353,0.037255962483011364
31.665,-0.012746613277368847,-0.06560093209736934,0.017953770566695268
31.67,0.005356106302228145,-0.06833356084523465,0.011845000616062883
31.675,-0.033554111261421646,-0.07199284828163027,0.04815029795785694
31.68,-0.016252602327769632,-0.0630765664368097,0.05141651318883248
31.685000000000002,-0.012642162483103129,-0.05598570678917131,0.038196566520950985
31.69,0.015328940600036322,-0.07434900991743966,0.0488681763194613
31.695,-0.004116012669675935,-0.07857874397917214,0.04531216793146277
31.7,-0.007238311741299075,-0.06313684633092081,0.026784881977580353
31.705000000000002,-0.005362262647828631,-0.05323753549132355,0.03005013155900654
31.71,-0.00276330086815264,-0.0594470546341737,0.0333826654809915
31.715,0.01321000595580869,-0.0502356255272511,0.03833476007864525
31.720000000000002,-0.0013661835980648407,-0.06188047943026278,0.019391019724145676
31.725,0.009816277343649604,-0.06419419580635112,0.0635156717705373
31.73,-0.023243491151752938,-0.0420991271982637,0.023165962410152157
31.735,0.010169671935013589,-0.07893072914754706,0.029421688721621594
31.740000000000002,-0.007800097731673804,-0.04145645736545131,0.046926305278088484
31.745,-0.009769984684141725,-0.07346861639278246,0.0345339790810036
31.75,-0.027614093953753308,-0.06467687419930791,0.03353702502038031
31.755,-0.0029393204024454715,-0.06432857649239616,0.026889962154303643
31.76,-0.011995987486300309,-0.04855277618526461,0.023441218732715208
31.765,-0.01487270498833719,-0.05926549472223874,0.0262492454743922
31.77,-0.011656066814413502,-0.06726396787633179,0.039098291614285775
31.775000000000002,-0.0035141132625172156,-0.05934548589687518,0.053566681280649064
31.78,0.003787331715162951,-0.06243120754009261,0.03190725623200317
31.785,-0.02583390249768117,-0.052485834261138155,0.01103178628623557
31.79,-0.0032229516157513648,-0.05276836484947306,0.014990379070302245
31.795,-0.009810468222857274,-0.05513265794672323,0.03308445679299461
31.8,-0.0162560933511232,-0.04574561483755647,0.028111896495424022
31.805,-0.0239914666424977,-0.04847486183247732,0.03549501730782526
31.810000000000002,-0.03469098787157299,-0.053665345132987395,0.021951356932939436
31.815,-0.012866046404540487,-0.06489355173263855,0.03408833257876436
31.82,-0.006716668786638284,-0.054142696857041095,0.021567168354153385
31.825,0.001201561901409437,-0.06042764302925331,0.02190549376045622
31.830000000000002,-0.001315666820339314,-0.06303034766663396,0.023081406045184945
31.835,-0.01265187071916124,-0.07841689534589663,0.020692311681717687
31.84,-0.021045663166276395,-0.06410726461241671,0.0193406937376193
31.845000000000002,0.005891568296411669,-0.039040654246373596,0.020625495344245313
31.85,-0.028398843961981328,-0.04779098517903514,0.027339738126496167
31.855,-0.006403131326559119,-0.038666367823009085,0.0453595642974958
31.86,-0.0004245291942453766,-0.04196461667965683,0.02754669882063125
31.865000000000002,-0.006791240508291465,-0.04370068836017074,0.038078766459015076
31.87,-0.01485794891626574,-0.04267636363547474,0.0396849529267807
31.875,-0.017450590056764984,-0.05396819342304415,0.018131614049168993
31.88,-0.015897804496804634,-0.03277996544442085,0.025548844801358894
31.885,-0.01354843156574333,-0.03187417623504546,0.04613277048799347
31.89,-0.005580863002800654,-0.03554644983452887,0.028152035426995386
31.895,-0.03609635617332431,-0.048943800585322605,0.01925764982705126
31.900000000000002,-0.013442113424131378,-0.057858648963096004,0.038388900972873785
31.905,-0.02481696803557824,-0.04488296399973886,0.014869382847726074
31.91,-0.009406051257384373,-0.05449485290498822,0.020215117682551097
31.915,-0.014469548395851656,-0.042053261446479334,0.03297507890873294
31.92,-0.03125591146482101,-0.050286599077225866,0.024435562497741058
31.925,0.005700105267191984,-0.04125103746088468,0.03848296201294337
31.93,0.007811220436192284,-0.04598005906190129,0.008050895157055088
31.935000000000002,0.00384301564740705,-0.056515330757886006,0.03614898200458251
31.94,-0.016535649868814773,-0.04342467751657045,0.033264768582338115
31.945,-0.009987499551566078,-0.024168251115589155,0.049746015381457884
31.95,-0.0033726461282807332,-0.03923483813875083,0.026447889590826574
31.955000000000002,-0.02880474763628189,-0.05634595432115168,0.032799398470347046
31.96,-0.007156659900697113,-0.0392044944366182,0.03337801091576464
31.965,-0.0012720674146482307,-0.021738658713046952,0.035425405358806505
31.970000000000002,-0.00240398087772686,-0.036284987891890164,0.025974533631368063
31.975,-0.0023478496377720183,-0.0419459349437303,0.01851841561535044
31.98,-0.00021596229505602138,-0.04250356956205602,0.047931135961709975
31.985,-0.026911848237569973,-0.04427859134651855,0.03472093728898262
31.990000000000002,-0.014220818743694717,-0.04296073219408924,0.025587568130418743
31.995,-0.026901285446208883,-0.03764598904683264,0.023623516115062214
32.0,-0.017591589904448552,-0.042724823550628094,0.03700579245426019
32.005,-0.00689952109451988,-0.04201346353889915,0.031160915370734926
32.01,-0.0006754870372462328,-0.05280996372965942,0.031478043545885966
32.015,-0.025337866945676062,-0.051310004891935365,0.04551782208810963
32.02,-0.009373063476401051,-0.06835160593775802,0.04353074863437042
32.025,-0.0075106170219929845,-0.03991444897970259,0.042982192651860165
32.03,-0.012848246580365815,-0.037632184806398836,0.030794430569503827
32.035000000000004,-0.02634799423430711,-0.03541158999019194,0.017199562074396213
32.04,-0.025830317774665365,-0.04563381658030342,0.026740662665044667
32.045,-0.006432546795023645,-0.026370178055742776,0.019940712704669024
32.05,0.0052839485316755475,-0.0438447946640083,0.03296379285861356
32.055,-0.015718177135279083,-0.05847791851538012,0.04220063607310138
32.06,-0.011667625249608942,-0.03487394076766553,0.041107828047925614
32.065,-0.03512284652158436,-0.05158343181098764,0.049955526931990915
32.07,-0.009419643849642733,-0.04973043922547541,0.03272587177002085
32.075,-0.010127970891438121,-0.05329202198631654,0.033480006279408836
32.08,-0.006181201622266014,-0.05106259367515242,0.037372911350249394
32.085,-0.015294418999196754,-0.05905780261154818,0.040456609384445806
32.09,-0.016451965373115062,-0.058100931091743906,0.036688699885923874
32.095,-0.005824016269551865,-0.043050573981458756,0.040178041882604265
32.1,-0.023696438763206526,-0.047357385500170615,0.05013364755182072
32.105000000000004,-0.009616955033640073,-0.044991778818992356,0.05152470283562778
32.11,-0.0026780107578005356,-0.02999879106660762,0.03007703349864108
32.115,-0.0035094826200750655,-0.059808881676493675,0.03137068273677947
32.12,-0.013764064341383726,-0.03271002315840345,0.02258945898873152
32.125,-0.0012622055422428433,-0.05661959333826866,0.02624146039334911
32.13,-0.01353191647650212,-0.05246245584427335,0.03440674621495355
32.135,-0.008827806353387473,-0.03806309904080883,0.03659814281667949
32.14,-0.016782468851955137,-0.05710539264425539,0.040496311041009446
32.145,-0.017531775023627266,-0.05314095067788391,0.031061015383316116
32.15,0.0040313022123501276,-0.039470926902626866,0.026232420605912167
32.155,-0.019521134553435467,-0.03544253047098863,0.043040023572663386
32.160000000000004,-0.015064435461065315,-0.045689345899040695,0.03554197156678298
32.165,-0.0024826420364338214,-0.05241398879049948,0.02925586390440583
32.17,-0.009353936645726538,-0.05215796968067765,0.03144761672980361
32.175,-0.00848399877265342,-0.017951617666881886,0.037347077443432394
32.18,0.0022578658472262106,-0.05398563840245666,0.039566166998228444
32.185,-0.0027250591986793596,-0.06914695912053938,0.024675158589743656
32.19,0.01396822685296447,-0.035591370574329775,0.02510872357059086
32.195,-0.017473155846875157,-0.04698025695625743,0.029773780241840343
32.2,-0.0012207999933992117,-0.05272933629298185,0.027699318102746794
32.205,0.0008282018156069021,-0.043278964731375186,0.03140390246508334
32.21,-0.005578845593535185,-0.049525703448318456,0.01650422024770909
32.215,0.015404268638669193,-0.05975682703640926,0.043009198900283756
32.22,-0.0011358288682379591,-0.05984107591213195,0.049805863254681476
32.225,0.011812442895335958,-0.03927441517713594,0.020179037140070133
32.230000000000004,-0.015653956721413058,-0.05887208145591803,0.03568619421079436
32.235,-0.007044649822654708,-0.031536602693859606,0.03213757581642899
32.24,0.0023566281221283417,-0.05135851155637709,0.02438290862507667
32.245,-0.021629644445609192,-0.06738103676278584,0.02699205732855792
32.25,-0.012491305633839787,-0.05377521136955204,0.030278169211070228
32.255,0.003863056414391587,-0.04729305672632051,0.036175880414617764
32.26,-0.025704576199639145,-0.05280771763573611,0.039233928301679835
32.265,-0.017414264129915216,-0.048122994394318656,0.035197081945386774
32.27,-0.00650294556446105,-0.04409922934728793,0.0387657757845559
32.275,-0.00672576346268311,-0.06784434837143914,0.03416447629022218
32.28,-0.006340056817577093,-0.06963617079077475,0.044026217428993236
32.285000000000004,0.006427248552490154,-0.04421370912958968,0.03011962251587233
32.29,-0.014134126211066439,-0.040192631271459785,0.033010304166539564
32.295,-0.011479192423320295,-0.045655317832288725,0.04890249438438439
32.3,-0.02042191321786533,-0.053872524412563474,0.036322921292385804
32.305,0.0039698505249354185,-0.05903254122632484,0.03842154501535345
32.31,-0.00609633440572982,-0.05960766348641533,0.014209195403972993
32.315,-0.01108666748926683,-0.06380098920910124,0.022104272998637084
32.32,-0.0037184493944382516,-0.057574086516331106,0.03161985665173621
32.325,-0.014887971878872912,-0.05837520459020383,0.025375310838662988
32.33,-0.015528195867735448,-0.050806556041140156,0.027749292720831154
32.335,0.009672665294633783,-0.0580599463586014,0.03365258289255551
32.34,-0.011253128973752378,-0.04701982365380318,0.03584010707780096
32.345,0.012749563797975299,-0.05284656309761147,0.0386551065557948
32.35,-0.0041984322897147194,-0.049577150745207826,0.04822766954466393
32.355000000000004,-0.0015440868425875276,-0.05241625729184664,0.04826029576648824
32.36,0.0030955053122062107,-0.05013271183753676,0.03215310287190364
32.365,-0.02077863979118101,-0.04390957800804278,0.029169555498536514
32.37,0.0007682160436464219,-0.06607775545717191,0.029031778185780233
32.375,-0.010541547747352956,-0.08380624707016325,0.016933062249140696
32.38,-0.003613758386427298,-0.07912444119790198,0.037129826925484534
32.385,0.005916705118134472,-0.04025766398375161,0.041415555686613134
32.39,-0.02404698881258152,-0.06848796853104655,0.014734102673570651
32.395,-0.0030445725629658846,-0.04508013144715469,0.03704679619496283
32.4,-0.0058197144179169685,-0.04575455246385637,0.034873646522587426
32.405,-0.0018895754266068168,-0.06497759588554847,0.0413088859767201
32.410000000000004,0.0021929446276700293,-0.05419269873124982,0.045291054379284636
32.415,0.0092489122024027,-0.04927524600860529,0.03433868207329023
32.42,0.0016483895578417972,-0.045383320894294636,0.03324419064652018
32.425,-0.007180038815486782,-0.04283341387636177,0.03858858859107548
32.43,-0.017780747215855118,-0.07471967068734292,0.041899052222683815
32.435,0.012772795095001146,-0.06998317687592426,0.020007244823733707
32.44,-0.0014595271342775148,-0.05506244701489338,0.03300833485708439
32.445,-0.013276184472612557,-0.06705448786972003,0.025840209855808798
32.45,0.004170179888672951,-0.056335544986589416,0.043902925164632324
32.455,-0.017371386684226525,-0.07636010406027077,0.02787938879607711
32.46,-0.011370026322239345,-0.05963169342325603,0.02264472671818621
32.465,0.0011071080350470094,-0.07004985216054074,0.03731793488303729
32.47,-0.007775012352571761,-0.04290924100754322,0.025207450274420822
32.475,0.006698512528633543,-0.03428920067425434,0.04685822535010635
32.480000000000004,-0.00865112006357837,-0.06776242694339113,0.04718666581720501
32.485,-0.0011520114572513562,-0.05862250010381397,0.03784574397720543
32.49,0.0033680943044537837,-0.050128173041817076,0.04415504214852813
32.495,0.017926762635094816,-0.05567090485931483,0.018324432812195264
32.5,-0.006684786809478829,-0.0629439656681339,0.02242388050028681
32.505,-0.010253821401167144,-0.0451850829037211,0.033963653034796246
32.51,-0.002445741570823362,-0.05270067905393982,0.021793411695030806
32.515,0.009052727447423265,-0.042508844625908315,0.0436344605037388
32.52,0.003485970607209156,-0.04205228274710707,0.03511661422970256
32.525,-0.011845348382547707,-0.0555974764977797,0.036206803179571895
32.53,-0.01173054238450394,-0.05429014278618875,0.040758836343648325
32.535000000000004,-0.004938087289191824,-0.0483244816686656,0.02644914185473985
32.54,-0.011929823666768358,-0.05132627097044404,0.05295056735109126
32.545,-0.00736277775626135,-0.06471653830734127,0.04438044613755318
32.55,-0.01913334520035819,-0.040084517455698576,0.03343417613567202
32.555,-0.0033304520895993915,-0.05678423939644831,0.04094970689604317
32.56,-0.018741300696244963,-0.04729843437128699,0.043375288835604944
32.565,-0.013234124104148103,-0.04974772687866463,0.03294631864188353
32.57,-0.004551237398600055,-0.043218280580663994,0.0471953541108049
32.575,0.000226550883066199,-0.056764311118640096,0.02147996546801808
32.58,-0.008852286621762726,-0.04871353440411128,0.03918579213094131
32.585,0.006326634369669133,-0.046598859217159595,0.06364131652736224
32.59,0.006188186615767172,-0.054522117480709835,0.05190912149592293
32.595,0.008008720060461837,-0.043809038779268006,0.04006389425365183
32.6,-0.015182165965668477,-0.040005977297795724,0.04229185085696042
32.605000000000004,-0.0021333447131681414,-0.04401917688827186,0.04547735580201569
32.61,-0.0011058624227883694,-0.05332162792250411,0.05920249535879373
32.615,-0.015233760961936627,-0.03620220590328807,0.022801714902273527
32.62,0.004304750388073972,-0.06350680166871828,0.03116559893049994
32.625,-0.007419106726306229,-0.029384078969431945,0.03430271547791373
32.63,0.004123134232210772,-0.03947126917165497,0.03955676868095442
32.635,0.004024070402391718,-0.057454478849519625,0.026988551501074723
32.64,-0.004865348578306096,-0.031459927134163776,0.03214519212086513
32.645,-0.004150557825490706,-0.05160266617901274,0.05562009796493213
32.65,-0.021300820895576236,-0.039194501916649645,0.03979599592662196
32.655,-0.013014434278416621,-0.053626332516166116,0.028399222212672406
32.660000000000004,0.00534162462152999,-0.023773354990189198,0.043157024052173434
32.665,0.01134249636746728,-0.05437259258259199,0.0420891744062954
32.67,-0.026916032894910333,-0.05599230896116753,0.055125701496426385
32.675,-0.002987119396710862,-0.038919194400816474,0.04821824718577922
32.68,0.001196278555417988,-0.03761664846062326,0.0283318678937524
32.685,0.010779774459557231,-0.043536669731773975,0.029762473302057856
32.69,-0.021602843705943335,-0.04952881738138456,0.04453383523125027
32.695,-0.007699724444409396,-0.053528164784753904,0.03165765850734686
32.7,0.0008090769005977619,-0.044433844321490217,0.038445332432740856
32.705,-0.003834934593798408,-0.05101098054603341,0.05057504864390003
32.71,0.000519060180992157,-0.04646403073011916,0.04488615888510568
32.715,0.0015912306855858892,-0.039678684804187424,0.04803295594846284
32.72,0.011037979960901403,-0.03402986394016888,0.04246036946424912
32.725,0.0008086883436483686,-0.043297573140227336,0.037953338609892334
32.730000000000004,0.010854705849129422,-0.043301486162040256,0.03776187301988563
32.735,0.002524726036888157,-0.04638207084786589,0.03328339176326241
32.74,-0.005091514923851435,-0.04445470992608034,0.0489032432977598
32.745,-0.012875485430329785,-0.051652252472386674,0.0391368313624014
32.75,0.00570437953833032,-0.02874002681990101,0.0511270288296895
32.755,0.015994209517038716,-0.047160846122877687,0.059502820300266414
32.76,0.00016571422779604328,-0.039091281549382045,0.03830504084460282
32.765,0.013159278211733032,-0.03714797945136078,0.044531852553646924
32.77,0.010028082570673842,-0.04796613228272139,0.0647347556641186
32.775,-0.00968106619496912,-0.04349625247253988,0.056463141591513694
32.78,-4.2053943559629964e-05,-0.05122691953052114,0.045621079013789985
32.785000000000004,-0.026041336283006374,-0.04220204353672183,0.04306198433072837
32.79,-0.01712973542600866,-0.047919786506223416,0.0516274939521245
32.795,-0.01124231374782745,-0.03711630159911272,0.046217180910270585
32.8,0.0025230923997927764,-0.045027448472949594,0.03646092675805699
32.805,-0.018672951006194836,-0.03177182997661851,0.04661540343164722
32.81,-0.012011065847379376,-0.055522814724904904,0.030019168611976493
32.815,-0.0016969113313150923,-0.06641100980789805,0.040254921738737307
32.82,-0.0076871379613976665,-0.02930765198557206,0.04724406632732072
32.825,-0.007643868648351093,-0.034802888584333606,0.060833253635584186
32.83,-0.010715224463420072,-0.05046932182127033,0.04980544561861411
32.835,-0.019036763014265892,-0.05197402791922808,0.033302304461637
32.84,-0.018336068507598228,-0.04745808641361588,0.03395630842499321
32.845,0.0007456899356266602,-0.040821587821281084,0.035391022466174954
32.85,-0.007571136320326501,-0.04403394400521371,0.03679242925905145
32.855000000000004,-0.014229383131760864,-0.0569304215187659,0.03880133086621515
32.86,0.005464314055081899,-0.05226108880432209,0.006772357153489332
32.865,0.0022319462809110707,-0.061912355243189526,0.04346982153529847
32.87,-0.009072574581159058,-0.057581420010419666,0.043603233426619106
32.875,0.011903018354037957,-0.03494807317187644,0.04347726923438833
32.88,-0.024464738751399432,-0.038649217635338226,0.020363752792162536
32.885,-0.01697847572306047,-0.06816171233316241,0.022570798296825338
32.89,-0.01619454034485355,-0.04313208745727697,0.041123155600116534
32.895,-0.02015468556707233,-0.045113782499933586,0.029720505597357783
32.9,-0.011650902739088094,-0.037953056288045156,0.02849451962553263
32.905,-0.02025607503166592,-0.051656694366666825,0.042469276457188364
32.910000000000004,-0.016585074140935716,-0.06050764215032531,0.029013312942131976
32.915,-0.020073277253053298,-0.06735861944351046,0.023148640819233415
32.92,0.0013526270133481823,-0.07148456049947541,0.029557914177625745
32.925,-0.014758180678675587,-0.0704351211768227,0.02527226823477105
32.93,-0.00035191398889244593,-0.05806615568503787,0.0481605506471921
32.935,-0.00030891270995340656,-0.04651080942123041,0.024865357889062516
32.94,0.006630759061497963,-0.04665655294640152,0.0512124629705941
32.945,-0.0009580798041663695,-0.06228876883739881,0.030679974057016054
32.95,-0.008461540056094372,-0.0411193705012082,0.036511149868726965
32.955,-0.019191680756864858,-0.04821644334708569,0.02850461290834439
32.96,-0.03060759314982908,-0.041697029084387514,0.03934905620231009
32.965,-0.009368131619703238,-0.03607734056109296,0.04689082938597575
32.97,-0.015088214999826204,-0.05876573894520855,0.04904808673776649
32.975,-0.007719793984313075,-0.04943828358081569,0.039795132809717394
32.980000000000004,0.013142534942731203,-0.05196089742179159,0.04213229636847634
32.985,0.003250975985289714,-0.047488107663721565,0.06083863333394328
32.99,-0.029397617989679707,-0.04434692711762273,0.050046529443316584
32.995,-0.006399775532193924,-0.04634919121078474,0.038355695871645036
33.0,0.0005289205494138395,-0.04385846111807308,0.03962533626263604
33.005,-0.027194723724426884,-0.05695662128953616,0.04897244718909381
33.01,-0.005884338913335365,-0.053666951579795584,0.025773644304592613
33.015,-0.00716599745922368,-0.05371405228067564,0.030782693664708496
33.02,-0.014248922824088354,-0.04959888188961408,0.030457510396309742
33.025,-0.02145604219005159,-0.04792820692224237,0.039842379295557756
33.03,-0.003618917847301041,-0.06493438727235747,0.033700916913660096
33.035000000000004,-0.010884508930796552,-0.05978326118683474,0.04818773379929438
33.04,-0.004958583547463657,-0.04661205251814742,0.02522498785030934
33.045,-0.012558739903903743,-0.0563381668052687,0.039109841222968386
33.05,-0.015366723480284561,-0.05085592575181067,0.04498727578517268
33.055,-0.01846114182888117,-0.05184409349270503,0.039676887273397334
33.06,-0.008788163329098944,-0.06450268053358388,0.04584920561073108
33.065,-0.010448073618931152,-0.0693545855996037,0.05843922518718172
33.07,-0.018913296823624193,-0.04472814726440995,0.04071443951934493
33.075,-0.0339671917097002,-0.05553213386424545,0.0464347270222942
33.08,-0.013891314358405227,-0.07774456988628224,0.05342374852627062
33.085,-0.019906009105614447,-0.056971897675530174,0.05162785145307339
33.09,-0.00105947872912774,-0.05213723751502679,0.07309406655284689
33.095,-0.014655539185251452,-0.06478947212317306,0.03871575270713784
33.1,-0.024565466977615934,-0.05626921874682061,0.03731200201205071
33.105000000000004,-0.016456496682150965,-0.07201445528138138,0.052384052823708296
33.11,-0.019322058714331635,-0.0677748126410711,0.05261891260883731
33.115,-0.02112054673575696,-0.061712615491344575,0.028688786720734424
33.12,-0.005475741881317608,-0.05639005686231991,0.055132878806506816
33.125,-0.02382123269851207,-0.06962746881562511,0.046477845977986924
33.13,-0.023710059055022208,-0.04965499000682756,0.065474475197009
33.135,0.011264006423933909,-0.057033148684127975,0.040913201677830684
33.14,-0.003618560756223608,-0.07013471769690838,0.04230550025659348
33.145,-0.012150349661929547,-0.05761864764095777,0.045049288705628854
33.15,-0.021569223313328178,-0.058241079848720734,0.04336219834745221
33.155,-0.004342430629479258,-0.07325738022611325,0.04062622725835074
33.160000000000004,-0.02825941918648819,-0.07150434047033101,0.031322360439462446
33.165,0.0013339545455133967,-0.05881137354037616,0.033623452820716236
33.17,0.012053522693208606,-0.07647678960380495,0.03633336505559973
33.175,-0.0017952470420275722,-0.05323218638442126,0.05201555928768157
33.18,-0.0112139888159654,-0.06673076763970759,0.055863253956355
33.185,0.00540262920120313,-0.06269810050693087,0.049992979181946305
33.19,-0.009686948015593368,-0.053455117464560886,0.042379501109034476
33.195,-0.006038472767485668,-0.06561339962024196,0.05172780888988636
33.2,-0.009175828589352404,-0.057657137224690944,0.03545058982460101
33.205,-0.0034843445706230977,-0.05626418587401426,0.041396074022933445
33.21,0.0013616993667598318,-0.0714833090332464,0.04289924652208771
33.215,0.01236247433240098,-0.06711535490660948,0.05537672401493671
33.22,0.003506809537125944,-0.052869678809386346,0.048377244021082615
33.225,0.009714086244215367,-0.06824006149343784,0.04085872857626495
33.230000000000004,0.01593260008682208,-0.0496132896690486,0.04221570147799365
33.235,0.009908678087176291,-0.06140348495576532,0.048823915112530696
33.24,-0.00254407286070181,-0.057379238751558044,0.05172085876310008
33.245,0.012747035567272844,-0.05523344942764584,0.045432893310570696
33.25,-0.003056044924686953,-0.055599653206299116,0.06029896097047395
33.255,-0.013945068962086034,-0.07981810236881216,0.0628295711028997
33.26,0.007661596628425693,-0.04141198933272412,0.03641111543308114
33.265,0.009532307394238791,-0.0619447752375296,0.04974622790467603
33.27,0.0004061636328338142,-0.05236458650661511,0.04700020205039479
33.275,-0.005612997516506776,-0.06024353310951773,0.04063298968012973
33.28,0.006373863351461818,-0.036245442229924485,0.029276094905937942
33.285000000000004,0.0141056288579962,-0.046405832793193075,0.060086008618079736
33.29,0.002610001380560119,-0.057558198428919474,0.038302384155676744
33.295,0.013901589362489895,-0.061558268528056515,0.04925183356756252
33.3,0.004485478425232697,-0.06210845999636737,0.04870391316930228
33.305,0.00035082061815340515,-0.07168640782979924,0.044838035401475476
33.31,-0.022700718020956426,-0.06256196942327483,0.045293281544561484
33.315,0.02177836023614931,-0.0765131251474895,0.057518064531744004
33.32,-0.0072408738467809874,-0.0850785370319691,0.03533583646454586
33.325,0.0021152030310987585,-0.05205130238320824,0.0428226203989264
33.33,-0.006132691199566005,-0.08170264465127323,0.03640445071017605
33.335,-0.005904038871601326,-0.0554775646438456,0.04536491483177233
33.34,0.006510598968892337,-0.07041935562721784,0.04872877133334939
33.345,0.0001416359586852503,-0.05952805818125404,0.03976741276324798
33.35,-0.001240721811329365,-0.05179177055626054,0.05199506103643292
33.355000000000004,-0.005771475382647814,-0.06122583881102814,0.04798983604388525
33.36,0.004019196602349326,-0.0650325721742481,0.04917964875694698
33.365,0.0018864856772778035,-0.053445123116085624,0.032720173101929845
33.37,0.012875113627012418,-0.05943699034817758,0.057954081259690204
33.375,0.00334871591685907,-0.05553441479228631,0.055726641345785935
33.38,0.008186713741579442,-0.055158112507758934,0.02770743284137758
33.385,0.017318516052756243,-0.06823240735837197,0.051802752603391386
33.39,0.02869961238462549,-0.06501919863031799,0.0550423945647594
33.395,0.022631700522500443,-0.04726917738522338,0.06521459524156722
33.4,0.005480832806896013,-0.06519661604767643,0.06023572379666279
33.405,-0.0038632429304126525,-0.05090491214098555,0.05896915905607314
33.410000000000004,0.01779867720866852,-0.055599632632612826,0.053187036432790644
33.415,0.013781816088047932,-0.049188615010708425,0.03916235334095895
33.42,0.005768308422985417,-0.06750071081525628,0.06009853088154074
33.425,0.030403637807097553,-0.05542091435394489,0.03708907257463648
33.43,0.0028294803376855346,-0.058609170963204116,0.0502584564723976
33.435,0.0282030139028229,-0.058173247736521355,0.03653628490240934
33.44,-0.007910421619157913,-0.06933923501230406,0.04167975271666076
33.445,0.014845291073582716,-0.048165032419439646,0.0396069504273093
33.45,0.010648506195256577,-0.06191697810011925,0.03990981685836417
33.455,0.004317812060505584,-0.06378986145254463,0.05431752033919927
33.46,0.0036124939063768916,-0.05478531889240926,0.04529326038765526
33.465,0.005930742760651753,-0.042292315748201914,0.03885575479891727
33.47,-0.010448144241138567,-0.030123766224466823,0.04623209104342591
33.475,0.02713036712437402,-0.03946006529009046,0.05058712659070363
33.480000000000004,0.016769223441194237,-0.06579839114748454,0.04907463558215615
33.485,0.006479854142109061,-0.06218132485981108,0.052470487687178616
33.49,0.01876881350173021,-0.04520887366740947,0.030759989679008178
33.495,0.009854510779713735,-0.04133814605971417,0.057522635432358665
33.5,-0.0036177095605841522,-0.05610733386375523,0.050197572906020047
33.505,0.016579725866335635,-0.05850055855331626,0.05009476681511763
33.51,0.0033026263311038,-0.0640962254915174,0.047667107333679376
33.515,0.024819794593954687,-0.07540084054421674,0.055311541704100624
33.52,0.004200973873809147,-0.0713424903627384,0.05971063642148784
33.525,-0.0014723390881862877,-0.05895092329653852,0.03203610342223091
33.53,0.015653690491286135,-0.06631050418520065,0.051487209601394135
33.535000000000004,0.003364590996668762,-0.06119770426442689,0.04532230154421915
33.54,0.011001813602026636,-0.05596028921870212,0.0704685638873094
33.545,0.02679981243930765,-0.05093818690375981,0.037641424820041805
33.55,0.025331229773493155,-0.06889110790062264,0.054983767491895846
33.555,0.008639518113267339,-0.09153285722435671,0.05563431749143018
33.56,0.030490955278880072,-0.05301782514055741,0.047379456775151735
33.565,0.015256378338608302,-0.07246707067088551,0.04803818871304968
33.57,0.011918063253435883,-0.06301037267084902,0.03742864351595749
33.575,0.012754670837696724,-0.061128242678446146,0.05022105144931088
33.58,0.0014746759944476925,-0.07240569894148341,0.057554709627490805
33.585,0.012578792663577438,-0.09007082358515478,0.047845813157835176
33.59,0.024219590133570255,-0.04153501861489056,0.04705619636964967
33.595,0.008805404020804625,-0.06347677383275419,0.056430874861733246
33.6,0.02147238260083918,-0.05494549936722794,0.03906782818370427
33.605000000000004,-0.0037563828560597673,-0.06091723143205642,0.05071982051814932
33.61,0.011306525435090444,-0.07595065278186378,0.05181956235156037
33.615,0.011854502653349887,-0.05223617530141111,0.06070390145073751
33.62,0.030003540985324043,-0.041920651716231785,0.0671079141101554
33.625,0.011057108250814952,-0.035639505825910245,0.055461429517323836
33.63,0.026233046909271883,-0.058709835308723465,0.07675374717573419
33.635,0.01075500656508701,-0.03425857596640891,0.07110519703681803
33.64,0.007903956129403616,-0.037827846517362915,0.0703726514299243
33.645,0.007322422459356576,-0.05099956402580178,0.05981342258593679
33.65,0.003317845478481282,-0.0396255622390288,0.06917991891979572
33.655,0.03218916922592627,-0.029642782083456626,0.06997989456312921
33.660000000000004,0.02524067048622407,-0.05791007957796719,0.05216702610947575
33.665,0.017205621108223445,-0.04415854296873051,0.08103616693321808
33.67,0.044668997575869375,-0.030644867243887042,0.05074946968022931
33.675,0.04605855505555457,-0.026567718060390065,0.06238130990604697
33.68,0.02447063497292044,-0.034210092232552565,0.06980785953506449
33.685,0.026630072845817913,-0.05189852211869256,0.07923574972318206
33.69,0.0236682372371825,-0.04155827074749297,0.09172961630720342
33.695,0.05831830718054924,-0.039527097722781915,0.07475055015090254
33.7,0.02978160069950046,-0.03438032725510781,0.07682738707181308
33.705,0.012361121923965455,-0.06307300012019375,0.05254321132027421
33.71,0.04631354477205895,-0.04550581268568393,0.07983157349434467
33.715,0.04138863559991043,-0.04127768161832936,0.08448227676433356
33.72,0.014059399159065768,-0.05584534280712421,0.05361018414968459
33.725,0.0376469984899882,-0.03582349397865514,0.08096711316058669
33.730000000000004,0.011302741663609506,-0.039125125710808194,0.06357439804176658
33.735,0.034498122177846875,-0.05726815809133167,0.0730823816633553
33.74,0.04094362157793821,-0.05139253836705024,0.06179065671981364
33.745,0.03207862912712296,-0.04801499974933966,0.07621271468222626
33.75,0.04664801681155859,-0.029030213996273188,0.0646536970560006
33.755,0.04599114220189646,-0.04747440376847126,0.07346667735594604
33.76,0.027395720816851727,-0.02860408321834151,0.07248345761517452
33.765,0.018992110471420937,-0.05929455570736998,0.07421281002582311
33.77,0.047955888286784674,-0.04524910364417663,0.06648076328955771
33.775,0.04291877674329474,-0.047266968940788454,0.0602721440629335
33.78,0.03502801553890969,-0.04552376324255866,0.05947419045388125
33.785000000000004,0.027594576955195696,-0.05233058883011288,0.06748874233098082
33.79,0.03288557423812791,-0.05241268571014451,0.07336821881687375
33.795,0.03448898529315267,-0.00818210590695443,0.06634551958984858
33.8,0.03506237010410045,-0.020640004665392068,0.07253846857012011
33.805,0.0425045204702078,-0.018630425299878035,0.05752609751537489
33.81,0.02992026854047137,-0.02445512615428984,0.06778864723111598
33.815,0.04386209330019283,-0.035458682152741824,0.08212512011360953
33.82,0.020720414604448675,-0.04423308945124049,0.05913155623091974
33.825,0.03935311180320322,-0.040265271656565516,0.07184217919249372
33.83,0.033694351106486775,-0.021478868915389887,0.08002432635611326
33.835,0.054091863032953366,-0.04171254493996949,0.08338467859189179
33.84,0.04320823699066709,-0.028055805866964767,0.0888694050854614
33.845,0.05129634588893349,-0.035191878368715096,0.09481004335308216
33.85,0.059295876769210075,-0.015014606431776933,0.07067307253091365
33.855000000000004,0.0575331165789416,-0.019030889829631824,0.08448423954728165
33.86,0.03461343850225283,-0.03649646139585204,0.06113081239512827
33.865,0.036081071439258,-0.016805421924818424,0.0835940208568117
33.87,0.043442223047675074,-0.041339293883827115,0.07875316369404456
33.875,0.03340349771975777,-0.043223377881154816,0.07741060664164934
33.88,0.03404948546829775,-0.02777895183934164,0.08279539819240243
33.885,0.056167739136317785,-0.017048836438574175,0.07083148007652583
33.89,0.03257116580143244,-0.03095621528740653,0.08171513901766685
33.895,0.04449884268268679,-0.021457023578632595,0.09492316781177443
33.9,0.016325233272275332,-0.041056766173294346,0.06396842035542613
33.905,0.035713564250283186,-0.02258577896800132,0.07011279302740869
33.910000000000004,0.03784084340629447,-0.0502553134100024,0.06855944159851232
33.915,0.022824982577018156,-0.02218206774943925,0.059297321141676906
33.92,0.03378223176389164,-0.023003687700686157,0.07712552957090335
33.925,0.03706282480465771,-0.02323195583070426,0.07512961132899287
33.93,0.03463943710881957,-0.02494001242608638,0.059789264835641884
33.935,0.03652674331770012,-0.03224205580983723,0.08628734489404938
33.94,0.05209647977741717,-0.022304626581149085,0.059422307374561834
33.945,0.045048758273950565,-0.029375602778950127,0.08767246740152787
33.95,0.044298615223104805,-0.033911352848440615,0.08010282507970709
33.955,0.05458251547630835,-0.015414600619098405,0.0737650580893651
33.96,0.04647970384590331,-0.03236351611799424,0.0784377552235141
33.965,0.04890553025926617,-0.00712473733999644,0.07438467881823316
33.97,0.042972325203579874,-0.03475883277799379,0.07693324185516173
33.975,0.06019843833061783,-0.02150868365634729,0.0731540924745365
33.980000000000004,0.03633458919241693,-0.008172481793950172,0.06827378015349374
33.985,0.046022510927282205,-0.03829354512475786,0.08941373470598853
33.99,0.042647698552658445,-0.023102187277374217,0.09068006375829188
33.995,0.044536467850587874,-0.02463714133286389,0.08973011095458955
34.0,0.04102516807755872,-0.06115222159026533,0.06378912297263836
34.005,0.04961893989204785,-0.020034097924631733,0.07846789082480764
34.01,0.029731350648298432,-0.017733011473188343,0.05873120462118521
34.015,0.04790666877977871,-0.037336576352190884,0.07212368472762978
34.02,0.04874698005108448,-0.046473970801736264,0.07853968147099513
34.025,0.05201263695319651,-0.03906609072140112,0.08251276631252594
34.03,0.05151387076435875,-0.02618538357829939,0.08765599096062059
34.035000000000004,0.051388906540956354,-0.03314572884251982,0.07566495352992694
34.04,0.04992493779586538,-0.01922202068768806,0.09032335436035205
34.045,0.0532241731368734,-0.026754192484872666,0.08227964695391447
34.05,0.05862334820496943,-0.02083142872583904,0.10366920884160315
34.055,0.05851822966830706,-0.02788025633064942,0.07450951067792766
34.06,0.053293868722567556,-0.02678780811195103,0.08670607195172855
34.065,0.062016877959817564,-0.008993530142779264,0.0893204612606821
34.07,0.06101457276436582,-0.035086481035202205,0.07676454214624637
34.075,0.05455611225976377,-0.028141138947360794,0.08899936798053891
34.08,0.035566434285169826,-0.020908386145086416,0.08302737891122766
34.085,0.053990557044973256,-0.025864423136972205,0.059094130153993535
34.09,0.06455611745043487,-0.019812522476688313,0.08109871474276947
34.095,0.0502118962513394,-0.0376786440630542,0.08336421946315746
34.1,0.06680238445390282,-0.02448927959707564,0.08744468125790328
34.105000000000004,0.05176172605324538,-0.027245815222410003,0.09683067013182937
34.11,0.048335839209628494,-0.024899530678720198,0.07565004751478427
34.115,0.07643138756101227,-0.021001125284998496,0.10575979112002393
34.12,0.0501984668259362,-0.03643789013306614,0.07465222477156969
34.125,0.05616741268577796,-0.01640771185934833,0.08406415800971273
34.13,0.0548636619851377,-0.013790593340206131,0.09173280961574953
34.135,0.06186790040441792,-0.032329858933018596,0.07183349527375604
34.14,0.05948083791465817,-0.017847126256001586,0.08403964171851194
34.145,0.06314086148538191,-0.02276862670142529,0.09960770744573888
34.15,0.05928346458787831,-0.013282489388906738,0.0816202302209306
34.155,0.0613243682103065,-0.01182687393412768,0.0939848452227669
34.160000000000004,0.07583165213378722,-0.03055994033708015,0.10227021941230216
34.165,0.05270138215017632,-0.020266077710585598,0.0694289741960406
34.17,0.05484427335888051,-0.013903449718698002,0.09975455033758063
34.175000000000004,0.03610534149117901,-0.023964530065145734,0.08735068845340649
34.18,0.05476406043871531,-0.013479804888166136,0.08034771154861506
34.185,0.07416086935576928,-0.02386144478994226,0.08070732362225765
34.19,0.04860106841814578,-0.028578506003399007,0.0903107567290116
34.195,0.061680468167997035,-0.015673593315358975,0.1005414429890012
34.2,0.05461492676469107,0.0023086181081904272,0.09616618925963946
34.205,0.08857475905633967,-0.02590402889636062,0.07433238311718145
34.21,0.055612393389148966,-0.01076523103247165,0.09386168790176545
34.215,0.07665244853507903,-0.014120712333165475,0.09285958191567317
34.22,0.0739634122422912,-0.01825464966341355,0.10671055596882115
34.225,0.050074080560818704,-0.021496845417824997,0.09399970665744257
34.230000000000004,0.06642232024383522,-0.011390899557263835,0.10157741893838189
34.235,0.07048444015370292,-0.018477263675494897,0.11119302824794318
34.24,0.06670165674631981,-0.019423096694222743,0.09955761296033855
34.245,0.049060631666879344,-0.02325386429334466,0.09872445928373061
34.25,0.0563839907821086,-0.009024508384736722,0.11198938817897927
34.255,0.055806280665341164,0.007509336243626215,0.09202348834128465
34.26,0.03875029640406337,0.0027037775223933067,0.09778445614115501
34.265,0.0847077603404122,-0.03136797394644286,0.0922689925547922
34.27,0.04564572806211051,-0.007268576271523622,0.11753467622057565
34.275,0.06566605928001032,-0.022607097765379593,0.09857577802662695
34.28,0.06137903368943126,-0.020026411812402597,0.09131419835652671
34.285000000000004,0.05184347484843065,-0.016675814874264984,0.0813857181691745
34.29,0.05635668659663841,-0.018665145738109727,0.1035164238043916
34.295,0.0484607923710822,-0.008333221723289722,0.10014439383303292
34.300000000000004,0.06196659434277786,-0.012303778420011437,0.09427326745259668
34.305,0.04075238333894241,-0.009139516059757817,0.08482270521859762
34.31,0.05442896559022099,-0.02504915501546664,0.0946837320207519
34.315,0.034174835909395476,-0.010176139753118915,0.10587235938754805
34.32,0.043737617420058814,-0.012231715955401769,0.11519468320772683
34.325,0.06982588347597604,-0.012259283326833514,0.10267706224107544
34.33,0.03958128272129186,-0.01880490673033617,0.08197504859041096
34.335,0.05045070783574102,-0.02122859387236084,0.10669297552016263
34.34,0.0433555422912036,-0.03139881927709404,0.09504960325242828
34.345,0.051205843585020214,0.0001699169960381816,0.10229590581156484
34.35,0.04388014319295782,-0.01378513314612207,0.11398129043813068
34.355000000000004,0.037162600081775694,-0.021718536088495506,0.0953859249347048
34.36,0.056068080935365104,-0.016362162018698348,0.09983350689246728
34.365,0.04432934910097931,-0.017675961498478512,0.1080426893184941
34.37,0.04404420426169665,-0.007159663264479553,0.12884223609855616
34.375,0.03920384578890421,-0.0269097510921954,0.0879181181871874
34.38,0.06545895482735614,-0.03207021836624469,0.10556775384859987
34.385,0.029057462073342675,-0.01962938446352867,0.08170392381846138
34.39,0.06288376201893682,-0.03320501558595647,0.09819724059053425
34.395,0.04456228772896241,-0.022061995617848464,0.08433379122944046
34.4,0.05965658862951842,-0.021122563819308465,0.09865345149884713
34.405,0.052325844126975114,-0.004342584769083703,0.10700662185894624
34.410000000000004,0.07453987787670757,-0.02865307262054516,0.10044040414441074
34.415,0.04644925947188162,-0.028600603395373864,0.10484613340830315
34.42,0.03973527210399327,-0.026249892302565553,0.0971801724663735
34.425000000000004,0.04028475731585745,-0.016986755830392327,0.0980970903134581
34.43,0.04531106821097022,-0.03640537894461114,0.10229385684502343
34.435,0.036377465493660464,-0.023138251692841966,0.09165466926904398
34.44,0.03365258990833627,-0.0343672006453382,0.08233791601827953
34.445,0.05811157676608007,-0.029290320150090535,0.09051916032883967
34.45,0.03965451568414523,-0.02329713204070316,0.08249017044327472
34.455,0.031049778989899208,-0.016480826660271883,0.11320674196276331
34.46,0.04847469312910055,-0.024747993975938787,0.08951920624464949
34.465,0.05708594788061378,-0.043664133703519334,0.08530935506294296
34.47,0.04622624974425159,-0.014353622058620792,0.1013692337803953
34.475,0.03762046585031348,-0.0407839274683093,0.09897101976039178
34.480000000000004,0.029496090995294825,-0.02542014812752457,0.10870691271326091
34.485,0.039312519099777045,-0.04814041201769674,0.1032140930678731
34.49,0.04321806286828404,-0.024661495926240593,0.07417908942440772
34.495,0.04262942622023419,-0.026879848935117072,0.08273452150418995
34.5,0.04942349691274298,-0.03581754729363755,0.09095504381488626
34.505,0.04111481122520485,-0.015263744202628871,0.09249829959029043
34.51,0.03507384059253316,-0.044579446128251515,0.06491626743657768
34.515,0.04041468879771641,-0.06746296109147867,0.09802158958643664
34.52,0.03855303153944792,-0.0533154921364994,0.08765317059738748
34.525,0.039898111983803074,-0.03416795148713796,0.08666084722018422
34.53,0.045519161371047896,-0.02970390498931774,0.09491895141796575
34.535000000000004,0.04870166891924713,-0.036672497822114736,0.0965898701326244
34.54,0.03923539323246644,-0.0539686280152609,0.08368536925065043
34.545,0.03590736716478048,-0.02612813958039894,0.08200430471309142
34.550000000000004,0.04297219547705887,-0.01885502721054387,0.08202298067133677
34.555,0.036021420043611425,-0.038072965800164615,0.08331229411393998
34.56,0.03885217335901456,-0.03572268453898077,0.08954609605988315
34.565,0.0543704206356866,-0.030236407671950172,0.07573717871586368
34.57,0.015986576158840485,-0.030902448227794754,0.06250350969663382
34.575,0.022278730970965843,-0.042775979568507524,0.08230523456999017
34.58,0.004406734343249875,-0.03435893031533213,0.07285830200410914
34.585,0.027379736010697098,-0.04655319095576057,0.06998651421251059
34.59,0.028644499577195608,-0.041364241081428874,0.07515964031048358
34.595,0.03611054847193272,-0.022736721907737848,0.09435412105430287
34.6,0.020671263253624613,-0.04524751007401453,0.08938251458795934
34.605000000000004,0.019381344107204008,-0.04831595992690656,0.078345319225575
34.61,0.030751720023468963,-0.035838825300066,0.0755829747611493
34.615,0.03389446862582001,-0.045701533186431505,0.07416292162993364
34.62,0.038379803698248095,-0.03228912741281335,0.08894953600806321
34.625,0.030105091950238135,-0.04005338667647746,0.07873212110462763
34.63,0.03710648241403469,-0.04717360163197301,0.08148745292166217
34.635,0.03265862218995626,-0.03816157772509608,0.0772432182214367
34.64,0.03295796695205366,-0.04981214364416324,0.10818141408395313
34.645,0.027677354016727385,-0.04328333851314517,0.0821431575663677
34.65,0.03186640719131998,-0.04454854028292933,0.08769333433815205
34.655,0.03820625145698267,-0.045305088447754195,0.07677484591089266
34.660000000000004,0.039988544767729485,-0.01517013458265373,0.08071326624740612
34.665,0.04526537261092524,-0.031196777211993997,0.07899646018263529
34.67,0.04448935058159477,-0.02535052663372293,0.08203876149875322
34.675000000000004,0.037727382476244506,-0.04606568107354085,0.08830210735312213
34.68,0.04931977457186952,-0.03335406941927316,0.08785067177666439
34.685,0.038880233094929606,-0.054418683232374566,0.06637628377559002
34.69,0.05523770007471912,-0.035560686600362865,0.08739893162098336
34.695,0.03357938603609373,-0.041633146539570995,0.08866857132334685
34.7,0.03911125252192586,-0.04073503823340359,0.0957221738400215
34.705,0.047680869187668264,-0.017102945921199993,0.09053324553655398
34.71,0.04008074409326952,-0.0359381177524615,0.09250319648507016
34.715,0.030733195645072584,-0.026516682141820375,0.0781794775849875
34.72,0.053949729083083944,-0.041394520784459446,0.089627674345647
34.725,0.04238848212423603,-0.04319958795220308,0.08483381361091477
34.730000000000004,0.0384674871643849,-0.013513731547857562,0.090338187584771
34.735,0.02027663460211842,-0.027917429279929743,0.08881365034381682
34.74,0.03601139556499608,-0.03635816447053003,0.10387332143618569
34.745,0.041446081750936295,-0.04848999152843576,0.08626514839062988
34.75,0.03718311755175703,-0.038887708978416896,0.08593655594340999
34.755,0.031179564601561984,-0.042114379803911764,0.08687861217372261
34.76,0.052407372120404014,-0.023190363200971172,0.08144537429350057
34.765,0.032204167310320414,-0.051840715778533,0.08010928187486355
34.77,0.03322491017426755,-0.03829493440324685,0.08563607502780715
34.775,0.028088363330100938,-0.04775329216209206,0.08485034644944732
34.78,0.047795245598998295,-0.04227084854161947,0.09499594644126975
34.785000000000004,0.02348016595741894,-0.043502756683618526,0.09128759818187358
34.79,0.04184497559169434,-0.042131614213284,0.06626141949836763
34.795,0.040724590818814896,-0.05377708967112788,0.09223882188556978
34.800000000000004,0.041445195690510556,-0.04537726644542009,0.08398555868114889
34.805,0.04012903114938,-0.045918983229861626,0.09722800341052713
34.81,0.03626057707272154,-0.04313680851929121,0.08025810426646468
34.815,0.03774249984187201,-0.04203852300701118,0.09439036956406163
34.82,0.009759412946442475,-0.04893755448388014,0.07557541970422528
34.825,0.0343161881710206,-0.0498888319391791,0.07716123470725601
34.83,0.02778133571791362,-0.04695966043713806,0.09031563049889324
34.835,0.03418770955771422,-0.036115490193028676,0.07646731788373468
34.84,0.03686074809740851,-0.04629657981996671,0.08444500312567216
34.845,0.036352462196397796,-0.04473704208555648,0.06629856973541765
34.85,0.04194396946414699,-0.03792281344469799,0.07321916672184577
34.855000000000004,0.0399259212034919,-0.049973975385944516,0.06945453059365106
34.86,0.03754492662545478,-0.04037241257845871,0.07912359514358983
34.865,0.028338124607694293,-0.050210809494476656,0.07328738781981878
34.87,0.027653259819706705,-0.06102951791824686,0.09852973724989728
34.875,0.0217246742671603,-0.04541320718074996,0.06889058800088578
34.88,0.031244843523705757,-0.05981762440019735,0.07519989800075828
34.885,0.023927300344431243,-0.06092249559073497,0.09292510185714611
34.89,0.028144737355795264,-0.034645620518089976,0.08679195865512311
34.895,0.042850226227146695,-0.03985421922073416,0.07685413899940732
34.9,0.040440089287647966,-0.04496179343682318,0.07334938898665486
34.905,0.0417416692300418,-0.050940839125951355,0.06469026470983447
34.910000000000004,0.02526249993034782,-0.035820186407210436,0.08417956360037276
34.915,0.046357913236666395,-0.06108960149807706,0.07541443850968094
34.92,0.040254731800525155,-0.054720741337915754,0.09272841988775268
34.925000000000004,0.032895129312164,-0.04369412693496093,0.08463220822291369
34.93,0.04077142373202526,-0.05136762514837766,0.0737746992848688
34.935,0.03752360194571827,-0.05659254102009561,0.08036579546575894
34.94,0.05063904590506378,-0.030080679107773046,0.07055334382706205
34.945,0.03801179720953919,-0.04974233589789737,0.08781654986474773
34.95,0.040316236591824726,-0.038929056786085575,0.08096092492506132
34.955,0.030337896953031095,-0.06724592501899204,0.0760702606275576
34.96,0.03309491056161333,-0.03695671748081575,0.07605797831044622
34.965,0.05012162669345792,-0.051275679237187406,0.08750548142753076
34.97,0.031249132892396305,-0.05963030759505139,0.08174865003420581
34.975,0.032472604876532835,-0.04929953630271745,0.06546162644559222
34.980000000000004,0.05406228847057119,-0.06204821240156558,0.08899758773261507
34.985,0.038527143786670305,-0.04529359863669617,0.08992622785632028
34.99,0.03457021994288229,-0.05248274293874494,0.08745178163594407
34.995,0.03137038848612838,-0.06434936234802784,0.07352761392450438
35.0,0.03253900645844619,-0.05496965620260627,0.07147192036960279
35.005,0.040069075842159504,-0.04022416318365794,0.06983441139507096
35.01,0.02415270847551173,-0.05995372233463131,0.08149663086341472
35.015,0.03438529483231067,-0.04270134312520585,0.09360646527130492
35.02,0.030904050655858394,-0.0363102915018587,0.09006975245335014
35.025,0.03222188852676797,-0.04624099255763704,0.09985813788859574
35.03,0.02514222434713744,-0.05503363485540161,0.0780861511687274
35.035000000000004,0.032679476386499505,-0.05949669697805669,0.09371866029357512
35.04,0.03759575398766517,-0.039779589689025396,0.09253071866277433
35.045,0.03147596264774528,-0.042848695950030505,0.07947573023252014
35.050000000000004,0.04896838536023139,-0.035389527060486994,0.07784620996495675
35.055,0.03164900503620464,-0.032424182920494746,0.09711339922953732
35.06,0.0411398865783934,-0.05689365884057991,0.08801860996404146
35.065,0.036479776362717736,-0.05511310173748504,0.07278826406373967
35.07,0.0241430032820975,-0.03795630166483421,0.06934280752779759
35.075,0.046234151383223676,-0.04475319529203768,0.08290925207726382
35.08,0.024069596168981088,-0.06159394471770393,0.08520781005551523
35.085,0.02887483976284741,-0.04624301799995771,0.07755980546602341
35.09,0.0442606459951881,-0.045029014914781174,0.0981472955470446
35.095,0.031207384405241838,-0.0456211469125159,0.07287724078893631
35.1,0.030102206353265618,-0.0446478999884234,0.07865258401005021
35.105000000000004,0.058458149214931046,-0.05438586274964734,0.09990705202156083
35.11,0.026545160635635327,-0.0502310709005464,0.08066866059834793
35.115,0.013573299011407889,-0.03817188317088137,0.0722936509198292
35.12,0.02477595694241968,-0.05147968959087097,0.06516551738270412
35.125,0.03709890633253925,-0.051753299037229895,0.08430262772077637
35.13,0.043163664601569195,-0.05402087920453945,0.0764455590827622
35.135,0.013363289182580262,-0.03858674572030389,0.05912982784337978
35.14,0.0463641171079221,-0.04768120894323534,0.06878678410980293
35.145,0.02065144385770716,-0.048277656974992006,0.05921977130611683
35.15,0.03928756641056048,-0.044162363637301305,0.06611460298311603
35.155,0.04754461298621839,-0.046936417957500906,0.047564660920704264
35.160000000000004,0.024818509298164124,-0.04969378694886607,0.04922821811249266
35.165,0.044386567295104234,-0.0637914446405332,0.05117983116843871
35.17,0.03240771417222533,-0.06998301747920138,0.06790393457173849
35.175000000000004,0.028291119756900237,-0.040515669407483745,0.07171752089187204
35.18,0.025395827170198778,-0.05684060180074052,0.0586798946547072
35.185,0.03419877794416499,-0.032972160845116366,0.06209341446271178
35.19,0.027346803036773278,-0.05289269490484899,0.05402050999212896
35.195,0.04048978469517395,-0.05796753044049423,0.0693135605576873
35.2,0.03731035839234159,-0.04602351061606033,0.060882356038101104
35.205,0.026125257936124125,-0.03718749712704712,0.05864589682934896
35.21,0.03422380290308862,-0.07605892821131312,0.08043642892481379
35.215,0.028277289409966745,-0.053747553714032656,0.06490588053385174
35.22,0.04299866754651883,-0.05781823735553805,0.06991446465861685
35.225,0.04160267387959607,-0.044393809415531435,0.07828284338468089
35.230000000000004,0.04534967844693157,-0.039452315112741235,0.07189246515779052
35.235,0.01780365578110122,-0.04474114008425671,0.09866553700869898
35.24,0.03408573752325285,-0.04614640853188148,0.06575757247054223
35.245,0.03427722166352369,-0.05953559778053638,0.06807693997045222
35.25,0.028113497034456397,-0.058889662002750684,0.055280001548359714
35.255,0.035886700647660794,-0.0548012192185236,0.07850665709056537
35.26,0.0314552081672509,-0.05406114443434441,0.0745287577667737
35.265,0.02216802150084195,-0.06471134394705828,0.07006044172916863
35.27,0.05187301768341923,-0.06443009559996017,0.07418456592535204
35.275,0.020608420767861603,-0.05350166143252344,0.06496539603033676
35.28,0.024169086563649002,-0.0722910920429467,0.07842071360815794
35.285000000000004,0.036102355587250334,-0.0392896225675087,0.06665430198930032
35.29,0.03460985757359485,-0.03755475595001548,0.06439644152864868
35.295,0.029421147110497786,-0.049831528213365985,0.06252956914023361
35.300000000000004,0.019770844000519407,-0.05487925891731442,0.06567175902784786
35.305,0.027246015811697867,-0.045429458207359455,0.060198450568016544
35.31,0.0364564313289623,-0.058591075409921006,0.07172579444894386
35.315,0.03839501904323094,-0.03430461548312862,0.050695562432336624
35.32,0.035962747545396155,-0.04186546780196905,0.04089542915226704
35.325,0.012900322015984178,-0.0639908215452836,0.050892472011086855
35.33,0.030899255138583104,-0.04694811957034664,0.06608606639810248
35.335,0.02298810817429634,-0.03349848416438474,0.07708717515576063
35.34,0.02805705667196688,-0.03729252690206551,0.07310754395045904
35.345,0.04854886178254379,-0.052506034501739865,0.08398464751717194
35.35,0.02962445428131361,-0.03733120248385641,0.0562312592395649
35.355000000000004,0.047570437455221416,-0.04368687214757233,0.07449453492988875
35.36,0.01689545465169176,-0.061167910769830684,0.07593224838722626
35.365,0.03116653363731833,-0.05710001767741729,0.04828363374409235
35.37,0.045793310238639875,-0.051743493345284795,0.07892203769646239
35.375,0.057081600921724054,-0.05384597444386913,0.0679951385096331
35.38,0.02661711694975186,-0.04704089435088852,0.06396521423273129
35.385,0.03499555700234205,-0.05798567806737562,0.06498002674215997
35.39,0.03275588367861783,-0.048067952655977395,0.07829380570924116
35.395,0.032355534725153894,-0.06144484396525608,0.05830550276886638
35.4,0.011726169601356348,-0.04143897414016797,0.05969862703696935
35.405,0.02333975511990634,-0.05262622439895385,0.07585647015127747
35.410000000000004,0.016196606159609904,-0.04201451888371602,0.08217205408566519
35.415,0.025536738294381012,-0.055283937457783504,0.05441205583129701
35.42,0.032032202319670404,-0.04495165349965079,0.0395617567372621
35.425000000000004,0.016057839336768596,-0.06858377262823176,0.053056111976012975
35.43,0.02472946386174607,-0.0729722221733056,0.0824239944473975
35.435,0.005290677351579454,-0.06699990391600072,0.05702079453864257
35.44,0.03057868704336914,-0.07662729834256089,0.05752539895337462
35.445,0.027387267935142602,-0.05723584277979499,0.06019510797330693
35.45,0.0008646979885180636,-0.06392398363071572,0.047415285112043716
35.455,0.011341130386289333,-0.0490496250546459,0.02448607694430173
35.46,0.037067103677636194,-0.0543473623654509,0.04245448943862103
35.465,0.017701112802404564,-0.06004792718264834,0.047833418068487975
35.47,0.016514813702732688,-0.06584901790398852,0.03502102805692927
35.475,0.0036318226941025773,-0.05485852673698291,0.05836491329563177
35.480000000000004,0.012949440751011867,-0.06929717611316183,0.05028953005803308
35.485,0.010770646974185116,-0.05250822022811254,0.06805551195736062
35.49,0.016517079687885274,-0.06231310595128794,0.05117134346178617
35.495,0.02111858604357909,-0.05933988999578288,0.045092286229342915
35.5,0.013291444275894097,-0.04729053077613557,0.06867716199001941
35.505,0.009865629811365571,-0.04304340223377334,0.07121609902609244
35.51,0.005790364507809148,-0.07161082334261261,0.05380510017474219
35.515,0.0314310466629153,-0.06352428982116246,0.044043866957222316
35.52,0.034205202833049626,-0.07186189325054429,0.043671065386173095
35.525,0.005096145119651074,-0.06805761580332349,0.05493722476662041
35.53,0.012180158857364313,-0.06788717371356028,0.06878466910823161
35.535000000000004,0.02127634312824237,-0.05501610119355637,0.05244087438327606
35.54,0.0053397030042343085,-0.04928999569014228,0.040559116074463386
35.545,0.004424808738336266,-0.06254190334339049,0.04694352152930924
35.550000000000004,0.010133401815365166,-0.05784012032794269,0.03904705274518092
35.555,0.003129829097683742,-0.055937285057435684,0.06472380278079802
35.56,0.008646155573862732,-0.06552155764869542,0.04186950432305543
35.565,-0.004812836147464323,-0.032353610117323524,0.053549686789675366
35.57,0.003186313278176159,-0.06972825178036987,0.04489358697986704
35.575,0.002323710054776969,-0.04442730415716409,0.032468051637132705
35.58,0.010759855296156634,-0.03971414628473939,0.05480870126759021
35.585,0.026064116532568564,-0.058004037435714625,0.050110461573252205
35.59,0.013627919597868063,-0.04141197547594852,0.06277397376692308
35.595,0.010942730797897685,-0.06194923694843027,0.038890982660381254
35.6,0.00012212392159179422,-0.061985827176281615,0.05530113736304602
35.605000000000004,0.004727329081058879,-0.054791936190324214,0.04704570204111417
35.61,0.007879956485501226,-0.06809901863691196,0.057164985176612136
35.615,-0.008393525677842368,-0.057660867274266905,0.05516782365209014
35.62,0.015890467356865636,-0.044772030967997575,0.06091711953272833
35.625,0.009008452510518416,-0.04101595513101836,0.05962833319879249
35.63,0.002970161560797619,-0.038792861395957806,0.056572525045892344
35.635,0.010783519300114059,-0.05443967771908649,0.055083270273442675
35.64,0.004041536856916531,-0.06988492633939516,0.05472743524522572
35.645,0.028588144286092326,-0.06249161434570492,0.057462421416572367
35.65,0.02968142764200579,-0.0685068811802556,0.06261235624044445
35.655,-0.0037392429755184944,-0.07377125009439076,0.06548139806900774
35.660000000000004,0.008221623648016435,-0.043356925981513264,0.0410014965943853
35.665,0.017266714181401556,-0.06656286101319939,0.04349822451050478
35.67,0.011476391794463182,-0.058199094909227325,0.03485390896780279
35.675000000000004,0.005179041362697714,-0.06180265752335562,0.05764984200010032
35.68,-0.002538177921214229,-0.05906725069973624,0.03201124316578191
35.685,0.006977180689240555,-0.08399846363849783,0.06887675077344879
35.69,-0.007589422026262893,-0.07326057322038475,0.05784884358022099
35.695,0.019726453770810837,-0.06674221868755706,0.06281884397190636
35.7,0.010093913040747957,-0.06518596218893585,0.05795857131561204
35.705,0.008685384465042075,-0.07378414651604778,0.05789318191892685
35.71,0.001242387773369033,-0.07316436456480749,0.06782298776945202
35.715,-0.0017944457339175192,-0.05823088554291534,0.05183832965591116
35.72,0.003249576588511065,-0.0897224378903656,0.05962630817900995
35.725,0.005920047816151188,-0.08939278108365414,0.07149735204171384
35.730000000000004,-0.002546819758698922,-0.07411468415656185,0.0530066465497459
35.735,-0.0038570905634197523,-0.06799520509958122,0.05932823267186804
35.74,-0.008849103999847823,-0.042944258474340254,0.05270871479551695
35.745,0.009903326409566489,-0.07013126591237384,0.044409426269711914
35.75,-0.005954026470074793,-0.06952965497935604,0.059224320686429785
35.755,0.010069779372239037,-0.0911778159007294,0.047868778332253496
35.76,-0.004148283895912621,-0.07836594393890753,0.055818809761625524
35.765,0.01370960506840481,-0.07628522483011801,0.05869078529326516
35.77,0.013031221940361649,-0.06285227369032,0.05368614499317667
35.775,-0.006902528424331866,-0.04638701820613113,0.054119175029356315
35.78,0.007366219534457376,-0.05731006522695258,0.05297258438811875
35.785000000000004,-0.0034221888978568406,-0.06894986064718593,0.03802950989303739
35.79,0.004429815871273172,-0.08021484953056626,0.04975203979214895
35.795,0.01405381838039514,-0.0745579728426742,0.04825366413547402
35.800000000000004,0.007314680999096063,-0.09001985697593076,0.03733440540683726
35.805,0.012521637265623371,-0.08233020847007284,0.04030357402324857
35.81,0.01332192443254587,-0.06874088596509234,0.04180195339072691
35.815,0.02945290375146026,-0.0745367242914857,0.047461964050654615
35.82,0.013705642657222062,-0.0842706343728431,0.03693357631093503
35.825,-0.005639040646670812,-0.06256749537356701,0.06048441601978784
35.83,-0.0076983767862814495,-0.06652538324417852,0.03381106338961028
35.835,0.04372773688826763,-0.07164925748377095,0.03870441436773391
35.84,0.022064871667790635,-0.06106060616448688,0.049191235975355796
35.845,0.015757541048172306,-0.06576681080534873,0.037127310074093506
35.85,0.007048733014765041,-0.06490480407480209,0.045581993468346356
35.855000000000004,0.007687977297911493,-0.06167335820276995,0.053197994443267525
35.86,0.008297888579176602,-0.0665642654060466,0.045759505259522104
35.865,-0.0035633294818544943,-0.08827627102765269,0.0498096347153925
35.87,-0.019187058015007134,-0.081820686152839,0.03817370457391178
35.875,0.007528331523223058,-0.0829338259590064,0.05149535367406804
35.88,0.0009845436381630962,-0.09862555495936967,0.03368673720333432
35.885,-0.004541110693638502,-0.06353455084045226,0.037763074430573335
35.89,0.013325991061559836,-0.06079716955294411,0.0466503188649096
35.895,0.01124315580952152,-0.07686907261277443,0.005615330348908751
35.9,0.004536937634348211,-0.06642836640631535,0.03131545174443082
35.905,-0.002948069955094959,-0.0890079557849262,0.03112156727740252
35.910000000000004,0.01542572959877027,-0.07851025012159904,0.0516020558060072
35.915,0.004708147827555156,-0.06027960467042163,0.026135997145777273
35.92,0.036140609013455144,-0.061661913031909134,0.025404040226586766
35.925000000000004,0.012361297833043322,-0.06936100846844268,0.0517453399928552
35.93,0.0018947635000422132,-0.06849189534037022,0.03635176293810335
35.935,0.018404936021537765,-0.07054380891171919,0.04153293796704327
35.94,0.0034463895122534734,-0.07239704583098353,0.03631195588724889
35.945,-0.0023405662072254335,-0.07631769088728066,0.01851812657557561
35.95,-0.004054978713538052,-0.0791600814266532,0.05873046054483838
35.955,-0.0022366970983143664,-0.06538044553909816,0.054094065308605443
35.96,0.0034641033258402953,-0.07884765083912636,0.03320085137805985
35.965,0.014840770910907223,-0.06565906319108014,0.030768327765910288
35.97,0.01066985088261066,-0.04896197208277299,0.028145132466395495
35.975,-0.008705569187150576,-0.05551529941286981,0.04524139952446578
35.980000000000004,0.01533934197845597,-0.06661957872355923,0.06147674259224438
35.985,0.004157002307795279,-0.05747218643095611,0.041045467961847076
35.99,0.006582235094406898,-0.07579837110095276,0.053990107210684646
35.995,0.017733616919022168,-0.0661158292391231,0.03400413832066414
36.0,0.0125858065454904,-0.06586054275933456,0.03331071956686397
36.005,0.00958532212909417,-0.10397703851251923,0.060969040301465854
36.01,0.018301323867191986,-0.059388658349628434,0.05127277691508275
36.015,0.009976248739274461,-0.07360002319830197,0.0686513979470921
36.02,0.01827093877880723,-0.07282428514401935,0.04693712134903183
36.025,0.019058528740017795,-0.054415716070493,0.03444202912351522
36.03,0.009608097114851772,-0.06405629998624662,0.048015546022488975
36.035000000000004,0.01566513068737236,-0.05827341755043859,0.050615531069220863
36.04,0.017969861108364942,-0.07871704065522594,0.046593434346398344
36.045,0.030369440233368843,-0.0783941203780034,0.04395521888618241
36.050000000000004,0.007620031258094701,-0.07213473498458968,0.03032831021886797
36.055,0.012485832970065388,-0.05831791216376451,0.020539847147822442
36.06,-0.0044947253751068915,-0.06166073503198288,0.04123273264930209
36.065,0.016928190395520105,-0.09602500184410878,0.05919894445828061
36.07,-0.001491540667969294,-0.08196685938750597,0.04087979159357189
36.075,-0.0096678260168742,-0.06877723333833327,0.05813232304888912
36.08,0.0018387187656021507,-0.0632053756808027,0.04360207135337727
36.085,0.017813744807641918,-0.060776031042144435,0.035351103738755045
36.09,0.015350991243429967,-0.08098507960113258,0.061023678912077
36.095,-0.007647994685570734,-0.09334762788960554,0.013876203044299519
36.1,0.011844199211728234,-0.06652185776660409,0.045377054015549555
36.105000000000004,0.01040169820500275,-0.08326797108225611,0.04498251710640868
36.11,0.006609169205548628,-0.06966535582590251,0.05538472121870366
36.115,0.005147554013820933,-0.06803532488087613,0.03232581178134949
36.12,0.01230527613229689,-0.06194197269573916,0.04965685317740355
36.125,0.00693813005890298,-0.07687707781662148,0.04859521447705702
36.13,0.010145426451984517,-0.08990305662657856,0.05625599034663116
36.135,0.021014320841725647,-0.061523333409490795,0.05985592721332807
36.14,0.03458490628318209,-0.06183712528602783,0.05287888679844454
36.145,0.006753413575943959,-0.06978585888399301,0.04126004088881133
36.15,0.010297887614664178,-0.0806941134177608,0.04422503292448093
36.155,-0.0016562302584416204,-0.06126120863417001,0.04213079728824617
36.160000000000004,0.007213952791655331,-0.0745480938072363,0.03179701622708928
36.165,-0.01049026692126806,-0.0662190151576668,0.051002774351127184
36.17,-0.0016782451985619014,-0.0660658352412079,0.04729438195225292
36.175000000000004,-0.001551879125772409,-0.06703842895547245,0.05432088032194826
36.18,0.015401169105406651,-0.07281121767679935,0.04238586761307598
36.185,0.003538314286219882,-0.04397236155616328,0.02719093486552198
36.19,0.019326476853556093,-0.05832383370029665,0.05036059359224175
36.195,0.018340389080754874,-0.06716765465468155,0.05500986122551875
36.2,0.021846845938534327,-0.07298757694149993,0.03812656643339505
36.205,0.01838011210871536,-0.045041527620030615,0.03856759865981456
36.21,0.00893624729083231,-0.05596627053874054,0.07054429958974016
36.215,0.03043289027471155,-0.07127572966745915,0.05902474091984416
36.22,0.003269168193769656,-0.07420109327307413,0.05729813817351767
36.225,0.026622301055751668,-0.07627165522779754,0.0333589670157489
36.230000000000004,0.03396871536968273,-0.07426413786496401,0.029848081346860955
36.235,0.005253637090669738,-0.06821673427747124,0.06119068420406061
36.24,0.008518308339824431,-0.05017529270005647,0.04068972182211291
36.245,0.0006431367764458962,-0.08107723766710649,0.046865112377679125
36.25,0.011229836804662682,-0.06138292646784406,0.05100340135144547
36.255,-0.00178909473403523,-0.05876840236577162,0.03288302986428468
36.26,0.0057459966778627275,-0.08269092140519795,0.03486932073482385
36.265,0.010454186999627545,-0.06862279747846897,0.04260188306139728
36.27,0.017141223700498393,-0.08498686611479676,0.05336588287244588
36.275,0.01818661602940993,-0.06327577701465528,0.0640468054464987
36.28,0.008667029878880624,-0.08016517756557577,0.05584157670507986
36.285000000000004,0.009756822081035718,-0.07018563447309338,0.05080736658973111
36.29,0.01868000621413355,-0.06158741082879531,0.06177317831621322
36.295,0.014965961208770183,-0.059409105603781945,0.05247962675051592
36.300000000000004,0.0226395284817741,-0.07942018377850717,0.03996425494414699
36.305,0.031049292699715687,-0.060696440601102825,0.04949478850571731
36.31,0.013523841430422642,-0.060414673108263664,0.03271084929598571
36.315,0.01641494123914252,-0.062431632408385465,0.05491868374256882
36.32,0.01824216177926944,-0.05507221774548174,0.036681792724703156
36.325,0.007428144530289015,-0.07250644635715357,0.03456978843655185
36.33,0.024561753306516772,-0.0691011084905934,0.04499981005646647
36.335,-0.0009718901524553847,-0.0749811762025054,0.05862708516414494
36.34,0.010863697856655556,-0.0610601250264307,0.046641330641798213
36.345,0.01243817470404424,-0.07376896673449093,0.056675463831301606
36.35,-0.0017691706578310575,-0.061785393447195136,0.044842426468296864
36.355000000000004,0.0006613225137206309,-0.06814454111655768,0.0400304098886821
36.36,-0.00619272692660542,-0.09071271480519366,0.06707260775667837
36.365,0.01720583902891419,-0.057521973171626814,0.0551821611665161
36.37,0.011886414961951738,-0.05627945031506672,0.05695849070354333
36.375,0.024452219060737475,-0.06960307129895689,0.04367788543089493
36.38,0.037486912614970426,-0.06253931345063057,0.05823017446064063
36.385,0.013807896587888979,-0.0468551251761799,0.04545777945080748
36.39,0.02552528150756809,-0.07617252716274538,0.04238812433425081
36.395,-6.988179385271007e-05,-0.04158561694365196,0.05421967769200914
36.4,0.022106442759288997,-0.056945346481072204,0.06639695195146009
36.405,0.0210414765217925,-0.07501147003929058,0.03273465397415474
36.410000000000004,0.020981159652425786,-0.08437691419990173,0.05516988528996491
36.415,-0.001193295859933826,-0.054601527900330155,0.05286645699291464
36.42,0.011057317258132394,-0.06674772379298269,0.056900916122481535
36.425000000000004,0.02219896398082399,-0.08447187101393726,0.05110164872153485
36.43,0.005953716529540635,-0.07781192278833535,0.03675443074327264
36.435,0.02126190076231049,-0.08036745716058503,0.0712259222049934
36.44,0.016584548565529444,-0.0854734092551964,0.06316761383351219
36.445,0.014159613975301702,-0.05793210225491445,0.043575513309512426
36.45,0.013065595526534707,-0.07856986575869933,0.05362316469516312
36.455,0.00398739885418873,-0.05102522498951674,0.05007842783106252
36.46,0.02381030959094678,-0.0765696691780864,0.03894148618876198
36.465,0.008683258247989979,-0.077894300382288,0.04943493369869625
36.47,-0.014738567779251047,-0.05472569323368729,0.05674404047731223
36.475,-0.005438274291146742,-0.0765703835929127,0.055087487559279294
36.480000000000004,-0.0030733271259514965,-0.06024783249808907,0.04934978976687344
36.485,0.009235478329738474,-0.06449748421348112,0.05297988010970839
36.49,0.023435420688366435,-0.06851071441320628,0.05139440470435834
36.495,0.020374750407605773,-0.06656649530618157,0.05585564774704362
36.5,0.013283959544174362,-0.07343990772667724,0.0570574493878197
36.505,0.018114661685614226,-0.07930048727976688,0.05914547135444165
36.51,0.007279870518966437,-0.08033992763001785,0.047381233283063096
36.515,-0.008343110425375205,-0.08172599402016137,0.04365360660209275
36.52,-0.0026462466538405283,-0.0563042464780901,0.0470327099126278
36.525,0.0003173441294571748,-0.0804632854888226,0.03904700762765679
36.53,-0.0011491055168330218,-0.08753256497152584,0.04567997331869395
36.535000000000004,-0.012779386936998347,-0.0892665987192795,0.05113849393787755
36.54,0.008057488581081587,-0.07196196028048671,0.04347740237627069
36.545,-0.0037740542864079483,-0.07032863915152879,0.04753559040472159
36.550000000000004,-0.0018423901845980688,-0.08008520151455255,0.05042694059811494
36.555,0.01818659906250787,-0.06836808797108258,0.0585754148824985
36.56,0.02323760154554473,-0.06737983388339815,0.05891485974145382
36.565,0.017903327791280493,-0.07589319850052685,0.05058686486234497
36.57,0.03076716327509799,-0.07625290964433887,0.04378236110111126
36.575,0.006125884545843049,-0.07474052056221002,0.06249876868911776
36.58,0.016602978765319118,-0.05001458337281092,0.054101030214644234
36.585,0.023356478923275373,-0.07722884778694172,0.04173071052968333
36.59,0.017046811472927116,-0.06806901132711125,0.052734147331815695
36.595,0.010111337817698102,-0.09278968173157183,0.0536736502378749
36.6,0.006364421413011936,-0.08757709240532971,0.044377460068796615
36.605000000000004,0.02175469330632729,-0.07756960722361828,0.06059918638141458
36.61,0.012547612071389387,-0.06844302170765595,0.04719163478902137
36.615,0.02107386343842016,-0.06592162522741932,0.04271189642334544
36.62,0.01884878480919651,-0.07356897980995443,0.05561213263476485
36.625,0.014450376076491668,-0.08207444422863111,0.0402308546481447
36.63,0.0074784399413301665,-0.08584346187022655,0.04577973869701962
36.635,0.017058635540275983,-0.08759752706438363,0.056010225749745
36.64,0.021097770355120848,-0.08118467729949254,0.05611448078266219
36.645,0.04317555217668506,-0.06404668012057525,0.05735435699885122
36.65,0.03331278887409978,-0.07633350729826181,0.05808728128134171
36.655,0.03007103575826138,-0.06702297453613776,0.04380799530597185
36.660000000000004,0.04194533614182226,-0.06870520923443749,0.042244073574143226
36.665,0.016429727094863268,-0.07392299173847275,0.046012079326086204
36.67,0.032945158381286394,-0.059283188387197136,0.06730843025961994
36.675000000000004,0.024904936913683152,-0.06157488989905113,0.05824661202010785
36.68,0.052192177727581765,-0.06887505095699223,0.051164661411093666
36.685,0.04536687075270607,-0.05721791119303352,0.04773581798635457
36.69,0.022272274830305385,-0.07010696744859392,0.08228493207132573
36.695,0.01915390513360466,-0.07301658414520876,0.04648197304594902
36.7,0.021874016261835296,-0.06198531471384519,0.06716351386148209
36.705,0.03454268048684189,-0.06140150575082866,0.04226654438092253
36.71,0.039227514662860244,-0.04889505679004237,0.07324086436777744
36.715,0.008869793793157735,-0.07016212386055792,0.05346908760871715
36.72,0.04462582698258404,-0.06352964557558845,0.04051255029334675
36.725,0.029846878625145574,-0.05002255718761144,0.059732586943525276
36.730000000000004,0.026119697787959528,-0.07513207060307209,0.05806422501170744
36.735,0.024545773742277763,-0.0763255496230044,0.04627844302839731
36.74,0.020133900921385308,-0.07720119312823781,0.05061551066929115
36.745,0.02989422109929852,-0.06124351945964074,0.05254188778436817
36.75,0.035688601954789734,-0.05585491733401762,0.06377184948502145
36.755,0.027268272180754196,-0.07714931749948267,0.07266800713506055
36.76,0.03246418168437208,-0.03754533003560678,0.0822935628578357
36.765,0.03262569190444204,-0.0703331946676773,0.054732337469149364
36.77,0.04580178217769666,-0.08500125029513168,0.050972881745362825
36.775,0.0385641261006871,-0.06958549734087008,0.0721171896757102
36.78,0.04425909728287067,-0.05199193769488892,0.07230961289335375
36.785000000000004,0.03824271204089178,-0.0648494684599405,0.06768667157804273
36.79,0.056544909575209565,-0.05391222025093447,0.06643939786024267
36.795,0.06107064281788703,-0.07316952214705115,0.05435146603769245
36.800000000000004,0.024591962926629882,-0.05806055832825331,0.060891986931303016
36.805,0.03656047482056146,-0.04802680833988405,0.06827694599063955
36.81,0.04681760078103478,-0.06016179666167459,0.0672293768087144
36.815,0.03538404598866663,-0.03907631397979457,0.060173784794502666
36.82,0.015820120960264014,-0.04769252886261711,0.05853437284815306
36.825,0.039607105129423795,-0.0639506553591544,0.07756234187169775
36.83,0.03154154227547954,-0.04773908948218954,0.055977044847174376
36.835,0.04464625715686643,-0.06386082081681495,0.06075276742221082
36.84,0.048534107667373386,-0.07410659052739867,0.05915627320748365
36.845,0.043625886332736855,-0.06280217824173484,0.06593883333694037
36.85,0.04003344244519035,-0.06328472887766466,0.0784761462695723
36.855000000000004,0.05551494688120541,-0.04628293239016722,0.04991988551599068
36.86,0.04473902789764388,-0.05970252783655275,0.06471680323568009
36.865,0.0271179941786351,-0.04124512244020612,0.079894388738662
36.87,0.029570928467546692,-0.062212508991298904,0.05627347818799715
36.875,0.039216585847966084,-0.06026514474576408,0.06608969069458596
36.88,0.025542442638092723,-0.06728681809924185,0.04728413865117218
36.885,0.039607204124858436,-0.07120234455943121,0.056712402862010444
36.89,0.028238805750463586,-0.06628231750613167,0.05511831701674756
36.895,0.02853125441824483,-0.07012291755387745,0.05247520027309282
36.9,0.031034600169043962,-0.04651812000755813,0.05154609233924702
36.905,0.046630445189458296,-0.07204719860677454,0.06625822879745259
36.910000000000004,0.03946587275048762,-0.05376429941985312,0.059967720582604536
36.915,0.021474437909560072,-0.06878133206167006,0.05024730002993291
36.92,0.027717442450688815,-0.0821164018358756,0.05765829540185939
36.925000000000004,0.0404052240318223,-0.07170326219456111,0.06722759654571533
36.93,0.03436769687187582,-0.07404280710248584,0.04051372103882768
36.935,0.029880819544921475,-0.06143148153724186,0.045868913866592774
36.94,0.03209570800066006,-0.057895646531908436,0.05966135932181098
36.945,0.03183707948085611,-0.060777284544593024,0.028151329592675387
36.95,0.03916226555433561,-0.08779918643543362,0.055104631597700245
36.955,0.02251257805387189,-0.06240972739060671,0.035272162834105156
36.96,0.025886219140791145,-0.05697483456132529,0.050553925539430285
36.965,0.022556272911604086,-0.04555004779698356,0.05752837453264261
36.97,0.02154399928990607,-0.07669031523541736,0.04964873304258048
36.975,0.023022088502889074,-0.06256526385374131,0.04409272289188009
36.980000000000004,0.0110762964329333,-0.06976825347411347,0.05797808026083876
36.985,0.01498363307622343,-0.07787253986439559,0.05365911540058265
36.99,0.023508014572296072,-0.06925874318300329,0.04897471081750137
36.995,0.015225676914134349,-0.07590202026950121,0.055420057803207926
37.0,0.01154476455031804,-0.062339373865356734,0.025776954814023638
37.005,0.025176740951985323,-0.07622116301688613,0.03540963776249787
37.01,0.013997438069718496,-0.0820485341162107,0.04708412177911911
37.015,0.013839952366601016,-0.08468919734993355,0.041370064676034525
37.02,0.004089811392286646,-0.0689960399478676,0.043505352181592336
37.025,0.008768528514903746,-0.07135525999379458,0.051161399648107564
37.03,0.01100587316911016,-0.06748574467933238,0.04169590765827476
37.035000000000004,0.03152983305622148,-0.06257423689253357,0.05308216647637623
37.04,0.024001180130727707,-0.09051449828109144,0.05553314652993979
37.045,0.009946850906523468,-0.07246193762557077,0.05157698173540732
37.050000000000004,0.020052621579580827,-0.0810496567125909,0.04184238052310744
37.055,0.005540456505416985,-0.07198525599982211,0.05693811983462824
37.06,0.023234365082843534,-0.06798362678187009,0.04855812202254386
37.065,0.025631476464134426,-0.07088440913178382,0.05015853322912579
37.07,0.016521161868699563,-0.06855789443374632,0.04999489624771966
37.075,0.03181990907369882,-0.07367857255948645,0.01879050508728429
37.08,0.03480726014058708,-0.08354181269009954,0.03951431065769994
37.085,0.015234066813324915,-0.07204457067493705,0.04030784661768502
37.09,0.02181355328795388,-0.08554090336772327,0.03817544266045807
37.095,0.04117433887877731,-0.06215177469370225,0.03506154675282311
37.1,0.014612758294032406,-0.0742394918729596,0.050743820535301104
37.105000000000004,0.013936075473714143,-0.08463657817974919,0.043756387580330076
37.11,0.021825097020453595,-0.05842675954412913,0.022671977209001878
37.115,0.022609503490964397,-0.0772246382036121,0.03320756590111601
37.12,0.014095726308068431,-0.05564549172151509,0.04880685882284226
37.125,0.008636534815706833,-0.08039863378214354,0.0460061779157912
37.13,0.012769849285764797,-0.060172756830739874,0.04064487068769372
37.135,0.006486783572339998,-0.08690910123335992,0.03218490655720023
37.14,0.008928572770737334,-0.0832940019963988,0.04509501545185018
37.145,0.020329130977327255,-0.0786156701797851,0.040229503106568434
37.15,0.009414483569825386,-0.09268369941021343,0.031015196951998645
37.155,0.02137246316195096,-0.09769713781964585,0.047696176215996616
37.160000000000004,0.015013484407269947,-0.0879722136535349,0.04463435673363251
37.165,0.025681431281543453,-0.08136588620273626,0.04452312398460956
37.17,0.010783257711149952,-0.054130525807791416,0.04084631643706621
37.175000000000004,0.02187853168923615,-0.04503113136830028,0.04759983523475418
37.18,0.026613192435870042,-0.08068201732352226,0.043241673777000306
37.185,0.034213920266400785,-0.09195340608089735,0.041562855038639754
37.19,0.016849446949275627,-0.06923705855300516,0.03777106851388438
37.195,0.036392649639856896,-0.052119345350830966,0.033577217597467394
37.2,0.01898014280483778,-0.07794350643586238,0.04081141452275791
37.205,0.013810368374977105,-0.05254293619914215,0.04285999489638005
37.21,0.0186056565312562,-0.055109275181839786,0.05453627690107299
37.215,0.024990431886625503,-0.0919717151640155,0.033462834161061814
37.22,0.03588453075401797,-0.0664447808758588,0.05997793468287524
37.225,0.028224382162943158,-0.08308079542781938,0.023313967483481274
37.230000000000004,0.020570329679450026,-0.06448308445228285,0.03236749511029155
37.235,0.028832127089279867,-0.06745385519355529,0.05709550650028943
37.24,0.03367231922922016,-0.08455548414626315,0.06015532767862869
37.245,0.03322621450086182,-0.06971499642304865,0.04973181139373904
37.25,0.009293721846080079,-0.09003112433734409,0.050995416989299394
37.255,0.027111394328962354,-0.07890348306121174,0.04292642162096098
37.26,0.027824830807034073,-0.09145514432565192,0.05411876494202413
37.265,0.028945192970529054,-0.07147323930529403,0.03715499489076582
37.27,0.03307230435588891,-0.07731326871764227,0.05033828147030595
37.275,0.033016170155949834,-0.08014248190994316,0.051977885380378175
37.28,0.017154765281889434,-0.07975011157415275,0.04831296467800612
37.285000000000004,0.03156147279585629,-0.08315763972279205,0.05970135155798334
37.29,0.0318534974542437,-0.08608834996348008,0.04804165550907022
37.295,0.0070773383876477775,-0.07571795196838008,0.05297027348138171
37.300000000000004,0.024133134996675524,-0.08214967670914172,0.0662970116209651
37.305,0.03297951170475744,-0.06713194471024092,0.04917033890428667
37.31,0.02172595235029884,-0.07001228387616446,0.048711976175972636
37.315,0.04112049663683456,-0.07453416791620844,0.052534487670943875
37.32,0.02305813250687667,-0.07998507271702587,0.056181136029413124
37.325,0.03084691751458621,-0.08689034951120962,0.05848650882758714
37.33,0.025775998638427708,-0.08068863885837309,0.06843605032939404
37.335,0.03195131785637114,-0.07582733461393985,0.06245620971172672
37.34,0.02135339096123095,-0.07505922563881112,0.03839656937598832
37.345,0.026185501640447233,-0.07837627979958446,0.052099644820982303
37.35,0.027185391004624613,-0.06683856661872026,0.04827526725909684
37.355000000000004,0.02822474940207246,-0.07657525536258193,0.05217199695782092
37.36,0.016223537681857227,-0.08183676998646669,0.05553340858269393
37.365,0.03554771891220921,-0.07142727486983175,0.05677741966689445
37.37,0.03397176748799925,-0.09843225029271414,0.040968893179477765
37.375,0.019667180141889465,-0.07604510491800173,0.0583844101793109
37.38,0.04095262747766781,-0.09101906012059266,0.05113603178229177
37.385,0.016944697331288134,-0.07849404778947175,0.050224777714067276
37.39,0.03180202318157738,-0.09906877175516056,0.04763084234348039
37.395,0.03311450401964757,-0.07799466547876592,0.03877975684105301
37.4,0.008922654567150391,-0.08323376056566983,0.054804307636489316
37.405,0.021991649023117548,-0.09276616828712624,0.05670200889040218
37.410000000000004,0.00995246562705119,-0.07198849215473845,0.06839602833576686
37.415,0.0311948291474268,-0.08395008288366267,0.049025433018511436
37.42,0.01816709071327204,-0.08750699030649287,0.05805026627389996
37.425000000000004,0.032621568623512315,-0.06427300914686704,0.05388413710393444
37.43,0.006381493265997296,-0.09497392556099692,0.04465154329759633
37.435,0.028459292749336923,-0.09438658349869394,0.06590717325768022
37.44,0.03832121795647254,-0.07084688755710296,0.07219935270753804
37.445,0.05128126540707536,-0.0884055940168238,0.04649544282669131
37.45,0.03343390351335849,-0.07604996569663042,0.03356938387202748
37.455,0.028779631155756637,-0.07854811666637622,0.0646270466167626
37.46,0.026285001445369462,-0.09131339518321589,0.06127851081923886
37.465,0.012705939572358101,-0.08156840479769846,0.04458164705449922
37.47,0.00782926234444363,-0.08334265429290756,0.06382859148143846
37.475,0.010081770502062572,-0.07134994781720869,0.05409652044818887
37.480000000000004,0.03195075564955196,-0.09342120583469049,0.04340297306890906
37.485,0.009287448081639369,-0.09741655620249942,0.043283013568631026
37.49,0.03354965119394025,-0.09066579247674693,0.06925131330852628
37.495,0.03855886642620382,-0.1155034300686103,0.08028283923379337
37.5,0.016909310736871005,-0.0798166165700904,0.05325244916256104
37.505,0.011764830038134402,-0.07878882955970096,0.06618383244784483
37.51,0.02582859846161119,-0.09372710092753217,0.05883916206318882
37.515,0.02710403332247575,-0.08288922011754107,0.06196195380192592
37.52,0.008923304881752674,-0.08649868495952688,0.06152440220792123
37.525,0.0447348223064794,-0.08262514350100024,0.05814594114155139
37.53,0.01987306857611455,-0.07919683134424438,0.06936613209124623
37.535000000000004,0.01590176040779356,-0.08237843956078972,0.05627781245193646
37.54,0.023200979785754874,-0.08183802272282405,0.06219049301661716
37.545,0.028718190020313315,-0.08008825807133557,0.06965336772911795
37.550000000000004,0.03187548365252027,-0.09283258690159961,0.06285609691826644
37.555,0.03430379447836945,-0.07769846021813882,0.057623988759098466
37.56,0.008051467937313563,-0.10433250054365335,0.05005214167900465
37.565,0.03859273494127042,-0.0918440394052337,0.06297500655139293
37.57,0.025776317108588305,-0.08698970740639753,0.05068198261672449
37.575,-0.0015496692707196516,-0.09613538753572785,0.05509126121887842
37.58,0.025180075546748747,-0.0809735252618891,0.06990723649188141
37.585,0.0020048314596328373,-0.08538677845275167,0.04928158660541211
37.59,0.008731740411429934,-0.09070027958792158,0.08267710069623639
37.595,0.019224621156506614,-0.0914715518719477,0.05270903865842342
37.6,0.01457138587410373,-0.10830012800610293,0.062088310870121254
37.605000000000004,0.02716830408285191,-0.10421918948957198,0.08118838383047672
37.61,0.02211811966234613,-0.10013365245021336,0.0807251292870807
37.615,0.014108911981045844,-0.09327938707189228,0.05242479377667204
37.62,0.02498020141399991,-0.08669234565449113,0.06355607073177397
37.625,0.02149100278990354,-0.0910803799413336,0.061876875727853206
37.63,0.012662682177526228,-0.08165574518510943,0.06302970031210718
37.635,0.04395734748120342,-0.08272330345060168,0.07209268718028364
37.64,0.02626325368066227,-0.07920328247734482,0.06529015672982191
37.645,0.02454769363255767,-0.07862525450642713,0.06962986014938086
37.65,0.007995991412938951,-0.09497596857286916,0.06290260335764503
37.655,0.00614655645511827,-0.06856544247559591,0.07020467786685877
37.660000000000004,-0.0016844914061537528,-0.07834396748485153,0.05722043259569717
37.665,0.031382372260310085,-0.09157704934224238,0.041008875241443636
37.67,0.01931129759844054,-0.06300527804894332,0.06556094227830747
37.675000000000004,0.032609477219511,-0.10528443574063932,0.05952628608701927
37.68,0.03721964111293608,-0.07882756097504817,0.034383130045861035
37.685,0.008854012297500519,-0.0669792612261737,0.0687300630573458
37.69,0.02096904437938521,-0.08042179736878549,0.07631307108353232
37.695,0.008669182360358029,-0.078351350383989,0.07894162180755539
37.7,0.025024360789224803,-0.0828344211717971,0.06513433520008327
37.705,0.017454222625103336,-0.0930187415007626,0.0629246437146051
37.71,0.00852803280778993,-0.08394976004479425,0.05787325933427273
37.715,0.019926813310087624,-0.08992481520557141,0.08291050167173566
37.72,0.02550637133105073,-0.08654042126979532,0.05361173180263778
37.725,0.01723346438580184,-0.08049253994639191,0.05978645505423054
37.730000000000004,0.02990506204172482,-0.0742834313619591,0.054833667130864246
37.735,0.023499275568391133,-0.07994842960954089,0.05914665581295629
37.74,0.015004052644026216,-0.0668872499876169,0.06266907773574415
37.745,0.017657729122092312,-0.07305137038866624,0.06487456848487103
37.75,0.02424388030711733,-0.08017965871893314,0.05690586954721187
37.755,0.009303034527398567,-0.08442145265255184,0.055144677219459884
37.76,0.026187876395716046,-0.073897779986147,0.09024485509976761
37.765,0.009271586328017459,-0.08875180451799825,0.06475968881553745
37.77,0.02364839314728339,-0.07522893395879336,0.07274969454723348
37.775,0.014156722510122597,-0.05179962694616291,0.07127001569868696
37.78,0.013840492482332817,-0.08545802154870226,0.08669035740847317
37.785000000000004,0.04690828297094498,-0.07547548015309749,0.0533697918558588
37.79,0.02301548265559782,-0.07441692419620839,0.07207804013509275
37.795,0.02230447679641443,-0.08955968815836264,0.061978963912959956
37.800000000000004,0.005384939426298797,-0.08467199992950264,0.08354817225918942
37.805,0.017423227366688276,-0.0711146372183232,0.07314300762595553
37.81,0.010823238181864342,-0.08434601444981099,0.06932750753224107
37.815,0.023085419881340007,-0.0795199628336305,0.0704203651563789
37.82,-0.0008096532043299423,-0.0848105138508072,0.06642457287643454
37.825,0.0018352442708118102,-0.08601203214266084,0.05708245418956173
37.83,0.012909348067655296,-0.10447385304650636,0.06294111739869422
37.835,0.025250440640225788,-0.08544361495124213,0.0709418695522556
37.84,0.01369107138011296,-0.07923483818696296,0.07927959890673793
37.845,0.03603212594031666,-0.08624921366576437,0.06251456247766869
37.85,0.00631986329611731,-0.058526041388561496,0.06152005930043987
37.855000000000004,0.02880728660576179,-0.07075327472264742,0.058363895452154875
37.86,0.02524088347531596,-0.08351609202653501,0.08004734358267483
37.865,0.005288164286264371,-0.06923271801754981,0.08352479303963059
37.87,-0.0010308190757806791,-0.0746251407299955,0.0565381933898666
37.875,0.03542625452520984,-0.05875545059049055,0.07764103146538591
37.88,0.03418838309602608,-0.06184167338229491,0.06883360339765604
37.885,0.018770253804359663,-0.06686986301612181,0.05236926385007659
37.89,0.027419321010401784,-0.07809014926148726,0.07212519018985653
37.895,0.02650584085709722,-0.07211242299662114,0.06532886367962569
37.9,0.028615914824710327,-0.059313610365302145,0.06166400064624105
37.905,0.03087026691723425,-0.08057099298384711,0.06994565971411124
37.910000000000004,0.03793109334959051,-0.07611024469623669,0.07152524006190858
37.915,0.015407135122634022,-0.07073566179646697,0.07080211491520205
37.92,-0.0059975299479579115,-0.07024612522069018,0.06604887334437692
37.925000000000004,0.023062454385809446,-0.07050624847044247,0.06251805458961003
37.93,0.020316701738770933,-0.04781709712842325,0.07581188510669735
37.935,0.019944605099107702,-0.06028764851112538,0.07583976408711261
37.94,0.034173551882221626,-0.056490815366535635,0.06551236396162119
37.945,0.028646609561756933,-0.08129474917574951,0.06488978227414978
37.95,0.013002695954709962,-0.05891559217704133,0.0769174034183004
37.955,0.0301166221554658,-0.0730180242537091,0.08006534962267707
37.96,0.04000923271221075,-0.07797265240746125,0.06750377469119248
37.965,0.022688346047387467,-0.06486933960003777,0.06287752174138653
37.97,0.02060736859848861,-0.06903650883484783,0.0863871745933013
37.975,0.03925291745846301,-0.07741281871817207,0.07264630949915143
37.980000000000004,0.015600299399850075,-0.0629968835996241,0.0696684170438164
37.985,0.0384748006376284,-0.0624444970239742,0.07269597031841248
37.99,0.013067624478207727,-0.06795319228424472,0.0840646386670292
37.995,0.024152496565882364,-0.06365195496648399,0.0761201920089226
38.0,0.024489587176675768,-0.0767788947801128,0.07708704356553484
38.005,0.02259530977351621,-0.07157386190886661,0.05758818451760366
38.01,0.051124178579027624,-0.08820135786002381,0.07864054508050136
38.015,0.008486503986288564,-0.0676960226376394,0.08172123939984424
38.02,0.044896042267066935,-0.0839637574489239,0.05107482081993252
38.025,0.013225066587917594,-0.062143360747048196,0.08556257018638311
38.03,0.02123429129660582,-0.07131185125159406,0.06672551237562221
38.035000000000004,0.03082084413979245,-0.058641147600384906,0.06928880812216379
38.04,0.02455388233232774,-0.08227935446337195,0.0740667307568933
38.045,0.023144888951301342,-0.06919621570098748,0.07988502646240844
38.050000000000004,0.016092006670637815,-0.057074060514777564,0.08219254933419344
38.055,0.009492676285643244,-0.04244056483364147,0.07633447436509608
38.06,0.009564679870440799,-0.059688315737245666,0.06788565748994066
38.065,0.054551495902095994,-0.07984933757460169,0.059952807396406696
38.07,0.023811902513985947,-0.07042136272030487,0.05924281102015804
38.075,0.016830914190996738,-0.06404296547758889,0.08191405170968652
38.08,0.02234384370419398,-0.06297406192917875,0.08987112146039608
38.085,0.033862282116161144,-0.06232451922705316,0.06430445355910414
38.09,0.02811920837734629,-0.07444152326392536,0.05981514571700416
38.095,0.011620586865114774,-0.06713434206490111,0.09082545198933396
38.1,0.00040029006074860166,-0.07988920204558081,0.08186770726361123
38.105000000000004,0.025781781351739,-0.08558911782648376,0.05764307442603353
38.11,0.03256845406790823,-0.08125553772842496,0.06787270376937252
38.115,0.004172120590758589,-0.07986036148903083,0.061106404043183835
38.12,0.010697314074870337,-0.08936951834325509,0.0709707538119978
38.125,0.023488737206238845,-0.09794055257023045,0.06141923423428307
38.13,0.004155619176470806,-0.07521457625371089,0.06651362362033296
38.135,0.025402858382784575,-0.08412605507662221,0.07240223955708414
38.14,0.022653597169600293,-0.08004499072630125,0.05851649693126323
38.145,0.01752413547615509,-0.077629740121616,0.04795961063457864
38.15,0.003616239919540437,-0.08460065369456055,0.06484600700934864
38.155,0.025200824231195452,-0.08707448800847836,0.06206448277759245
38.160000000000004,0.018536280781431824,-0.03666233763451383,0.05116836210046217
38.165,0.01788674809475241,-0.08147187388036287,0.05514822462345098
38.17,0.016689971923133085,-0.07124985460834253,0.05828693815155675
38.175000000000004,0.025246518177815324,-0.07026577512886455,0.05662984580173022
38.18,0.04468184070327526,-0.06812207456577446,0.04320474965032303
38.185,0.033674478379212607,-0.06590443726230125,0.05803246350593764
38.19,0.012761130486495334,-0.07695165297212825,0.045625148650516124
38.195,0.028487363521504563,-0.0882917872276634,0.0589656659378948
38.2,0.021751971685446174,-0.05613019096778886,0.05111976872363701
38.205,0.012001849226263291,-0.07187751192802007,0.05340060140250027
38.21,0.014853344990135579,-0.03593997949054217,0.07207749408065245
38.215,0.037993960418166606,-0.06789844737927714,0.0774439376012467
38.22,0.03930067653052971,-0.08205218331267457,0.05824435272844235
38.225,0.030820667091442593,-0.07159055377259242,0.04394524224782506
38.230000000000004,0.03431855424961803,-0.07063254432709795,0.059829863133836814
38.235,0.02931928499734198,-0.08478871119895148,0.056001350187565926
38.24,0.02877747597269285,-0.07787832223565408,0.07118302270049556
38.245,0.019677650261597138,-0.07843375361591434,0.04540506314807265
38.25,0.032269614341957145,-0.08270249281792523,0.05112897654895758
38.255,0.044844959988196,-0.06102217654350797,0.07106103329491865
38.26,0.03740566815249975,-0.0599099376297722,0.05322321229074525
38.265,0.026711639603192155,-0.06705033118297343,0.04515895828916669
38.27,0.03195639811188652,-0.06406564345897413,0.04556803358265915
38.275,0.038877990800573914,-0.05250979603671454,0.05457201464099011
38.28,0.011381159593083074,-0.06719299301433952,0.07971993671048588
38.285000000000004,0.03765502977147011,-0.07754973841528351,0.049243804082291065
38.29,0.023042851810627613,-0.0748163626854286,0.06687978063549935
38.295,0.03130001994782878,-0.08373548730685149,0.04922849001868043
38.300000000000004,0.018960452196779512,-0.07043628489366036,0.064032201694101
38.305,0.02047929396902981,-0.08280910820723827,0.06838732926612155
38.31,0.03028069118152341,-0.05965614002780536,0.06601298622331532
38.315,0.014148466091251661,-0.07241067917765716,0.05249484247434945
38.32,0.022247291798669216,-0.06586827035061621,0.06155283332949667
38.325,0.03859069204488416,-0.07876727237198002,0.053964826074318836
38.33,0.034429688773280294,-0.07097373860720964,0.04024820853563246
38.335,0.031093249209051314,-0.07062365349492705,0.054198317835855256
38.34,0.020323727318242397,-0.06917057325727524,0.05616940585992408
38.345,0.032722189464866956,-0.0666542974656027,0.06125384281406132
38.35,0.029035083264956223,-0.056278756582263084,0.048722570635761395
38.355000000000004,0.02733740052490881,-0.07988530100076169,0.05218097000227019
38.36,0.021551980804788054,-0.06028254564948567,0.04631402132599769
38.365,0.022198461029327585,-0.058184226089453124,0.05821371236812802
38.37,0.02890806622644215,-0.07155640029372855,0.06032026782268596
38.375,0.02661892318655812,-0.07502623713539523,0.05199100023361076
38.38,0.04772032139026453,-0.07701275337443061,0.04986947236333397
38.385,0.030436273271669357,-0.07539575725918919,0.041726737433925146
38.39,0.03506173124287671,-0.05627908748781821,0.03969633859359627
38.395,0.03507207834839818,-0.06681678242676499,0.037194594190904345
38.4,0.030644259736562044,-0.0713230765524712,0.042267771005470536
38.405,0.06186007020429486,-0.08435444054111807,0.06550407289558433
38.410000000000004,0.019266404291700397,-0.0791699157641284,0.05002220797076712
38.415,0.04110421528391475,-0.06960201896798308,0.05655565845487791
38.42,0.040457358915518986,-0.08224993411922256,0.044863604502002385
38.425000000000004,0.055141334824414745,-0.07998766848134428,0.05941667985967697
38.43,0.0517541597591338,-0.08163793114399209,0.05551670371128418
38.435,0.032423486306155706,-0.08352205748035309,0.04992850693144289
38.44,0.03755731334987667,-0.06469803066294388,0.0487395544601877
38.445,0.03983405067965139,-0.06309416568605507,0.05207134619934664
38.45,0.04768945045635917,-0.08587604986101297,0.04918108069864732
38.455,0.032377503633161935,-0.08223597492729687,0.04835100565474647
38.46,0.0329026762607604,-0.07060395588748333,0.06240124417037382
38.465,0.03259372237531728,-0.08246197899358795,0.0584000529413552
38.47,0.031280726023416486,-0.07188495212524781,0.05136363788024321
38.475,0.03852859038955756,-0.08989166839719456,0.04898823759675826
38.480000000000004,0.03736708882765417,-0.09635685755992122,0.04121565807921848
38.485,0.022559964118527672,-0.06882595652827767,0.03833444598445092
38.49,0.03332677802893305,-0.0770530381083198,0.0649775717494786
38.495,0.030773482676795066,-0.07600771172414568,0.08277965052361412
38.5,0.023758544935106117,-0.06829143156079646,0.06303506088022816
38.505,0.031216052412603956,-0.07775436216826187,0.06935816297711003
38.51,0.020538157284121394,-0.09173372595897927,0.06235526976375293
38.515,0.026898693526043214,-0.0862070457028097,0.06284536715152822
38.52,0.05286900714329773,-0.09601202267389938,0.0566021953545174
38.525,0.03887413426869367,-0.09740078949427403,0.047640711778380036
38.53,0.04699823490059494,-0.09790148003154543,0.053427363264544774
38.535000000000004,0.05715594656095743,-0.0645486564117657,0.06828202303081585
38.54,0.042666961302418566,-0.07112678269812998,0.06340984352659906
38.545,0.038121907927529196,-0.0930834880412358,0.04117810632481077
38.550000000000004,0.043986906989584934,-0.0862090908661953,0.05544745201941735
38.555,0.030413527079152708,-0.07752011964630921,0.03081907476222803
38.56,0.03537163550702187,-0.09335097163603631,0.04829865591295651
38.565,0.052214621815589314,-0.08921479416354951,0.06080146449910464
38.57,0.008781366986237053,-0.08646811524730984,0.05883871797989383
38.575,0.03161717844684119,-0.08821010829790868,0.07930476693224923
38.58,0.03381880160611549,-0.08286165818052721,0.06935406856326325
38.585,0.03785932935233324,-0.07116583707984776,0.053096435521101784
38.59,0.029939544140131964,-0.0560944022440029,0.06365066409533883
38.595,0.050765596120001394,-0.06834167846320503,0.07207332811285781
38.6,0.03285290148872892,-0.09062925836667972,0.055254105676347684
38.605000000000004,0.039492780608190385,-0.08271574828780388,0.05626443257251762
38.61,0.05261624722770328,-0.07662824778071174,0.058925861044101004
38.615,0.06330709384534311,-0.08020256182834973,0.0525635133086127
38.62,0.01830205638969206,-0.07982202411830722,0.03856480130356027
38.625,0.043541053808912815,-0.07532348939544516,0.041369173722815095
38.63,0.042699418441875234,-0.09982736647313936,0.05348186789804853
38.635,0.04562656715482827,-0.09238608849665564,0.051508956011356924
38.64,0.0429284370228534,-0.07985021613393958,0.06600416980239639
38.645,0.026664605086160628,-0.08188567971165589,0.04972804594449689
38.65,0.04086047194405372,-0.08467680559036266,0.049992239308195616
38.655,0.02783586764574894,-0.09313035977347217,0.06008316178235826
38.660000000000004,0.03131050802609894,-0.0882995818931304,0.05528179592858008
38.665,0.047933302525446114,-0.09715564509214925,0.057496858610650625
38.67,0.03439110473624273,-0.07762424617461745,0.05284785812286574
38.675000000000004,0.03808190676526484,-0.08285956196662365,0.059722029110333995
38.68,0.04643977090191871,-0.08106148352921291,0.054018827924253415
38.685,0.02563668658306193,-0.066848361277207,0.06066900567058488
38.69,0.02842299523062586,-0.06653469187561263,0.05001962256579698
38.695,0.02571231628843868,-0.0913258122702704,0.05677601483345743
38.7,0.031986017305935255,-0.10127745757894253,0.05639122129985266
38.705,0.048328174340321925,-0.08251865252182802,0.050889723711272435
38.71,0.020944194393901078,-0.08230516465354139,0.04898718392101348
38.715,0.03522939499225342,-0.06494430806733836,0.05705520861393458
38.72,0.038017775753615375,-0.08561247017799604,0.04315826298612734
38.725,0.022595155237748625,-0.07953825999884521,0.05465797963347195
38.730000000000004,0.020752276112193324,-0.08277786025854089,0.05369150234344647
38.735,0.02487028305933254,-0.07856070301087657,0.05470516723701139
38.74,0.02958556057150236,-0.09294299863917782,0.04356430657516744
38.745,0.02082865842419391,-0.07105976407013137,0.056697271990590964
38.75,0.03167110392454727,-0.08474622938844081,0.06811561753525158
38.755,0.028716173137665172,-0.08987382907197883,0.0499968431754843
38.76,0.016359011985794945,-0.09218712301335033,0.062444680014441825
38.765,0.04442470634239779,-0.08291955144370435,0.08134606359221393
38.77,0.046369173288345326,-0.07808083896820807,0.07298838316333457
38.775,0.03006647158536724,-0.08772902472893553,0.06126034580581175
38.78,0.030186048571092156,-0.08309910693993605,0.06607410409874376
38.785000000000004,0.044200353412706735,-0.09706927781812222,0.05310778362504551
38.79,0.01201583073460773,-0.102670801161877,0.07575145326518794
38.795,0.02466882544280946,-0.07109309331604606,0.040370399930601486
38.800000000000004,0.03185435359189573,-0.10273696037967062,0.04129982098864984
38.805,0.023935541247145583,-0.0987543394939695,0.026562478107187676
38.81,0.021268656642170442,-0.08487031791566568,0.05545727515088503
38.815,0.047143868082523785,-0.08094491961595059,0.06538601611593829
38.82,0.05446108698777136,-0.07699960632109791,0.05881849369948371
38.825,0.020792424505937667,-0.09174283877031866,0.05804126710007485
38.83,0.029083255597425375,-0.08287805847600692,0.06676938718469079
38.835,0.04077962148872065,-0.09103952960134927,0.062063063431000376
38.84,0.04339938422387478,-0.07755332972426372,0.06439516134554736
38.845,0.015347084821778646,-0.07103061825906781,0.050763587036738195
38.85,0.03757156604330646,-0.08593531498701718,0.05303017465875049
38.855000000000004,0.02420519224578889,-0.08083915425896472,0.07443350837296522
38.86,0.024297111133586836,-0.08435643234208554,0.044425137924603716
38.865,0.04375458354330186,-0.08774393645132496,0.05488337623330399
38.87,0.03921952078015749,-0.07226827524742493,0.06234351431235849
38.875,0.05141454814120515,-0.08042265652747249,0.06251093032255323
38.88,0.02496429317583594,-0.08814177797010352,0.06463819074903382
38.885,0.022308497577597383,-0.07054271809323423,0.061656487355482764
38.89,0.020723064805118267,-0.07550908762656489,0.05839519406018251
38.895,0.031236083085029023,-0.08822872580533729,0.05829601246349663
38.9,0.05138399014594998,-0.08806640441365615,0.07756150686252099
38.905,0.022419884733032525,-0.08276874347236865,0.05597407344917085
38.910000000000004,0.034074972572179216,-0.07265747032292022,0.0579661039437827
38.915,0.04236430150995138,-0.07000799858410225,0.06975950786120907
38.92,0.04069912636214295,-0.07288111476305525,0.058511675715979226
38.925000000000004,0.05775888422621123,-0.08551319967882533,0.07895974312482265
38.93,0.01461087482115939,-0.07873005561717872,0.057426906784387055
38.935,0.009973927177782577,-0.07806542664274221,0.06540389606843418
38.94,0.03142402444091176,-0.07291593862152115,0.07734700526895302
38.945,0.013966107395967067,-0.06808035085644289,0.0729892752507529
38.95,0.03279164147148175,-0.07554055913976913,0.0669696739262925
38.955,0.04252291463068267,-0.059067933251615724,0.07221900346566586
38.96,0.044680074277347145,-0.07395604018194268,0.06819127171595085
38.965,0.010619705531032315,-0.08324634119643845,0.059671456150973516
38.97,0.01373889418457649,-0.07691435710472083,0.06127530643899592
38.975,0.014391222611507732,-0.08745054001693417,0.05647189251468811
38.980000000000004,0.031196935575030033,-0.0845535279510318,0.0719230989425601
38.985,0.04005893226470819,-0.0910942786333041,0.051990211924771726
38.99,0.027008082328191536,-0.09483192947865451,0.0591192843781117
38.995,0.03961965881226301,-0.07772106761494671,0.05878750182429636
39.0,0.022730873615408688,-0.0806024980532891,0.06008048533557188
39.005,0.03200185241303523,-0.08239334294242392,0.05394561202865032
39.01,0.014867278238413068,-0.0857828246795834,0.0644414815378959
39.015,0.020413943014582974,-0.08996935459450783,0.06422706774914702
39.02,0.027287532005388294,-0.08363492703444546,0.0638629859210203
39.025,0.037001037627131146,-0.07278445622741152,0.06189287299251904
39.03,0.019143763514252926,-0.08116941724863522,0.04818043930626992
39.035000000000004,0.031106080838417167,-0.07896518338042458,0.052545487173641214
39.04,0.030194965906848684,-0.09308832125859971,0.05073900056431898
39.045,0.029106833896920203,-0.07767283289649059,0.07397865776901721
39.050000000000004,0.04349085111104427,-0.06709204359323373,0.06095617252201833
39.055,0.022010363664327466,-0.09445242868884278,0.06882426964583797
39.06,0.0296720847028449,-0.09095224701396466,0.0655214029821078
39.065,0.027447585299782,-0.0750480667107762,0.06263421712567943
39.07,0.03531688430415188,-0.07787847046311491,0.0607552304369043
39.075,0.02832667694387983,-0.0799035159677495,0.061840910138969994
39.08,0.029175020536780272,-0.06802642772480437,0.062018177052290194
39.085,0.015039512777225936,-0.06746066302733822,0.0695403970128554
39.09,0.04270759642303179,-0.08652895933275974,0.06259987851227565
39.095,0.017787489143989893,-0.06867184028708935,0.058135410988984504
39.1,0.02705888125260044,-0.07826987119492608,0.04795021388437959
39.105000000000004,0.027888470742513858,-0.08886724250459703,0.05495662156912772
39.11,0.033035591781694705,-0.0804516331325629,0.05164585231919146
39.115,0.025494709565069988,-0.07083203992585171,0.04902719659762117
39.12,0.01867539087229273,-0.06955109090780039,0.046814738932422884
39.125,0.04077699539879896,-0.07300939304694803,0.05318143166782742
39.13,0.02150061730922531,-0.0645174372632464,0.0417286613648442
39.135,0.017174610023523183,-0.07878067182730518,0.04842785956161414
39.14,0.03631700988265357,-0.07372633035227437,0.053735561330131076
39.145,0.016228814354081543,-0.07947680597859054,0.05609990390065889
39.15,0.02881843068926258,-0.06288056728801865,0.0740447288758652
39.155,0.04313161389149456,-0.06449122339317905,0.06366034422279293
39.160000000000004,0.03476538649975603,-0.06608561792412318,0.04596435049774226
39.165,0.029425910391107916,-0.07072406529653796,0.04149420015462181
39.17,0.01592223601256135,-0.07598950076980984,0.049798104615390346
39.175000000000004,0.01809216496959575,-0.09190783024080293,0.04636423115662258
39.18,0.030701567883285978,-0.06606375852394332,0.05990093428856136
39.185,0.028599258550262113,-0.07224532852166252,0.06837037655705909
39.19,0.021031236611024375,-0.06827646507584738,0.04807377882099495
39.195,0.028054871517756277,-0.07390822470444108,0.07224275778701679
39.2,0.014200325297948978,-0.07443382894112768,0.061438944315376685
39.205,0.010141545421496489,-0.07871643508434503,0.07220236383907828
39.21,0.020745567660974223,-0.06438636639671036,0.06244127695962946
39.215,0.014307414569367701,-0.06800092438691593,0.05965572384505085
39.22,0.03161212153844644,-0.0766383185769255,0.06085888019133305
39.225,0.020724683200905838,-0.06628699772837723,0.07552381775939924
39.230000000000004,0.023527756038181222,-0.06684029541348713,0.057402515585108976
39.235,0.006210559539551866,-0.0656755578861779,0.06040981297320747
39.24,0.015732267835451997,-0.05451880838847192,0.05814379484719514
39.245,0.02840524440243187,-0.0601625596270584,0.07474900820212657
39.25,0.012179470848070232,-0.06859638663138634,0.060774576059971795
39.255,0.0034598066906402925,-0.07090770283734285,0.08534500485906019
39.26,0.010313125645838608,-0.05513983510046951,0.06944527678382895
39.265,0.029638272307858725,-0.06227318850207651,0.04785410109024111
39.27,0.02819894177329354,-0.058572572109944286,0.06371585553235258
39.275,0.021503418923516038,-0.07463546845299034,0.06469110859242619
39.28,0.02785444066937459,-0.06306454927552607,0.07287043516209474
39.285000000000004,-0.0015774999186669685,-0.06850215462648433,0.0705734396121204
39.29,0.007724975208257036,-0.06319954552089413,0.06403372610019087
39.295,0.0073646035928822805,-0.06998125758501676,0.056265183556491266
39.300000000000004,0.005379768169160002,-0.05822372446609643,0.059850877556256246
39.305,0.02728381812334663,-0.06828431233506609,0.05391120243432482
39.31,0.030036252909840216,-0.05075196968543563,0.053944404724027194
39.315,0.034663803505911,-0.06697495745440935,0.06554668303223693
39.32,0.02064054404635946,-0.06685800843156099,0.06092048320812789
39.325,0.02229629764316971,-0.07580255817332984,0.07376652137395834
39.33,0.03961888670299633,-0.059537542814047925,0.08826489048993683
39.335,0.017912897398852785,-0.05541539848823847,0.04914722323748275
39.34,0.0031529760309573617,-0.04853758771937214,0.06430470060447994
39.345,0.010335615919090577,-0.054425417489129255,0.06461800261579216
39.35,0.025614153576294048,-0.06992976880544124,0.0584245320901122
39.355000000000004,0.006664667095542788,-0.04178763702775813,0.08808931441356076
39.36,0.008682946464562276,-0.07377326489662855,0.0876379890140686
39.365,0.0045166470205031655,-0.059304150155575795,0.05715744836317962
39.37,0.005372638693683256,-0.0597402797008921,0.05790816494590509
39.375,0.02349958797661191,-0.06710358800988911,0.0787963134208214
39.38,0.010571680095034463,-0.06966098565202654,0.0652581556078523
39.385,0.012281865208095512,-0.05676049028508263,0.06652899367297413
39.39,0.03682140676506337,-0.06780021007070944,0.08840683323111898
39.395,0.01689491775648664,-0.0690687775128161,0.07390976897778549
39.4,-0.0032984078905311173,-0.06264165858553063,0.06081805256908615
39.405,0.005352185608485067,-0.06905622192958344,0.07555184722612644
39.410000000000004,0.025113015865362548,-0.057331676384874256,0.03931274650984101
39.415,0.023296871956347963,-0.06139287695403907,0.06855264964443258
39.42,-0.0011628711499007682,-0.06067525772196998,0.05756980968019684
39.425000000000004,0.01576304751020244,-0.050861124660606286,0.07077065122414714
39.43,0.006424520745102653,-0.032480083100793325,0.07413197875995003
39.435,0.006455671042451351,-0.05670212710449532,0.05428362982227321
39.44,0.005287428421382726,-0.0552645837515553,0.07489684288365533
39.445,0.0188951478918106,-0.07307806956149418,0.05635696628666617
39.45,0.012142281200986732,-0.07381288276688983,0.057110823604397704
39.455,0.018948415513257436,-0.05432473202377251,0.07832814573594096
39.46,0.002022578661327443,-0.06635820558455499,0.07408382405243424
39.465,0.027575975160472034,-0.05384979910310142,0.07760196415696703
39.47,0.018919922252061187,-0.06706161245065582,0.08793789960925973
39.475,0.01996292855315809,-0.057180534652641196,0.06694931539773417
39.480000000000004,0.005956358105427521,-0.05025102437377465,0.07253415639919131
39.485,0.031379298088227064,-0.057195066989062085,0.08093689968018603
39.49,0.023305636982073854,-0.07144517379311612,0.08591854357322339
39.495,0.02032618973397109,-0.055402199128993516,0.06123180683922405
39.5,0.017971049854772454,-0.07228260236735165,0.08014161264491299
39.505,0.007932013285116495,-0.06319585944301187,0.06742871314228663
39.51,0.01809824195607347,-0.07181268601319886,0.07053886945441445
39.515,0.028775655973251397,-0.05497283916255677,0.046390029258514764
39.52,0.0173063880513268,-0.046458386985800064,0.06957597591454331
39.525,0.00239142519484032,-0.05976841161716603,0.06789197373820345
39.53,0.02279090552478113,-0.06176765016345472,0.05699841773755637
39.535000000000004,0.01491388607389376,-0.051223504565757194,0.0670932854835862
39.54,0.014458286906578716,-0.06685554707531208,0.07570730731986983
39.545,0.02032724228278445,-0.061761014438206585,0.06112638724019554
39.550000000000004,0.005320308280358255,-0.049663081315445765,0.07002108939615534
39.555,0.017961238593915598,-0.05311290083667504,0.08161144377665638
39.56,0.013137119548404935,-0.06742998814624308,0.06614361744414347
39.565,0.013502860366700243,-0.08515047373673328,0.07575730950020206
39.57,0.031024511247557653,-0.06409223040129373,0.09032234067141721
39.575,0.000730222397204161,-0.0813792207314092,0.07917038127007503
39.58,0.016187387854829434,-0.05544448901815589,0.07045550435078883
39.585,0.025098970199557348,-0.04119680655498993,0.058894710002433945
39.59,0.02095539236653187,-0.04523880599804897,0.06768248044214666
39.595,0.021395637585968665,-0.06391256548391117,0.06870845439341097
39.6,0.007850697115132126,-0.06871953011224492,0.05946184625253989
39.605000000000004,0.003417766822857344,-0.042646614698202454,0.04421028121941244
39.61,0.019589626970135363,-0.06226085601112489,0.07560222022440596
39.615,0.018531393348020987,-0.055268835979748306,0.06520205748741734
39.62,0.000897714937507189,-0.050618265796526014,0.05549298269940815
39.625,0.004776218208200051,-0.06842922543200891,0.06412352537161098
39.63,0.007273786095114977,-0.049063561207709064,0.07442886521123906
39.635,-0.0020642882858000425,-0.06980402336557658,0.06272681300328128
39.64,0.009662581283398333,-0.054940076325182316,0.07634958418369507
39.645,0.01743255313849917,-0.05239494694671187,0.07317725543772792
39.65,-0.00796369572961629,-0.05542066628377955,0.059328933243630554
39.655,0.011472328904011241,-0.05480235317249392,0.07587859664868679
39.660000000000004,0.014993117426912683,-0.06106648464102868,0.07040277173539308
39.665,-0.007158422344602011,-0.06732553548918686,0.06405805495330585
39.67,0.009344508895148505,-0.07318924054370174,0.07288616981673958
39.675000000000004,-0.0006064243047331618,-0.06697437840466222,0.07125320325053
39.68,0.007131249144081051,-0.058739341259727344,0.07579877387007641
39.685,0.005981435588181734,-0.07690508425354207,0.04964745983950515
39.69,-0.0010609517985051935,-0.05481198045555698,0.058645517229186025
39.695,0.016408995565927353,-0.06748660941459925,0.05946432333516144
39.7,0.016070429705212493,-0.060718248243052914,0.07708837267115785
39.705,0.0006475644869997233,-0.05702719248285461,0.07758650713319681
39.71,0.0015424799042613561,-0.07543953595333486,0.06915456959280313
39.715,0.01677965706980545,-0.05365577790313841,0.05419757410780503
39.72,0.009371759038407305,-0.05803038546094008,0.057369791934224486
39.725,-0.008186525242374273,-0.06329112118198991,0.05225928998201876
39.730000000000004,-0.001562977956568054,-0.04460610862887946,0.06314745322493816
39.735,0.008329853095702347,-0.06746056063296522,0.06297710152573935
39.74,0.011487072634169534,-0.06757918219650262,0.07607308699854856
39.745,0.00732669560230772,-0.06981834303384224,0.07618368338376517
39.75,0.011404050569606496,-0.052228675578670336,0.05374252596784627
39.755,0.012578098630889658,-0.056683581812175005,0.07059879432829372
39.76,0.007371656553055486,-0.06523288529416686,0.05555758618660896
39.765,0.0025202551511420337,-0.06439051638262693,0.06430701406855117
39.77,0.006394271647992463,-0.06687657853200395,0.07199875436959575
39.775,-0.017042579726025582,-0.05927538119663043,0.06943414269662201
39.78,0.00801215751073021,-0.05680047411177619,0.06438921787281145
39.785000000000004,-0.0038210034576512987,-0.07831654266504649,0.06726641418998659
39.79,0.002439252334378191,-0.06623407342874149,0.05646470644007762
39.795,0.01343526977326254,-0.057888219745371804,0.050604815100308814
39.800000000000004,0.002860423482208904,-0.06310603657568555,0.056888052777169046
39.805,0.014286662458128823,-0.061695253630054556,0.054055875086714375
39.81,0.02884475880313026,-0.06424790283931758,0.07735985599459945
39.815,-0.014644118799338482,-0.06305022478440483,0.05560590966495474
39.82,0.003365235701028429,-0.06295118074449498,0.06951717749464556
39.825,0.003461815356034072,-0.06606606122316784,0.05012361278084139
39.83,0.008126487011228471,-0.06876566380593863,0.06222858259076552
39.835,0.014272069159910142,-0.06368009172672101,0.045487832862795154
39.84,0.011697258064364249,-0.08142345917587711,0.06321779090102904
39.845,0.0029356903849161245,-0.04960130415258208,0.04705106766731705
39.85,0.0362453484132368,-0.053846285484353676,0.05651694026224421
39.855000000000004,0.0014874750568479624,-0.052789224890811295,0.06567236748359494
39.86,0.018996471680053056,-0.05418114268051068,0.051911167693363965
39.865,0.014256725150812935,-0.05410692008036788,0.060439457225128695
39.87,0.02333674144504559,-0.056607429575915025,0.04878178799415695
39.875,0.024451002640242553,-0.054341704847432885,0.08725684308949412
39.88,0.009419984834821366,-0.06740876629124522,0.061551153050689436
39.885,0.022018404155152563,-0.04902835041481533,0.06630868984352212
39.89,0.00609619621859769,-0.04981865552689771,0.07563172399775635
39.895,0.023173807198687505,-0.06261262707077868,0.04196799465350348
39.9,0.01970312167341049,-0.06015706842350854,0.05558110143051661
39.905,0.010836887740818105,-0.054545521109165954,0.06144718818716661
39.910000000000004,0.013904709831711945,-0.05614761466165316,0.04854087217861936
39.915,0.008324646966852256,-0.06265312261856039,0.06362833837443435
39.92,-0.006742253545286677,-0.05054703938810691,0.07187988050355347
39.925000000000004,0.008717789061193871,-0.04773703885726137,0.056067114990056344
39.93,0.015049519426792755,-0.07406270836567035,0.06532881444241947
39.935,0.0015489284616784713,-0.0583823851034021,0.07037675513667775
39.94,0.015524048527267466,-0.0591345794838863,0.058852416534637894
39.945,0.006507424216551741,-0.07765641808917856,0.0553768047125957
39.95,0.007450105905191918,-0.06018244168976576,0.050572649646337516
39.955,0.017263523340484952,-0.0551710948060672,0.05161540724164017
39.96,0.021457049301195838,-0.06979401397483834,0.04324986576490575
39.965,-0.006369221546071752,-0.06184452281613155,0.05105237542915575
39.97,-0.011558751635626544,-0.0827712888499239,0.05768000624428796
39.975,0.0117287564903259,-0.06495253091807145,0.06633514868845737
39.980000000000004,0.0007463250536473738,-0.06288899904855318,0.040183236381183304
39.985,0.00674250894375359,-0.048443004329778105,0.0440441412908104
39.99,0.0030823216321261976,-0.07233956900529703,0.06452226038473802
39.995,0.009174992893620566,-0.04775414913132266,0.037928223853068876
40.0,0.0003919195347869414,-0.08278347924430751,0.05562999678516414
40.005,-0.0012326654600105721,-0.04999190077515363,0.05909101922882063
40.01,0.013053538770314116,-0.05826160303161352,0.05096002971101971
40.015,-0.010755109998087552,-0.042127366717707615,0.03765093960224477
40.02,0.025746580423503872,-0.05590906033548594,0.048535754378150615
40.025,-0.009815607088194508,-0.06381973295870028,0.06058528853232357
40.03,0.004930336268492982,-0.05966508075069109,0.03653667294032285
40.035000000000004,-0.006109928955498979,-0.07634868556744658,0.04395380537627371
40.04,0.00620027544682311,-0.05101055097253046,0.05827468631283626
40.045,-0.0077489623991330095,-0.061306239078472144,0.025344471154687187
40.050000000000004,0.0011339923145665884,-0.06549338883205424,0.06456426963674956
40.055,0.0024171463069161438,-0.0590653706758959,0.048457306654384885
40.06,-0.004340927529988655,-0.057483925471934275,0.035516388262311134
40.065,0.013773010572519678,-0.05299044306885167,0.058348376683739336
40.07,0.006401197931938798,-0.0716641628463944,0.05311095352783837
40.075,-0.011612158769139156,-0.048482147002769066,0.05947742824378088
40.08,0.01825437513031427,-0.06140256335799771,0.05196456704385395
40.085,0.01129909438442412,-0.06791086135679614,0.05454866538458103
40.09,0.0013640510718551865,-0.05840487006773479,0.05407918471325817
40.095,-0.0008494752424798371,-0.054417358027590804,0.032053240687922625
40.1,0.014621661965375357,-0.07161658843889587,0.03891400917867485
40.105000000000004,-0.007212445713300528,-0.06801475065748636,0.03547203285761774
40.11,0.016408559543526,-0.05811526260644601,0.024426907895502496
40.115,-0.010369426174544755,-0.08363965429603067,0.021027964321424234
40.12,-0.015510722510094794,-0.08019140762272024,0.03396888371010899
40.125,-0.013735893186190447,-0.08420049377528596,0.03545883390489978
40.13,0.0021563147820851565,-0.06632401227275145,0.05259621151776694
40.135,0.005717506890139126,-0.054646955161393666,0.040902968928573626
40.14,-0.017699443245286908,-0.07582076633668025,0.020981822587839805
40.145,-0.015417897838425794,-0.05616265551476826,0.041953755564191314
40.15,-0.002661522903608937,-0.07454235380559819,0.015712711528602354
40.155,-6.703723875196854e-05,-0.04877414760158813,0.03181177179023082
40.160000000000004,-0.009270988049192335,-0.08730422184069424,0.015672008221220043
40.165,-0.014839723897896374,-0.07821340806717213,0.03153307496944745
40.17,-0.006676080291119969,-0.07195438690256062,0.02142390712807541
40.175000000000004,0.0018683512676500626,-0.07338547833976393,0.011741120678781792
40.18,-0.010555238504117142,-0.08759247304986506,0.033617824995552784
40.185,-0.01840337366624509,-0.09318097377214796,0.02822164361995491
40.19,-0.012483521927820627,-0.06723312323314229,0.04032258592796387
40.195,-0.00533044419919651,-0.05319441486767717,0.0089364079515728
40.2,-0.010370309409981862,-0.056459534645215255,0.04350474367003478
40.205,-0.016998139548682862,-0.07514047694808665,0.03573718689937884
40.21,-0.010387115005952671,-0.07730130324741896,0.04373933375820644
40.215,-0.013890839418705399,-0.07448594572402727,0.02188974494073236
40.22,-0.020742059006480427,-0.07779579475223626,0.020902849139294237
40.225,-0.02814165723868912,-0.06101027803484814,0.03199919207792515
40.230000000000004,0.000592649816339455,-0.08553893755688405,0.03467528553929583
40.235,-0.0030651695496377966,-0.07135374421695408,0.01628539068120917
40.24,-0.01906358101694509,-0.06731256242980531,0.017556435891217206
40.245,-0.009741808098889238,-0.05770747445683541,0.03591290525210937
40.25,-0.0011459204513089294,-0.07163240026969017,0.03749112215816351
40.255,-0.0083087373685965,-0.10369908271667555,0.020542085455691042
40.26,-0.01871936211232341,-0.08363717716357078,0.015315960706648278
40.265,-0.03354362902142961,-0.07386511941388188,0.030017447278325646
40.27,-0.017874575015820113,-0.08123646194968122,0.02182517909989099
40.275,-0.03132542876194859,-0.09315241470344661,0.0343765074832677
40.28,-0.0022456894849011873,-0.05623760463339412,0.03176897282400668
40.285000000000004,0.009170793515712742,-0.09859337489485695,0.023492270585191564
40.29,-0.004272705633139466,-0.0683790720471961,0.026945152862721592
40.295,-0.012607779702540556,-0.08504264838543671,0.023198022374173802
40.300000000000004,0.004823815109401226,-0.07311796121281651,0.02532845402800249
40.305,-0.019688477039569906,-0.07734556431872981,0.03900224478697302
40.31,-0.002957022423388307,-0.07132403540789446,0.010781942139400601
40.315,-0.004680349551468475,-0.07437759385702222,0.027100803698043203
40.32,-0.0089142350097678,-0.05777685693860757,0.05754804975546174
40.325,-0.006274343306427097,-0.09809646055920726,0.03459562188520646
40.33,-0.0025449281543396887,-0.04903827723622039,0.04108999050948774
40.335,0.009508216399213997,-0.08210244563897508,0.021706363153727825
40.34,0.011773294825051902,-0.07212870881793451,0.029042091684938487
40.345,-0.003703023813521108,-0.0726413569599816,0.03402526774031274
40.35,0.005924639349066754,-0.06685472187521013,0.030671867136484253
40.355000000000004,-0.01839066935068595,-0.07676459624552383,0.027283484185675243
40.36,0.0007521716183757979,-0.05853862656784847,0.039711246626931436
40.365,-0.009017428016500895,-0.07069095738743936,0.044891401279003214
40.37,-0.014844245966989564,-0.08477696155409414,0.025147233949789956
40.375,0.007966163493148427,-0.06943880859332735,0.016800547857956594
40.38,-0.015386162154789294,-0.0738577791123442,0.03473447546963471
40.385,-0.008160474139020362,-0.07671531960846019,0.024982776339530874
40.39,-0.022101207943871826,-0.08069189531833648,0.027470949918370437
40.395,0.0044493095306766435,-0.08284663030121417,0.019798289310925074
40.4,-0.004386609178223623,-0.07552593651178077,0.017514928617047835
40.405,-0.001338341063262475,-0.05513664592371405,0.023439172918644502
40.410000000000004,0.01378919060920143,-0.047517846528528834,0.042416963690544505
40.415,0.001963020984182065,-0.0933010604386404,0.013865955219329172
40.42,-0.011872451119341706,-0.07723109806215261,0.03131241057794876
40.425000000000004,0.007067708886828689,-0.07566068921166252,0.017217012206437395
40.43,-0.013241491679508412,-0.08695734691755914,0.031067282498606262
40.435,-0.005945410233268403,-0.06555126088746882,-0.0005399485254022496
40.44,-0.006929699000380957,-0.07779921846164811,0.03932220163169968
40.445,0.009912429199268415,-0.08684498377680147,0.016791477351998183
40.45,-0.013522813314094238,-0.07649279809400356,0.019849662086790853
40.455,0.007517907161722192,-0.08701489701674942,0.030498090284245154
40.46,0.002562484162588176,-0.08176645601234364,0.02044378606064495
40.465,-0.008190805805638,-0.08221791586597972,0.014732280587726602
40.47,0.009482494118851267,-0.10183605655424355,0.03137013664389224
40.475,0.00968300514181122,-0.07319309374262185,0.02386254746765439
40.480000000000004,0.006524299753949463,-0.08055727054447247,0.036686511093032385
40.485,-0.003749140867926163,-0.07352825190854949,0.03005845520730091
40.49,-0.0006188632061381559,-0.08093430895094701,0.02860523800884299
40.495,-0.0024961005787762884,-0.07883253950772927,0.01620685419515843
40.5,-0.00196592924749563,-0.06210173517902545,0.01948033278795646
40.505,-0.009211627408920672,-0.08305329534972417,0.0292976794760025
40.51,-0.0063691766566015585,-0.08500667801352921,0.02642637235892633
40.515,-4.302288909455859e-05,-0.07695117939199836,0.012683412191549974
40.52,-0.018401113269439644,-0.0845475838215005,0.02514161748375214
40.525,0.013466495575664861,-0.08186168164196296,0.011492105831355884
40.53,-0.018832523327034556,-0.0915712854936307,0.010903951315608122
40.535000000000004,-0.020255843782042475,-0.08234187531388143,0.019638818086422125
40.54,-0.005368655338682773,-0.07159535503929104,0.01636728125976017
40.545,-0.008258691967920635,-0.07106506823675485,0.01867579536392228
40.550000000000004,0.0008757373661668032,-0.0981256909456769,0.013379638337605597
40.555,-0.0161471945526631,-0.07995709424762563,0.017174683268017306
40.56,-0.009312624204863791,-0.07750495274932738,0.011278247322621362
40.565,-0.011127370940472944,-0.07065541722554901,0.021504074064158364
40.57,-0.0026841703157893734,-0.10010418000716695,-0.0021007832159000176
40.575,-0.01935867324115056,-0.07099933382834565,0.026056562423797967
40.58,-0.01181910637303122,-0.07290915991273103,0.011188953839174344
40.585,-0.02257655690406485,-0.086226616359946,0.01601768495793974
40.59,-0.010422362926941372,-0.06838836157139332,0.02008231982395046
40.595,-0.019251067931954167,-0.07879910478284122,0.015361713227976562
40.6,0.01595824713040236,-0.09118458362922552,0.007938144590117118
40.605000000000004,0.018952229697704416,-0.07510277725798478,0.023328822337293706
40.61,0.00304820048843725,-0.08116117662048919,0.03247042985336222
40.615,-0.01825464022780838,-0.0672862597830522,0.036954618110312025
40.62,-0.027394597060244764,-0.08365395428261696,0.026220615276300967
40.625,-0.02555333631204522,-0.08702482195333645,0.018489717717212216
40.63,0.0034861334370816233,-0.08048064469186744,0.010116846020966744
40.635,0.004430983218042918,-0.09435965486464087,0.013344640752643105
40.64,-0.0019655602751470214,-0.09606687188249319,0.01636854273448116
40.645,-0.0056347103215379085,-0.05145849796051327,0.02475298877136494
40.65,-0.012648248809754861,-0.06155041348147553,0.0353041626432469
40.655,0.004853387473185686,-0.07187121180371549,0.0245151433091821
40.660000000000004,-0.013711388817823147,-0.07203377609541699,0.04275518182233185
40.665,-0.01832439683936065,-0.06616465574496075,0.039776385149916424
40.67,-0.004987965349701407,-0.07900264458954978,0.010439995549674957
40.675000000000004,0.006212411974064171,-0.08202577137644076,0.02880000691350463
40.68,-0.011417798653503307,-0.08223084125928282,0.04146935098574798
40.685,-0.009922818632979967,-0.07192718085568253,0.018856422867112754
40.69,-0.016199109307950037,-0.08223248252549639,0.02900688591406968
40.695,-0.007543264186422077,-0.04256204379782241,0.029344828290342368
40.7,-0.0133234621238515,-0.07329249845954393,0.012539025973868623
40.705,-0.012806034648909476,-0.04925446075700511,0.0180948851967175
40.71,0.009914920231040151,-0.080375863167982,0.044112599304666274
40.715,0.003424143565668638,-0.06979655398019179,0.04532474236537326
40.72,-0.005661651127454745,-0.06240165563972449,0.059166554433751094
40.725,-0.005278432693121761,-0.07459390123395138,0.03678099905463299
40.730000000000004,0.0026351796101475103,-0.077684310571223,0.03427726177872341
40.735,0.004762378498183974,-0.07092511797313214,0.026030738929417235
40.74,0.006956452031168112,-0.0852314578915241,0.013455377170728975
40.745,-0.02159843204506545,-0.07631996644880024,0.031022112209007337
40.75,0.0031852307902974393,-0.06816945969502998,0.02476846118554587
40.755,-0.012949187267367657,-0.0631040720131513,0.03235439523125399
40.76,-0.009387244400454298,-0.07385511485143387,0.025676755490599598
40.765,-0.0039056388013797433,-0.06980981241403006,0.030610357430140987
40.77,0.012074686438951146,-0.04205383909860859,0.04075129106258552
40.775,-0.00998213189405706,-0.0700317675192236,0.02760969376472521
40.78,-0.02013992488222876,-0.07978030211460443,0.03552318281435352
40.785000000000004,-0.0065081701242286835,-0.07778484804625796,0.02837572441543392
40.79,-0.008366838208224904,-0.08319396576497945,0.03663190561286954
40.795,-0.004984158039002196,-0.052458454322915765,0.02248212102514554
40.800000000000004,0.0010410675741164138,-0.06705539461363078,0.032708119817925256
40.805,0.015403378744484475,-0.0726912796019302,0.024180826126708674
40.81,-0.00368240184060006,-0.053420129624351595,0.022411191560751043
40.815,-0.011275326919831227,-0.05486504257975228,0.014978717856533017
40.82,0.011370595485728977,-0.06703752895518122,0.018315227976559458
40.825,-0.006547451235966735,-0.0561878408550687,0.04403013339283404
40.83,0.0068498675055066495,-0.05413696869354393,0.03462544262964849
40.835,0.0024994114056189204,-0.05817783881799418,0.03597570947869402
40.84,0.01156210716509805,-0.06350732902037964,0.02820912855784863
40.845,0.005582132825838627,-0.053832593642800464,0.01696809699962829
40.85,0.01179511810512643,-0.05940020348235407,0.02569130386685711
40.855000000000004,0.0036375802991055334,-0.04861146139881892,0.04129160702445406
40.86,0.021005860291404124,-0.0623344424555825,0.037465416820964687
40.865,0.006396518850546953,-0.06861824032572683,0.03757385356319894
40.87,-0.005462272694393977,-0.061914499049697105,0.042236369617051475
40.875,0.008153871272460759,-0.04566433897119196,0.045524462014590955
40.88,0.021009722209682245,-0.05230474906564383,0.027199621792991433
40.885,0.005946689838641491,-0.06840046132989329,0.03681835495011126
40.89,0.0037814717059625504,-0.06951272941721194,0.05622144552197564
40.895,0.013780291844537908,-0.02936128043899297,0.03543001749208913
40.9,-0.0007387264652732144,-0.07575758180656786,0.025229981240192344
40.905,-0.012041434900140851,-0.05681802331133526,0.046019109076777934
40.910000000000004,0.019229520476511275,-0.05717412897717876,0.048550903303480414
40.915,-0.002192660540148418,-0.07579634385166513,0.023909593431137834
40.92,-0.010019543865725861,-0.06095403023566239,0.04629666563447072
40.925000000000004,-0.000745404701100981,-0.08800497153757,0.028036380582263078
40.93,-0.0034746255476994746,-0.03985656834342066,0.04368445940716645
40.935,0.0009480153631030719,-0.06468765699718984,0.01417609072249855
40.94,-0.0036432126294404545,-0.07046350483119129,0.051469418684234255
40.945,0.0007698274269361087,-0.07083594381745287,0.056313657079264626
40.95,-0.002980876601351077,-0.05822377953440099,0.035412188254219684
40.955,-0.0006801173806622665,-0.043786819820908825,0.031065513605670017
40.96,0.007880322065704198,-0.07106630553245187,0.041311890924409456
40.965,-0.00937113817222392,-0.03795266076912873,0.04764204770197444
40.97,-0.028516585774835686,-0.06090614783446033,0.04650346061632897
40.975,-0.005770762883875756,-0.06756751048560211,0.04817569211508129
40.980000000000004,-0.014726184525270157,-0.08491059425328389,0.023551515599800312
40.985,-0.014991759518261427,-0.05838252354707814,0.04148372282276147
40.99,-0.019149855335114343,-0.05765420486866414,0.0316419601663388
40.995,-0.005379909269372665,-0.04569250402988425,0.016639775811463114
41.0,-0.007535678506025177,-0.0689556358874655,0.034119033932723815
41.005,-0.015587219577862164,-0.0758599929188703,0.041180986966567135
41.01,-0.024672091254283973,-0.07725616840960209,0.03254232535850539
41.015,-0.008622873900285714,-0.07814565378433098,0.02164395495394436
41.02,-0.00791699129886694,-0.06882783744239601,0.02833430567650926
41.025,-0.02222430729145885,-0.06174457424561687,0.037974225721125424
41.03,-0.001007098943937454,-0.07561120468059015,0.0129507995158266
41.035000000000004,-0.01962706995298556,-0.09347305739078504,0.025788348432344878
41.04,-0.004269880157875987,-0.07043335831216273,0.037472093979874256
41.045,-0.00775477878848747,-0.09666644176723033,0.03658758241419795
41.050000000000004,-0.007571579459726557,-0.07452969818878977,0.034480052044837416
41.055,-0.006079050148865738,-0.06619978098749817,0.05793887249557128
41.06,-0.02361391210947883,-0.05175063479119113,0.035218346468181734
41.065,-0.024585974077383645,-0.07686940617467207,0.034034721539141985
41.07,0.00010666699495920015,-0.09037030855356723,0.04371454968070928
41.075,-0.026376234372054316,-0.05631255216903332,0.024286379108861444
41.08,-0.006360665914896972,-0.06266754243214061,0.05425969264538912
41.085,-0.014738890087371385,-0.07386206429113241,0.04140819223096261
41.09,-0.010098729309019387,-0.08221272345866863,0.030338689822754325
41.095,-0.01679569198503493,-0.05650331770644371,0.03099321607559547
41.1,-0.0146274365136271,-0.06617480454698488,0.04696311645395839
41.105000000000004,-0.02116735893610794,-0.06196010320506194,0.034108360154988845
41.11,-0.005906585158702529,-0.06605584980504478,0.021434361096006407
41.115,-0.018231911494369483,-0.07108602379338318,0.025039858792850058
41.12,-0.00969706674643973,-0.06029574202820775,0.03919702701854837
41.125,0.00035085507281284317,-0.060770882956862074,0.04231763948785676
41.13,0.005934546858784976,-0.06568060473110204,0.034316114993199906
41.135,-0.005606775952718378,-0.06490730663831268,0.04111717915518552
41.14,-0.005907660619537652,-0.05367533838051328,0.05690730663537988
41.145,-0.03040025488547134,-0.0629458195846516,0.04616597678192648
41.15,0.0007601969133263324,-0.08140943054248724,0.05419715662745333
41.155,0.00012033021485124973,-0.05961778879471161,0.06068769109758684
41.160000000000004,0.0011310329234356306,-0.04745781233905453,0.04194517311060195
41.165,0.0009611977877303605,-0.0635462411959698,0.04756511586362898
41.17,-0.018231186558932855,-0.06946099402445188,0.05281767973954478
41.175000000000004,-0.006234025322421292,-0.06881456773853409,0.02803121788218267
41.18,-0.011183747970821358,-0.07101603395771214,0.044366362210565204
41.185,0.010283857740066767,-0.06401158066810911,0.04108271207705505
41.19,-0.00867873937019448,-0.0641861815696424,0.0374732689703137
41.195,-0.005914341144510265,-0.05531665008543051,0.03687277639963568
41.2,0.0012085946401554776,-0.0744120661271459,0.054675108058129286
41.205,0.017257934244489577,-0.0601937367920114,0.04910978818529102
41.21,-0.004093649898127636,-0.05883786013401484,0.049337102691685564
41.215,-0.009649465732335192,-0.06655925404863744,0.0456989475489151
41.22,-0.00362838876714253,-0.06120313500816167,0.04091440757305629
41.225,0.007909580819945469,-0.05419958019637999,0.03601043584869139
41.230000000000004,-0.00856328333377004,-0.05763061414051181,0.028550292994792604
41.235,0.003569219125415895,-0.061700515633627814,0.04453557864130882
41.24,-0.001789875028916546,-0.040629618736401175,0.053562435696980576
41.245,0.004754383650154055,-0.06317980700813682,0.05670644686306939
41.25,-0.004450746979719325,-0.05394934060300182,0.05332243595117782
41.255,-0.0015868600834259665,-0.060924243998873084,0.04942548002233936
41.26,0.0008136324798641882,-0.05528636068168832,0.04644602374827493
41.265,0.018006746437346653,-0.0690654333683958,0.06783569716590829
41.27,-0.008616824664070148,-0.03441397797147377,0.05018546150648444
41.275,0.0018996793335133606,-0.050048481040915256,0.06403401029893599
41.28,-0.004407127766934436,-0.05034194393896364,0.04373441556508647
41.285000000000004,-0.00304824987335868,-0.06145083883431543,0.061591558098334546
41.29,-0.004303045104976554,-0.05348850249422298,0.05100509830880815
41.295,0.008977157922406569,-0.03786407168450838,0.04431386673350205
41.300000000000004,-0.012609835994130073,-0.07695556190926878,0.04435338728556058
41.305,0.008841842851288556,-0.054535954056190286,0.05401673000239289
41.31,0.01573101143428283,-0.050060787410211416,0.05109719263586393
41.315,-0.01807833396917112,-0.05975349039448404,0.045774151020835985
41.32,-0.002276997050820965,-0.06174263452803784,0.043543861039220005
41.325,0.006459643218826652,-0.06717012996154473,0.05905089096079541
41.33,-0.01214366384243544,-0.06366360135961426,0.043046712802548105
41.335,0.02243752733264553,-0.07212342820836774,0.0440781931843004
41.34,-0.006242112473520869,-0.055139008702486614,0.03143056104462175
41.345,-0.015540967316283006,-0.0712855556375176,0.03476031209605002
41.35,-0.0027340383189504505,-0.08532933699456344,0.042432379527889634
41.355000000000004,-0.018803914481393867,-0.06092664041699667,0.04568038568775015
41.36,-0.005328568573759299,-0.08635819154001939,0.040952220319724036
41.365,-0.014700523161420388,-0.06906094108965638,0.044874779155701275
41.37,0.004314088958056142,-0.08329595642686419,0.05170881591150466
41.375,0.0010031141140169932,-0.07446039485244449,0.04585291687497532
41.38,0.007974327008098825,-0.06911388373650379,0.04203594129666973
41.385,-0.011310255969734867,-0.05091913645233099,0.05092021344402953
41.39,-0.009701347650677122,-0.0673493106746257,0.04460063038623244
41.395,-0.008859806258445596,-0.061045682936201905,0.04536576049546523
41.4,0.01814806613635343,-0.06584287360975316,0.04675008870861666
41.405,0.006945636940424212,-0.06461331752449126,0.03474183310009874
41.410000000000004,0.002009791990532552,-0.08227926901476564,0.035694165684302115
41.415,-0.010933915649760775,-0.05738924675704781,0.05193006552479165
41.42,0.01340000098047294,-0.06719002165457885,0.06008149024365872
41.425000000000004,0.0025518923047140075,-0.06001580215155716,0.056803454583447155
41.43,-0.011861929117531134,-0.06913868423044023,0.0541777996433218
41.435,0.018686306556540962,-0.04273818120584519,0.03330822091784065
41.44,-0.015131919417009091,-0.07565847650723503,0.048848917556329835
41.445,-0.0069633038572886365,-0.06744357401190948,0.04889319922450981
41.45,-0.0022424569235595555,-0.07065344235751825,0.03527914506450057
41.455,0.00909368491589308,-0.07346178883385251,0.0788352551938396
41.46,-0.002550098878329167,-0.06464064275779313,0.057337066969826773
41.465,0.01395951448699921,-0.07136339026491073,0.042618375594972405
41.47,0.011688086492006467,-0.07364921547753608,0.049407284804975665
41.475,-0.007343023670823363,-0.04432021341145436,0.057590744916664285
41.480000000000004,0.014172260793626355,-0.0751246397280648,0.056937421364006605
41.485,0.01004462173758838,-0.06916670475420535,0.04498825710758071
41.49,0.010586478387498575,-0.06799257188992008,0.042775645290063384
41.495,0.010294205179151576,-0.04645023621065866,0.06039582615079249
41.5,-0.0016218490466409184,-0.06334525193729151,0.04058092176412313
41.505,0.005362411786058039,-0.05790702010414702,0.05740100426454275
41.51,0.015479256552252869,-0.052842232093577815,0.05028154294087395
41.515,0.021926218785587027,-0.04902052143181758,0.05436446985167316
41.52,0.003681824195953018,-0.06277390929015976,0.053899355248579854
41.525,0.007269337429239086,-0.05478757362149977,0.07836555033917073
41.53,0.014350872251747132,-0.04520761038079375,0.04933805802556383
41.535000000000004,0.004019518866378413,-0.05629474539613413,0.0502017282314829
41.54,0.013226377520953497,-0.0734820764129577,0.05189441898075868
41.545,0.009070985166819968,-0.06718126586931529,0.04801135450953535
41.550000000000004,0.014243258414436641,-0.052451575634641576,0.04434549448420634
41.555,0.008679783075229808,-0.0620702406455774,0.05208038260774237
41.56,0.0353223929570988,-0.05693923800638127,0.0453352488284723
41.565,0.027065495206413458,-0.08069331508921987,0.0637412609090144
41.57,0.021406750968240223,-0.059862088290910664,0.03710095018789527
41.575,0.016146843718886073,-0.05319463904848251,0.03675351812013921
41.58,0.004624862266499392,-0.05279380797183511,0.058624645256134325
41.585,0.028443329960339225,-0.05963501177930283,0.03651769572001469
41.59,0.014352140029723381,-0.06980069271711897,0.054107489308462174
41.595,0.025731525868961644,-0.08515016333222256,0.053578295571818195
41.6,0.008303389648701715,-0.07019578533111902,0.031493047417058745
41.605000000000004,0.0008248410220564467,-0.0644384194419996,0.05365230725160422
41.61,0.03643663180417311,-0.06748945567407473,0.04786864735470133
41.615,0.0155790367481889,-0.07979523622068363,0.06736071871399596
41.62,0.022731740290813627,-0.06647856465761767,0.06322766538757776
41.625,-0.0072799279445453086,-0.07192692567807583,0.043187026142973504
41.63,0.031334233569332307,-0.0801122476836105,0.04833413887922767
41.635,0.02359269335072277,-0.07396360891875206,0.06092090468035391
41.64,0.009995103404231716,-0.06462669959525165,0.05142538090021224
41.645,0.004616963508582154,-0.059737365914982576,0.025883636952110087
41.65,0.032957719017867135,-0.05602249822239862,0.07128620392110105
41.655,0.014688044162316614,-0.05761659716969615,0.03934842312669404
41.660000000000004,0.010006431049585297,-0.05675065114640648,0.04215726776440659
41.665,0.018915486676981036,-0.07605021335081297,0.01788339032775453
41.67,0.0059154057353028935,-0.06319937755002132,0.040054105867372465
41.675000000000004,-0.00906724111860677,-0.06949295366425606,0.04626053861747463
41.68,-0.0017297802115485601,-0.08381058557983397,0.03453371602489762
41.685,0.03238247067282476,-0.04947455616340174,0.038716552212234134
41.69,-0.005310445913901635,-0.056250088445887914,0.06193397751937185
41.695,0.011773840998141065,-0.04999507116128509,0.04362033245220201
41.7,0.005066506191310379,-0.052346750350526675,0.04386423451991955
41.705,0.006504206348387779,-0.06389926270367925,0.025950291756361807
41.71,0.019188169682765335,-0.08732457745367331,0.03270877563427062
41.715,0.011873249466289792,-0.07157234314628691,0.031068210911610786
41.72,0.011266653835168002,-0.08088551020496901,0.04902304438605732
41.725,0.010414906060922166,-0.0654852254227278,0.02437742586720649
41.730000000000004,0.00034139002697680665,-0.06419052503388807,0.030985315881873598
41.735,-0.007391255970887616,-0.07501317862294368,0.024978761037589302
41.74,0.0005588761846391926,-0.08218627511044628,0.0531790568217265
41.745,0.015955171694874898,-0.07606104090736504,0.05110480944377622
41.75,-0.006498314453618734,-0.06524329353884374,0.03730393355290064
41.755,0.004898602753050901,-0.08307360839362046,0.04244045216501572
41.76,0.004271347017574475,-0.05827837916821643,0.03959749853307815
41.765,0.008447097180669817,-0.07925007077247292,0.04841730573547772
41.77,0.02602117327398171,-0.07188778981432928,0.03448006164087408
41.775,0.01932918521910256,-0.06074495362423517,0.024340444568497415
41.78,0.018700913434812002,-0.06396035904232789,0.058561041349103525
41.785000000000004,0.007121070297114144,-0.07452577319419362,0.04881256514939281
41.79,0.008077061297739533,-0.08799157637438276,0.01730517833397683
41.795,-0.004169173151782352,-0.0636903866366129,0.03403914228618187
41.800000000000004,0.039378393462440875,-0.057839286218913724,0.028586245865301157
41.805,0.004352883537688545,-0.07955178776238633,0.027502619930406542
41.81,0.003642640630535217,-0.06607362487223392,0.007491483982898678
41.815,-0.013608594420883104,-0.06489257335955348,0.030500632138203462
41.82,0.02183480546010378,-0.06863656056444506,0.04110620752453723
41.825,0.001550326004291138,-0.06146736857400305,0.02120268409055514
41.83,0.005398439665849335,-0.07645464188729167,0.03694163241778624
41.835,0.014453128877032881,-0.08070831843798056,0.040980124214368474
41.84,-0.006169143178812394,-0.08490464297177182,0.02860993908989258
41.845,0.01087939474715638,-0.08191634655145907,0.024643748512542668
41.85,0.0058796971595113864,-0.06421721058578606,0.017861530911723197
41.855000000000004,0.0008738750241732013,-0.08326891773070066,0.01525257110271433
41.86,0.003162790862800576,-0.06517148443847051,0.050841114843416184
41.865,0.012198531897974003,-0.06694954569477951,0.05112468717575233
41.87,0.007032897480472445,-0.08242269247507483,0.032681385770331646
41.875,0.02344384990622793,-0.08024655857325533,0.05064220667117156
41.88,0.034240915324576404,-0.061802647943154154,0.03329335702161644
41.885,0.013669895100243109,-0.07207152310919188,0.03755470677714367
41.89,0.015804076340164674,-0.09184871186110358,0.045300037534559426
41.895,0.004788429195817193,-0.0542377457655316,0.04804813392401847
41.9,0.023415922599295112,-0.0639933587838269,0.04703348558727936
41.905,0.011406454048938995,-0.07659854987250868,0.03834342167412098
41.910000000000004,0.012041127714119602,-0.06269522327377705,0.04099394289972169
41.915,0.005650422769343216,-0.0760053841122876,0.055102388401226214
41.92,0.016373555549905695,-0.0772368350624773,0.03842048929229395
41.925000000000004,0.03504222693233647,-0.07026534555828759,0.02600776435123748
41.93,0.02435750966725892,-0.07513138054741929,0.028399192450311632
41.935,0.01474876506453256,-0.0682545453719399,0.04336587746018738
41.94,0.01099921318451529,-0.056319675022038954,0.04398294143572887
41.945,0.006810050750018882,-0.0660972672452603,0.040765699112459815
41.95,0.008070599975049018,-0.07884441248987839,0.041849991463171414
41.955,0.024757092462656023,-0.05065757532931591,0.026782711884202462
41.96,0.017780738988749854,-0.058943348248164495,0.027113293802070518
41.965,0.030150477566270407,-0.06317899805021479,0.02620027016732533
41.97,0.016171792064534507,-0.07775448431633454,0.01596159330761917
41.975,0.010950253670649014,-0.06786180538188652,0.03145837425441955
41.980000000000004,0.007826109695239222,-0.07507761238270264,0.03779007479209758
41.985,0.015751540486782165,-0.061438431876856936,0.02206580618012878
41.99,-0.003958638621605563,-0.06377607195309955,0.018009691994225238
41.995,0.01698206299698842,-0.04467338987590656,0.029693035387854807
42.0,0.022958770125811413,-0.06686766887144081,0.028645947826877037
42.005,0.02541124298174903,-0.04967157304885774,0.03671799213510361
42.01,0.02734755026551451,-0.06165586479680566,0.04498952110092469
42.015,0.011396432557115468,-0.07320360173445545,0.044298354249557415
42.02,0.007050439246943263,-0.07358809933423957,0.04333277601030177
42.025,0.009125719358357433,-0.05664884962582471,0.038950623948071965
42.03,0.008514739835237688,-0.06733602623482898,0.041728995435317745
42.035000000000004,0.024854589909256555,-0.051318230929160005,0.04548277052261818
42.04,0.02116229183528759,-0.07050065496732999,0.054742122844918265
42.045,0.009371620447782177,-0.061832326595596385,0.03359166501575139
42.050000000000004,0.020507221165540525,-0.0646951095271453,0.05033633945185807
42.055,0.007060625345096501,-0.05506906179074543,0.04225016728922004
42.06,0.0036929234496017073,-0.06393136016689055,0.038097303102928165
42.065,0.002826195407632119,-0.07814265918173452,0.04600640569886587
42.07,-0.004351881816077145,-0.06398606622107561,0.03661672130499943
42.075,0.014564097306377267,-0.06205430357886141,0.04606273490282915
42.08,0.01786489545986248,-0.06985791018175723,0.04614227998745759
42.085,0.009649382906219722,-0.06967686073364668,0.050737434852367244
42.09,0.0039525305893758494,-0.06837581688552496,0.05541805747314016
42.095,0.011272814958898262,-0.07200303260240482,0.03523702236525549
42.1,0.015417195834736226,-0.05554512689296762,0.04283022727422803
42.105000000000004,0.01722733642997122,-0.07673572630572723,0.04238146239347132
42.11,0.00520428855939855,-0.08417120139907554,0.04431218500759488
42.115,0.03212062299857732,-0.07482807784157637,0.03904954241959026
42.12,0.020583027546175685,-0.05689146096130014,0.042193754808404545
42.125,-0.011571577748157265,-0.08853612969868702,0.04414499742073042
42.13,0.006310139501503616,-0.06997695025395559,0.04514208695141564
42.135,0.013486602841593353,-0.0741978030929751,0.048241819238192575
42.14,0.020843135546573507,-0.07620147774253251,0.035883030214628714
42.145,0.018838797193991938,-0.07030540540291812,0.031516392464527726
42.15,-0.0067630073452673994,-0.06575848796690387,0.05261495857202357
42.155,0.03088614568730029,-0.0729121635342333,0.03445950511866606
42.160000000000004,0.001615016290857519,-0.07389044742908217,0.03960932284806256
42.165,-0.001279753921924455,-0.04598123376353426,0.03171570115640562
42.17,0.017938247854713336,-0.07230542362382551,0.043644913160400145
42.175000000000004,0.01729193525129244,-0.07009123638185463,0.06039514568362873
42.18,-0.007510893074490571,-0.056822463407523845,0.05297177453223864
42.185,0.018577234109667627,-0.07083457085563066,0.06358402547139708
42.19,0.0011594549892769007,-0.0652926932948601,0.042055596266728126
42.195,0.006764826992407925,-0.07478699620665062,0.05835521196662686
42.2,0.0033720777418937906,-0.08279934784575999,0.059972537599292684
42.205,0.020189315998029762,-0.08100743422186629,0.04063551837536555
42.21,0.02500149934403019,-0.09444196141957983,0.05900454569158665
42.215,-0.001797669515859853,-0.08069469974757706,0.046391655867852766
42.22,0.024859147462594034,-0.08000759447418992,0.026675163180873436
42.225,0.004006106803290218,-0.07865750019709959,0.049266030601477495
42.230000000000004,0.007000602930927597,-0.05770815978015308,0.03708608384832188
42.235,0.012076901483237909,-0.07906240090216156,0.039381750162862536
42.24,0.008979314813648467,-0.09414014870284326,0.04970362908119702
42.245,-0.004865008075988081,-0.07600747369699476,0.03489753652829815
42.25,0.02241008274698844,-0.06423609359168642,0.05435383032741984
42.255,0.009430537405969903,-0.08537797557257848,0.024874976255920635
42.26,-0.00027846053595196457,-0.05659680842875839,0.04949875097904343
42.265,0.011947034920042284,-0.09607943588456969,0.06059659114024091
42.27,0.004869695746272402,-0.06774798721029016,0.04659752272386291
42.275,0.01985544254194747,-0.07841297890574443,0.04745657296788387
42.28,0.01863757105297215,-0.08244229948624306,0.045482711820383985
42.285000000000004,0.008352186535326024,-0.07932948210991206,0.05138130211419956
42.29,0.021820878470111604,-0.0746235312413017,0.04983255747634019
42.295,0.005947236547121201,-0.06611578591025082,0.04845447592957074
42.300000000000004,0.008634309231445158,-0.05650102663792721,0.03773974421365962
42.305,-9.675982620672985e-06,-0.07322876975834469,0.045327922645325376
42.31,0.01534567805327932,-0.07316676966261505,0.05236814380991616
42.315,0.01817588187491873,-0.05518165532550507,0.04784359973786187
42.32,0.0012830868588767919,-0.07744264658890182,0.04489043102051665
42.325,0.03321208083152833,-0.0711359945513131,0.06712974399096965
42.33,0.027651314351534395,-0.06401763588293717,0.04463816709486029
42.335,0.011052833662406256,-0.06346270731113132,0.049147564550606315
42.34,0.01546280723050357,-0.07888231563653081,0.036530644894971244
42.345,0.0095730168196194,-0.07391409505241371,0.05877525344762873
42.35,0.014666263008147738,-0.06637887003514262,0.043194624396585495
42.355000000000004,0.004144404914135459,-0.08150693408744983,0.05200250576671272
42.36,0.016355559718708473,-0.07438073366560195,0.04864886900105254
42.365,0.016614108274788777,-0.06859149638630896,0.04987008228896421
42.37,0.017251551740950118,-0.05859536765663519,0.05173617776266844
42.375,0.022578498721719048,-0.07266647913915418,0.05787234826740192
42.38,0.01448012842977507,-0.09139609871311528,0.04379700907520342
42.385,0.012359317455052182,-0.07861365798165461,0.04681800012261044
42.39,0.029208599388783424,-0.06637936984987154,0.052794073381261145
42.395,0.017186448262445184,-0.07341531984329361,0.043533657659550466
42.4,0.018612296403877432,-0.06575840148020187,0.03801089464268227
42.405,0.025808788358217243,-0.07962229591482511,0.05843078536747042
42.410000000000004,0.014089518938473083,-0.058799013961605216,0.049885730228137325
42.415,0.005398434230979375,-0.08501671837916945,0.05143126159032927
42.42,0.0140174688862639,-0.06491530354513891,0.044670558694803165
42.425000000000004,0.018752599916837136,-0.08285818256684499,0.06308062893213368
42.43,0.01984336680668443,-0.049456022972528484,0.04749966629527836
42.435,0.024661393470286518,-0.0668623908971554,0.06020195718184036
42.44,0.01722170339722662,-0.05289847319970492,0.06189444463764577
42.445,0.02761474183873583,-0.06318372801601485,0.053225211331691974
42.45,0.04740165300543131,-0.07092206604954752,0.058176215687261675
42.455,0.020563986260453006,-0.06030469710640484,0.05948875266254176
42.46,0.025750158905052528,-0.05340889878676878,0.053812983237130046
42.465,0.025176839933745972,-0.0579529930126985,0.05920627867473292
42.47,0.03336387452561154,-0.05554059923045675,0.05865814703407818
42.475,0.009036074382741708,-0.053118783859230516,0.03233401935310902
42.480000000000004,0.013760438360902008,-0.05786875814621331,0.050173879565998294
42.485,0.03060602423878154,-0.06240561505239339,0.060340146403716176
42.49,0.014070994525812888,-0.05904352340742794,0.05195860643665482
42.495,0.02879784665702244,-0.0700743329396607,0.05960773458011375
42.5,0.037937149472206305,-0.07608938588540334,0.04553720032446109
42.505,0.0064711453166237595,-0.06079392704550812,0.056659555266141276
42.51,0.017435600176667565,-0.06007580468864867,0.0689247823276118
42.515,0.017897132504465302,-0.06139449695871475,0.05542367423461873
42.52,0.026700943883076537,-0.06878853799944368,0.05258834830618851
42.525,0.010686296973630792,-0.0673656351863985,0.040567984505981515
42.53,0.019932489982246553,-0.05507052332156582,0.048279042731184565
42.535000000000004,0.024137398315903218,-0.05051146735344939,0.03384676660577188
42.54,0.015659194483265408,-0.06634762361939203,0.053965965178530514
42.545,0.007971208398895174,-0.0576023312130514,0.05973382833230308
42.550000000000004,0.004533910970927681,-0.06437133194967057,0.043712565673244864
42.555,0.01845799380558876,-0.06785236175880949,0.0519471596949005
42.56,0.02159594266409512,-0.07602663474170156,0.05966964203873803
42.565,0.025215742378323604,-0.054840985446547696,0.06433560204312314
42.57,0.008109127953608693,-0.04956022144132895,0.04203709628332359
42.575,0.02145056907524876,-0.06642443870211395,0.05378742825192411
42.58,0.001818659496807453,-0.044761685317845024,0.0533006737339266
42.585,0.01257647968100692,-0.056993169260439874,0.04405085874182566
42.59,0.010082634065964567,-0.07130527236026413,0.05381521990115574
42.595,0.018589532947336344,-0.05559949221394842,0.062256049756388945
42.6,0.018629087084660406,-0.05509418857450567,0.033476426985604935
42.605000000000004,0.032005075583187235,-0.05894100111324521,0.06669597681860434
42.61,0.01073107388798493,-0.05083232103993935,0.05457197405803065
42.615,0.021270599464350358,-0.08159772725127133,0.0635060580732805
42.62,0.021082792415262577,-0.07397604281145564,0.042577285418465
42.625,0.015835982114762465,-0.06147888035257683,0.0682818351795916
42.63,0.006080574748310138,-0.07224518598145468,0.05491803440137564
42.635,0.012370017693707581,-0.0707541394620593,0.06836415452651025
42.64,0.025423464884603605,-0.0744688852949998,0.061490675274480856
42.645,0.027592217811005317,-0.06244866648222301,0.04842468556888434
42.65,0.022943718489220118,-0.08488947758945847,0.06461469146917963
42.655,0.01984117036003363,-0.07020357185176,0.053706661798399814
42.660000000000004,0.01150448302086793,-0.0625548899760339,0.05189134902740074
42.665,0.006430748973620549,-0.0684014714433033,0.05669791926454502
42.67,-0.005092435830063156,-0.05044823553116015,0.052252475090424785
42.675000000000004,0.0071369094614008345,-0.083978163776962,0.043656610214137366
42.68,-0.01813323759989379,-0.08144567750266983,0.0314208014355269
42.685,-0.013296928816064719,-0.0761651023633501,0.06557965670729822
42.69,0.010197186187683118,-0.06669967373268548,0.04670640711586624
42.695,-0.007590498125546838,-0.0676520268164899,0.03238322795879332
42.7,0.009236417892110865,-0.05952609242569113,0.06478745805998765
42.705,0.0006395031906337827,-0.07683665394981927,0.04201911983467935
42.71,-0.0020253364848821787,-0.07235410479402664,0.04822265051888132
42.715,-0.012819784253310793,-0.08762106638736449,0.025462306372501846
42.72,0.005895737490955549,-0.06552689655153303,0.04080815110598337
42.725,0.0012960405835234952,-0.059632265356807095,0.046386223127847744
42.730000000000004,-0.005732298814182503,-0.07952654754535927,0.04103165499738298
42.735,-0.005798892260424269,-0.06049747813728186,0.05706867956677825
42.74,-0.007922334653663897,-0.07602554319304683,0.0584647157006481
42.745,-0.0029691212563275338,-0.07404509575533318,0.056665419325007134
42.75,0.008405037095258418,-0.060677319358360654,0.032817843274999495
42.755,0.034108356153692496,-0.06649066723466393,0.038658401508974656
42.76,0.00016229166502262915,-0.08642978708911955,0.04151146348357894
42.765,0.017863880586467446,-0.07504455347684727,0.04042384556819273
42.77,-0.008600571889588429,-0.07464633189927161,0.06723418248068866
42.775,-0.008366419044481502,-0.08992555629483022,0.047662487993175046
42.78,0.005560151439116258,-0.08961659215906813,0.03501793061829847
42.785000000000004,-0.006563036162864919,-0.08135020498318665,0.039683645552108376
42.79,-0.009179368549538573,-0.06584201362960164,0.03282761297549869
42.795,-0.0038546453983954003,-0.07357417033415044,0.05223120962182677
42.800000000000004,-0.017163160865156266,-0.08901771127377837,0.03556405072970508
42.805,0.0013633603276939008,-0.06853226902521199,0.0432881375122184
42.81,0.005042846291207411,-0.07854865251553475,0.0559620584463811
42.815,-0.012961380759856228,-0.08585093693526082,0.041564182968211474
42.82,-0.006193665195098962,-0.07923587110756007,0.04933199646488194
42.825,-0.004699576647966414,-0.0748660320344651,0.0389743563363036
42.83,-0.005768721838534139,-0.08722140724796006,0.005231289637181508
42.835,-0.01089632840354693,-0.07820656069496304,0.04833277711920564
42.84,-0.00939400841489016,-0.07842413822366834,0.04691180642299514
42.845,-0.00853447067176933,-0.09680499468463537,0.040990890874487436
42.85,-0.02594626612589592,-0.08661095846799924,0.04198928780987884
42.855000000000004,-0.005665511357991336,-0.10016246030971068,0.049554608903441155
42.86,-0.026015305708125408,-0.09879815934102197,0.04784709228016755
42.865,-0.01355420041056508,-0.07082007097688486,0.03337731869751838
42.87,-0.007958034304663507,-0.08424816031272471,0.059439852679075374
42.875,-0.021192951282894258,-0.09977917622708107,0.037973271254681154
42.88,-0.021874302097326298,-0.07431265683601124,0.03119629313298536
42.885,-0.026190595145973626,-0.08139687247862473,0.033733146685892154
42.89,-0.031358596063824434,-0.08537626229484559,0.03324790415300502
42.895,-0.02049205418120309,-0.08292192226709774,0.049157421499290165
42.9,0.007424444464571984,-0.0642077294002843,0.03802915852033037
42.905,-0.011361722378998873,-0.08437702547382474,0.04032854436480707
42.910000000000004,-0.018588104662914932,-0.07817666730217783,0.049381716596847314
42.915,-0.023001898899114803,-0.09346225354645282,0.06737434964329699
42.92,-0.029477830254069096,-0.10030136791366259,0.050800713967311166
42.925000000000004,-0.010641125106456883,-0.08591781229683086,0.05613928655843478
42.93,-0.004165214423013213,-0.10112983226144917,0.03129133520485003
42.935,-0.011843022125005794,-0.08494829413295955,0.04086331975558805
42.94,-0.02476933688045377,-0.08661641645567895,0.053358578617640005
42.945,-0.0050874116183735486,-0.10455809165532678,0.03940845492239131
42.95,-0.00024385174354991067,-0.0803290549534086,0.03401725660040146
42.955,-0.019858216773599054,-0.08728401900707028,0.04311879036970695
42.96,-0.0019421950971648498,-0.08172237354719508,0.04414122856660374
42.965,-0.026311528443019132,-0.08177178852893094,0.05054161776383882
42.97,-0.005493347121201156,-0.08460358547691137,0.05114556766159483
42.975,-0.020578828663295176,-0.07925442174483756,0.03350647864068957
42.980000000000004,-0.025874067045872202,-0.07777992162613773,0.040865454085467684
42.985,-0.002326335774787946,-0.07077816030553813,0.038195406808979065
42.99,-0.00792034060839654,-0.08447909411955329,0.028558905847838368
42.995,0.008199533145467949,-0.09032960353224469,0.04163625294427807
43.0,-0.020895769908265818,-0.08823911305976356,0.04495453846426844
43.005,-0.03588227553332668,-0.07386354536472146,0.06915796598755199
43.01,-0.011730036838256883,-0.07371849464634542,0.04006269695416841
43.015,-0.015201262973804345,-0.07257216644035641,0.05078930046219258
43.02,-0.026659002893431462,-0.08281047991229988,0.04548916651156258
43.025,-0.012134978841803286,-0.08286875871886869,0.037190265109723813
43.03,-0.01583143260081582,-0.08051139311049771,0.04870041856228109
43.035000000000004,-0.03353314790193177,-0.08217132875766908,0.030270667595400827
43.04,-0.0190144774820079,-0.10386977066935589,0.05209227383958234
43.045,-0.008979022627109617,-0.06843324705596016,0.03199144698568106
43.050000000000004,-0.02499836876317346,-0.09074203807544931,0.03791897455251665
43.055,-0.010809098876510315,-0.09726216148420679,0.04892377415852902
43.06,-0.036227993154765284,-0.08863950832946485,0.029809714786345524
43.065,-0.03475177209816319,-0.08426834001382844,0.042921172330878984
43.07,-0.004971381922728136,-0.10318717190169216,0.03285190627503206
43.075,-0.017007252986992235,-0.09020643585873143,0.04316280645840926
43.08,-0.03828450142595463,-0.10121765784471891,0.02963887965142669
43.085,-0.027134983004515348,-0.08541953954768677,0.03202652348257827
43.09,-0.01219580081235858,-0.10560168620353141,0.04133720008124247
43.095,-0.021691905396445735,-0.0972292489921807,0.04953722867268038
43.1,-0.027410433071327067,-0.10356225823374006,0.05340688870468679
43.105000000000004,-0.005528461899358474,-0.09924952388144938,0.03659422994992154
43.11,-0.01838066583076311,-0.08539417464655662,0.026196705544466667
43.115,-0.008985081579543346,-0.09647740169497418,0.044094702953514385
43.12,-0.03420051764921159,-0.0906830736045435,0.04061165066336775
43.125,-0.026946990626274793,-0.06957643484343454,0.03072101819497463
43.13,-0.02605118762160152,-0.07557108724716624,0.04552093525828249
43.135,-0.02728606533282536,-0.10667494339063281,0.027862512308217978
43.14,-0.023668271670028756,-0.08890559190755225,0.038741184353558514
43.145,-0.025521177562705243,-0.10502097531125221,0.042123470202587304
43.15,-0.015317750952075429,-0.08846321258707573,0.0240869813680484
43.155,-0.026015812328609007,-0.10930556882124079,0.04148132268482021
43.160000000000004,-0.003316399318015542,-0.10353085200759939,0.033144828119500744
43.165,-0.015998689336437586,-0.08687516878203419,0.0297405221957616
43.17,-0.027972572501323803,-0.09620161463137025,0.03397557956507809
43.175000000000004,-0.028569052809906154,-0.09701535612698889,0.0319115119075721
43.18,-0.04430178346083589,-0.09886315172477736,0.03910583395757489
43.185,-0.029446590280697196,-0.09316287023215772,0.04840848715878957
43.19,-0.036363271740478965,-0.09205552346719825,0.036591829056065936
43.195,-0.030632357690298782,-0.10625117124385437,0.049341742883372466
43.2,-0.010984762061866164,-0.10064393500699663,0.04242638587004886
43.205,-0.008223383942532789,-0.0840543659151232,0.043345988462831296
43.21,-0.031218515039499933,-0.10232841193744883,0.045855949612931726
43.215,-0.022605774698107525,-0.10317283597500818,0.05453486041988698
43.22,-0.02813236572021931,-0.09787393350313026,0.02827586905322038
43.225,-0.016931089718843273,-0.10008467807518327,0.05192946927963983
43.230000000000004,-0.02668461448296751,-0.10807836025980445,0.05081926537661435
43.235,-0.017066369683389766,-0.09390138911964753,0.03646613380826364
43.24,-0.03545598636736655,-0.11420256444144086,0.03511537062228608
43.245,-0.0232939457927179,-0.11139927158493776,0.04120551575444848
43.25,-0.031773619218351354,-0.1043850855541435,0.04305464034422572
43.255,-0.027873361362595998,-0.09939423299287475,0.05013543844678156
43.26,-0.05613670079976059,-0.08895430454404332,0.053528005405639324
43.265,-0.017763955248783873,-0.08301862521983175,0.04247034953037247
43.27,-0.004873048897489161,-0.09003752607038483,0.044098131456768996
43.275,-0.030378170681017384,-0.07938747957806454,0.03672094287727231
43.28,-0.031662684567508204,-0.08690820119182084,0.0255823684174193
43.285000000000004,-0.024505475790783507,-0.113349174175276,0.017816517193048945
43.29,-0.027613810402402655,-0.11058567982271472,0.043770756431198515
43.295,-0.014702082887150358,-0.09451767617939622,0.03901029517051252
43.300000000000004,-0.007305113419668163,-0.08344240362526671,0.040473954476538815
43.305,-0.030826837081662083,-0.09551530884328874,0.0384541542172684
43.31,-0.01264963321240339,-0.08611905010150799,0.05466076989677254
43.315,-0.027682689912947568,-0.07062325199629177,0.04562241370755214
43.32,-0.022268983952086895,-0.0853986457146447,0.057465846651918485
43.325,-0.02465773986980804,-0.07629627187771204,0.0426689278817614
43.33,-0.024707177497734975,-0.08060562951626238,0.024378274425182114
43.335,-0.011017517404125567,-0.1125971914963582,0.035672085815139705
43.34,-0.020332035089319498,-0.10205089434639908,0.04684061313679209
43.345,-0.0344035349968369,-0.0903293369421256,0.03792300043130793
43.35,-0.02074635258215441,-0.10359805388545887,0.034531225780322354
43.355000000000004,-0.0430096241861737,-0.09268908697484882,0.035642755552752814
43.36,-0.025209231882975372,-0.09287197148289236,0.048006640034099844
43.365,-0.034835506240029686,-0.07261277797965744,0.03269867307285934
43.37,-0.022442791936160063,-0.09779064924140714,0.029474223463888595
43.375,-0.023117323642370485,-0.09066478870304727,0.054559625066153895
43.38,-0.042668184606476686,-0.10581210787760452,0.035129998586225356
43.385,-0.03839005354966184,-0.09008744972633893,0.042766374976916946
43.39,-0.02804261942248495,-0.08985755487890212,0.03967469700690894
43.395,-0.030033341537578355,-0.11039604639512132,0.05407909124480359
43.4,-0.022823015733232477,-0.09457752638590672,0.04991943072133811
43.405,-0.014756514457197197,-0.07824157916331693,0.0419998870059408
43.410000000000004,-0.020692132180969658,-0.0728069229424858,0.054993853776992924
43.415,-0.019082217383839438,-0.09408245839385017,0.03077987369445517
43.42,-0.03200315544055238,-0.09583114042870544,0.040298526930250315
43.425000000000004,-0.02451198777379441,-0.09172955209978255,0.03296274524616501
43.43,-0.025250128907191256,-0.10659776893654094,0.025080106341887308
43.435,-0.024309635704012053,-0.10764783824103479,0.029977245633319535
43.44,-0.01318689979583637,-0.08771069990251944,0.027891799936875693
43.445,-0.0319127218323008,-0.09515467739128541,0.04118180409365651
43.45,-0.03719842907176137,-0.08819767390677337,0.051744448465484094
43.455,-0.01813258776371772,-0.09129744379533238,0.04524625288679185
43.46,-0.022804504704836158,-0.09367365994092727,0.042052015561692815
43.465,-0.043018025799897164,-0.09297854706621879,0.04502007792428324
43.47,-0.038474181087609194,-0.0961008162592577,0.05285425690471666
43.475,-0.030334503736730196,-0.09072200566772112,0.05028639879754379
43.480000000000004,-0.02690091746291843,-0.0894270332742152,0.05105180275002279
43.485,-0.029632201725755616,-0.10006762949588177,0.055355601159254315
43.49,-0.0291703904473743,-0.10533704661080445,0.04233749883494741
43.495,-0.04220325334110694,-0.09742259632412963,0.02404442057949658
43.5,-0.016006122926001273,-0.09149914624157386,0.040803892847253
43.505,-0.016465170174369242,-0.09248851593545637,0.06001421944194893
43.51,-0.009504436431153153,-0.08347668760049114,0.05446836385754233
43.515,-0.02438595768372019,-0.08508277416174759,0.06674155492618906
43.52,-0.06383195981429478,-0.10001921168324025,0.05656221413884593
43.525,-0.02026514744235395,-0.08288981067158299,0.0616426003664387
43.53,-0.02013604940839143,-0.10888626265533603,0.043792804414630467
43.535000000000004,-0.012798336040685193,-0.07595158618137644,0.04790396685997208
43.54,-0.01363517065858283,-0.06247622864401496,0.06322719314858262
43.545,-0.0045488738546162685,-0.06690683762280852,0.026666154885277547
43.550000000000004,-0.02409578295989137,-0.0732786329248774,0.0434543687562771
43.555,-0.03113859306229981,-0.08551442681586628,0.047666722421117025
43.56,-0.018012900103932705,-0.09356442060540389,0.04370626268733958
43.565,-0.007806557405117799,-0.08948965877836731,0.04566538207433254
43.57,-0.016711043181870656,-0.09273213455371679,0.046823556474436125
43.575,-0.01688350006944233,-0.06580538031990953,0.031377077839138914
43.58,-0.012511769790056804,-0.09928545405962724,0.05244710196173992
43.585,-0.007347072904948447,-0.08601409405039939,0.05137483253186042
43.59,0.005370095236269912,-0.0840705826068226,0.06258870466926156
43.595,-0.02076122765685156,-0.08359177079315296,0.0337468586973307
43.6,-0.032205608760820514,-0.09414340231695241,0.03764093382334147
43.605000000000004,-0.023482046841735774,-0.0978555068591745,0.06377734301853413
43.61,-0.021390336600062912,-0.07651328707032604,0.04121670994654587
43.615,-0.011014392122776993,-0.10319393466867316,0.060017938013798566
43.62,-0.03754557186599541,-0.09312137442366922,0.05390907438916735
43.625,-0.007948051291917078,-0.08727865281877371,0.05048993698390602
43.63,-0.017623769174335006,-0.09320044359089491,0.04480391610791949
43.635,-0.00708031681215817,-0.08435403270651014,0.049572497063302426
43.64,-0.02166492618419967,-0.10237032698435039,0.0334606496496021
43.645,-0.015308464331763133,-0.11137820922078107,0.06536160753924011
43.65,-0.003689752603814239,-0.0856508064330356,0.039209986369148284
43.655,-0.010264159279889076,-0.07453054434692893,0.04722221452481438
43.660000000000004,0.0022119619942678748,-0.07913069296248873,0.06539554425522161
43.665,0.009417420975654432,-0.09946156506565204,0.04137550280856771
43.67,-0.021710450894435105,-0.0807279824908105,0.05779601162495733
43.675000000000004,-0.001630111825543061,-0.0727922527664478,0.04640281089010001
43.68,-0.030659975169753745,-0.0796569055627288,0.05474956105648686
43.685,-0.00413473426407507,-0.10034171157613248,0.04889351106436316
43.69,-0.01981772481119588,-0.09288140818081134,0.05940815398092185
43.695,-0.01450237561139947,-0.08099183303568139,0.05890022214703254
43.7,-0.020632846167770683,-0.10369172196459099,0.04858928350422405
43.705,-0.02039872561640407,-0.09400485949999893,0.04738383827237413
43.71,-0.01172971823821513,-0.08583657539102652,0.03145042717555817
43.715,-0.015695210546865564,-0.09030810831998788,0.06046944648409407
43.72,-0.02001595647815745,-0.10914435748364715,0.046064915767591606
43.725,-0.02620187273717601,-0.08131418281411379,0.05622388691965189
43.730000000000004,-0.013557819525238378,-0.07103576513980789,0.03987984159804016
43.735,-0.0048245373285714325,-0.07189697929945928,0.029381227898522683
43.74,-0.017775399804319754,-0.0939469922595678,0.03624902997278455
43.745,-0.003352914089229487,-0.11485181928280651,0.04238188903953132
43.75,-0.0231415688253937,-0.10324303051819883,0.03132567273108787
43.755,-0.016197442481274284,-0.10493384672532771,0.05320917363440283
43.76,-0.028462895337988087,-0.08403664596184489,0.027980743663051484
43.765,-0.015196865181674724,-0.10111210665445011,0.03296532395888064
43.77,-0.03329173585685695,-0.0917902999504479,0.025671002739391734
43.775,-0.007358006945758134,-0.07943497474827978,0.0444211112988376
43.78,-0.016168272181014978,-0.10133914888887377,0.026539371417159282
43.785000000000004,-0.04080921237050668,-0.09975948021216527,0.04015941258136274
43.79,-0.04237210869029496,-0.07846331459723951,0.02932859023607699
43.795,-0.01786362133159338,-0.08929860660661806,0.030359266031964316
43.800000000000004,-0.037915278617754795,-0.08272670424180492,0.06886140968355028
43.805,-0.03793732748171541,-0.08039887452891463,0.026568989481922295
43.81,-0.039023349274883413,-0.0940017899466348,0.024256840790608816
43.815,-0.03351824940462554,-0.08749880100679253,0.022897803034234516
43.82,-0.016950183646612143,-0.07460936284705465,0.03627898353225264
43.825,-0.02628056626169384,-0.09320269604475767,0.02919330943565063
43.83,-0.03015036107259303,-0.09660790084289282,0.041338253647492544
43.835,-0.0327849319098822,-0.08924191795809572,0.03947919143477592
43.84,-0.028630260139622554,-0.08528366481232608,0.02964573824478395
43.845,-0.03189635066692034,-0.09995351970740982,0.06189105523899829
43.85,-0.03151553834075223,-0.08747209862011698,0.01714743306973257
43.855000000000004,-0.021896160769068335,-0.1016777861933411,0.032878759534293735
43.86,-0.017677041069064568,-0.09066658439392397,0.030247970944477637
43.865,-0.0212300256242148,-0.09171843472621069,0.05632851664597698
43.87,-0.027215054453962516,-0.10917314898674986,0.023064216826835827
43.875,-0.008510794843315002,-0.08903127221386081,0.02437133438357467
43.88,-0.01871386654123315,-0.09995112492363045,0.01451289217071865
43.885,-0.026601017573024015,-0.08240567791229036,0.030364202248292456
43.89,-0.01853464209830481,-0.09094239006661163,0.024879167629703512
43.895,-0.019070057115547656,-0.07207878447577441,0.02537707729505852
43.9,-0.020471214165806724,-0.08595551446398321,0.02723392686755795
43.905,-0.039607980261164175,-0.08271020398225591,0.03423884470007633
43.910000000000004,-0.01789200514028024,-0.0774602826811696,0.04140923903073396
43.915,-0.025317270043503683,-0.08295935024555134,0.042647656694429804
43.92,-0.026525685055883687,-0.0804184690249081,0.03016600593939348
43.925000000000004,-0.0015052705507435822,-0.08610548095852351,0.03779196509804444
43.93,-0.015774116691751633,-0.08888092765757882,0.04602453152514724
43.935,-0.02528362230572793,-0.08700344118641348,0.011299637978640888
43.94,-0.015207789201489689,-0.07954070987175994,0.028345724411023034
43.945,-0.02341105936654858,-0.10855300383316704,0.023406508416021987
43.95,-0.02888585338694344,-0.08924305979264896,0.028555646659156584
43.955,-0.03317848967595618,-0.0893203644479801,0.0109629935916465
43.96,-0.019201644328627972,-0.08843208734947348,0.012781671956659812
43.965,-0.032342272944689485,-0.0794851351665058,0.01731817365876206
43.97,-0.021954394204973325,-0.07820770909025392,0.01104244639714656
43.975,-0.010952285758963114,-0.08248571929124804,0.022205991948234655
43.980000000000004,-0.041050597034773914,-0.07975850795211548,0.036773540774376154
43.985,-0.017345666651090635,-0.09093748267752777,-0.0018656035629937423
43.99,-0.037841057379547065,-0.10741603538168487,0.02295665665101236
43.995,-0.008267957329556078,-0.1011764830319824,0.04028542648751943
44.0,-0.013252367488157894,-0.07117657325777638,0.017066160999036885
44.005,-0.03766628946605101,-0.09579760299470991,0.00899386267948913
44.01,-0.016535144381752263,-0.10706670973231183,0.02870850603442374
44.015,-0.03371388316833969,-0.0806475918828636,0.014773190115522476
44.02,-0.0266897449518956,-0.09802855976421161,0.029450437945852153
44.025,-0.025694114662325712,-0.08996580164298076,0.02769468488708141
44.03,-0.01711941080752935,-0.09207888600986888,0.025391614826930125
44.035000000000004,-0.03490898567011576,-0.08451563897277657,0.012747831257104863
44.04,-0.039051733427172386,-0.08489700842275369,0.03694918780318139
44.045,-0.05974594477221278,-0.09399476132571852,0.03525387715565946
44.050000000000004,-0.03646441329190706,-0.06724925220069526,0.014365118286382091
44.055,-0.017228659100008245,-0.07465132025892728,0.029764557310576
44.06,-0.0371231006014549,-0.08598950848926008,0.03931654919157658
44.065,-0.034240460401454176,-0.07539280026220663,0.03219829198421117
44.07,-0.04553420578736486,-0.09429174861358751,0.012750319840822658
44.075,-0.017073241796463537,-0.09393576690172256,0.014025292864961944
44.08,-0.035785612284032,-0.0987928770437275,0.015797488930256218
44.085,-0.032314256005884764,-0.08447573104383915,0.004819728575499952
44.09,-0.0319978134822566,-0.08932463924767206,0.028899898428742573
44.095,-0.01810838408508071,-0.07404271976535254,0.01658128013533904
44.1,-0.04857075533984154,-0.09505369712748842,0.01865817313470769
44.105000000000004,-0.026176901570779478,-0.09101317969684528,0.0022589836059836964
44.11,-0.024262928286568973,-0.08554176906374203,0.0199611172103738
44.115,-0.03491978159392571,-0.09245351915920534,0.02465578730218401
44.12,-0.02913429382690353,-0.07667919370665048,0.008336799157422834
44.125,-0.01838440071199275,-0.09028972631142614,0.017898379924575422
44.13,-0.0416722303871075,-0.10445943126576991,0.024662683465022598
44.135,-0.016826557618825552,-0.07311750777512824,0.010117080395190332
44.14,-0.03959936599112938,-0.09715621695832657,0.02386445415233607
44.145,-0.021989258158678845,-0.10348730924474378,0.027645517437916642
44.15,-0.01675967750888529,-0.08410839707614193,0.01682002792423481
44.155,-0.03792645704669902,-0.071710974271475,0.01603956992807176
44.160000000000004,-0.03377527327736743,-0.09738730219198996,0.026839041557450552
44.165,-0.02997209813404366,-0.08628797062615011,0.018808578898162624
44.17,-0.008276304463432992,-0.07449764396661257,0.03788518426942557
44.175000000000004,-0.04585446216405882,-0.10339178546552981,0.011134332959937265
44.18,-0.01648424618743686,-0.07084272472722318,0.0321718173354613
44.185,-0.05280909120693457,-0.09128792371798011,0.0037325140404078153
44.19,-0.024212707838429052,-0.10030044542939348,0.016534822438762673
44.195,-0.03442402091074957,-0.07974005335014676,0.021093911515933258
44.2,-0.03309629240459139,-0.08812068500120965,0.029104539364217037
44.205,-0.04357272072501983,-0.0802315561321846,0.023197776695307544
44.21,-0.02908935111539795,-0.08166312758500921,0.020995593261639578
44.215,-0.0438509299566744,-0.08541595297138141,0.020252425397071932
44.22,-0.026826145571720632,-0.06660711235838954,0.041005655880678726
44.225,-0.020044877420749528,-0.06866150237927901,0.03229959250034054
44.230000000000004,-0.01604860262911529,-0.08510312596034131,0.038011982522161945
44.235,-0.028386398301623737,-0.08362307787749286,0.02553183245479736
44.24,-0.027179785927070883,-0.09202141486518117,0.030145015142700043
44.245,-0.016929593588018807,-0.08453043304106603,0.033790395211412055
44.25,-0.031237301469685144,-0.08084271561051243,0.044550885348099645
44.255,-0.019942978607637538,-0.0704853732619855,0.06417114366111536
44.26,-0.013551661926856471,-0.08660481682600493,0.051852299551660985
44.265,-0.023374963201140672,-0.07345847543206507,0.03269044509432023
44.27,-0.03064883296568152,-0.08815055776305304,0.03442657982621764
44.275,-0.03947107252607283,-0.09538873487355966,0.01954096086789392
44.28,-0.01824785566015669,-0.07867542935091547,0.04398905428702162
44.285000000000004,-0.013646987061632188,-0.08174603156277722,0.035432403474942614
44.29,-0.023024998236426567,-0.08870162948878783,0.019199833156644745
44.295,-0.037143192930196155,-0.062421423041066446,0.06119864628011043
44.300000000000004,-0.027596272352172144,-0.08444761297019754,0.02045456701286196
44.305,-0.022966243804305106,-0.0617109103306009,0.05178951972269884
44.31,-0.03896233905910002,-0.09428750691697163,0.03797328906660925
44.315,-0.027254356429828475,-0.0543116141860415,0.054759657059253425
44.32,-0.016313765712364595,-0.0760539846347342,0.024425376260317884
44.325,-0.030713020272031048,-0.08707249293863929,0.04822997031079429
44.33,-0.03343013668653107,-0.06832385037520085,0.04407924875228718
44.335,-0.01681885422697146,-0.07238239676984905,0.0432412712251454
44.34,-0.010698595082711367,-0.0655507236508002,0.05122900001764383
44.345,-0.03870291904185822,-0.07512375588254003,0.025920969694067337
44.35,-0.024660269780594216,-0.0822808836900898,0.04286430150812955
44.355000000000004,-0.030168075313777208,-0.06280387760963752,0.08277202167709086
44.36,-0.03083453207227767,-0.07202242269598866,0.05939063085646421
44.365,-0.020657827079384832,-0.05785583962856035,0.057421321191556435
44.37,-0.016289257412800223,-0.05843909410206094,0.06708395964974406
44.375,-0.008992461166130077,-0.07325649581170562,0.05760558722070447
44.38,-0.010179370488359778,-0.08592053023454116,0.05547008219373355
44.385,-0.01444819409519137,-0.07132968870636273,0.03700358897486183
44.39,-0.031756085285121326,-0.06593119240244127,0.04241857513529388
44.395,-0.032750092640612447,-0.0616393894381848,0.04817701021039496
44.4,-0.0391124261512321,-0.0882568483855244,0.04534861805895035
44.405,-0.024815947605048287,-0.07723188319418431,0.06467737083072975
44.410000000000004,-0.03785858965245601,-0.07139367546571354,0.05708529238146791
44.415,-0.020735197325394212,-0.07657769974143697,0.04253019714319443
44.42,-0.028771461880081745,-0.08674614405775931,0.030029723400175738
44.425000000000004,-0.018616319905980748,-0.08973363886150475,0.04033694119833439
44.43,-0.052251849288527906,-0.05531794665745476,0.036845631769560266
44.435,-0.021622615515739074,-0.0730059179732045,0.05761065940523514
44.44,-0.0242647703650276,-0.049987907124614435,0.06375994968400299
44.445,-0.04195361068831945,-0.06333668892169564,0.05072820788768654
44.45,-0.024893943493963455,-0.09622152978913688,0.03340102877260818
44.455,-0.042198576470317856,-0.07807554885678408,0.052580109813194324
44.46,-0.02263915640045156,-0.06974337630209523,0.047795336235507704
44.465,-0.026874656998540886,-0.06184590097729353,0.05888368646060356
44.47,-0.031552294406869866,-0.06691140490473349,0.06064721583838817
44.475,-0.020576174287370484,-0.07552352615830583,0.06538180999285695
44.480000000000004,-0.019348672611630587,-0.0658318439332386,0.046084893090349605
44.485,-0.02878746640939993,-0.07344605536813976,0.05244599248918008
44.49,-0.05070747073213221,-0.048807433874593825,0.060453667165939515
44.495,-0.031447657543369305,-0.059181120729343464,0.047898348493980884
44.5,-0.005715588549916323,-0.07462883108726756,0.051463668966945056
44.505,-0.02331986516002196,-0.06263267113746636,0.06058143301218022
44.51,-0.03315152781103622,-0.0796659087321698,0.06426506797315876
44.515,-0.03528974329978345,-0.059873179715787754,0.051809605396864016
44.52,-0.0137654772437253,-0.06128835615482195,0.04771553268122504
44.525,-0.026873938745403395,-0.06294534279255011,0.060178260554368285
44.53,-0.03628410575792394,-0.04622539200456655,0.05717208581227954
44.535000000000004,-0.028376140930220128,-0.060193137198533066,0.04859197523113856
44.54,-0.03715772711864148,-0.06685880989168524,0.03804659993108576
44.545,-0.0153327389444235,-0.06515414521651657,0.07873848294580015
44.550000000000004,-0.019335145580592048,-0.07388822600613851,0.04825492275259122
44.555,-0.023088468327145208,-0.07292147227974317,0.06475202009320061
44.56,-0.04052807882940145,-0.059557547781413964,0.0705746244862509
44.565,-0.02351674420087395,-0.051674462424264204,0.035986319786663466
44.57,-0.026238092447907993,-0.07977953515874485,0.056941000330099106
44.575,-0.017178457498925458,-0.06105131617298393,0.05589591418013834
44.58,-0.04170160799917445,-0.07332930593265422,0.07285300298440288
44.585,-0.030486462283534414,-0.07205779835512012,0.0418705694903686
44.59,-0.013753708355643482,-0.055437213419806494,0.05772898253975569
44.595,-0.025497946571446144,-0.05675100052491922,0.04987350465750656
44.6,-0.030813160471019778,-0.057741755285407384,0.06281625389813855
44.605000000000004,-0.016028982569711574,-0.048879421542820434,0.0726823459982343
44.61,-0.015702545013240445,-0.06239435819147032,0.057307587202304895
44.615,-0.021107143689988447,-0.06456178465896267,0.060796165824708814
44.62,-0.021942417321763552,-0.05949480526151969,0.06716493991426352
44.625,-0.006848729571141271,-0.06232584581507802,0.05503903642404481
44.63,0.0031408473076239315,-0.055838106473454406,0.047801585580822564
44.635,-0.032111427510343474,-0.058470602392190325,0.05454454364958016
44.64,-0.019231125281260177,-0.04895439325335641,0.05103673397837612
44.645,-0.04402109153746318,-0.057416978187475674,0.06777152179776301
44.65,-0.01416481707950593,-0.06795415733727775,0.06523464465580864
44.655,-0.018330878897495795,-0.05756197628609819,0.05283549993308462
44.660000000000004,-0.023115225084486973,-0.049295228110081746,0.043193710098515255
44.665,-0.036703109324617844,-0.05374840017878533,0.0552593364984521
44.67,-0.01615659179762484,-0.06250726713100932,0.06243421772480121
44.675000000000004,-0.03232958783864005,-0.07562805516157725,0.05887978271960485
44.68,-0.014898819198182159,-0.05920042211834783,0.0641896153477634
44.685,-0.032211322423228016,-0.0372890374234193,0.060201391754752046
44.69,-0.027644763005017267,-0.051967783400609285,0.06856091794085076
44.695,-0.02187242437201229,-0.04404789680113587,0.04819208124758686
44.7,-0.011336677449109673,-0.04586459597681955,0.054575213627051075
44.705,-0.02948372530708629,-0.05797454784283294,0.042528222404683354
44.71,-0.013350344410145085,-0.052926597243047144,0.05668815140745943
44.715,-0.027102577220959417,-0.05677640150781155,0.06969164693253072
44.72,-0.03840650945970596,-0.06701995002212317,0.05446314880594698
44.725,-0.041581717379465935,-0.05769272481899916,0.07051229356397337
44.730000000000004,-0.026526039576203798,-0.050645976986709196,0.052927938899525295
44.735,-0.021525560126880904,-0.06637060817685962,0.04983862618689004
44.74,-0.022227079175449416,-0.05156252581942297,0.05023996104576006
44.745,-0.03921791363493754,-0.06998915683019823,0.06979610888343685
44.75,-0.017170760254107555,-0.05349795311057215,0.037235871452930475
44.755,-0.031181760271642323,-0.05391277796792849,0.028980978398173946
44.76,-0.04023918241040676,-0.08365640046742916,0.04944476376039261
44.765,-0.03787257980449628,-0.06024465339147307,0.02717835275872949
44.77,-0.02723288348996364,-0.08176422354946876,0.034635603920791194
44.775,-0.024777262646551293,-0.06405970802738864,0.055717864991886246
44.78,-0.008792135920785843,-0.06427445871276995,0.08179830130339905
44.785000000000004,-0.02898514420537413,-0.0509161578629364,0.04892238595459018
44.79,-0.023199124131448534,-0.05733383920149627,0.056390588083870076
44.795,-0.010021210569883216,-0.0396727553001375,0.06071104337563312
44.800000000000004,-0.04011778809134687,-0.0541198917439494,0.04575929107496937
44.805,-0.007471171196202188,-0.06419500943675785,0.05323007427134757
44.81,-0.02191668530075457,-0.054216095907695515,0.05727422001204992
44.815,-0.014685400212137757,-0.060144207181878274,0.06648459742765644
44.82,-0.02498297106091412,-0.05774426526538991,0.0574236824924005
44.825,-0.026536892700924658,-0.052024126845239035,0.05156315296407221
44.83,-0.021772638282913856,-0.042850311465029246,0.06943279090666805
44.835,-0.0009340046539081169,-0.0648254100345704,0.054980871471777416
44.84,-0.023737151882172118,-0.05451219879632917,0.05038316510275583
44.845,-0.010820649309268068,-0.032396278332172776,0.03501280542870142
44.85,-0.02456653987381821,-0.08614189191523189,0.050650020612143166
44.855000000000004,-0.015655220438111333,-0.06367718938506435,0.04886573165394123
44.86,-0.018198266462663024,-0.05926048633434648,0.048453807406403794
44.865,-0.029264338122565754,-0.06239993812147162,0.06041925796147467
44.87,-0.00814277884149892,-0.06895453844510877,0.04905482231303431
44.875,-0.017471428149267144,-0.05271716786198319,0.06887905632657922
44.88,-0.013443943314509627,-0.054101216719251284,0.06469466495354574
44.885,-0.025552440468902912,-0.05603903190003752,0.04564961369790458
44.89,-0.02352199436745838,-0.047640044237386735,0.05677616239912148
44.895,-0.01695552396971807,-0.07116693012125104,0.0628510474195301
44.9,-0.021047792724164016,-0.0445671397485375,0.06413098672607008
44.905,-0.029381143220601834,-0.059697925432007845,0.05890867652338097
44.910000000000004,-0.004196193809327468,-0.0666073016153714,0.06946093816980262
44.915,-0.030678737614524016,-0.05349279666014305,0.030657238671091745
44.92,-0.02402728318328175,-0.05788343685373097,0.05564536941987021
44.925000000000004,-0.009227115020180993,-0.04598045426724813,0.049159237556123225
44.93,0.003601111705364607,-0.07351491404391564,0.03030270628621998
44.935,-0.013493306324594428,-0.05878814584226797,0.04640177178895491
44.94,-0.02407853432813113,-0.05460571569215597,0.06335613374789777
44.945,-0.03682704631706388,-0.05290112479118023,0.053885147488774834
44.95,-0.04010230490813396,-0.04209591369365547,0.05714836851069959
44.955,-0.008535707417341654,-0.05378023551747567,0.050835770351482595
44.96,-0.03287420560633472,-0.03982371233962105,0.049175847337559794
44.965,-0.015797425623316916,-0.06443032766145106,0.04832590188850567
44.97,-0.029312918246007458,-0.03720172135771999,0.04996181879027549
44.975,-0.025608716802701624,-0.057570620078731774,0.04921189407585723
44.980000000000004,-0.01863844702633621,-0.041967890089951596,0.050503938227798945
44.985,-0.009766609950353803,-0.04863714500585042,0.07108072452674798
44.99,-0.029109962561630773,-0.049813359195113836,0.054714732130462976
44.995,-0.017442534465282898,-0.0617597293568089,0.04421651384647026
45.0,-0.03322104887268437,-0.042278179461351026,0.050877937457734314
45.005,-0.015018782418669628,-0.06291350157367173,0.04476730913554407
45.01,-0.01799002582771817,-0.04602366425975556,0.05196777755820854
45.015,-0.02466797043337289,-0.04800605114381159,0.0484683256029412
45.02,-0.01633533513659914,-0.046005031790749,0.06178105620544695
45.025,-0.02038640385590377,-0.05589408694286581,0.04850794335556848
45.03,-0.0256085110541838,-0.0638295059213808,0.05940996417792886
45.035000000000004,-0.013392992491110835,-0.056344653759691804,0.061784756912427
45.04,-0.011088936611376637,-0.04831373807357227,0.0678640268098257
45.045,-0.03818878575704896,-0.03780008758340164,0.07005636440836435
45.050000000000004,-0.012761765314076998,-0.060693893149932274,0.061928818949879894
45.055,-0.01830721323843278,-0.06068114208269473,0.06473784197264584
45.06,-0.027402512900088997,-0.05920968487240166,0.05734228788052901
45.065,-0.023316997118855792,-0.04658559647389833,0.06737847939734919
45.07,-0.01919685046846502,-0.06724629063969484,0.04588285558884087
45.075,-0.03603969089677237,-0.07389045492608722,0.055699868869491805
45.08,-0.02693822358509443,-0.06657206306358583,0.0584137923246199
45.085,-0.01980889149539527,-0.06448860223709799,0.05024887600415043
45.09,-0.010790817146493195,-0.042807920589187184,0.05718862166729903
45.095,-0.020425123272292317,-0.06990797454085428,0.050185814376088204
45.1,-0.02482805764800521,-0.049252539542122865,0.06288035424895413
45.105000000000004,-0.026359380466241696,-0.06660161808841145,0.062149950500066956
45.11,-0.017248739000631823,-0.05557632494488532,0.03997230742231896
45.115,-0.01658842836172729,-0.04823371700950635,0.048556211727087836
45.12,-0.013204584974338397,-0.08193386003284756,0.06515188953501692
45.125,-0.02816396638009393,-0.058105610735269084,0.07649936862088867
45.13,-0.020125580000827273,-0.05559222886362705,0.06882365528950445
45.135,-0.01425782756547743,-0.0646664677415675,0.039836913665038366
45.14,-0.022240045354952623,-0.06555215691313974,0.05416444286003244
45.145,-0.026616456540528664,-0.07090956890085481,0.04734836028355284
45.15,-0.025997385668613787,-0.06146141657198481,0.04318364621464743
45.155,-0.01802257467924402,-0.05047342631769016,0.057635113862029505
45.160000000000004,-0.0005263545448912898,-0.07054024431069725,0.03988234125492206
45.165,-0.043619346488386654,-0.06365004513969574,0.04585418141315153
45.17,-0.006426283295727392,-0.06907838311835768,0.04323246596127569
45.175000000000004,-0.017006852162062696,-0.07065218088606448,0.06159569857369909
45.18,-0.021035547378738625,-0.04477970032942345,0.0512414097440299
45.185,-0.025294882259115036,-0.08319877224723098,0.05584843794934479
45.19,-0.01926007794439643,-0.05539167428369468,0.05928462352975254
45.195,-0.03179280919376685,-0.055856864860532,0.06186646111762805
45.2,-0.018740211444249255,-0.08383821074057042,0.04391429084984215
45.205,-0.04844496764517635,-0.07091287392157729,0.050025132049905066
45.21,-0.03332135459318081,-0.07026280238695537,0.05603716354024274
45.215,-0.029948729852862354,-0.08790531067706264,0.03857367028030669
45.22,-0.007624934421913252,-0.06529108862932767,0.03162505622644476
45.225,-0.03382106735954447,-0.06414708658610528,0.047418107649645894
45.230000000000004,-0.028861434412270397,-0.062346238224351175,0.04045370382537275
45.235,-0.027858431083646287,-0.06941408635133064,0.06741323474407682
45.24,-0.04019668133077805,-0.0591774378740468,0.06398277191201636
45.245,-0.049071835709487296,-0.07421431060003839,0.04566417271642402
45.25,-0.024486294808135092,-0.06088157958410115,0.04846880008488094
45.255,-0.039631178005309506,-0.06868356238583564,0.030181601397301944
45.26,-0.04274182844103625,-0.07935729925474981,0.048357727224677356
45.265,-0.041176103877746874,-0.07862297186410298,0.03879740167491749
45.27,-0.027704727850189743,-0.06126804098859023,0.04393945771975363
45.275,-0.00852642339316205,-0.06800368555748618,0.03169758997951944
45.28,-0.04587532239388674,-0.04666915393784484,0.0406200723775625
45.285000000000004,-0.02775885120821254,-0.08764731180581445,0.03812861623827689
45.29,-0.05750566987977737,-0.05262069083567858,0.046221041188879305
45.295,-0.0381673353578444,-0.06425526338415044,0.04266412193458363
45.300000000000004,-0.03332427150457511,-0.0621669035586693,0.06434676902748006
45.305,-0.04277850113156249,-0.05592330661715294,0.027355433722505783
45.31,-0.013865094382846116,-0.07065992070413754,0.05413367328788965
45.315,-0.04442007883554466,-0.07112601641812165,0.032013147643550954
45.32,-0.03551220739003759,-0.0757184772318761,0.03274757175652866
45.325,-0.03634530890038971,-0.07234722749138546,0.05241074633472091
45.33,-0.030124828763618116,-0.0921049098229221,0.04484481884086976
45.335,-0.02002838252899338,-0.06922251890001213,0.05773146646370408
45.34,-0.037758885756560404,-0.06611890780803134,0.05615888848395509
45.345,-0.00789850842945579,-0.09262888389897142,0.04155485399214718
45.35,-0.021863618249634776,-0.07186668829495849,0.0656702513286559
45.355000000000004,-0.02819490783117932,-0.0863396870146839,0.04608426968408941
45.36,-0.027947522954962417,-0.07253562241602021,0.03252012058811871
45.365,-0.058457860559276,-0.09499287962147396,0.024119367882573767
45.37,-0.026373104500275697,-0.08774133536988725,0.060290713902575885
45.375,-0.03349196852174434,-0.07628157353215254,0.042685207134418444
45.38,-0.03164043110106699,-0.0730179307148274,0.03510186099709249
45.385,-0.0363777518268763,-0.07906840883387174,0.04629531596617315
45.39,-0.023307074210934763,-0.07229641076491583,0.04359840845079615
45.395,-0.02736049206349711,-0.07375436409053614,0.061476518731056
45.4,-0.035052090872827214,-0.08078282434033528,0.05486410193805058
45.405,-0.027136121846508217,-0.07244526606372183,0.062404913690991104
45.410000000000004,-0.0515766438786332,-0.07011186326104683,0.05966079043560971
45.415,-0.020713707978568634,-0.058438431872477326,0.0530663992036121
45.42,-0.04442683781048582,-0.07750499379857104,0.05232599661347005
45.425000000000004,-0.0185894162868714,-0.08401825584122145,0.06013419717110047
45.43,-0.015927804942408853,-0.07749096305380355,0.057084083650954784
45.435,-0.031773499929789235,-0.06888568179098079,0.05375611590208267
45.44,-0.04001214407558502,-0.07146593720410438,0.06993310427648791
45.445,-0.008251633117460484,-0.06840099313566607,0.05639911920937715
45.45,-0.016884436953716987,-0.07060821532466187,0.05541551914458041
45.455,-0.02765378339860478,-0.07840945013676101,0.06423921826839302
45.46,-0.05174009727237404,-0.07385937083728572,0.043311737265516806
45.465,-0.05347817386327211,-0.06345249562401606,0.06314807302500963
45.47,-0.025867367264502554,-0.075161015272758,0.06075800297840715
45.475,-0.03831808037631258,-0.08462696878119882,0.05704403226140061
45.480000000000004,-0.044004782748955626,-0.07879404051041139,0.06820600852718801
45.485,-0.02726730290437568,-0.07902724785798698,0.05073153967670213
45.49,-0.016977167913964985,-0.0608736921113069,0.04780345785118
45.495,-0.0315336126792989,-0.06494366827354212,0.06252515079535445
45.5,-0.015097420372178223,-0.06927636544556172,0.050088698409386845
45.505,-0.03144609630865911,-0.06394944733719575,0.05502289466535751
45.51,-0.034067203209396955,-0.09311555337358403,0.055042830663237376
45.515,-0.02883075271368499,-0.07043032060198312,0.04509275219826514
45.52,-0.0457043722981789,-0.08103786533077552,0.0648985624404551
45.525,-0.021356871977385075,-0.08774705050792644,0.06723175295090353
45.53,-0.03824262404140644,-0.06309491383863829,0.04145856924762799
45.535000000000004,-0.03763258519584628,-0.08722142809870688,0.05132641708226037
45.54,-0.040596500665291385,-0.08029482214843128,0.04604896032120377
45.545,-0.028578517469026954,-0.07879812237013553,0.06719993862202119
45.550000000000004,-0.03312970267779857,-0.0768431279455325,0.06354138166873616
45.555,-0.048622125642276776,-0.06408128619375478,0.0512694032162216
45.56,-0.037040093045521486,-0.0727598780588539,0.039844520646542654
45.565,-0.05464915148397214,-0.07400000063657111,0.04944681712746295
45.57,-0.06996011421702263,-0.10499273097135939,0.05895369918739166
45.575,-0.02601789722353376,-0.08341049396614678,0.05321537941725585
45.58,-0.041497923893037206,-0.06877533196531405,0.04288747514082151
45.585,-0.04956039294545459,-0.09273762763427837,0.0513431022541817
45.59,-0.02876483644844529,-0.07443952161091355,0.029397944983311886
45.595,-0.03204156558602108,-0.09380024326178485,0.048344580824133926
45.6,-0.04001413469916544,-0.06054339150242694,0.04197778890835599
45.605000000000004,-0.03819054026944348,-0.06888840750843149,0.04091267139097325
45.61,-0.037238720369307324,-0.07801563331777259,0.03917326550965301
45.615,-0.030581121228877964,-0.07062597974848692,0.058889946783744596
45.62,-0.04020178186314234,-0.06732782802118593,0.05381387397405531
45.625,-0.036280675432925465,-0.08087302017266189,0.03015337093398056
45.63,-0.03906154925372966,-0.07552889380496752,0.04709806593899543
45.635,-0.03600308856811669,-0.060438765266891556,0.045981305297335726
45.64,-0.05433391603383066,-0.0505346622696328,0.057633699407528376
45.645,-0.014684185811466618,-0.07500566936986947,0.05746774942912722
45.65,-0.033563054376665805,-0.05641971516308312,0.06440040276424727
45.655,-0.03395652123514994,-0.08889657679286579,0.04761238246627184
45.660000000000004,-0.01993246243037914,-0.06873116231926313,0.05569889588361087
45.665,-0.035121130546290465,-0.0765167773243464,0.050917358179538214
45.67,-0.011672357543589678,-0.06798476647128995,0.02811668960902898
45.675000000000004,-0.028086062157928932,-0.06978579013310213,0.041027944873752276
45.68,-0.008790772100540307,-0.06056773186480384,0.05323611151935511
45.685,-0.04244480189824114,-0.08167312445571362,0.04771578692949971
45.69,-0.02767578755148379,-0.07043452861757034,0.03419216517365642
45.695,-0.031860520092379135,-0.07645276536593221,0.04273761532024313
45.7,-0.03651191752731321,-0.0725737434506716,0.06000880609390376
45.705,-0.008897257192449336,-0.07770854480533738,0.05980852343766245
45.71,-0.024831437709910528,-0.056677419895473466,0.059857383129558496
45.715,-0.01966019652542704,-0.0729022113647505,0.07253377507401923
45.72,-0.025850397409126025,-0.06591950780926824,0.05065648242107054
45.725,-0.024006599706881238,-0.07127793304249891,0.05052734268310895
45.730000000000004,-0.036484874817668184,-0.08155144318932167,0.0602256977736524
45.735,-0.0348556505592094,-0.07321104623757743,0.06153433074302143
45.74,-0.022085485024736763,-0.06719348163807437,0.05767315948577938
45.745,-0.03244567929577063,-0.05661226605918441,0.03659232500941152
45.75,-0.010162973294472912,-0.08097148826430556,0.04648883109588063
45.755,-0.025489953178690107,-0.05696649523594437,0.06520526020324714
45.76,-0.03521584965975568,-0.06023176727222352,0.06359415362780851
45.765,-0.00900785842361021,-0.07785672321786724,0.04190033512445935
45.77,-0.0336522630022866,-0.07990311926285097,0.054283847132681994
45.775,-0.026044706756906885,-0.07263653504320743,0.06858231856983941
45.78,-0.03114354834514049,-0.07661980795644656,0.07713658110974216
45.785000000000004,-0.0012369186170290715,-0.08260881826481184,0.0737894984820412
45.79,-0.021796098163420027,-0.0839210595288132,0.052672668701218825
45.795,-0.021746390093303546,-0.08577535764898543,0.05884332418947031
45.800000000000004,-0.013065860438029545,-0.0684842131457142,0.058650062625838675
45.805,-0.010880256051645217,-0.07719912242795304,0.051167174395457315
45.81,-0.009713405409970444,-0.06327611558471542,0.06530118546602451
45.815,-0.005274793661361962,-0.05750066727812217,0.0712259966226077
45.82,-0.022594673612749486,-0.08658350240947249,0.05280857837281952
45.825,-0.005798502474747079,-0.07820722351255911,0.04208195594407644
45.83,-0.00967136785495355,-0.05757119279581465,0.05031299690558406
45.835,-0.015346055109790627,-0.07821919856158356,0.05942122408731901
45.84,-0.019938171273117603,-0.0654744722343333,0.05574510978015999
45.845,-0.03173699071473245,-0.058352015443909604,0.04039382854987585
45.85,-0.0038123112305177087,-0.054934472451602843,0.053578845409168976
45.855000000000004,-0.004576722446196504,-0.0761957339480905,0.04276085525203474
45.86,-0.02210664895907775,-0.062063359942072197,0.04736321780149028
45.865,-0.006312837046291023,-0.06026523793890316,0.054780478031374605
45.87,-0.012381952564091208,-0.07418398437548514,0.05098040782469905
45.875,-0.0010210943211058,-0.05941961145289629,0.04361840028069521
45.88,-0.0018046876392089264,-0.06586174387386334,0.038054316199627285
45.885,-0.009196709149615422,-0.06883009902723239,0.05837453259905152
45.89,-0.026088414119986914,-0.0502623092477481,0.04430709486701004
45.895,-0.01728285885089355,-0.06508081708039642,0.043120957021469494
45.9,-0.03147335454002761,-0.05746544335613879,0.04676395048230544
45.905,-0.020143694614120675,-0.08365915083189657,0.03340023471312054
45.910000000000004,-0.004998127695092423,-0.05151703083374162,0.04960889031910389
45.915,-0.023066046780536673,-0.04746894287721212,0.029696502132695368
45.92,-0.012474187757605957,-0.044232446151708946,0.06006992851562737
45.925000000000004,-0.010282159766317201,-0.0681690523577479,0.04667308598692768
45.93,-0.031166183043913154,-0.05014479971964785,0.04385250127040659
45.935,-0.0023888564158011886,-0.06950840083042642,0.051072413325316306
45.94,-0.024935206162031605,-0.06081043901530005,0.04080340031690165
45.945,-0.007059880537010701,-0.06486341528699063,0.04873819908861893
45.95,-0.01434910695865973,-0.07072152766379422,0.06243656329484365
45.955,-0.031032382067113392,-0.05922720141086221,0.037449382218258234
45.96,-0.014855586305961418,-0.060480445182595974,0.03169950777487171
45.965,-0.014633560952078272,-0.06046169813296498,0.054208584747971
45.97,-0.002210056022726694,-0.048497994479211465,0.04410601669034323
45.975,-0.015742059279055424,-0.07075099432646173,0.030408079073521565
45.980000000000004,-0.0011775124755127233,-0.07456951648309994,0.048075090663895446
45.985,-0.012901552764878824,-0.08476117461805971,0.052031643618123444
45.99,-0.006179483501826144,-0.10175863747082337,0.039650291303639895
45.995,-0.01915647592134266,-0.07210713750758839,0.03504099754004951
46.0,-0.011482297103568143,-0.08532652601757745,0.03140949700958732
46.005,-0.02210835979494561,-0.07877582388679807,0.03274729371492309
46.01,-0.005832937073252196,-0.07273203496459497,0.04675799077871895
46.015,-0.003138321190993233,-0.05249880038110687,0.03877166816107906
46.02,-0.013625932703701408,-0.06601510424029768,0.054419759982395836
46.025,-0.013484921593390833,-0.08093593227188048,0.03573566109505589
46.03,-0.00815985992620972,-0.07362330354868542,0.04032411585090009
46.035000000000004,0.007479538103119871,-0.05891421120572829,0.03235521203797927
46.04,-0.026045046513804695,-0.06972277291198539,0.03800589678979601
46.045,-0.013381538841754382,-0.07945951353402433,0.022283956314489563
46.050000000000004,-0.02120263325126407,-0.0641352510466912,0.05150422935035945
46.055,-0.0012210355899985002,-0.0713411168564066,0.03161083513341209
46.06,-0.02863200743322379,-0.05760219496174506,0.034962060705523344
46.065,0.0002557248579753216,-0.06127563054840667,0.05696294166755689
46.07,-0.02140528340474196,-0.04825798721236427,0.055195150815807684
46.075,-0.006112022306676566,-0.07268588272186835,0.021860438586928616
46.08,-0.023194015572137645,-0.054279391933079436,0.02593515315346285
46.085,-0.01863928024771056,-0.0728821117106169,0.03279201499601814
46.09,-0.01851137162445643,-0.04706524116261285,0.04411622148386927
46.095,-0.013946823072830176,-0.06691137465590405,0.030586392056830673
46.1,-0.014327488295155425,-0.05314924723876814,0.033594329070581644
46.105000000000004,-0.020063059800793388,-0.053527026149118015,0.0370583442661047
46.11,-0.015199123743821171,-0.055439940056731626,0.04430140958667136
46.115,-0.015074513885778002,-0.07557986220078139,0.03482751094760953
46.12,-0.032935886635642925,-0.06222134678988639,0.045447888736811076
46.125,-0.022406503825318953,-0.06801823540028697,0.03261915901862761
46.13,-0.012421171813499648,-0.05906630420170303,0.0336515313748603
46.135,-0.015492572325355534,-0.056095025366295376,0.05070479083620762
46.14,-0.011962179951907358,-0.06769774051962407,0.04563932050515096
46.145,-0.03338239540072456,-0.0841018839141747,0.029689701576932962
46.15,-0.00968980607692846,-0.0798948124110577,0.04464011949982849
46.155,-0.029705415285861087,-0.051971024203538635,0.03113232829715605
46.160000000000004,-0.02089576180157024,-0.0689348951466178,0.04543094349917021
46.165,-0.036750093795450633,-0.05838768944484879,0.02859460402688182
46.17,-0.021625487188888227,-0.07805314299023161,0.03055673473684961
46.175000000000004,-0.02062010804612887,-0.07072090496365892,0.02735326838789452
46.18,-0.024741658138439888,-0.09169596749728023,0.04601660266186895
46.185,-0.01679797504859268,-0.07823422542323272,0.03002767141558568
46.19,-0.009047422835767533,-0.06789617378172921,0.03109313587067476
46.195,-0.028287540106486445,-0.06139641313454766,0.037944491271691756
46.2,-0.026844001555904516,-0.05630657522893659,0.040427127188879385
46.205,-0.016557169482586547,-0.0638170188118998,0.042255533844638885
46.21,-0.01269366844604034,-0.06763894203725895,0.05077646072243118
46.215,-0.02055798490729751,-0.06799290846503198,0.023021552046184817
46.22,-0.0053120321535765555,-0.08558469015670134,0.0408554303263588
46.225,-0.031418830013296074,-0.07305072002710038,0.03135450583799018
46.230000000000004,-0.012631936652313457,-0.05841166020434016,0.027127677166979246
46.235,-0.02480009209375606,-0.06666475026743741,0.03799261049776071
46.24,-0.005805114042384192,-0.05288453984040101,0.02356574035133619
46.245,-0.020790242849279526,-0.07451738100153338,0.03528547975448624
46.25,-0.006102634601746152,-0.05447744268248625,0.03965938813586862
46.255,-0.013934660588737095,-0.06393845983756488,0.020406277186595392
46.26,-0.012729417557208128,-0.06477391514523048,0.027740635789441005
46.265,-0.007786566308688785,-0.05766876214300387,0.017826830750771745
46.27,-0.029642700867920722,-0.07256116491930689,0.030236575202215125
46.275,-0.05490168644826478,-0.07135876386653756,0.045349251030471195
46.28,-0.016042357091461658,-0.06642684891441847,0.0347801757715111
46.285000000000004,-0.03755210825328804,-0.05918980549807382,0.033322264661033024
46.29,-0.038395182034427405,-0.07150552134116558,0.03315614636020674
46.295,-0.0377386120286846,-0.07006835656398029,0.033229366273008265
46.300000000000004,-0.022367402663196312,-0.06615954396064944,0.03318381993326317
46.305,-0.0409955526398522,-0.07788161988278877,0.056935699345416896
46.31,-0.02658803719433955,-0.06650032544802094,0.019051259377094638
46.315,-0.039230549526763164,-0.07106510151414518,0.025150403991141573
46.32,-0.030550776653035745,-0.05349702637570852,0.02675829317986251
46.325,-0.02013320379577927,-0.08309501066290506,0.0368804313461467
46.33,-0.019866857063615375,-0.04293304603801054,0.03303316622813876
46.335,-0.034062310855079075,-0.07243683174106685,0.0322962288102188
46.34,-0.02694189181418518,-0.08231941124652792,0.03393952586272959
46.345,-0.022844292265119272,-0.0598537072481609,0.040487343603914955
46.35,-0.018464914502672087,-0.0707724531866198,0.01467233489108978
46.355000000000004,-0.01989606006744922,-0.06163957332579724,0.013097066862312955
46.36,-0.02146554231217259,-0.07959259726978872,0.04482279388072049
46.365,-0.03071892551029263,-0.057497195994896264,0.039387398609338056
46.37,-0.003433289177957124,-0.07419372821816786,0.026318780176506438
46.375,-0.03805980481965664,-0.05258315111012158,0.05548896011196179
46.38,-0.00640732058369612,-0.07205546467469205,0.05764377242145775
46.385,-0.013178932732008118,-0.0665628525909461,0.028918246765695477
46.39,-0.02475436266317861,-0.06424711971708569,0.03919549441038789
46.395,-0.030522308885251564,-0.05150512422101892,0.04140483203613202
46.4,-0.0076715881042898285,-0.051350657325172105,0.049319432326988655
46.405,-0.02548772015281063,-0.06849320631914259,0.057590519890368744
46.410000000000004,-0.007134792906024792,-0.07046529459973103,0.05828154232234726
46.415,-0.021548996189526392,-0.06193496196993459,0.049464340957842676
46.42,-0.03853379942528116,-0.07457449477103723,0.035092438638817156
46.425000000000004,-0.026752581295443483,-0.07645118415426658,0.04699039844526516
46.43,-0.03194149149350274,-0.08006813721161417,0.028798196959245285
46.435,-0.01644818438077183,-0.07287756398140337,0.04841999785530283
46.44,-0.028734891799970096,-0.06560765152831126,0.014763019579464177
46.445,-0.023170835818450607,-0.08252049894567007,0.046982076207347595
46.45,-0.03805957160092703,-0.06350211482054223,0.04947429862696489
46.455,-0.04098583705184097,-0.05881824114472128,0.04940675166302999
46.46,-0.029869804356512233,-0.07351498264792936,0.037330624506627996
46.465,-0.02783518816311191,-0.06468124681188195,0.04716409007402693
46.47,-0.034593647457136265,-0.08216257183545667,0.04126180430349938
46.475,-0.024737196800792907,-0.0965809559253699,0.03408573073772502
46.480000000000004,-0.029326147626175622,-0.08033305695855777,0.04564670773562842
46.485,-0.031137574217414546,-0.08525250784384039,0.03790408534290983
46.49,-0.03348297574534704,-0.05457880660275342,0.05617914821485447
46.495,-0.033988228276803784,-0.05884824387580324,0.023154558883692996
46.5,-0.02674720956047396,-0.07332751739282277,0.031686450067348236
46.505,-0.022660850716369748,-0.07059359570519956,0.032315418662411444
46.51,-0.0393629440989837,-0.0706197413936415,0.030664333733603506
46.515,-0.021172863329675547,-0.0770960636312899,0.03984078919270716
46.52,-0.03149826327006554,-0.07224260194823724,0.024263981596478
46.525,-0.025341430614902873,-0.06717875302340538,0.04078148122290724
46.53,-0.03363488217541835,-0.0619804020938899,0.045902717758746873
46.535000000000004,-0.028241848624966773,-0.08603346903340867,0.027939254317772312
46.54,-0.051672943376786185,-0.05503842430473372,0.020112646706061763
46.545,-0.04010250977227359,-0.06457492853736499,0.03924932428116247
46.550000000000004,-0.04776280543358812,-0.06956360454701048,0.016737632134480443
46.555,-0.03790119828314022,-0.0631620232844453,0.017089158692359694
46.56,-0.04779184002040218,-0.05495497239329584,0.012314702506371258
46.565,-0.05775290181093143,-0.06859121030328338,0.024210366970777438
46.57,-0.04974940779779231,-0.07572672315953122,0.025065107156466395
46.575,-0.018659975648533375,-0.05300553907637534,0.027309910962570582
46.58,-0.03831297727057721,-0.08420598633788984,0.025331701197860032
46.585,-0.034870075867754535,-0.0581907984671229,0.012247355993400093
46.59,-0.035393848421857325,-0.06589742066496274,0.024974844333029392
46.595,-0.042771377615159034,-0.09135198480239462,0.05048855964973779
46.6,-0.04284192545403034,-0.0804834618201026,0.030878341583182183
46.605000000000004,-0.05374057453980252,-0.06554879440288074,0.040551909159817746
46.61,-0.054981536866687664,-0.0457633602574754,0.03454179495185977
46.615,-0.038948206890239756,-0.06771754595125423,0.04505613854303413
46.62,-0.030758908108563125,-0.07632258573212766,0.022143965527610884
46.625,-0.021620034586467312,-0.06279125141920602,0.03752191694427859
46.63,-0.04219651712842181,-0.07399304198336662,0.04848397684628592
46.635,-0.05542313769152458,-0.05151859578449303,0.027446915746696325
46.64,-0.03928562731383392,-0.07296998165334713,0.017723501306481943
46.645,-0.04644797765170588,-0.06867734600752166,0.0265877398690706
46.65,-0.04823695633097319,-0.05828559359226545,0.019288804036460883
46.655,-0.024657396916072282,-0.03953012945180691,0.026587777339537492
46.660000000000004,-0.030837955011205828,-0.05834929034132656,0.03186965286935881
46.665,-0.021018843793277894,-0.06267215116534129,0.040454432004079624
46.67,-0.03296490958383977,-0.06011031695328182,0.027585034038273937
46.675000000000004,-0.026284297594085595,-0.06794300359880676,0.022164065404513822
46.68,-0.04075239441915415,-0.07971559294673436,0.04153439547452166
46.685,-0.034054332675568594,-0.07369561049620257,0.033593086353103624
46.69,-0.03802416824298826,-0.04729227575556824,0.0370826518251288
46.695,-0.05699451346310305,-0.07296427132362016,0.03219446422678937
46.7,-0.03336955671483869,-0.07684291364958892,0.026103162710845184
46.705,-0.04206317768955014,-0.04193608500646468,0.032668836004285315
46.71,-0.047536651120786776,-0.062344427919253716,0.029916206429254452
46.715,-0.04631558387131894,-0.058549369888395965,0.03163522011085071
46.72,-0.06331634149043197,-0.06257486429022854,0.03985777141058069
46.725,-0.042988758290396584,-0.0766583765523934,0.046317271068966756
46.730000000000004,-0.031016593819645364,-0.0695812727212562,0.03585234239512426
46.735,-0.025043354179634558,-0.04864799844458271,0.03967961849571082
46.74,-0.029724344079288915,-0.05214690550023289,0.052627959133141985
46.745,-0.04182879293318044,-0.06463404547845522,0.02280232650915739
46.75,-0.02083135636770087,-0.07334494306159024,0.028369205202791327
46.755,-0.03848082629952059,-0.05304854651431272,0.022908996523597614
46.76,-0.027249785754937743,-0.05270587641287584,0.021279564019474565
46.765,-0.048380727214480064,-0.05403142522806438,0.023634826242317903
46.77,-0.04553880996189996,-0.06111050047474165,0.03487427635154846
46.775,-0.02095595302533414,-0.06752622070619037,0.02976362904644981
46.78,-0.04066613044168798,-0.07078212092748948,0.019349644050037064
46.785000000000004,-0.015904340047323415,-0.08275407237253946,0.025876164378501376
46.79,-0.041844263343137185,-0.06302901201087625,0.04054872476024832
46.795,-0.033776426665921164,-0.06632298876487912,0.05587845728264725
46.800000000000004,-0.025249931446661607,-0.07409315693542545,0.03807359793719043
46.805,-0.017073052247872325,-0.06498132690794477,0.044082579849655835
46.81,-0.04310398757285791,-0.07475804402516698,0.0685917035377381
46.815,-0.048331472219889135,-0.07654565715482751,0.05386393469692688
46.82,-0.02371082297494253,-0.059213334540598184,0.0384918838316007
46.825,-0.03172822807258831,-0.06657141733563252,0.04518791350538291
46.83,-0.046836947622888175,-0.07282598333929963,0.021064239753825632
46.835,-0.0251155806463549,-0.05338324279112175,0.046503726811088206
46.84,-0.026619581787161496,-0.05750442472903124,0.033433061895127875
46.845,-0.016760572935213408,-0.045426624529976825,0.022917638598976817
46.85,-0.034148771418367634,-0.0481851218532677,0.038830013541481495
46.855000000000004,-0.020796205108373975,-0.06531358100887263,0.03346309045613318
46.86,-0.024893547694675548,-0.06656130143712104,0.03442430639993505
46.865,-0.05128506368358135,-0.05391336046871748,0.026131994696288793
46.87,-0.026414226428510233,-0.0521462863290653,0.031050049160336175
46.875,-0.04193343453046507,-0.05229097813482558,0.035253586864944564
46.88,-0.024925090382919072,-0.05939610540661254,0.02134291940204434
46.885,-0.031777741666156205,-0.041503152747768265,0.047151740393479996
46.89,-0.03461255718781722,-0.06672931545794812,0.03674096177218135
46.895,-0.04802654283639199,-0.044184744682960415,0.04750526269050183
46.9,-0.04198121301303236,-0.031831720916500474,0.039045837495747596
46.905,-0.018260719520119883,-0.07271212600740831,0.053806151746054284
46.910000000000004,-0.03855358615050822,-0.030693934091781463,0.047496655080592406
46.915,-0.03718851937986037,-0.04577842962659037,0.04130591058760629
46.92,-0.035773769867101,-0.06365373142664228,0.0501322602773933
46.925000000000004,-0.029669262563633537,-0.03872496038302655,0.030525158552707488
46.93,-0.04472034388717713,-0.04122965288232812,0.028669505946254965
46.935,-0.04798806242800988,-0.027121557911035987,0.05492020106253484
46.94,-0.02420299521920464,-0.06155820916184648,0.039370362915785204
46.945,-0.0396283675326637,-0.05397279097677935,0.04849982742923488
46.95,-0.06641071658825662,-0.044954910330006245,0.04361019107014073
46.955,-0.038800722570624495,-0.04841926967280764,0.05012052850861261
46.96,-0.024908304898348166,-0.059767121470183926,0.0460794598187757
46.965,-0.04404173299594843,-0.02920230340487738,0.03830089755573644
46.97,-0.031030020665548157,-0.04461953163991292,0.04158296996673905
46.975,-0.049391463035494666,-0.046753751110264974,0.049138974578481376
46.980000000000004,-0.03102141867461758,-0.03412571587725062,0.05018185819228118
46.985,-0.017701020318887994,-0.03879380630512327,0.06002619657931357
46.99,-0.04194100479119965,-0.04275856874313701,0.0716046535645446
46.995,-0.04220180807406695,-0.04814506234642488,0.06724977124441008
47.0,-0.03061833342759814,-0.055885079556546834,0.03816229316283852
47.005,-0.026509014329553594,-0.02774794917155754,0.053755350770298374
47.01,-0.02103104206461746,-0.048162289743858146,0.027690908542752503
47.015,-0.01727259016864916,-0.05220617961126999,0.04646343826203881
47.02,-0.01993153281130955,-0.0465241801865871,0.037216491855274925
47.025,-0.0565968707138377,-0.04013275432329351,0.05706074675581688
47.03,-0.029274639186656265,-0.053471185521394016,0.04172405673733379
47.035000000000004,-0.03446630053039387,-0.04559989690274617,0.04579096561803415
47.04,-0.0366302728377357,-0.03334478945030946,0.05658669336994694
47.045,-0.037291522226831006,-0.029542228526618843,0.061943320851715465
47.050000000000004,-0.03577014599676803,-0.0471439321481266,0.052050513704222756
47.055,-0.038484817999550475,-0.045848444393689694,0.05433550279349987
47.06,-0.030455065936824698,-0.05485159269037701,0.046843656825504745
47.065,-0.046466677743555646,-0.048794641859605206,0.032791565715133975
47.07,-0.04259559046279861,-0.06037736803070271,0.03298504084761063
47.075,-0.06305812547293843,-0.06269495415296199,0.04768077127312502
47.08,-0.03698553599131153,-0.06157305523282526,0.03795540417442144
47.085,-0.05922351999447656,-0.06161056889763577,0.034989741140748216
47.09,-0.036534778238776,-0.05272377059060525,0.06251753563688218
47.095,-0.048206380395661996,-0.05075719754508337,0.05774540520453978
47.1,-0.04951390489748305,-0.046563831763997435,0.05020835801279909
47.105000000000004,-0.049535639069142545,-0.06309924285980464,0.050169569219832184
47.11,-0.04562642446075596,-0.059496421285067415,0.0329407371709985
47.115,-0.03566950282067766,-0.05741407482464384,0.0410249629814778
47.12,-0.0485037180208918,-0.03347939217729788,0.03638661768433642
47.125,-0.037138302223655995,-0.06564758438447775,0.04815669578660346
47.13,-0.033559010139512,-0.07118929105529041,0.04879457229658402
47.135,-0.038613726079477134,-0.0707126239429883,0.019248071675509536
47.14,-0.04253644008255021,-0.04464999587695699,0.026078444325467635
47.145,-0.04273727046595337,-0.041624918635791486,0.04257378181719824
47.15,-0.05009499000348089,-0.04483304356931476,0.044112437656165834
47.155,-0.06188608098247397,-0.028740525606459462,0.04242883366736836
47.160000000000004,-0.03978931800509035,-0.04772861820433099,0.030112689918349644
47.165,-0.05972606306595202,-0.05785144615272666,0.03756764487404488
47.17,-0.027962104103583366,-0.04454825142086242,0.034384041430532045
47.175000000000004,-0.05955794625559262,-0.04301980439261798,0.05378680170519961
47.18,-0.03885960347535908,-0.075772224409088,0.027003014015952453
47.185,-0.046133117793433084,-0.061810744920582056,0.02735908042521606
47.19,-0.04742293571684461,-0.05450404530272325,0.04048133928029536
47.195,-0.052530661695729744,-0.05373401545407977,0.03275675187798199
47.2,-0.06253421176169555,-0.07331010950370209,0.052368650133741826
47.205,-0.056042816806819815,-0.05644314628639523,0.0486663122447161
47.21,-0.047239431281571376,-0.049252502270926396,0.046299426527839645
47.215,-0.032395917902634644,-0.07226316230360255,0.04623223961848503
47.22,-0.042808744061740844,-0.06177530484933919,0.030417072585347173
47.225,-0.0424895459381219,-0.05016002259554165,0.05624576365496321
47.230000000000004,-0.049648705275923924,-0.045203589486803426,0.03147696128401257
47.235,-0.04815201656227232,-0.050349655978088714,0.037237196090027486
47.24,-0.05793559962662408,-0.05292632532559925,0.030486337348261845
47.245,-0.046620865618181524,-0.06557691504771293,0.02378547397050856
47.25,-0.04278144590291997,-0.05803649953973372,0.04924181296048856
47.255,-0.03718891277069085,-0.057232413563937226,0.029735313527511367
47.26,-0.05347418130061403,-0.047634377150295865,0.041854190206046034
47.265,-0.05010749138986119,-0.057025913347050185,0.03872999390615545
47.27,-0.035941957399884664,-0.05372229752677393,0.049185713955589724
47.275,-0.048222685942990784,-0.06632882784333222,0.03803739227600666
47.28,-0.03363459857883247,-0.061125079457354285,0.05287875261292975
47.285000000000004,-0.049130088110307536,-0.05516740341490721,0.034847162042512474
47.29,-0.05284589768027236,-0.0656971027619266,0.0442269767688592
47.295,-0.040974151741473376,-0.04361787221839813,0.04662385675008704
47.300000000000004,-0.05534302916665006,-0.06411152126681222,0.03875496924809965
47.305,-0.04401208753784215,-0.05143998363362348,0.03548592742418949
47.31,-0.05067675335017456,-0.052473518352437465,0.03809289936665923
47.315,-0.042681935169725835,-0.04435035196240475,0.04195992096684324
47.32,-0.05007420258924926,-0.05151524713510085,0.032376827735133465
47.325,-0.039578036785352884,-0.0576288260198779,0.037348442262329515
47.33,-0.017845151758924482,-0.061818263947444926,0.04403698323896417
47.335,-0.04243567501544056,-0.05624088430185399,0.04311029320710382
47.34,-0.05381167333781764,-0.06246552339665251,0.022989143954897963
47.345,-0.051492823390402925,-0.06917547180213057,0.058961564110809904
47.35,-0.041726906036758535,-0.05897668137944641,0.021134443688193855
47.355000000000004,-0.06638433053902985,-0.06045977528670769,0.025783404056577267
47.36,-0.049749267933102664,-0.06375171151568257,0.041372841977299665
47.365,-0.04627944539243928,-0.08689374078128648,0.020463000084102484
47.37,-0.04506252196830287,-0.07840890141920909,0.022356810203676407
47.375,-0.05489019538792528,-0.05523255226618641,0.040503088655361355
47.38,-0.048084588223107,-0.05949238989843589,0.047714494539425126
47.385,-0.05014195049506434,-0.06251082082291118,0.03267869389141417
47.39,-0.051342820971106914,-0.0695362099196436,0.024937249776406684
47.395,-0.04860317768499946,-0.06476737585799273,0.031655370829370144
47.4,-0.03176630115513102,-0.04777820759449691,0.034497131758671584
47.405,-0.04396626338314664,-0.05421852614354178,0.034942766424873845
47.410000000000004,-0.05100617793193738,-0.06674914473352646,0.0370140321853515
47.415,-0.04179876004805344,-0.07460711701728047,0.050306462520863855
47.42,-0.039319361532250886,-0.05117114681817437,0.040316292133166516
47.425000000000004,-0.04250086322131974,-0.07218856248313973,0.014882797861107355
47.43,-0.052194393792165956,-0.07333916923068134,0.022878161074361983
47.435,-0.04045451829541351,-0.06173528436951493,0.016280531144301114
47.44,-0.05496927059227087,-0.06385867547812116,0.021234531126442413
47.445,-0.05705276473693667,-0.04619339474377111,0.01767416957201452
47.45,-0.044215430773149225,-0.06695681685978043,0.028509728717829003
47.455,-0.05412532348445554,-0.060451768067245226,0.03503889383951394
47.46,-0.05912394817384075,-0.055117049100982515,0.036685842676938085
47.465,-0.06185076710798659,-0.06808975905913367,0.03680248908943346
47.47,-0.05197517829625228,-0.06086722259930031,0.02976238602942212
47.475,-0.05424610755328996,-0.05982331455667793,0.03139903534819811
47.480000000000004,-0.034993733398940186,-0.05341228462395457,0.0355645885947804
47.485,-0.0357064668802181,-0.03726572356668146,0.021509219990174487
47.49,-0.0342251565882874,-0.05400369011192582,0.035893716492524
47.495,-0.058313184165614845,-0.04909109083622731,0.024819438071198727
47.5,-0.03994451604570575,-0.059803355498360404,0.03478872475256596
47.505,-0.05064170263967438,-0.06241113566616317,0.039990293557865014
47.51,-0.04288324971963968,-0.05413284487035591,0.024823448027682875
47.515,-0.05692678461969772,-0.06909405306345061,0.024786156652730953
47.52,-0.03949897393244051,-0.0526923687067354,0.035413457960752265
47.525,-0.04978028987440101,-0.07125869894997237,0.02280018753597131
47.53,-0.05161221969716439,-0.06985689037442341,0.034033806944335276
47.535000000000004,-0.03658583019514105,-0.07373210551280429,0.04470340435685213
47.54,-0.0464150505052652,-0.07229792976327387,0.02988892006251625
47.545,-0.043125671201877255,-0.05137676690470726,0.05262603991528699
47.550000000000004,-0.030701925230210526,-0.06771612499220084,0.037036858497288806
47.555,-0.051152811774644015,-0.05910932082347472,0.01826517933829743
47.56,-0.023958656078712823,-0.041550652708003045,0.02626719004254317
47.565,-0.056019767460546425,-0.04999516463871121,0.016566647817106775
47.57,-0.021405064848877258,-0.05105605400634473,0.0388356236993504
47.575,-0.053599744424480254,-0.05825203732505177,0.042640965265796076
47.58,-0.024010184700413738,-0.056673275695014284,0.03470417963328491
47.585,-0.052278229007584553,-0.06494322909736629,0.03885173077513317
47.59,-0.03689385516529512,-0.06273462459730304,0.019809411787283654
47.595,-0.027071021774939072,-0.09343738997184187,0.023810272201235237
47.6,-0.03391668015538789,-0.07675534327392514,0.021555872645374077
47.605000000000004,-0.046642242466986575,-0.049022147749668205,0.05473344303602918
47.61,-0.03204761277389738,-0.07071415810348952,0.03110562298749487
47.615,-0.03968025953442125,-0.05086237821593795,0.0209197974111167
47.62,-0.0399491699143783,-0.051184155372315104,0.023445562910356283
47.625,-0.027920180883560176,-0.06053642433447523,0.018675396977387473
47.63,-0.05412221056854846,-0.06836920981871825,0.024745381094956925
47.635,-0.020906591784617158,-0.04534225062906591,0.035288887372202066
47.64,-0.0367382796370841,-0.055487892932200494,0.02841945973710159
47.645,-0.03196042261996474,-0.07281641195308983,0.03297384073477706
47.65,-0.04931466768681226,-0.07089196315551567,0.044020086326370035
47.655,-0.049824558506341966,-0.06937901834437629,0.050878994979806816
47.660000000000004,-0.03649089646818487,-0.04851229173374029,0.04080941169798807
47.665,-0.038354179169112664,-0.05507632743363733,0.0353309786929169
47.67,-0.03177522152171705,-0.06024402764914136,0.044006213537580885
47.675000000000004,-0.05982117744081555,-0.04364765728487438,0.04477973973777013
47.68,-0.054228567185361315,-0.0811414359371467,0.0667609620652947
47.685,-0.04090280971275613,-0.06454915321590275,0.0415569920408141
47.69,-0.031491276212448,-0.06353748188139406,0.034108841239298325
47.695,-0.022823963532517918,-0.07992436792447366,0.05033032431926891
47.7,-0.04071823778540418,-0.06730203111704494,0.04244534673962341
47.705,-0.04912673046504874,-0.0663690214049126,0.03255861774278645
47.71,-0.04463401508291606,-0.08067723428746688,0.04454865741830201
47.715,-0.02379986459444651,-0.06615503703299519,0.03972777774254575
47.72,-0.020095501283090875,-0.06307251931268673,0.03582166453706444
47.725,-0.022509137438694135,-0.06445305484780556,0.03500004998165353
47.730000000000004,-0.03199727408905659,-0.03918381903349873,0.046723628310062375
47.735,-0.04028639856368826,-0.06653086144494208,0.02606141932239469
47.74,-0.027661539518318914,-0.0667753505298226,0.04253431326438422
47.745,-0.023909301847697725,-0.07344515040031613,0.06137923545470747
47.75,-0.028316852409624102,-0.06492265445105622,0.042879042841719214
47.755,-0.025548163529201934,-0.04985116910368318,0.045734605281141025
47.76,-0.03614024958216836,-0.056420363362889164,0.03849228845142652
47.765,-0.0327756913042228,-0.07276429201349116,0.03547528295623695
47.77,-0.01927302916876229,-0.0632356999082331,0.0168133535899365
47.775,-0.02022384481974762,-0.060345443674448926,0.044620898888963
47.78,-0.021154373393307974,-0.05374641046712199,0.04458903868024577
47.785000000000004,-0.04013602489324735,-0.053757068636125595,0.03319855667527514
47.79,-0.03995278372879415,-0.06010210214125331,0.04968206895934294
47.795,-0.04551978752626247,-0.059561886030932695,0.03612701675621023
47.800000000000004,-0.014446063779798114,-0.04390772374213923,0.03644510913725105
47.805,-0.051243335544219316,-0.056181774641415785,0.025349029796197933
47.81,-0.04430237094708011,-0.059413701507386354,0.051728741263645774
47.815,-0.03249348647166513,-0.04776257065084288,0.05149424228697049
47.82,-0.02891100234899221,-0.046684239397726354,0.04127733703620945
47.825,-0.04336429889169108,-0.06967637165108401,0.056704625525513024
47.83,-0.027851094428889202,-0.0550047760037894,0.05331773415496596
47.835,-0.05698593057935208,-0.06858446834979692,0.04971242134778265
47.84,-0.03832122385500438,-0.05246249323084737,0.050745103119792426
47.845,-0.04331508747779306,-0.06060068054306328,0.05046959810645649
47.85,-0.04316091499123481,-0.05367383704984792,0.04698654299716959
47.855000000000004,-0.027305876938475904,-0.05672578710589178,0.05242325593518875
47.86,-0.02193995039341495,-0.04831161028493367,0.049145451455308124
47.865,-0.04496957172322383,-0.05513809554891867,0.05132743623279457
47.870000000000005,-0.027550944467351575,-0.046829899853476284,0.06603864969070954
47.875,-0.02406209161038733,-0.050223563971536725,0.054139446119729484
47.88,-0.020390522463856996,-0.05400860838733203,0.04363376472152375
47.885,-0.046325484538622376,-0.07040985325086005,0.050153883147648945
47.89,-0.02840243100900416,-0.060094629925270225,0.047341516913278495
47.895,-0.02522666672236374,-0.054319033980222864,0.04198645301001743
47.9,-0.012379666252470542,-0.05493427023133099,0.07275380412138736
47.905,-0.04190706045569504,-0.0720516676809558,0.0636889840775631
47.910000000000004,-0.030852945603508028,-0.04620656268905267,0.05548585809525561
47.915,-0.025266436799595376,-0.07227315085492436,0.06905420302114047
47.92,-0.0391946376566565,-0.041836440166140215,0.0524856828834322
47.925000000000004,-0.03211200399109542,-0.05436889788819123,0.02987224926530588
47.93,-0.045027471756023556,-0.05912823108530672,0.08093664351450934
47.935,-0.0071479946903924745,-0.04965947579590279,0.0702379289879799
47.94,-0.028264952506376926,-0.03817252635793815,0.033452854751828145
47.945,-0.030421260677239586,-0.06571245565207465,0.05035751664026156
47.95,-0.030103678410157226,-0.053203429999324106,0.060505347149817326
47.955,-0.04228672016298385,-0.055413298487664076,0.061593924601534844
47.96,-0.0348121289407842,-0.047555016085872585,0.04232266196865622
47.965,-0.0435344971901821,-0.043972569359980104,0.05333291452646748
47.97,-0.026028920858410805,-0.044988523252470033,0.05546495996830713
47.975,-0.028255258360923758,-0.056644243529259154,0.05084296384597048
47.980000000000004,-0.020394086380385826,-0.06685830175183713,0.040493576279648766
47.985,-0.03508764735096832,-0.069026215336011,0.051702260213284786
47.99,-0.031905609276098285,-0.05032030170282624,0.03506697175480688
47.995000000000005,-0.03395506019871617,-0.056971407558173356,0.05214576435415093
48.0,-0.028461842772719865,-0.046526138591466176,0.038751638312119974
48.005,-0.021586466440513784,-0.04426751705109396,0.04339163348168305
48.01,-0.022546329701632638,-0.05012996087523753,0.052680194804458395
48.015,-0.01584664999801047,-0.0496960882059817,0.05521813244524024
48.02,-0.03764521332253916,-0.05210218996966888,0.05274671613978511
48.025,-0.04518235906235902,-0.06302277576809255,0.05657627485479238
48.03,-0.02660646152967047,-0.05947199884049289,0.06969441382054757
48.035000000000004,-0.02694430186593348,-0.05327345249990499,0.0458533937097676
48.04,-0.036820015318120285,-0.04280570533148896,0.037034170781791234
48.045,-0.04067527821280405,-0.057604719682534666,0.03856437262435824
48.050000000000004,-0.03415661660856732,-0.06393438136092085,0.05028763959348535
48.055,-0.026429021380840922,-0.05255735619451736,0.0492276036132583
48.06,-0.01381155881112982,-0.060960217073752244,0.03329354586767268
48.065,-0.036819602108057924,-0.04265367278537945,0.05112206194674092
48.07,-0.04372950112180605,-0.04344630366340038,0.03202053224275426
48.075,-0.01760247967077563,-0.07332639771071593,0.05321074798059241
48.08,-0.033146706012223116,-0.07157638798716198,0.0493974404471
48.085,-0.02382291207491309,-0.05899162243272174,0.041231988576906596
48.09,-0.0401978831997461,-0.050931895710772765,0.025940578272987003
48.095,-0.027856095288890746,-0.06340872594850601,0.05067525477768572
48.1,-0.0367039886860812,-0.04899166883595861,0.07112719697895235
48.105000000000004,-0.008301728077105185,-0.04771029710816488,0.060730436439342214
48.11,-0.029025948487904726,-0.06442518982617677,0.04182837314064603
48.115,-0.021362342143942763,-0.03163282045073458,0.05528302794680799
48.120000000000005,-0.015791743968352385,-0.03653118059476074,0.06087879200267367
48.125,-0.03104903421061454,-0.048197314554533605,0.05614608712883139
48.13,-0.040699268169464266,-0.040901369739551746,0.06150096849410493
48.135,-0.039426261662593144,-0.03274124749404084,0.055235355286336926
48.14,-0.03412547553847802,-0.03666861016455569,0.05796211136981964
48.145,-0.0246698374998924,-0.036762212009347886,0.04583092276181472
48.15,-0.005869947136568346,-0.058886066015622934,0.04739811836900483
48.155,-0.0302983491982756,-0.06503898548162024,0.04928463954122832
48.160000000000004,-0.026820752436108788,-0.03767104610673539,0.04419774507719913
48.165,-0.03126705051261625,-0.04750985766237705,0.04509498176675133
48.17,-0.032894217612819326,-0.04058384458206271,0.046108509900647285
48.175000000000004,-0.042036812350359984,-0.053304296932341844,0.054859816050386256
48.18,-0.021473341511035637,-0.039267925144289666,0.04000786523628017
48.185,-0.04348128942521858,-0.03831060163594743,0.049130589234402
48.19,-0.02346501345099408,-0.030580061184300896,0.06300414491039158
48.195,-0.013787547039870356,-0.03827530046369061,0.047809360694703665
48.2,-0.010462123653211924,-0.0374533285108298,0.04996428282549953
48.205,-0.022093493744069572,-0.03061731206467652,0.05159330444960974
48.21,-0.04485430539470558,-0.04273584387033365,0.04782559609475227
48.215,-0.009895819247924362,-0.056526757914627135,0.04678969860247444
48.22,-0.042209779610966246,-0.05051885887161722,0.0513484743006262
48.225,-0.017270091656061762,-0.05187105396073287,0.04952976217915897
48.230000000000004,-0.018880546938578085,-0.03557127601636673,0.04595313581417257
48.235,-0.026934567845315307,-0.04652227138260193,0.04689365196650101
48.24,-0.03420108391538391,-0.04682898781208612,0.05003121540154544
48.245000000000005,-0.009694987253535972,-0.04308058296501864,0.03428552950570807
48.25,-0.026962662347151875,-0.04937478940654648,0.0579002501926273
48.255,-0.01409816382909579,-0.04779453083690248,0.054832244828008976
48.26,-0.015501015671183789,-0.042350024505858536,0.05071982615120801
48.265,-0.004254431103292511,-0.06065404373236696,0.03803043387180822
48.27,-0.03173897284994374,-0.05003826946651141,0.043097902443692784
48.275,-0.024471220550971274,-0.05259490630263865,0.043512929665606645
48.28,-0.01794313504776491,-0.06565874075383901,0.052726298434568636
48.285000000000004,-0.015624947463920135,-0.05611618246678778,0.02784303607694959
48.29,-0.011593492074873554,-0.060629997266253906,0.04358942371218719
48.295,-0.0014148550552365202,-0.0604801365325035,0.04726113465524884
48.300000000000004,-0.004774810892259255,-0.053745800571305374,0.04319426168558846
48.305,-0.011637113570648158,-0.05612805950928808,0.0371486872664825
48.31,-0.022305483588991544,-0.04777011214954398,0.038509436940620596
48.315,-0.026624711247212593,-0.06256673950310612,0.03490414465526197
48.32,-0.018310253338223753,-0.05814393783209754,0.048024046973258905
48.325,-0.01249826097103264,-0.061033402158790495,0.047261018209299316
48.33,-0.018122381179516703,-0.05621999328524384,0.04154949929146983
48.335,-0.010490849548375807,-0.048016506597310576,0.0471160104211856
48.34,-0.020768800149114447,-0.03925616398848956,0.03178166843632399
48.345,-0.013173664029152168,-0.03126903887364936,0.042924021572043336
48.35,-0.01828812687108841,-0.052145039374406996,0.04088457179461347
48.355000000000004,-0.03453603962976072,-0.04334285661975034,0.057255288916841424
48.36,-0.03778650418589724,-0.05334847474001968,0.045823347358315766
48.365,-0.011465749189279454,-0.061919523564097814,0.04819014698639164
48.370000000000005,-0.020853660258649598,-0.06581005732398044,0.054527414230926344
48.375,-0.014156405600399179,-0.0527942200455752,0.0581559394708273
48.38,-0.024642170199847765,-0.05655026677520141,0.021922680199562342
48.385,-0.006374489872773574,-0.0671363895604361,0.04984367318446807
48.39,-0.03355825970554293,-0.05948356656704582,0.04353740210233102
48.395,-0.0141199826709231,-0.05542317134424734,0.030840492427423996
48.4,-0.009704758760789259,-0.05252394558605226,0.04413815597368774
48.405,-0.030373561431388984,-0.05929737137047776,0.05187995847093295
48.410000000000004,-0.014260348797884702,-0.051510126568296205,0.030478015409841224
48.415,-0.01563528810998763,-0.05827597795621839,0.05098943583038246
48.42,-0.03259419571880782,-0.054940270568064234,0.061765262077792815
48.425000000000004,-0.005565521338425599,-0.06858278149676558,0.03584603226147181
48.43,-0.029678755937331325,-0.07861560405827857,0.029887201899318105
48.435,-0.018655961671987603,-0.07116834574563174,0.03333575519371599
48.44,-0.03599028484217497,-0.0726454519423049,0.06118284169998351
48.445,-0.022456661574647353,-0.06832164783133259,0.03236941595384686
48.45,-0.047434183851250034,-0.055377610288865946,0.03181411201651721
48.455,-0.004841635108563814,-0.07103520403959994,0.05257721978714837
48.46,-0.005955232159709719,-0.05334568503317318,0.0565547484224754
48.465,-0.024366128369878,-0.05586232357872307,0.04949622220164747
48.47,-0.029245011560068385,-0.04443609325255683,0.0492407493686212
48.475,-0.0343596610096353,-0.06501715865394922,0.04942185380340805
48.480000000000004,-0.012100764592881822,-0.04938953078172361,0.04409018553577985
48.485,-0.013798216767547406,-0.06449201670798249,0.04170815459197113
48.49,-0.04276897361793276,-0.06218226511043333,0.03844040678089883
48.495000000000005,-0.0443678833179506,-0.06350736680327465,0.04990103613193936
48.5,-0.0411230250752066,-0.05778836296470066,0.035546188491630035
48.505,-0.04022328617432517,-0.06798554423460998,0.030938188451416083
48.51,-0.03428135250450302,-0.05920747109987835,0.03961190162880105
48.515,-0.017074825184554592,-0.07350669106674612,0.037742067576564446
48.52,-0.021550249724371424,-0.05801260178548767,0.028090569283954273
48.525,-0.014852948344264927,-0.08574546150753215,0.03302061303835094
48.53,-0.033258907752072346,-0.0463555546490607,0.04003019573678265
48.535000000000004,-0.02353399297204441,-0.057444723656890434,0.03725531048347678
48.54,-0.03340247323043696,-0.06688742534020488,0.038490191369061934
48.545,-0.023352337716821422,-0.07173848816305911,0.026125282458652973
48.550000000000004,-0.037941775183120044,-0.07064608656347188,0.018099191430429998
48.555,-0.03801373163004103,-0.05810823916824033,0.04096026983724077
48.56,-0.02888107835487784,-0.06780766567804833,0.029203763180787854
48.565,-0.023622790251924465,-0.06817639458557502,0.03780986811242359
48.57,-0.011255885120843879,-0.06466241993148841,0.03494159270739115
48.575,-0.04202151983821468,-0.07495530576075067,0.03460134828698983
48.58,-0.02149459287608866,-0.0611647661504884,0.04906629737793526
48.585,-0.021480822750955444,-0.079005222364724,0.032106214871536365
48.59,-0.012923942304768727,-0.08952735106014803,0.04647464126355781
48.595,-0.031117296243422816,-0.05573737462910976,0.009993483147788605
48.6,-0.022751927810069964,-0.06140015364911935,0.032916610044666644
48.605000000000004,-0.025867430291036768,-0.08201681764090074,0.04005486651100728
48.61,-0.021871790900725684,-0.07562758548684904,0.045670903825200775
48.615,-0.02281257484486418,-0.07313152555384804,0.060463763248294666
48.620000000000005,-0.02998439019966478,-0.06324564655213921,0.030367989976267804
48.625,-0.007304327494609367,-0.060275453986768944,0.04060704093039805
48.63,-0.03372559904272386,-0.06242050422501648,0.027853929263177167
48.635,-0.03227465617077975,-0.09127062963596076,0.0398396596667238
48.64,-0.010570922177865375,-0.06762075797729361,0.03127921280949744
48.645,-0.017487336293264856,-0.06980734175665945,0.04321086868675677
48.65,-0.006255488159354864,-0.062209153441502116,0.044126700363394306
48.655,-0.0029108332873447164,-0.0762374866748069,0.04044659788610368
48.660000000000004,0.0024519150681026427,-0.06572989737827478,0.05426235958139265
48.665,-0.031278318607480156,-0.0715568429158893,0.04902055179349059
48.67,-0.003134331714072542,-0.08994832117003465,0.029174937128426077
48.675000000000004,-0.0098743172964634,-0.05755693419780073,0.049102248386033887
48.68,-0.009884366808640455,-0.0449071227600152,0.05281919099045426
48.685,-0.016395149966509877,-0.05871993547023895,0.03991247085669311
48.69,-0.014827543577586625,-0.05277737707248796,0.04226915227685328
48.695,-0.008618205481229099,-0.05927842695485094,0.02883164469870251
48.7,-0.021683580181742105,-0.0696735208123416,0.059597882933401215
48.705,-0.012300613640213157,-0.06566159337135657,0.04354438924246977
48.71,0.007200786616853025,-0.07227999760537288,0.05210820380007032
48.715,-0.013804611254912818,-0.05940911549637067,0.04006356639389183
48.72,-0.013605853221748109,-0.06948409900137387,0.03106785122168645
48.725,-0.010574307793506628,-0.07040585315655004,0.054216988063314056
48.730000000000004,-0.008791867320133238,-0.06885613254815687,0.051825772280582896
48.735,-0.021693544166365864,-0.06116737686128972,0.05263122667901047
48.74,-0.020559036965243555,-0.06916558448856149,0.05616405650575053
48.745000000000005,-0.0013467314303222582,-0.07133153472869766,0.057882414102925564
48.75,-0.0017707480592083508,-0.07597786659536507,0.06178792296316214
48.755,0.00713185966708831,-0.04398335873636993,0.058798960966863836
48.76,0.011722541872267428,-0.06879070481471275,0.04948125567091115
48.765,-0.0022432382439907996,-0.07326899076733775,0.04232561923447996
48.77,0.0002693638035059275,-0.058464087599891745,0.050400284482476854
48.775,-0.009843908588298974,-0.04260810193633631,0.05861318924255578
48.78,-0.027504254226516634,-0.06019980889333902,0.05077677362833856
48.785000000000004,-0.009013302475782647,-0.03697864978330214,0.059718241533182975
48.79,0.006588647190178062,-0.05925313936380462,0.05005173570838334
48.795,-0.0011645414103181799,-0.054236709647587,0.052785038467434736
48.800000000000004,0.009681456941373512,-0.054886444408625654,0.04069735637361476
48.805,-0.011230032008429437,-0.05393767459876425,0.043364234484882934
48.81,0.005888571884922558,-0.061539403764581904,0.05219601318622061
48.815,-0.002902873467729724,-0.07005544413619116,0.0502213130624777
48.82,0.006642152966261408,-0.05449604443850438,0.05444534735288889
48.825,0.005132778329461363,-0.07500402756729274,0.041432831634242606
48.83,0.014479685477451702,-0.057190481558474913,0.047797444403206865
48.835,0.0016814203336423432,-0.08144168911748656,0.044551676544829985
48.84,-0.004069231379092231,-0.07788876659843655,0.025113226071306918
48.845,-0.011033336400786884,-0.07052098957533633,0.044430135817447515
48.85,0.006775652069875973,-0.06731509498320319,0.04385586033553
48.855000000000004,-0.01937121583542599,-0.06288229401070879,0.04651399842097922
48.86,0.0004327099809770876,-0.054332767489196986,0.060997139542037074
48.865,0.00860585515842648,-0.07505208247547702,0.0438480110090889
48.870000000000005,-0.001938085329766021,-0.05352072491501275,0.02981350371403579
48.875,-0.008254539326552604,-0.07461416876108125,0.04217723518755722
48.88,-0.012737333618015696,-0.07885285954993337,0.06817242318766956
48.885,-0.013090457768951763,-0.06635476349447181,0.036592874918896415
48.89,0.006647810288866813,-0.049718807038076095,0.04594881876101282
48.895,0.009027866822803095,-0.07095752329580675,0.05171794393139073
48.9,-0.011285040059340544,-0.0710769533804813,0.04741359937113144
48.905,0.004785261244418713,-0.06993906139441651,0.03989114322548439
48.910000000000004,-0.011585402621104827,-0.07005254797326256,0.03519524745594557
48.915,-0.008467291948726734,-0.07372804957966689,0.046831968717542374
48.92,-0.006747195252014079,-0.0773095725690306,0.049095106309022876
48.925000000000004,0.0017427866713666824,-0.04915301551937505,0.045606763862676244
48.93,-0.017391748126539652,-0.07392520077689044,0.01932925961995809
48.935,-0.021865264684598172,-0.06627970286969657,0.03596167524892483
48.94,-0.019250363304702763,-0.07828148314974724,0.039659072547417386
48.945,-0.02255023678026922,-0.06526290981072315,0.044408108552540904
48.95,-0.004949471647906859,-0.06671966803314808,0.05616403644606948
48.955,-0.00319271383835426,-0.06538884693443114,0.04037337536092314
48.96,-0.0038032978166548962,-0.050453637442352636,0.047478965460514055
48.965,0.0011336863386052663,-0.07370139433705204,0.05122991804418758
48.97,-0.0035754264407603497,-0.05854009880038744,0.04116794912369651
48.975,-0.019096337832965635,-0.05900333001620582,0.03877505636959717
48.980000000000004,0.010229177160943275,-0.08375752107033013,0.0519702111402295
48.985,-0.012615246498976468,-0.0697129535733778,0.046574611309077654
48.99,0.0067573990651930765,-0.052388859772879916,0.03645573641098773
48.995000000000005,-0.0030673099349064654,-0.06562902662914,0.04476662977251311
49.0,-0.007969996125060403,-0.049947519340844425,0.061805731867094454
49.005,-0.030103356366350385,-0.060731228491473756,0.050532349098815856
49.01,-0.009367149157998824,-0.06755118986338386,0.05591984194024263
49.015,-0.012415284310525958,-0.05955638257072117,0.046330395492021066
49.02,-0.019583634711374427,-0.08132308676201594,0.06424865582203193
49.025,0.011830480065378667,-0.06849345397659133,0.047434802153191166
49.03,-0.009087106860051389,-0.07365563749393891,0.0589268236957999
49.035000000000004,-0.009559035908890299,-0.07175394467493217,0.055453893143339233
49.04,0.009777773220158058,-0.05417463453168676,0.03725398896403713
49.045,-0.009402101551379665,-0.06348141864446455,0.04961221073440583
49.050000000000004,-0.01958274794587212,-0.068228310881213,0.03409713679633937
49.055,-0.01480975386827512,-0.05018429243214877,0.0485053400942565
49.06,0.00039883567768340305,-0.07079450906171314,0.054544421061203205
49.065,-0.01748453631333404,-0.04621333226708733,0.04812341685368948
49.07,-0.03769965035326521,-0.08368730245092551,0.05193058386973146
49.075,-0.021306292851821337,-0.0661944318365404,0.036555868530818145
49.08,-0.03305782810191701,-0.06087752720160142,0.05891247830505503
49.085,-0.03981076319932753,-0.06274526531948232,0.0291618481916799
49.09,-0.014963190908501824,-0.06719357224621275,0.03185836523833976
49.095,-0.027732925031224365,-0.05757394954760607,0.05051397986337125
49.1,-0.021021332848755188,-0.07857660024009647,0.05403554243352285
49.105000000000004,-0.03280789576134228,-0.062010707817523984,0.038696639427632434
49.11,-0.008849450460774625,-0.0590035019443374,0.06469829682435645
49.115,-0.002297220861428896,-0.06523159765765617,0.036943572481361875
49.120000000000005,-0.02622951458470532,-0.07703253555232481,0.03172315002356393
49.125,-0.02470407099599144,-0.07013209527587999,0.03795038350820813
49.13,-0.017529312534345434,-0.07299841359257023,0.04340622737023755
49.135,-0.01930613967963671,-0.06210667476995049,0.03870919472654959
49.14,-0.002234874731831727,-0.054781320313186534,0.045054712588335336
49.145,-0.019252356535586258,-0.08564942530492439,0.027896543731012698
49.15,-0.031553477904988705,-0.0817594823697514,0.046779863465547585
49.155,-0.02199078392791839,-0.05010331973168797,0.05916417790850622
49.160000000000004,-0.010612848413886515,-0.07490110138166535,0.05505351731493907
49.165,-0.009477388101104421,-0.06264942441958705,0.04758792600230338
49.17,-0.03772761920242311,-0.0730291890692207,0.050687237337089124
49.175000000000004,-0.020863104807193996,-0.07914029679554366,0.044650722903002274
49.18,-0.026078054453323823,-0.07778407454167009,0.03920704934909454
49.185,-0.022989754467008287,-0.07687776668461746,0.030698501588193143
49.19,-0.020900731615548365,-0.09204558313836568,0.03432376016175914
49.195,-0.024831005868806887,-0.08251528499911377,0.033077904134791856
49.2,-0.029259818479392866,-0.08761466448119815,0.040738074001502256
49.205,-0.015319697288820398,-0.05747320803159643,0.037853137440367786
49.21,-0.02269508061757873,-0.09018930606317074,0.03141591219269472
49.215,-0.008818698715942522,-0.08409205132382024,0.027287863179447376
49.22,-0.01821702213993347,-0.0865273531589306,0.04146896171017046
49.225,-0.01681098240556241,-0.08900729207086416,0.03973722961913107
49.230000000000004,-0.00984488739076779,-0.07216245658512854,0.022981770094690112
49.235,-0.01738142682566605,-0.08562863978904006,0.030095680433975956
49.24,-0.03371843764859743,-0.09001360660670427,0.03147168429793863
49.245000000000005,-0.01960408740949546,-0.0702193010241917,0.04439472550445997
49.25,-0.01703515807134933,-0.06781800821117503,0.04396758880423127
49.255,-0.03501783057583703,-0.08145651734980373,0.02329066097954252
49.26,-0.03232132556740973,-0.09197158396958645,0.032367143430451065
49.265,-0.021975074320963926,-0.10237465822046782,0.02820261566032568
49.27,-0.03125749622009378,-0.09309590276351946,0.03250159161408522
49.275,-0.01670186192092226,-0.08085369254793005,0.031761061021231815
49.28,-0.04246298101506489,-0.09233169797451463,0.018131594350871208
49.285000000000004,-0.016860060358942597,-0.08231011740280497,0.04088286752449777
49.29,-0.014618762779485423,-0.08699098160919386,0.03803425556983345
49.295,-0.027075394757366356,-0.06872982045144105,0.039633190767220765
49.300000000000004,-0.03430146882331582,-0.10122139880712153,0.028845688613779025
49.305,-0.03335864934804939,-0.08315938706494286,0.045694979713245126
49.31,-0.027927510591730924,-0.08405651100320147,0.03707859233956679
49.315,-0.040948004785182034,-0.09266406709232983,0.05024489910344659
49.32,-0.03459886411015205,-0.08153367809384335,0.04105029929819726
49.325,-0.014846116582033601,-0.0901175071237525,0.05000476288143303
49.33,-0.023290111189017686,-0.06980212925794409,0.044096635444394655
49.335,-0.022295482438591762,-0.09244869804901809,0.04444475652296158
49.34,-0.029714799173550074,-0.07394881155820628,0.05062304590736441
49.345,-0.01610590613231419,-0.07747985063227744,0.0389008910204471
49.35,-0.021343102768041543,-0.09388467332511272,0.05144096933949813
49.355000000000004,-0.014153587540683478,-0.0718152951095398,0.03890074207121062
49.36,-0.004767878575316908,-0.09317018838782289,0.046462310972573195
49.365,-0.013352244174619601,-0.08256480467829863,0.047443384130012256
49.370000000000005,-0.002185840023125758,-0.07487856702729637,0.03961249039331256
49.375,-0.02717096298732473,-0.08077477000804258,0.0448185728085346
49.38,-0.021439597540698477,-0.08921596667774766,0.0399876242228112
49.385,-0.020857990030493392,-0.08946458265891517,0.05998601932162389
49.39,-0.020724463797209908,-0.10076746683088253,0.03344996229110761
49.395,-0.01469441115406649,-0.08897460000943508,0.028686698375073316
49.4,-0.022672588632283174,-0.08243955501474078,0.03660446806578074
49.405,-0.019308388187345683,-0.08327913314269521,0.06218080735204359
49.410000000000004,-0.016865607828789382,-0.08222163609208955,0.0485830206221458
49.415,-0.02082340459572122,-0.07721300701899932,0.05129161126775271
49.42,-0.03526164433955882,-0.08319620323385117,0.03974303018615509
49.425000000000004,-0.03422800745346886,-0.08216402837768164,0.04286273048963503
49.43,-0.013608753656824141,-0.0845065539307832,0.04909705860232086
49.435,-0.006890920299709414,-0.08848679137535653,0.04734633600760873
49.44,-0.019570402258110683,-0.10083460839334878,0.018308543680994077
49.445,-0.012026229852467343,-0.08734511319767475,0.02853099650266734
49.45,-0.02392805261502614,-0.10110227863943624,0.05728502210939137
49.455,-0.012838662971779363,-0.08176463785211295,0.04241592900765574
49.46,0.00013443460094326662,-0.07832226212109153,0.038555687890520086
49.465,-0.01766775856753951,-0.09647414759049666,0.03474786244812696
49.47,-0.02412151325815698,-0.06414643362425004,0.0435282278690914
49.475,0.005388011209486381,-0.06463410928286695,0.06003373720494673
49.480000000000004,-0.01235051035596147,-0.06153643359244029,0.04815050885471654
49.485,-0.0016876838815494122,-0.07525663106984319,0.06016154339785885
49.49,-0.008604005445725722,-0.08074450527742637,0.04567031606141841
49.495000000000005,0.00036450113011919985,-0.07645634122986052,0.07498580161940363
49.5,-0.01691138785722965,-0.05794814805104826,0.04005385217074424
49.505,-0.01890378547881576,-0.07963896236417967,0.06117244999725012
49.51,-0.013257685730586909,-0.0671544718989356,0.05011871101648315
49.515,-0.016944784758079444,-0.07331915872306903,0.03765944994828306
49.52,-0.01991739758263643,-0.08265948491825138,0.06649063629964243
49.525,-0.0241332356644157,-0.06853232398932635,0.05702680364293469
49.53,-0.016168737882784938,-0.0770440788605983,0.05759173639736631
49.535000000000004,-0.007956614807039512,-0.05518232913457648,0.050313111171352114
49.54,-0.0216581195023277,-0.07541884678993083,0.048452499479160284
49.545,-0.01337779778124764,-0.09301247183796099,0.05906389226474358
49.550000000000004,-0.027618760675156315,-0.06913629728085632,0.05712897443423693
49.555,-0.028706551648121664,-0.07053169513110884,0.053125901982899786
49.56,-0.010932185461508863,-0.08101438909080695,0.04029277879711666
49.565,-0.018830360084097015,-0.058352430395394825,0.05235288001825206
49.57,-0.02645806667418102,-0.08713891639197574,0.04734540582172665
49.575,-0.0033280875820624195,-0.07248247638806964,0.033428048895433604
49.58,-0.018682106091675935,-0.09080334154532918,0.03301975974923204
49.585,-0.014382576020390992,-0.08167021814837619,0.05272402562412283
49.59,-0.02328444164180563,-0.09206898285496623,0.04337768450250802
49.595,-0.01236539122219538,-0.0842909326908848,0.05718818323648018
49.6,-0.018118349739844358,-0.08931752474434242,0.037504200009934444
49.605000000000004,-0.009450131253825114,-0.07052999496214314,0.05147068498332843
49.61,0.015328442946851128,-0.061585364296574394,0.053481558133425894
49.615,-0.015186812839699467,-0.09800851965841127,0.04718393888541264
49.620000000000005,-0.012108076118958883,-0.07528623977370154,0.05009062788783913
49.625,-0.006466932374752012,-0.07457612365869946,0.054171325116100975
49.63,-0.02540379145544331,-0.0956299473751119,0.05221362427338603
49.635,-0.014228191775852227,-0.07239388865933977,0.05668541276295536
49.64,0.001739184569978812,-0.06124198480141497,0.0637054927325805
49.645,-0.00507188491617026,-0.08248217210925009,0.04162895102249543
49.65,-0.0074793819351947,-0.09000875976815326,0.025546543986594353
49.655,-0.002108339010866326,-0.09225175209774736,0.05427891088086642
49.660000000000004,-0.02185489163055312,-0.10104517548522671,0.045025261059992744
49.665,-0.002985431423358796,-0.08372525059573277,0.0375672739337722
49.67,-0.011917105836516301,-0.06386961134304331,0.03381781902646091
49.675000000000004,-0.02405556208119903,-0.08920928981920676,0.03673841367000951
49.68,-0.024650065477263432,-0.07559025462342844,0.034777711322348956
49.685,-0.01619985194574358,-0.061228495058797176,0.0560425229648711
49.69,-4.699287848082545e-06,-0.07608067861164966,0.051520576269702134
49.695,0.00701853571057378,-0.09143814211345863,0.04836029177726749
49.7,-0.016674602479358067,-0.07289504559206969,0.04898605990817626
49.705,-0.0036692375578706304,-0.08970014130918953,0.05817078477515425
49.71,0.0017968025289543388,-0.07200121909533935,0.03862361595529066
49.715,-0.008503303691041377,-0.08644668609643154,0.047911942346817143
49.72,-0.012800022933914981,-0.07303652629412792,0.05148154489676807
49.725,-0.0018510771768471442,-0.0669156602555386,0.0573368469205685
49.730000000000004,-0.010079186021595056,-0.08137185057606547,0.0699930379251517
49.735,-0.008481268346826751,-0.07232512209640793,0.05240120146614492
49.74,0.0033420167416192657,-0.11207434581911158,0.05934687380200016
49.745000000000005,0.013716593430681915,-0.07059283578760916,0.048255151962142126
49.75,-0.0015329116403713546,-0.07846500027524891,0.061997589815522926
49.755,-0.007768330109004091,-0.07841819459077244,0.06364794042046437
49.76,-0.023291036715735118,-0.09449226248700224,0.056313067784672245
49.765,-0.011231686236925147,-0.0546480172932989,0.05312836294155051
49.77,-0.024942013922477344,-0.06996678890629922,0.05990641954190634
49.775,-0.008710337280786837,-0.08349999862556631,0.047834649606978634
49.78,-0.0226054034655176,-0.07917392139179348,0.0538218776897789
49.785000000000004,-0.01019245075371145,-0.09471496240397975,0.039727814453818115
49.79,-0.01480487955992461,-0.055853023834715076,0.06931525552739966
49.795,-0.015545029455471576,-0.08021917735927767,0.058251510849236354
49.800000000000004,-0.023794203527701212,-0.08512813013761368,0.049815332901665774
49.805,-0.004765848190868963,-0.07582013232459636,0.05393849411432701
49.81,-0.018801894251196816,-0.08401940218619386,0.06900551094645216
49.815,-0.015482051916799262,-0.07838985990246652,0.06032987978519867
49.82,-0.005815202123462631,-0.08177494581466434,0.05287353870421084
49.825,0.008671602081919475,-0.08754652821444628,0.03428930305411965
49.83,-0.024651838696579362,-0.07929485127970624,0.04346965905656014
49.835,-0.019750202724354137,-0.09209894352816753,0.05094304013952773
49.84,0.0017568435752616587,-0.08271141622938749,0.05692742290881953
49.845,-0.0007014068340257494,-0.04453842420820071,0.05169762416009851
49.85,0.002235775331722537,-0.07257950853496212,0.04587414177517836
49.855000000000004,-0.005942982651873985,-0.08316255935550539,0.04898797859213257
49.86,-0.017455748595062267,-0.07176043380505667,0.05592786930007478
49.865,-0.013409459121084398,-0.08685663241813392,0.06997954536100816
49.870000000000005,-0.02994900847396154,-0.07514412500843266,0.044896668991652545
49.875,-0.023248680723185994,-0.07703644139750307,0.05697819306949822
49.88,-0.015750717714138097,-0.08906334326184752,0.04687075258273349
49.885,-0.02193853626415756,-0.0651584042721191,0.052531517632635964
49.89,-0.0037231836851468747,-0.08300806979353992,0.05818208601397999
49.895,-0.013855025261699214,-0.08131788365413717,0.04222301860646572
49.9,-0.0057570271958793315,-0.07187201168675887,0.031115460655940286
49.905,0.0028191854690326965,-0.07028786175941865,0.05082909480227656
49.910000000000004,-0.022648038078569025,-0.0842087698932009,0.046346954921087424
49.915,-0.005273581999136183,-0.08260804272237032,0.043761948341555945
49.92,0.0014186907026467917,-0.087823104834683,0.038497214355455715
49.925000000000004,-0.034266449568730796,-0.09073047220248665,0.05383525085951067
49.93,-0.03245313190157333,-0.07663882759557578,0.0397933499939154
49.935,-9.984177178566991e-05,-0.08427339619635496,0.03276631358970495
49.94,-0.01943784770869258,-0.09268117888606794,0.04152391581710008
49.945,-0.016443471212954842,-0.08028612388694562,0.03692527368704003
49.95,0.012226895237236645,-0.08557525495945807,0.039519027438481694
49.955,-0.01656485683321447,-0.08408974847905852,0.032966068951529676
49.96,-0.014106775309561507,-0.07702589834145532,0.042330064925491996
49.965,-0.02670751588988754,-0.06396623950955291,0.038136000754508945
49.97,-0.01078562108356403,-0.09588124642663746,0.0338116096975424
49.975,-0.03211939236387797,-0.10068869243385051,0.03915442484617983
49.980000000000004,-0.017424116670006002,-0.07222649910952406,0.04084226012089828
49.985,-0.010296527283229495,-0.09531331886531548,0.046279950558432634
49.99,-0.016466078075760292,-0.07732182867550143,0.043118919763240664
49.995000000000005,-0.01088723010435606,-0.08330179462390555,0.03867536818793632
50.0,0.004808491245674305,-0.07710694842679547,0.03661539319391703
50.005,-0.009249650263033399,-0.11424672598960006,0.03407843098539416
50.01,-0.014656996059468224,-0.10814692529768585,0.04920342567855217
50.015,-0.010705841414292646,-0.09786464036024953,0.04953154135036384
50.02,-0.01210558963257041,-0.09838220997466145,0.029873590333026192
50.025,-0.009184882523377586,-0.0872291907047976,0.041102069240743666
50.03,-0.014900216851095275,-0.09610180451048832,0.05004283747577509
50.035000000000004,-0.012834427555831203,-0.1005794766615753,0.04658009014892562
50.04,-0.01268826267382353,-0.10805474550820074,0.029127056344709048
50.045,-0.01820488528914402,-0.10119673199799845,0.0574934999670693
50.050000000000004,-0.01702557078029222,-0.09307431333093809,0.048490935357725876
50.055,-0.001293865665152924,-0.08525228107972567,0.04450628799471598
50.06,-0.0064465531081949815,-0.08828905077410215,0.03664792273345191
50.065,-0.019126410173032515,-0.07996096108076817,0.025526666207584987
50.07,-0.024793300641100406,-0.07885199832591583,0.03640295513618253
50.075,0.003027346154230448,-0.08280240706794206,0.055733824009704225
50.08,0.0039515431875188425,-0.07902720927681096,0.03952495371075823
50.085,-0.015020995655568962,-0.08223794960890914,0.028248497567862123
50.09,-0.019038112646430853,-0.06818758602999944,0.042240048572002746
50.095,-0.01699689447644959,-0.0994877320289545,0.038515991862362486
50.1,0.004361364054130325,-0.08992996147070569,0.029690550819158532
50.105000000000004,0.007785369935697298,-0.08423952739530507,0.046173815936891766
50.11,-0.041410729629164894,-0.07777352355333643,0.03551101397614647
50.115,-0.0143865133452909,-0.08091644699049683,0.034483646279835335
50.120000000000005,-0.013664179681577529,-0.09367410381907589,0.0324005477290879
50.125,-0.006490766793808701,-0.0929349826708023,0.044738078280578755
50.13,-0.019074768846389194,-0.10784362286162766,0.04489510261934753
50.135,-0.016052477358504222,-0.08392117153645368,0.022211977238854933
50.14,-0.007702582232556869,-0.10104478414471015,0.057974448017760735
50.145,-0.0112772076469448,-0.07175124064268976,0.03715251721176868
50.15,-0.022399270795613067,-0.09318088964929494,0.02813040467926624
50.155,-0.017417334138973492,-0.07666259347545994,0.02596656638789953
50.160000000000004,-0.015566154684237107,-0.09302028251075352,0.044649644943009936
50.165,-0.018617080821697735,-0.09036765995700644,0.028184517811560124
50.17,-0.023744801578163298,-0.08457252159121405,0.04072857297285338
50.175000000000004,-0.03023244334814627,-0.09256716082193837,0.04024241330838074
50.18,0.003549484111500044,-0.08968916176501648,0.03565491794916765
50.185,-0.01468351571138369,-0.0855586089692535,0.04658055472594304
50.19,-0.022756406116873434,-0.09437786255364941,0.04565631997266345
50.195,-0.02581595352957146,-0.08494592564268569,0.027094133778498834
50.2,-0.01896462543981957,-0.10646591659818108,0.023734764831343867
50.205,-0.01832593271190903,-0.08709362544016996,0.03767848291191046
50.21,-0.03245403707158753,-0.07681021926953717,0.04259691609120682
50.215,-0.023507464761976852,-0.09704877383198776,0.035221647327388556
50.22,-0.042232561090572815,-0.09816774243250334,0.06169934930164574
50.225,-0.04150446994763565,-0.0825510228705429,0.043006273943210355
50.230000000000004,-0.03501672460451937,-0.09148976566231933,0.044533244679495376
50.235,-0.032285854942204095,-0.10347638400153425,0.049640173688394525
50.24,-0.0234345809946186,-0.09297173665653924,0.050262057031607195
50.245000000000005,-0.01822346633759825,-0.07572284665110969,0.04350644778127416
50.25,-0.03360397156105463,-0.0876111585167677,0.06462288591562222
50.255,-0.02996130411718731,-0.08349391356645522,0.0735346837017147
50.26,-0.01392668631202874,-0.0919476775028635,0.04414316490703822
50.265,-0.01393847630794956,-0.08488030787419555,0.04958136362092387
50.27,-0.028501745549026937,-0.08521544796245598,0.045115913923605463
50.275,-0.013333715100516744,-0.08858384752181239,0.04421093186882233
50.28,-0.025024520757852005,-0.09651723676454375,0.06254083608024076
50.285000000000004,-0.019190171913625178,-0.0667136676221746,0.0363130292129368
50.29,-0.008915124434250504,-0.08860567472747329,0.046295172880075855
50.295,-0.008959501211788418,-0.09044428729264126,0.032448024345255636
50.300000000000004,-0.026647158282259317,-0.06730956814060751,0.04087674309476539
50.305,-0.03548228119495223,-0.08353172242733209,0.04158579870442011
50.31,-0.01006257381261792,-0.10216621986608072,0.026253070567746953
50.315,-0.02498883822518934,-0.09279660962227017,0.052676268564925736
50.32,-0.025531079947627336,-0.0747728438940722,0.04475443905870926
50.325,-0.006044895478026949,-0.08052345139835328,0.042975259834185056
50.33,-0.022761980258200882,-0.06912484258253809,0.061882576395692286
50.335,-0.020757631480901886,-0.06406379057794599,0.04097526325708907
50.34,-0.011621231628000779,-0.07124094124855097,0.03459152390367018
50.345,-0.016783870384155176,-0.08840691965090705,0.03287498275813747
50.35,-0.023783084955660495,-0.0698464812103274,0.03317021130283636
50.355000000000004,0.0022149964287092837,-0.08883695445038195,0.03843301920814962
50.36,-0.020735043083568962,-0.08566571138329174,0.04347910193350055
50.365,-0.01772228436503267,-0.07131398824191287,0.06094736805541957
50.370000000000005,0.0056626111785909455,-0.08539054590583048,0.04431474769014698
50.375,-0.015691786895598706,-0.101902853331038,0.037055006008024687
50.38,0.00783723270111434,-0.08274827560489036,0.05548374238117863
50.385,-0.029420183242117853,-0.09248575415053106,0.05681632366780384
50.39,-0.0073950164514262305,-0.09188156520773207,0.04575827238978675
50.395,-0.03284565351359196,-0.06953104755944801,0.03751325987485883
50.4,-0.03339951603288533,-0.08800532369444022,0.034688223153830085
50.405,-0.015035281764410744,-0.07868953212720467,0.055001252127675614
50.410000000000004,-0.002772107776635578,-0.07230653368441425,0.051665151953576585
50.415,-0.016376207590278153,-0.10592512787754436,0.026223049410489373
50.42,-0.016432267655869838,-0.08422627876171213,0.0624441435280009
50.425000000000004,-0.024771366373328434,-0.09521018102347624,0.05696297662084043
50.43,-0.011788159493541152,-0.08221797082246238,0.035675709389760155
50.435,0.001863183046395555,-0.08671326586894892,0.04776288672597945
50.44,0.001429235579317508,-0.06811908654550033,0.0389744500711052
50.445,-0.008717670115131474,-0.08998292340965598,0.04274667713014592
50.45,-0.014515485538992783,-0.08357327063563005,0.049154023121723844
50.455,-0.002321692101495111,-0.09618402985299482,0.038418067909058426
50.46,-0.023300364678228328,-0.06532682756412128,0.04470581676447461
50.465,-0.01756079896371486,-0.07494543790333187,0.05540706715252612
50.47,-0.022420327608444042,-0.07928706886405729,0.0576218267371256
50.475,0.003221794966592185,-0.08396797678499025,0.049450692257630886
50.480000000000004,-0.0012156646094284435,-0.09176660918721816,0.03895326128057076
50.485,-0.03074649903635524,-0.06955820465665846,0.04959314979837311
50.49,-0.02051331542769887,-0.0802139837406528,0.037128871070547145
50.495000000000005,-0.008385211553293949,-0.08932180156230687,0.04562368301426686
50.5,-0.014468695671750714,-0.07845491467792048,0.05939815616152123
50.505,0.000622091333939985,-0.06175951412938584,0.02798404479117063
50.51,-0.006703397621310756,-0.07090877584750514,0.05514316957838057
50.515,-0.0022027629649203732,-0.08749360723722843,0.05954785154353551
50.52,-0.01648645299967237,-0.08298897699878573,0.042135822363709725
50.525,-0.007908501182679668,-0.06824351991430067,0.05425431261100818
50.53,-0.011872238630873846,-0.09121416059620756,0.05783820290979141
50.535000000000004,-0.012280036350599637,-0.0952893598000649,0.033249496771297765
50.54,-0.01716789552675001,-0.07579721069485694,0.056092542174477344
50.545,-0.021093142396825363,-0.06092351411925905,0.045595409354944695
50.550000000000004,-0.008651253437354317,-0.09215250258409029,0.04943919922346132
50.555,0.001361271286949458,-0.08388097758817571,0.050457785454661605
50.56,-0.01855428782409281,-0.09237452318403408,0.0640651282145655
50.565,-0.006110308172093442,-0.08496425144201553,0.04916347804308604
50.57,-0.0007835789559508984,-0.09610198122122479,0.06646505574129054
50.575,-0.009309820746710731,-0.08553004391068214,0.039389817417892235
50.58,-0.04700809249872323,-0.0769961428101481,0.02887492341918127
50.585,-0.02526321382724097,-0.07197753822612403,0.021470288082460244
50.59,-0.01060053736245523,-0.09249179930467899,0.04672990371804398
50.595,-0.02260050918577797,-0.09302046014268917,0.05148144623096599
50.6,-0.014839090114104166,-0.09106737121298727,0.06394646873298336
50.605000000000004,-0.000804433893296836,-0.05869692983023764,0.053430564640623394
50.61,-0.023180761261445207,-0.09195532647061132,0.0448042437297352
50.615,-0.027305007480642175,-0.09613026158453566,0.028697439753370635
50.620000000000005,-0.010160311843372224,-0.07708564548322445,0.05441232253232228
50.625,-0.011368349643040187,-0.08176537605155446,0.058489010673945296
50.63,-0.019283987811568162,-0.07667320758649959,0.041221351048932056
50.635,-0.0024263529619732507,-0.10459354094900239,0.04835418144443025
50.64,-0.009526296941756215,-0.07615362537479733,0.057104690866547445
50.645,-0.01398200023811699,-0.07894253311927102,0.04222231059609956
50.65,-0.021896894653930868,-0.08038321811135257,0.04599381633283283
50.655,-0.01815573891352423,-0.08637537176071725,0.0450711116048621
50.660000000000004,-0.007233128166804225,-0.10277974392684433,0.04255385732013862
50.665,-0.0011249974098501286,-0.09245172690349884,0.04573845329457817
50.67,-0.020722812072757616,-0.10462429237438671,0.05205581099696351
50.675000000000004,-0.02532554451042775,-0.10811890454625861,0.05536838390076272
50.68,-0.012856053914654234,-0.07186847167082014,0.061910173857525286
50.685,-0.01924235037568857,-0.08788272265791988,0.04718521718680294
50.69,-0.015269719516910796,-0.08421175081258633,0.030278228509805383
50.695,-0.022826733746049467,-0.08965978498522795,0.060329532549287974
50.7,-0.03672871759050492,-0.08282831730268721,0.058544601557871404
50.705,-0.013163115643048888,-0.06438022712251039,0.030611115124013658
50.71,-0.0207070181624485,-0.07002038867284927,0.05052858961866284
50.715,-0.02652582603968168,-0.08660997234743956,0.05270476518220629
50.72,-0.01952730510980716,-0.08126969606520164,0.0618745108294158
50.725,-0.03211761621433826,-0.07987975614443735,0.054317251089123074
50.730000000000004,0.012478249669187398,-0.08262316770263735,0.05350365805008633
50.735,-0.006009422564420525,-0.07282168083033153,0.05615071984918629
50.74,-0.00987336698309908,-0.0843181899634666,0.05732311208344735
50.745000000000005,0.006916363776861027,-0.11412554223390128,0.0640595641853985
50.75,-0.024320499430139808,-0.0838616673266504,0.050656662170053074
50.755,-0.0017326862342293692,-0.07328339189553128,0.06781567753449794
50.76,-0.0120846866281181,-0.08338945648709768,0.064558229853537
50.765,-0.025663961445121956,-0.08106861744083427,0.06750319882627653
50.77,0.0021825796821232993,-0.07488099477514576,0.0551750229146254
50.775,-0.013561138844080431,-0.08735081424576038,0.055691986246461114
50.78,0.0035228134605831823,-0.08786793818156777,0.037284278045946695
50.785000000000004,-0.0033665709582492258,-0.08310431317081378,0.05711434131613704
50.79,-0.03182918544128015,-0.1009018033055176,0.07907033280821052
50.795,-0.009048871443195494,-0.08164918520836911,0.0517344509844944
50.800000000000004,-0.007152429816700157,-0.0804645010638406,0.061413229556944324
50.805,-0.00451265645548354,-0.07670565546920358,0.05398035569308502
50.81,-0.013173421010415874,-0.07169085334171013,0.03226667441334275
50.815,-0.010213536273476927,-0.09328573390344305,0.04740882921865723
50.82,-0.01730916286035342,-0.10380019915744561,0.051715807107155204
50.825,-0.02208045794398073,-0.07507811178447815,0.04743335540645962
50.83,-0.012430848403391068,-0.08769720422196574,0.0494068036328711
50.835,-0.004978624186919248,-0.08225782821925298,0.04095942143051316
50.84,-0.01538808912576842,-0.08416766094497745,0.0394391268146701
50.845,-0.008188226796209085,-0.08287530221952369,0.05003454046600467
50.85,0.0001681842266768492,-0.07356349318974209,0.04903078813043542
50.855000000000004,0.0035082181658099426,-0.08645346103242477,0.06036145663799887
50.86,-0.020909418325721862,-0.07726119696555175,0.04666039419505669
50.865,0.0005456105183350643,-0.07858530335869934,0.037801020653430537
50.870000000000005,-0.031222547675490295,-0.08837978552602951,0.054328590646173694
50.875,-0.006723082577887406,-0.0749151284303606,0.06335238840542932
50.88,-0.009062910473303085,-0.08271420841919189,0.06352804806300544
50.885,-0.006534188676389573,-0.08466064668657257,0.03673787511983553
50.89,-0.025282228221691433,-0.08755510214194849,0.05448782301605318
50.895,-0.010342011334116295,-0.06930186970117133,0.07062943248564671
50.9,-0.01114482910353811,-0.06516809093257671,0.05091465411765503
50.905,-0.008419654563537163,-0.06450596392732422,0.05954499578796682
50.910000000000004,-0.0010965435601704085,-0.07923472655522253,0.06719047349162557
50.915,-0.02277234703816646,-0.08165557091851826,0.06601429895477347
50.92,-0.00932694223102587,-0.06822455750320756,0.06163683723046039
50.925000000000004,-0.006338713619648596,-0.07934656751120023,0.05828156205939257
50.93,-0.007796670985187031,-0.07090628979127815,0.08904447262727369
50.935,0.0005225660559381451,-0.06770054962295761,0.06189029671169542
50.94,0.013260011517530488,-0.07825536839672614,0.0626875064505824
50.945,0.006658565317168836,-0.08186569672607256,0.06970062061257816
50.95,0.0005828791899126738,-0.07635796530959017,0.06332378601807087
50.955,-0.015643770328344606,-0.05549381474897083,0.08124819522617352
50.96,0.013958929732599332,-0.06722174974120879,0.05864776848859561
50.965,-0.01588085946095755,-0.07225042632448789,0.06331089206820983
50.97,0.007555744002523228,-0.07326007761919012,0.07630606338072532
50.975,-0.0019151409662584128,-0.08263242664801687,0.07361443682522718
50.980000000000004,0.009089799993700737,-0.06544052332663551,0.08092329008735168
50.985,0.0121771687868015,-0.082074907521973,0.05316130458066469
50.99,-0.0020748113602175565,-0.07951241054007407,0.06777508457345624
50.995000000000005,0.011869594234794166,-0.0738118218925257,0.07812552480329199
51.0,0.011333088428648214,-0.07208637726991932,0.07135234328349008
51.005,-0.008118195475628007,-0.0615576364464475,0.07478982471227232
51.01,0.005496957942680208,-0.0629758646091635,0.056799608143506625
51.015,0.012092054034435466,-0.06411403191244786,0.07508927091305004
51.02,0.0078103743714826104,-0.053220968645400234,0.09714272649999905
51.025,0.008233801831075353,-0.07725358786172659,0.08110565756000443
51.03,0.0020342201660732764,-0.06626085965554186,0.08611951132499134
51.035000000000004,0.0042603476485446115,-0.037774473781218634,0.08443107538027
51.04,0.014109114451631596,-0.060070710588937426,0.0829299092758461
51.045,0.013490352894105894,-0.07417580307609435,0.08903018171132202
51.050000000000004,0.003266065929900263,-0.07522898848648144,0.07649751827189195
51.055,0.0018472104543418404,-0.0722772373872506,0.05659886756811292
51.06,0.004651638606810584,-0.0810634218716022,0.07216719526445413
51.065,-0.0035761395188341795,-0.036389266265607435,0.08418717540552484
51.07,0.02644541200138225,-0.058583273879325146,0.09312342353278893
51.075,-0.0004735734761385016,-0.0401974384502652,0.08300973995179127
51.08,0.009581201389311119,-0.051494365728786996,0.07506387829462526
51.085,0.008666105942703756,-0.05578677640103238,0.08791531421413158
51.09,0.013765803254780171,-0.03908415947091933,0.09513620910862193
51.095,0.010783876891615259,-0.0568767537973581,0.0832284856895021
51.1,0.0122328580141969,-0.06603675852774367,0.09474529608738762
51.105000000000004,0.03647398670499717,-0.04074221572694983,0.089915147011014
51.11,0.012384821118649815,-0.04874048479929746,0.076586792362512
51.115,0.003057106844075324,-0.054566561590637004,0.07117758046222876
51.120000000000005,0.017193642534250396,-0.048756101286686705,0.08926052463791664
51.125,0.01813923557704023,-0.06058932026647897,0.09522214905143343
51.13,0.018703058180864263,-0.0560279423713472,0.09910248452092581
51.135,0.0243502251238961,-0.06591450510326866,0.08261127314031984
51.14,0.019965258113758218,-0.0494034873167352,0.10213696668394798
51.145,0.012013124717200683,-0.06882896664457777,0.08602644275678757
51.15,0.018566508043752393,-0.044975429021488926,0.0750022606873649
51.155,0.009233755600200608,-0.06266380179734214,0.07697508377485625
51.160000000000004,0.02446364044505107,-0.05436950239147086,0.0812772489867838
51.165,0.017793645903408664,-0.06599742378922879,0.09251202878028646
51.17,0.01949691579521657,-0.0746060998879718,0.08091759700244071
51.175000000000004,0.005134214027889564,-0.05590795118347963,0.08521992827325295
51.18,0.01562271384580227,-0.06871502545591555,0.0757974571381317
51.185,0.018484558575996346,-0.07291448467884662,0.08726831755348799
51.19,0.0046827888346822125,-0.06889143955814563,0.07804575255909109
51.195,0.011158171076337764,-0.07074235638698521,0.06378783150879043
51.2,0.00872736887432882,-0.07496103812585127,0.08065207258328866
51.205,0.006850025617450739,-0.0647882604476469,0.10514301496138002
51.21,0.013250201586438035,-0.06459122024609415,0.09135449215507387
51.215,-0.005385293107681228,-0.06738606050217602,0.08526991397560015
51.22,0.011999600272941032,-0.08609693089169725,0.09529439106087136
51.225,0.016038224002960164,-0.08273206504452485,0.08848757618968305
51.230000000000004,0.009659426550830772,-0.08270056620753395,0.0818382039198355
51.235,0.01879370035753853,-0.05500469679497503,0.08976381265173973
51.24,0.004914429418712275,-0.07735416385368529,0.07610500310638946
51.245000000000005,0.014732027177019482,-0.06611996067283371,0.09271913265197959
51.25,0.00667323619437089,-0.0675040608269405,0.08633826971795529
51.255,-0.006672031625963765,-0.0700089150426603,0.08010870843747966
51.26,0.0030585698178186606,-0.08563504308919914,0.0801145742810027
51.265,-0.0023803376168588138,-0.04559623133275473,0.08208865886623677
51.27,0.0037009728641996115,-0.0774852937008253,0.08993900877356498
51.275,0.02929987971205609,-0.06628428322102796,0.08090287470778762
51.28,0.01346169891252353,-0.0517511589466771,0.0801031781036623
51.285000000000004,0.009160774655587378,-0.08417851888558457,0.08843504977779267
51.29,0.004921865394383766,-0.06368917479022954,0.10654616297854727
51.295,0.018695963077728375,-0.07325856739067604,0.09253591302281536
51.300000000000004,0.003834351130103761,-0.07499827697967068,0.08262015146774211
51.305,0.019699176035821886,-0.07723192765989828,0.07289588369965032
51.31,0.020988736420018507,-0.05631552906995505,0.09455534381707388
51.315,0.01220442341915982,-0.07327516818655853,0.0824812219260561
51.32,0.01482488359367495,-0.06924499351537944,0.0643900212075295
51.325,0.03494054591832609,-0.0656519052383619,0.09188258005246014
51.33,0.03420950266046308,-0.07156113127146552,0.08776428906448894
51.335,0.01701451383423449,-0.054074981090440816,0.08215336459531193
51.34,0.007849844986995903,-0.06740535979600026,0.08463520935982058
51.345,0.014034173824908071,-0.05896669522804394,0.10512975994714915
51.35,0.011583467745812941,-0.05646754909550397,0.07951586817584011
51.355000000000004,0.025290600819368167,-0.07091630043177244,0.08551878253269449
51.36,0.006670235459892794,-0.07028307018895169,0.08139155552670359
51.365,0.00796309520906633,-0.06448514158352224,0.09408795010404725
51.370000000000005,0.0065048632134561205,-0.057050561340893556,0.10630059956046545
51.375,0.022604362139716287,-0.0695422893821152,0.09606137075588163
51.38,0.017788993625948806,-0.07114948130645825,0.08680300010578514
51.385,0.004817289951526936,-0.0631056792207108,0.11222647945902227
51.39,0.025827666365885484,-0.07452999394637606,0.10063074024414853
51.395,0.03305493750032986,-0.076078996820889,0.0695297940825233
51.4,0.028621054441423897,-0.05704474331868706,0.08826975759689486
51.405,0.00919896408027163,-0.07459738952449305,0.08365157554656043
51.410000000000004,0.007842194797006105,-0.04529921994054164,0.08461181088384305
51.415,0.005710497027551182,-0.05921660791554305,0.0913021185297852
51.42,-5.116152988690614e-07,-0.050144150258049386,0.08569723547067198
51.425000000000004,0.012435952474805036,-0.06091514158039625,0.08820720258095402
51.43,0.020917323434581282,-0.07560776384084152,0.09036109543024826
51.435,0.019929112710902173,-0.06591877757094901,0.08228888367971275
51.44,0.012202761231730306,-0.04085468268283989,0.09723529897720301
51.445,0.02079189981518331,-0.07048468413418822,0.09805856753996355
51.45,0.0018464204914871059,-0.05950417442947151,0.09220870192849277
51.455,0.03251952612110903,-0.07806229615181294,0.09759784467404183
51.46,0.02238027950983142,-0.0762888828732435,0.09719203399697857
51.465,0.04879524871194488,-0.06396519584893345,0.10586517910804247
51.47,0.006607538999477292,-0.08661065450353089,0.10436456815594644
51.475,0.019558202480992,-0.07561955861734244,0.07940089706682968
51.480000000000004,0.022862157224255823,-0.05710116967235264,0.11751789861434031
51.485,0.033590521949740396,-0.0749224146359814,0.08713700155359974
51.49,0.022936152143769113,-0.05248324814569112,0.08951088724999319
51.495000000000005,0.03040123313049446,-0.05918522935472168,0.0993969515623875
51.5,0.02826014064209326,-0.06753075483221381,0.10536597491588084
51.505,0.011148566970155007,-0.049841798472142054,0.10287783377924209
51.51,0.019326602471394214,-0.04942905888024414,0.09782317456093177
51.515,0.020246279510246795,-0.04784077961331386,0.09190843148191709
51.52,0.0241611804592066,-0.07611410932317869,0.08298879075954224
51.525,0.02364892229011015,-0.05669242551791155,0.08904639933724408
51.53,0.02884852408338029,-0.07009961944875004,0.10278449593429777
51.535000000000004,0.012285692635010295,-0.039706404954085846,0.09934981145997372
51.54,0.03357178412150334,-0.06778915360911511,0.08849364461165965
51.545,0.019141340309326835,-0.06350407940109071,0.10034577202674226
51.550000000000004,0.018549913897149814,-0.06124638507164505,0.0938799543958227
51.555,0.031740640460662724,-0.06133767155361921,0.09845872094433912
51.56,0.03739668448906786,-0.05379545767345225,0.08768861343742543
51.565,0.03170785379388753,-0.032603252634550245,0.09329950964770195
51.57,0.03062515069407206,-0.07064691577892128,0.11184394765641717
51.575,0.030079553339841622,-0.06301064762958612,0.09689563001974971
51.58,0.018950937454466087,-0.062350926048354696,0.10606046786827601
51.585,0.020725493925147102,-0.0635300503404681,0.09329100988873176
51.59,0.04538244698026035,-0.07402202012057824,0.0940898950364473
51.595,0.01806379602237896,-0.06509484287610774,0.08915801841798635
51.6,0.03385036254012036,-0.04415755456930602,0.09213920417879806
51.605000000000004,0.02291450948699982,-0.0629811098151216,0.10278938262038494
51.61,0.020017140053865273,-0.04746206752764958,0.09105307475849184
51.615,0.022036160746981705,-0.06044293018880223,0.10183280476617376
51.620000000000005,0.020450983378552827,-0.06706098797443437,0.10192854359189772
51.625,0.041056643378710185,-0.07122236633777461,0.1070605943340187
51.63,0.020590948292266466,-0.05934131014550237,0.0760225386495756
51.635,0.02768896725110778,-0.057825814879976914,0.10784743702911975
51.64,0.035107719237764554,-0.05455918536380968,0.11769122387708929
51.645,0.015554212018340228,-0.06436415039655875,0.09978767695086357
51.65,0.04280657039437023,-0.05298901550531837,0.07494315844466454
51.655,0.01078543891470074,-0.06003749604640948,0.08758716600678292
51.660000000000004,0.04619515630553028,-0.0696706526286501,0.09284342568894467
51.665,0.021917040338455016,-0.08479139544684357,0.09372386780099222
51.67,0.05658242729786453,-0.07013514913785637,0.09964488521697114
51.675000000000004,0.013768451980579157,-0.04905787915827723,0.0967375446587898
51.68,0.04000056262984019,-0.07252029353556917,0.08873848761504895
51.685,0.046283655234020143,-0.06047555532327344,0.09334222065658634
51.69,0.01976964862684346,-0.0741351385282076,0.09958507832970678
51.695,0.0348504621918247,-0.04956500002746056,0.09317915657531019
51.7,0.013694238893343254,-0.06654379081454863,0.09420632404110202
51.705,0.0332017510131908,-0.07139107546119298,0.08506990410814147
51.71,0.042851232228418946,-0.07089586809773268,0.09556815401406468
51.715,0.023914298012061526,-0.04583338189518729,0.09861585028284593
51.72,0.03365116483771716,-0.056842426936890046,0.08291382157259221
51.725,0.025802073861912717,-0.07876118586075051,0.10316228683061386
51.730000000000004,0.034548623312546656,-0.05424158675552551,0.0935811189886274
51.735,0.01905921663275202,-0.04990750627115535,0.09338148287667361
51.74,0.029175150238596015,-0.06842556271953847,0.08710530740914366
51.745000000000005,0.028138126005037144,-0.06424465611305777,0.0833210197592047
51.75,0.016114917116309614,-0.07558249405509943,0.09028577112217641
51.755,0.04350743448999127,-0.07481729538750279,0.08911233393341375
51.76,0.0329485055365784,-0.05666382115229728,0.08497981326870828
51.765,0.03465129712973131,-0.06887632130152774,0.07886960974881364
51.77,0.014728239001724442,-0.05363810674213402,0.08596388064918792
51.775,0.01829617228260067,-0.0568041696805697,0.07290990767561813
51.78,0.026525487094652803,-0.07528877400754551,0.0858775207452228
51.785000000000004,0.017336613564541924,-0.06073695503947542,0.091508728486279
51.79,0.030264955833021395,-0.07438385197123298,0.06655281855079208
51.795,0.020915295181824008,-0.06526321007982594,0.07718463522665617
51.800000000000004,0.02023551421092018,-0.07482171437362814,0.10134311016768179
51.805,0.03597491131733184,-0.06308289469080763,0.09054156852342568
51.81,0.023128283546980204,-0.06504612821619639,0.08415635740989452
51.815,0.023638361667204226,-0.04934359149537698,0.09612472095979802
51.82,0.025881747213817297,-0.05731226962527318,0.07080987204029655
51.825,0.060293904579431276,-0.05311411420486625,0.08282364630460383
51.83,0.049188014382393674,-0.0740885326264832,0.10711650142831186
51.835,0.02305114123196597,-0.06596326822831983,0.06811520896823645
51.84,0.03471453000171909,-0.04944120219036252,0.09492824540178693
51.845,0.02784954174438535,-0.04092069557291988,0.09282395317685652
51.85,0.01961905271190865,-0.06881564249090513,0.08862497826331123
51.855000000000004,0.023660930743490953,-0.09189400885655757,0.09083934551211781
51.86,0.04147074008346211,-0.06481093865663512,0.09767436555356648
51.865,0.05210269720570328,-0.056323351227461155,0.08254531440440496
51.870000000000005,0.043080789552196685,-0.07085176581503609,0.08759023609474055
51.875,0.05652066734730352,-0.060234858406334815,0.08125096353409433
51.88,0.03426728214467833,-0.053521808423882516,0.08338675224105288
51.885,0.05867365355691498,-0.03465307988062946,0.0841660870356166
51.89,0.040195482572676446,-0.06817640181570263,0.07400001103514188
51.895,0.03601621560532156,-0.044407857853853594,0.08335825451791334
51.9,0.010713214709501272,-0.0472120262422293,0.08181153002446814
51.905,0.042653457439124604,-0.056068403672383554,0.09502848815843051
51.910000000000004,0.02589735999591023,-0.03321251925264196,0.07922640873275665
51.915,0.03444112623154524,-0.05203260025036795,0.09305771153400108
51.92,0.05668690614844287,-0.04999559215091815,0.08405887633227228
51.925000000000004,0.03956334662398592,-0.06007245219065991,0.09110302292171978
51.93,0.015422217298182286,-0.060324974090522065,0.09666547444144535
51.935,0.02756235857287425,-0.043410183072031414,0.10101068187183986
51.94,0.03677257517291297,-0.04861881827041311,0.1017960911765782
51.945,0.04471931102658393,-0.05057548871596086,0.07862309957265033
51.95,0.05335185594639079,-0.05355897248926235,0.09375057022234075
51.955,0.0412352163501929,-0.06573669225066203,0.07130184552344448
51.96,0.030624643705074783,-0.03797613296071141,0.09597160848203107
51.965,0.021966789349386274,-0.039360313346890156,0.10174909029073308
51.97,0.034282885729463496,-0.0513406230916405,0.09428352142446178
51.975,0.03915870555947815,-0.056796245160013775,0.100259469139481
51.980000000000004,0.03519107363317345,-0.0599505466826637,0.07463165190888521
51.985,0.039035489693183975,-0.0499135586574746,0.0761188232738031
51.99,0.049649237299899486,-0.07799603169340417,0.10122241510792912
51.995000000000005,0.02755643078933062,-0.049667401949316486,0.09054113818731359
52.0,0.04069540303816536,-0.06177549417980792,0.08852163341608023
52.005,0.0397554889156678,-0.05070356149127518,0.08991332009645013
52.01,0.04446761697396553,-0.07220999862201648,0.09898592917329192
52.015,0.0374590668733518,-0.06833427972739681,0.07143978668411186
52.02,0.04058328333560773,-0.05774496764353643,0.07703017853627839
52.025,0.031308313704840635,-0.05022677102332773,0.08343323027198149
52.03,0.04763931802990444,-0.05727125883699574,0.1153092769303464
52.035000000000004,0.03806257237743013,-0.05636628927635217,0.08596459241945545
52.04,0.036389833845087115,-0.04938822517825821,0.09417787186733548
52.045,0.03807364407841024,-0.059387065935941175,0.08756751788725387
52.050000000000004,0.04759725144492308,-0.05306047817892673,0.08990462806617594
52.055,0.025828694735184624,-0.07161765645507087,0.10372177894053707
52.06,0.028419728654082467,-0.055528007125711196,0.08982110713250147
52.065,0.03553781189337121,-0.06729693301323157,0.07508250342120054
52.07,0.04651411421299243,-0.054186420423749465,0.08776876863431385
52.075,0.012685497740679383,-0.06482896231368342,0.07799626893427704
52.08,0.029553787952541218,-0.04966618686892692,0.0668376381190782
52.085,0.03476639907290369,-0.050425910166750285,0.0899507928156599
52.09,0.03942013372807669,-0.05478225010159245,0.05071036743052709
52.095,0.027692683578379285,-0.044268790506736655,0.07937873715169431
52.1,0.03736082815758439,-0.06303317893684106,0.08937849790983539
52.105000000000004,0.03477681440043186,-0.0674334989416286,0.06118958725313017
52.11,0.03889844420818941,-0.05665169204764874,0.06923882768852757
52.115,0.03166868427277701,-0.03745011910436563,0.06753269995484038
52.120000000000005,0.043553014867089714,-0.053912380070167826,0.0729444721377271
52.125,0.04875325815889646,-0.0650148197304283,0.07380283282214585
52.13,0.025543162110724278,-0.06673663348400358,0.06225528561065999
52.135,0.02341700292554963,-0.04788291262593204,0.08646825534929461
52.14,0.02738254194093388,-0.06008868279436522,0.07480534950238671
52.145,0.03617238332932557,-0.04156678602959105,0.06148183953145771
52.15,0.05558156519938144,-0.06304851213937365,0.06570217868555976
52.155,0.03264200373932616,-0.058238409348106555,0.08371572510422708
52.160000000000004,0.03593257052270947,-0.06706360305312256,0.08840006572451337
52.165,0.03282049463065529,-0.03676141197616822,0.08510751384089807
52.17,0.047104149286557144,-0.05385644354717686,0.0761983902535176
52.175000000000004,0.03541407043241538,-0.07236168706419227,0.0699118318589824
52.18,0.04047963026674451,-0.03946973249852914,0.08168855768450493
52.185,0.0513376293251928,-0.051738736164559596,0.08844386646816141
52.19,0.0022756294349384407,-0.06148981136448092,0.08076477706316096
52.195,0.026814609181120583,-0.06974942255641275,0.06417991639395629
52.2,0.038256003800015315,-0.04136681177661393,0.09261175544157753
52.205,0.05472402049762575,-0.051757968486527306,0.08955956103056589
52.21,0.032148800061083956,-0.042731664594103595,0.07819761893171966
52.215,0.048339382371955814,-0.052635466599085454,0.09208054616052046
52.22,0.04008075292197317,-0.04882261070724405,0.0748382424023542
52.225,0.04045054421791089,-0.03227195752228337,0.0902551690656569
52.230000000000004,0.02593127997860456,-0.047081109723679404,0.07362746657479119
52.235,0.041578172044652466,-0.0652739506345508,0.06685288089517619
52.24,0.03200112191958155,-0.06138090592088111,0.08479307022123365
52.245000000000005,0.04037456059290414,-0.03958575898823654,0.07864259045929448
52.25,0.03746456959406498,-0.05768093345402377,0.0928366653980349
52.255,0.02863199156732588,-0.05836479327643029,0.07225327028116967
52.26,0.020005005076411064,-0.05991549361263243,0.08069581080913427
52.265,0.030517844732036444,-0.057607486928426356,0.07575567295603439
52.27,0.04798778841561417,-0.058611983876422656,0.0720793472992344
52.275,0.023609886482596168,-0.05012909478686425,0.10718327761337113
52.28,0.03655038576570422,-0.05564223641616088,0.09053511370547354
52.285000000000004,0.031858097817748995,-0.04455697828063635,0.06972492233034064
52.29,0.04422848114934773,-0.05890339213701952,0.09205174946248931
52.295,0.0388418588170521,-0.05434406172677684,0.07544960343107111
52.300000000000004,0.030030464290318006,-0.06280187446221963,0.09990793993828118
52.305,0.03938138634130414,-0.06895501265538843,0.06407373296697134
52.31,0.05002551743378743,-0.04001128186370312,0.08417009770387814
52.315,0.04357437273147728,-0.05280023917269538,0.07528400459930226
52.32,0.017264748486141884,-0.06564730083555884,0.07838557707619519
52.325,0.025125824607708035,-0.061891353583846585,0.0910066616577139
52.33,0.02588936761843886,-0.0557175075951825,0.08085806789243245
52.335,0.036606016291015106,-0.061214654903412255,0.08190863857847536
52.34,0.04216057670329464,-0.08699691449227868,0.09053930628923659
52.345,0.04237018639122393,-0.055251044257867976,0.07656089621945816
52.35,0.03702084303482627,-0.06574273333396695,0.09887680804671917
52.355000000000004,0.04121586496823375,-0.08099967070751853,0.09843770153371417
52.36,0.04940722775388465,-0.0408101596907166,0.08407624867948585
52.365,0.043038334051087285,-0.05426231243001836,0.09242529738786986
52.370000000000005,0.04184997025075552,-0.04622933294748324,0.0730136847846578
52.375,0.0412076759825107,-0.05390827789005437,0.07229351232650465
52.38,0.042021717856101794,-0.030358266753983554,0.08362143975753879
52.385,0.04280901231134337,-0.0581154502499976,0.1135330303817067
52.39,0.03288391478423911,-0.05535455790228856,0.10214471119345159
52.395,0.044533114955704466,-0.06441913835585712,0.07670337473366413
52.4,0.0318735478296732,-0.06964816954320334,0.09754292387441742
52.405,0.04144471304692081,-0.07866516542507582,0.08280889124276666
52.410000000000004,0.0512328029844485,-0.060080945278572134,0.07824559913414728
52.415,0.012949072071960697,-0.04774451234802043,0.10288117832469058
52.42,0.041061742279834376,-0.062056904799204775,0.09278796162004209
52.425000000000004,0.052353958510705983,-0.06315151986000075,0.09203532537620952
52.43,0.024668386897088203,-0.06370311291854312,0.10326397330780732
52.435,0.03855964678405232,-0.05459546949830002,0.10613377945567731
52.44,0.036658667715344456,-0.05772503662276944,0.09942563142211647
52.445,0.03128184691060349,-0.062423800394590584,0.11703460405715495
52.45,0.05080566774857269,-0.07401303819642457,0.09197066290245108
52.455,0.026641064427400128,-0.06571916727736077,0.09113847687093735
52.46,0.05073683114772183,-0.06380255326160025,0.0984090829612227
52.465,0.02173265898537925,-0.07247391888983652,0.11170842844159673
52.47,0.03330559402116239,-0.06397527312269562,0.07868547834404338
52.475,0.03569584510137868,-0.0823565410653131,0.09092101801225912
52.480000000000004,0.042469246882860745,-0.06531672290381225,0.08594067541521981
52.485,0.034691499769908485,-0.06232489844941718,0.1011632123901814
52.49,0.05342018915992567,-0.05716317713362651,0.09056935219378683
52.495000000000005,0.044225543146569624,-0.0673811725112337,0.08340565108975208
52.5,0.014872871584389396,-0.07091520735509334,0.103448067335593
52.505,0.027040283110803146,-0.07519449088845141,0.10293639757014869
52.51,0.03187969577989755,-0.060584645776203865,0.08544641040452781
52.515,0.0433775697598353,-0.07401324846003628,0.07847357483752185
52.52,0.029784649107050927,-0.05979511495819545,0.09738022561477287
52.525,0.02462163521672797,-0.06582392853436538,0.08604332157520167
52.53,0.03327954616656746,-0.06281661435718519,0.09445237147719895
52.535000000000004,0.02051763852153063,-0.0685435077199116,0.10487534262356735
52.54,0.03675433728364544,-0.07029263964058366,0.10317278518189293
52.545,0.0422355511776202,-0.053103823747815554,0.0829099497400464
52.550000000000004,0.04511801878228784,-0.05432452730147726,0.08154382152532202
52.555,0.044276366768100095,-0.0608006740688585,0.09309303798462046
52.56,0.04177454444601632,-0.06654310354021681,0.07159966706924838
52.565,0.02914064113311373,-0.03764468192939091,0.08689269635193334
52.57,0.03546849244362002,-0.05096129925369801,0.09485982686923809
52.575,0.03801923898717956,-0.08258421504508726,0.10149819165579844
52.58,0.026313811536639083,-0.05334386779052724,0.09318355555811336
52.585,0.03827043853231067,-0.05775833374998465,0.10099764271078089
52.59,0.03461681149903488,-0.0703224184039482,0.09967816928851804
52.595,0.028951239867556548,-0.04769040299037952,0.08460696891618255
52.6,0.026351305580116197,-0.0736870185326091,0.0826894313166101
52.605000000000004,0.050689665054862415,-0.05525837586856341,0.10496022951667688
52.61,0.04186249814877688,-0.0755067268629097,0.07660014898156094
52.615,0.044505886281269766,-0.052061628238047455,0.08841080228412963
52.620000000000005,0.02836794260394898,-0.06000921044060023,0.08048885979339278
52.625,0.029525706370731798,-0.03832249421457108,0.08660170710079981
52.63,0.03021255413377209,-0.05920836365904873,0.10547187716611184
52.635,0.027207405095410628,-0.05843341049275213,0.0969885834329212
52.64,0.035400788184984586,-0.060881696072053765,0.08662332573110579
52.645,0.035178519433324854,-0.07728594852946297,0.10228681546853242
52.65,0.03291113674130099,-0.03080842012628184,0.08522608845053473
52.655,0.03154821445621634,-0.05224443840296958,0.08453038277887712
52.660000000000004,0.04208299577175644,-0.054539371118737384,0.08359547486300993
52.665,0.018417700774587962,-0.06725442939865739,0.0922617423503611
52.67,0.025513519230307886,-0.05776552303690988,0.09826121845909558
52.675000000000004,0.02430537790250035,-0.059839642146920724,0.08144679328895743
52.68,0.029289612277198646,-0.04413414765815941,0.07278300772201457
52.685,0.04542286057607474,-0.0710759561089764,0.11634867991927314
52.69,0.03183199677354244,-0.055580656164513395,0.0976422310557897
52.695,0.03655263429727979,-0.046853598455278006,0.1265767510673359
52.7,0.0295813569292338,-0.04866018370934811,0.0919268081615706
52.705,0.029400705645308868,-0.06844863196210302,0.08839302882734996
52.71,0.03345256469713702,-0.07236576489718516,0.09851982814828045
52.715,0.024801843768568133,-0.05486374502418602,0.08604128858084029
52.72,0.016528131085361414,-0.051396344149573406,0.0942190328055479
52.725,0.021971611772686677,-0.026172600187991845,0.09387490789375445
52.730000000000004,0.015613909255471212,-0.06751158492634053,0.06906807665777201
52.735,0.021851074583116425,-0.06492505334413877,0.0814081389504798
52.74,0.02104590298932252,-0.05249236261945461,0.09084329397105198
52.745000000000005,0.02186987814212668,-0.058355851237797934,0.08640571648569882
52.75,0.01629036906297033,-0.07388685660997152,0.09496210957761597
52.755,0.0252215678009973,-0.04073869094877072,0.08761931359390274
52.76,0.02757654053602302,-0.06981198824471775,0.0793243771809626
52.765,0.024571098151943648,-0.051332658764466736,0.08561050628518382
52.77,0.010680675348869361,-0.09013415514815785,0.09299974392702484
52.775,0.01970488728951818,-0.057719886223212266,0.06991558094335351
52.78,0.036543941105529054,-0.060612514607221724,0.07144433797440046
52.785000000000004,0.007178320051052603,-0.0671716243404984,0.08352760479506659
52.79,0.01898712400612245,-0.07205257149094803,0.10029103878131294
52.795,0.01822716572323118,-0.04021208773030058,0.0963658022581872
52.800000000000004,0.017290275141463366,-0.0692244031949998,0.09357795656555122
52.805,0.033236504633689656,-0.06324439938273185,0.09865190009190422
52.81,0.030190145122474844,-0.04275183804532416,0.0859853135684369
52.815,0.024517380266913975,-0.054099343511074996,0.08639530921386032
52.82,0.0239622910132705,-0.04985038747825492,0.07430770672033869
52.825,0.05160557795928169,-0.0636963166935053,0.07363752980089364
52.83,0.04522598970096481,-0.05988401469923194,0.08294817672457194
52.835,0.012148618307465308,-0.06278674442281465,0.10322885484178422
52.84,0.025981636619767254,-0.05220590600465081,0.10299988137613979
52.845,0.022073406549714233,-0.06515205368566128,0.10043159690303598
52.85,0.029812314204444322,-0.0488346838718335,0.08541611770932327
52.855000000000004,0.006881239366283043,-0.04983315930162818,0.09390978966611016
52.86,0.006794645711881457,-0.039508557680818616,0.08928561955036855
52.865,0.028921255966475285,-0.06128242894197247,0.08977549614466049
52.870000000000005,0.020999601658838678,-0.06333191737853516,0.10165509279078884
52.875,0.03655468036366783,-0.06207252075657266,0.10605031286830097
52.88,0.02617029382333344,-0.05594420609100764,0.11001530563354692
52.885,0.01705533982531481,-0.0873636270123636,0.10583214429885889
52.89,0.030211786303924258,-0.07051844177543908,0.08066800387248828
52.895,0.018595731479884987,-0.06584533905151599,0.08572461847879476
52.9,0.027882570243967005,-0.06419962750935103,0.09929706046462038
52.905,0.027223434785472254,-0.05186463783497153,0.09983582963699175
52.910000000000004,0.033707502433364615,-0.05980169592938046,0.09375150440422104
52.915,0.04767470153176803,-0.0618187617214951,0.08331283030697799
52.92,0.04547489751945734,-0.040926128671145576,0.1056954350798843
52.925000000000004,0.03777583912980125,-0.06914036135061154,0.09138779011608272
52.93,0.02830886172587935,-0.06134031705091535,0.11715461782730491
52.935,0.009691196998693292,-0.055407103526406584,0.10274460338876698
52.94,0.03259835879949365,-0.06613246810665427,0.08332348905167991
52.945,0.03487369642335807,-0.05452889082005505,0.0823855122207244
52.95,0.030961809942235904,-0.0538991082130277,0.08887094432861299
52.955,0.035014896534337696,-0.0452455270904841,0.10131955618506219
52.96,0.043479460083793754,-0.053608215091612045,0.08823324202611725
52.965,0.03633327668475038,-0.045047397941845604,0.08315958550576916
52.97,0.027755333522566403,-0.044635129074912856,0.10419367531813642
52.975,0.039667784956739865,-0.04297631833660474,0.09880012233024359
52.980000000000004,0.0280961085717469,-0.060732510553109624,0.0991131221066317
52.985,0.029653488125817695,-0.04095364771873862,0.09815983047232915
52.99,0.013556597242892064,-0.050055560026457425,0.08372017686717735
52.995000000000005,0.0288179042406929,-0.04706225706482248,0.09211599144295962
53.0,0.013470060072661036,-0.06282341913796113,0.11236789513426906
53.005,0.02492235046562062,-0.06059149359339783,0.07314968545896734
53.01,0.026050349648707304,-0.08609717379797692,0.10045597730131972
53.015,0.03150712396188941,-0.060343936299590395,0.09765560911342777
53.02,0.028673283178677476,-0.0462886415607451,0.10477464004738829
53.025,0.027967477023753892,-0.07047054078385558,0.10149240309785776
53.03,0.02732333258947444,-0.06596003627404516,0.09788036021428077
53.035000000000004,0.02125481743945577,-0.05127019005530874,0.10080393589807427
53.04,0.01191207632681111,-0.04744406302203548,0.11142794408699351
53.045,0.026419563423145817,-0.06719427682547896,0.11418708693092937
53.050000000000004,0.04129987773267883,-0.04953537451843852,0.11697958181355744
53.055,0.02109799079556537,-0.07122040514762615,0.10043231263641363
53.06,0.017040964421374965,-0.06914857925855053,0.09578561369075471
53.065,0.019211855314912374,-0.047821810167570325,0.11624653728497342
53.07,0.02273645054544377,-0.05364567182385123,0.09713538135923955
53.075,0.029396802582696724,-0.04386377581713891,0.10502660061160864
53.08,0.040369366413821245,-0.05087382750160639,0.09766178930490566
53.085,0.02992312895314324,-0.05136847082082184,0.11327379044015291
53.09,0.02146078865281174,-0.05179377344378988,0.10583703006305217
53.095,0.012432229246984752,-0.05673008428540721,0.08896378547449796
53.1,0.013120631501932508,-0.05195910417559596,0.10295164156093212
53.105000000000004,0.018450878720273373,-0.044390658523722454,0.10713015080088947
53.11,0.029165369711183588,-0.06320315531833302,0.10204979816618094
53.115,0.01696613432741991,-0.05905087178385812,0.1065548684048025
53.120000000000005,0.029541354051803713,-0.05075810182195744,0.10418190097365675
53.125,0.02889771042240523,-0.056578703954340115,0.11120164182388252
53.13,0.018962100506751806,-0.06995243487806788,0.10188191938421573
53.135,0.02101133852388087,-0.042163105311932944,0.1200333250270134
53.14,0.027861558157574857,-0.05510176314147165,0.09295699982308242
53.145,0.027644817005021534,-0.050006716027742995,0.08954090440627606
53.15,0.02751147240805182,-0.077012459623455,0.11221040982388153
53.155,0.022708016104901717,-0.05650989785084349,0.12307367473968016
53.160000000000004,0.03777615300734716,-0.05926076344565885,0.09879040088852865
53.165,0.02779988817105028,-0.06553477584934772,0.08790040045068988
53.17,0.03912416079416371,-0.07581334272371448,0.10114247912810304
53.175000000000004,0.016291078983048893,-0.05278631012642095,0.09581362625327197
53.18,0.03151414354595479,-0.07388311209427738,0.07163154371313155
53.185,0.020899560064166937,-0.042240287593237086,0.11577903754098776
53.19,0.0422081930864661,-0.06160147046422874,0.0951567505006908
53.195,0.018555841553265354,-0.05287762817541006,0.07386121445940609
53.2,0.019936617195940323,-0.05661293076616706,0.09982134650487108
53.205,0.01861580294648145,-0.052034782801319346,0.10565870136706063
53.21,0.029113671940741048,-0.06978879900551832,0.0768632046977311
53.215,0.027172263880057557,-0.06559265657504398,0.11052546920544364
53.22,0.04033835923141089,-0.0647885761513868,0.09175986735011687
53.225,0.020523774258102062,-0.04217646454701719,0.09362538901123911
53.230000000000004,0.044023686178660204,-0.07079845160378134,0.10689513368870247
53.235,0.04671535718212455,-0.036569853161957586,0.11607942433803618
53.24,0.019773837889598366,-0.05290997214548432,0.1068464952793842
53.245000000000005,0.014471499524147053,-0.06713860148828149,0.10244970866991163
53.25,0.03294386482326937,-0.06495951229196292,0.11793029530405424
53.255,0.03765666772322568,-0.06284591086588563,0.10268304762204497
53.26,0.03466913816727736,-0.04111872420569035,0.09504469876184211
53.265,0.03948681979429822,-0.061888193142550396,0.10413458517476805
53.27,0.030406560592968663,-0.07554235575714165,0.0828826932588427
53.275,0.017338248503963642,-0.060454506056885585,0.1170631636029755
53.28,0.022645203242977478,-0.06808876352414495,0.09080452876479125
53.285000000000004,0.024201361081330076,-0.05744214087205677,0.11165737178725711
53.29,0.01368882641065654,-0.05581626889484491,0.11227026740965104
53.295,0.04887430619129179,-0.056205687408191096,0.10524617531506264
53.300000000000004,0.04130340054746453,-0.056237356897819585,0.09859699262515867
53.305,0.030988564071390196,-0.05780616207082372,0.09369837518165172
53.31,0.013130358887946128,-0.043814937514362,0.1113442422314021
53.315,0.026327739046501708,-0.06862926956543694,0.12078839338587824
53.32,0.027111274765563867,-0.058093776065626934,0.11400820097105861
53.325,0.01318421612196986,-0.06661357647120136,0.09456459062189393
53.33,0.03409424799843616,-0.06437873121205015,0.10815954893248446
53.335,0.030444878670424523,-0.06186473606856284,0.10645520001111189
53.34,0.0355440669552399,-0.057430219890634966,0.09708979626895163
53.345,0.0291888352974327,-0.07716372494410795,0.12516985211883874
53.35,0.027248954072059836,-0.05155674800100432,0.10312061589432502
53.355000000000004,0.02382227385749784,-0.06287807223588954,0.10166702550596976
53.36,0.0204722307585683,-0.05307868499932826,0.10378856075770097
53.365,0.011238397223890775,-0.06131563404183678,0.10705561086535755
53.370000000000005,0.029133015249746413,-0.07399315264765868,0.11595185413819051
53.375,0.015306176806225076,-0.04832169809088894,0.11449673549234914
53.38,0.017120891525859203,-0.07799178626465009,0.12445515734989795
53.385,0.021379547677660114,-0.09100142394094558,0.10449906885866242
53.39,0.027867825088946214,-0.058334626382044404,0.11276197760896094
53.395,0.008596909612923146,-0.03630454292897719,0.11770336856717023
53.4,0.030881633154869352,-0.053585653142734585,0.11500368565109012
53.405,0.03198411954514323,-0.05953164066788785,0.12684154762408176
53.410000000000004,0.03100879317435295,-0.06802738164223263,0.12862841057098565
53.415,0.04377043349567905,-0.04632863377177086,0.12554729437748563
53.42,0.020281140068171388,-0.05905791625793469,0.10659002456796661
53.425000000000004,0.03393438029460972,-0.05434854639575265,0.10708504208303327
53.43,0.017861325310831802,-0.05939943254987431,0.1178165124532614
53.435,0.011508509922693987,-0.0576264385176721,0.1144294142686434
53.44,0.03081523307607245,-0.06428361410222665,0.1272656043558864
53.445,0.01165175905713799,-0.052388488233071226,0.10505539621926217
53.45,0.019329092607538366,-0.058835473395361056,0.10440767592800229
53.455,0.028778140387518775,-0.06755637827072208,0.11565303820399482
53.46,0.020781870366063313,-0.05097684594667225,0.12062475270540421
53.465,0.021788352101350217,-0.04912747649926262,0.09715782825730424
53.47,0.027188470913758624,-0.03611835822555659,0.11369369723623216
53.475,0.013019452657870297,-0.05654502351049557,0.10019914641038755
53.480000000000004,0.03802325253606661,-0.04910890946630907,0.12718536657923596
53.485,0.018659029139746996,-0.06176980851975353,0.1041153775127354
53.49,0.014407607614249564,-0.05947818208446131,0.11149409488272843
53.495000000000005,0.03268044844661126,-0.05335583317266412,0.12235427851560624
53.5,0.013666146145929719,-0.04591305441175621,0.0930221115438638
53.505,0.021652906353802844,-0.06193871541374902,0.10330860868401082
53.51,0.020223112820948845,-0.05997274663120757,0.10668024082647128
53.515,0.029872985871721963,-0.05613573853000943,0.10595017173495083
53.52,0.0049316842768171755,-0.06696613013544131,0.12639374460273206
53.525,0.023394685971263214,-0.04527643792451918,0.12411628151495892
53.53,-0.0006515536346602124,-0.05564232167324655,0.102410353123789
53.535000000000004,0.01837567514550864,-0.05461497297093337,0.10061766032933972
53.54,0.002332287636329064,-0.07281035343152231,0.11425158955693057
53.545,-0.0012577531551245542,-0.06419336476777884,0.1236168814383724
53.550000000000004,0.015485281713626585,-0.05159181435799485,0.12832025934748453
53.555,0.03436316454166264,-0.05540145279633854,0.11801536096635261
53.56,0.012211082352666495,-0.04104923921877786,0.1079475085911833
53.565,0.0005104254339535954,-0.0824312917556685,0.10735747860925081
53.57,-7.688189247061737e-05,-0.07044822797964281,0.09660501382923917
53.575,0.015885965209773367,-0.04667988945751005,0.10770768844789648
53.58,0.01757601937004175,-0.05776966132921277,0.1022288887645971
53.585,0.029250768877205673,-0.06036982161247153,0.1178723955250607
53.59,0.008544329452930422,-0.07087269275795471,0.1015884719143805
53.595,0.013673279659170711,-0.058315833316301864,0.09667476765948657
53.6,0.01562795496904474,-0.05686664778408894,0.12250130720441267
53.605000000000004,-0.008180913611089594,-0.05996714432920565,0.10909481996699885
53.61,0.0028284697797039114,-0.055140825909578896,0.11109864031365749
53.615,0.013662003126766725,-0.08725946638349588,0.09269545651546546
53.620000000000005,0.006520921926184137,-0.07722467348712841,0.0832915269233404
53.625,0.019189100597747807,-0.060042226559656714,0.09686049854148114
53.63,0.022458703334550602,-0.06769789001830817,0.10497901860869156
53.635,0.007875040875194321,-0.07005243354543547,0.09665256998044552
53.64,0.008453506840005284,-0.042789460183640715,0.10779420855257907
53.645,0.016343782511505714,-0.06632667376468064,0.10140049909001306
53.65,0.007395145659172557,-0.06455576589800553,0.07606447482438204
53.655,-0.006127516128724071,-0.07000479760639945,0.11063400053866812
53.660000000000004,0.010753446198993703,-0.06502488531065533,0.10970484737583576
53.665,0.005708688709546911,-0.06959452558183407,0.1208037196647247
53.67,0.010648094061047287,-0.07142057417672729,0.10353706649824519
53.675000000000004,0.001090702488119699,-0.07882843326497936,0.10982334754855047
53.68,-0.004120829440893365,-0.06736798584889817,0.10811442929489554
53.685,0.013879687918432445,-0.06060396088505762,0.09833596115252952
53.69,0.011751299621576282,-0.07721498795263675,0.09656506710226834
53.695,-0.004392316363167253,-0.08688203530230613,0.104906810637856
53.7,-0.0064979734464142985,-0.07817635750099491,0.11898835935089261
53.705,0.01176921072911644,-0.05276733090784626,0.09669263953424678
53.71,0.0180564495100708,-0.07410479835051058,0.09798507615972107
53.715,0.0037843367972458766,-0.07244359008337364,0.10961314133638257
53.72,0.02536884128008624,-0.0750829185057149,0.10680987529622585
53.725,0.000739935203668186,-0.07512844871790196,0.1197161003420526
53.730000000000004,-0.017565259889514594,-0.07125636484331041,0.09500179820207835
53.735,0.02528397974067009,-0.06324257377992965,0.08926277068755084
53.74,0.012117858098528823,-0.07199708927471475,0.08824632534303482
53.745000000000005,0.008325500953996411,-0.0893750381407684,0.11321828248779928
53.75,0.004824290978809371,-0.0785807629763016,0.10229713524297293
53.755,0.01572702588710319,-0.07032861829563405,0.12475866720226414
53.76,0.002943481825631093,-0.07059697787782561,0.10153418763969832
53.765,0.014571763750181554,-0.06707503224432318,0.096980658246777
53.77,0.018217243106902342,-0.08078424885971167,0.11362440565138687
53.775,0.0009793899524939255,-0.06149543172936009,0.10024717451869698
53.78,-0.0057746940968305144,-0.08573077617778316,0.1076168107307362
53.785000000000004,0.017857242462630245,-0.08042504679626776,0.09258906027346042
53.79,0.00901083766843344,-0.06956190976181731,0.1297074172012753
53.795,-0.0027992293325978393,-0.07055126260922573,0.12265621327008051
53.800000000000004,0.023403258902242804,-0.07253944177449598,0.11219498242665318
53.805,0.024057418269957474,-0.06890385647641434,0.11051819605351458
53.81,0.006224086733483437,-0.057507167480998156,0.11403303292643843
53.815,0.012080725465056766,-0.08044689678973134,0.11346383627456008
53.82,0.03665588403559481,-0.061690026893327796,0.11949189405265251
53.825,0.015674157891161715,-0.072177544233456,0.12155737058818229
53.83,0.02482610088386204,-0.06355315075539568,0.10970212860538903
53.835,0.020185734538115976,-0.07456563598001043,0.11780708647319907
53.84,-0.00260844781654122,-0.07401271577735556,0.10248705848004977
53.845,-0.0021338827909385184,-0.05385208609396459,0.11256035549676649
53.85,-0.0007479051298832596,-0.05991892491313164,0.10357094212603804
53.855000000000004,0.02296901078262135,-0.04818747970371193,0.10234136014738439
53.86,0.018328862522582232,-0.07293712142782766,0.13171144669307494
53.865,0.007180114468742807,-0.0718582699666178,0.11243012451285538
53.870000000000005,0.020400183233853224,-0.06414597603232525,0.11533721868211937
53.875,0.012967932924127634,-0.0651628859735044,0.12091801911467583
53.88,0.03138998288362284,-0.06486476508838024,0.1184151486449963
53.885,0.0044556693525280204,-0.07352948026755132,0.121448856446917
53.89,0.001824263969204569,-0.06027147615633,0.13192468967217202
53.895,0.017334186886403667,-0.0732258383178406,0.10080349619144643
53.9,-0.0015349722827099213,-0.06707438548775467,0.12530358382621218
53.905,-0.0014228387392997252,-0.06283748542579011,0.11402003023344831
53.910000000000004,0.011473395789812161,-0.07467278056951154,0.11933899298019324
53.915,0.002445922470070978,-0.0833990224419367,0.12217645361702091
53.92,0.011964778766317106,-0.056289432838934006,0.11363746461035944
53.925000000000004,0.011525124308646056,-0.042983916771144326,0.11039213859130922
53.93,0.021653227098952673,-0.06068747948235219,0.12153503595502892
53.935,0.007808912745311123,-0.06573497640717939,0.13098282720695867
53.94,0.016028650955880224,-0.03930701941908952,0.09307189227750537
53.945,0.00695735887789876,-0.05078573248176821,0.09903633465992481
53.95,0.018558851297245382,-0.05947041689791896,0.09903017895452554
53.955,-0.00018352234997040084,-0.06549893902879242,0.12367904818767177
53.96,0.0024380203165405966,-0.0649812529035738,0.10684537963258538
53.965,0.01283358322656071,-0.08308867996338178,0.11553756650309081
53.97,0.0169943035513844,-0.0568890165897534,0.10286617586739065
53.975,0.0035783699569200663,-0.06718799018500397,0.11503138659316467
53.980000000000004,0.012438389429657677,-0.06612183119282873,0.1105582886337349
53.985,0.013427553706825784,-0.0685956887879236,0.11964114762428191
53.99,0.0050376873077933315,-0.07477183760426628,0.10237517214893285
53.995000000000005,0.02975925078595961,-0.0684096941987546,0.12740592780515061
54.0,0.004485807813576617,-0.054727731031610036,0.11755137520335654
54.005,-0.010869048684197753,-0.07067748586825637,0.12074241711584571
54.01,0.010352168260966096,-0.06664528828910513,0.10555815645542141
54.015,-0.009685539165865878,-0.05087508572165572,0.12202532078708805
54.02,0.003072996325476562,-0.06766123037314593,0.1248378299674149
54.025,0.006281805908194002,-0.05962284486363187,0.10800595160488044
54.03,0.0013478952010138505,-0.06884163569988287,0.12524274551435505
54.035000000000004,0.004692952642872948,-0.0673030023630153,0.11032777134902275
54.04,0.0058367050611191455,-0.053048281318725424,0.12087285283410967
54.045,0.0037910932363865763,-0.07327547492199801,0.10892625566293583
54.050000000000004,0.018979183682059222,-0.07561218978124963,0.10963915358017692
54.055,0.012559727361101076,-0.042937611200490014,0.11476807804509236
54.06,0.01832853123050387,-0.06868821947647734,0.11662482471847178
54.065,0.015376999756371232,-0.07177425078780292,0.10716215656341949
54.07,-0.005474439799502146,-0.07354065414117789,0.11542610767273787
54.075,0.012055594698707239,-0.04651876734695779,0.11277987741147824
54.08,0.014750368436662518,-0.05720230813233106,0.10808741498669022
54.085,-0.004688445006480753,-0.07091831575304283,0.1088505103720159
54.09,0.01373830398208846,-0.05641557275477942,0.12399557551242492
54.095,0.017469231166233425,-0.05762915234849671,0.1206925819914961
54.1,0.011172042908786655,-0.054149433181511296,0.12956212526785313
54.105000000000004,-0.015303657185150097,-0.05960103159346456,0.10784542422967917
54.11,0.008966999397469692,-0.0748988219674386,0.10550279288982897
54.115,0.010946253172282346,-0.061192939662625415,0.10437328874253685
54.120000000000005,0.004260082699342556,-0.05846524775174115,0.11558582474166361
54.125,-0.0034282130798967206,-0.05815285302702798,0.12413847329580376
54.13,0.00696615177192188,-0.047638950891134915,0.12209107621921923
54.135,0.014954475940380213,-0.05520631886971904,0.13570393120996543
54.14,0.021649884104517507,-0.061595619404981525,0.11290686865830868
54.145,0.00728782246792856,-0.07010392191230391,0.1184986949461367
54.15,0.01571738083382549,-0.05993742479218464,0.12597231012116064
54.155,-0.00010594082158537754,-0.0788355121132065,0.13108375177060386
54.160000000000004,0.010991262075256612,-0.07980909629166798,0.10861310338687467
54.165,0.02175390227179429,-0.060702209182618205,0.12863597883629452
54.17,0.027145562062555237,-0.061245180664850594,0.09988068438563837
54.175000000000004,0.013643443826298765,-0.08714768873250736,0.10504278117153874
54.18,0.013348322616273276,-0.06887984950950911,0.09947430196832728
54.185,0.015341372161920693,-0.08266217791052893,0.131002825095759
54.19,-0.006433112167714532,-0.05449974710988334,0.10295367770702826
54.195,0.006731289612876527,-0.05872173660788423,0.12091727345235284
54.2,0.003527896090990119,-0.06796753894400467,0.12957677658725614
54.205,0.009068017139432779,-0.07297631103658761,0.12671498320330568
54.21,0.00406102052285447,-0.06570910282220882,0.12082219328706605
54.215,0.003412936024530199,-0.06000798265190022,0.1100193396943504
54.22,0.00964294406169316,-0.07008098594833204,0.12213381724533554
54.225,9.888878956672634e-05,-0.07053689360664736,0.120164429797314
54.230000000000004,0.0033510256437340354,-0.06924206436339421,0.130363016539722
54.235,-0.002167794516274247,-0.07379104352932148,0.11882442814016404
54.24,0.009657782820935665,-0.05755727736684524,0.12637873245259776
54.245000000000005,0.015486787561530643,-0.06986766727906292,0.11328624063475783
54.25,0.033154896783034196,-0.08590302746009863,0.12083074828995927
54.255,0.019116723245103037,-0.06344770178057688,0.10966471228933763
54.26,0.010307571859892672,-0.0484763120189749,0.11873992878624312
54.265,-0.009476510300203477,-0.05858111362530365,0.11591903348493349
54.27,-0.005721007424650562,-0.07201983545458682,0.1143132250048655
54.275,-0.002197051341961066,-0.06836738108082355,0.11247355916252318
54.28,-0.00393138993325835,-0.06711128632112165,0.1053254759988402
54.285000000000004,0.009256689836644301,-0.06951917472031402,0.10336673157381254
54.29,0.0008067648258673031,-0.06692079185966121,0.10655435539244748
54.295,-0.004863662239972994,-0.062426937551132815,0.10607290704831716
54.300000000000004,0.01032862767368413,-0.0659957332481463,0.13275907919298002
54.305,0.008704964943501583,-0.07044470747768117,0.10378078137074406
54.31,0.01005245091607224,-0.05914597830912545,0.10277053443897628
54.315,-0.004551639429819981,-0.06124360377752234,0.10486236786185682
54.32,-0.0038394301307521595,-0.05887598664995033,0.0975973105157851
54.325,-0.014884828072686557,-0.07087877144810428,0.10742079776443504
54.33,0.011296821663355557,-0.05966271610752405,0.08830881416004763
54.335,-0.0014590339818463726,-0.06308284436334718,0.10537282496386896
54.34,0.016277704140960036,-0.06627345562447427,0.11804784271085608
54.345,0.008272084514626908,-0.08595651143073575,0.10512679743733906
54.35,-0.011729805028125555,-0.04363998274831268,0.10452995531265889
54.355000000000004,0.002741804117482661,-0.07240222565519802,0.08418667984422992
54.36,0.0019459561534614206,-0.07455206893625324,0.10921224778765212
54.365,-0.00779676993334589,-0.06237542696787319,0.10585327705072718
54.370000000000005,0.016732541636447804,-0.07722355816123799,0.10845672605836575
54.375,0.021140231360880224,-0.06518122323376369,0.09333800466975938
54.38,-0.00025710095674645915,-0.07268193228930514,0.09233160838021785
54.385,0.015385885437511364,-0.05317515115281035,0.09586691640800725
54.39,0.0028996170830996766,-0.06622454994884473,0.09726448839958467
54.395,0.01061111327190784,-0.07315845343730566,0.10861112940418209
54.4,0.011921759161563236,-0.06342394612860881,0.0815778729165136
54.405,-0.013662338878441418,-0.06527657693145276,0.1007152981117582
54.410000000000004,0.008987700451129363,-0.08653689274612494,0.11101022817772684
54.415,0.013141982608035454,-0.048558170463182886,0.10631337693139711
54.42,0.0016151423057275027,-0.07196374790761287,0.10230255240131014
54.425000000000004,0.014776465651442078,-0.07558042961142632,0.09646813057196421
54.43,0.011687306290011518,-0.06493672003445973,0.06951511605251444
54.435,0.007048796958661204,-0.056292766719596814,0.10576606054495469
54.44,0.02110012673990492,-0.07572829940727122,0.09128273900243171
54.445,0.023826893058410327,-0.05607628047767417,0.10635983817204386
54.45,0.015751841050913064,-0.0783120841461861,0.09202866489183464
54.455,0.019498351519294202,-0.06301641141071418,0.092409732470307
54.46,0.02193181259766224,-0.05983268399341265,0.12505948370106237
54.465,0.01652804819572879,-0.0679420050728017,0.09229569576192567
54.47,0.007916081980028807,-0.0526179235715298,0.10438712723559189
54.475,0.025352906937356808,-0.053870207023144004,0.08845488294983164
54.480000000000004,0.00512629026806808,-0.0527127849834294,0.1047465080575762
54.485,0.012649517875414143,-0.060524053695219494,0.09503774379418051
54.49,0.003440470835675614,-0.07139750893730798,0.0874693343130337
54.495000000000005,0.006437026976764079,-0.06447996363805952,0.10571943479932222
54.5,0.0039564021935321715,-0.06297162364610423,0.10394238434522839
54.505,0.0199707503868218,-0.05754890812002633,0.10065533767196613
54.51,0.02025214915292372,-0.04322722017098537,0.10979301283824912
54.515,0.01606345859070925,-0.05972422873714331,0.10558672336118718
54.52,0.011942174164569155,-0.042588753329497034,0.09151799272169561
54.525,0.03140795118299882,-0.059263132845887107,0.11091726748913638
54.53,0.0042150002177934465,-0.06305242143101601,0.09652310464557587
54.535000000000004,0.017556230259047168,-0.05706591475716782,0.10847802016365338
54.54,0.024204589125489086,-0.06893395560411598,0.11781912369450585
54.545,0.0016935177249321164,-0.0756104469346435,0.1098364710203172
54.550000000000004,0.018652360612933357,-0.059310208073251734,0.1150959898949121
54.555,0.020972656654691127,-0.059261280341609546,0.1244556083884575
54.56,0.0039388336443021916,-0.07537158862656922,0.1052196405659992
54.565,0.04021009636319741,-0.05742464843278292,0.10816688853577061
54.57,0.009435728598593254,-0.07665377708985624,0.10677250830441179
54.575,0.00630580896925906,-0.053842032991583286,0.096816520011892
54.58,0.009369281827611025,-0.06579040457305602,0.09641147933933604
54.585,0.018943348456290303,-0.09115434117815799,0.09142314887629227
54.59,0.03341759059213286,-0.07221680756580293,0.10382377395940481
54.595,0.021554263275923295,-0.042457526414521926,0.1116966119311339
54.6,0.024374723759062005,-0.06166830819664841,0.09507706903147427
54.605000000000004,0.035957070253725285,-0.06804601076691943,0.10742738109953594
54.61,0.010483247214474826,-0.0737597782907953,0.08545991363242746
54.615,0.009938914413718702,-0.07699061861548678,0.08365550087198548
54.620000000000005,0.0062641775630593016,-0.045256048979324406,0.09233636078861711
54.625,0.014867950386369583,-0.0736073273201311,0.1082640425198586
54.63,0.006770503349548864,-0.08412525453760632,0.09700040963129776
54.635,0.025311752116982167,-0.04720953737760881,0.09447760536741909
54.64,0.019007504580050866,-0.06176822428160136,0.10493551542973105
54.645,0.014759490700198278,-0.07418769938888528,0.09415147735601918
54.65,0.006216245020334135,-0.06705744796893207,0.1047943172210851
54.655,0.020959860036825092,-0.056102760179187985,0.0929118880653545
54.660000000000004,0.025979166297326238,-0.04783090892744313,0.12131575591866894
54.665,0.0397465986697875,-0.07158782993783999,0.10008574974335602
54.67,0.011142266034214053,-0.06147839970807184,0.12448464695076983
54.675000000000004,0.022424576328756676,-0.0737104510509563,0.09479288796901555
54.68,0.023746921884868082,-0.06459262702397983,0.09566566974456146
54.685,0.013003122381408558,-0.06499031691845165,0.10184021570557213
54.69,0.023309028024873397,-0.05777085509908378,0.10950016551384265
54.695,0.023819838940017705,-0.07953668949150193,0.10602728564512288
54.7,0.0330739835162493,-0.06679983574493352,0.1251698034818908
54.705,0.027404210612151373,-0.06661713275077855,0.10599077355563669
54.71,0.021487349871823873,-0.07327180350574541,0.11461077075544919
54.715,0.019542336888521965,-0.0615671098193426,0.11120789877692852
54.72,0.009548679588733257,-0.08295217053443461,0.09782062114594481
54.725,0.0227391426218783,-0.06447327998037901,0.11079141096454037
54.730000000000004,0.01083347483872838,-0.07003092294817591,0.0990835306883462
54.735,0.020347775374132883,-0.06341755366699629,0.12486162754251048
54.74,0.017101038059042097,-0.0772491573474199,0.10741044706846962
54.745000000000005,0.03128422457689497,-0.06465313784964251,0.09949158940187078
54.75,0.028308849283993832,-0.06834861278159539,0.09180389882364523
54.755,0.03963576807470705,-0.06919034336279611,0.1287029140842325
54.76,0.01994547795649433,-0.05533166728335732,0.08897176988040391
54.765,0.03421021727954461,-0.06317494080747077,0.10445178736107566
54.77,0.032048500471326236,-0.046489776734729045,0.1022075709084228
54.775,0.04580769425835538,-0.06700418403853692,0.09377321091135098
54.78,0.020358726895044067,-0.08096675686001958,0.09626102586147246
54.785000000000004,0.011915527979820775,-0.07749679694852003,0.0911633131967801
54.79,0.02331898764466294,-0.06064480687587619,0.10304647749871956
54.795,0.018096320900151605,-0.07930089057148249,0.10214508956929999
54.800000000000004,0.021108281977500434,-0.05357109864039822,0.10428311435042423
54.805,0.028951801172582274,-0.07006438441981284,0.11292122371751723
54.81,0.02666707373230927,-0.061596856400157135,0.11202349347296903
54.815,0.008488488371859485,-0.06076686151369654,0.10314087447204923
54.82,0.025005834914192494,-0.09509179439863566,0.11226445557604892
54.825,0.003618677615898366,-0.06739435644561594,0.10187054637133845
54.83,0.014791814582805124,-0.06446659936457855,0.10556826762101573
54.835,0.008573923155351222,-0.07094426597650205,0.09564801080868537
54.84,0.011636338904435587,-0.07909171582203657,0.0965653059194777
54.845,0.017132698686278362,-0.06560969729425882,0.09027044303635107
54.85,0.016156438087272018,-0.07128108409525173,0.08617111979411905
54.855000000000004,0.03145805160897476,-0.07066151597855799,0.11320284895449888
54.86,0.02713999906499151,-0.05024799222889914,0.10129449236104604
54.865,0.02438844177882655,-0.078006415623559,0.10836069247376749
54.870000000000005,0.006695368250180271,-0.07086126460039509,0.10419829602833314
54.875,0.0323453268485523,-0.06518225588422426,0.10773715976059721
54.88,0.02945447663852742,-0.05692107987717385,0.10444888003149544
54.885,0.025663418850971752,-0.040924411561564455,0.09870988742461712
54.89,0.027050852611651337,-0.06136788641524372,0.11644002823162239
54.895,0.02888524686113371,-0.07613147801990036,0.10678392715983828
54.9,0.013672930509727798,-0.0688439653535228,0.0964081068316803
54.905,0.019701699461886858,-0.06619269734828193,0.11718269485727562
54.910000000000004,0.02866305498042305,-0.09078783196345105,0.10853445433588316
54.915,0.022503543460521132,-0.07510170278433996,0.11320345669217637
54.92,0.023672379940458295,-0.06787276494486827,0.09821958898647111
54.925000000000004,0.015447045801305098,-0.07636885341487155,0.09147173038824712
54.93,0.01775269694675565,-0.06834724863982258,0.11051121751478475
54.935,0.0005115842790866399,-0.08662479762857803,0.1067971105576695
54.94,0.02824883625993648,-0.08726324907070093,0.08915539019731383
54.945,0.009847016337430561,-0.08587957489200544,0.09375910733602506
54.95,0.030197682408451356,-0.04962428627075979,0.10204107389109326
54.955,0.02179122963251575,-0.06285272615921983,0.09275185660926366
54.96,0.027309693024448058,-0.07175394811426543,0.07951106019181778
54.965,0.024292052200547726,-0.05145204068354034,0.0823732221757804
54.97,0.022653661876947458,-0.05681203704469193,0.0892971591519601
54.975,0.022759392716121814,-0.057949179961148595,0.10872588585553912
54.980000000000004,0.04084504919221536,-0.06901525702510013,0.092613425325003
54.985,0.008744909377976366,-0.08050389033533223,0.11053935614677539
54.99,0.007491037353974772,-0.05733738824301038,0.10360928285288812
54.995000000000005,0.014958344460184073,-0.05874296557432373,0.09382247304495792
55.0,0.008926589489153012,-0.049062719680406194,0.09703817177979769
55.005,0.016818333988639647,-0.08550569606867166,0.10651732580363937
55.01,0.012403877296313478,-0.09531437443951395,0.10845211566129663
55.015,-0.0036288804969631617,-0.05842785851388994,0.09793298353602238
55.02,-0.0071518526294884355,-0.06309365762218033,0.10428339430199637
55.025,0.012884589068448334,-0.07328899205363731,0.07521734323989128
55.03,0.0019196754807361384,-0.06398967601576659,0.0945673664679594
55.035000000000004,-0.007766587254590694,-0.08112926307898981,0.0897700615683348
55.04,-0.012184697084972445,-0.07399747965344516,0.09409247965807761
55.045,-0.015207696624431211,-0.08001175064958764,0.0981166289984346
55.050000000000004,-0.006111780586169163,-0.06992327935174969,0.08883055469587392
55.055,0.014484112038542588,-0.07919417310197328,0.09870481746727715
55.06,0.004142281943744429,-0.08349601205082244,0.08301357006091331
55.065,0.01163343084280263,-0.07708980011611903,0.09645565563617998
55.07,-0.0008983507037353404,-0.0772664953963218,0.10289836765870841
55.075,0.0049762901190780855,-0.0690720609533421,0.07772719445372608
55.08,-0.02866304570350422,-0.07616236019543265,0.07344395161194414
55.085,0.001904262264573613,-0.0956607113074251,0.09437854147057619
55.09,0.020952919065085198,-0.08678896166436843,0.09661521560562099
55.095,-0.0005255729059238648,-0.09984742879017407,0.09641825274088414
55.1,-0.00743601096261684,-0.07299977737844736,0.09664236207003571
55.105000000000004,-0.018005782971661572,-0.07699174485608626,0.10179860587490314
55.11,-0.003821561616135608,-0.08930808677065374,0.09580244354527108
55.115,-0.0077153440022487765,-0.058658219833119765,0.09974331254319563
55.120000000000005,-0.017879543172155638,-0.0753580594865545,0.1171522492460483
55.125,-0.010212481144366112,-0.0849323188924832,0.1001465647226588
55.13,0.0022660358277874783,-0.115755899796184,0.09556272580542088
55.135,-0.004661010844330386,-0.09055821552094132,0.08770147296971675
55.14,-0.007560242634848851,-0.08940831798981345,0.09290910544648198
55.145,-0.00535324180411779,-0.08475032741824876,0.08611655748425182
55.15,-0.004246477462262791,-0.07989023918400426,0.10941412266047107
55.155,-0.006640500734702307,-0.064715193296338,0.11121746312478531
55.160000000000004,0.0012197566432140647,-0.08110636281850747,0.09648180626456378
55.165,-0.013732453084804872,-0.09893496944297578,0.09135817773485326
55.17,-0.0029507229652598705,-0.07383510332729916,0.11038431750264543
55.175000000000004,-0.003021535755472151,-0.07996305589585048,0.09191708781238282
55.18,0.004990039876072649,-0.08003822212576316,0.11098068543716016
55.185,0.007667893647372312,-0.09014579726368083,0.07761563680789316
55.19,0.010512533392413384,-0.07625622727217805,0.10495036542374699
55.195,0.021524649441427325,-0.08296438859747281,0.10962715013773523
55.2,0.018135273365968672,-0.0874741706870109,0.08919862238400246
55.205,-0.001103198541245282,-0.08616406532223811,0.09645255377875947
55.21,0.007766760106551957,-0.06651725664430298,0.10929497062246384
55.215,0.018407370976929877,-0.07180276060836945,0.10741914235655073
55.22,0.0015637862523769832,-0.06808472735979262,0.09312947107324304
55.225,0.0054246478930891,-0.06374814683014836,0.10193555769910798
55.230000000000004,0.007296276801669407,-0.08426510475134276,0.09361337712377224
55.235,0.01684092828807693,-0.060455700143704535,0.09389320381386732
55.24,0.012029381442719138,-0.05655834918317458,0.10173625568038991
55.245000000000005,0.032202888968104686,-0.07328517569690278,0.10526626678690526
55.25,0.019900776723421304,-0.0812721127142342,0.0996080734490431
55.255,0.021274463852806142,-0.08381047324619902,0.10928387577753228
55.26,0.008357208552412197,-0.07203119177660147,0.09221475876039222
55.265,0.002564461517527119,-0.08804883432223844,0.11394704429066374
55.27,0.008812973928455904,-0.08175035656409073,0.10390003680911693
55.275,0.008202156829613803,-0.09268178686503686,0.08284952110496394
55.28,0.017228836546141126,-0.08144155090273619,0.10789461749812224
55.285000000000004,0.016923116728848397,-0.08129637893615888,0.09993399907237707
55.29,0.014891526270840377,-0.06662933251720118,0.08860495684505548
55.295,0.018631458614072716,-0.08223990969111128,0.1033254210072954
55.300000000000004,0.02046619209959429,-0.07942830118849876,0.11703002440616675
55.305,-0.004440975829192971,-0.06296298800375658,0.09760888071607257
55.31,0.01633421353699439,-0.058474639529778945,0.09317591658202493
55.315,0.011921244086356267,-0.08287721744793525,0.10333130828683267
55.32,0.003328802111255944,-0.08996645334365966,0.11089050678732484
55.325,-0.0013887785285080622,-0.06939503491146819,0.091067819602825
55.33,0.006889955553401493,-0.07375304361064257,0.10873051745426325
55.335,0.003155367131772854,-0.06952311983326641,0.10644078758271615
55.34,0.009067463605964103,-0.0765894147458764,0.09533911365254742
55.345,0.010895390296951829,-0.07035197696792818,0.1025980474400301
55.35,0.02003286884634024,-0.08329420339547629,0.09677638219233843
55.355000000000004,0.01883922048401731,-0.07941004214503747,0.09188051634044392
55.36,0.019028806289270374,-0.0800563619465358,0.10259077419582405
55.365,0.003706642162265145,-0.0822516651611754,0.10032891012476733
55.370000000000005,0.023422469675835597,-0.04975131271832105,0.1056879857410103
55.375,-0.0006815592633481297,-0.06965954498918654,0.09953504644018
55.38,0.015698904559445573,-0.07069839800796897,0.10859993645562774
55.385,0.01970068646039304,-0.08223671706580057,0.09242342653516428
55.39,0.006584809154668299,-0.08022919215319171,0.08381295854089363
55.395,0.030687336427838077,-0.07273527839198661,0.09230556909300516
55.4,0.017147234465258118,-0.08524093815698715,0.1079956815221625
55.405,-0.010393715087505674,-0.08104423699830472,0.09385332825226532
55.410000000000004,0.007688235257443969,-0.0711416483770163,0.10353530636278535
55.415,0.001324293228913781,-0.07411194947050477,0.10551379609455837
55.42,-0.007666312271901704,-0.0843222007784199,0.0902796055672569
55.425000000000004,0.012507168736726698,-0.06534055462177368,0.12022378617738436
55.43,0.0036292447380299794,-0.06698795331230087,0.09568832565865723
55.435,-0.010723399180853977,-0.061163020409038205,0.09685606652648825
55.44,0.00815974100055642,-0.06902866121455987,0.09485839960182856
55.445,0.004625721566348254,-0.09375267889484912,0.09241449326435934
55.45,0.013992889753850655,-0.07246688310589329,0.09076089532717796
55.455,0.015645835188562142,-0.0791638433329871,0.09408315972100663
55.46,0.015740861072520707,-0.06096701798310779,0.09582296893965149
55.465,0.004792782033526417,-0.08287438054651343,0.09530422633400616
55.47,0.019532199014675806,-0.06793101494784068,0.09717030249356357
55.475,0.021485873415869113,-0.07288173240471638,0.10827300198182485
55.480000000000004,8.611635007806529e-05,-0.06544074240452703,0.10833600462831625
55.485,-0.007010682328042864,-0.07812162315338052,0.10092284572671438
55.49,0.008712869485303743,-0.06855088315559218,0.10759559570912541
55.495000000000005,0.0018467109415080192,-0.07184996156919404,0.09795790325467908
55.5,0.0051403104470544685,-0.08004265227013715,0.08555595911201203
55.505,0.00813815686319238,-0.07477119472222894,0.08841515054705258
55.51,-0.004323126894533025,-0.07348081161541115,0.08593629731718062
55.515,0.007111605079691224,-0.07705310659557374,0.09181702292915453
55.52,0.005961826096368202,-0.07428325787551353,0.0998910375238205
55.525,0.008824051575504232,-0.05827191451900575,0.08188403229894245
55.53,0.01820957178571286,-0.07644283898911056,0.08097481488768157
55.535000000000004,-0.004687997627582435,-0.08670583978814447,0.10198866391420247
55.54,-0.00409369643235606,-0.07517955169461941,0.08705091980457158
55.545,0.00394225159599101,-0.07646836921374332,0.08665894079237837
55.550000000000004,0.003053882498226192,-0.06731089788709248,0.09291150430898117
55.555,0.013916758764921683,-0.09128249602501695,0.09846144320027889
55.56,-0.011587218898255843,-0.07851446277392596,0.09796279216147412
55.565,-0.005499448602499832,-0.09272623321196624,0.0798415908912158
55.57,-0.020622019956265884,-0.07300580233608167,0.09554812369789004
55.575,-0.005324718095875773,-0.07425386098408548,0.08368577635436064
55.58,0.010644433632802076,-0.07442146655714921,0.09031313419191736
55.585,0.011588141683739697,-0.07464391929133363,0.08780121195623194
55.59,-0.006369144467119161,-0.07740397427800061,0.08718778616189712
55.595,-0.008424078374845873,-0.08163143250580679,0.09205989341948512
55.6,-0.011253633567309995,-0.07750155768567113,0.10511474277707933
55.605000000000004,-0.0015151325208382568,-0.08863372510804798,0.0750821028429882
55.61,-0.001284408872544135,-0.07905143512633174,0.07513798782810248
55.615,-0.022065870945710272,-0.08455162946335865,0.10535464328440695
55.620000000000005,-0.009938204254717645,-0.10192340870387294,0.06948704668450004
55.625,-0.007652975163157569,-0.09384957712048388,0.08716028030614126
55.63,0.0006920890096300493,-0.08699387838966532,0.08721418870246771
55.635,-0.021158634923080347,-0.06730791558617835,0.07599477774465746
55.64,-0.021578453535743978,-0.062062049780012646,0.0790437258204318
55.645,-0.0016585581246023598,-0.07379927923628088,0.07496717934513314
55.65,-0.01002324402635602,-0.07334561884264033,0.0838474313862656
55.655,-0.003649738186695349,-0.072301130436771,0.07593594997693191
55.660000000000004,-0.01748951408295124,-0.08200229460388103,0.08623747131071448
55.665,-0.012700415364719579,-0.07582164213873238,0.07897807571722798
55.67,0.011902843364793872,-0.08989958615568779,0.07619225108878078
55.675000000000004,8.750285361816719e-07,-0.0620292941659782,0.07783053802080837
55.68,-0.012437535124437623,-0.0776179754948806,0.06015061218566755
55.685,-0.0009174700800825913,-0.07290931601180073,0.08638247292991516
55.69,0.012660515200543267,-0.07739478100204855,0.07582418986352209
55.695,-0.0014707323628577627,-0.08455155020804292,0.08509928543342603
55.7,0.003473296344740707,-0.06981138142330512,0.07714115835129179
55.705,-0.004460976449572841,-0.08416722511452279,0.08250202714332838
55.71,-0.003304538636910364,-0.0714062467854369,0.0713805387330321
55.715,0.015213449463248528,-0.08570277686649108,0.0883103459010209
55.72,0.0022766768790730293,-0.08221266922578874,0.08469322156298596
55.725,-0.012075901939989944,-0.0814735579381875,0.08397493500669494
55.730000000000004,-0.013656119124408228,-0.09313578483892253,0.08756003594687345
55.735,0.0024241283251926105,-0.0802142763915254,0.08242842417190072
55.74,0.008332306125921417,-0.08234198464716547,0.08117909631010012
55.745000000000005,-0.00797730646686425,-0.07484227252042445,0.07704450094477489
55.75,-0.004287899994044832,-0.07500683634946616,0.07898577096437424
55.755,-0.01361968137132365,-0.06750483609998362,0.0853995624078281
55.76,0.005376703630991169,-0.0788231274072441,0.07547486472958773
55.765,-0.0020200839291988877,-0.08528303377931497,0.08441717128200454
55.77,-0.0051703741738894915,-0.07573693411953045,0.0892879714214157
55.775,-0.001273854430333142,-0.08307158478406322,0.06951326036795862
55.78,0.005476473930943021,-0.09712041971827338,0.06761606193105475
55.785000000000004,0.0154628677637806,-0.09442090677951073,0.0991052138758926
55.79,-0.011694255430924255,-0.10622886784130775,0.0864709990676413
55.795,0.005104164307542133,-0.07635273976407173,0.0690718774444285
55.800000000000004,0.006807811305517515,-0.08067528901749967,0.06868030171717973
55.805,-0.0032759920823192913,-0.06928302245768056,0.05786113855419371
55.81,-0.006956646341648632,-0.0770871233874086,0.07139691644865043
55.815,0.008470149531983922,-0.08236109733281256,0.08299006445023509
55.82,-0.019996489425052357,-0.08622689608335309,0.08950926894739937
55.825,-0.002278063040065435,-0.08193502741984907,0.06020748516243039
55.83,0.012167087489594032,-0.08425443975217096,0.05677007171873186
55.835,-0.015627980374498706,-0.08924876409163429,0.06145421314355911
55.84,-0.016702466054228177,-0.08869832771235855,0.06220473209626373
55.845,-0.0007429730238243809,-0.08947815658968943,0.06960612216148053
55.85,-0.008605300966735672,-0.08255725584643761,0.0682350088108447
55.855000000000004,-0.009290176621529114,-0.07563286667562269,0.06913729203128512
55.86,0.007734509800100365,-0.0693015626172681,0.08287539822948824
55.865,0.003930876830594366,-0.09246741914461093,0.07333218072832699
55.870000000000005,0.010731233687667867,-0.08813028677677087,0.05931707661818004
55.875,-0.012661935327199333,-0.08152648400165793,0.05264613525536016
55.88,-0.018937334510795892,-0.05758872457600109,0.06306619545619688
55.885,-6.89202685715054e-05,-0.06635615210038252,0.06763758194221246
55.89,-0.02111733839986149,-0.083810061801546,0.06681586126060023
55.895,-0.0019317928308271006,-0.06767527124221301,0.07174390342070965
55.9,-0.031096611179289586,-0.0810070364356026,0.06063651921724751
55.905,0.001641912929618284,-0.07974562706212619,0.07552197538178597
55.910000000000004,-0.00462441454441722,-0.09026533032239512,0.07086745617582607
55.915,0.0019364834313663317,-0.07006252840075118,0.06728509300187781
55.92,-0.016137943820380102,-0.09591605443213846,0.06921181564970959
55.925000000000004,-0.015838860001289864,-0.08188529939156952,0.07146263232116813
55.93,-0.0034743937614871347,-0.07731881311054127,0.06793228490194056
55.935,-0.01616890480807579,-0.09692628604008961,0.06232530179739582
55.94,-0.02326403001885445,-0.0863422190977835,0.05551534295779271
55.945,-0.011248928097671116,-0.06911113659177075,0.07619806425919701
55.95,-0.01058269038181061,-0.07063471470205432,0.07136303801808787
55.955,-0.01598234408966312,-0.08854546646650169,0.041988700744429897
55.96,-0.012622467682674637,-0.08236089583897585,0.063432461283412
55.965,-0.0016141299693252379,-0.08997297155976393,0.06470565930078857
55.97,-0.0015016238596156587,-0.10246266434440258,0.06649504651491144
55.975,-0.01684320114898464,-0.07531228068625988,0.08039536749112684
55.980000000000004,-0.018161121101056277,-0.08675564066552513,0.07707584615024213
55.985,-0.014748705475619399,-0.10810221751841545,0.059929130927705423
55.99,-0.01249710496510413,-0.09176015701907927,0.06356219646219945
55.995000000000005,0.005321574974527771,-0.1072991295090836,0.07878892338548805
56.0,0.007682300019952707,-0.09702934921237402,0.07130368438786815
56.005,-0.0064558547972911814,-0.08829904395044691,0.06095030839054991
56.01,-0.014177453536597644,-0.08085397507023712,0.07219716344480329
56.015,0.004880916185078893,-0.0754605466187499,0.07423439576917351
56.02,0.003268606618499585,-0.07426635873756157,0.06510061006160997
56.025,0.0012668270702011503,-0.07262450153218958,0.06264063868840167
56.03,0.005207050920694454,-0.07540315439902412,0.07355913772864167
56.035000000000004,9.688909082408888e-05,-0.0842292943333748,0.05590339679085612
56.04,0.0171194353527611,-0.05076354722062549,0.08714034039628181
56.045,0.014625749514772836,-0.07170453226473907,0.07905979606816628
56.050000000000004,0.002694788614765086,-0.0697883241507559,0.062107587327127345
56.055,0.018160409812606935,-0.06775703821518944,0.09037105245413203
56.06,-0.012837998358632613,-0.08302784994342731,0.07886771112855287
56.065,0.006765956877220772,-0.07047519691525281,0.08318282183741259
56.07,0.024619995278920448,-0.07445008496732652,0.07565403518592033
56.075,0.0024783277364155134,-0.06236122853852373,0.08086002644067336
56.08,-0.0024653130473699537,-0.07480616342542999,0.06365785986348167
56.085,-0.007957008232397304,-0.044848587592809956,0.07728539765907719
56.09,-0.0012911981631005803,-0.06593415217918575,0.07812248354942919
56.095,0.025912155135557724,-0.05533501807854201,0.08446953815499916
56.1,0.015233798748435588,-0.05253389474577799,0.08615178844934399
56.105000000000004,0.012115526519210364,-0.08703738218964154,0.09207165855686529
56.11,0.005413115541794781,-0.08405658458245002,0.07691096668263611
56.115,0.004728581326712598,-0.06325151271167986,0.07739188900313851
56.120000000000005,0.015901495689026626,-0.060631910952456,0.0875258012957649
56.125,0.027710477125014333,-0.0785530633264467,0.06685713505885338
56.13,0.0013362926890463193,-0.0656343662374452,0.08615622797166195
56.135,0.014547278504766229,-0.06617748983055902,0.09146586884828388
56.14,0.0064502451261698665,-0.06540851067482861,0.08918501701281349
56.145,0.007949837436020478,-0.06657614635686311,0.07812951717715842
56.15,0.004143328759416612,-0.06929303749020686,0.07789812712281863
56.155,-0.010291986783123597,-0.07452244972545502,0.08344941943563348
56.160000000000004,0.012469051835154704,-0.06046054271896088,0.07749878051736023
56.165,-0.005428797059110131,-0.04779410309290098,0.09569597803835865
56.17,-0.0056066421866596584,-0.0641770912537037,0.09234133728691066
56.175000000000004,0.012792056031703586,-0.07840469871086246,0.09927642442378597
56.18,-0.00806689476063752,-0.07424392574478107,0.08565182723468394
56.185,0.013694298224801055,-0.0661574176328036,0.08703496491249683
56.19,0.0030378831206596224,-0.061316730935918565,0.07402708837837756
56.195,-0.008119025171942011,-0.05317425865992108,0.07074844398040885
56.2,0.009035782932456993,-0.05293488600503306,0.061458611423740525
56.205,0.010265015031295016,-0.05554139672928325,0.07059649828714253
56.21,-0.001978211396242437,-0.06570984954519611,0.09332813143240526
56.215,-2.6283496574832678e-05,-0.07159096150838067,0.07899387311396218
56.22,-0.003245040880754396,-0.05474579544550742,0.08735015547504431
56.225,0.003929753396711023,-0.05514522182980591,0.06583465886472091
56.230000000000004,-0.003490862075611891,-0.05656734310807664,0.06456405494258051
56.235,-0.015089164764743318,-0.05114836743135116,0.0899526197547897
56.24,-0.028033780761771862,-0.045607557295715584,0.09114832684084752
56.245000000000005,0.0012894031367475102,-0.07514944070349876,0.08940240599673671
56.25,-0.012366258062219707,-0.04334214693839524,0.07789833082692432
56.255,-0.007301173392856411,-0.07761497298417958,0.060161070161145934
56.26,0.008626797910488213,-0.0665487586867967,0.09124245657167232
56.265,0.012364961249952164,-0.06819366403469343,0.08238572685765595
56.27,0.018581044603555367,-0.0427841941062035,0.09671736358244139
56.275,0.00033587287688865985,-0.06474258452541816,0.08768443793825002
56.28,0.01501773946090667,-0.05291599590013371,0.08351787767520284
56.285000000000004,0.0006210964447014239,-0.055529545813495805,0.07106090982457784
56.29,0.006694317319353102,-0.05813770758231269,0.07916906366943077
56.295,0.0012157611594106506,-0.04647881745908514,0.06918502707098975
56.300000000000004,0.0020728831160800147,-0.06381219304920055,0.08784821977392908
56.305,0.012240596663753201,-0.05932073263139798,0.07200874379894574
56.31,0.004853493475243829,-0.06379411612225573,0.06632645838571365
56.315,0.014785378574551589,-0.05661847362174326,0.08398273516817462
56.32,0.0036174296036603076,-0.04104871107261114,0.07763890480917388
56.325,0.0030201519862326047,-0.06311548212705369,0.09345801347020743
56.33,0.00277877324090753,-0.04448341293343393,0.08434063096256805
56.335,-0.000693112904660351,-0.056603109680942086,0.08322993183173717
56.34,0.009508769123087667,-0.07149401176913076,0.06336720874737901
56.345,0.01315063330930594,-0.05114353153363546,0.0764717694358462
56.35,0.005485879859191771,-0.07706910292419764,0.0830907474621403
56.355000000000004,0.01093070558523142,-0.058814394824504804,0.06816210447337748
56.36,-0.0033467728213575215,-0.07594142875114215,0.08148310466187855
56.365,0.01141233567080986,-0.07144481179117798,0.07132440910775088
56.370000000000005,-0.0028058638093510554,-0.07715885822999331,0.06767927689087223
56.375,0.0012731628574585239,-0.06870307033309384,0.07803478356075805
56.38,-0.005989415051040462,-0.06570395368788287,0.07082981619654967
56.385,0.0019951483367140537,-0.0658292230141477,0.06205145372353517
56.39,0.0029574275558256562,-0.07519675817559035,0.07360541469930582
56.395,0.0006546223305763238,-0.07146972171260138,0.07447782711444878
56.4,-0.0014453613604243475,-0.05835697122941789,0.07268906495811842
56.405,0.002126923606686931,-0.0691948497741764,0.07368110229111094
56.410000000000004,0.01261940929161956,-0.05790850291029698,0.08929990618188903
56.415,-0.0038813556503305563,-0.0809646899281421,0.07015979858873299
56.42,0.011392500880692238,-0.07806329806919315,0.07084698426696533
56.425000000000004,0.021376381421274855,-0.07092621912016639,0.07359778782779063
56.43,0.008741287495750287,-0.06412640710915034,0.06719361064162935
56.435,-0.014389579312622237,-0.07895348920384786,0.06432970916465851
56.44,0.0018201968224590657,-0.08572847847352365,0.061709203798032734
56.445,-0.012657812308680096,-0.07638051452042247,0.05326696889305247
56.45,-0.014839154035528945,-0.06704179818197,0.07349255960157457
56.455,-0.0130483148373685,-0.049037191421034576,0.08265273854267126
56.46,-0.00858130279372808,-0.04766173254936851,0.06489046063813415
56.465,-0.008988662466815203,-0.09452084901402323,0.06824259548674713
56.47,0.009309626399685167,-0.08558195804088337,0.06505830406101022
56.475,-0.000941365819001002,-0.07775579481388517,0.05019416319044308
56.480000000000004,-0.013746182207820319,-0.06810595829706333,0.07061811562877407
56.485,-0.004813009161927104,-0.06250979603554409,0.07544018679004784
56.49,-0.00716925988405228,-0.06953006430023205,0.06483832249163261
56.495000000000005,0.008956119809601064,-0.09692156039650053,0.06790266356998396
56.5,-0.01754964958593704,-0.06226705360545582,0.054073633651479755
56.505,-0.016909434632735365,-0.06619383039244242,0.06603971639530432
56.51,-0.004537407492949027,-0.09105685035570327,0.06864378854091026
56.515,0.007375140144673727,-0.07529494486125873,0.06120300696162818
56.52,0.008747043339749174,-0.07423974593586723,0.05838438353468619
56.525,0.002988077490214288,-0.07206285423531392,0.07819288804844206
56.53,0.0012143670784650774,-0.07045010609494984,0.059735265126151044
56.535000000000004,-0.0019968078678165493,-0.06354459686874979,0.06617778656985777
56.54,-0.01322885598807724,-0.07334609424519642,0.059068417276139616
56.545,0.009519710524331005,-0.06380790244216628,0.05179938669733416
56.550000000000004,-0.0018014114926849754,-0.06976817105099578,0.06926166952343243
56.555,0.003903245912311798,-0.0745160462606406,0.07640942648985419
56.56,0.022311040423240832,-0.07908706674456042,0.07354261363812702
56.565,-0.0012762588203099248,-0.062486487840894354,0.07335233473585515
56.57,0.014196015050931828,-0.08084164516513923,0.06235711053659455
56.575,-0.0049799505417577414,-0.0654678505380096,0.06843377571279592
56.58,0.006732425121475228,-0.0778041673144565,0.08391146435527046
56.585,0.010421178626695856,-0.09332150823756752,0.08858463563255994
56.59,0.01838340112673038,-0.06707631330644508,0.06629308477507394
56.595,0.009519175613702129,-0.0986771610758923,0.07699581590220089
56.6,0.018649953169821216,-0.09142870909413744,0.06206791057226293
56.605000000000004,-0.0004937943640448104,-0.09183781641446748,0.05354939998184298
56.61,0.013190274604440753,-0.08171732729897217,0.08175638264156376
56.615,0.008914300609345432,-0.06910954578793901,0.05478402082634625
56.620000000000005,0.005359708232208787,-0.05667459623259266,0.06537896828768532
56.625,0.011165490057592558,-0.06550218363984764,0.07337162992277886
56.63,0.029987962431632972,-0.08807593415535717,0.06713214282534365
56.635,0.012508564097835581,-0.07113216378299689,0.08627026083697988
56.64,-0.0038513390698130534,-0.09594851178547255,0.053769136741491884
56.645,0.004169955682975764,-0.08830581598376028,0.055285362599419255
56.65,-0.008782307070840593,-0.0897738415764235,0.04044892401091399
56.655,0.0047996523932591914,-0.06830519507002039,0.07005954038457078
56.660000000000004,-0.007904474209191655,-0.09614538971373152,0.07363482913299624
56.665,0.00897582230813849,-0.10602558361834895,0.061656555301235864
56.67,0.024417305957218714,-0.07962691835310573,0.07954863347292065
56.675000000000004,-0.0029069985815610797,-0.07596378321950716,0.050324977716315375
56.68,-0.009753171501103882,-0.092515232293816,0.08822805133788322
56.685,0.008454741287997449,-0.07814318732171387,0.0676631314462535
56.69,0.004570781053574018,-0.07577060005025484,0.08229248064364149
56.695,0.007035127053977093,-0.08443660215335075,0.08426775112184022
56.7,0.003052511629366185,-0.07807329919408211,0.06985750951612965
56.705,0.0056297984086166545,-0.08118774773271606,0.07621799204748382
56.71,0.004439932987599804,-0.08336528600638878,0.07832611035028894
56.715,-0.003748092501314573,-0.1109380097019405,0.0774864888376935
56.72,-0.0031548765472744125,-0.08731406945763397,0.055376365129808806
56.725,-0.005189338516243912,-0.10034411669208573,0.06592148607437366
56.730000000000004,0.021114002081838883,-0.08920364647374426,0.08503658401318842
56.735,-0.005660245790560486,-0.10160500313958423,0.08039007162157048
56.74,0.006982584195576139,-0.10633966710080457,0.07521498727393239
56.745000000000005,-0.011463101013067422,-0.09752406755192383,0.0930059078735262
56.75,0.012650355121387229,-0.09821692177653692,0.081276812309752
56.755,-0.005089218771900963,-0.07231013833414326,0.08402551432575033
56.76,-0.014751892863812219,-0.07660511041935378,0.07712871241869797
56.765,0.011580079924418403,-0.08552684327816694,0.07100758207462478
56.77,0.01312290136193648,-0.08594695720457855,0.07978492047167988
56.775,-0.007176595923008681,-0.09887159730907812,0.09051694962412289
56.78,-0.007329606203483772,-0.06305811833158398,0.061868435929885814
56.785000000000004,-0.011850654760606412,-0.09055156780715495,0.07396402980760379
56.79,0.005109449620142445,-0.08436742776070358,0.08046909621845849
56.795,0.014568166454613105,-0.0793625594532213,0.07075709226919635
56.800000000000004,-0.008114365611994266,-0.07160023783301646,0.0903102314362867
56.805,-0.0090317001867834,-0.09853368465837148,0.06741437735702141
56.81,-0.012222473059136051,-0.09647795147242998,0.06943122306124563
56.815,-0.00454755721819463,-0.0904583093651251,0.06490108726409693
56.82,0.0026137796730864205,-0.11416072136634142,0.08048639142607701
56.825,-0.009947113976125613,-0.09519895029130619,0.09258674696915407
56.83,-0.004724417374608076,-0.08506611795772737,0.05733045082214412
56.835,0.0012393149364040691,-0.0798250495804961,0.07221327960210429
56.84,-0.0021075324094551604,-0.0854710967178921,0.07247788020311552
56.845,0.0034360745568040585,-0.08128112766282512,0.07256610610431798
56.85,0.009006767920304564,-0.0908080513325175,0.07336537750303318
56.855000000000004,0.0062604042903658084,-0.0827333234348568,0.06747257682511419
56.86,-0.0045062344402413915,-0.06556181699631831,0.06720672119318448
56.865,0.003355252116960176,-0.07844981343196429,0.10778962628982036
56.870000000000005,-0.0124914361131277,-0.10876022690774813,0.05796960994625027
56.875,0.006639574451296429,-0.08964229621880133,0.08400215892309665
56.88,-0.004044003348769461,-0.07254830318494578,0.07766480204447136
56.885,-0.005173449848179111,-0.08010645721071294,0.0751067444376344
56.89,-0.0009316133470695989,-0.06312379730772337,0.09260632209756618
56.895,-0.010651731572550595,-0.07603499090119148,0.06892535488401239
56.9,-0.0036171389019174277,-0.08323986319238676,0.09369927071356161
56.905,0.01527983240965759,-0.07650861044507308,0.09035787485661831
56.910000000000004,0.0076929868810860025,-0.0879767379242043,0.0885042028984645
56.915,-0.002958373830683803,-0.06122677759664572,0.0849112891839264
56.92,-0.004658995892867065,-0.06247985372088558,0.08232236777586338
56.925000000000004,-0.005958866035339041,-0.07216500856200567,0.08001425887105468
56.93,-0.00308483486820459,-0.07987728764531762,0.07946193039399686
56.935,-0.003165674268324314,-0.09092603883716682,0.08027874902206142
56.94,-0.00031499765736395235,-0.0781194712932544,0.07650912657696875
56.945,-0.005477765711955209,-0.06202735171286324,0.07680373003116035
56.95,-0.007288284049231813,-0.07922445822207061,0.08366527584638604
56.955,0.009264283075541469,-0.08605168215702452,0.0793817902436921
56.96,0.002605428186114973,-0.08769748754130782,0.08073191560207954
56.965,-0.011636755290980537,-0.0899569399414117,0.07684399617703547
56.97,0.0007361112644916684,-0.1027743607915342,0.086312493508811
56.975,-0.00022251501926316567,-0.0753468633634588,0.07797627084980571
56.980000000000004,0.008224962373132746,-0.08883489662865614,0.09198433716521227
56.985,0.012349480945648665,-0.08914133788539914,0.11003015790898021
56.99,0.0030124243117613777,-0.07789108702652758,0.08544128906045977
56.995000000000005,0.010730488651522718,-0.07520165207258168,0.0825968652554364
57.0,0.007369997605084179,-0.12238112888441195,0.09655892974509514
57.005,-0.009098555914307487,-0.08795440261689563,0.10472851096505838
57.01,-0.01557127918889896,-0.0745390850088831,0.10179121742812289
57.015,0.004176738149618884,-0.08587171523741523,0.10281003664730647
57.02,0.01248866961082054,-0.06517500837882176,0.08094145555117485
57.025,0.010116636887826026,-0.08400006320265695,0.10817008737130031
57.03,-0.012262585842942948,-0.08896898749400234,0.09411158998701098
57.035000000000004,0.008457199645868219,-0.10839392007342444,0.09778509318594243
57.04,0.007668231639152552,-0.07579693230203634,0.09142812602585765
57.045,0.0040264235774561605,-0.08426975479481194,0.09982873847392504
57.050000000000004,0.006375798407530707,-0.09000881487301142,0.10289813252274436
57.055,0.011284853840708263,-0.09740924188640286,0.09344877862521425
57.06,0.00018415698886054606,-0.07898646294395817,0.09458227401909752
57.065,0.003670003910418701,-0.12724162603024688,0.09318650149915841
57.07,0.010903857151915433,-0.0762850545924559,0.0908361318078316
57.075,-0.004962706700189981,-0.09295265951152121,0.07615769875376281
57.08,-0.004790402631462493,-0.07909722210675632,0.08078123570481988
57.085,0.018824711816340163,-0.10883088795469543,0.10352318802002233
57.09,-0.020881131424739668,-0.06833336154475969,0.09101942059117203
57.095,-0.010688265103159776,-0.08431772520506448,0.08617316306013968
57.1,0.0009722230085906203,-0.09681260545024017,0.0736547647450573
57.105000000000004,0.0029460342218226,-0.07582587334432363,0.08403119424933361
57.11,-0.0167752221415713,-0.08101332163161519,0.0916801443919155
57.115,0.0023880385374962054,-0.09226464080610207,0.08136951142921292
57.120000000000005,0.00338631931260206,-0.08555368073174296,0.1026683405845038
57.125,-0.00922455356329658,-0.08570960364879421,0.08172382773244491
57.13,-0.02433832885795577,-0.11130613703755539,0.09576624344828244
57.135,-0.022194640677456745,-0.08348155450233812,0.06851884691498408
57.14,0.004391790664676162,-0.08900551373372921,0.09756432087099724
57.145,0.012465141521411375,-0.09132626241040205,0.09735859861509942
57.15,0.008868271246754857,-0.09523510821054604,0.07413245601800887
57.155,-0.0017956894115387324,-0.09613981005794209,0.09147319986138927
57.160000000000004,-0.02399365555007754,-0.07466607853188273,0.07491187893852222
57.165,-0.02155852808808991,-0.1063876713739191,0.09609355934103127
57.17,0.022463378250634554,-0.0923955240311393,0.07647235178222785
57.175000000000004,-0.0034173366416206438,-0.08280520915155253,0.09663241612152615
57.18,-0.006089066296263244,-0.09617961771311025,0.09467188871063617
57.185,-0.006052088351397459,-0.08828257116300953,0.09891241655330456
57.19,0.0002509504835683449,-0.11705591839339713,0.10260956099264618
57.195,-0.0133081516972027,-0.07406195802504412,0.09234090104630921
57.2,-0.008873707477586147,-0.09606799469793936,0.07620025496381015
57.205,0.006914732545528537,-0.10459174881151412,0.09020528694777827
57.21,-0.0017956514104728238,-0.09075909574164008,0.1007809266743229
57.215,-0.00499183806093364,-0.08653762472261638,0.10146864907453558
57.22,-0.0084934949682609,-0.09213596546806684,0.09008337962757794
57.225,-0.0020786796377737175,-0.09205321728534671,0.1015794361474371
57.230000000000004,-0.010731357305450833,-0.09754958108564826,0.09178405166634138
57.235,-0.0028427740685010305,-0.10054675895539575,0.0834892956467933
57.24,-0.009610610622961254,-0.08972731212023613,0.08353959339588404
57.245000000000005,-0.01299679912127387,-0.11596068146734892,0.08718924291708197
57.25,-0.019705682978044245,-0.11859565634688145,0.08242802996633783
57.255,-0.003691890998438402,-0.10481102270422185,0.08872290982762883
57.26,0.003466950610231387,-0.11393314738941837,0.08250897126472889
57.265,-0.0022517251884508933,-0.10694875630631921,0.10864692681794569
57.27,0.00022746786345710646,-0.09893508075689345,0.09358026051047072
57.275,-0.005764029060293442,-0.12067522808967321,0.09858612472425206
57.28,-0.001158456154281136,-0.09768622004903055,0.10732990172603102
57.285000000000004,-0.012786751646818187,-0.0978241447018744,0.07458879528421761
57.29,0.0018011073304070348,-0.10972816028800055,0.0875918431548507
57.295,-0.02499888156458136,-0.11962254921073646,0.09389847072878198
57.300000000000004,-0.020143317240926377,-0.10030185174330325,0.10106146509715083
57.305,0.0014108405384055944,-0.11170318895923187,0.0903088260946114
57.31,-0.015505219738847671,-0.09469668292756453,0.08363930343659895
57.315,-0.014965597737862876,-0.10337329672469348,0.08016417494132691
57.32,0.002956533023992172,-0.11727160503518184,0.08204085262896037
57.325,0.006338996476224981,-0.11063353187964443,0.08680923613601843
57.33,-0.006114977871634442,-0.11379572266313215,0.0829741799391701
57.335,0.0016959056868300817,-0.09839298698551908,0.09009333430812652
57.34,0.010914316050544196,-0.11273885617082403,0.09443118879549241
57.345,-0.008386014696235643,-0.09856505653062711,0.08466087407206829
57.35,-0.01929593239727643,-0.09278611713172424,0.09461230260167232
57.355000000000004,-0.01188267856630679,-0.1009512964411233,0.07955558153814678
57.36,0.005058236462843708,-0.07853541374831174,0.08965734421969776
57.365,-0.009107810028427026,-0.0984438014501474,0.09722953391819308
57.370000000000005,0.006511336468381333,-0.07769541187466779,0.09169837426674884
57.375,0.010344519895711892,-0.11165739582238404,0.09494344226918829
57.38,-0.00435395294776937,-0.11191156619645228,0.10105430138597836
57.385,-0.0034025326197738813,-0.09378641477763038,0.0901492517214405
57.39,-0.007999061675234368,-0.09406580333018226,0.08607209393431153
57.395,-0.013931307046458473,-0.10689983407041377,0.10107998531112802
57.4,-0.014476156821853943,-0.0935089879893935,0.07865653686878465
57.405,-0.013845009249114113,-0.09755931416750016,0.09218595794994427
57.410000000000004,-0.004494808379407958,-0.10175043896411648,0.09397457691452622
57.415,-0.009444227357282986,-0.08605337831307001,0.10090580189088336
57.42,0.007328432100865505,-0.08706594806533595,0.08860238515958399
57.425000000000004,-0.01854221572798636,-0.10543755942038832,0.0815228274438484
57.43,-0.0004057701866672092,-0.09544725085625955,0.08254136059504069
57.435,-0.0018816797742752522,-0.09592963923558756,0.08731306911118103
57.44,-0.002364219000545875,-0.08135343344386754,0.10397540815404156
57.445,-0.006186987180544482,-0.09494678787098702,0.10492471422808354
57.45,-0.020960334651134477,-0.09538210657763177,0.08236482920967816
57.455,0.0029453088689483644,-0.10701442497236263,0.10405996559940722
57.46,0.009895341734698838,-0.09552965180792442,0.1048712120410988
57.465,-0.033673369319558354,-0.11159241341558862,0.08146266281753987
57.47,-0.026814228251083407,-0.08980978510284618,0.09375317330373788
57.475,-0.01940132820245576,-0.10879965571156594,0.09710726761245125
57.480000000000004,-0.011032756346720641,-0.11396134684223078,0.09023572718591236
57.485,0.0033339883658852244,-0.108172562471808,0.10430763586151372
57.49,0.010617481085821162,-0.11214876178803447,0.08782262399151883
57.495000000000005,-0.016578360078706965,-0.11429044536039687,0.09890978778295816
57.5,-0.01645932926343073,-0.1250434109171409,0.08475861040830551
57.505,-0.024436604067369333,-0.11174429943373218,0.08508326707186743
57.51,-0.014326303972274966,-0.1102907727310829,0.10323565616311148
57.515,-0.008613895232571653,-0.12081487509984576,0.08875468062663118
57.52,0.002004756997109707,-0.12907353866435395,0.10414236583188258
57.525,-0.013358481327847324,-0.09807491513353808,0.09595972970437044
57.53,-0.00522631462796079,-0.0994188652027883,0.11112739091630676
57.535000000000004,-0.006557029878099675,-0.10447803343461785,0.0776820036799406
57.54,0.002317319771011085,-0.10987655903354471,0.08846586911245564
57.545,0.006897372901084005,-0.0846134059934,0.081882855216318
57.550000000000004,-0.008359518078239706,-0.09958523002314458,0.10436506708794421
57.555,-0.0014604334955005387,-0.10019540255156467,0.08015555244850169
57.56,0.0038006868904970903,-0.08740973451429246,0.12189890066079766
57.565,0.012350722604114135,-0.0949670042967376,0.10046200160918078
57.57,-0.010142229512224743,-0.10085290118134382,0.09542694784587882
57.575,-0.016676969674379895,-0.09707420095067835,0.08846795991107091
57.58,0.005534397634977557,-0.11385386939154947,0.10023146819068686
57.585,0.001100593727444494,-0.10995330809712017,0.09893893686509928
57.59,0.0030493320501971104,-0.10124623293863413,0.09252465587551006
57.595,0.013866426915855884,-0.10426271639242637,0.09508060258280175
57.6,-0.015192044632890422,-0.11186973863570504,0.09979892690421632
57.605000000000004,0.002471734221065173,-0.09522492003586341,0.10050076937439986
57.61,-0.017779360656404716,-0.09639446653199346,0.08137748533584417
57.615,0.007472440625453205,-0.10872170683823137,0.06367217842056289
57.620000000000005,0.005346169746646409,-0.10758323184467473,0.08975205598820851
57.625,-0.008236063619557015,-0.10729144240601213,0.09306901212888581
57.63,-0.0071274126638980854,-0.10450766015724018,0.089575702332982
57.635,-0.0007891749655331935,-0.11930212350514816,0.09093566324117386
57.64,0.000889821645790859,-0.10531901251125891,0.10148109933806272
57.645,0.004540715866719917,-0.09563805259713692,0.09076909345788503
57.65,0.008554962186704197,-0.11449968270719016,0.09907733543393756
57.655,0.019553472444150222,-0.09697643003217787,0.07819990645141071
57.660000000000004,-0.006493031914739742,-0.09637812393863682,0.09705684760306577
57.665,-0.007618876401098526,-0.10708907860359143,0.08334978870005497
57.67,0.01841540905514625,-0.11295537478869759,0.09442410556217448
57.675000000000004,-0.005427290332318403,-0.10135375539423433,0.06859234634149135
57.68,-0.004898986374984753,-0.10648098982786762,0.09436538142812266
57.685,0.008097093546400617,-0.10389929582735376,0.08751003444451647
57.69,-0.0012999225321970037,-0.11047510068634873,0.08390195365274733
57.695,0.0019207503836883022,-0.11073670137437815,0.08598977805759679
57.7,0.010025665835273312,-0.0926945283335956,0.09341476036800331
57.705,0.004434193961227451,-0.11160492500813274,0.08500705495563718
57.71,0.0014871040698526232,-0.11734228542095426,0.08640870574615084
57.715,0.014998552058005946,-0.1042908810957804,0.10944383484521869
57.72,-0.004261358293598368,-0.12302978289336344,0.09749949822299334
57.725,0.008484359934623383,-0.11733183707256936,0.06675641853018305
57.730000000000004,-0.006095367674852168,-0.11039638786041499,0.10585121594331151
57.735,2.3316092483988138e-05,-0.10623664984523853,0.10116053616438464
57.74,0.014760713580955253,-0.11434276472221802,0.08878719062412686
57.745000000000005,0.008576921688359619,-0.09518906722382259,0.09698564526675879
57.75,-0.008718551525700936,-0.08550632816826306,0.09274991017023536
57.755,0.00359573621356693,-0.11856046199443256,0.1036770425171704
57.76,0.011257299414602188,-0.09186271055979635,0.11513281899692407
57.765,0.007268957685558283,-0.09429785770204221,0.09548961279142149
57.77,0.015534468310371129,-0.10621154653874491,0.09615324710134206
57.775,0.016783010787372203,-0.11180901882004454,0.09911366139394193
57.78,0.006933547027955407,-0.10149849140525818,0.10024145668117397
57.785000000000004,0.00680770595729561,-0.12185356237832776,0.09888889362028201
57.79,0.0037540695395451087,-0.12690094721483774,0.10230852089900255
57.795,0.008610790559757523,-0.11009087029835891,0.09045984639209399
57.800000000000004,0.01410371638679616,-0.1225132248014972,0.09632516079222217
57.805,0.00801238152753839,-0.11251379456147077,0.10018489249593673
57.81,0.00017520886348313183,-0.12295600147453496,0.10712118620067915
57.815,0.03195728714481679,-0.1013238285376592,0.08508213152494602
57.82,0.005650523311439778,-0.10237952941900876,0.09531980735170986
57.825,-0.010551825905824742,-0.11249381797083095,0.09038575970349373
57.83,0.01808163151407094,-0.09625900281326882,0.10355522130959087
57.835,0.00016220426611502498,-0.08550225791954985,0.0850313646226091
57.84,0.0075153771483682,-0.12810200017706597,0.0908324729556888
57.845,-0.003752339024711008,-0.10721182782891656,0.12046451347371867
57.85,0.0005136524278343962,-0.1108784401116611,0.10187088424476753
57.855000000000004,0.013485020454963264,-0.11237373717137354,0.09946485466035017
57.86,0.00032468715607418194,-0.13238685044019718,0.08820987022515064
57.865,0.004225346185234357,-0.0891195853667306,0.10130282676270663
57.870000000000005,-0.013570708573716853,-0.10993550620207046,0.10431017991101425
57.875,0.0045461876374475445,-0.11043318652925463,0.09633883331927348
57.88,0.00560777873527161,-0.09632617019392184,0.11324921919868786
57.885,-0.012963137847471929,-0.10979899078098929,0.09171742544109719
57.89,-0.010043901798374378,-0.11392111656256772,0.08240636168719793
57.895,0.0018530604264509164,-0.10317181829718111,0.11738407449116438
57.9,0.017071225946126277,-0.11287067504674689,0.10362022515248881
57.905,0.0015668750445048743,-0.12665823970573686,0.08582680761479461
57.910000000000004,0.0070213485122395565,-0.11183982289434977,0.11198428870412751
57.915,-0.005785308018090039,-0.10490001002932599,0.10444551097970368
57.92,-0.013020243292233273,-0.1065938484563836,0.09099753794129811
57.925000000000004,-0.010638863547088182,-0.0942701493174024,0.10524286486017899
57.93,-0.01835033321154573,-0.10282864546084329,0.0823649245275499
57.935,-0.012687989727250739,-0.09760933636782498,0.09975692103985295
57.94,-0.0003559243463453349,-0.10488679443700737,0.08918366569942873
57.945,0.004034097847967391,-0.11898951209133904,0.10006314686049134
57.95,-0.010818625596084763,-0.10619984871736668,0.06884601145477917
57.955,-0.012900141109465784,-0.0965087673301013,0.11164796283017728
57.96,-0.026608570377087408,-0.10288761945099796,0.09314301834369418
57.965,-0.002401487528797418,-0.12015442001316723,0.09744534218338222
57.97,-0.02272177215148872,-0.10577342121487626,0.10122692129903246
57.975,-0.013360685755440086,-0.1037654370899646,0.09887517007190635
57.980000000000004,-0.006583994920545793,-0.11259655397825748,0.10081864219690204
57.985,-0.00485768681803442,-0.12839112318590917,0.10944815440446143
57.99,-0.007512015608346528,-0.10898872784303483,0.07285164035591804
57.995000000000005,0.0024623824433728982,-0.10622748251391997,0.09822780854443652
58.0,-0.007344881292551002,-0.12131280449096596,0.0848375817968749
58.005,0.0001345606648047084,-0.11459005803685776,0.10123455302201556
58.01,-0.0019230035348964322,-0.12011969679172621,0.09373515040080876
58.015,-0.0016195685617459224,-0.11733808123667841,0.09316254545387705
58.02,-0.004437926233067999,-0.11006489644477561,0.11469457410824949
58.025,0.008467426258782464,-0.10631864464938279,0.10341036079085944
58.03,-0.008518967315290359,-0.11165955933044733,0.08676621300989883
58.035000000000004,-0.007476678594497299,-0.10440166989187356,0.09555173882536602
58.04,-0.015541388437960178,-0.10914683348440066,0.10673000608586145
58.045,1.909047203228764e-06,-0.12284425450913772,0.11909871335882277
58.050000000000004,-0.004179114687370065,-0.11086285499478415,0.09182213529812525
58.055,0.016070727325841867,-0.11181608479538077,0.08483385306250224
58.06,0.004024464684065436,-0.1179444551778406,0.08752134086393387
58.065,-0.011477113463394112,-0.11366068968754733,0.08809368599170508
58.07,-0.009614464167649352,-0.09197364399295214,0.09336988360360679
58.075,-0.008996800902650471,-0.11108854813673456,0.11223644790512663
58.08,0.00665555802778393,-0.11589879450252023,0.09411365877964395
58.085,-0.006319424207341436,-0.11069698003581971,0.10421682727297353
58.09,0.008305592114974787,-0.10945710942575837,0.1087203122680026
58.095,-0.005023446255552653,-0.10609171847715704,0.08122862982702272
58.1,0.0031135134937027003,-0.1061714854630423,0.10142128920211582
58.105000000000004,-0.00602333258132047,-0.09694643027963362,0.09033251154428326
58.11,-0.0032389040668651843,-0.10719249986353022,0.08560037681972826
58.115,0.017420663697234787,-0.11440469545882032,0.10896326212439526
58.120000000000005,0.010523882525082733,-0.08671906549859036,0.10568078326046798
58.125,-0.0021738734550882446,-0.08772516469755275,0.0952751930316102
58.13,0.013660099904381991,-0.0971528180060782,0.1083736252424997
58.135,0.01034675726394557,-0.10857909657209111,0.10617507009070291
58.14,0.019803374668625237,-0.1023356786597328,0.08336932544318522
58.145,0.00913790164007717,-0.1111214662605321,0.07670554159340977
58.15,0.007279403045095972,-0.09566999051877911,0.10140977787653244
58.155,0.01133497276974842,-0.1068448725110109,0.08441007577756515
58.160000000000004,0.011796050477094045,-0.1081251320559073,0.10393639493060329
58.165,0.01012964598680622,-0.07481419868808728,0.11255345682360376
58.17,0.011917538024534156,-0.10261182022689852,0.12005057720497782
58.175000000000004,0.029693827747625964,-0.09508689274436946,0.10225471739917258
58.18,0.023875461667215395,-0.10158033970971862,0.11106311006640349
58.185,0.018771365145803274,-0.09187499201356597,0.0980605092293302
58.19,0.040886243909756335,-0.10046329624594186,0.09797641656073806
58.195,0.022473329775777998,-0.09489222938663172,0.09904425213467835
58.2,0.011658192644687617,-0.08504402938353439,0.10280670303244735
58.205,0.0453555394656525,-0.0971931645871566,0.1176965221989718
58.21,0.014051331444922516,-0.09600473855250552,0.10901594402143339
58.215,0.04244138008621867,-0.08198136798468707,0.11107697421161122
58.22,0.04243136431837368,-0.1065055414293947,0.1254223066825079
58.225,0.007951058654272754,-0.07004873134824006,0.1301574753162001
58.230000000000004,0.03234253347599924,-0.07644227781594326,0.11147609202013543
58.235,0.035353646368508136,-0.07731304706058503,0.10867651576090177
58.24,0.04937887523212333,-0.09139892110706993,0.11896105374114592
58.245000000000005,0.025731012575777434,-0.08389025596427076,0.12330927895089996
58.25,0.007720190045561012,-0.0905513847403873,0.10231390664550784
58.255,0.014904233553999915,-0.0942215376682235,0.10279136120290935
58.26,0.043805144592791015,-0.06652540422395571,0.11181884154992314
58.265,0.03061023991083646,-0.08992926270518757,0.11394259480987529
58.27,0.02609111463415921,-0.08678407054531162,0.10490794794091252
58.275,0.02490822406001098,-0.07834385014850323,0.09350630499164825
58.28,0.02343416951081173,-0.07221130746011774,0.09998593104260134
58.285000000000004,0.02458788870547207,-0.06955000827952568,0.11675196349233051
58.29,0.014738391687906412,-0.10021848303544195,0.11953025128990304
58.295,0.02921942649203794,-0.07181640328114956,0.11194489231915054
58.300000000000004,0.03628817976360039,-0.07318611669830012,0.12315890956806164
58.305,0.03732756880168568,-0.07032901854784109,0.1175230820947048
58.31,0.031468196158298184,-0.0859101380705412,0.11589882882395058
58.315,0.034700522959789384,-0.05427346018826759,0.09928068443366661
58.32,0.02734052615786351,-0.06733369617251107,0.11600898181980657
58.325,0.03731599544952545,-0.07907441507544861,0.10892185301827523
58.33,0.013601638991255674,-0.0834252462998818,0.1199626735428312
58.335,0.0303168407376162,-0.07173721832158328,0.11931957296619548
58.34,0.023186482925503092,-0.06884097920291915,0.10547234192302381
58.345,0.019066255874931555,-0.06149716675064542,0.11111385642849747
58.35,0.018437401377672573,-0.10672319543670723,0.11844539816189911
58.355000000000004,0.02544143079229963,-0.06568110647681877,0.09646021640801519
58.36,0.01581607656404125,-0.06858500980493297,0.1073282921615897
58.365,0.03301952029122151,-0.08843790206957021,0.09160985803753546
58.370000000000005,0.02130793701358062,-0.06733619202122809,0.10780449865997113
58.375,0.034106381469510935,-0.08687719427103567,0.10744948436181243
58.38,0.021940646725884336,-0.08278281621818243,0.10279904132497251
58.385,0.01345046842799242,-0.08766987775958182,0.10572638332877717
58.39,0.021050776965159217,-0.07330393522282165,0.1061658218375258
58.395,0.02112460430014418,-0.09297199598742033,0.08981158867011305
58.4,0.025104229802417954,-0.10500403005274186,0.09929149099173668
58.405,0.029572460089786985,-0.07561391828523398,0.10966309144534775
58.410000000000004,0.03624078169781953,-0.09496619768512124,0.11099320056666881
58.415,0.03421641353802134,-0.09142044496077344,0.1173625203516875
58.42,0.021298747678190427,-0.09572458242425914,0.10981280491008516
58.425000000000004,0.029823144088487897,-0.09898509847662793,0.10617382613752778
58.43,0.028083010182234944,-0.11988599884720139,0.08120012933221477
58.435,0.019295611111337502,-0.0950923721962675,0.09873198129551747
58.44,0.0169685610447684,-0.08501167503329989,0.09898379984666375
58.445,0.03970193375533318,-0.0873267412537981,0.11327175625249382
58.45,0.028080201838705545,-0.08002994292181062,0.09275946295732145
58.455,0.021455787745226662,-0.0815958469452583,0.08033263853500915
58.46,0.022581397472626497,-0.07659540889890806,0.08288421536517879
58.465,0.03306694656533058,-0.09985084262243969,0.08376919687541588
58.47,0.0331869525733972,-0.07932284522273804,0.0779677850672268
58.475,0.028672471969917103,-0.07895726034011494,0.08468680202531613
58.480000000000004,0.028219127921071178,-0.08537039457604668,0.08788346876672119
58.485,0.03403467404877024,-0.08384290875527012,0.09902308327686908
58.49,0.014765351622192783,-0.09614416986114901,0.06979869754031844
58.495000000000005,0.00975854815826939,-0.11252300211544723,0.07440289858044274
58.5,0.02875830401086446,-0.09490780216513924,0.10153748289820919
58.505,0.02848203796824964,-0.1106273724644681,0.08579836080371786
58.51,0.014008839208467991,-0.08936035655890967,0.09568510126037409
58.515,0.015280888524417467,-0.07167051666218785,0.10263279227723121
58.52,0.024168984381625548,-0.10658093359893905,0.09979480580097154
58.525,0.02708347099245016,-0.09975085885934637,0.09162624450719882
58.53,0.025341680159670008,-0.08823280212388582,0.09933577686095671
58.535000000000004,0.039766462723363274,-0.08533811781147847,0.09038213620504429
58.54,0.017759913645440453,-0.08839123416463378,0.11139069618111763
58.545,0.014106104662211322,-0.08066668290103639,0.11371490565093141
58.550000000000004,0.019067734731151156,-0.08873876804779138,0.1040342484057411
58.555,0.012635851134097199,-0.08602065909790474,0.09006352551409715
58.56,0.02883716536766697,-0.07800086571741549,0.09034580366464495
58.565,0.025516088798435286,-0.06618784398562345,0.09555613665709567
58.57,0.01601691036355981,-0.08289050926840877,0.09544650333844197
58.575,0.029169673287282104,-0.08585448894750937,0.10214049259466536
58.58,0.031124045782027335,-0.11015549738141008,0.0998050259753399
58.585,0.02039310433398803,-0.10065131538890362,0.10066647988073332
58.59,0.018844377879485508,-0.09474700605887378,0.08854068868452598
58.595,0.026019564452517494,-0.07790556681627916,0.09504221640613876
58.6,0.02347058403008088,-0.08828243259717802,0.11515827880935596
58.605000000000004,0.011948673784690986,-0.08466995009108576,0.1049566395915806
58.61,0.019278999324561896,-0.0893335267430933,0.09126501772900567
58.615,0.034199726651209905,-0.09054620366229782,0.09743327062875902
58.620000000000005,0.03720407471358991,-0.08662144893484006,0.0910134656101168
58.625,0.02077790478767086,-0.08359679502194602,0.1095585393426556
58.63,0.04071057886087054,-0.07313412693664742,0.10446567192869494
58.635,0.018669009444038143,-0.08669426804410935,0.10931482519786812
58.64,0.03494747674554769,-0.09139673939423357,0.09214357010292702
58.645,0.0212335529660199,-0.08299434860094784,0.09414548956640036
58.65,0.028976138838900777,-0.07728020765218865,0.10166604153047426
58.655,0.013023896180538152,-0.09967064905122018,0.09381083461642757
58.660000000000004,0.028531296364726868,-0.082849712590183,0.09647013179843864
58.665,0.023367961120683838,-0.08492798512910127,0.09416529237315496
58.67,0.024292874653186452,-0.07231613567782924,0.1027906231777252
58.675000000000004,0.02237180927466572,-0.07148293980048191,0.09506776249491766
58.68,0.03526195192237794,-0.08324334387210335,0.11102542269025772
58.685,0.03073051550888384,-0.08211113003050995,0.10591891222690517
58.69,0.042697578579742754,-0.08491841170639468,0.09236922988737387
58.695,0.03442313365184454,-0.07771363985516723,0.10368112805087995
58.7,0.025679300976886175,-0.08752642827502587,0.1058025322234189
58.705,0.0383063023409023,-0.09808219722502798,0.08804055089775471
58.71,0.010524989824452963,-0.06811593423128445,0.10817585888688933
58.715,0.01687256115893507,-0.07886819814401153,0.09696577290482736
58.72,0.008731441153496514,-0.0740725206631404,0.09404440272028061
58.725,0.017355394952758382,-0.0916077449181569,0.11117210467067547
58.730000000000004,0.04803823434498086,-0.08900627532580038,0.10717795877393843
58.735,0.02337589367751584,-0.08194490596381872,0.08956688521597038
58.74,0.021881547044834197,-0.07275438416180743,0.10744322391381027
58.745000000000005,0.024365743779981304,-0.08070629296888802,0.10806856854568578
58.75,0.040378518323998414,-0.07201718473570498,0.08510893710167915
58.755,0.011893512952212354,-0.09497663275764837,0.10429717213184454
58.76,0.030803987271880006,-0.10538560117553358,0.08074371320357418
58.765,0.019017762373425617,-0.11958336930382273,0.11126932170500692
58.77,0.03705905244138699,-0.08108441949634478,0.09197261203048229
58.775,0.031323817760569306,-0.0889348463520107,0.08302566777858061
58.78,0.02488719550949695,-0.09792255263737414,0.0979699615921768
58.785000000000004,0.02999188410626505,-0.08883758261595733,0.10002441462121513
58.79,0.03196610171930891,-0.09869523839726306,0.09068471347255198
58.795,0.030646672979787695,-0.07789867712215352,0.10634439135740806
58.800000000000004,0.029032199587167733,-0.08086516410186728,0.11524591154531874
58.805,0.05340927334989985,-0.08130541041808274,0.08834029937941719
58.81,0.025968636445775017,-0.07610790544363422,0.0899014820744003
58.815,0.04229782794173695,-0.07342132887841468,0.09021153378602065
58.82,0.01213314264523413,-0.08174860125873722,0.09751035179933817
58.825,0.034925351474823764,-0.07115583996296716,0.10579455840674201
58.83,0.036624546870981156,-0.08200869407097158,0.11419362789652407
58.835,0.006393144475231757,-0.07719598030738681,0.12066639124368636
58.84,0.016415874684915094,-0.07972127491599483,0.09547617362581162
58.845,0.028206475565032394,-0.07171821414606509,0.10407324566443435
58.85,0.011652822641747579,-0.1014385331418195,0.12132068315167886
58.855000000000004,0.022843095124009647,-0.07498648119558828,0.10505808635264009
58.86,0.019484359312266525,-0.10861983175730257,0.11998780818825745
58.865,0.018603789260594358,-0.09039864431364675,0.09532419765532824
58.870000000000005,0.02439788157407053,-0.07663798747585548,0.10538766745780584
58.875,0.03209965980843807,-0.07964661022855894,0.09612225594228055
58.88,0.02901543896112592,-0.07403602863381678,0.0953282312781567
58.885,0.02409333554670466,-0.08070475704128194,0.09533889871490855
58.89,0.016073755076069535,-0.07222189458845345,0.09467255652642083
58.895,0.032770714537381604,-0.07863366237741269,0.09905453919133919
58.9,0.027359955162871655,-0.07870635937953836,0.10793156865098474
58.905,0.026430536301265895,-0.08517788487004799,0.09659628318207253
58.910000000000004,0.021516025614218136,-0.07631842183649006,0.10016284402931794
58.915,0.03283510591386775,-0.07159804122281771,0.09672577985940632
58.92,0.028105906138009923,-0.09997068252834457,0.11714325438973165
58.925000000000004,0.031074708167011196,-0.08317309145669716,0.11349725197922317
58.93,0.032839397785875316,-0.07474925863900468,0.1234629126836005
58.935,0.04138366627937502,-0.06039865128690894,0.11048629177483837
58.94,0.013447803110893084,-0.09101178818728436,0.11016788997985522
58.945,0.032155246284316916,-0.08170085162286396,0.09568079978987354
58.95,0.027396821352816788,-0.10494220860718917,0.10213913908214714
58.955,0.025975793332286737,-0.0683650693237598,0.1153110070359346
58.96,0.029336491717721645,-0.08464059401896673,0.10076880732157399
58.965,0.04057919991921797,-0.07869636106632899,0.11902529176190843
58.97,0.03777017375620446,-0.07818148737421393,0.11019832347269538
58.975,0.030842723011587206,-0.08554691495999418,0.10418680677046366
58.980000000000004,0.028910574432490347,-0.0711449015964238,0.09587594213183445
58.985,0.030704309728255504,-0.08333295346667907,0.09962933425973228
58.99,0.0342948929451804,-0.07215393235175387,0.10155095427056077
58.995000000000005,0.022034175145883534,-0.07650473583116284,0.0953618019993005
59.0,0.059168162169590414,-0.06745103894744252,0.09607363722141982
59.005,0.018636739902952074,-0.08870433990887448,0.10291915299267904
59.01,0.025552773675991503,-0.08742326121522818,0.11203691625831459
59.015,0.01820809779081663,-0.0829064968868531,0.10413105937124058
59.02,0.03411112011243071,-0.08516686991634011,0.10569016432039843
59.025,0.023724289301640604,-0.09172756357990149,0.09350262973638979
59.03,0.04536354340747937,-0.07080202472255508,0.10237823327454212
59.035000000000004,0.04016485190089292,-0.08997455868436885,0.11868008532102509
59.04,0.018744553184456256,-0.07816533959536692,0.09028996584998855
59.045,0.02500141802105355,-0.0720705460903556,0.11444006561136114
59.050000000000004,0.03956919521310786,-0.06590630575907035,0.09479208247754278
59.055,0.029634147586736014,-0.08209939514235495,0.12275707939145084
59.06,0.03664686684598813,-0.0708921989888922,0.1172180445960905
59.065,0.06621746913045282,-0.07961623557175901,0.11981373002884174
59.07,0.04454210928152534,-0.08461279250070515,0.09902397564107054
59.075,0.033017240981015925,-0.06945176895182267,0.08888014229339301
59.08,0.02981126494839978,-0.06655293547382951,0.09887060588696886
59.085,0.042959448471825874,-0.08202000781727976,0.1071422435122425
59.09,0.036539434078996964,-0.08244457919248831,0.12772947716954336
59.095,0.0253362567015962,-0.05999965523359387,0.12737735355224605
59.1,0.02302064306982828,-0.05239446277892287,0.11956340226916687
59.105000000000004,0.03134161516213266,-0.054220316907809034,0.13216607573944616
59.11,0.04468249680442574,-0.05641212340994918,0.12341240934353162
59.115,0.026699167438239885,-0.07132283944473172,0.1167590400628479
59.120000000000005,0.023872831787560934,-0.06497394509910341,0.10950702883870016
59.125,0.028957594241212317,-0.06600744479733175,0.09838916109569693
59.13,0.03523989829713896,-0.07495876558692255,0.10208839359592166
59.135,0.04318511113112124,-0.0640503741940984,0.11603675140882232
59.14,0.02315064050939618,-0.07090811552076175,0.09718971338357847
59.145,0.018047419018471157,-0.0665357864810424,0.10872306862484268
59.15,0.0191368265964428,-0.08674270010560169,0.11023523002180033
59.155,0.028500891994856045,-0.07456628668552293,0.10643717094010847
59.160000000000004,0.02077929887246062,-0.07324876335526277,0.09626340463518981
59.165,0.02002564586037756,-0.06822746472259032,0.0971122748740716
59.17,0.012628523421612733,-0.07640300724833146,0.12103867933936081
59.175000000000004,0.020607795715012006,-0.07059468446351694,0.11693158100433265
59.18,0.03933063386316621,-0.0897653794410363,0.10988249998011043
59.185,0.027746373333344766,-0.08754971912721363,0.1264950932041207
59.19,0.025349041811106608,-0.07163064823948816,0.10944331830343526
59.195,0.04589632176807129,-0.08778755425039053,0.10014645711643298
59.2,0.012602987667890569,-0.09745999913794094,0.10724424585183762
59.205,0.026595433628429643,-0.07565226862461538,0.10227194291832623
59.21,0.023116913084436974,-0.06232653950251325,0.12055316428166088
59.215,0.019564910058210816,-0.06984620900789264,0.10431174674446379
59.22,0.028289159418272286,-0.07939100210306632,0.10122310659080949
59.225,0.020792425298800543,-0.053671013424100716,0.1025097400940552
59.230000000000004,0.03605566468634688,-0.08135449815467173,0.1081847384389329
59.235,0.020497958007626636,-0.08570523795002119,0.09951139554228298
59.24,0.031173661309883367,-0.08727867417733862,0.1024843990031986
59.245000000000005,0.021069553501568482,-0.08468467053253441,0.09449857855114316
59.25,0.01759059602840901,-0.09162325431779142,0.11199332112058893
59.255,0.0075195254578204924,-0.08621048915068337,0.08928015311933055
59.26,0.02968105970575763,-0.09167895811281773,0.10959774750235732
59.265,0.024967008886592968,-0.06706898097752362,0.11434495653270552
59.27,0.005965660082067144,-0.07065614931748704,0.11205353207507403
59.275,0.025211468966264992,-0.08458034625539985,0.10069838367772072
59.28,0.021487728838960267,-0.09225018822332917,0.09656425640102337
59.285000000000004,0.03167878107292145,-0.09023419617365787,0.10381218175227151
59.29,0.006815481284850499,-0.09166003123931123,0.10519035706317136
59.295,0.019633470303360066,-0.09471740991527357,0.0837587690427887
59.300000000000004,0.024099833073196904,-0.07159080981484287,0.10816488970032022
59.305,0.021105895211319746,-0.09484945613600133,0.08728724076886993
59.31,0.020925653341977733,-0.09684594263778956,0.10655313546742712
59.315,0.018347875741572418,-0.07569541418940341,0.10135252690107108
59.32,0.011341349874971431,-0.09144856373559958,0.09266059037828736
59.325,0.011112939336517406,-0.09682091348618761,0.09249769032409352
59.33,0.019701601067316145,-0.10276172433457822,0.10986078719845732
59.335,0.019217907946897803,-0.11400620035641632,0.1182386731004861
59.34,0.03496461410370023,-0.0955032518248359,0.09808309412977087
59.345,0.03254778847226682,-0.09637516757134382,0.08757443461569422
59.35,0.02505872090498494,-0.07637114673902824,0.10620479267812294
59.355000000000004,0.017734403496588724,-0.10934116983357434,0.08942199924513483
59.36,0.012940180807278549,-0.11014710320703779,0.12466863320852789
59.365,0.016726418286785213,-0.08220452820807271,0.1104069500629471
59.370000000000005,0.0009841931880244757,-0.0926842996449019,0.11107384620945415
59.375,0.037406852685428565,-0.08101285331622812,0.10432362133519744
59.38,0.00039605687159976165,-0.08242878092066001,0.11748137058032668
59.385,0.0029503766142267903,-0.09184956624151701,0.09581744238993507
59.39,0.004671759928564809,-0.09832750597661957,0.11012001270644023
59.395,0.023200314469942772,-0.08626299892475724,0.10686439060056568
59.4,0.013279417282996987,-0.09309857198780823,0.10522943322678732
59.405,0.015296094087334748,-0.09570635208196358,0.13797504416587308
59.410000000000004,0.029360946237894033,-0.09466246211619249,0.096204766696075
59.415,-0.007238096513322488,-0.10044647961387003,0.10477322687448574
59.42,0.0012081261020564452,-0.08503656294442498,0.1113866472646615
59.425000000000004,0.024603870283022244,-0.10132988030022201,0.10951292479146205
59.43,0.010167189466528496,-0.0970586173701185,0.1166850706848144
59.435,0.007007670958687668,-0.10763265256504774,0.10972118056811506
59.44,-0.0035053285232333475,-0.10221435219312154,0.11781062841428076
59.445,0.008139566847681492,-0.10506664571605903,0.10498354112964618
59.45,-0.0035220958209829286,-0.08042764222257656,0.11382290197424932
59.455,0.026429885771449016,-0.09112540349770855,0.12035741403802566
59.46,0.0009944960241143799,-0.09524977850276581,0.11669616156429186
59.465,-0.002643340259698576,-0.1020276227872162,0.1266857716619796
59.47,0.0026914342586663517,-0.0970744794843066,0.1139492864900842
59.475,0.012306946163533162,-0.09977144210895125,0.11731838389563348
59.480000000000004,0.0009326483205258241,-0.09411064286532037,0.12127496380450556
59.485,0.0072779313923743705,-0.104255200111259,0.1118531950077865
59.49,0.01651295530086127,-0.10427015693092341,0.1271752433014948
59.495000000000005,0.013504137330586835,-0.09284849194653533,0.11899522333929109
59.5,0.01685268336218489,-0.08637212361240651,0.09364890486056116
59.505,0.01676626319965044,-0.11236577560210737,0.1252656753492849
59.51,0.005031636280604381,-0.08195468188029903,0.09961333384695124
59.515,0.014771712843826335,-0.09794287354190209,0.1140140813172695
59.52,0.02529097211714162,-0.10330177781971514,0.09523083723679546
59.525,0.03143597922870172,-0.12524859044230152,0.09951322447114411
59.53,0.018057454418277268,-0.10077839729733985,0.10099601023843563
59.535000000000004,0.005898098516061113,-0.10548995797565691,0.09835769761840266
59.54,0.017684930008712997,-0.1067103407947246,0.11428293210338468
59.545,0.010254700532683398,-0.08788463632468636,0.11275464560639444
59.550000000000004,0.023169584848522398,-0.09398215102963077,0.10934123157034895
59.555,0.03816239816064252,-0.10128215487755719,0.12849985108629242
59.56,0.0010269850072024914,-0.0907598206074001,0.1214561193273738
59.565,0.0317130273285864,-0.09407705866321832,0.11321734424986604
59.57,0.0023873299437773415,-0.10519896861091108,0.11719156426587315
59.575,0.01797151206900648,-0.0889038415556334,0.11998748626630709
59.58,0.013478924216465227,-0.09853800461643275,0.11774910286639384
59.585,0.017427959746487247,-0.08273910623011732,0.1035642938123981
59.59,0.031248819199750772,-0.09133099801537795,0.11254536011829536
59.595,0.008216563354439425,-0.1000629235051792,0.11106083839037845
59.6,0.009206857564338798,-0.09342188702471682,0.10274895084942691
59.605000000000004,0.03402390915147165,-0.0989097799685744,0.11520725776759352
59.61,0.03352015880671397,-0.09587582123630685,0.12492514762197086
59.615,0.0054203365907415976,-0.09193357861272501,0.10192867200714759
59.620000000000005,0.0029051824631216618,-0.09740997160870446,0.1029597309881079
59.625,0.008274574435674219,-0.08959483770542462,0.11730661799485712
59.63,0.013009970815987721,-0.07407742293647064,0.12194554059097637
59.635,0.020642876205228484,-0.08096905129987753,0.11173272887451385
59.64,0.008720206246207835,-0.10131374689388051,0.12203866437312125
59.645,0.010889166457451183,-0.07798812926695,0.11800320666837584
59.65,0.005590345454266413,-0.08122963746135782,0.10732488969559917
59.655,0.017741500804395696,-0.09389106709510604,0.09764328359080866
59.660000000000004,0.030501181428460387,-0.0924742055590928,0.1026366622865347
59.665,0.027743532821536486,-0.0781248507182893,0.09735079483693893
59.67,0.000647679857567765,-0.08083102009736777,0.08948887863382433
59.675000000000004,0.01842500815713943,-0.07144098494411345,0.08992673352332457
59.68,0.0223350730209024,-0.12455153938227721,0.10912556280294035
59.685,-0.00802193868942136,-0.09560007644927203,0.09905128540456215
59.69,0.03479466215362719,-0.09809098666533936,0.10867071630723057
59.695,0.016796728882015215,-0.07713215493975543,0.0891030465811119
59.7,0.00582317088278214,-0.10873110791284511,0.08476548395600786
59.705,0.015664009541708098,-0.08875917612233142,0.11081619955460693
59.71,0.0019691576112777637,-0.08533263573650503,0.10884606662455855
59.715,0.018710416214630318,-0.09993982728214891,0.08721550061600328
59.72,0.023839946641964344,-0.0984176824029681,0.105846085705159
59.725,0.02277429783769542,-0.10933035637465384,0.10106353724521958
59.730000000000004,0.025870536791300688,-0.08600079701603353,0.09822387017883098
59.735,-0.002016745809752696,-0.10225073010457308,0.12457594348536936
59.74,0.019099172242938788,-0.10870389630286517,0.119532911940116
59.745000000000005,0.033518182174054,-0.09490355097596379,0.10088802335787786
59.75,0.015563215373237738,-0.10678698215571056,0.11282586138118206
59.755,0.028354717889458692,-0.09396423072068938,0.11294639643713059
59.76,0.0072314081243058,-0.07756630451553077,0.0958368706040326
59.765,0.015205048337075047,-0.09159233991913762,0.10225665912177445
59.77,0.03229129647818006,-0.08782185982483712,0.10160820740144223
59.775,0.030853285095084095,-0.09256225228095548,0.09569268040599534
59.78,0.040630195772116476,-0.08385868947747807,0.1065485042540315
59.785000000000004,0.03972743545272906,-0.07783425057872329,0.09513431863350331
59.79,0.01904320432535348,-0.0993987630090856,0.10520633178659736
59.795,0.029657520059138985,-0.11061881321576553,0.1030117875802257
59.800000000000004,0.0301688484160076,-0.08175882388608884,0.09932637043818641
59.805,0.0317524544932577,-0.06533434889255266,0.07982608414292237
59.81,0.0484825093353521,-0.0977443095290608,0.11175305592882355
59.815,0.012766095153762274,-0.09032377067970868,0.14107872531119683
59.82,0.022432691974547093,-0.08319443900833565,0.08665852123962825
59.825,0.03187326471483372,-0.06593725636157474,0.10036936921550632
59.83,0.019469596415995532,-0.09402374545300958,0.10863392200563167
59.835,0.03945884202806225,-0.07302666947532979,0.10996470698854674
59.84,0.019984860555456504,-0.09143939013735408,0.10618770818971324
59.845,0.04456852627463725,-0.07096696609235212,0.09908280642143365
59.85,0.023450915463660387,-0.09715663007891406,0.1025233819428371
59.855000000000004,0.04524334732632426,-0.083577699830686,0.11147879168790033
59.86,0.02346145278391652,-0.08351471644576108,0.10648267921306073
59.865,0.023796738784337277,-0.08360346693576323,0.10425972814427899
59.870000000000005,0.04085701749929333,-0.09203136453272519,0.09957503114702064
59.875,0.04896748886409656,-0.07223043220413017,0.10999642124672963
59.88,0.045548628124389465,-0.10161721632779211,0.09797674701512557
59.885,0.02231191115439221,-0.07520479428342328,0.1106974635740952
59.89,0.032465333190409534,-0.08441902043487941,0.10809708040937074
59.895,0.037345639122069174,-0.08278258774078837,0.09719816574587375
59.9,0.038193414280199955,-0.09065252147785308,0.106446771016952
59.905,0.030435611947490886,-0.09878298721913427,0.10907142479238703
59.910000000000004,0.035311404324331094,-0.09226092024831856,0.1085408098479439
59.915,0.04563834093513197,-0.08578402163621424,0.11597863623312483
59.92,0.01887403902254892,-0.07997951727127296,0.10112091555220881
59.925000000000004,0.02447233859356762,-0.08461880942837985,0.11007878199250187
59.93,0.04304824442679246,-0.07235402165273126,0.11844261204335907
59.935,0.03908866514224016,-0.07949576750718997,0.10585525662939047
59.94,0.03442852427988086,-0.08833319453391783,0.11125404796485702
59.945,0.034388678193628536,-0.083260701393151,0.1047712518110606
59.95,0.03694778256431744,-0.0723632142486575,0.11113434137850377
59.955,0.037654118827019356,-0.08934157857084157,0.09729733537790874
59.96,0.042177003622192885,-0.0925646970761206,0.12509946427274932
59.965,0.05014905272400051,-0.06647003332510579,0.13149866413308606
59.97,0.03317063986359242,-0.07038233156422649,0.11039845214795456
59.975,0.02949824347274001,-0.08939687336138627,0.13298343695686674
59.980000000000004,0.04522346911652901,-0.07005961496581033,0.12166651318672103
59.985,0.04216999392298145,-0.07762931857056582,0.09797174813991047
59.99,0.03367298615026233,-0.08505884109003073,0.10537875355584268
59.995000000000005,0.05774664962222986,-0.08001411339664073,0.09694712843333225
