timestamp,gyro2_x,gyro2_y,gyro2_z
0.0,0.004914173519498972,0.009332263660921733,0.004466145785692159
0.005,-0.0031472912662736854,0.017265657989576987,0.01497263454271185
0.01,0.009399748588932446,0.01822972261798434,0.010162552452349862
0.015,0.00808519166073061,-0.012347395256904821,-0.00447132766261877
0.02,-0.01525352405588805,0.005773352194714054,-0.012566603260967332
0.025,0.019911224037351495,0.002345641126735928,0.00937623784884447
0.03,0.0014651161003296947,0.0037890013855610893,0.008936394477985641
0.035,0.004823801447802539,-0.014801330301383347,0.011503325459698557
0.04,0.0013484888954352868,0.0027535985136766614,0.013949285731651589
0.045,0.008915514410856371,0.008326392809251813,0.016145965180960106
0.05,0.0007036571570604989,0.013616307810111328,0.01628962430872319
0.055,-0.00022332558235473428,0.002951645154871528,0.014180154766409932
0.06,-0.011741214112124847,-0.017778248246974607,0.0005075835944185749
0.065,0.023615454762565248,-0.005800102308595048,0.02180181532663517
0.07,-0.00018942871691416546,0.017350392283637172,0.002593109203326366
0.075,-0.004378324167543019,-0.008383929273639856,0.0183740194381265
0.08,-0.013875860300457187,-0.0018525103945210286,0.017923590342837088
0.085,-0.0009283575722010033,-0.0006414366116284658,0.009999615887228221
0.09,0.005564337781548417,0.004012514800012704,-0.007457786774297424
0.095,0.003950336471804354,0.0023240373068731503,0.011438094927305863
0.1,0.0044254145379037475,0.00031208400119981175,0.011350913100788822
0.105,0.012875596100071194,-0.005033737966947954,-0.007038506470143322
0.11,0.014524077768643612,0.013997053822950259,0.010240099486642515
0.115,0.002114402589913051,-0.0040653313861580415,0.0017432805743569997
0.12,-0.024245540942756553,0.013325810914424491,-0.009853832616770253
0.125,-0.007059986699316982,-0.009755603988277163,-0.008271172137274217
0.13,-0.0038404011649669115,-0.0012886899189871077,0.0034237892624513
0.135,0.00988396737838411,-0.01264250301783379,0.005656764653026979
0.14,0.006883695861477788,-0.011647150709712492,-0.00301145944911201
0.145,0.0007201015936601353,-0.011226482088946789,0.012987974913382164
0.15,-0.002174986935144103,-0.0035595125099499502,-0.010951457422913166
0.155,-0.003492761072680105,-0.021267875630542565,0.01682494191029424
0.16,-0.010999723462077692,-0.00509645155116574,-0.0026813120372775495
0.165,0.004233050225017876,0.009825326421279864,0.0032325344156276777
0.17,0.004553575933312827,-0.00930192232660135,0.023520523820062336
0.17500000000000002,0.007458492072361337,-0.004980397354697368,0.02200145593975561
0.18,0.0019991716831778057,-0.006297250533722177,0.010075027870195933
0.185,0.015284005699323104,0.0006683886550834838,0.005536776194949895
0.19,0.010454256463801603,-0.02417989867115286,0.013459265263610982
0.195,0.021160763243045916,-0.010579157051969386,0.004971446707157203
0.2,-0.004204653525134467,-0.016117583096004036,0.00021297693590868663
0.20500000000000002,0.0031859159837086494,-0.0006337762282756579,0.0138670666554946
0.21,0.010966397609054497,7.895764907794346e-05,0.02276539306368518
0.215,0.004396706573004221,-0.004636439138249598,0.018561203319747872
0.22,-0.0014931831686014734,-0.016556766055238422,-0.002278660707032956
0.225,-0.013903026503478064,-0.005865708771637894,0.0033794931042714785
0.23,-0.008462995602913905,-0.013101614422031435,0.015516284971494052
0.23500000000000001,0.00103446445218421,0.0001279630036336056,0.01233635133777588
0.24,-0.017765969522663672,0.020216296917355395,-0.015157594656784975
0.245,0.0006345190733372526,0.009878521942405752,-0.0016791589909236774
0.25,-0.008322303947541227,-0.02375410714881676,0.007081511668082583
0.255,-0.01955881532431932,-0.019228555228626786,0.0022483050759208797
0.26,0.007009720066825841,-0.018025649496462872,-0.005583013823191118
0.265,0.002650353946075902,-0.0006933162976999214,0.02531945362632495
0.27,0.006967343242543801,0.00030798844938410494,0.023998667067463467
0.275,0.006790640811507583,-0.020773811989520264,-0.008363671375693332
0.28,-0.007538619018930607,-0.010151562596362552,-0.006359174788480432
0.28500000000000003,0.004807672818911065,-0.03263233518338665,-0.006815475566109952
0.29,-0.011175039874244348,-0.014882455273544612,0.007910230449241815
0.295,-0.005228704288646543,-0.017454999417399874,0.01678609964186787
0.3,0.007673622876167987,-0.0008528874521973682,0.008945650047723129
0.305,0.010670622704296091,0.003993781423481278,-0.012126292032027166
0.31,-0.006279364297689163,-0.013786402377215552,-0.023594223890940503
0.315,-0.006843481400507697,-0.011760932585733576,0.014280544066356838
0.32,-0.004830410416133153,-0.010873342836551605,0.014607371400746371
0.325,0.011549717837740014,-0.013871113224660395,0.012960154358477673
0.33,0.001970287964953874,-0.01729985843390064,0.020797808403829027
0.335,0.00018563422162873886,-0.024267820813767278,-0.0009248849979108459
0.34,-0.010594134776065413,0.00024854121412517735,-0.0012999932164921534
0.34500000000000003,-0.014564649130045028,-0.020672474756680957,-0.003959569606405024
0.35000000000000003,4.380998727309803e-05,-0.005646350882506973,-0.011841570223007358
0.355,-0.00470468625110307,-0.004713929650971709,-0.004746952654140666
0.36,-0.007410830064592467,-0.01055059485957234,0.015798058557732392
0.365,0.0014662013421250439,-0.010063192213876148,0.007037221765257039
0.37,0.0029791676154498504,-0.004760886432016106,-0.00923490232053167
0.375,-0.009052731330056725,-0.007999658451606259,0.01001177581348679
0.38,-0.026486326205635714,-0.01298507042014281,0.007359902019721867
0.385,-0.006880548969200552,-0.014493468201183699,0.003427377654179224
0.39,-0.010487570543535933,0.0038744462109669333,0.022025812947046364
0.395,0.0006697033084973481,-0.013454751110260033,-0.0006873916860498036
0.4,0.004119168450736851,-0.009934545834371797,0.0066720437185349936
0.405,0.005608981224887585,-0.014882759968233138,0.007733510730047667
0.41000000000000003,0.011879586348475801,-0.007106766324547587,0.0030230001467431255
0.41500000000000004,-0.0026735139385417987,0.02051759353862889,0.004260613182304744
0.42,-0.011304191788724358,-0.0015186957287089166,0.007608766297806033
0.425,-0.011175388398290303,-0.018204121800680484,0.003996823790720268
0.43,-0.0022706173463484585,-0.01692432405160567,-0.008904568554591773
0.435,0.003942597287461932,0.00531459175222764,-0.0056096541867551065
0.44,-0.002025789511405197,-0.018937700360242293,0.013177677429276634
0.445,-0.004498119273287198,0.013758053697272532,0.0016626534512757694
0.45,-0.009543682106607268,-0.016201333923974336,0.004965349035503001
0.455,-0.021859522773043438,0.014129847915028379,0.0007167151748948995
0.46,0.0022548594442260515,-0.03160597169815223,0.017093056527169234
0.465,-0.0017548123070583888,-0.011793864622295478,-0.0017339772596972024
0.47000000000000003,-0.020345718217645192,0.004746865713358951,0.0071761592589271285
0.47500000000000003,-0.006986085786609907,-0.009519506346085307,0.027110094605599953
0.48,0.011391117986771544,-0.012886881455413952,0.002033552590710901
0.485,0.0031151599195069586,0.004044670343407979,0.0036553878534168445
0.49,-0.007875026133286776,-0.006254063401506589,0.006552152512326886
0.495,0.0016162179391295923,-0.009846540650896523,0.02128800742242131
0.5,-0.005884081873197887,-0.0039050490812899035,0.020644321389983705
0.505,-0.001973484545411793,0.0014604173621560034,0.003918432199417399
0.51,-0.002132962296806769,-0.0032489961528627855,0.010397982579521037
0.515,-0.029218241781000673,-0.015794820477689347,0.003675599253846212
0.52,-0.0024809191761949838,-0.03903051647921478,0.013919769680078523
0.525,-0.00966112712845723,-0.0032291779794395552,0.009517137463793297
0.53,-0.027435335432698084,-0.005964309807254555,0.003437396188108199
0.535,-0.0011536976519515713,-0.0058368336112410955,-0.0024375150245821535
0.54,0.011817380919663265,-0.006950124961021162,0.020622504350419183
0.545,-0.01056857132703812,-0.01652534331717668,0.009406885218231992
0.55,-0.0027949884680709743,-0.013327709475417057,-0.0012803531790122422
0.555,-0.030447171044792352,-0.001985705064041601,0.016511811067954785
0.56,-0.009388973703910512,-0.011971521877411158,-0.0035406242748406477
0.5650000000000001,-0.017200555475136443,-0.00951671549873628,0.0031376474532291455
0.5700000000000001,-0.020187551080080572,-0.02268542502939651,0.010486941595450754
0.5750000000000001,-0.0196345907755267,-0.0014428558540288388,0.006127783839680618
0.58,-0.03569673002512705,-0.026350738410183643,0.0036179997347379595
0.585,-0.012151576863820346,-0.014655837693167847,0.0006538200746106348
0.59,-0.006190609155147338,-0.04831034342955078,-0.004835333175936948
0.595,-0.02200477561779981,-0.013320402998552855,0.0053232884091216175
0.6,-0.01136944842399617,0.0008165126735260788,-0.0025117984171599073
0.605,-0.032410198922875944,-0.01579249998473756,0.022012212630551142
0.61,-0.03583707047268061,-0.016129618879758216,-0.002679784201755722
0.615,-0.024745492951626917,-0.014548729974238513,-0.00961680922577366
0.62,-0.021372107060467337,-0.010403836602111138,0.0020864227504443188
0.625,-0.018903727869023664,-0.036965167652022096,-0.00825118562267894
0.63,-0.018744220118492014,-0.03910699657950745,-0.013864796946111752
0.635,-0.03078562411119809,0.00016866253536475077,0.0006470247697903421
0.64,-0.02028235118362052,-0.005115785522429551,0.0186571389923246
0.645,-0.02532788193467215,-0.006452157964762135,-1.8853609587481286e-05
0.65,-0.03177674616476579,-0.011525388907665206,-0.024641788990498077
0.655,-0.025332915677473762,-0.03508672742308805,0.010494609926439084
0.66,-0.004705422868345244,-0.027069315541992146,-0.013107048608131704
0.665,-0.02778827945050815,-0.010218045002919975,0.007152050123024596
0.67,-0.02125777439886987,-0.019885052260195615,-0.008827642393463666
0.675,-0.01829528435447373,-0.01128355978286157,-0.0008032380015823631
0.68,-0.013533707416672733,-0.013392237157542317,-0.000986420697360534
0.685,-0.014560730355731471,-0.03538944742311513,-0.011196824590619808
0.6900000000000001,-0.02070817268192946,-0.01871861111466888,-0.022363288282853156
0.6950000000000001,-0.01568568703918409,-0.02482313819931501,0.0026271125476448913
0.7000000000000001,-0.011045770050489257,-0.010641480387341076,0.005933620013385232
0.705,-0.007373579553844476,-0.018516358191916923,0.009027255026682834
0.71,-0.02941520836709273,-0.009771849299163598,0.006232241869737227
0.715,-0.03765807377957983,0.0075047284916690046,-0.00091718689096742
0.72,-0.015558715841049746,-0.0009905476411388517,0.010126557503522482
0.725,-0.025656602868770202,-0.011409209591548836,-0.008748238999909057
0.73,-0.022067734121365354,0.0016427695860377692,0.0030964732281998286
0.735,-0.002930551816300201,-0.0012536887431106782,0.010119850263381736
0.74,-0.0022150954478959463,-0.001540563842144434,0.0163984689217113
0.745,-0.01734241937132908,0.004680990570137997,0.012423992868620046
0.75,-0.014337652549996976,-0.016405805341158698,-0.013180132411855314
0.755,-0.013312467270421641,-0.0162614331512538,0.012319765369172123
0.76,-0.04790024632509771,-0.012067986991084325,-0.0070997150526366775
0.765,-0.03467516418167578,-0.0080628794215853,-0.0070416849875666356
0.77,-0.01891596117445066,-0.013440268011224681,0.0036620159123840514
0.775,0.003910914459980815,-0.01588292060929896,0.0173751129823207
0.78,-0.03704471130624924,-0.03209485629223279,0.00934905539928567
0.785,-0.0003933132798943865,-0.005555618631291233,-0.0042285681461261965
0.79,-0.017045958025167226,0.00225520909634235,0.015920553997022982
0.795,-0.03287155786528873,-0.03333127771273242,0.001654901306580411
0.8,-0.012392936690257636,0.0011057050724384131,-0.0019478414491127258
0.805,-0.0132269077291827,-0.014667426810760135,0.006659619737307125
0.81,-0.019466043376312386,0.00013560818713837484,-0.0006274721692917855
0.8150000000000001,-0.03343028290447923,-0.003934647801006982,0.008883784733106631
0.8200000000000001,-0.024868114525966198,-0.015593669660244109,0.013444467326603583
0.8250000000000001,-0.017338733744514796,-0.01723342443526569,-0.013020840254734947
0.8300000000000001,-0.022595939497816873,-0.023552740502783755,-0.003846857057755586
0.835,-0.003359623299363278,-0.027584565434561233,0.010708498430925688
0.84,-0.01651191365729998,-0.02650798999790928,0.008280703900976922
0.845,-0.01907904385629869,-0.025591670330758078,0.012698795520222695
0.85,-0.016902754336972768,-0.009078241757948222,0.02197176546291739
0.855,-0.014294283058651526,-0.018334772908831256,-0.011644142621247428
0.86,-0.016787516946120105,-0.012538208139452086,0.002735913863109033
0.865,0.0038155298137423632,-0.010417066946057922,0.02502289210659614
0.87,-0.017105372180849652,-0.02936749288232267,0.007240846705009629
0.875,-0.0023240621249734153,-0.03295838718051873,0.0060566152518084695
0.88,-0.013226264014732257,-0.01989856599066668,0.008469811017262546
0.885,-0.005395182140068563,-0.012733149583528263,0.0018484021178852043
0.89,-0.005323224661760677,-0.015145592668014553,-0.00809752092667053
0.895,-0.025001592989767587,-0.013926397666304066,-0.01357229122084356
0.9,-0.017173173253555093,-0.008734428362168018,-0.007198101046513739
0.905,-0.013740347944843924,-0.02704346760380951,-0.017446386878944505
0.91,-0.02019728103956535,-0.004319862824240753,0.004480843389613895
0.915,-0.014307836426911002,-0.007004228641063408,0.004220760287740018
0.92,-0.013133093111205404,-0.007118000197335512,0.010671567874609121
0.925,-0.010997220931134283,-0.011956945575176358,-0.029627412662473915
0.93,-0.02578340742356166,-0.029259684753759542,-0.00482381352041896
0.935,-0.01760929306023627,-0.011003288181211442,-0.013277721853889958
0.9400000000000001,-0.024847555242306703,-0.023989952093043325,-7.128876974250506e-05
0.9450000000000001,-0.014211625608170242,-0.014637739801322922,0.009026430791871366
0.9500000000000001,-0.03280268163735114,-0.02114158785732597,-0.006875101237150122
0.9550000000000001,-0.0016669491710980325,-0.007642845144358568,-0.006985863769774682
0.96,-0.03884170483304504,-8.224586735542175e-05,0.02717238927761186
0.965,-0.03142421156076659,-0.007143754696069369,0.007770967134943385
0.97,-0.04383906166351243,-0.008028609099482331,-0.011051349435824743
0.975,-0.030770829294465528,-9.986951657356934e-05,0.022964300980028638
0.98,-0.02388039272437837,-0.015841565195117237,0.01194232744726907
0.985,-0.01652604299970598,-0.014108424992062139,-0.016969009982513196
0.99,-0.022907844816725906,-0.007363911183190037,-0.007185087786552043
0.995,-0.0075793580620012665,-0.01339427077086756,0.003327795697251202
1.0,-0.026371624304591862,-0.021164687193577766,0.0019117542665338003
1.0050000000000001,-0.014307521977657193,-0.022010496692767695,-0.0028077223404626723
1.01,-0.0314732310864312,-0.02328760849759246,-0.006165075984814571
1.0150000000000001,-0.02334170174528586,-0.017026943121710342,0.0011939459048609519
1.02,-0.02352769875843008,-0.02460048134436916,-0.007303922655237584
1.025,-0.029257368424075773,-0.028575954623444585,-0.01504133863110365
1.03,-0.030542237187636562,-0.031870547936038995,0.0022845875053293485
1.035,-0.03170877131868482,-0.007129602876149478,-0.008159286404312387
1.04,-0.02212315294879475,-0.03222163788614781,-0.0017836092185410674
1.045,-0.044991847928943535,-0.01890802389920911,0.0032199823044160823
1.05,-0.03403707150478375,-0.03376499376166467,0.01020021962585187
1.055,-0.033338966348288646,-0.00027812560762383726,0.009137205285610142
1.06,-0.02108983919741299,-0.021362489427021375,0.011315032717034986
1.065,-0.008622833544423053,-0.020736803633651248,-0.007928515110927133
1.07,-0.039184449832817575,-0.02396730661050809,-0.0057890330185003235
1.075,-0.022764406878977038,-0.017387860534652973,-0.0050746968467976035
1.08,-0.02374776373307907,-0.018635321492963805,-0.0246447778573503
1.085,-0.013801269690787432,-0.030275875804125822,-0.0030844107785689898
1.09,-0.030934056345138277,-0.025339948235326478,-0.00031021796431336505
1.095,-0.01894593786614079,0.004092443112541859,0.006856525824398927
1.1,-0.026050272420280768,-0.02376377675822767,-0.004891407568987949
1.105,-0.03294293824440511,-0.023870241186900162,-0.013374149074262836
1.11,-0.01829739588171956,-0.006596902201891146,0.0037217068082702085
1.115,-0.034318507305695696,-0.0022719585423506845,0.018225193214801153
1.12,0.003648586147718444,-0.01953595504483632,3.176632249617291e-05
1.125,-0.028573434211662214,-0.009816238024456057,-0.009369079562622222
1.1300000000000001,-0.0375138000445206,-0.02541664696950704,-0.004757719813731461
1.135,-0.01991369231409767,-0.03288723990816225,0.011756470856434775
1.1400000000000001,-0.033316423640770504,-0.019988147522090126,0.008624527029179496
1.145,-0.03642273689795975,-0.027729978045710126,-0.0001475581599488041
1.1500000000000001,-0.007408934883827462,-0.026091367056930465,-0.0012210782433982829
1.155,-0.030631460320760234,-0.018900722818051736,0.0017054416436644007
1.16,-0.025074712324539773,-0.009466876499683221,0.001797695369995354
1.165,-0.04506604327449493,-0.018827764281386064,-0.009522245646425351
1.17,-0.03211871281058118,-0.017832740967362887,-0.006224173708664872
1.175,-0.004109248492232612,-0.01698799560723565,-0.006933991975325905
1.18,-0.015811494256874628,-0.02007431789425415,-0.0016464009778813507
1.185,-0.026420430073586708,-0.02760952453707324,-0.00852172360654189
1.19,-0.025211792469605872,-0.010495063770000774,-0.004580077339961949
1.195,-0.008667108947894589,-0.026897801065054495,-0.019662648539059892
1.2,-0.010821307485557995,-0.032546035032211686,-0.00234582167932333
1.205,-0.014792615201837864,-0.016295185628540668,0.0035146431748391913
1.21,-0.007898516383468166,-0.00973392495330054,0.007474068450240111
1.215,-0.02829960677468714,-0.00754320014709731,0.006015288181363997
1.22,-0.022728153867140742,-0.00044082325311268697,0.012794274357067538
1.225,-0.025058120044203047,-0.024575008435740363,-0.005554093306445927
1.23,-0.00646504220936658,-0.011135761606856993,-0.00014155525633524797
1.235,-0.014751917582645883,-0.025992322375183084,-0.010492182817010642
1.24,-0.019392171360394016,-0.019151216550372108,-0.000499762066514026
1.245,-0.04429635215775388,0.011093811975217673,-0.0006888372340403005
1.25,-0.0323405422044362,-0.01634728215804364,0.0010625862631669057
1.2550000000000001,-0.006844244853516316,-0.02338659298627261,0.007156310128180172
1.26,-0.033112331482820466,-0.01190493287714789,-0.02307075539979138
1.2650000000000001,-0.012453188378786397,-0.02066908756334595,0.007812515933095022
1.27,-0.018472737632201315,-0.0008115624790063537,-0.015129714777320372
1.2750000000000001,-0.013551468629770068,-0.02963185131590599,-0.0014016481140859214
1.28,-0.03523704836288426,-0.00042379928848434653,-0.01653932369568612
1.285,-0.019777665854626668,-0.0059621550529647144,0.0023333337725578544
1.29,-0.011409492664152204,-0.012123438046061395,-0.018932468367533355
1.295,-0.021123178297721975,-0.011270335793498277,-0.0055647990791249935
1.3,-0.0040922865144881575,-0.02707881703212111,-0.008035293329530875
1.305,-0.0165180228582661,-0.011145645342984163,-0.003954292722485779
1.31,-0.011915782234233542,-0.009187537818751331,-0.015799595560097225
1.315,-0.029092758740593506,-0.030348292463184344,-0.017251014272805124
1.32,-0.018317893356501278,-0.01861495159560018,-0.017112194460206013
1.325,-0.02890100851290312,-0.018411465684262013,-0.0031668787173236915
1.33,-0.02819668308307617,-0.028146182506208844,-0.008938805853500735
1.335,-0.026915444995460447,-0.022067828757261192,0.0009719608910454328
1.34,-0.021648260267022643,-0.005911129087588498,-0.0063534360362407895
1.345,-0.03309939174389105,-0.022959021105230536,-0.0032334215309078734
1.35,-0.024508064060579822,-0.01655242845272558,-0.004075355739369681
1.355,-0.01927960655120263,-0.032765866562045054,-0.00854492332997434
1.36,-0.018784694227841743,-0.0266597269820557,-0.009059360279712969
1.365,-0.016646487729130802,-0.021537218972758506,-0.020034516096775118
1.37,-0.02577969245436268,-0.0330213699982696,-0.015828586231672395
1.375,-0.012386084628538381,-0.03744816088694716,0.004431144740267725
1.3800000000000001,-0.040702352610507524,-0.01516302399300978,0.005091400483113085
1.385,0.007868269304841517,-0.025340808712051074,0.004186863151373341
1.3900000000000001,0.0029273968081954347,-0.010019311621878586,-0.007444071970992316
1.395,-0.03869561307095239,-0.019908373260730097,0.0042883636933629295
1.4000000000000001,-0.0020698381483265655,-0.018401882666831612,-0.008751877598896255
1.405,-0.017200910760359883,-0.026643180633788382,0.013187978515174118
1.41,0.01376950022991481,-0.023699006038729396,-0.01640911556014203
1.415,-0.013797725140290814,-0.007590685187949864,-0.0015099667623597528
1.42,-0.02356525026526001,-0.020445579148006328,0.00273750389047537
1.425,-0.029738801851401292,-0.011804042788675974,-0.0004523929269974582
1.43,-0.01615265318613909,-0.002773585089264806,0.012024838066187702
1.435,-0.033189692040998725,0.005525283298892226,-0.002769741496384166
1.44,-0.01385356848743699,0.0014600633448210235,0.0008171814064062543
1.445,-0.01436731926011688,-0.00017878172409977605,-0.006265800080129632
1.45,-0.005493146093501829,-0.003187376939687632,-0.005825383279064544
1.455,-0.019453847839293388,-0.0187927946064789,-0.009324794573078221
1.46,-0.01696306086836705,-0.01623261596455728,-0.002589503761624779
1.465,-0.010254410485312478,-0.006068188588617202,-0.017042665595062803
1.47,-0.020979507458206315,-0.001638811595291275,-0.013657069187659155
1.475,-0.03089808590100366,-0.007467269465216853,-0.014077163412791353
1.48,-0.003269557074204692,-0.01010023250245578,0.01814982431655701
1.485,-0.011745563716906398,-0.02257515148638687,-0.003723341923428821
1.49,-0.01734185533938934,-0.012901460047831947,-0.007707391185469198
1.495,-0.009234902037098607,-0.02658415966021745,0.00525492554582439
1.5,-0.017411673620499266,-0.025004238987545502,-0.010568310003739265
1.5050000000000001,-0.00831058672078633,-0.02938689578319309,-0.03014027510427785
1.51,-0.0221312560724142,-0.029435909619628102,-0.0025171749800113417
1.5150000000000001,-0.017079667599824648,-0.012331175353815286,-0.0027493097715500115
1.52,-0.01765099463283671,-0.003746652635676275,-0.02282933189462217
1.5250000000000001,-0.01434579243136042,-0.027864745812555897,0.0029148948225032143
1.53,-0.014178806276339759,-0.029705293860174148,-0.009175711083478194
1.5350000000000001,-0.012188802494108347,-0.01676766913384873,0.005223921281208334
1.54,-0.007036325385863424,-0.007140563934714093,-0.011714324185342543
1.545,-0.017559306209251793,-0.013225073832997664,-0.0037442924931266417
1.55,-0.004130665588841178,-0.003979586066062076,-0.003189763538931717
1.555,-0.002611279431620577,-0.005498769150142368,-0.00028199604073636704
1.56,-0.00480592739262487,-0.012669467544255122,0.012589173924892796
1.565,-0.01505249947106134,-0.02583599517050946,-0.008985884057112387
1.57,-0.015924164528188386,-0.00646251528189792,-0.00015277187031091828
1.575,-0.009520685204713093,-0.025139109267019434,0.0051057760624520256
1.58,-0.013999588524896866,-0.018028844489284393,-0.00113583593006375
1.585,-0.012746004197643254,-0.013581698476645948,0.003675365726555779
1.59,-0.008405441505150494,-0.01982363528010192,0.005787036004966672
1.595,-0.01365003432681638,-0.016578129181364164,0.0007228039175072466
1.6,-0.01424654871038095,-0.009667239020762055,0.0016478582881638195
1.605,0.006399725157029565,-0.02137757828544764,0.0074286414288977
1.61,-0.013680202540537938,-0.006194825537355692,-0.001996959768471045
1.615,-0.019359822820222913,0.0053756393086386405,-0.0021591364228782696
1.62,-0.015594321791516484,-0.008214672233957387,0.008674212793571223
1.625,-0.01517266891392784,-0.00864177256396265,0.0010278199438350736
1.6300000000000001,-0.015923279538208324,-0.03478555963931233,0.000769645797838097
1.635,-0.01636542143657404,-0.0062371662019624595,-0.001871416604242641
1.6400000000000001,-0.02045875345897738,-0.02088565485717663,0.005468479042077331
1.645,-0.0009410520364409626,-0.011633869948897018,0.003258356536676093
1.6500000000000001,-0.004332886470993067,-0.020319056086668397,0.011562857804415794
1.655,0.005618640477783321,-0.030282119248426227,-0.01586757368590792
1.6600000000000001,-0.019521422955356246,-0.03317653394938599,0.015527410981186427
1.665,-0.005560741291081951,-0.013939264004998887,-0.0038225991888098058
1.67,-0.006844817902396464,-0.014485429811704467,-0.01034315939505362
1.675,-0.021400995318445533,-0.014104254007313053,0.009028536859653847
1.68,0.01689404058705072,-0.006658125383389342,-0.01017334910009958
1.685,0.006391741479939275,-0.011492999986538383,0.015024836177734355
1.69,-0.006711072497877227,-0.012260840452381308,-0.011751220882803757
1.695,-0.00018137573410052614,-0.023671730177798285,-0.0006543378285341697
1.7,-0.00044622687635080885,-0.019942595787452024,-0.0073942075354060735
1.705,-0.015530513432139733,-0.020173301402966283,3.909535577981821e-05
1.71,-0.008509252544352256,-0.02229303731351804,-0.017491590166975518
1.715,-0.00173606015857492,-0.0069318879686433126,0.017140222799544504
1.72,-0.0013556407305155473,0.0016813750492388826,0.0058166406939719854
1.725,-0.005056437605075875,-0.016767093545718006,-0.015791160537134023
1.73,-0.006935143781550491,-0.002821053590688353,-0.002175890540180119
1.735,-0.0014181969120440948,0.0044104848823608815,-0.011056574995078203
1.74,0.01606568620184634,-0.016811516801137787,-0.0181420874920158
1.745,0.0006432608771987681,-0.01187540286178805,0.015741099264751042
1.75,0.0029675920615217944,0.0006026991890974095,0.007604670388300745
1.7550000000000001,-0.014156268405694093,0.016164951683977358,0.01115718471923381
1.76,-0.02308406047796438,-0.002885122547746824,-0.023853963301373456
1.7650000000000001,0.003259734138295743,-0.024960118205700536,0.004062886493505939
1.77,-0.0062107066248402315,-0.0014004491328697272,0.007123682581252995
1.7750000000000001,-0.0008729950196775006,0.017791608602764672,0.015765589567473023
1.78,-0.001409096919094431,-0.002207309151150416,-0.0008096442618168217
1.7850000000000001,0.005906037312013387,-0.015441288539856065,0.022096674515018105
1.79,0.0008988533915734488,-0.002762770589627487,0.022163442648247926
1.795,-0.0031288869257260453,-0.004659450635413381,0.0021916694483648455
1.8,0.005095622974463188,0.006325865830338128,0.010142889161485773
1.805,0.005116118773103244,-0.01732383241067102,-0.0007151483325441958
1.81,0.0030371902312990064,0.00040964821409424437,0.01074414905769545
1.815,-0.026033553769285765,0.0007754812635620313,0.03174534201213597
1.82,0.010201930504091142,0.016234411173230805,0.02436974870113734
1.825,-0.014317952760520513,0.013952686687963057,0.01423666736389116
1.83,0.007772524378103916,-0.006466941033088158,0.01953960858625168
1.835,0.004898568745169286,-0.005996975061365279,0.01389370920173445
1.84,-0.003327041251495945,0.004254408885811446,0.003729315496193474
1.845,0.012199953056475019,0.006910466277092256,0.0027499999099483696
1.85,0.0022878325490479426,0.006713879225534229,0.002591260004913099
1.855,-0.004523988427504129,-0.014864052213260398,0.012886820790012372
1.86,0.018065154899513422,0.014909021365559706,-0.0037701465611520253
1.865,-0.0023014535036969368,-0.003107596688756445,0.009812199227295683
1.87,0.005856012444391802,-0.015717550961335956,0.01714235571301408
1.875,0.0013896108537823984,-0.003695543152767787,0.022546502228117084
1.8800000000000001,0.0028921300218184114,0.004120544725899525,0.016506791635175183
1.885,0.015245235113020315,0.0006552097465141286,0.025032184839412976
1.8900000000000001,-0.004602794427908214,0.0017724947087536663,0.005979547671090482
1.895,-0.001759385656856051,-0.0037676145653467233,-0.0027752405663259982
1.9000000000000001,0.007864877899644691,-0.005438374217085821,0.019469952110551497
1.905,0.012828371081366235,5.283918656185868e-05,-0.008762793641707652
1.9100000000000001,-0.013116304616659587,-0.008761986713008808,0.0036522607250062122
1.915,0.008099643430453336,-0.009133514578936689,0.007447755837382275
1.92,-0.0019950561188508235,-0.0020347526439160914,0.010678770136363425
1.925,0.0016746262177828215,0.006394317282302189,0.00366269531684112
1.93,-0.003252964097718138,-0.0076855622472967,0.00830688060070689
1.935,0.006569209455614958,0.011599852801095083,0.003644384264779983
1.94,-0.01027373472593654,-0.009627229489401739,0.005627144091862123
1.945,0.009877681943341224,-0.011882360325798579,-0.00503184528097575
1.95,0.006994473856393232,-0.006963744323691349,-0.0008331129928351288
1.955,0.0013273806794361041,-0.015380909491028587,0.003250167738875355
1.96,0.009618237369008912,-0.01031172886569014,0.019966429459876783
1.965,-0.0035882922955067387,0.0026909655842546447,0.021592882823534672
1.97,0.007410656608412919,-0.01816864662874094,0.0011355523867373936
1.975,0.02103218663773125,-0.009932565685169103,-0.008158898030151795
1.98,0.0026341389495441007,0.0018044943183809642,0.0137366251404334
1.985,0.023027624542401894,0.000982722384843475,0.016189183240521737
1.99,0.002236442033374631,0.005788344837908962,-0.0033686046015288084
1.995,-0.0029514703047432995,-0.004398058529983286,0.0022752008257382467
2.0,-0.011081293116878603,-0.013238948709043302,-0.005104944387965988
2.005,0.01207594674722708,-0.014537149857045947,-0.01617813065279018
2.0100000000000002,0.010823133720911704,0.003783728422117886,-0.005677399346443927
2.015,0.007210117203252982,0.0028018462412732134,0.0023050310871351454
2.02,0.003101179192569182,0.008977838127199843,-0.0013953545775984774
2.025,0.007920602007240124,-0.0028999630003069543,0.0011901172492557767
2.0300000000000002,0.011854176903920002,-0.00221790626822441,0.0068400376694240095
2.035,0.011305412413509602,0.018197971070271577,0.00871792455921919
2.04,0.024309279037227884,0.007172521977684598,0.0018783291708002851
2.045,-0.003402878675217663,0.016546215700745832,0.009009690538042216
2.05,0.00041965998532644995,-0.001285986070283334,-0.006052336074923226
2.055,0.01569966490089785,0.002026134086554391,0.013605334748909795
2.06,0.005836748023875887,-0.005003149710316537,0.007801573016072306
2.065,-0.006063247276676785,0.013099758284487801,-0.006184263495405223
2.07,0.003250595689793849,-0.0011037483731731572,-0.010907766520131172
2.075,0.012521535263633952,0.0079951742572499,0.00697865294736091
2.08,-0.005525015584698265,-0.004461527971682529,-0.009326608618766441
2.085,-0.006334678100591998,-0.011909538508093568,0.024555738429529995
2.09,0.01487262315523363,0.004235571457576304,-0.00270676600649139
2.095,-0.004244209363760363,-0.0037682376199504597,0.007154770345687499
2.1,0.0013275036225885925,-0.012855976933753552,0.0033829609012358854
2.105,-0.008316839569664941,-0.0064232342008922715,-0.006889022235655883
2.11,-0.01622569571603283,0.011739187222726936,0.0020924356495193083
2.115,-0.008199114607788828,-0.007007051845374358,-0.00834865484945655
2.12,-0.013647158302059767,0.009412515353366468,0.007899418912095963
2.125,0.01907755067344844,0.0011437438906842373,0.01055545462082877
2.13,0.008167563970480022,-0.025720825397835483,0.013024980240635878
2.1350000000000002,0.010699174785250423,-0.02651866923076751,0.008466677782276952
2.14,0.013186562147069519,0.002291017094262812,0.01230361440295152
2.145,-0.0015928255096558097,-0.022310998148993816,-0.010475327531339208
2.15,0.017156131871194177,-0.005197403635018187,-0.004673598823434986
2.1550000000000002,0.015763201362040166,-0.025623645233943358,0.0022079773874825546
2.16,-0.0007642844226703142,-0.004837182746475419,-0.007613370431927595
2.165,-0.0035212453975361994,-0.009910830450043893,0.020541252553058727
2.17,-0.0007050495080278378,-0.02066590744931267,0.006263066432625775
2.1750000000000003,-0.02361537847551944,-0.008058553194310626,-0.012227301620602095
2.18,0.009521094052593219,-0.017132529365196315,0.006848474558985256
2.185,0.009387392269714388,0.00281484531481431,0.0036328959466933822
2.19,0.005519067929376016,0.0015460188370662181,0.007718498524860919
2.195,-0.00012109140496390988,0.0001766664447934753,0.012079429019572142
2.2,0.00029743391582076617,-0.005938471321198874,0.01372576914031242
2.205,0.003950361330526363,0.0003541350588873518,0.015055260438024291
2.21,0.00386123941149967,-0.014079226534571974,0.012372928670804029
2.215,0.005898467311489922,0.00598163680794642,0.0014568479593699522
2.22,-0.006306965159416067,0.0061831904782409935,0.0038729831515190473
2.225,-0.015996870774171952,0.0019536508764093075,0.001762462268114183
2.23,-0.018681960787905738,-0.015085849325170646,0.0018378217636298363
2.235,-0.003422029510403768,0.011703630022422688,-0.005856372658986957
2.24,0.0122266049457991,-0.00833643558783009,-0.011721644227628157
2.245,0.010582076910564061,0.0027186360501888496,0.018568328656003392
2.25,-0.008740074520950743,-0.00429248295838814,0.0060412329884315715
2.255,-0.010311404742625919,-5.065848666368361e-06,0.005438155177231367
2.2600000000000002,-0.01928092513689768,-0.0021404603325193144,-0.018028438217676544
2.265,-0.021016961268790647,0.00380703031700386,0.0045733681121866
2.27,0.008042797551182038,0.0036189360993171132,0.0038567277692329698
2.275,0.0049614487438997615,-0.014526280856939206,0.012302348924385727
2.2800000000000002,-0.01156691048988747,-0.009161150329198713,0.010853100181363037
2.285,0.006778193805111552,-0.00016536907227138534,0.002232196771222517
2.29,0.002251059917638451,-0.0023860926570893858,0.025187531953964996
2.295,-0.0032795790625382015,-0.0025309182102721643,0.007069795083039204
2.3000000000000003,-0.008273489325564584,0.009099635855301217,0.004915957611976262
2.305,0.0061462661072796305,-0.004069911627135419,0.03620341296302845
2.31,-0.005637049666356218,-0.0009825180490497,0.02800542467617525
2.315,-0.005170157858340449,-0.008117559050899052,0.013543675657979582
2.32,-0.009474036611221752,0.002119309912127148,-0.0052979903654558486
2.325,0.006030005437732657,0.005512905617287057,0.02050964896508208
2.33,-0.022873208960954287,-0.0025001416595998686,0.010879342022905287
2.335,-0.003120941814017293,-0.001770601124203998,-0.003169889759257415
2.34,0.005602557083827137,-0.005685695247634546,0.023564467795993447
2.345,-0.008875267243769334,-0.014144599035848266,0.013506357329980186
2.35,-0.006067669689233321,-0.0015784549353608165,0.005097593682311361
2.355,-0.008434884404618884,-0.0007158235874209218,0.014364561232468057
2.36,-0.007021289983311904,0.015896905184335723,0.02306635756835252
2.365,-0.013290605772733296,-0.013312976649574768,0.020727768139937437
2.37,-0.003929543374647803,-0.016549021757532322,0.004096401364790664
2.375,-0.017198158444603227,0.012339857869025386,0.024237054938383608
2.38,-0.01784571422091652,-0.00898148840599668,0.015595183412892722
2.3850000000000002,0.00831599673567536,0.0019889039470322514,0.017187995853910017
2.39,0.0031078172045945415,0.00789768065056613,0.016430122573650348
2.395,-0.026469471935981988,-0.004907367297795423,0.03504331932740155
2.4,0.00823568773339831,0.0076675353758918555,0.021588690805998633
2.4050000000000002,-0.005108641701005119,0.008356489425020066,0.038622996719438474
2.41,-0.013373699011574529,0.008963518508358349,0.027128945185674977
2.415,0.010276550649068916,0.026237523316010727,0.03514822249439758
2.42,0.006104818592021149,0.01059195967775223,0.004603713463494862
2.4250000000000003,0.0053207590265467244,0.006586071516099582,0.013841045427153463
2.43,-0.009755109210221241,0.004100885833151251,0.019680957749277157
2.435,-0.005369230202763583,0.021248801354092482,0.022214068237322936
2.44,-0.04381974511393609,0.0114129057914346,0.027708796107661627
2.445,-0.0033979676235170557,0.004545762687064359,-0.002545110468688002
2.45,-0.04098480047844268,-0.0011376062083652203,0.01716296073396564
2.455,-0.02256438303038821,-0.006919662454917803,-0.005806221570098172
2.46,-0.016288474910364642,-0.01132028685840258,0.018899612533771447
2.465,-0.020339766344178018,0.008817125896764345,0.013563076380672777
2.47,-0.004754428119958954,0.0026926219965179264,0.0089102511707272
2.475,-0.027265537185926815,-0.022273416933044528,0.012755814112759788
2.48,-0.018215782585565096,0.0022970682240482272,-0.00033632161417707605
2.485,-0.017543213082821047,-0.009930798472347997,0.026802385606835687
2.49,-0.01231440585990087,-0.0011061782325185662,0.018614555353229333
2.495,-0.04241074263806471,0.002502474792518434,0.01426175456206413
2.5,-0.011879718764065926,0.012348869695003789,-0.0019248535502480524
2.505,-0.011165256344016551,0.004000452996552616,0.035691833711285856
2.5100000000000002,-0.011236397942804129,0.003453880146485268,0.026308175798831678
2.515,-0.013145027227248064,-0.023008131595765376,0.013248782376911895
2.52,-0.027747186960535034,-0.01829467885363085,0.033513719616008936
2.525,-0.0014223808161783341,0.012793020902302984,0.020473417293928334
2.5300000000000002,-0.027445257077020023,-0.005646792728459429,0.028292644607164477
2.535,-0.007726469116851702,0.004569072432543115,0.02311217096876028
2.54,-0.033594010632539015,-0.01522592246432186,0.03224390903921338
2.545,-0.03202091391556731,-0.012847823494894462,0.040592684468018586
2.5500000000000003,-0.02298733020443554,-0.008649371087861592,0.017408894049422266
2.555,-0.019491649428653883,0.011028965131997614,0.028381933570907757
2.56,-0.00591345545962501,-0.017329149885863003,0.027500345947885002
2.565,-0.01965832559211675,-0.025124588203292962,0.02951915875364864
2.57,-0.03579094275794323,-0.012934415819709185,0.022035788930690837
2.575,-0.028105873515885702,-0.029116260390762254,0.03701953479313822
2.58,-0.011423210770689834,0.00358977202289411,0.0118625592783635
2.585,-0.02093339439401761,-9.298086314250484e-06,0.045135244369435785
2.59,-0.03134611128521771,0.007314861078127007,0.043081400885356405
2.595,-0.020579791042239108,-0.01528797536348458,0.024709632906513065
2.6,-0.02507411190123179,-0.00159778003478858,0.025424916262265448
2.605,-0.030131579016794193,-0.007262931546737961,0.036419100555799375
2.61,-0.025907379345394565,0.0016804876252840308,0.029682388379621734
2.615,-0.021430195188270974,-0.0037915022430452475,0.04282166871414013
2.62,-0.015734741650202874,-0.01874017842102515,0.02643410241249306
2.625,-0.0287869434240797,-0.012471221471621548,0.0314800636248174
2.63,-0.020244769900732477,-0.0003434805715106515,0.015369268945928166
2.6350000000000002,-0.03232475509777641,-0.009062405053360615,0.02254466649238479
2.64,-0.018373779143719442,0.003944469540871829,0.029821275276421196
2.645,-0.019525991799256202,-0.008669625284692704,0.045773840637723405
2.65,-0.02115045381615412,-0.011392109357956919,0.03059557368028042
2.6550000000000002,-0.023399230047565334,0.0026198667390231987,0.0363065487029999
2.66,-0.03396517639076879,-0.009227661985864884,0.02273351236027735
2.665,-0.011611630072004483,-0.01558869208091379,0.036153734634096595
2.67,-0.03055877876843939,-0.003713654814516798,0.03456742001401787
2.6750000000000003,-0.015900440027110142,-0.005966368740370931,0.02995716392036897
2.68,-0.020477578331230747,-0.012548340371123387,0.021939635515164112
2.685,-0.02255404165488093,-0.01695011996347541,0.028493100021372064
2.69,-0.008770874453028748,-0.0013535604701830784,0.019824483544809826
2.695,-0.009902209837583213,0.005643589719521672,0.025282550528350826
2.7,-0.0209724413402387,0.009614009520082253,0.036403355990169334
2.705,-0.02121184792114588,-0.01881649184132661,0.03035326872485144
2.71,-0.007981413658424023,-0.017603633495255393,0.038740747757894066
2.715,-0.00413025586118072,0.00458134714564482,0.028612290578168092
2.72,-0.01108625102709869,0.009114150069029785,0.032100432580599976
2.725,-0.026059719861071168,-0.00036719224994488306,0.02987897083992329
2.73,-0.011733888396904157,0.00717741226474187,0.023053219716503055
2.735,-0.0010718574814584242,-0.015725615118069112,0.024435185916013284
2.74,-0.009334682837019648,-0.005591235840328564,0.024528354743523627
2.745,-0.03055127385901817,-0.005268899648637412,0.018354521149862087
2.75,-0.03619955062990687,0.0024064972862341463,0.029835401237289574
2.755,-0.018539360624489805,-0.001716486487407241,0.016225302739619748
2.7600000000000002,-0.015780020401781798,-0.023751718500893693,0.036784274184197316
2.765,-0.01588906869912242,-0.008252351578650195,0.03984955300799306
2.77,0.007225922977322274,-0.011258362704049226,0.024460389992660425
2.775,-0.021131240313671567,0.0177647489306599,0.018172743010861834
2.7800000000000002,-0.016627088076579616,-0.009467454622274104,0.01793026368481602
2.785,-0.016954653831183924,-0.013365758984343222,0.026125908167770013
2.79,-0.03487552637162744,-0.014365930915498626,0.03677926957759705
2.795,-0.015857447241225973,-0.006989202222339449,0.023186590951640364
2.8000000000000003,-0.011692382069766853,0.013470162369861616,0.03403540205630426
2.805,-0.012711211084510484,0.002168906543788011,0.040865417071624326
2.81,-0.002048216075900111,0.004508059089414752,0.03213397161356709
2.815,-0.0011959976554542125,0.01036646264306409,0.01879905678172209
2.82,-0.00814672144633596,-0.004230774716078332,0.03007514797758861
2.825,-0.022237314115700013,0.004514750582292367,0.0288471089259638
2.83,-0.012017094001179248,0.012084055345039504,0.030955567847819162
2.835,-0.007872646322309603,-0.00143369956901903,0.03091106825750647
2.84,-0.0064580969620530275,-0.003482140112567497,0.05221847387489212
2.845,-0.001041005472475931,0.016603680003633516,0.02585518779266708
2.85,-0.01744368262726611,0.013740392667131812,0.005717101589470135
2.855,-0.008778849813855905,-0.002824381363419214,0.008563400361023352
2.86,-0.0042470551936717865,0.004657272581495387,0.008625333847234143
2.865,-0.029660304402319877,0.016493967898410088,0.03449096205063578
2.87,-0.011037961026855617,0.007425014994073716,0.040863973104399424
2.875,-0.001427208189967541,0.010980844812465425,0.02657103362450665
2.88,-0.02497842486766951,0.0120546043782393,0.019799814660557483
2.8850000000000002,-0.004693645582073337,0.013986018224351799,0.034915977871909865
2.89,-0.00250787296637639,0.024263433665753675,0.027935615487222794
2.895,-0.022587289730378456,-0.010914094514454048,0.031812229855978674
2.9,-0.01859175305072851,0.02487667331577148,0.04386510714554399
2.9050000000000002,-0.004738387986480866,-0.00017564821837410226,0.01859545768124056
2.91,-0.010366335370810359,0.002583059062599034,0.030024743386982633
2.915,-0.014830336517379372,-0.00737951227193651,0.023923516877118783
2.92,-0.020883261420952252,0.005727859457370383,0.04804207177735048
2.9250000000000003,-0.025883156107730898,-0.002679064766756103,0.0347990250755781
2.93,-0.027787391964733222,0.009873703254571018,0.0276977454399027
2.935,-0.014387155916610925,-0.003314899962019665,0.036301929117179665
2.94,0.0032757760224873603,0.02058319364046333,0.026993287494070442
2.945,-0.010584477394500164,0.003821541294306034,0.02754428970107735
2.95,-0.012725659287743524,-0.007094350993718598,0.032759890888426305
2.955,-0.025522054743526233,0.015886574131404343,0.04108382460214829
2.96,-0.01160312902894316,0.009806505155453117,0.029904908434441546
2.965,-0.017713987003003966,-0.009655627346229167,0.03915788935511145
2.97,-0.020385823510701482,-0.017282262430366197,0.038068215354604654
2.975,-0.015954217582780754,0.003010471179484263,0.03011298989245642
2.98,-0.013085037027434927,0.0017376881335719012,0.03382762567162557
2.985,0.0009445477183828085,0.011948805882642539,0.012021236825330751
2.99,-0.01464248866928975,0.0010972649639968968,0.0397380242543684
2.995,-0.016902452748127184,-0.00011370655270459898,0.04175755327289067
3.0,0.013532471014429445,-0.0006424462768823726,0.03313999708622973
3.005,-0.0190608579902048,0.008695963431051156,0.03689627527421679
3.0100000000000002,-0.01820958925388388,0.009038592982617761,0.0207424988766738
3.015,-0.012099520378928617,0.004788317751193118,0.048001946012099096
3.02,-0.028653644518859003,-0.00986648927955883,0.04072357758085121
3.025,-0.04255461536618183,-0.01200304787041592,0.038290739334300355
3.0300000000000002,-0.010936393287798142,0.0026565464557449965,0.053765963064292516
3.035,-0.002864363145452832,-0.027693918742906536,0.031761079193926504
3.04,-0.008199188183561842,0.006437216188181057,0.022251836514371928
3.045,-0.012078504263090251,0.004469520587048676,0.02997247517894292
3.0500000000000003,-0.026643506641536745,-0.0050644782289707745,0.0178983073517738
3.055,-0.025727584117847434,-0.009928955546428574,0.04354560644437922
3.06,-0.02678749579565807,-0.020703436532265203,0.014108807447087087
3.065,-0.017530617304274167,-0.016331125042789583,0.03615126290892687
3.0700000000000003,-0.02893159553412973,0.007343637512105594,0.012300926706891212
3.075,-0.01648837762991783,-0.010369381871426367,0.04679809902783111
3.08,-0.03338934390529247,-0.001999143470541311,0.031147637625349084
3.085,-0.034831575690020544,-0.003561845665886727,0.006596937638318395
3.09,-0.0034966983905637267,-0.012408950914246316,0.009792475340946726
3.095,-0.019888836848488,0.002835606071396126,0.02779076532630656
3.1,-0.021806756541940482,-0.017936255949970312,0.019457379334386737
3.105,-0.010101589617311984,-0.015749181935310018,0.03458018980425956
3.11,-0.03172658168111118,-0.00789710847004186,0.022162407196594278
3.115,-0.028244322376202953,-0.015270268300550865,0.004940334535202821
3.12,-0.0329078007942776,-0.006006296511876437,0.011863199402908572
3.125,-0.029185508543343463,-0.016687250459417952,0.01467410364168047
3.13,-0.023466484855934173,-0.008393865733557734,0.02785436227376855
3.1350000000000002,-0.021632484219582256,-0.013067630050330127,0.015690472943617535
3.14,-0.02835432823579237,-0.00240703239956009,0.03213721815701676
3.145,-0.006651329689565409,0.0009771410638474178,0.040898163387450906
3.15,-0.013534051266614687,-0.010982895963734435,0.036693851377313694
3.1550000000000002,-0.02945393601586188,-0.028598475968465514,0.02471163407393124
3.16,-0.0117681279123527,-0.026003661281489763,0.018853834497031215
3.165,-0.01429557858962038,-0.012925526775034028,0.03260489751307168
3.17,-0.035769057541577845,0.013612666260570113,0.023619404245224122
3.1750000000000003,-0.038511526820474554,0.007711099290294964,0.023866485751178747
3.18,-0.019161169351236206,0.003877037653705267,0.023644328017870583
3.185,-0.028516053840798063,-0.03343174403071336,0.017829968560674536
3.19,-0.016885945679008037,-0.015777123604764107,0.03491526828938582
3.1950000000000003,-0.02992133555266237,-0.0058726127635045245,0.02757260232738823
3.2,-0.03471633557610967,-0.01123446683282069,0.021879269709689585
3.205,-0.023208219356336386,-0.0005074885093697187,0.028154653265485607
3.21,-0.02594046136707748,-0.005088463188619839,0.03203410404989093
3.215,-0.004203321300054554,-0.018293810646427558,0.037160643513955385
3.22,-0.024897853028129427,0.005879962192069019,0.034359755503095876
3.225,-0.02492424478963394,0.004545487916878864,0.009318366091443408
3.23,-0.03955410433827993,-0.008211067549491935,0.02921532071672239
3.235,-0.01014031917244233,-0.0036820566233389477,0.03590541620438599
3.24,-0.024318056781554583,-0.0014604274283248047,0.024392130408514207
3.245,-0.014262322316557156,-0.014397431266567605,0.03228271126601392
3.25,-0.03610055686735701,-0.010202060026616383,0.019874973494141888
3.255,-0.019925558876177044,-0.003243517430861354,0.03341357688927673
3.2600000000000002,-0.014223891402080736,-0.0335059402106105,0.017166763277857218
3.265,-0.02551175192979427,-0.012155877863075787,0.017814014752137015
3.27,-0.03458046126119527,-0.006080728218807284,0.009094475633461866
3.275,-0.0261177341859219,0.008082580661642459,0.021331586185422906
3.2800000000000002,-0.027201911620408085,-0.016237553586705714,0.014769264398450058
3.285,-0.02304146848861672,0.005056239993049925,0.03374280670994159
3.29,-0.006400582878340444,-0.004840870559291507,0.01758470559379002
3.295,-0.03397674193085893,0.0033188402883872863,0.02618223847403298
3.3000000000000003,-0.029895225663913182,-0.007228354624116582,0.04574215155554441
3.305,-0.02491996347800702,-0.005137032848569596,0.029153681861349118
3.31,-0.01773477479679737,-0.01099977927667989,0.029187999977245478
3.315,-0.02664645851695462,0.0017451365546373217,0.04653196865433652
3.3200000000000003,-0.00765490573535026,-0.0031678135712519895,0.023984185047868343
3.325,-0.031372705492624754,-0.005625703525180381,0.015811255652431366
3.33,-0.045171971664282565,-0.008573256173201796,0.029870038647175048
3.335,-0.04505914910941803,-0.0029486787644107935,0.027352593038253322
3.34,-0.013760522090108394,0.0035226399080846432,0.037569305434441425
3.345,-0.027716262897550765,0.009021654997368825,0.019855570115637218
3.35,-0.03088308988070538,-0.013001090785594027,0.039521647417992654
3.355,-0.01690294986846757,0.011273853577071297,0.02789312454141533
3.36,-0.020312114613958515,-0.0077167775856978515,0.03288273302593598
3.365,-0.02804705755498046,-0.0030565974789145984,0.04713561127963067
3.37,-0.012406471277679779,0.0018182443103815175,0.02293461491339395
3.375,-0.0060681456484214975,0.009367593664768782,0.01779765299815475
3.38,-0.009371008610481523,-0.003144131974277046,0.03733728262446635
3.3850000000000002,-0.008920756515929492,0.0004265864540074346,0.04400169578171218
3.39,-0.0181602411379743,0.02094069501850949,0.04536679286306666
3.395,-0.0314689002734685,0.007961317609899966,0.04417049138578127
3.4,-0.006648443523036181,-0.016188434387352277,0.01762592044383172
3.4050000000000002,-0.024790992439945814,-0.0016485304657813515,0.03888802453387054
3.41,-0.017201633149720744,0.004985506371794526,0.057879891514009206
3.415,-0.031233486066757635,-0.006941451556033312,0.03396588105688238
3.42,-0.025111216086163082,-0.00325812323206103,0.020208130907492017
3.4250000000000003,-0.014349808066124143,0.002216308258568396,0.014320852165581472
3.43,-0.012001424187816582,-0.015315268195296584,0.0215062406431674
3.435,-0.015396720254967328,-0.009698206095576926,0.03510783225492131
3.44,-0.016979015438398422,-0.0051312372046506405,0.03797522617604271
3.4450000000000003,-0.022142146639468716,-0.007752479280951864,0.04166331974137889
3.45,-0.025761837147728762,0.010938672962885341,0.03328092581276103
3.455,-0.018783505027305428,0.007344396588276896,0.011689407982715604
3.46,-0.02199135939398933,-0.0003621211395471091,0.04192067286233749
3.465,-0.03569041552376712,0.015302700636156595,0.03716365764742229
3.47,-0.007331309661049629,-0.008728628663556096,0.047275512631076363
3.475,-0.025775028475872267,0.007522962502338058,0.03223390327343894
3.48,-0.026136454758267733,-0.002359372618902764,0.046094841705932886
3.485,-0.026288591365734103,-0.006864295298193527,0.032230391017326526
3.49,-0.012087152305876394,0.004987066179436202,0.030308619325548465
3.495,-0.019701341707577192,0.00970251076962501,0.03410713339916138
3.5,-0.03262455275004707,-0.008688559186304574,0.062177533821834156
3.505,-0.0024775319696009254,-0.01115244910220737,0.04402391720255088
3.5100000000000002,-0.015833602142872417,-0.0022839562912885343,0.04846624563090347
3.515,0.011304444561546938,0.011341194361340057,0.021259908943803436
3.52,-0.0073218760972560415,0.01563563459421259,0.03810331886185035
3.525,-0.020500234921530927,-0.009668426158000221,0.05123109785120752
3.5300000000000002,-0.00823524917430249,-0.007885343326866884,0.019371500099632632
3.535,-0.011261689600852175,-0.0016255860047517494,0.05258021577583819
3.54,-0.011371637136142646,0.006638639932411575,0.03665098008634951
3.545,-0.01832539162883593,-0.008920430740620995,0.040920734826848895
3.5500000000000003,-0.003390377577480931,0.008837001039398563,0.03879743581348753
3.555,-0.034620283274905836,-0.009390165003161685,0.017349450080512852
3.56,-0.017324657882474087,0.00500290664076517,0.0474916225225029
3.565,-0.014652686203182927,-0.007257599634314685,0.07388677425573212
3.5700000000000003,-0.005655815098579521,-0.004339770871260643,0.03946731838383555
3.575,-0.016163710995994666,0.0023061892926812093,0.024780023118604666
3.58,-0.016995367691154836,-0.00800326017595975,0.040609113804813184
3.585,-0.009742339647521685,-0.0031214892482286736,0.02932840557613773
3.59,-0.010416207667871605,0.0006378328991310956,0.039968984741592134
3.595,-0.029552998166986207,0.0070756483375054415,0.043280793284087175
3.6,0.0008467314924614465,0.0028711487316079847,0.04462667114174958
3.605,-0.028212031521576815,-0.007246240474754268,0.0463014540806823
3.61,-0.03198153968537415,-0.004029069342163261,0.028664437866376544
3.615,-0.02819277120689042,-0.006267956097071959,0.049532306381369115
3.62,-0.02957866600095162,-0.023500942576698502,0.054875468162058405
3.625,-0.007246861211921311,-0.0045512963469627596,0.04230048607311517
3.63,-0.014360727630956166,-0.011385276909085409,0.032399815181398395
3.6350000000000002,-0.023516684657326023,-0.012406027332019202,0.05273082957172977
3.64,-0.0240941057628449,-0.021979264493404302,0.044600462393826854
3.645,-0.019373887062602367,-0.00022041201855591865,0.04823358036700768
3.65,-0.0174025002766811,-0.012783487188440119,0.042472255852863
3.6550000000000002,-0.03285065423324557,-0.003272773530518934,0.044200170243275286
3.66,-0.008906904945466199,-0.001964138235527239,0.05264119705178269
3.665,-0.028180269583538437,-0.017883115147519564,0.03801730002190829
3.67,-0.025905028275205483,0.019381317561834102,0.05796730074320949
3.6750000000000003,-0.0036666753790326433,-1.0923819254186548e-05,0.053409438135470055
3.68,-0.008411982459571806,-0.0030819793701795523,0.04158299442286322
3.685,-0.013169501304924221,-0.006002528559165913,0.032538523621404705
3.69,-0.009115560946738658,0.007429715126648655,0.035250270561543985
3.6950000000000003,-0.007025218728961242,-0.0013680111890858864,0.04660019543117204
3.7,-0.0028809383686203838,-0.0051321666321140925,0.02589101535725086
3.705,-0.016751243733328425,-0.008226381364945773,0.04551262077358069
3.71,-0.01218281011261514,-0.01104322119055556,0.046181746639491136
3.715,-0.00872358535905213,-0.0020579513765262847,0.027365404287954913
3.72,-0.01897243085152861,-0.00801180501516472,0.048755848322835846
3.725,-0.028770078482664642,-0.005468011942289637,0.05365873876238508
3.73,-0.02949568258563611,-0.016201367760790047,0.04575314795937692
3.735,-0.01994199736069365,-0.005172007268625527,0.04829078370816313
3.74,-0.025304056354773032,-0.00460211815580912,0.051987868603265604
3.745,-0.009465812042215704,-0.005394880863208828,0.051679295838934075
3.75,-0.027146045448909077,0.003688696240638707,0.05227797058949419
3.755,-0.003992806105601401,-0.012341578360638846,0.0433546076400451
3.7600000000000002,-0.01693180639181059,-0.00032236313022472596,0.06249624670551864
3.765,-0.016596942466355343,-0.012800151204922417,0.04385508357615253
3.77,-0.02513276908666512,0.0003643926090288307,0.041817340877811825
3.775,-0.0027035827474269636,-0.0004251790540916178,0.038467262936147974
3.7800000000000002,-0.03780775848624367,-0.0032714474650414518,0.03234413404625063
3.785,-0.016334283963045954,0.0017647147223358167,0.03462186415831466
3.79,-0.011934453325677788,-0.007908236432501627,0.058540086748569684
3.795,-0.009437219686024248,-0.034231150011890046,0.04893771809388144
3.8000000000000003,-0.031201494943467536,-0.006113092364741418,0.05537355501556224
3.805,-0.020007017786288453,0.0125915431138499,0.024893895322271486
3.81,-0.016648765642974683,-0.0021218610148081747,0.03144548264152157
3.815,-0.020538380114974483,-0.009202842599267454,0.05673995518375562
3.8200000000000003,-0.013992913774908437,-0.008163685382623938,0.03067046888207455
3.825,-0.011092498559956261,0.008960847607617256,0.040734430174718825
3.83,-0.010691622203469062,-0.0059195736934478105,0.02381114442155487
3.835,-0.010929843220291315,-0.03227321285647372,0.03505247713880513
3.84,0.003219486521983849,-0.017414119960830185,0.03375272633774311
3.845,-0.024858307761443352,-0.003383640966331916,0.033631955924906975
3.85,-0.0092708823133518,0.004406201835483438,0.04907758627215099
3.855,-0.027502976640233014,-0.012466154958868218,0.043476252185822635
3.86,-0.012876325387992611,0.01387056952017168,0.061034197930704685
3.865,-0.003207657463093424,-0.00713255170598216,0.026788487957213506
3.87,-0.024357546602075415,-0.040773368631658084,0.03569584822659368
3.875,-0.019345308703181442,-0.0031555000630722474,0.04200656888095826
3.88,-0.005163474212427853,0.002356591495958054,0.028976295528411744
3.8850000000000002,-0.02384445579281762,-0.021601076118151697,0.036258635571069474
3.89,-0.034642643687320326,-0.0030831700650557287,0.04951003183826641
3.895,-0.019497015623362087,-0.012508858982505661,0.05440836007345712
3.9,-0.010495059954256642,-0.027961618464029794,0.02579564509755229
3.9050000000000002,-0.002731700856071953,0.0038517159411446834,0.029222394974412993
3.91,-0.008499708533553406,0.012702941506992894,0.03883987929629224
3.915,0.003637839591128369,0.00036670120064484675,0.05312135945203451
3.92,-0.006910920540110249,0.01109884974638233,0.031175735362643522
3.9250000000000003,-0.02933700469770495,0.0015934310852451176,0.028344656759632957
3.93,0.0046918601512957875,0.004815341615967748,0.03617168627489599
3.935,-0.022440376295149642,0.01355708298394366,0.03167607876251663
3.94,-0.005703809835608363,0.016426261528154257,0.036286164336152754
3.9450000000000003,-0.015654934271704914,0.0022150438872815034,0.021227520792989507
3.95,-0.0028490265332156203,0.0037103170233148946,0.044837460276874394
3.955,-0.010771053907793426,0.008961696311248591,0.05976911959658476
3.96,-0.005434606212205999,0.0075796385699718,0.042510290317321696
3.9650000000000003,0.0019625551173532083,0.005720897802351604,0.049935880940089765
3.97,-0.014259128365776929,-0.010445120181613676,0.0376707661233715
3.975,-0.01125096997010272,0.0003226671565095176,0.052984419789829526
3.98,0.00493432145548486,-0.006082155621511267,0.03604999174647968
3.985,-0.01293570771181438,0.025238346714607757,0.03672265762738506
3.99,0.0063817397357717465,0.018975567581647337,0.03643624658231298
3.995,0.02356081023705561,0.008087587328696461,0.045655204433839094
4.0,-0.00588442768865082,0.00677923022302709,0.04261232627589726
4.005,0.0030974132713776185,0.013375882964268096,0.049704440520943104
4.01,-0.01080858490046414,0.0026128340617475937,0.031658144643373305
4.015,-0.004227845244363232,-0.00854068431318972,0.03505848923569064
4.0200000000000005,-0.0028963288370009235,0.0071171082025221,0.040992863917154426
4.025,-0.005702570878596337,0.003100943001359844,0.03538175454244322
4.03,0.0009057563263801631,0.0007651752014066321,0.023885094886394634
4.035,-0.004264751111527446,-0.011585180046856002,0.02901088352678699
4.04,-0.025184313796181197,0.0024719637072361826,0.03359244879288724
4.045,-0.0020158277350296634,-0.011518229356457936,0.03464482910949904
4.05,-0.01830768022370207,0.000455404060898266,0.024433104518862277
4.055,-0.007576797753597318,-0.0006461066754892336,0.03299582141014978
4.0600000000000005,-0.0011926541496656666,0.010321745545036199,0.030196870804044637
4.065,-0.006984160885069771,0.0051725218799688645,0.04022286011011729
4.07,-0.012582142051240367,-0.007594187303725125,0.02976923666707259
4.075,-0.001084171772066416,0.005011083214473529,0.0445352213989759
4.08,0.001543256230264002,0.003197007922188527,0.05048175056693442
4.085,0.012219252362777058,0.024471276886029188,0.03839563817640997
4.09,-0.021392090122108708,-0.0016668795083179299,0.027896227649990446
4.095,-0.011205086857659214,0.007689742500065509,0.035602711704034354
4.1,-0.009832189524047736,0.0018733716136317387,0.042177097540053526
4.105,-0.017793355917042057,0.020050534689309427,0.05615019501714986
4.11,-0.010564001155625355,0.023697426992372383,0.026173754765508987
4.115,0.01450768230668589,0.014028379281153415,0.050893481026263676
4.12,0.005927341511728742,0.0077412517528618,0.043811475935745525
4.125,-0.013146975686752403,0.0056319642850251464,0.0276516654673491
4.13,-0.005133790076525854,0.0022764051550791904,0.03927083720178627
4.135,0.0011725096195062922,0.01899980034842262,0.037780775512227485
4.14,-0.017336773309132494,0.02260618886234867,0.0334436443881195
4.1450000000000005,-0.011422920676631079,0.012563752386839194,0.03093207657399181
4.15,-0.013630113336974649,0.011522219196341416,0.026832598458828662
4.155,-0.012911994966954728,0.0012690682800361053,0.05381847690189187
4.16,-0.009406749295946166,0.006180954555088859,0.05012465560731048
4.165,-0.027177372374404776,0.0222942275790984,0.03577131201456248
4.17,-0.014047923329304868,0.0021317575924104815,0.046750683469331596
4.175,-0.011910369290097521,0.021393400445774327,0.06750766701216167
4.18,-0.00978173143650096,0.01055830301327937,0.037832383842954884
4.1850000000000005,-0.022683808991550806,-0.009294723381995215,0.04904066274675997
4.19,-0.002545753305709428,0.01683938095035545,0.03244293812063842
4.195,-0.011802567654998278,0.015421997588394302,0.04244915065339555
4.2,-0.009889968798061482,0.0009956805608414242,0.041920035665734115
4.205,-0.01005191370374715,0.017288744189354156,0.03293517554193305
4.21,-0.003086407886856997,0.013407183224863858,0.05907704592976229
4.215,-0.030347387737293452,0.0007613782634192379,0.03909872756952986
4.22,0.0026085290852935657,0.010656006706384284,0.03925422361209274
4.225,0.002946297994122868,0.0137790150762181,0.04707442373819997
4.23,-0.0036705514066580833,0.028641229883199563,0.0526242594047825
4.235,-0.00986909664704021,1.9092982148020965e-05,0.0387956155762363
4.24,-0.0037439557128126424,0.02177206228573829,0.034917796251534905
4.245,-0.004254227133731053,-0.004986557060036346,0.046782394395164816
4.25,-0.016157385918544674,0.005903878352297555,0.04337732708992118
4.255,-0.014492051196496153,0.007978596079250184,0.04494191283326672
4.26,-0.003202063532781678,0.009724412932418162,0.05664964600840548
4.265,-0.01111657081358361,0.0016180126628309163,0.03023398669296603
4.2700000000000005,-0.009973184261811978,0.03120857131150139,0.030537373876729265
4.275,0.00017810958848677588,0.009787348622799695,0.03462705230487689
4.28,-0.019219587147759662,0.0238779894937178,0.050506232634098994
4.285,-0.02015342219658544,-0.0032899290249479296,0.027680707382207834
4.29,-0.00413613255378437,0.03156330414041838,0.049172338513228754
4.295,-0.0038798334372508424,0.0025339231010242207,0.04017527073285361
4.3,-0.0118581499973314,0.004530520729286705,0.03316743117075909
4.305,0.007924574984926883,0.03122514201284711,0.021184042591466952
4.3100000000000005,0.0058072605817911654,0.011533475590312006,0.03599461427748928
4.315,-0.022713871855733828,0.014589780848023592,0.050255818324995136
4.32,-0.03715953739905346,0.029524218792638855,0.0385418508998832
4.325,-0.013848434503851311,0.012178055888223344,0.03597821496776575
4.33,-0.0038330698133194376,0.006519266104536008,0.02465865420463629
4.335,-0.0077774469879845695,-0.002782913191053357,0.012359101915465466
4.34,-0.011292885298849541,0.009143199641779837,0.0404770344793105
4.345,-0.012002324551151664,0.004482082705156799,0.05313490270414571
4.3500000000000005,-0.014335607621511894,0.0011317136120656945,0.03610036744909476
4.355,-0.02315834684035216,0.00977742341570933,0.04844937747695639
4.36,0.011461834213475675,0.0016238222797892912,0.031173274007233395
4.365,-0.011334987759481063,-0.0016024268956994362,0.038082074487882395
4.37,-0.026816858402570545,0.007382031729053506,0.03370110934204831
4.375,-0.021184240463433555,0.007588209993083683,0.024464194592408485
4.38,-0.028879830632400145,0.007173309416650748,0.038111136640033766
4.385,-0.02691551268421402,-0.003403371777207797,0.02833814884041615
4.39,-0.017893038032152205,0.008678989385496666,0.02203227669086602
4.3950000000000005,-0.024107578811958272,0.015655914202641348,0.04983724167064054
4.4,0.0009148705695358021,0.012675177882881979,0.042493428263133126
4.405,-0.002648446280450214,0.030594069644019287,0.03855091781576543
4.41,-0.0153899834268138,0.02113664741469652,0.04334797479384027
4.415,-0.023833384950001903,-0.004046590655584906,0.029987549219200337
4.42,-0.0336567963878847,0.011453752081445038,0.029243947193560292
4.425,-0.011666002728495758,0.0019226263914158097,0.03129555062099574
4.43,-0.014815930198422261,0.01465422172906498,0.021213183023213313
4.4350000000000005,-0.010238059270024243,0.0029824525388874295,0.02041004929842309
4.44,-0.02728447248282711,0.021075264103681587,0.043747512015235704
4.445,-0.016076334127366504,0.011099759313389258,0.046953835407649094
4.45,-0.022077280541592255,0.010152729735523915,0.025917891406870397
4.455,-0.010686679362882243,0.014049989922496231,0.03408519266507533
4.46,-0.0352784108456645,0.01785463112758745,0.03940392867007561
4.465,-0.025038866178522523,0.024542185727176466,0.02024654041441763
4.47,0.008275432921680828,-0.004317996047163454,0.02667440829583153
4.4750000000000005,-0.0269154271635407,0.005168271085668336,0.039591538929773476
4.48,-0.020533314086508773,0.008703293571686218,0.03925736728516002
4.485,-0.03144075637138434,0.008144949489808326,0.03696681520288335
4.49,-0.02073913422571832,0.00598743965661188,0.032493855059550096
4.495,-0.027638783263402484,-0.0016000112193401556,0.037215101423424636
4.5,-0.0031918873614936623,-0.0024007888782781595,0.03586761573619196
4.505,-0.02818204725128512,0.016043927800116653,0.03317557099942261
4.51,-0.027311368825041368,0.007350182707766982,0.04672088271034141
4.515,-0.012561193291284212,0.0010812860716940247,0.029540463050620063
4.5200000000000005,-0.025938863588992736,0.010868954778156682,0.030570599984062252
4.525,-0.018458735258030504,-0.004728441794153966,0.04366452200737435
4.53,-0.014093044759167625,0.024484357900712548,0.026720675421813347
4.535,-0.02223884554346809,-0.010698959482933729,0.00782650177415458
4.54,-0.012149479748324818,0.0068048579767008115,0.03504547930307279
4.545,-0.012216590326300325,-0.0030816826108468857,0.014963396105381199
4.55,-0.019200539258431328,0.018923906795232155,0.039104140014948066
4.555,-0.0076908499645183225,0.013909490369931641,0.030501155555374262
4.5600000000000005,-0.009663818577459713,-0.003848992258329808,0.028711595340058224
4.565,-0.006098664906643476,-0.014846861324077079,0.03170111160128828
4.57,0.0086210882598989,0.023411436774833667,0.03069761517175318
4.575,-0.008516713268849372,0.0020561638258665346,0.039291678285150705
4.58,-0.02343145496389122,0.012296057126805,0.03483445075608881
4.585,-0.007020689296520118,-0.020491661431397003,0.019310223332626185
4.59,-0.0206470532452238,-0.003039587509809376,0.025606548470804482
4.595,-0.001789300820870525,0.021467013927953135,0.03476627053918495
4.6000000000000005,-0.009580344049246426,0.00905414511997921,0.041406625713697826
4.605,-0.00501308980126464,0.006722533671045635,0.034662932576870205
4.61,-0.017366909065758586,0.022358198606055008,0.03526264014860159
4.615,-0.007503158864240123,0.005425242638193949,0.021279200918155213
4.62,-0.00298015653008106,-4.24101489374289e-05,0.031191712257796694
4.625,-0.013866072161292285,0.006988917449660762,0.02458419036846831
4.63,-0.00807431583666589,0.010021711985877323,0.036641077752487455
4.635,0.005562626160824511,0.013020040954410764,0.034143935170371315
4.64,-0.018939650422431724,-0.002571872463378613,0.0253991582977946
4.6450000000000005,-0.004198956098575825,0.005967848429924558,0.005247036529714887
4.65,-0.0023918152088107936,0.013791598881127264,0.027885750382176364
4.655,0.007697608447437988,0.010980666482041036,0.025993816939888018
4.66,-0.012493736534122429,0.002257105440792573,0.023414953419065285
4.665,-0.005112016087949103,0.011399434554759641,0.016572615406765204
4.67,-0.008221144532048327,0.017851537447168955,0.029920385559795655
4.675,-0.013691965552608529,0.0035218693222535255,0.030309658024995446
4.68,0.0009075697024288273,0.010003553215049138,0.027329791504831794
4.6850000000000005,-0.011290865688882268,0.024074039310904134,0.027197082021167926
4.69,-0.00548308263816422,0.0005745164575763888,0.01832179260377616
4.695,-0.005197730894183591,0.014659107037266455,0.0359202160184586
4.7,-0.009763179640268939,0.017696499700473264,0.0271257176826491
4.705,-0.011361275005050549,0.017498291601450184,0.021854341710736833
4.71,0.0033017871979105946,0.009261752700487213,0.01992659869938752
4.715,0.004742969550747558,0.005758933642002051,0.031813058371453776
4.72,0.0010846426073810797,0.029893732964868663,0.022918029187614177
4.7250000000000005,0.017678159549679245,0.0004870071629545416,0.00526160124623953
4.73,-0.017095510223567246,0.015413662191191474,0.01792171187181276
4.735,0.012059576486579054,0.015039384897451769,0.023838950800538078
4.74,0.0017113990198980994,0.011138561389571722,0.03801634281583628
4.745,0.007801794811240555,0.0005777934003360491,0.013757405382095453
4.75,-0.007938293948988548,0.018295997311887968,0.047975178944902525
4.755,0.017820590673353114,0.003360968788602225,0.028656011250134922
4.76,-0.009678925272635672,-0.005604536173861974,0.021367093136113697
4.765,-0.008872719233877533,-0.00019992553740983202,0.034938888551498015
4.7700000000000005,-0.002073441342581743,0.002777007558596602,0.013019324924460444
4.775,-0.017239671831363747,0.003592765597905393,0.02341163385116125
4.78,0.008691225591392394,0.011977497436853432,0.010525270180467384
4.785,-0.0026928410590717697,-0.006848530701431464,0.034571797138367014
4.79,-0.012204087454930646,0.024888154017141156,0.017681120752092702
4.795,-0.0009518707219393387,0.01057103910355543,0.020451052599170367
4.8,-0.01972182878613973,0.004190807849579493,0.04224154053049982
4.805,-0.008308121318184248,0.006632929698086932,0.03949102282341259
4.8100000000000005,-0.013843106722585336,0.02514040473736228,0.02925577406984465
4.815,0.008104297078394773,0.007289278536398206,0.011041047583255269
4.82,-0.009762806749011144,0.01224606670226401,0.025051124405295434
4.825,-0.015002201632325235,0.008898053528493804,0.023115560638728102
4.83,-0.009310114654517239,0.003427772263206015,0.0095423695348789
4.835,-0.007252386241126002,0.016682738706994216,0.015356309937791406
4.84,-0.017447961763264175,0.01283645078059235,0.018335100709825986
4.845,-0.031330103341782725,0.006180293679458635,0.009574575091968553
4.8500000000000005,-0.019889078657192548,0.014561281669181072,0.01076016956133246
4.855,-0.007686575874979614,0.017279176941129643,0.010769022931256669
4.86,-0.008655618273116623,0.025183396981757283,0.01113023748033155
4.865,-0.009663836435779135,0.014655576741078577,0.03371495242953032
4.87,-0.01426318723864449,0.01718849056580457,0.022168261613876805
4.875,-0.025040175425194284,0.005173992031845771,0.020235316090343163
4.88,-0.006688179238724681,0.024769275962048906,0.01991735311327976
4.885,-0.026222433477619607,0.020504644770046553,0.003976518023581642
4.89,-0.018853641342213404,0.012250515642172177,0.019219830645691553
4.8950000000000005,-0.025348721743921433,0.023909418661176324,0.003600271328874076
4.9,-0.014854331658539456,0.008655185686457591,0.02835895387178175
4.905,-0.00609977322630291,0.004020781621068938,0.026637336001927532
4.91,-0.009636058595788366,0.007972115269856705,0.012668356847976334
4.915,-0.024629577526967362,0.01575887521458956,0.0018851530772243177
4.92,-0.021217097413548887,0.0114492664310328,0.015119788228736452
4.925,-0.021866369651228373,0.017955420772566615,0.030016922037880506
4.93,-0.0035265776239821398,0.011490311410617366,0.022307087203342145
4.9350000000000005,-0.012230201722008793,0.013451789549384006,0.03885756718049874
4.94,-0.026457368154657993,-0.0025591584614886925,0.05238858901637
4.945,-0.002329077342502501,0.0384995666441938,0.026017128240631814
4.95,-0.014984634001149999,0.010788229892104859,0.018816550753818925
4.955,-0.011049229428357728,0.010150379390919315,0.02989905905558874
4.96,-0.0022689033841809918,0.002534614848842805,0.04019618435592411
4.965,-0.0009467923502955167,0.015461234664702363,0.029994457570327735
4.97,-0.008172542004857761,0.00935463810149074,0.019918187799950172
4.9750000000000005,0.003911764541311848,0.008096652077009273,0.043134993601049935
4.98,-0.017881534714410532,0.019251046980014307,0.020415352070836855
4.985,-0.007170820923409114,-0.006390985950627815,0.02159241738594282
4.99,-0.009581395163869924,0.02095617783260756,0.019307004140578437
4.995,0.006135592492175969,0.008717997446599325,0.006896211579131024
5.0,-0.004501492007371988,0.006439186766342805,0.027421695407539123
5.005,-0.009649656352463249,0.02272347357995201,0.049724448088300524
5.01,-0.015269440663876097,0.00013675588929011172,0.014877252148564819
5.015,-0.043053644291062,0.020425601594492533,0.03213818330302164
5.0200000000000005,-0.03136748552311622,0.016482238060118545,0.033052646748751045
5.025,-0.02218162355174103,0.001205222471114039,0.036402669457476396
5.03,-0.015901817181722434,0.0030893825083320586,0.02378806839516677
5.035,-0.012807731044036597,0.021161626898481813,0.0303708923963812
5.04,-0.009941148657650927,0.014704525043953216,0.04733531317445795
5.045,-0.002457479834878859,-1.3914857693055754e-05,0.03050559003310469
5.05,-0.019064704719900592,0.005260395991566601,0.022728126441454985
5.055,-0.020626835981658157,0.01268422552886687,0.03468114236051065
5.0600000000000005,-0.037795174438879114,0.004525651033282755,0.038318888428819656
5.065,-0.006364748023390487,0.025630102794917085,0.023490854670732256
5.07,-0.023047642736612056,0.02163093014010572,0.022411007058061032
5.075,-0.023135710331859925,0.02349565296369807,0.014778262023482435
5.08,-0.03026583727066725,0.019225472879955116,0.018107021863458264
5.085,-0.014421659100486409,0.01173721183168901,0.016584016705686516
5.09,-0.01588600519356722,0.0008596898548839053,0.03177823345901172
5.095,-0.029746584668696122,0.010004145091829817,0.01576148857815022
5.1000000000000005,-0.019291614885662937,0.00013000030864569094,0.027249914432566275
5.105,-0.01699449321149809,0.023665597041607894,0.015528666709570794
5.11,-0.027173807134934357,0.003722882314970809,0.018650076532481415
5.115,-0.01556876534873728,0.035397049866607,0.023719649532197525
5.12,-0.01764018412563245,0.010274247081539475,0.00821826246856178
5.125,-0.02646793362009207,-0.0006223226851847065,0.022088445982528442
5.13,-0.014120160949375743,0.010573795440554546,0.012757201075973171
5.135,-0.008884024069175604,-0.010236640951582119,0.017018400397717702
5.14,-0.031610566568158346,0.0078069897384616515,0.01359674361534518
5.1450000000000005,-0.02134048668690006,0.019081053827993806,0.012583505325857336
5.15,-0.03975527717062972,0.010342515536680832,0.020793319033508725
5.155,-0.03756714103953926,0.01954431237041079,0.027506421350887742
5.16,-0.018112022536374738,0.022565843177093252,0.011947985737711771
5.165,-0.01526752386429375,0.019224107059973797,0.005079729435406714
5.17,-0.02575394400648577,0.007944513820691801,0.013160470049302765
5.175,-0.023136562093407267,0.007996941348869784,0.022532702310905945
5.18,-0.010179830282065708,0.00672165950031038,0.012838697591832203
5.1850000000000005,-0.033302392976586145,0.01434710097059567,0.032399680270051745
5.19,-0.0364430270982188,-0.001961459016283554,0.022597475656726707
5.195,-0.01698431032873649,0.007558649155438114,0.014323789451417263
5.2,-0.019682537381885308,0.008182548643774275,0.026432304202453547
5.205,-0.02136179653259377,0.002003794541975097,0.01153976299927348
5.21,-0.027313112917939558,-0.002771332663292934,0.03339687694019383
5.215,-0.03621989528705032,0.00824348809987672,0.027088031636889894
5.22,-0.02958370937380147,0.009004161909475394,0.0005353883219130374
5.2250000000000005,-0.013073652604270637,-0.0033657769686807467,0.028523538823239953
5.23,-0.02772116502736055,0.008294891568471553,0.0393388002578155
5.235,-0.0284610562911255,-0.0075029711188807175,0.019807381810262443
5.24,-0.03433895625074687,-0.012161206995865717,0.019669161813380884
5.245,-0.03309189203580794,0.01110472052099424,-0.008553441179456774
5.25,-0.03609240396855751,-0.015473345440566928,0.03651995980627861
5.255,-0.019453143067609823,-0.002524990639322631,0.013146712224419732
5.26,-0.023735676202368838,0.009970421086444742,0.030029877654312927
5.265,-0.02306090524690793,-0.0009449485091134117,0.00691026257901935
5.2700000000000005,-0.033112918718024804,-0.005338894368631155,0.018495117845254802
5.275,-0.025198250714371716,-0.0011695725622736955,0.014334621662868481
5.28,-0.02125966460110594,0.014228468880799455,0.008390442872637701
5.285,-0.0074984500328518985,0.0020664385136406416,0.023139582458988884
5.29,-0.01909385025336523,0.0212671304744207,0.01602888858458741
5.295,-0.025002861506021212,0.015162764161678442,0.021212704255816475
5.3,-0.02373971823813732,0.0003731469562965272,-0.002027451580864606
5.305,-0.02404789368073162,0.00772542861085582,0.016789074188139942
5.3100000000000005,-0.031231313008289026,0.00646038938729875,0.0011171515097557986
5.315,-0.024374949811808603,0.027668988067886865,0.006752109172417583
5.32,-0.03488338121584515,0.005011294342628354,0.02000375321257718
5.325,-0.045588002519109994,0.00440513416893742,0.028860907460982854
5.33,-0.02868641860637369,-0.006839410429827323,0.027206306431417124
5.335,-0.04088340994712358,0.013815596738749885,0.007364503703124458
5.34,-0.024574807560298593,0.009657487283589401,0.01752754637631434
5.345,-0.028649824672605455,0.010667955847092738,0.015342585273190549
5.3500000000000005,-0.03160636073054171,-0.015201833853047506,0.030027581874935927
5.355,-0.01679357673086172,-0.00013459533568011906,0.009561545156487184
5.36,-0.022159283160778757,0.011138452255289817,0.01440310631158042
5.365,-0.03183732584525208,-0.00042783076233997037,0.024206277842758007
5.37,-0.03280831430435861,0.01899739961935234,0.0161356305621635
5.375,-0.013146862341671502,0.009493458663683226,0.020472800832075328
5.38,-0.03546860639146629,0.0033977675829541558,0.012505754674216562
5.385,-0.037498984801670396,0.014531352460076134,0.016053506552941885
5.39,-0.017930915916610706,-0.00031137715231902615,0.02595587615247138
5.3950000000000005,-0.019158247314798534,-0.004950384351999652,-0.0014907068949122915
5.4,-0.02864451147774123,0.009595501269533572,0.029403411602520847
5.405,-0.018310426465519416,0.012907670721886045,0.005719323917546721
5.41,-0.02678378370258206,-0.004422110050312222,0.032465854764262655
5.415,-0.023977496014415987,0.024465552600597698,0.01386843458319462
5.42,-0.023300084852676657,0.012098663564922538,0.003012465677919591
5.425,-0.02262204063686954,-0.0027186578298322465,0.014017193596860024
5.43,-0.016069277056767264,0.006618053079398552,0.010055979299680134
5.4350000000000005,-0.037703619978830094,-0.0017560565792426551,0.01645972227053001
5.44,-0.017273382210767293,-0.0002884542579599035,0.03195599527513798
5.445,-0.04051582644851093,0.012660798466157098,0.016849966523998203
5.45,-0.024920673844646832,-0.002635527025500952,0.01282246060679203
5.455,-0.016745706655446797,0.010212469627176483,0.013897106743563935
5.46,0.009862590920017612,0.013568993215870922,-0.0012336607512476085
5.465,-0.003031898523896435,0.0029233927111196466,0.015056557316556285
5.47,-0.01922373324233662,0.01107141042037397,0.012754604308182422
5.4750000000000005,-0.021943753964554596,0.02237941282222166,0.005073852840671973
5.48,-0.03187184538700328,0.004972542918144471,0.013547856693848106
5.485,-0.026286230674176358,0.002200555659858622,0.002473187861938602
5.49,-0.036885785162918835,0.008195445616154868,0.024001861002436474
5.495,-0.021159012782284742,0.010512107633230953,0.006675836687567702
5.5,-0.03956579314781769,-0.010113406710460111,0.0157240315806248
5.505,-0.014746388871522546,-0.0038724204753829003,0.024422245444554597
5.51,-0.03519151881483962,0.0005030656916320542,-0.004598059734653791
5.515,-0.023786383568242975,0.006086494451457913,0.003758413983700788
5.5200000000000005,-0.02946969181229185,0.024027900963760025,0.009555577890316577
5.525,-0.008587778540380248,-0.001781476649648999,0.00585950136882466
5.53,-0.016205954237800184,0.012053911790284939,0.01275976504616165
5.535,-0.037433233450076535,0.01665466896908517,0.02126500718435816
5.54,-0.009514804060845213,0.0132779479312837,0.023647735699524004
5.545,-0.01326232745736394,-0.0017205284672505666,0.022938009874671428
5.55,-0.015409947902358213,-0.008715833451430849,0.0052812410624622635
5.555,-0.012447785246732347,-0.0003771823508933298,0.01763162537823211
5.5600000000000005,0.001537043759195663,0.005848675423888996,0.02310220782958609
5.565,-0.025608993298205304,0.01123963204946701,0.0098033815922238
5.57,-0.016025629644896212,-0.015102040108304403,0.000771403444973489
5.575,-0.022975227822369486,0.007327245936141879,0.014589814156206596
5.58,-0.023082772677181937,-0.005343047061151964,-0.00294140821510009
5.585,-0.02648413253881997,-0.0028212785602563083,0.02144299900320942
5.59,-0.028853131426374246,-0.003650344328385743,-0.00023619475225171438
5.595,-0.022443774058827456,-0.009871733179534086,-0.01257162624525232
5.6000000000000005,-0.029301097198122024,0.018120017319016052,0.016849923829498112
5.605,-0.02506216642867114,-0.0001707016057910576,-0.010821300041059275
5.61,-0.03790993102967709,0.003520072069729352,0.013127878303294887
5.615,-0.018859083221561698,0.007481653226910714,-0.014875274259560086
5.62,-0.02714051304669114,-0.007090911363116341,0.027664132045905322
5.625,-0.010676801452302834,0.009812329789288447,0.009669318760680041
5.63,-0.0305456294136445,0.011832068951565735,0.02870002509887233
5.635,-0.0154040986932126,0.0069956703357504455,0.0022736228566085388
5.64,-0.012132817104039205,0.003911204377429865,0.013074403169863975
5.6450000000000005,-0.026687676751946166,0.0011658592695558802,0.011415224783122097
5.65,-0.011630895491830311,0.002733602540339007,0.009031983303409541
5.655,-0.014528893907566896,-0.0017761258556953344,0.010021173877965568
5.66,-0.02785287666373812,0.0014254308483093222,0.016021448862617672
5.665,-0.011886308126887178,-0.00016105420633788243,0.00863538587494297
5.67,-0.017001995100390067,-0.01228877803877188,0.01835711702681589
5.675,-0.015505034639769348,-0.015535044144195494,-0.007364544733673662
5.68,-0.016338060960911283,0.005729157298138787,0.01676561681093088
5.6850000000000005,-0.008387834464024392,0.006400948885378404,0.021142389399387174
5.69,-0.021999159558894837,0.021620013597445916,0.010517361499193863
5.695,-0.02023878868101671,2.8109011441984633e-05,0.0041721539945503185
5.7,-0.014646707775931515,0.005470181952956056,0.01418655023361854
5.705,0.003149586095194074,0.0032062737240537605,0.01303129616124647
5.71,-0.02382213232716194,-0.006923650521455396,0.006376944286730203
5.715,-0.010914748370718035,0.009795750275712816,0.019453969213753038
5.72,-0.00940527670546659,0.007440199525246658,0.00840604631958748
5.7250000000000005,-0.017104081090086362,-0.0063590721309592715,0.01739704015546523
5.73,-0.025996130360408216,0.005050986507069845,0.018228745957113778
5.735,-0.03290794698744341,0.023116683755159514,0.0007370038584578187
5.74,-0.036218376940587015,0.016243551494143787,0.019125262772933443
5.745,-0.021150946002613278,0.020879777571896477,0.02225687268307535
5.75,-0.011484565888414044,0.018013081131077358,0.01469981097347059
5.755,-0.004262224511538369,0.027001432151150376,0.00980699179254816
5.76,-0.018439998469721865,0.0229107723831216,0.026369960110987398
5.765,-0.01857811095221356,0.021871511205034097,0.002724833262538622
5.7700000000000005,-0.023268363833453418,0.011651278408125174,0.01901155933729838
5.775,-0.01824424681073763,0.014581743769232876,0.03137371777334434
5.78,-0.027783533699306487,0.016121720545550965,0.019372919282716672
5.785,-0.021343843688428902,0.03212569982457901,0.004914320778620534
5.79,-0.0172032019058791,0.015058117446443711,0.020599726026802368
5.795,-0.009244301256904898,0.023859161563424606,0.02705423537982126
5.8,-0.021803563786418116,0.014610368090534225,0.0005704330131375331
5.805,-0.00031432920046881724,0.003799952877063897,0.015346698753436139
5.8100000000000005,-0.01104744439493602,0.006137715018639321,0.007233621182319553
5.815,-0.00972661114292717,0.01362662053357998,0.021609114717082125
5.82,-0.01172906191789076,0.018187449431379305,0.027119029203825685
5.825,0.006035807597371132,0.011637625262357777,0.018272737139646354
5.83,-0.029666380358459907,0.005782564834094835,0.02711012314872451
5.835,-0.013450357885773876,0.017401132709695455,0.009701265029597762
5.84,-0.024741013038320905,-0.017719261163352446,0.02202584752602162
5.845,0.0035107959749466275,0.003693457353366265,0.032880718311484224
5.8500000000000005,-0.011713152554199602,0.004873941417647181,0.003699266615543759
5.855,-0.02470063369570665,0.006673534956012875,0.03469102045691316
5.86,-0.005237136674970971,0.03495725417670817,0.015504402807188586
5.865,-0.016115480330831856,0.01100572366382315,0.010494859926453071
5.87,-0.02250865850521819,0.012231450048378674,0.03407517202360859
5.875,-0.03120144628416418,0.017109994945841193,0.04115028566037686
5.88,-0.020359379244713458,0.006957623792664236,-0.008733345650246457
5.885,-0.005113076181004889,0.02313059785187123,0.00388082012009048
5.89,-0.008496405325226665,0.017183451146897313,0.02258899138745878
5.8950000000000005,-0.004849260409340073,0.004853321329523723,0.026787933910593243
5.9,-0.006818309253944648,0.013860199363008231,0.026811093149137263
5.905,-0.02711606999845416,0.006056150710079307,0.035631434715332824
5.91,-0.01914768629833599,0.02306708714480015,0.03723066325689067
5.915,-0.006206920910870484,0.0006967771857100296,0.02033571542940292
5.92,0.0034906432209751113,0.015683936736355295,0.03161182727440105
5.925,-0.010605600238984497,0.009190032377397269,0.03795679180331673
5.93,-0.016367330409005967,-0.013826003006622312,0.011238793469993402
5.9350000000000005,-0.009591686400978258,-0.008954209948403688,0.028622885798092357
5.94,-0.016655865980424248,0.03223944852139958,0.014434073510641236
5.945,-0.022916451816337505,0.017952539369734368,0.020396787802102963
5.95,-0.026937413952011983,0.017310392516728185,0.030712778449136603
5.955,-0.010688323948829797,0.017234516998471724,0.039205587651028266
5.96,0.001764623960060649,0.015706057897713472,0.03404908430366778
5.965,-0.01127437272325042,0.012818126825121621,0.02634242318352329
5.97,-0.01876197791838865,0.02043178093456521,0.029077260719169287
5.9750000000000005,-0.011740478090419877,0.008925759457886095,0.037736069599631786
5.98,-0.015150271549507691,0.013263730613830876,0.02356569519608868
5.985,-0.012680265554548292,0.0005167294967757741,0.031831157956664316
5.99,-0.009859607668087012,0.01667481172915605,0.032051301142095256
5.995,-0.023191613629015128,0.024513422953611537,0.029398191021553124
6.0,-0.009477552369646388,0.0012258996583215274,0.03435400622755505
6.005,-0.012441033301296284,0.0037148326524755982,0.021308824200236234
6.01,-0.032038058326536535,-0.0016890827677111626,0.04205851119809466
6.015000000000001,-0.007013904913511813,0.018147498316743692,0.026106520080664636
6.0200000000000005,-0.006820017429804263,0.010608945866613163,0.03379724223867046
6.025,-0.01295794324406097,0.016677510205927448,0.04021842281783186
6.03,-0.027830941308170407,0.007117091425769506,0.02478748397710587
6.035,-0.022185562645885316,0.008926400267059865,0.023717185831343246
6.04,-0.02315374233996156,0.006658694117278981,0.034216623151672426
6.045,-0.01288699959969573,0.005342454900996771,0.021091751445420442
6.05,-0.022251786145948898,0.02171693732635941,0.04605177272596779
6.055,0.0005544883398811949,0.015951124293337168,0.01573111086969564
6.0600000000000005,-0.03031483110284092,0.012183166315299124,0.03315295681075301
6.065,-0.009268548034734779,-0.000520456601695158,0.03741799263425144
6.07,-0.02897626318599309,-0.0032510917405199668,0.04357471464134745
6.075,-0.018277540279419795,0.009128581178996252,0.0459489842604545
6.08,-0.017800844522055596,0.018757881912438355,0.021898872140820064
6.085,-0.028894514388371047,0.001990029384862838,0.022973158325958816
6.09,-0.020292944106004518,0.037846435250990636,0.021900277784884403
6.095,-0.039037308927623596,0.02568336314168779,0.01623356975382125
6.1000000000000005,-0.031485122253697165,-0.001487701538226582,0.03216251766172291
6.105,-0.008008129481590593,-0.007544768222014539,0.028814074467675664
6.11,-0.02984615437184087,0.01502084565687516,0.020383688956203422
6.115,-0.015917355283068074,-0.004857208283170233,0.03161573483392646
6.12,-0.02406417960987236,-0.0050886419323420825,0.056749439653963674
6.125,-0.017829529588788418,-0.005688382764889283,0.04430388738946408
6.13,-0.025480203271728077,0.00044949764718309367,0.03469912274826428
6.135,-0.035501683095633466,0.0112006589548924,0.026759492924689803
6.140000000000001,-0.006567842236441055,0.005452096792769869,0.016355529074637977
6.1450000000000005,-0.023260935046713862,-0.0018481035188310617,0.0324578814198749
6.15,-0.013729851033842066,-0.010108081430393163,0.024168735605333332
6.155,-0.008583572197832328,-0.004853900008135426,0.04868897356443522
6.16,-0.025514750746432197,0.006648990163636077,0.0363317054145079
6.165,-0.015858977814168847,0.0055617698872117115,0.03653060670349813
6.17,-0.01801964769931024,0.006769197466217135,0.024907870159195176
6.175,0.002266847606969321,0.009098230097812857,0.0267418089453996
6.18,-0.008698878101193627,0.019178877317031558,0.048922866008984274
6.1850000000000005,-0.024606262205196513,-0.0028382322729056746,0.03377481094808927
6.19,-0.015090825896878164,-0.004304868157915557,0.024509526376788104
6.195,0.01185674962756066,0.01594077052964487,0.03486915440043563
6.2,-0.03191334822200258,0.020489032401006968,0.040580931770112724
6.205,-0.027152385215765767,0.01614941853798766,0.02117332027650362
6.21,-0.02355032888429703,-0.0030039952332406674,0.038025106389737925
6.215,-0.021985412704638805,0.01593625905663874,0.032103411452100654
6.22,-0.013084958666053166,-0.002125239167822724,0.029621069013271936
6.2250000000000005,-0.026901489230301598,0.011515562385208226,0.030032587719371708
6.23,-0.004350646641207566,0.009700140183600329,0.03368485557194651
6.235,-0.008523402812601541,0.01779899758185039,0.025488048377172112
6.24,-0.017082134761109896,-0.01648300309192046,0.027080483110696964
6.245,-0.02202346505632512,0.000931237817317669,0.020908859992270615
6.25,-0.0038765020994644024,-0.003706355899793061,0.013133462467205528
6.255,-0.01109406965245875,0.0033003022840586496,0.04143554815770825
6.26,-0.027940815129111424,0.009523813406347727,0.04285747331038079
6.265000000000001,-0.022519342668332647,0.0042904000357798944,0.043709563975160695
6.2700000000000005,-0.01649294009764362,0.008111668380179222,0.04140111430110856
6.275,-0.008861951620597046,-0.0034576481725846456,0.027439045608741858
6.28,-0.015623060790845411,0.01653938760799687,0.04712751471015453
6.285,-0.030150219173470168,0.0025739843840845104,0.04891552206564424
6.29,-0.009675169137266282,0.0011726490336334584,0.02488702691161937
6.295,-0.01312184943768516,0.004576261920521566,0.022016507159772256
6.3,-0.0006710702739492064,-0.0011966864869121761,0.052597844617326535
6.305,-0.00999345193145485,-0.0004628979434142125,0.04989037441264633
6.3100000000000005,-0.010674137330014726,0.00503258223125293,0.03622997814214218
6.315,-0.004348904988633263,0.004819690210610839,0.044563676962751375
6.32,-0.029580921228593265,-0.015750884783110153,0.0518943582644849
6.325,0.0021114648828235993,0.0017979560989590491,0.04192671131964181
6.33,-0.005640819918523318,-0.003825522884283752,0.035164919644187026
6.335,-0.010286940585448214,0.01358407036404921,0.040321550898343286
6.34,-0.021349093936507562,-0.0006393930128044977,0.05156581388597453
6.345,-0.007869469307932348,0.021648246523170295,0.03333855879264331
6.3500000000000005,-0.015072452309576972,0.013467832168404912,0.03876476600373801
6.355,-0.02134726119741258,-0.006534136609394234,0.04648497767355063
6.36,-0.015481285287920834,0.011849248637922149,0.02808138631173383
6.365,-0.020914491637338103,-0.016039133248383523,0.0578290185416546
6.37,-0.04005055424018665,-0.00020545710398442874,0.047486426155498036
6.375,-0.0294893796660451,0.0175228706395445,0.045380354258689
6.38,-0.03038023279073111,0.025516139323199113,0.03501208655221678
6.385,-0.035616481263502565,0.0074131970515445445,0.03250217922630196
6.390000000000001,-0.025849974573877044,0.0051189604265094064,0.028486028184486728
6.3950000000000005,-0.03140685026631594,0.0019301054026172586,0.033053415457280494
6.4,-0.028146804248944342,-0.004526766063270701,0.05373113031109373
6.405,-0.018171295231399903,-0.006260394323405762,0.041772972873966176
6.41,-0.026294275069355156,-0.0030602875116269856,0.036296483891936446
6.415,-0.009393582234697592,-0.0013087329142338479,0.03825357642525985
6.42,-0.0036956541209672567,-0.007066566471923693,0.04192088714013445
6.425,-0.0342145781590334,0.007600571744878335,0.021366958176530008
6.43,-0.007350540642698508,0.017719204133037115,0.019010568938666712
6.4350000000000005,-0.00722952013075584,-0.0001806739679483377,0.041540379999933194
6.44,-0.017736193654463557,0.015139230262982051,0.034306664400021045
6.445,-0.01446689582009688,0.0017172376331482191,0.027952984059664284
6.45,-0.033965149075427165,0.009599958401633019,0.03319045198429674
6.455,-0.022045532295840466,0.011044130125112114,0.05797678238864965
6.46,-0.029733820352099323,0.008528124871994348,0.020379577322443585
6.465,-0.005501625416235126,0.03021874653433727,0.0231995577608204
6.47,-0.020139638567433057,-0.0016585529012052296,0.04071245293763041
6.4750000000000005,-0.01403009471104465,0.006463651315071744,0.03109184964411532
6.48,-0.0278273028883175,0.015966355196515927,0.05699646059205382
6.485,-0.0012142134151460274,8.044938141827242e-05,0.023101299684259495
6.49,-0.014750005812210655,0.01928371364189161,0.027377909833116998
6.495,-0.005672224548105927,0.018695613622900863,0.034826025448042565
6.5,-0.019167648067315916,0.0066323593840550595,0.0325781242480376
6.505,-0.029576263841726,0.012442627790799347,0.029828722969997598
6.51,-0.011666942099728524,-0.011778011064450667,0.041913284604234685
6.515000000000001,-0.0201855617771352,0.011017934930166912,0.03513210832995138
6.5200000000000005,-0.0012955747507724692,-0.0021818091978061346,0.016609326186254415
6.525,-0.04427524928370497,-0.0040784698255938575,0.030636045145775986
6.53,-0.0014979594747213665,-0.007248261839771884,0.03295641193395989
6.535,-0.027935905080086483,0.02006404113068714,0.0046171333907296785
6.54,-0.016737913568419055,0.011191629688404281,0.033678977542106414
6.545,-0.01676006313391569,0.008000311165247125,0.03649295409473621
6.55,-0.021921069211342896,0.009381608710175241,0.01542101231307308
6.555,-0.029546100633756192,0.0009077346136988221,0.02288169765726856
6.5600000000000005,-0.0273678332813601,0.003455330403492286,0.018596566874478537
6.565,-0.018373050533578062,0.004217498542889414,0.023027287253132467
6.57,-0.014892035633802338,-0.004238501010413543,0.031230316344446785
6.575,-0.030605258376733748,-0.003599482794020943,0.01928356746142669
6.58,-0.014691877693199518,0.019728777401313978,0.0210073412559575
6.585,-0.023811533999874644,-0.00040561397686946594,0.04119114024110488
6.59,-0.027676291524163534,-4.730219221116142e-05,0.010266217748742461
6.595,-0.01880964444445021,2.863867369586829e-05,0.0161420483822411
6.6000000000000005,-0.016495054690185668,-0.016084333619684567,0.030251019272450882
6.605,-0.005882331677590695,-0.003922048342514511,0.037539385350459614
6.61,-0.006935712904661906,0.01664719751696149,0.0304248280369566
6.615,-0.026539429325247627,0.005758440242028326,0.019982932761304015
6.62,-0.011302491334003238,0.02207350547785981,0.017685699141310005
6.625,-0.018271743833101834,0.022306597791853896,0.017583698913555296
6.63,-0.012829964972255383,0.00933765146856893,0.02077449759264302
6.635,-0.012096165261055034,0.010680701399713397,0.013529042054496947
6.640000000000001,-0.025403242488489998,-0.0006042180286989823,0.03729303540984037
6.6450000000000005,-0.02070362741882582,0.0025375306945147535,0.016161162834083916
6.65,-0.020454068766622237,0.02678403086338881,0.015640397745981003
6.655,-0.024165647802637618,-0.0009609900037938076,0.0316047402800578
6.66,-0.02299144409660981,0.012749174371769909,0.01346798866852427
6.665,-0.04047056233647612,0.01020409650395867,0.020143014360093223
6.67,-0.010456732322592576,0.014235883640255458,0.035323261104950404
6.675,-0.003870634604303008,0.016457267940901087,0.018458970061264526
6.68,-0.018810599491778227,0.011800504744600484,0.01855888874719796
6.6850000000000005,-0.018819862303330676,-0.0032131955767501557,0.021961484766043805
6.69,-0.008219047912570974,0.004870259988761116,0.013976420068232031
6.695,-0.012528347975602943,0.019355464267802817,0.05005459269691537
6.7,-0.03284452217191504,0.012426860522966404,0.02750116904780682
6.705,-0.014177247991038472,0.021611941154167064,0.028216897192703254
6.71,-0.014761320279037798,0.016461183664596986,0.02893875191630425
6.715,-0.030756329292941684,0.022267411637449865,0.03847069830994564
6.72,-0.028935688959715468,0.0072401413913184,0.04580285446007814
6.7250000000000005,0.004344528112655843,0.019973102689106445,0.03456529759877234
6.73,-0.013939766943149735,0.03156695863181005,0.010623722793487115
6.735,0.006050491093413574,0.015838525533862318,0.031084902920687784
6.74,-0.006726824637570846,0.030676571691472414,0.02483580149349481
6.745,-0.02794140606540059,0.004770661354001808,0.00816317044677683
6.75,-0.015927552236005782,0.018352323202227665,0.03128488138196458
6.755,-0.008187613860887776,0.01833917338029881,0.014058735332600934
6.76,-0.021914069224745564,0.016295821235484842,0.014656483365416946
6.765000000000001,-0.009138513383739232,0.015341178249126378,0.030077812734501386
6.7700000000000005,-0.01682081778525942,0.019233952423769872,0.01863549565080421
6.775,-0.030556091599390628,0.02171423519996532,0.01405105486923255
6.78,-0.007949080497965423,0.020079247661322328,0.018853252455813884
6.785,-0.010497811044076471,0.01590405632308211,0.02483312991608574
6.79,-0.008892934152739406,-0.002819459471361134,0.013080827807938197
6.795,-0.023475088583861492,0.007403012979036989,0.015641968328919464
6.8,0.001593290621517772,0.018905784986738675,0.024656986342076505
6.805,0.0015136392069852577,0.007568066789841838,0.018146184827912047
6.8100000000000005,-0.004447984818675319,0.0012372935587109004,0.03972848582799756
6.815,0.017453394528792535,0.008192799002658391,0.019886277700072383
6.82,-0.004226141572611164,0.012525457100092724,0.01607851719619538
6.825,0.0036178672656379373,0.020104768547280192,0.029534159764024785
6.83,-0.016231219640859967,0.01060234113935658,0.019709146614597644
6.835,-0.010579210876005015,0.0022130958187191766,0.02710403505646302
6.84,-0.027550976945517967,0.012103969058254812,0.05205959645362375
6.845,0.004419188414822552,0.015538763801990763,0.007289569534932469
6.8500000000000005,-0.009634148153129454,0.009088720144097253,0.03842038002598625
6.855,-0.008585513262838624,0.009249531717566692,0.04663799205105781
6.86,-0.008821346521143907,0.0060793118048189385,0.023756304770960995
6.865,-0.00022116060840968177,-0.0004107840749181602,0.026825966834766336
6.87,0.004236917345974612,0.0012317178365109428,0.029904531694962266
6.875,-0.0037934501683270453,0.0213513282747609,0.03627538757194545
6.88,-0.012145139512074769,0.003874563631658683,0.04865381210788626
6.885,0.005095686384652357,0.013188261831667544,0.008119652472604889
6.890000000000001,-0.005655580629678733,0.017534730012307265,0.0338052519417248
6.8950000000000005,-0.004122773978258488,-0.006124980503702597,-0.0013412340555708129
6.9,-0.01742399870455802,0.003995925030206006,0.03699687602603695
6.905,0.011135877958548326,0.025656106817167738,0.031398198700730025
6.91,0.007754681486155306,0.0032358422298763533,0.022617222161333723
6.915,-0.010791182015500224,0.004553365866339565,0.025985773391460264
6.92,-0.02586939132497975,0.01088332432267634,0.01751264478781093
6.925,-0.003645496317096264,0.012824580257596422,0.0368358531761341
6.93,-0.012986755860456126,0.0038838503431772864,0.023431081273647167
6.9350000000000005,-0.02373445568813786,-0.005465704920847521,0.04189090580279984
6.94,-0.011211066450987376,-0.002210699813253136,0.0391886267824592
6.945,-0.00871225660057784,0.021915825700432625,0.027415070210105162
6.95,-0.010023726723404893,0.005542752610787845,0.02545705834240613
6.955,-0.0023018471012565614,-0.005302455411106547,0.03644060638699027
6.96,0.005965472501060467,0.01401554312622281,0.04844760034661502
6.965,-0.011877155296067383,0.0021722402399354844,0.02603847223431119
6.97,-0.007931610858451411,0.0018274350675759029,0.01406663353936521
6.9750000000000005,-0.02112426239165386,-0.0061344743017225775,0.029065267238510585
6.98,-0.0020131762186733383,0.013943016694767683,0.025835655154227522
6.985,-0.009464422848698688,-0.006999094750307013,0.02511976355239502
6.99,-0.003477651358950241,-0.002297964084877653,0.01722057481680913
6.995,0.002643845778128859,-0.000652424406647408,0.033502402909503945
7.0,-0.00853269424897199,0.0037562484059234305,0.039019787883942385
7.005,-0.010494444611896435,-0.0027705448278175565,0.019940800782387035
7.01,-0.014105704114241998,0.014484592092195677,0.030762957544182033
7.015000000000001,0.011081740645734396,0.007089667725119975,0.03419347480662792
7.0200000000000005,-0.003925460955640954,0.012715390816142216,0.02880847595654768
7.025,-0.012235938634524574,0.004756642930486549,0.027734678385007365
7.03,-0.007272816163545434,0.027452383010371492,0.023559145294258586
7.035,-2.7554110288933314e-05,0.018404900835093514,0.01899952218133391
7.04,-0.006171591439777725,0.00979831327173612,0.021467655691970303
7.045,-0.00669521646181059,-0.0011132752297765133,0.0349163662088021
7.05,-0.015479468571258745,0.020718245114601058,0.038058732917760636
7.055,0.00030050577487181207,-0.0037924300383344635,0.04181810262828163
7.0600000000000005,-0.004676696515682506,0.010130329981898736,0.03206424512825514
7.065,-0.01324342536722859,0.027857142788438493,0.015451279817657627
7.07,-0.019305306880832557,0.016218313442317698,0.036470212115171145
7.075,-0.00010424382022828325,0.019376665824163586,0.02933009903981877
7.08,0.006725555251537056,0.024731908248330173,0.02903222625117508
7.085,0.00661510817809912,-0.004542107404339249,0.02426529013273049
7.09,-0.014882166930405834,0.0014002130963375737,0.012989919088285153
7.095,-0.006478425292222284,0.024327003583216156,0.026752413988435454
7.1000000000000005,0.004522669132705177,0.012584007537594193,0.02748363193168229
7.105,-0.005561775286654346,0.007299303788928283,0.042132721138443026
7.11,-0.022071660758647128,0.03240656828026499,0.0010193988924525775
7.115,-0.008745720789858556,0.020617304347325886,0.027819004429374718
7.12,-0.023466170317417854,0.009223503979506931,0.018505502239244007
7.125,0.005805934668850307,0.005072560596467409,0.012903874638114814
7.13,0.0039900728736875744,0.012531760863490587,0.026826904559915363
7.135,-0.01107832169435322,0.0074441169958543675,0.04260113586847682
7.140000000000001,-0.015355101819312968,0.01098820833677653,0.024163728383718865
7.1450000000000005,0.003438506996433676,0.010378722320278325,0.016054734086516434
7.15,-0.010721702623493529,0.00825165741200402,0.023511305338711635
7.155,0.0011656571199293309,0.02247443598995364,0.021835487233952903
7.16,0.003947601678395217,-0.01170379163913023,0.022539281987806872
7.165,-0.014062480106281448,0.011162601786195289,0.04844977697879795
7.17,0.0005109186349169861,0.0056438705896868875,0.027637893475660605
7.175,-0.028525077146672573,0.001905822836032918,0.04277238109464711
7.18,0.01078179385442336,0.01820447388716539,0.04176280551260037
7.1850000000000005,-0.02155043919415568,-0.0031773604318043793,0.013240740678394898
7.19,-0.0016291515877274523,-0.008966152712059562,0.036099139386856556
7.195,-0.023400270193478085,0.005859779153379065,0.031225638188206985
7.2,-0.02413500202377275,0.02558231087670216,0.03970831039097504
7.205,-0.004736900908090629,0.016376789190217157,0.03812622968915112
7.21,-0.019540768461916044,0.005261136090503425,0.05119801424128508
7.215,-0.026691666415092213,-0.008987227124491272,0.032433784603382865
7.22,-0.017572492362286685,0.02020049366792139,0.01688703523010432
7.2250000000000005,-0.006518413201313716,0.0069804682342265705,0.037248727733597366
7.23,0.004205717209606462,-0.00450664471798913,0.025102706208688028
7.235,-0.03095775734900666,0.011813559776961139,0.026764384115912337
7.24,-0.017861651416339754,-0.0036026334829190156,0.030536542953593405
7.245,0.000276933610299155,0.001398221633366976,0.029936092543073098
7.25,-0.008164383391332023,0.007730067221961168,0.020504692057988425
7.255,-0.0343199278895529,-0.0019169754502069676,0.03826915166958667
7.26,-0.007904150614205827,0.020930425748955293,0.03554248912180303
7.265000000000001,-0.02085496277681386,0.023017571135930254,0.034538328081334384
7.2700000000000005,-0.03512959420574439,0.010876456136419469,0.04667373648861398
7.275,-0.007869820170447683,0.02999012446869532,0.039605947993132676
7.28,-0.021758725400027337,0.020157488100382023,0.021187557155345794
7.285,-0.007390503150740503,0.020994271502175053,0.02969155795116757
7.29,-0.013080913846772506,0.028982739947110925,0.0522611503052933
7.295,0.006409005634628109,0.004666470884731432,0.038241121773018846
7.3,3.8105790352262886e-05,0.01640236292255509,0.03201926171637688
7.305,-0.021045383021863935,0.02116259710140165,0.036157310479005146
7.3100000000000005,-0.008486278724943359,0.029320908994302543,0.0545955730162802
7.315,0.00484131877904917,0.02603068408074681,0.02240723358475099
7.32,-0.02079685455116498,0.021347019397933868,0.038481562602775035
7.325,-0.012690313524814006,0.028569493435465686,0.058716530252180446
7.33,-0.013640046997499398,0.03499913286754088,0.047810262857864154
7.335,0.0022956003137855757,0.023688606462472703,0.041899584314776986
7.34,0.0086923611688195,0.040178935525149256,0.03532516618038429
7.345,-0.002670932618607069,0.044574640480244516,0.04186309318518092
7.3500000000000005,-0.0030489349343311156,0.01775697763958769,0.027129643718515055
7.355,-0.010769364481046977,0.0312096245390196,0.057352484441080175
7.36,-0.00947623804136926,0.043066081596867756,0.03760011396912827
7.365,-0.010356786299017186,0.016808399021036348,0.026030307189941097
7.37,-0.02000654605313675,0.008955205727463184,0.028877823568228746
7.375,-0.03303975550325267,0.017966667009959865,0.027748949949187123
7.38,-0.01980440039729555,0.02565422113568517,0.03602052181458795
7.385,-0.0041854860526691386,0.009112011269824624,0.030336320153354565
7.390000000000001,-0.012575758314953039,0.03435707243423438,0.027438173052791823
7.3950000000000005,-0.005824946426443017,0.012310009681334513,0.018814696983380744
7.4,-0.0169950248939458,0.027715384486524962,0.01249023503492994
7.405,-0.018353506537575757,0.015875483669168,0.04285755863678692
7.41,-0.0021200128688667816,0.017481478876398653,0.032348624482028326
7.415,-0.016234031882581205,0.020809198239034578,0.010027225279578243
7.42,-0.01968103946121832,0.03771964096820094,0.03089902295901619
7.425,-0.006250800626102577,0.026854066137262406,0.03001961482856492
7.43,-0.004105584743801294,0.04202817384452157,0.05701009236270552
7.4350000000000005,-0.0074954897132804565,0.015777963556412943,0.025278191760132393
7.44,-0.012138719146629395,0.038259108742000496,0.050935703696357394
7.445,-0.016848524205194594,0.02715034641787809,0.02285277285156502
7.45,-0.01273195556390759,0.025911356122127048,0.020563382383536347
7.455,-0.0021976306861615363,0.012003556507530188,0.04023062747253502
7.46,-0.010312787018154652,0.053083436100486686,0.04786140526359574
7.465,-0.0147110719137869,0.028922677991816255,0.028059527267252374
7.47,-0.005733530228946852,0.04231832058092268,0.02566883022964931
7.4750000000000005,-0.019117235554040723,0.054042799643909775,0.04396433934348859
7.48,-0.024228079398944093,0.038356842476411857,0.03160967013165657
7.485,-0.013941116067130457,0.02887614272065358,0.0282807726585048
7.49,-0.021388102039939,0.017740607498391875,0.017040688530560996
7.495,-0.010816577909179271,0.039878439622310094,0.018744539837161303
7.5,-0.010244796326071694,0.02717542223816235,0.022202761458204916
7.505,-0.003283514049487811,0.03533688169436497,0.028001577031824224
7.51,-0.0343725222211588,0.030398624632568382,0.04409533846561518
7.515000000000001,-0.013983684942181373,0.045003342141801954,0.0378077308682882
7.5200000000000005,0.00468814709416886,0.030393914190768347,0.028427753302116835
7.525,-0.000506120772909166,0.027661007563654062,0.03140777805840611
7.53,-0.02123993330747456,0.02084281535428805,0.02746235866609645
7.535,-0.015342274961082309,0.031852857994965095,0.03635176125043965
7.54,-0.01202954163438268,0.033420674926373184,0.017890926251526194
7.545,-0.0006182872595589181,0.032247624277523514,0.035939678950968036
7.55,0.0017114923997004275,0.01140850052063424,0.017005981372301113
7.555,-0.01738002423720656,0.03810823263050356,0.0276326309005337
7.5600000000000005,-0.014760131706468341,0.029961429770350753,0.03781100097253352
7.565,-0.01417335432378219,0.022300775376989858,0.033926098319493975
7.57,-0.011564254925332185,0.008108300370279507,0.024715584595861727
7.575,-0.015414180889447696,0.02426826073563377,0.029770678095013013
7.58,-0.017976884532258385,0.016975130773796216,0.027798393655437473
7.585,-0.002487175418980487,0.012794826537455352,0.02077326567831573
7.59,-0.010700206374462392,0.04627987909208881,0.033422066311545165
7.595,-0.019658001160980626,0.019692902296199584,0.03101263779047012
7.6000000000000005,0.016529375815400635,0.005248794261083429,0.02441007414981894
7.605,-0.006209888699633809,0.034496211695238185,0.04044483069936211
7.61,-0.008023481980133421,0.040686620417261496,0.03245742533002323
7.615,-0.010272329740096887,0.03685555738583717,0.04938648257233695
7.62,-0.01914869303520876,0.02947720638257875,0.026677711049936423
7.625,-0.01672965970559453,0.02947943450613398,0.023630071793690397
7.63,-0.015432521352729519,0.03887474532243626,0.027541836935095827
7.635,-0.005213772996123519,0.04430085837808448,0.01832381196514165
7.640000000000001,-0.009504195630257922,0.03658060545633222,0.023944278335983542
7.6450000000000005,-0.01090033525484137,0.03301843810771728,0.03820492597334166
7.65,0.00761274461098321,0.028271422904358082,0.049781489665385155
7.655,0.005459324565671088,0.04832999680449088,0.04340544151953714
7.66,-0.010267463783642287,0.040759118593642715,0.044248244007303934
7.665,-0.002345924271993833,0.04267486914082379,0.032290118100237866
7.67,0.0028905287147942722,0.04100287236243588,0.05455244758649335
7.675,-0.0051203000938354545,0.011900542801359524,0.03753912340309762
7.68,0.005220963711142775,0.026733401697753664,0.04787707601755735
7.6850000000000005,-0.0022012748373472155,0.035630941514589926,0.022472143078064364
7.69,-0.012315329419635087,0.03625364492633915,0.05331807374767793
7.695,-0.0030709278012264578,0.03936774183740911,0.04581603030382839
7.7,0.005524186281590737,0.03395984161668825,0.049211800714314635
7.705,0.003172092857992949,0.039679717728417344,0.04580828960111984
7.71,0.013345944017903115,0.03872317641255282,0.0296488734937742
7.715,-0.006142830344124016,0.03840189294725956,0.046022465605568816
7.72,-0.0064173677837509255,0.03644403664888287,0.04242035098192913
7.7250000000000005,0.00037540428324497194,0.03681179201431512,0.04494018539390418
7.73,-0.023881931620013532,0.04757516824472048,0.03514772782334717
7.735,-0.005234161925159981,0.005275925389065279,0.05506842596836724
7.74,0.01815245499213394,0.01531334966256374,0.04250923863202491
7.745,-0.010636379527616889,0.048334541203728515,0.07952878812187958
7.75,-0.008972020136002248,0.022094420397305303,0.04624135921903054
7.755,-0.004596348541906742,0.04326160295213585,0.057864054881588106
7.76,-0.001360456360953409,0.030373110138413473,0.04925789271286614
7.765000000000001,0.014320666659191274,0.0052367152581437836,0.044524506945342684
7.7700000000000005,0.0015040016483038841,0.025689822563800993,0.060759828370142474
7.775,-0.006410906205384318,0.042664977924149874,0.06351141887130217
7.78,-0.010729136349128712,0.02242880062898652,0.059357202895802125
7.785,0.0031108179144949642,0.040495270153618604,0.03782018343109548
7.79,0.007386481369138456,0.05587725425428633,0.04559153098737115
7.795,-0.0009979291996560398,0.056585840495589346,0.044666995974970945
7.8,0.01221122603129117,0.042358718017127026,0.046577948044184386
7.805000000000001,-0.0017781963290924713,0.010295944371937081,0.028859328655586065
7.8100000000000005,0.015935103051591203,0.028643653338600326,0.038125122650619805
7.815,-7.373462036478623e-05,0.03101136086867526,0.029090595456430023
7.82,-0.0230319729741724,0.023830498969873607,0.03662344251235049
7.825,-0.011413876259528659,0.02830377278050032,0.039715208656367594
7.83,0.0034604087373365615,0.022786513632802506,0.031486501908498665
7.835,0.012102556089561605,0.01093606003590159,0.03734950638391578
7.84,-0.0011567716229674806,0.027563930357586634,0.047200195316530864
7.845,0.004695561425672783,0.005576669815318386,0.03038392426725739
7.8500000000000005,-0.011443143490626601,0.025352167003879947,0.04896936353870383
7.855,-0.015066871442682291,0.01908169224233892,0.040158491330009254
7.86,0.008379801077024338,0.04031773358397544,0.05893816847401855
7.865,0.010521344269166136,0.031645496320866356,0.06934837774581801
7.87,-0.007314481871182818,0.009193826816649249,0.058039641708952976
7.875,-0.0030756993821260403,0.03305548579728438,0.04611799676483135
7.88,0.0032971056110700538,0.012043848008747091,0.02114591757698751
7.885,-0.009658401056517489,0.03323346846667595,0.04648038037250851
7.890000000000001,-0.0053999774479234625,0.03620257810597553,0.023844690138541697
7.8950000000000005,0.001708926444843429,0.029969160750456702,0.04612613157808124
7.9,-0.00232114211124684,0.021718985084202294,0.0516534591813205
7.905,-0.0031588790382002414,0.01664873255117197,0.04687645241325468
7.91,0.007692679393672491,0.014394444271864124,0.05309883589852689
7.915,-0.006769508277774099,0.03675794098091297,0.059420571515619997
7.92,-0.016282010671107468,0.030172679220061123,0.03498767355301111
7.925,-0.002300760300774876,0.02269398362539317,0.03543594419706132
7.930000000000001,-0.01847882672712006,0.03306806720290366,0.0563130252947278
7.9350000000000005,0.003251894206156642,0.015164439657340552,0.050286242755733436
7.94,-0.0013407893246828728,0.033833940232528455,0.04020061753673722
7.945,-0.008931779681591999,0.032667474864924176,0.05824780683980603
7.95,-0.012984789480744833,0.023964203416511193,0.052355171954298216
7.955,0.026348540051994926,0.02961956950540941,0.05884953293688787
7.96,0.009721096977647756,0.04574763871654718,0.05469723324002293
7.965,-0.010047639632977425,0.004291417716820224,0.05953019966950694
7.97,0.005065887448106758,0.018590063210869007,0.04306621964047565
7.9750000000000005,-0.005866723398363215,0.047910625025030566,0.05928588608601084
7.98,0.0024760700489999295,0.02442738236123481,0.059749910187602354
7.985,-0.009624060616028985,0.022445895991857326,0.03878070612040499
7.99,0.014758467108916564,0.02608470657935225,0.032555805402110574
7.995,-0.001816578925664121,0.0369318039257234,0.045190449272527786
8.0,0.009505230161493048,0.01832069313410059,0.0582770915171323
8.005,-0.005036165421822003,0.03376084979736016,0.06404072728018971
8.01,-0.02301107774622487,0.03187404762275783,0.03439960931160947
8.015,-0.010585429925668594,0.03598928771323295,0.02682382603989785
8.02,-0.004771934087318606,0.025139448750161348,0.05356855262223814
8.025,-0.02252522690780235,0.02662692499552319,0.04885139184098998
8.03,-0.01497951942590418,0.015707110224918164,0.04733542945889664
8.035,-0.01774486199233432,0.03182999766098944,0.046104291894100854
8.040000000000001,0.001244458838167612,0.022515097851929736,0.03592358232550499
8.045,0.0029682056102369563,-0.0005413796598597058,0.04447566354604841
8.05,0.0039163211035218234,0.03351247958673031,0.046070050730303666
8.055,-0.02604147328077986,0.02193688447338264,0.04261384112073602
8.06,-0.022362888016504674,0.010018643337481268,0.055641447570072326
8.065,-0.0007865245527493639,0.028046774066996336,0.053239846129400456
8.07,0.018484114224788694,0.04092601548122715,0.045773666852874394
8.075,0.006549205121849023,0.01682278581116166,0.04446345041909869
8.08,-0.016552915708137744,0.022101427483986625,0.045789550877874854
8.085,-0.03283814523026492,0.00961591374206835,0.05323625398801991
8.09,0.007808640668562496,0.02833857352682081,0.045634921900918335
8.095,-0.008232820205462843,0.026015449249518294,0.04977678267697726
8.1,-0.011340467218678301,0.030713841842726082,0.03823607001012763
8.105,-0.00875514348490061,0.013173455230251443,0.036173848354895136
8.11,0.0005961619190170304,-0.014149779101292921,0.05510540454314303
8.115,0.007450746869199599,0.022612533867174663,0.04910018872428543
8.120000000000001,0.01292223615254054,0.007210978137273583,0.04618076524338477
8.125,0.00387733233328115,0.00904244096335818,0.0523066799448734
8.13,0.0005968090543320217,0.013116849950231144,0.06767452303110062
8.135,-0.0021016725226452315,0.016598831706325888,0.05894127350607345
8.14,-0.003739176784251591,0.022273227478148246,0.0306676100682738
8.145,0.002829056889283175,0.0175528131257017,0.048890050359858925
8.15,0.0024358035239852825,0.03558719497770476,0.048959166698471474
8.155,-0.004036135079232516,0.017612761724555993,0.04566796413539927
8.16,0.00847333723117118,0.02637895290370833,0.04728825387003752
8.165000000000001,0.015372305525463481,0.022148909035743947,0.06676911743264397
8.17,0.003381562534560373,0.014107992460298115,0.03303726962302655
8.175,-0.0012113720867555355,0.008066962723520147,0.059799701045528286
8.18,-0.0025481681307343886,0.023050353535515773,0.04774815443613682
8.185,0.00838362430954442,0.026992345663914376,0.04272179072415628
8.19,0.019030425332693512,0.010949086574129551,0.04083853244232982
8.195,0.01010430904637603,0.021498179240227795,0.04350433989120457
8.2,-0.004924736201035937,0.017741996603261978,0.022843600185605394
8.205,-0.007965999126002515,0.015592821996302342,0.051156146191048635
8.21,0.0018505810122242151,0.023728252270886076,0.07052871543081433
8.215,-0.007618019877430909,0.03655354669094153,0.06078228390175074
8.22,0.0038400478978540646,0.01769414124786126,0.037303669271768924
8.225,-0.009766766742981152,0.0241230754008962,0.055873867780061495
8.23,0.006552775471127731,0.0182669503086904,0.060411814514565426
8.235,-0.0017388881937505304,0.027531885326040773,0.0469855198469271
8.24,-0.011438457327061717,0.013121579614373791,0.051578606615071146
8.245000000000001,-0.01255035790035007,0.008462108650304218,0.05253543051395192
8.25,-0.003518607952465204,0.024444735884373608,0.058563276678880935
8.255,-0.0038195807141064853,0.015515691148346888,0.05015238622311613
8.26,-0.007894121406321258,0.010430131519485575,0.06936340252975196
8.265,-0.013567705081661,0.014005212869981742,0.049394259163695095
8.27,-0.017406877105938835,0.019327680653371825,0.05505832922288294
8.275,0.003581870726149239,0.012170697640001237,0.053299065721032754
8.28,-0.0021345150603257444,0.02347182988168037,0.05084355365142747
8.285,0.011466843394509898,-0.0016618306461036111,0.07650698920227175
8.290000000000001,0.006638828411036926,0.03940965134721717,0.050031484576777474
8.295,-0.022691513929333964,0.026630868432895017,0.04707345190448589
8.3,0.01729620127288173,0.03939656209599441,0.06010610962296376
8.305,0.004928031627280286,0.003570646584677881,0.06477016490904046
8.31,-0.0032275559271679397,0.021461392621308882,0.04840935486491683
8.315,0.003162385179785253,0.0068913795696187745,0.050122064062667865
8.32,0.0023904259319348573,0.02085811954971486,0.06005591652849898
8.325,0.012518443358365383,0.008762678870135187,0.04451404231793833
8.33,0.005997360492045033,0.030942200307647674,0.06598337625790467
8.335,-0.004487959987223473,0.029243073082154257,0.04884993501896703
8.34,0.005193088209099236,0.0093287283505945,0.05430195506739818
8.345,-0.013609132766028178,0.03354517507698059,0.047837040922447435
8.35,-0.0059871147400987965,0.0134435703802027,0.03382184685275544
8.355,-0.00013325589266319215,0.01600072754902314,0.04433635315533847
8.36,-0.014215573774203391,-0.005428167143933583,0.04123146883005446
8.365,0.00901210489053602,0.011196217588348878,0.036150563297390845
8.370000000000001,0.002366016705609264,-0.0011404606884378083,0.05978891534946827
8.375,0.003707836983101547,0.022741091654807578,0.06258571789484446
8.38,0.02120689406063024,0.0029702030788304285,0.03627665233117537
8.385,0.0015098682172647454,0.011256699075017673,0.06427321381583592
8.39,0.0012977919610017048,-0.003300785375075786,0.06755796479099072
8.395,0.015706920582228494,0.0201829925379667,0.058822683594565245
8.4,0.018005169626999107,0.011541897210576758,0.04548490808775951
8.405,0.01451568589073243,0.010869179830884259,0.040092124601262574
8.41,0.012604732472204911,0.01602334558617613,0.04544326104066046
8.415000000000001,-0.00412875800797001,0.017847128520404397,0.03320048353596034
8.42,0.006141012842355614,0.03055715365838648,0.050019665096417455
8.425,0.010689235065636484,0.0169066524074103,0.04470823369775263
8.43,0.016013075439479593,0.005190252928850067,0.04855587872232747
8.435,0.016928231331712427,0.01709080283073093,0.03396382725048236
8.44,0.0038510604876415833,0.027609835449972597,0.03463165823303127
8.445,0.0054612377909717125,0.017344554910234667,0.04646447463083046
8.45,0.016100838705269443,0.0068072207151533195,0.0477445050958017
8.455,-0.0041250761476605904,0.004240672066423527,0.05213147983873617
8.46,0.02801157201612874,0.009624867182560686,0.03517540969981402
8.465,0.0035819784306211043,0.004538403481561306,0.04870730223045197
8.47,0.0009780907708696676,0.011991190149690965,0.053675254528102616
8.475,-0.005666777147047719,0.011881326054329192,0.03450889252757722
8.48,0.010465639357908708,0.02365417143621136,0.050309643715059756
8.485,0.002963348914415062,0.008760676082442615,0.0382066677814421
8.49,-0.008291315788281106,0.0180817061804837,0.039881893234530265
8.495000000000001,0.010850826771225675,-0.0036821808538971233,0.06762930292552313
8.5,0.0018826719458066646,0.003582204047392734,0.05992316427899591
8.505,0.014897858969637232,0.014575588434903761,0.0598714932179789
8.51,0.001879321468506924,0.010470909401262878,0.0674747287964674
8.515,-0.0014795394017332979,-0.007145043158370259,0.04977237939131029
8.52,0.017720072781740218,-0.016253117517773596,0.041818601842433085
8.525,-0.008082041449553507,-0.0034977334916797484,0.05176858948584036
8.53,-0.006710154432648463,0.026483462883171858,0.05214661263258699
8.535,-0.004905691084324933,0.025222691052092603,0.03120208904464556
8.540000000000001,0.019286241159926512,-0.009073086117789182,0.0569048866153145
8.545,0.0032718031650068174,0.010551273255290265,0.07443206883756345
8.55,0.00786057122302852,-0.00980150366244279,0.049919642288220836
8.555,0.005747555030419644,0.0031445433327998203,0.04639844709902409
8.56,0.01065567255206322,0.010321315715773926,0.06401527913718733
8.565,0.019411585540798686,0.020837541438406656,0.0685016616805125
8.57,0.01426229382756277,-0.0023654615392010164,0.05071746631775625
8.575000000000001,-0.0021403537028715607,-0.002987639787102472,0.05716311164278232
8.58,0.0074893585131325865,-0.0023146577578192096,0.03392323215847562
8.585,0.005775511782205783,0.007181941578112111,0.051402761360589286
8.59,0.004726766234450126,-0.002069272970870629,0.05821024852652307
8.595,0.006856815487598283,0.016105369720697607,0.04392253213427948
8.6,0.02362671089693627,0.006186590045275723,0.043739743507812096
8.605,0.01590792705244673,0.005086203806638613,0.04918594192093684
8.61,-0.0077044806999517,0.001605029792729161,0.05464915973226696
8.615,-0.005588980227668686,0.015264104057214647,0.05043028244483441
8.620000000000001,0.005147652854390096,0.004543883281968078,0.05327652402982226
8.625,-0.012738888935340727,-0.005107031660896865,0.050777492660233556
8.63,-0.0012688517278438352,0.002294996229535464,0.041999036878473596
8.635,-0.014665752467061829,0.023501487287899702,0.03963196889030879
8.64,-0.0013427439918447803,0.0049441893643892825,0.0429922268347146
8.645,-0.0047486988583542895,-0.008588349147170023,0.06392600490086822
8.65,-0.003755415068253991,0.02150661869685888,0.041142362269479135
8.655,0.004097571439949287,0.005259403774308849,0.05075982148449579
8.66,-0.0011139593864712798,0.009574969188232491,0.0656754997560646
8.665000000000001,-0.011673006161616102,0.0036033031501582664,0.03872277371659283
8.67,0.006761645661701201,0.00317627025762841,0.056850626673290064
8.675,-0.007194276069887286,-0.0034586494978803787,0.03261137475282859
8.68,-0.001388902671153016,0.008658298183131106,0.046967530786447276
8.685,-0.004319478691379504,-0.0039408642967143255,0.055690961142091905
8.69,-0.014250905945755031,0.007561327390865402,0.04215767049131815
8.695,-0.006063904785354245,-0.003919842767251309,0.032813666319576884
8.700000000000001,-0.00033294343963735304,0.0017640719669254103,0.049133699385760565
8.705,0.011795222725709657,-0.0007217905202547802,0.05123656121154742
8.71,0.008895061004059835,-0.0014795580718121818,0.04093584313449787
8.715,-0.01028856887472862,-0.004728805233348548,0.04281289293693256
8.72,0.010382555584947363,0.004025422906060359,0.049313439363828405
8.725,-0.02035925576329502,-0.010458573121680139,0.04600011215564272
8.73,0.011468860092215698,0.00718049059518892,0.04643176592856221
8.735,0.010040464251065244,0.0015493996873272471,0.05834388822585032
8.74,-0.010785722379410674,0.008004474816390765,0.0492338018470293
8.745000000000001,0.008284533073404179,-0.022693003611435784,0.03723878370923877
8.75,-0.014251909265000062,0.0020930373501343025,0.03155938053891651
8.755,-0.002971466121828529,-0.008145594799137302,0.03517588874251668
8.76,-0.011070348734534996,0.00937721439124646,0.05574910839624217
8.765,-0.013080538319385026,-0.000697817295905713,0.03933152506344835
8.77,-0.0005132440919167064,-0.011218161616719765,0.05979150691808627
8.775,-0.004856991012066467,-0.014499919173331318,0.03700773920178171
8.78,-0.0010749261754993585,-0.0002362545853187431,0.051880737785849826
8.785,-0.0011274035103914296,0.006765944164811986,0.05463490465771307
8.790000000000001,0.0008406445590472301,-0.0002780749578546078,0.051158232338321036
8.795,0.007326327386389355,0.0009110105997173663,0.023160444346706905
8.8,-0.013433518477860756,-0.0070105606992945935,0.055401634952107065
8.805,-0.001976677544483222,-0.0005298987652893015,0.030979048528942614
8.81,0.002019409180321643,-0.012531435505277657,0.036377171565037045
8.815,-0.002276829346528165,0.0076187790370764175,0.05113275877919096
8.82,0.00868569411239761,0.01148098148905859,0.06343161143175456
8.825000000000001,0.011030310456309977,0.0030128792351605295,0.04363439138838765
8.83,-0.013081289746780411,0.01537336805984664,0.043834206403365404
8.835,0.0016083990031439989,0.007157834790172332,0.05387121391540239
8.84,0.006519025022555504,0.01406594531137718,0.06473594628558993
8.845,-0.005479386617271268,0.01654511855982731,0.033552969820138445
8.85,0.00709323006530686,0.011587559653390558,0.06385891222231446
8.855,0.0033678095786936965,0.012470316867431386,0.04320648443468495
8.86,0.006768800603794142,0.00653552248465426,0.051022979419940793
8.865,-0.003606048365370134,0.012832493612389084,0.06151109504173208
8.870000000000001,-0.00206806255854243,0.012512217183186165,0.039208470160529654
8.875,0.011988129347264394,-0.015453588589624069,0.03611329671663821
8.88,0.009275114988690304,0.01368425803183548,0.049221535663429475
8.885,-0.008035735018529697,0.017165734195772577,0.05440830229608709
8.89,-0.0018705605011534246,0.0015348354699226512,0.04776740055713026
8.895,0.0009864711723308467,0.006377136148014681,0.037300129716369354
8.9,0.001113447625807909,0.015293234498567187,0.03422577107510895
8.905,0.001649806582951361,0.00657412049670162,0.03882545937229713
8.91,0.01565740123389612,0.014539229535160111,0.05583556736427329
8.915000000000001,-0.0025924918290539736,0.0018571429548031558,0.058507380113243024
8.92,-0.01111822234476351,-0.01120626057018026,0.06097271133138993
8.925,-0.01445198445657167,0.003421608357458035,0.06592814301083638
8.93,0.020291184149380467,0.009121427899242272,0.04656893539322632
8.935,0.012775514990416927,0.007321317686495953,0.05538057769630398
8.94,-0.004016545180818117,1.0429559313329326e-05,0.044621263793433674
8.945,-0.015337313778202388,0.006924254559462004,0.05226476366713255
8.950000000000001,0.013869952271254725,0.012809319704874535,0.066422149088298
8.955,0.0057688326469188325,0.01065762019439751,0.0671140794807465
8.96,-0.00026956560131556617,-0.019019418125325836,0.06113099651904141
8.965,-0.0023297390778636816,0.020641968938555764,0.04394973444883064
8.97,-0.007148036223598889,0.011133329374978152,0.04721411295190964
8.975,-0.013047515604872568,0.008413112971338706,0.060393006648464406
8.98,-0.014785470160014696,0.0014382863147159326,0.040157781024770814
8.985,0.011996017549942159,-0.000506641431227391,0.02877817268595162
8.99,-0.0038940637324776685,0.017193456524160586,0.05722590194727883
8.995000000000001,0.006942914991502125,0.010046932266546934,0.040485898944741555
9.0,0.015135663552688857,0.015730580290597977,0.050614773005043065
9.005,0.005106460650813341,0.007317187369134821,0.03890748057523469
9.01,0.006769884238372048,0.013496922717228467,0.05385307286623987
9.015,0.015378735611023927,0.006801460113322815,0.03736981682749431
9.02,-0.006687187457054291,0.022715251954467268,0.04416606986611674
9.025,-0.010541767315998495,0.004374868678042683,0.04111118344546996
9.03,-0.010326493165420898,0.00012440686838419666,0.04783631676358479
9.035,-0.009633797882782284,-0.006782123802930414,0.03764471459148941
9.040000000000001,-0.026003357705618485,0.01791094789092615,0.02853491966144349
9.045,-0.014561343713622839,-0.0018525201637079403,0.04016807384520328
9.05,-0.014798086427289178,0.0013974556446012332,0.024773216789887413
9.055,-0.000555310416351984,0.00011310718481741429,0.03490664950966374
9.06,4.393712821820078e-05,0.02214059360780604,0.04067196239181645
9.065,-0.007517667763984985,-0.002510870819648804,0.017570898905476452
9.07,-0.008139072357247,0.019756474839933848,0.04300807060058667
9.075000000000001,-0.015687243918774123,-0.0016282953022888182,0.01785824122466398
9.08,-0.016223610937694328,-0.007110550997276338,0.019516211778653904
9.085,-0.00910093907087076,0.005727567376079895,0.03323778464809761
9.09,-0.014473838699634155,-0.003011083633711486,0.022242391606126767
9.095,-0.00856895808844823,0.009997181920085115,0.020098955915223007
9.1,0.005690922429411348,-7.377810740929244e-05,0.01806363978363881
9.105,-0.00365441188495633,0.009404524712695645,0.025812099825954535
9.11,0.0073610458297324426,0.008589138774818704,0.03752054113009528
9.115,-0.02828595712400992,0.005354091582286174,0.017912069381305355
9.120000000000001,0.005988713819837895,-0.01045510115213003,0.025395817826851876
9.125,-0.017455633259442632,0.011998477289596082,0.017387591689043636
9.13,-0.004710518768146016,0.006904570334692668,0.031057257701562927
9.135,-0.0003660068651413946,0.009592235987485877,0.03130776367441086
9.14,0.011165378314209409,0.014477911482977647,0.037473794117245204
9.145,0.0017541440766372964,0.03189590275882001,0.023039408292367284
9.15,0.0006446223859194328,0.01455326899477494,0.01610419403133981
9.155,-0.01277195892129682,0.010537806916141366,0.026767101931653055
9.16,-0.014023417171404155,-0.0034445247393348425,0.026204249821820493
9.165000000000001,-0.004968704134910143,-0.0032150082450370376,0.033318209248939065
9.17,-0.009458475714872225,0.020590117893625567,0.0203321539748768
9.175,-0.009843344664695223,0.008584492933820619,0.008504633381095068
9.18,-0.015676268366387247,-0.0010426405625582318,0.03421796936360555
9.185,0.0017987414096357693,0.00930070786244167,0.02617748558781869
9.19,-0.006517797326893896,0.0006501226984432056,0.025844046962950427
9.195,-0.020744421559531632,-0.014052080535097917,0.022049168231168842
9.200000000000001,-0.004136161196523734,0.005441344266938373,0.021435929445986414
9.205,-0.003656962136676479,0.008573010635081807,0.04543369190872448
9.21,-0.008368901548607793,0.0026212296343029393,0.030890565768539876
9.215,0.025201349648999376,0.01778822201910723,0.03849777561205583
9.22,-0.010111441920011052,0.00513608721588503,0.021085202155470724
9.225,-0.008779957061841499,0.0027422869049029235,0.010613158754535924
9.23,0.00017027785719195623,0.010497468486042312,0.027922363070103377
9.235,0.004915701686385311,0.01026930410338755,0.025940771171739884
9.24,0.009282587634716961,0.01258539902789702,0.02352588937147802
9.245000000000001,-0.006141797318387068,0.008131311332683399,0.03288841657857575
9.25,-0.011230586363871389,0.0180469772001895,0.03166117519516346
9.255,0.007113594365076498,0.011757175853036882,0.02805278281383673
9.26,0.004319686189106234,0.011775793118842795,0.00769616241212453
9.265,-0.017038562412708198,0.0013181112105015592,0.032716318960645925
9.27,-0.009821336386237955,-0.009399335062620211,0.03279284394823467
9.275,-0.00035667804213396215,0.003730289061330305,0.02190608101037927
9.28,-0.007855949770198177,0.007947026881495995,0.017514545251387383
9.285,-0.0024106579326660382,-0.00943573135695701,0.034435840840602756
9.290000000000001,-0.015330558086482666,0.008197340959853397,0.02913432059186879
9.295,-0.005226120506463306,-0.003687723321315178,0.01736384345364981
9.3,0.0009820100448600724,-0.00045215120205571724,0.02035781689055151
9.305,-0.007503012094421703,0.017146179219551777,0.03136211298627534
9.31,-0.020547845334775064,0.0027549745766791388,0.011599289488516438
9.315,-0.01645703025484981,0.00878776910074346,0.038800453306331355
9.32,-0.014901663884614922,0.004993680269596406,0.01649688817989425
9.325000000000001,-0.005631667241662006,-0.008063202140338259,-0.004791865394955498
9.33,-0.01743147836448595,0.007916684037152233,0.004669505491886348
9.335,-0.01182676202196695,0.009512715290905437,0.006092434514458277
9.34,-0.0033832109730327804,0.0077614091005645085,-0.01775282059652218
9.345,-0.031370205165963325,0.01313826370605248,0.011897283889389543
9.35,-0.016240204135628787,0.01011045390451371,0.004551827681220186
9.355,-0.01615719724427943,0.004102499086908228,0.0068906932577613945
9.36,-0.010149579478531134,-0.0023908887673923596,0.005357486289987546
9.365,0.0035180699310512833,0.0009013640012532336,0.006630796562673213
9.370000000000001,-0.00940994832734808,0.009677323239864269,0.011584432580285808
9.375,-0.013492153853329712,0.003910463169712947,0.016684366588901964
9.38,0.0026948199943898077,0.019254500324372738,0.023088223343025998
9.385,-0.002715176391445376,-0.010150699395280008,0.017589371220635346
9.39,-0.015147781184696538,0.004103796057550535,-0.004840468027055016
9.395,-0.011120952264346593,-0.008671721016036402,-0.004658273065227264
9.4,-0.025089907887328473,0.013384391313094563,0.01633881169465827
9.405,-0.007629437669525244,0.011154921225156586,0.015333208619975301
9.41,-0.027558128952309368,-0.01202811904871515,0.008286616543057903
9.415000000000001,-0.019583758726552616,0.006466180566363933,0.003118396125159133
9.42,0.002195948993534848,-0.005773180833413221,0.003302492837987612
9.425,-0.004234552440397818,-0.020765605666366156,0.015266395623009656
9.43,-0.0002279285467779446,0.008348601105978869,0.004930257822708472
9.435,-0.01726437764352952,-0.016900553315124783,0.014167715643229812
9.44,-0.01785217274108682,-0.02409002574195806,0.006801052578659204
9.445,-0.014217189328570447,-0.008688631779083106,0.006504920875599677
9.450000000000001,-0.03187656798360694,-0.00710873847480378,0.006082640357234429
9.455,0.0012504430451318743,-0.008069723384748187,-0.00403763391930154
9.46,-0.006740821576249431,-0.011666373178666324,0.010837525649568422
9.465,-0.0028490473471529387,-0.0009951670812005133,0.016997691385932597
9.47,-0.007239904152868102,-0.024369687680075414,0.008724299581223574
9.475,-0.01682221212230885,-0.012808032336679034,-0.0024194162251340206
9.48,-0.022334161739816054,0.00033994328310232684,0.023207704182441474
9.485,-0.01983494751920956,-0.034479912417644795,0.006474190065754063
9.49,-0.02294939931013962,-0.021317021554537498,0.005349895199705216
9.495000000000001,-0.016794001213031803,0.0008179633850409779,0.0014648765293449563
9.5,-0.01716984725928298,0.004147671833468787,0.00392391340879967
9.505,-0.025549574173540677,-0.018970102484376014,1.8598369214452293e-06
9.51,-0.02572862501247688,-0.012369712740139954,-0.004988637191744505
9.515,-0.004402332815141637,0.0008183301394665138,0.027549130961572122
9.52,-0.026205486382554412,0.010822139980706077,0.015899534081079417
9.525,-0.010862559517515118,-0.0057984688097332746,0.011866628891726669
9.53,-0.009655434694532446,-0.020114610734645422,0.009351817097406082
9.535,-0.019739262122932207,-0.011607540799607505,-0.006702123000986973
9.540000000000001,-0.015780939612538958,-0.007908718045373703,-0.002265370773071581
9.545,-0.019277804624594226,-0.003883667255783074,0.0001975679554226686
9.55,-0.008738347510873878,0.00825717702854858,-0.000633666085155222
9.555,-0.016365445916975346,-0.004877659479386424,0.010255246757409155
9.56,-0.029398689576721357,-0.01668119288395189,-0.005460512058413448
9.565,-0.025955380071253056,-0.012747703317672198,0.005845026635288313
9.57,-0.01989388395387256,0.003705915081064463,0.001922451982919956
9.575000000000001,-0.024824834491627753,-0.010951764607243767,-0.019313498661366252
9.58,-0.026351582101567423,-0.027781448294036924,0.021328925977529677
9.585,-0.017176141223050348,-0.022672015137154514,-0.00456102978854977
9.59,-0.008643438544126344,-0.0011514256175885482,0.004039786850283264
9.595,-0.038485893505259036,-0.013722220480274164,0.004248740439658769
9.6,-0.03135467488681564,-0.01690169793848769,0.005404696021531174
9.605,-0.009466930701590628,-0.03736908114378762,-0.003657224307728313
9.61,-0.023275088302485303,-0.01285081686865192,-0.001908221101762705
9.615,-0.04508018845780427,-0.013019045290087978,0.011578502111613863
9.620000000000001,-0.0031538777143684596,-0.01228956070076184,0.007255062560273085
9.625,-0.04489618848257776,-0.009764006525282861,0.021094529905943727
9.63,-0.016819762714095597,-0.0003344276826302249,0.005399554276441008
9.635,-0.02620162877515023,-0.005179958375583519,0.0074986912905070195
9.64,-0.016619644199525524,-0.01576448320689959,0.007534313679736205
9.645,-0.019623650180704118,-0.0002593973237163122,0.020868657992456387
9.65,-0.014152705340707101,-0.018599427511443927,0.0002704435560229012
9.655,-0.036552726140472204,-0.02948201259688235,0.004046710887065125
9.66,-0.041128351024173164,0.007446878322723657,-0.0035035536723378386
9.665000000000001,-0.03257104772034213,-0.01788676688299592,0.009748712147392258
9.67,-0.012149346340710042,-0.00699765151184005,-0.011059119918676447
9.675,-0.025766244683364053,-0.004721266590930327,0.015185722183712233
9.68,-0.03293845506747052,-0.007001387380947801,0.006695292452820505
9.685,-0.01274762865919589,0.009031149386312262,6.710790687200377e-05
9.69,-0.03882679035454262,0.020058380778906197,-0.005259385361141407
9.695,-0.023833906399341142,0.0011524555635780993,0.019006184495172596
9.700000000000001,-0.03612977517272704,-0.00723925696282709,0.00016698805168396946
9.705,-0.024910104643289174,-0.043199441723516495,0.009873739879186993
9.71,-0.014199679615525838,-0.006555905973906468,-0.01193103558622511
9.715,-0.015707993126439772,-0.024267853787743814,0.005221273430093688
9.72,-0.01732708693639249,-0.02711759641367261,0.0028284218094389215
9.725,-0.011124506005107657,-0.0017615994812490848,0.0024987437827941657
9.73,-0.013446390761045127,-0.040958911699187486,-0.0032538543725157227
9.735,-0.01916167967219356,-0.011396440935042556,0.0008528998135401045
9.74,-0.03129006960148333,-0.019931801118944742,-0.02132343585984507
9.745000000000001,-0.028448563742122887,-0.01723411115394342,-0.012334145630475083
9.75,-0.029954654591021687,-0.012370772419814585,0.0065221067760875264
9.755,-0.018318672751973332,-0.03595440228334132,0.0035897909219530975
9.76,-0.004077968630677286,-0.015888547065528738,-0.010482966097650544
9.765,-0.01575137252340497,-0.025487379129966077,0.018049748159924262
9.77,-0.02526365605163578,-0.01827313106499277,0.005975087368425962
9.775,-0.02194587033634842,-0.009050226301480958,-0.0006818752988979543
9.78,-0.03402148760372172,-0.020739965921069005,-0.004018112957456545
9.785,-0.024991047776190004,-0.016118946223624746,0.01479174401497136
9.790000000000001,-0.018958621869293125,-0.014602931753805198,0.005004965176476225
9.795,-0.01720736639964905,-0.0251676675679042,-0.005782352387593333
9.8,-0.02650895544890467,-0.023829631477091252,0.017970114636245905
9.805,-0.029750686399682723,0.0008675778561992031,0.020294376543268725
9.81,-0.04160732627279905,-0.01765418635307992,-0.002011576954923008
9.815,-0.045116038756447555,-0.012721552477329144,0.002619856881136625
9.82,-0.031377296747585194,-0.011423511616618798,0.013687268974672224
9.825000000000001,-0.011567247150137426,-0.018258542251435056,0.012869937009619185
9.83,-0.041775529240596486,-0.011779638224699572,0.022804851083228272
9.835,-0.02564766685049437,-0.016353262218852523,0.0029112523373515655
9.84,-0.023595569677558596,0.013889621025205426,0.01476781266568026
9.845,-0.03464516657878371,-0.01313929347804562,0.01747535707801444
9.85,-0.02297278559193211,0.008950123928829663,0.009445374067627021
9.855,-0.03566590954126242,-0.004052553041255077,0.023185980841290012
9.86,-0.03294177139216812,-0.02054848794871483,0.007164430828446828
9.865,-0.04882137109935671,-0.0019137124662693752,0.023768223575486705
9.870000000000001,-0.03002115165668815,-0.02386766181513731,0.008879623949925178
9.875,-0.03905344766341565,-0.0443501080002885,-0.012647684501016268
9.88,-0.02119047456193196,-0.01500354560753462,0.02145700285667133
9.885,-0.026599139316135292,-0.014699924199037762,0.011419605791710816
9.89,-0.044492714055283766,-0.03884952968314643,0.018481502431065003
9.895,-0.03405413943356286,0.0031640344265756477,0.014845637616901379
9.9,-0.044905859118358586,-0.033480753125467236,0.007922171810334683
9.905,-0.02804693214939679,-0.010031821002372475,0.01067477301816639
9.91,-0.04753793164767893,-0.03023491951320568,-0.0023532283865291214
9.915000000000001,-0.029025165069852202,0.0038250496503101205,0.00423732249858528
9.92,-0.025144413121614216,0.008870701767787452,-0.004692374590330202
9.925,-0.04445391347693464,-0.007837543877208928,-0.002665791425577763
9.93,-0.011824743408322791,-0.006955883864360719,-0.018319969020649602
9.935,-0.02916428487650297,-0.0400982783813726,0.0007811740125336559
9.94,-0.04056722929126373,-0.018605886567680738,0.0009487212283004946
9.945,-0.04461781269210419,-0.0349018978069824,0.0029189165604428715
9.950000000000001,-0.026034906324470454,-0.018986972324489714,0.021132044152267854
9.955,-0.03344044285907365,-0.012531759742779737,-0.004272814121028414
9.96,-0.027721494403533435,-0.02761632707081737,0.015278758672896858
9.965,-0.03755963698682624,-0.02662214753008177,-0.008622956385076434
9.97,-0.038110334072503825,-0.020074599421159918,0.007840827692257071
9.975,-0.04723752300616797,-0.018043857209967467,0.005914969799593598
9.98,-0.03550045219651834,-0.026958118858897165,0.006254198389345005
9.985,-0.026154994502937574,0.0013545382091914426,0.003932841359408083
9.99,-0.030871151739380372,-0.02799712009355966,0.013196108934728628
9.995000000000001,-0.04947945775883589,-0.02719646864481648,-0.016643146935868852
10.0,-0.02239003984800835,-0.014532704474616059,0.0017470445584590543
10.005,-0.04795898753946494,-0.01900386681426442,0.008753830994390838
10.01,-0.0354797039531254,-0.016919479789671347,0.0063714757783389486
10.015,-0.024460552289912927,-0.016907853388032933,-0.024303941722045606
10.02,-0.02753103524489743,-0.03786768122081264,-0.0034331742775843936
10.025,-0.039259386191145246,-0.01951062856268427,-0.004424837402056272
10.03,-0.02632341371641111,-0.017267616364138462,0.018291356609595515
10.035,-0.016018730272906293,-0.010534560142737315,-0.009267229485193207
10.040000000000001,-0.03597806356575547,-0.005429707001316669,0.0021422081830437716
10.045,-0.02088677212892919,-0.00801173951020083,0.003923378939600058
10.05,-0.031613769114264244,-0.020618300073082386,-0.006953747933146639
10.055,-0.020140362255359413,-0.019241425576772424,0.016301293420172863
10.06,-0.018083790338302274,0.003722618192435985,0.0035242274541516247
10.065,-0.03826810864242504,0.0017131228651097656,-0.012739443564965619
10.07,-0.050599988860141484,-0.020194930519727348,0.011490545488410116
10.075000000000001,-0.04043967944508878,-0.0031553782793370625,-0.014189609949190222
10.08,-0.03303815528709629,-0.004462912669406457,0.00047238516067815966
10.085,-0.04275019938816918,-0.008614700036447799,0.019370769160083113
10.09,-0.034900871955102886,0.009003966819472117,0.007292031431679301
10.095,-0.044397454880248204,0.001189973713139422,0.007376823446556878
10.1,-0.004755478752080305,0.004624008808926329,0.0010088861152283508
10.105,-0.02984707696368164,0.005470931701936675,0.01429423776359243
10.11,-0.040766592698902926,-0.006155332463363659,0.004029227753053559
10.115,-0.013483447496848388,-0.01905689961323915,0.008231316866531259
10.120000000000001,-0.033516439652209525,0.0060500975841482115,0.0158606790017852
10.125,-0.010640575151394594,-0.001834570653010713,0.02367614735548975
10.13,-0.026667962274747287,0.009867348497012405,0.0013963588382568956
10.135,-0.03268963701494443,-0.00705668977595942,0.022045437772436317
10.14,-0.015963341513369356,-0.005697182760397344,0.018640768513790467
10.145,-0.03665223496052626,-0.006207691469998303,0.0066491581023036045
10.15,-0.014357335321903798,-0.009593363720566007,0.011430704028157606
10.155,-0.021899901775442352,-0.004723840005138006,0.018711778766732655
10.16,-0.018698452726092274,0.0038796213410568167,-0.0016224742559200443
10.165000000000001,-0.010742063602591632,-0.016473446331679614,0.0009905208769605202
10.17,-0.030590706388093636,-0.005782073372721961,0.013688525974163371
10.175,-0.014968179997387691,0.002672020910433579,-0.0008899245800825257
10.18,-0.0023636870315936163,0.023167687086485346,0.005622350069081953
10.185,-0.042959761676462246,-0.018331676235210488,0.009592873956383462
10.19,-0.016532979170374724,-0.007382100433997405,0.02219410039763478
10.195,-0.02240807418726223,-0.014589700102009795,-0.007707798226720612
10.200000000000001,-0.023224322578019287,-0.031864262021163076,-0.01138166898787207
10.205,-0.03271921515397992,-0.009569030750401645,0.009572380820604583
10.21,-0.03746639513426577,-0.026912291582339164,0.025619690523597954
10.215,-0.020289592932927206,0.005449930895019932,-0.005295666543518737
10.22,-0.01580403487215238,-0.01619747050494113,0.0060800634365529745
10.225,-0.03762566976734126,-0.007546211379410898,0.002022411270113533
10.23,-0.032292114909995784,-0.00872042560256639,0.015614828282879122
10.235,-0.03653852883604179,-0.012436796073126422,-0.0008499700567701227
10.24,-0.03982116980889121,-0.010649509527371691,-0.004894079855021869
10.245000000000001,-0.04080996756724213,-0.0029504081103999833,0.010408050638239961
10.25,-0.01380280109954792,0.011584889149273143,0.0030267437064359867
10.255,-0.019066724671255298,-0.0031572352707242395,0.0053917535807015745
10.26,-0.05415192613877799,-0.0018942684630895382,0.001964544146614888
10.265,-0.03475299030982905,-0.014007523323240102,0.0013312319465229143
10.27,-0.014743877514816582,-0.02356799998829346,0.001549724010390767
10.275,-0.021716782612147992,-0.014001162342248675,-0.009390500554461579
10.28,-0.01687033457238654,-0.04125262737381773,0.0010790020188446545
10.285,-0.04140098292019857,-0.036353538315595874,0.0054030069208142835
10.290000000000001,-0.019925998228101958,-0.008389645236027142,-0.005372712523234843
10.295,-0.04675392542393651,-0.006611092690542034,0.0057563755765483084
10.3,-0.025390429357583764,-0.012252113926782422,-0.017105162970008775
10.305,-0.02938261282016128,-0.01818480085916572,0.005672964678425252
10.31,-0.03206375791153019,-0.019174273111230128,-0.013245959173444033
10.315,-0.024035042493301947,-0.01860650382454294,-0.00022856034694334
10.32,-0.03354198477559091,-0.011932196760451758,-0.002039611135231743
10.325000000000001,-0.028611637700346925,-0.02429856708390031,0.0028776573814999736
10.33,-0.020470470609163315,-0.004456137398500451,-0.009385221358126243
10.335,-0.027696159262986648,-0.010200522712890722,0.0031944898873624964
10.34,-0.04192035163215132,0.0038723739468527318,0.0004298804949689995
10.345,-0.02399705247600163,-0.009088944087339543,-0.013028503313700904
10.35,-0.032641549847990156,0.00020856421416983665,-0.0025884857814283267
10.355,-0.03508294164010585,-0.0014367150240276482,0.005137132201409278
10.36,-0.04460513157408964,0.003560768755457101,-0.012667130312326346
10.365,-0.028968448050598773,-0.008281838518059033,0.012257883856487208
10.370000000000001,-0.02139814778876711,-0.0022686915352019606,-0.0014223784708850542
10.375,-0.03624425565550337,0.0029404029348104516,0.017478385508702784
10.38,-0.0140607300981697,-0.0026900840306250382,-0.012592149034248216
10.385,-0.02787325715833818,-0.005651249088007004,0.003710017250168618
10.39,-0.029809368664012587,-0.013449774394161694,-0.000558841673421487
10.395,-0.03144226353739519,-0.006841073763518652,-0.023084101224131518
10.4,-0.026553632238737763,0.002390522388879116,-0.00036966088901015885
10.405,-0.03655343043297067,-0.007681921318879605,-0.0031012881267649343
10.41,-0.04123381604572824,-0.011139400425502339,-0.0067971272168572735
10.415000000000001,-0.027431518245493787,-0.016852330353997236,-0.0043757472257397075
10.42,-0.02838321809401851,-0.02535886619660877,-0.016231301877527582
10.425,-0.031862139712751,-0.010735363249629318,-4.701514230336882e-06
10.43,-0.01362769971494214,0.00799699013188927,-0.004970040147012189
10.435,-0.03917011883758421,-0.006467846211901267,-0.005236393382103434
10.44,-0.026128589846877617,-0.0242660505726963,-0.002430125300782138
10.445,-0.0038072356789659208,-0.02191661870421506,0.006598833834912943
10.450000000000001,-0.03940813661823887,0.007519405153436137,-0.0018512483200224077
10.455,-0.03638605476846108,-0.020215375015395547,-0.014902947683141633
10.46,-0.015620558304535483,-0.007553715268580622,-0.008481341970567501
10.465,-0.01630797179006306,0.01112819946542801,0.0037632279132705235
10.47,-0.030824217718319745,-0.01355245299450802,-0.005811698986644789
10.475,-0.03376570660172937,-0.01600623628524258,-0.014149008147931918
10.48,-0.005087815768937033,-0.01766031917324162,-0.009804249365184679
10.485,-0.035325279152346824,-0.024076466491108946,-0.0019443482592094146
10.49,-0.03373092439678278,-0.00916242620931113,-0.004756509970248693
10.495000000000001,-0.02209450093665845,-0.027694805791062965,-0.0061219997727093006
10.5,-0.028494494161049683,-0.03131378498226049,-0.011579981700702638
10.505,-0.05254916692388404,-0.027806127052098187,-0.000702837713955632
10.51,-0.01891499435681144,-0.015728622488156405,0.010188271850733007
10.515,-0.051701005230519084,-0.01601019336730763,0.0004990766645879378
10.52,-0.020358874294882003,-0.038380325856754036,-0.0084725031995431
10.525,-0.019303757097944445,-0.029918762602211123,-0.004583156435860526
10.53,-0.03409050384597078,-0.03647117311609068,0.006393870001302433
10.535,-0.03368555931829125,-0.017039318571457747,0.014741639209188629
10.540000000000001,-0.03906017356224964,-0.010705987507603987,-0.005148819344471598
10.545,-0.030097154159050364,-0.034511684941630004,0.00035466788032112104
10.55,-0.04105721234665729,-0.023661414950222705,-0.015265308916727198
10.555,-0.0194267062519686,-0.024926079010107176,0.003962980999874072
10.56,-0.046468399073205345,-0.015859682407008184,0.007441675967955523
10.565,-0.04525255601671971,-0.03744570890848437,-0.004620567775817016
10.57,-0.024887743991706218,-0.01781205989005596,-0.024667353162971663
10.575000000000001,-0.052443348158399225,-0.03132275752212742,-0.006648344423550393
10.58,-0.02729189097455151,-0.02303030389709642,0.011124641807037181
10.585,-0.04862198692219323,-0.03307201684024626,-0.021426044366937742
10.59,-0.03663083852572231,-0.008756516874216635,-0.004394793722036548
10.595,-0.06154296045659079,-0.025003465598342083,-0.00031231386530474435
10.6,-0.036798554745222256,-0.0366981069423732,-0.00017485553423517326
10.605,-0.031467252568768554,-0.02031732452713513,-0.005454253268768208
10.61,-0.03178000362708727,-0.011721457875152726,-0.0025821846627419945
10.615,-0.036499506359093145,-0.018223145728692405,-0.006406782688551759
10.620000000000001,-0.023770097075221517,-0.03653252124836364,0.0007009767235271868
10.625,-0.02402394862585134,-0.01902641489677467,0.002665204297473066
10.63,-0.027353102686429643,-0.021829067173558675,-0.0015870795393914741
10.635,-0.030315107612889587,-0.026053684419506874,-0.017669236454680638
10.64,-0.02190937650569593,-0.01072449536937994,-0.00999323424433538
10.645,-0.039848718183249615,-0.023203471063953332,-0.012253473302273568
10.65,-0.026085253260988588,-0.02372641776415362,0.0070741300706954665
10.655,-0.020633808622551143,-0.014864878270193704,-0.0027134329251600354
10.66,-0.046517460812606964,-0.004693756320579246,0.002286992187496158
10.665000000000001,-0.02549290178952019,-0.019149417881478,0.009730241568890923
10.67,-0.04001081932118081,-0.022378436778108177,-0.021975864260491335
10.675,-0.03701224776223709,-0.034414955790968205,-0.004315347480111017
10.68,-0.029593383592396143,-0.023641370289964783,-0.015951298792207996
10.685,-0.03120948946921339,-0.003573590086188065,-0.016449541336964267
10.69,-0.039163610044548824,-0.014630919706674963,-0.0005369517669060759
10.695,-0.03331304351458117,-0.021033193513422976,-0.018550333867707793
10.700000000000001,-0.02964955932206511,-0.012253436171291716,-0.008437720174495256
10.705,-0.02480886385384297,0.006710241533244524,-0.0021188805363016442
10.71,-0.00924663303164614,-0.048246251238990304,-0.0009334531721471914
10.715,-0.041567396466324555,-0.02141468516312033,-0.02602734706645171
10.72,-0.046779922144739014,-0.029621417308844232,-0.017142831695171196
10.725,-0.05277871789458846,-0.015716597443824493,-0.017315772639460006
10.73,-0.03691090601829831,-0.010343461393499846,-0.027443922578069053
10.735,-0.03126455933663232,-0.019299401094044183,-0.007261832989547372
10.74,-0.03476384671064772,-0.010162826460095073,0.009062371891361177
10.745000000000001,-0.030376244810316373,-0.023044250115595723,-0.019878401353214965
10.75,-0.04140030381149707,-0.002525359702303348,-0.01623615232196895
10.755,-0.04473071005501762,-0.012489527375627755,-0.004613333846069722
10.76,-0.029201526771335348,-0.014671879194794422,-0.01675458690835891
10.765,-0.03702478264568357,-0.02691202696761235,-0.011189076180408423
10.77,-0.04680330812704133,-0.024811211433188415,0.009400987914932749
10.775,-0.03289906379967538,-0.030435748761880002,-0.01364352845815912
10.78,-0.05581433944000304,-0.03414226462074762,-0.022925279644729457
10.785,-0.04028614984553733,0.004647792445384365,-0.028798264512981734
10.790000000000001,-0.043890419677633186,-0.02510877402431825,-0.016505564174685575
10.795,-0.03822746080090339,-0.0073076376519867385,-0.015734180734824608
10.8,-0.05434024492895385,-0.04080207744932659,-0.033407041424460424
10.805,-0.04381482308288942,-0.01655388439770561,-0.0389986128427228
10.81,-0.044160524113842706,-0.024917533810137178,-0.01672702167597562
10.815,-0.0396956558383383,-0.02249926703738006,-0.037887901802075734
10.82,-0.042571740857903655,-0.02187703426563875,0.003289551473357631
10.825000000000001,-0.046705115707538936,-0.02567573917547416,-0.008545401457098178
10.83,-0.0548393594758322,-0.02042767267799441,-0.017331824152212218
10.835,-0.0582750617695869,-0.01956102867670318,-0.025939378778877607
10.84,-0.05229157876928529,-0.018452915898115856,-0.024330607800177945
10.845,-0.05347566751913396,-0.01722174522662245,-0.025461151306038838
10.85,-0.04221814608349506,-0.012345264564908077,-0.02329574591215445
10.855,-0.056983464469827085,-0.026225107679482787,-0.007473822973301497
10.86,-0.03439062892319731,-0.024824059045921748,-0.02278356100092408
10.865,-0.0232333583807892,-0.020705952788624415,-0.012999029372634165
10.870000000000001,-0.0430426043832292,-0.010406768420731481,-0.032434413757686235
10.875,-0.03512940969631105,-0.011155524696491788,-0.019164730496600092
10.88,-0.05033760952921043,-0.024875939579629185,-0.02052337220900484
10.885,-0.053701178470444685,-0.01987921137926956,-0.015002776979160498
10.89,-0.04704407717053291,-0.031149448564960467,-0.03021161782018769
10.895,-0.06439874700476138,-0.027571882674821593,-0.01945039673164258
10.9,-0.04248964962766259,-0.02741113664670637,-0.019299136888266007
10.905,-0.051255272199356244,-0.015377627234897032,-0.03495614904265971
10.91,-0.038239847145277686,-0.01911271979836201,-0.018816772423642127
10.915000000000001,-0.04409449946094979,-0.017467431496984702,-0.00816866636250969
10.92,-0.03914787050761312,-0.029400490416292974,-0.012679164729243497
10.925,-0.04177128662933024,-0.044628556945361504,-0.01726185048279006
10.93,-0.04800870134940971,-0.0023787491817497,-0.025186863916042527
10.935,-0.025427038264559033,-0.021764522855488293,-0.024621857347563687
10.94,-0.04700111299622456,-0.012117584985747599,-0.01708750670640249
10.945,-0.03379377662962611,-0.024004396362455167,0.005042847993819297
10.950000000000001,-0.0389510407543823,-0.032347093773170965,-0.010288580697296724
10.955,-0.02384447293649246,-0.02443827460146299,-0.03610969566138251
10.96,-0.047560237737391015,-0.021973153616790003,-0.029442486859036655
10.965,-0.03590011427590823,-0.02038430504808787,-0.008534629864743116
10.97,-0.039946735035083364,-0.025799439321143786,-0.009682154902501612
10.975,-0.02015566320123026,-0.026099130258760057,-0.02088540546762973
10.98,-0.04093072896787285,-0.007713664832488434,-0.009316082267287145
10.985,-0.04040461688613037,-0.008102039823209495,-0.01812374135474455
10.99,-0.026367434300450205,-0.0134946208779854,-0.013060504373619029
10.995000000000001,-0.030570510944533495,-0.013653051121270986,-0.01386322154172373
11.0,-0.039622625301215936,-0.00792160105922303,-0.015906030661729922
11.005,-0.03814616791818118,-0.022953699370271495,-0.009004000782775962
11.01,-0.04646263173399638,-0.009873472604715453,-0.033617810591234754
11.015,-0.03379433821145239,-0.007473311204643129,-0.013769419532385103
11.02,-0.041656770042583294,-0.010164714132315643,-0.027977320742733982
11.025,-0.03678624794372839,-0.013233386110143595,-0.0254208054148369
11.03,-0.0476226305753354,0.00020173409954913485,-0.01780005423398554
11.035,-0.026530164168013574,-0.012088685628228468,0.00025525402994570293
11.040000000000001,-0.038068009857782754,-0.015305678766629058,-0.020735051350338114
11.045,-0.03445885307445435,-0.022873507664157137,-0.019194103100177013
11.05,-0.03804988947298531,-0.007610275892047393,-0.004465871410349597
11.055,-0.04164614926420393,-0.024367344998988256,-0.019962652322177244
11.06,-0.03607806271962559,-0.016616632179672294,-0.01896148343196856
11.065,-0.028931550233336725,0.00032378774476314327,-0.0036060788662845124
11.07,-0.04174517085863052,-0.03222000770261807,-0.00466250705971755
11.075000000000001,-0.04831585271013275,-0.01362887059016042,-0.016889770155770905
11.08,-0.03777900894334608,-0.0069535615609194,0.005100773907993854
11.085,-0.04463403764230367,0.0014875565481928792,-0.013021652573415008
11.09,-0.04084490560615718,-0.012988940154788759,0.014476522471493884
11.095,-0.026302387541656185,-0.004036696985232155,-0.025756128993455196
11.1,-0.018803276829499012,-0.011112729729129942,-0.01057713422237787
11.105,-0.03640896025117614,0.011461768785969852,0.011215146478822682
11.11,-0.026739913281565702,-0.01892467268485086,0.02247279203639864
11.115,-0.032002970511164096,0.021272798775879016,-0.0026810305562072288
11.120000000000001,-0.04074472312022796,-0.00036962695416153674,-0.0076389994785192525
11.125,-0.03337770012161971,-0.011626330628745105,-0.006150339677971979
11.13,-0.0358201467121326,-0.003669251447334226,0.006149150762632571
11.135,-0.04344078007913321,-0.013967233729349916,0.0070050057612289955
11.14,-0.03846368432710577,-0.011817228314679748,-0.012091906072684944
11.145,-0.03818749129081976,-0.016401537016622843,-0.011018202172233904
11.15,-0.03385248500981822,-0.003476237928606023,-0.012469555375994224
11.155,-0.018524732614433805,-0.009716235998218952,-0.0037303074661936626
11.16,-0.020324456209789527,-0.011503984202779932,-0.010209956268926934
11.165000000000001,-0.03308205843604953,-0.012300403163425525,-0.011220954637451559
11.17,-0.03474389624854109,-0.02151508808983308,0.006096279960541522
11.175,-0.035456426997787664,-0.004818086450410852,-0.0023175185606093187
11.18,-0.01677649196968086,-0.0032280860520291143,-0.005254141328833621
11.185,-0.053382245174564205,-0.013790790894401217,-0.009371453054489163
11.19,-0.04205423998163583,0.002640057268079206,-0.01695971888200417
11.195,-0.04526704874884034,-0.010023771756763307,-0.0015113476098307299
11.200000000000001,-0.04533339112228632,-0.024259427841902062,-0.010288407752589802
11.205,-0.023636581277525368,0.0006399022477289965,-0.028187548430575023
11.21,-0.041612319416116844,-0.0033262974415411758,-0.01583363769057818
11.215,-0.04221291255320647,0.004600566393149886,-0.019144675819229528
11.22,-0.03441439615415059,-0.01781088291570486,-0.022254581496161198
11.225,-0.032290870764884835,-0.02341756826449145,-0.014705396123812949
11.23,-0.03650740169915277,0.020035364275097098,-0.008202589919761421
11.235,-0.026936872331237018,-0.0014808906539787656,-0.0058820521273375915
11.24,-0.03323950981246455,-0.0005865455269131129,-0.01842465641535159
11.245000000000001,-0.0385931468394856,-0.014317712224456701,0.002054826312383802
11.25,-0.03621547254807553,0.005927473079060463,-0.016004195368433356
11.255,-0.019520040475952637,-0.021931876913339185,-0.01745924791605942
11.26,-0.04830287377728648,0.004659907873045657,-0.02011212706327558
11.265,-0.027619093466376976,0.001966899595465841,-0.001586910311245207
11.27,-0.054495709975249926,0.00136324555147313,-0.027373084637654994
11.275,-0.036798612675161456,-0.0014428680412841566,-0.004605993650060065
11.28,-0.061715255685253656,-0.013249659853400207,-0.008837830258627402
11.285,-0.046621686700464016,-0.009637385830087886,-0.011787427147953201
11.290000000000001,-0.045559450887204346,0.004828936346941448,-0.02002660930762458
11.295,-0.03776040580485794,-0.013751627132549578,-0.01623849758953064
11.3,-0.0340022860194784,0.0029045254347970836,-0.027451658609336085
11.305,-0.02535291967014288,-0.014892410487221761,-0.023614182483804057
11.31,-0.051039543835435935,-0.005939786176069979,-0.016524346987483198
11.315,-0.021200985070288465,-0.009167512698382911,-0.035542766353873365
11.32,-0.03903100895458403,-0.02339077740138048,-0.013145916100617858
11.325000000000001,-0.04331111944772807,0.00525400341176458,-0.01806462539374689
11.33,-0.034366158005134095,-0.012775275405482966,-0.02552870973800265
11.335,-0.018480041124554647,0.016339203014059223,-0.028227779510363926
11.34,-0.03370921652681604,0.006326097105350469,-0.007628181421207809
11.345,-0.021299640549456003,0.007947040451766824,-0.01576397123288667
11.35,-0.025096786661277754,-0.011525206954204061,-0.00837790333997751
11.355,-0.0478861728829381,-0.02152124674601074,-0.00786704977534115
11.36,-0.045394119777861196,0.002709408581136259,0.0010367855251472852
11.365,-0.04814347744611702,0.005602054977450126,-0.013781767122152984
11.370000000000001,-0.02987923386526778,0.007554568451069553,-0.017596940321068684
11.375,-0.027261130542967263,0.0033949512890512797,-0.01719930203890725
11.38,-0.04075005577510829,-0.004762780905065902,0.004685281166504001
11.385,-0.055772269004703265,0.014235920653154974,-0.017677756016720104
11.39,-0.038063599686301165,-0.011635786353990742,-0.006495553314027604
11.395,-0.011215593032794737,0.0098448419849622,-0.037075396247295174
11.4,-0.03692812935512058,0.0012090629757269336,-0.007121205104929845
11.405,-0.032649188045237115,0.012084091546893917,-0.030350954899466952
11.41,-0.023092590747814817,-0.01705071334526338,-0.017548113499483032
11.415000000000001,-0.03741676264414632,0.009369828984255146,0.00047402532831287807
11.42,-0.041657592266709745,0.005808276988519588,-0.015280990954137689
11.425,-0.031035294809055727,-0.021336175710290353,-0.01832831444404142
11.43,-0.01855529176584473,0.017032682737807774,-0.027618348090320988
11.435,-0.05080027395100787,-0.01156170193266803,-0.02777008257386835
11.44,-0.027198338481499336,0.003543414286626187,-0.011137208668571607
11.445,-0.03280385634879296,-0.022164686903884102,-0.022340488700459363
11.450000000000001,-0.030380969040323336,-0.016668616140030318,-0.030367122470944155
11.455,-0.04038223643487682,-0.009447854817016012,-0.02179129535832129
11.46,-0.043126166672567925,0.004314663059400296,-0.030364648103227858
11.465,-0.055228221084518914,0.00034993345052083784,-0.009810567310893682
11.47,-0.03478993292384557,0.012947883899736654,-0.01036511965557644
11.475,-0.05596936360855953,-0.01438536497871815,-0.005000958672249018
11.48,-0.03324432974350572,-0.011182485804966742,-0.011758180917604399
11.485,-0.04339281851023488,-0.009171664609981107,-0.01959860966056129
11.49,-0.03815842534341703,-0.012454657541583043,-0.015240852674529038
11.495000000000001,-0.00763213189564514,-0.014624305592727628,-0.023945319854672648
11.5,-0.02016144392551023,-0.00923592512972352,-0.019928930998048076
11.505,-0.03883379191558113,-0.003174157545111928,-0.00958966424328475
11.51,-0.016262286856158534,-0.010541727349016036,-0.0172960179761316
11.515,-0.024035500120540614,0.0005525182924942676,-0.008255071605877233
11.52,-0.02856387326300658,0.0028063923955837225,-0.014694057411474714
11.525,-0.044764163294767574,-0.002368952311387621,-0.01988765825310025
11.53,-0.03298450424865784,0.008185858820348838,-0.010140634394444438
11.535,-0.04690404933195712,-0.011664889257544653,0.0012301855908623243
11.540000000000001,-0.03878789551944126,0.015214189212259477,-0.005559088313171765
11.545,-0.026085291828029877,0.0019699219067893237,-0.010551717466093622
11.55,-0.014522455176446805,-0.0007793135201008255,-0.008602708771756324
11.555,-0.0438786482282322,-0.004848107242183906,-0.019961322547800017
11.56,-0.050615570405281196,-0.019043074287800617,-0.01451251887054394
11.565,-0.032485951920497705,-0.008296421138856452,-0.006019793207624134
11.57,-0.03017956991922745,0.017766074453241586,-0.006964760682254578
11.575000000000001,-0.028834305366584444,0.009893760575477131,-0.010999985655476862
11.58,-0.021124864325388022,0.0032000575353800216,-0.0026282591312219127
11.585,-0.02425658929219918,-0.017373481365563076,-0.026037627720460612
11.59,-0.032173204654860586,-0.0028058868370958185,0.0013624578263919124
11.595,-0.03693879523771172,0.0032765313011190933,-0.014413967644522274
11.6,-0.04639010600678631,-0.010095416688919882,-0.00403900614309031
11.605,-0.037560507040828486,0.006069889736520823,-0.027552998556324978
11.61,-0.04299089283869681,-0.014148701290283975,-0.03244553162624007
11.615,-0.055716781611727384,-0.010336714503723681,0.0013334981681314782
11.620000000000001,-0.029087347139981578,-0.014548207524962366,-0.01952152717278719
11.625,-0.02689458918696878,-0.00590314284680994,-0.018867786967138412
11.63,-0.035641328348212306,0.0014297382545491906,-0.0097597407134396
11.635,-0.050278261594839356,-0.01777651626426667,-0.02552592534153858
11.64,-0.03623599141494631,-0.01725848841440188,-0.016572820029638002
11.645,-0.05001312736592585,0.008088324814965001,-0.016663981701922678
11.65,-0.03777881749083416,0.0005548335390613644,-0.03517722228046179
11.655,-0.05770431974323327,-0.021065047932494745,-0.019049998496253485
11.66,-0.0387677188497457,0.00032120717242595936,-0.024282451918739116
11.665000000000001,-0.03807084640185433,-0.007651014935079147,-0.017680405246439598
11.67,-0.04886373588817952,-0.010097158735330717,-0.04204949659642622
11.675,-0.03751282206517983,-0.03385519485137252,-0.0138610656282234
11.68,-0.04855907508230625,-0.007125526097692609,-0.015538059083710812
11.685,-0.04524077931784766,-0.010862642179415516,-0.03230469638329747
11.69,-0.048924012727028704,-0.015430452890222284,-0.012972644954753303
11.695,-0.046633974890307475,-0.010487835315827353,-0.014575009368620565
11.700000000000001,-0.028253875235347302,-0.017991677943664942,-0.0400694810272967
11.705,-0.05001344523843668,-0.01767106622270425,-0.02841960733991629
11.71,-0.05526815512105418,-0.007484137066436934,-0.01318503588357732
11.715,-0.04127334637679622,-0.014865060111821976,-0.044850361420612425
11.72,-0.026356369244964206,-0.025177822472384634,-0.018719549678889287
11.725,-0.0353016507126028,-0.015546112807424161,-0.021439402302619776
11.73,-0.04834461913309873,-0.017404655108528712,-0.018662754899614442
11.735,-0.050399953156262944,-0.03509985720298513,-0.022580686357424367
11.74,-0.03980194452716758,-0.013761026770941903,-0.019542402206976367
11.745000000000001,-0.045435418211801346,-0.01862114157789996,-0.023810517901433716
11.75,-0.04419578254594306,-0.01587614889911684,-0.034736190420972396
11.755,-0.06165342409777123,-0.03491901158876891,-0.018797709865325397
11.76,-0.042690894820622736,-0.024680105120631124,0.007511125506334777
11.765,-0.050489815325588355,-0.03125301847625345,-0.029935021988805578
11.77,-0.020013949943878798,-0.012593804326201895,0.0030173921481421243
11.775,-0.02235565779420111,-0.016486547309684938,-0.029926060933110052
11.78,-0.04743011164164867,-0.01827603775564729,-0.021136018347992377
11.785,-0.03867636118941373,-0.027437185915956005,-0.015777865213284146
11.790000000000001,-0.045764928379640586,-0.03804233618552917,-0.021549405973558023
11.795,-0.043248193282976286,-0.01943510626189504,-0.009673084696883683
11.8,-0.04640868463800252,-0.017819226421021975,-0.01706171262585038
11.805,-0.030210149211586976,-0.019713917210680536,-0.017068871177372325
11.81,-0.02730538054165977,-0.02568928859498017,-0.01287816255735589
11.815,-0.046153884147650585,-0.028791775681868827,-0.030777610145672464
11.82,-0.035758363684716514,-0.053405214870342006,-0.019092367969136707
11.825000000000001,-0.04370175097767372,-0.012746539216314239,-0.032041093575383185
11.83,-0.05430836197989532,-0.02350881647720329,-0.04415133833347297
11.835,-0.05454833534933045,-0.04681776739922487,-0.036839540717733
11.84,-0.05123455576893961,-0.024580650106184022,-0.029921938207041417
11.845,-0.05371931794281937,-0.025958313876927416,-0.02767970659890435
11.85,-0.031606995927569694,-0.036442260277961866,-0.0197651167834495
11.855,-0.05550402081735745,-0.03804041718145549,-0.022389599497910383
11.86,-0.04063039648579258,-0.033448794845313524,-0.01916837090160034
11.865,-0.046977715074080766,-0.027060788867249035,-0.02424945118682354
11.870000000000001,-0.0419162742010282,-0.016181088553733316,-0.02310506564687242
11.875,-0.059146864138398626,-0.03758393628688666,-0.023464227803769267
11.88,-0.05769040797357499,-0.030405045896598804,-0.02069419647187309
11.885,-0.03766768213013239,-0.028200480452156177,-0.020708276811772355
11.89,-0.034203263693997,-0.013937308262105791,-0.021290060718682346
11.895,-0.048958314876679926,-0.04308374643800351,-0.018045155437027553
11.9,-0.035279158926919844,-0.020905898237023546,-0.006417133982106658
11.905,-0.057057639916015236,-0.039149929535441386,-0.006521835259554129
11.91,-0.05004458252723122,-0.029395995490071505,-0.04573933543940393
11.915000000000001,-0.05423315466061413,-0.024833330860422824,-0.02753656027172378
11.92,-0.05441069005072188,-0.022243893279889647,-0.02723269885403467
11.925,-0.0694990864275637,-0.032619280780190475,-0.015860281903966746
11.93,-0.0376311202339029,-0.01932522820040889,-0.02897391741746026
11.935,-0.05327512187251718,-0.0402004002922943,-0.008648729388235655
11.94,-0.06763184671447617,-0.03125832856368918,-0.014108048057127707
11.945,-0.07275916951925382,-0.01778237247300758,-0.03822774458383692
11.950000000000001,-0.0480376939638995,-0.026318500558040317,-0.02440471317124957
11.955,-0.054491551034072064,-0.03869253203495273,-0.03873936420637163
11.96,-0.07754464395992373,-0.02658020113986294,-0.037563919985952335
11.965,-0.06266382742889061,-0.037351355896351066,-0.04150980411405582
11.97,-0.04603471657633992,-0.037312539829625915,-0.016825996753347193
11.975,-0.04787641529928127,-0.04252474983835737,-0.025322502794009
11.98,-0.04429666013867876,-0.016123161055767558,-0.05693566529852788
11.985,-0.04874436406613485,-0.0143109012527447,-0.03158040947712713
11.99,-0.05493105043815892,-0.03131583929603064,-0.017434170430854858
11.995000000000001,-0.038641310158758796,-0.03464573960384839,-0.038955958827773085
12.0,-0.05466836272982788,-0.031339204230267974,-0.026735714167001504
12.005,-0.06583633903290624,-0.0329471996819095,-0.015374229274913869
12.01,-0.05463673509293675,-0.03496017987293646,-0.035853580313775814
12.015,-0.06198504551492552,-0.02590699068552741,-0.03920669338508892
12.02,-0.05116978335198305,-0.026287145020225264,-0.03796551715872065
12.025,-0.026940466606862473,-0.022487738160477458,-0.02287680645235289
12.030000000000001,-0.03349052107774481,-0.022054969917765756,-0.03541239213964457
12.035,-0.05019046497139212,-0.005939086722819889,-0.046887525600836026
12.040000000000001,-0.042450964204266466,-0.017901841791974064,-0.0457366225613533
12.045,-0.05222065649601306,-0.010593845077576384,-0.02334053971083149
12.05,-0.04733857955929607,-0.03965686765007731,-0.008113339499481318
12.055,-0.06680840722711619,-0.027731414001375392,-0.030300195384290962
12.06,-0.04239030576356715,-0.03431210202309949,-0.01955065043854689
12.065,-0.03590828517369412,-0.047406682553664835,-0.041844383056094406
12.07,-0.05434231992540799,-0.054920048835163694,-0.031374356618540974
12.075000000000001,-0.059729996344673485,-0.04822687648792467,-0.03475257971349835
12.08,-0.04724657262194802,-0.04507931810172302,-0.024548839746693467
12.085,-0.04907387579997101,-0.04130958815756406,-0.021392225418520042
12.09,-0.05461733928377792,-0.039115145397511326,-0.006518766669443369
12.095,-0.06473057393045582,-0.05499200092208323,-0.017325904958630275
12.1,-0.05459704237523988,-0.03434648249120545,-0.02435623734805069
12.105,-0.042279417499268473,-0.048585348285795346,-0.026228041381562782
12.11,-0.046066688486113026,-0.03149245274756034,-0.026620141387917157
12.115,-0.05239152321668934,-0.030613069676418296,-0.019388828126196668
12.120000000000001,-0.043072288512953166,-0.03516969138928288,-0.022507738898640727
12.125,-0.05070665166592232,-0.05875485634809654,-0.01972583168296754
12.13,-0.050516786344156885,-0.044838175930189794,-0.007803390730501076
12.135,-0.052888956496534786,-0.02680064377619832,-0.030301988526695252
12.14,-0.05057057044987841,-0.04413117583398473,-0.026450653924093997
12.145,-0.05087649421147991,-0.03476393601084262,-0.02571637373168774
12.15,-0.04013552477380642,-0.04888077114401337,-0.006890723340540465
12.155000000000001,-0.03981099947223994,-0.0299575315427743,-0.012390106302975067
12.16,-0.049961291408435755,-0.07418226402359437,-0.04062570962653132
12.165000000000001,-0.031674778003819445,-0.04117072438750655,-0.025467905533134553
12.17,-0.02997054081039384,-0.042709943559822064,-0.0264945405861754
12.175,-0.04947882838539254,-0.04148298727418255,-0.021288134516004156
12.18,-0.035701349093783835,-0.02699039073464126,-0.033457499764614526
12.185,-0.041998862407182966,-0.0357047649019668,-0.034214518026951274
12.19,-0.04377306056206902,-0.04393394543389627,-0.014507961197577668
12.195,-0.0649033866263694,-0.049637739666321616,-0.02596247286771638
12.200000000000001,-0.059716749418074,-0.03771564018142862,-0.004598467646610271
12.205,-0.05601358818460149,-0.04367233548367229,-0.018409962966982784
12.21,-0.05312520666171452,-0.04431710433875286,0.0042227267902680745
12.215,-0.047568567722245284,-0.04121925755466951,-0.020779088288050054
12.22,-0.06416932123101526,-0.04113812335708229,-0.03723885736057665
12.225,-0.052161044240447645,-0.038316007791618166,-0.015062054685590822
12.23,-0.042331648021095056,-0.042748105466700416,-0.030324945327856827
12.235,-0.055480340191276456,-0.0387725075076469,-0.014923640896687861
12.24,-0.051926702302023134,-0.049551138303168485,-0.018978920528889012
12.245000000000001,-0.043612712941338685,-0.05187146558108104,-0.022058354756172037
12.25,-0.05193437642863163,-0.043708173563791156,-0.026122068575961468
12.255,-0.055883628791838905,-0.041153802065727385,-0.010267434252011905
12.26,-0.04060976726478128,-0.04531056644355115,-0.030744035146533625
12.265,-0.03790277902691219,-0.03915839622766949,-0.023770166521601226
12.27,-0.03476634402952739,-0.04782062761798652,-0.015800240320499558
12.275,-0.032823910368069566,-0.046293206623399565,-0.024987301805516296
12.280000000000001,-0.044882227105228815,-0.04398075560105146,-0.018509303156435692
12.285,-0.04725326409819996,-0.06218668695605549,-0.006593606947671561
12.290000000000001,-0.04824205886399508,-0.04055394214754877,-0.0384016838878325
12.295,-0.03458810127699898,-0.043133929019733855,-0.016424825104245786
12.3,-0.028398161401102698,-0.029187671559468727,-0.04388257023090536
12.305,-0.04835869414373803,-0.029993447380274096,-0.022156077100032954
12.31,-0.03746274448471889,-0.051535638696946565,-0.01727312572989199
12.315,-0.029470051547193246,-0.03690171504513316,-0.02637852616823804
12.32,-0.024334282038682792,-0.02415690552244298,-0.012060784590010183
12.325000000000001,-0.0448900889310776,-0.050790289914300346,-0.029030342264795832
12.33,-0.046673284466486754,-0.03383167501593556,-0.024817902579326173
12.335,-0.03323619734676397,-0.027672225495562777,-0.020231538169363444
12.34,-0.034060496203194714,-0.03943592510674125,-0.028885282060322117
12.345,-0.04426565692398476,-0.04651029687827493,-0.02616570986311231
12.35,-0.04544354991175535,-0.02756713076807512,-0.029135183776922067
12.355,-0.027665540015580012,-0.03173815025006964,-0.0003752977211308919
12.36,-0.053609798834667176,-0.04444859616420659,-0.03510014063109703
12.365,-0.03554078070843271,-0.03089316012493233,-0.03217914360617559
12.370000000000001,-0.04521241388131454,-0.044736160443224406,-0.013333202512520962
12.375,-0.04360511149686639,-0.04624130114740121,-0.009534860768381273
12.38,-0.04085319752350975,-0.048635906489248794,-0.019715792595691155
12.385,-0.058472077211564846,-0.04525407033132343,-0.030246288389369318
12.39,-0.05164421500226597,-0.022163939059656773,-0.013585666977529744
12.395,-0.05012684319404549,-0.055569218609552995,-0.01615009311720163
12.4,-0.026429799944547302,-0.0454321666587309,-0.03782367693067536
12.405000000000001,-0.03168541338047666,-0.05132818451897732,-0.023260062662592947
12.41,-0.042492370714214606,-0.029027764682766403,-0.028458918441841966
12.415000000000001,-0.024800488966155387,-0.046506045834668726,-0.040163867733337306
12.42,-0.04865819892798316,-0.052739935109618045,-0.025263698226451983
12.425,-0.026386584640229055,-0.043679505586611815,-0.012645308253380838
12.43,-0.05634547090528599,-0.02507779671766023,-0.033238506350825155
12.435,-0.05164010984208549,-0.052732194693381446,-0.024303307873127466
12.44,-0.048492937981179894,-0.05343202968897222,-0.016390431764550788
12.445,-0.040005767159426636,-0.029823641409645447,-0.008476591600343383
12.450000000000001,-0.03992696094600016,-0.039884834624351335,-0.02062403217791311
12.455,-0.03365980440555378,-0.06089790073977405,-0.021819516835668788
12.46,-0.04179760269127308,-0.04340072332611173,-0.02555988273271513
12.465,-0.05955578341900689,-0.05277747004805772,-0.027948340645242396
12.47,-0.050182628749420456,-0.041067428118818784,-0.02760976147979773
12.475,-0.030451650587846543,-0.043537726484656473,-0.02609539426679649
12.48,-0.035634502272238716,-0.0479512941754428,-0.03226239650513752
12.485,-0.061460325657708544,-0.04804202755131991,-0.019345462027279988
12.49,-0.033666599191773894,-0.041664905213836874,-0.027479915613168714
12.495000000000001,-0.023054867613271843,-0.04724712124823149,-0.013038016740298515
12.5,-0.045728717080153324,-0.0491476012875214,-0.02269896742828867
12.505,-0.023689042512113876,-0.05111988774997514,-0.030721602565447773
12.51,-0.04114446583797267,-0.008456574666940149,-0.018033813319759787
12.515,-0.03427276393090838,-0.03616257946746312,-0.02872426655306501
12.52,-0.02989264014840799,-0.03567035348066934,-0.030012961181378493
12.525,-0.030506586185969402,-0.041308955133650634,-0.029096384859967694
12.530000000000001,-0.031359027344078534,-0.036084977897486804,-0.014193273798524399
12.535,-0.031466890381907905,-0.05142879870510051,-0.0040536457676837
12.540000000000001,-0.0310738451433194,-0.03522257016223269,-0.019926789164466146
12.545,-0.03078878313113338,-0.06012073052921918,-0.03127825972198895
12.55,-0.03254527939904141,-0.04575736011584018,-0.021827589805730054
12.555,-0.03980000976361346,-0.04044929486555533,-0.033763736689975093
12.56,-0.0455909540090059,-0.024583648223549928,-0.026287363133137696
12.565,-0.033020282962012454,-0.05252133068292808,-0.006578986833752607
12.57,-0.014149215168939439,-0.0256248603047046,-0.023132413631457484
12.575000000000001,-0.02466408437433586,-0.049305038392431264,-0.02492187099493373
12.58,-0.029870593394312223,-0.04670968927014581,-0.021934928512251355
12.585,-0.03559027676643469,-0.05282928505892572,-0.019921579250159204
12.59,-0.02549119267608594,-0.02960473183071086,-0.022018173134901745
12.595,-0.021352216598348447,-0.0616206891230341,-0.029945432281509914
12.6,-0.030484573047411506,-0.04211126304217504,-0.033199453988498266
12.605,-0.03476181832840395,-0.04473744178141833,-0.005896567227769296
12.61,-0.022570574109821204,-0.04655368670587528,-0.03517009391249434
12.615,-0.025302856068674225,-0.035693097891733014,-0.02629663540707909
12.620000000000001,-0.021131205276964563,-0.038225262299588114,-0.025773958763106713
12.625,-0.017042367663001892,-0.033528892634171845,-0.01611939659073589
12.63,-0.01048058272147938,-0.04605865540389409,-0.017040222860369658
12.635,-0.035546662490345396,-0.04165397495903837,-0.016121931495510663
12.64,-0.018656685997195666,-0.033779902993612075,-0.0208962575551416
12.645,-0.01274184695948743,-0.03200247343897908,-0.010383303645063744
12.65,-0.018349920503218983,-0.03013023564954051,-0.003216722185003914
12.655000000000001,-0.0009273076262469359,-0.026532668697415624,-0.025271435529763166
12.66,-0.028047973173518856,-0.03341334884698747,-0.026238867645016744
12.665000000000001,-0.02817159086085457,-0.024508269982730924,-0.030056496521462847
12.67,-0.03772672740810547,-0.0412757491376234,-0.02115987067472429
12.675,-0.03455514683846366,-0.04426082949636675,-0.0243138746699764
12.68,-0.048474410355695476,-0.04580604227270927,-0.007541045409629502
12.685,-0.027679425145431397,-0.03785306631906044,-0.028514835918048886
12.69,-0.030514533504494196,-0.026097451181157832,-0.03431614713775809
12.695,-0.02033795599976066,-0.03949759116876471,-0.025434887812916165
12.700000000000001,-0.03802327137807894,-0.022494473844432917,1.982929671451349e-05
12.705,-0.025649950922109616,-0.027734807484910202,-0.02781780004818701
12.71,-0.008573852452240543,-0.032308259160696386,-0.020086396013695204
12.715,-0.02834211377428298,-0.0411950676404757,-0.02544049455986337
12.72,-0.010609530975494387,-0.03288172841694184,-0.028213236985740804
12.725,-0.0006730869632247611,-0.05407247819300724,-0.028837122576557968
12.73,-0.005601050057331484,-0.03507570170668747,-0.026338330012302312
12.735,-0.012050924852624363,-0.0363127380686631,-0.019271741680978897
12.74,-0.014308916809359397,-0.05297967474407371,-0.02306757454094261
12.745000000000001,-0.01593573923584113,-0.027907492619807957,-0.026085442930543646
12.75,-0.00921949694060906,-0.039344335848666506,-0.009549228535258712
12.755,-0.02246724746613296,-0.03774126809613327,-0.0172815170861607
12.76,-0.017064296092385273,-0.021576612391839257,-0.019093644947647752
12.765,-0.032706037939487856,-0.02408897570048413,-0.029334060224500073
12.77,-0.040841590235671604,-0.02839274496965237,-0.022249976630360276
12.775,-0.02342150875330509,-0.0286069653913374,-0.019578786666717973
12.780000000000001,-0.03293387426970776,-0.040657778253569754,-0.048976426390840634
12.785,-0.011447539831492977,-0.030996697877023725,-0.01746885534513621
12.790000000000001,-0.025287451339672425,-0.039705131920627405,-0.03527106874757234
12.795,-0.011696751589405526,-0.010510265686537054,-0.02665820057706141
12.8,-0.020300852540285033,-0.013954138887374023,-0.023654936407097933
12.805,-0.02117975577210684,-0.03015918786222757,-0.0249069630437325
12.81,-0.027818028889441605,-0.03578500192506918,-0.01705080026123957
12.815,0.0021239126170732054,-0.02671824901934936,-0.016598125752036515
12.82,-0.005238185915086742,-0.017341179003562027,0.0005845889999760391
12.825000000000001,-0.014667464678981721,-0.01838129997647362,-0.012379323972408592
12.83,-0.01827812526209889,-0.025116643791132622,-0.033866432982706994
12.835,-0.02472525140270602,-0.03711711126131883,-0.033599064386607085
12.84,-0.012696798747905934,-0.03558474102040132,-0.01609086630726933
12.845,-0.01600777415457972,-0.020255405770013037,-0.019556295400478912
12.85,-0.012709091211018705,-0.003490755544403626,-0.026214115805069486
12.855,-0.010531278150331443,-0.02111616521799633,-0.016348941440441106
12.86,-0.011675393694787204,-0.031917174114966175,-0.024886962577346343
12.865,0.0007667359790712522,-0.0293895361372509,-0.03616262282589462
12.870000000000001,-0.012876414671180078,-0.02044337899437857,-0.021925045238325523
12.875,0.000489062498124717,-0.03411461882168384,-0.006326510523900045
12.88,-0.00080003046761494,-0.01772502862944108,-0.02600032234671465
12.885,-0.015737461573533618,-0.014238066262478859,-0.025149311433246585
12.89,0.010930211738739058,-0.021934783762307758,-0.023577523843633992
12.895,-0.02009552172226125,-0.028243001611852305,-0.011822543093095331
12.9,0.007688373275601568,-0.015366326880765278,-0.027215364557965
12.905000000000001,-0.022096374615331288,-0.03384090368618123,-0.017790747080933637
12.91,-0.004700364200170738,-0.040886646206017126,-0.03471096783835495
12.915000000000001,-0.028719541250480325,-0.015605084447098645,-0.009707379196162016
12.92,-0.03245668178254871,-0.027769269406283256,-0.011051388547335672
12.925,-0.010403581147120668,-0.023228567437068467,-0.022331723259342365
12.93,-0.0022259263454861566,-0.02406583003477237,-0.028528987244209
12.935,-0.020534410994811972,-0.019537225981161043,-0.021723282241028416
12.94,-0.014384759174536717,-0.04587368265503862,-0.018294779204470927
12.945,0.0003332829209396603,-0.01546223957258195,-0.023538395498947297
12.950000000000001,-0.018402513073844884,-0.0024714830527536335,-0.03000673397209513
12.955,-0.019662361838198104,-0.04080580268691681,-0.015545977859517094
12.96,0.002016080031720725,-0.021365595108844032,-0.03603876202734827
12.965,-0.013101712003535583,-0.026969407160774436,-0.023966996868387463
12.97,-0.007463875978874615,-0.011201213700825625,-0.01388641527532327
12.975,-0.021058916198401445,-0.027969172271380575,-0.02884609977783168
12.98,-0.011384555547705094,-0.016579417018603288,-0.027484317229777497
12.985,-0.02107309085031311,-0.032008853963880535,-0.02606391977580514
12.99,-0.02496601744655727,-0.03349090746089989,-0.03254145439891279
12.995000000000001,-0.02019608578494315,-0.0339201655957141,-0.010644478138845101
13.0,-0.02997717052543138,-0.020937497846728326,-0.04294769938576419
13.005,-0.0322731282871876,-0.02263123186045913,-0.02507250542974035
13.01,-0.013896306102817647,-0.01660519376405687,-0.03770498211977451
13.015,-0.009424146353797527,-0.0067872726540540735,-0.01096863689058367
13.02,-0.028917695847950564,-0.025185496383618812,-0.032027197782372244
13.025,-0.008919824084112276,-0.02863930532671085,-0.012036399236354915
13.030000000000001,-0.016149361870832647,-0.031174036123210326,-0.016889118568168562
13.035,-0.009212028140107185,-0.015879087709914173,-0.029438992941025935
13.040000000000001,-0.036576523094079764,-0.04445388098869698,-0.02016249902176754
13.045,-0.024010693658017106,-0.01784790187479072,-0.027724206223966964
13.05,-0.02975977982688282,-0.021567180536401283,-0.027362021795721957
13.055,-0.031190291591706797,-0.02041166896973498,-0.025527285917689383
13.06,-0.01735042209544279,-0.034887753849854736,-0.01966517761288255
13.065,-0.024447098371552935,-0.008719650622496113,-0.028794822429165867
13.07,-0.03252923822072116,-0.028831945534684485,-0.03554726918337913
13.075000000000001,-0.032023303703421976,-0.03773326489999009,-0.03374784440195923
13.08,-0.019358313729411297,-0.019238106654428835,-0.0334907499442433
13.085,-0.024451282722032903,-0.01608095551560392,-0.045005684007403776
13.09,-0.03797320634990976,-0.026136484241080237,-0.024865100960673354
13.095,-0.02829374512501852,-0.026115565914383725,-0.04786538086124351
13.1,-0.03700521594363145,-0.011776575226683243,-0.03290104860864427
13.105,-0.040299496199039136,-0.03711019167539574,-0.03648340267126321
13.11,-0.0329602102451853,-0.03617914388660638,-0.016544980325752388
13.115,-0.03477389756886555,-0.0345530942786828,-0.01119064646519716
13.120000000000001,-0.029808678554767952,-0.024496581474571184,-0.03385328592177417
13.125,-0.014821803082957262,-0.032654801712579805,-0.02301239751547946
13.13,-0.01841433689597678,-0.04580954016230042,-0.027019463718580838
13.135,-0.025543325858822925,-0.030609544473839213,-0.027743291557265612
13.14,-0.028440347311850068,-0.040624195900894576,-0.04312771250920664
13.145,-0.026749594735017097,-0.03254538616833471,-0.017433948068278426
13.15,-0.04106046034808791,-0.043813619150178014,-0.02131496591121601
13.155000000000001,-0.02125517238122862,-0.0428985762602235,-0.025760846070804547
13.16,-0.03848756514382815,-0.033863431166993016,-0.03746949201029998
13.165000000000001,-0.04834834995808496,-0.029502866999291576,-0.027298224567029027
13.17,-0.03950533198899095,-0.034316727830800454,-0.030174178361204285
13.175,-0.04815465124373931,-0.026143752574267806,-0.028616869264039786
13.18,-0.027910012394622447,-0.034037700181872056,-0.01732380187335099
13.185,-0.04779646084455057,-0.030027306939913945,-0.011422285464743092
13.19,-0.05688308044802792,-0.04764343078028705,-0.03771849815730165
13.195,-0.027571566152656483,-0.03425666538433036,-0.024517687182294898
13.200000000000001,-0.018178975064653678,-0.04498381206849555,-0.03665222476894382
13.205,-0.0341378898949579,-0.04652170440157103,-0.0303489122097566
13.21,-0.011163998050935181,-0.032975421580198554,-0.022541357355334628
13.215,-0.02122539383954928,-0.02373161140885504,-0.02059162298342695
13.22,-0.032200054426389214,-0.03222874166288542,-0.010351079231999046
13.225,-0.021218233747705713,-0.041831371025573105,-0.03483602539684384
13.23,-0.032960690325088686,-0.030439270235501692,-0.027917152663874942
13.235,-0.023822625086232535,-0.040716006513290354,-0.018483596282641408
13.24,-0.04637034493490578,-0.04661922086610298,-0.010417099840099604
13.245000000000001,-0.02525503150240248,-0.035031539924213755,-0.028269958869671083
13.25,-0.027057013065713023,-0.029380125019834096,-0.024796044473463143
13.255,-0.04213760748949111,-0.02865286679684755,-0.034529605748193276
13.26,-0.030686930762912016,-0.03247808692520489,-0.03357990517602584
13.265,-0.025365085840246982,-0.022938951145374913,-0.03724890524625058
13.27,-0.045151144931726256,-0.03382922850043642,-0.04288674130503212
13.275,-0.04434767724459303,-0.03667168855046758,-0.02529263683963694
13.280000000000001,-0.017211956691704024,-0.036818868530010096,-0.045029197528495116
13.285,-0.056371296919205637,-0.051741664787951544,-0.03450967554929031
13.290000000000001,-0.036647926887713234,-0.04402858685681872,-0.04007221953005748
13.295,-0.04221560722063683,-0.05493647103000957,-0.04701750356590468
13.3,-0.03402515884359783,-0.04528406239425278,-0.0425056865625096
13.305,-0.04078382557890733,-0.02931508924529061,-0.03970646390508994
13.31,-0.023871747215757286,-0.02477065076284817,-0.037219642787570555
13.315,-0.03549735905808066,-0.026712421762696018,-0.034970561148030516
13.32,-0.03406547730077617,-0.03844307881170886,-0.02103192883364482
13.325000000000001,-0.02805946409225373,-0.05684156279696258,-0.02249289192884676
13.33,-0.01968532151692985,-0.03511313219152247,-0.03573697610115067
13.335,-0.03292943170380231,-0.03407491336873076,-0.011637467888207027
13.34,-0.014930053031324532,-0.04643223905041879,-0.028607777380497572
13.345,-0.005349688902625462,-0.03608231727562562,-0.03273399794194026
13.35,-0.04068162976211825,-0.018672410063717754,-0.019439521235712465
13.355,-0.030423873459361702,-0.030723350246947924,-0.02237003670260706
13.36,-0.03526653701992033,-0.030499265222923858,-0.025756957272371102
13.365,-0.024896577624158298,-0.03584793998850653,-0.03454122077098527
13.370000000000001,-0.029888284261374458,-0.0349490977488397,-0.04645237493902508
13.375,-0.017681930804610602,-0.03307482956192022,-0.032571572942700716
13.38,-0.03065223264429802,-0.03758509101429711,-0.015534174429623218
13.385,-0.0223468981694343,-0.050751789475052135,-0.017604905890523388
13.39,-0.03460488500647772,-0.041180856797093206,-0.025210630055211777
13.395,-0.03861067032947193,-0.05391522890108945,-0.038109220926501125
13.4,-0.04724087638887658,-0.0488062351638893,-0.03495813668306915
13.405000000000001,-0.02849089540454129,-0.04200004760653259,-0.039564097727783284
13.41,-0.007890505813068195,-0.043454649197951015,-0.03501986711304168
13.415000000000001,-0.03127034676014456,-0.050337247482713426,-0.04561735108149734
13.42,-0.02199475780682507,-0.05341124256662631,-0.023714431763576037
13.425,-0.05081366564845683,-0.03253445108173498,-0.01651669433185654
13.43,-0.039923785323359495,-0.06052579013588815,-0.02207642727404991
13.435,-0.03993105154607168,-0.055507046364919294,-0.038402150404687176
13.44,-0.05431284356297761,-0.03101798213515499,-0.03332806426298385
13.445,-0.04720480919987332,-0.04502339059769727,-0.029926141442638957
13.450000000000001,-0.03228596588604839,-0.016989726458077198,-0.04012249060697063
13.455,-0.021651472352472206,-0.05186636927910241,-0.029313959122881712
13.46,-0.032084560471941304,-0.04710717604417503,-0.03514866727526293
13.465,-0.03868628433739069,-0.04348316917055286,-0.032520558540333915
13.47,-0.03352485547387182,-0.03889802434473594,-0.03575552104670606
13.475,-0.056924843128220125,-0.04292974088551132,-0.023817015596163213
13.48,-0.024711673010044215,-0.04121378358407876,-0.03874736621793442
13.485,-0.04580290453884806,-0.04772405511324463,-0.03200754539488224
13.49,-0.045789857925979935,-0.044553627491972725,-0.026814383089427372
13.495000000000001,-0.03953450063236855,-0.03870291221773874,-0.03606571191810979
13.5,-0.0385100976878511,-0.04429323268205535,-0.020511928403637122
13.505,-0.039690548281281476,-0.02382852090593609,-0.027268476951176596
13.51,-0.050042501590099264,-0.0396834788141578,-0.0266008684707202
13.515,-0.044393961094348205,-0.05531294907636264,-0.03186450637124869
13.52,-0.04875118001258175,-0.02649728877153015,-0.027672908951141904
13.525,-0.04725484440497076,-0.04302526917747195,-0.04886679955059352
13.530000000000001,-0.050285250909565565,-0.0456419564192955,-0.02487174514228238
13.535,-0.032102544469001126,-0.059758268818461205,-0.04120439766374349
13.540000000000001,-0.05161479471827523,-0.02637326123482371,-0.03814110188587534
13.545,-0.03578433848855515,-0.029721754607908983,-0.016134851852429667
13.55,-0.04654899991517297,-0.040466024983681764,-0.03361342711970584
13.555,-0.04806607735795866,-0.0411387048384909,-0.021057301540365447
13.56,-0.042561374307771356,-0.05163503742978475,-0.017761355530141895
13.565,-0.05866166857113391,-0.04462860353888447,-0.016079581327249386
13.57,-0.048251266612322596,-0.05338222484917742,-0.02994232534598933
13.575000000000001,-0.052764656209549024,-0.05653933878055077,-0.047869985009202774
13.58,-0.06640653116282272,-0.046194907163332355,-0.03945912054491806
13.585,-0.03642531887052992,-0.053756033412887635,-0.02559306308829313
13.59,-0.051825027552996616,-0.0515470035099794,-0.020120813260374702
13.595,-0.04943929042154673,-0.04768736947319656,-0.03828227217901041
13.6,-0.046543010686930245,-0.0639621830043142,-0.010868048767752833
13.605,-0.06050345303299836,-0.05102331466563681,-0.024069286758860976
13.61,-0.05327104297594449,-0.04620438292417245,-0.02780548100219369
13.615,-0.04515898223521975,-0.06988735155147602,-0.029385228606519185
13.620000000000001,-0.05306478226502871,-0.04761468865748243,-0.029387257136054955
13.625,-0.044666219493843674,-0.06896606678076472,-0.04350299315503399
13.63,-0.04678405181628856,-0.04917148753736926,-0.023561100331512215
13.635,-0.04946609651451637,-0.04141124239267685,-0.03751835357976399
13.64,-0.0643663189122038,-0.06645659946660958,-0.03287377059052542
13.645,-0.04119072563966424,-0.046400593918978744,-0.018875116583883474
13.65,-0.045525982424694876,-0.06028762147147719,-0.036165145231351316
13.655000000000001,-0.051950269418040054,-0.04347433879860067,-0.05055050848537128
13.66,-0.05297894725489097,-0.04433139425092977,-0.03415543306830569
13.665000000000001,-0.04288828931529566,-0.04985310155805848,-0.029577665288645177
13.67,-0.06615991081185593,-0.03339626983444998,-0.032898584741588154
13.675,-0.05390170107908404,-0.03818103935583006,-0.02878844583192372
13.68,-0.0592678561166779,-0.06093973123522836,-0.0381042470692718
13.685,-0.04047038982754504,-0.05297302290751102,-0.055106838800371385
13.69,-0.054574453362397225,-0.054487521685023244,-0.0373288805392389
13.695,-0.03977630973955015,-0.046862500418001954,-0.04810865739904306
13.700000000000001,-0.043714817995591675,-0.04164225962810195,-0.045435088938576215
13.705,-0.040532406258746705,-0.06612048778928034,-0.03460830943063497
13.71,-0.04257529196810395,-0.04411074362787325,-0.029119069238037025
13.715,-0.06507097248766905,-0.05077797714188173,-0.05712858998841208
13.72,-0.041808412576129765,-0.05533583130072093,-0.03707359321763493
13.725,-0.042075646397866866,-0.03306270854344562,-0.04781487284923978
13.73,-0.05484940531033493,-0.03779895214245557,-0.029622082997799587
13.735,-0.04134980564868687,-0.0584335333435172,-0.05541824149167977
13.74,-0.05271167078742362,-0.04767213017437688,-0.0515193842405057
13.745000000000001,-0.04603168983059072,-0.059119720139853164,-0.04968161959588432
13.75,-0.06164626856652422,-0.06376592518840765,-0.04063109984368778
13.755,-0.06041083576714379,-0.04584204553331313,-0.035131138458221786
13.76,-0.05734505326516027,-0.050235226806171956,-0.051128942017665296
13.765,-0.06835926055040382,-0.04652430896648701,-0.05176319804373978
13.77,-0.06162287625841423,-0.05576145338519942,-0.02377083152502945
13.775,-0.03831978543697488,-0.0348965452268965,-0.038186827451963716
13.780000000000001,-0.05946667627916711,-0.04802986291290845,-0.04832079320193217
13.785,-0.05553121596957529,-0.06425275911381362,-0.04676988499661969
13.790000000000001,-0.043641388452067345,-0.04996165463737478,-0.051393204366707516
13.795,-0.06900015744772689,-0.0512265126448918,-0.04541179794208428
13.8,-0.0627122222922893,-0.05463355120589005,-0.02793442737171405
13.805,-0.07088928737710025,-0.06567567813333147,-0.04493936878716093
13.81,-0.04442365621657377,-0.055198075806505736,-0.0346702110235874
13.815,-0.05947719331409197,-0.07133344753743692,-0.04839184771028057
13.82,-0.0483851222643554,-0.04683734364265222,-0.041797589154427814
13.825000000000001,-0.04044787284077274,-0.06193936022451231,-0.04858326385845029
13.83,-0.05175138346039645,-0.04613311435997229,-0.04060173830797131
13.835,-0.051232011221479426,-0.07087461881166256,-0.023619480573931276
13.84,-0.04601606544469969,-0.058665291519330726,-0.026490420494107405
13.845,-0.043584181455815094,-0.047418463270156405,-0.04725977717562194
13.85,-0.05743463145890853,-0.06465499914252248,-0.03028086936315342
13.855,-0.05273763245798213,-0.07148221570921318,-0.02430363895623551
13.86,-0.05225809619879553,-0.07702001162638254,-0.02904029211612437
13.865,-0.06420352694255883,-0.05216185879256839,-0.04446085258762852
13.870000000000001,-0.02982093962086367,-0.05536482982728419,-0.037393498409639056
13.875,-0.038722797572180515,-0.06997681816112439,-0.05319145500879094
13.88,-0.03385059239296442,-0.058782886684677425,-0.028240273722438054
13.885,-0.06196420440408436,-0.05422803298450462,-0.03810454503676626
13.89,-0.025850334386794026,-0.05430002034128817,-0.0343914885661862
13.895,-0.031166622537269723,-0.05683213257870769,-0.04842978517906127
13.9,-0.04209781588779036,-0.07595664395541357,-0.041385332986735884
13.905000000000001,-0.05192834676542417,-0.05187686609034489,-0.0380726066809039
13.91,-0.04937453548127482,-0.05081995924072287,-0.03732857422951903
13.915000000000001,-0.040078444019536766,-0.06934862235802564,-0.04504001884406461
13.92,-0.0358505239914516,-0.05118893363720646,-0.021959839449437833
13.925,-0.045977724970697395,-0.06956495742998949,-0.04674499070463856
13.93,-0.0409498180956124,-0.052741175866419146,-0.042617175436096555
13.935,-0.04591019684215253,-0.045771848738144716,-0.03836025591282617
13.94,-0.0476921507871844,-0.058750938921695514,-0.05181572267778766
13.945,-0.048147199056686345,-0.06101331613726338,-0.0372242919993851
13.950000000000001,-0.0536160695337791,-0.06518390656711892,-0.03260959318584388
13.955,-0.03435017617461343,-0.05608942870845411,-0.06251511160166112
13.96,-0.050775433232898945,-0.07819395454667874,-0.026305043031304726
13.965,-0.03589561139042372,-0.05266622714548728,-0.06721193526501806
13.97,-0.055894090588879175,-0.06649017032378823,-0.042240964353930786
13.975,-0.0407721813684986,-0.04654982852959651,-0.0499334505181454
13.98,-0.05305033639117689,-0.051521051454682214,-0.04245792316137171
13.985,-0.04307699895604442,-0.0648231427818324,-0.052121964888860464
13.99,-0.03943304357950772,-0.05959390920522623,-0.05073874957069157
13.995000000000001,-0.03605770638586357,-0.045734693544970936,-0.04118138139014094
14.0,-0.04697942929626586,-0.0625036611732988,-0.06011281589788942
14.005,-0.06701633442289322,-0.06460141413722395,-0.06784992399805304
14.01,-0.03062001970639798,-0.05836912386158373,-0.048103244681788775
14.015,-0.06682799334333178,-0.04707658308992749,-0.06737229090926745
14.02,-0.05183400174390215,-0.039969806725068835,-0.05332398996700355
14.025,-0.057818971309018065,-0.07104497578481894,-0.02722082206773083
14.030000000000001,-0.04305018725568199,-0.05934414100898337,-0.03583914803578671
14.035,-0.05018299519411438,-0.0698139262896383,-0.065581577810804
14.040000000000001,-0.03777534019676672,-0.06742138671421138,-0.04752498137498533
14.045,-0.040139908563436986,-0.062000713599230164,-0.051274872588655755
14.05,-0.04511649801869163,-0.06174821059500717,-0.04109908222238081
14.055,-0.0661194635457193,-0.05124634341819233,-0.04367485604699882
14.06,-0.061453336229275755,-0.06256911225038052,-0.03822980815000378
14.065,-0.041478925307315104,-0.05422816197616179,-0.04768482953176327
14.07,-0.03565339434891656,-0.05552333877052431,-0.02574605928506497
14.075000000000001,-0.050073406603882605,-0.07107394804778372,-0.01562766297444733
14.08,-0.06599880818280604,-0.06280562898237846,-0.03495907709021921
14.085,-0.04879269266090706,-0.07228009611743808,-0.028830326142020808
14.09,-0.04426380056981404,-0.04569338712083442,-0.037413441055880556
14.095,-0.058532886592954,-0.07409302911508768,-0.02676770105504179
14.1,-0.04057094838563242,-0.053714152528389514,-0.040540224442112374
14.105,-0.06579363042469365,-0.0554660704493848,-0.0398412998953136
14.11,-0.05159227692526477,-0.060708552189337114,-0.04089240124143353
14.115,-0.06428424816052962,-0.05714922618631202,-0.026602568328691834
14.120000000000001,-0.052538260091025864,-0.06196195676105089,-0.03571376986150667
14.125,-0.046051166332705014,-0.06321873731661863,-0.04557989752308713
14.13,-0.04946002479889904,-0.06084369709126149,-0.026187146460972255
14.135,-0.05375737649641775,-0.055680015085264885,-0.046365467505342386
14.14,-0.049601777044870274,-0.051558215637000734,-0.037068331457475755
14.145,-0.05919802378442301,-0.06251884532501607,-0.040668054160248546
14.15,-0.05025571046079879,-0.07616480903903494,-0.024364502697079893
14.155000000000001,-0.06977060971197253,-0.06589921379202078,-0.045455245062278354
14.16,-0.05527303919758162,-0.06839238119014697,-0.03816087415409133
14.165000000000001,-0.05215825090753958,-0.07424386713090844,-0.03166242769851027
14.17,-0.06615575306051226,-0.05827593744062577,-0.03591220160064595
14.175,-0.051917851178045454,-0.06076581668859386,-0.022326471093212747
14.18,-0.05140139106638656,-0.07156855072299055,-0.03442160025766568
14.185,-0.0443846710532366,-0.07029623622692076,-0.03118667725434662
14.19,-0.04688660037752073,-0.06186243736018049,-0.042686360998104834
14.195,-0.04324259477020828,-0.06015890128447563,-0.02816465939261307
14.200000000000001,-0.04509866614544088,-0.06646654250481505,-0.021987039013246033
14.205,-0.05623549032499002,-0.06233214755187936,-0.03317508773234394
14.21,-0.05343581788603057,-0.058909784264262924,-0.0329996472774896
14.215,-0.0437797690573045,-0.044454111942350494,-0.022214654134660086
14.22,-0.050518139807403835,-0.06773444494232685,-0.017786359630759932
14.225,-0.03631754511548606,-0.05747266711030329,-0.03343766312158286
14.23,-0.06095850210668727,-0.05157099342259442,-0.027173590902399028
14.235,-0.04845903547422743,-0.05726715241547901,-0.04170902762288505
14.24,-0.05095270123455983,-0.056801905046433794,-0.03974636835330724
14.245000000000001,-0.03327049146864892,-0.07289976267128777,-0.03899182712734993
14.25,-0.0466121509461734,-0.05823046893342566,-0.03410530886899366
14.255,-0.039193347894765286,-0.06601444710272851,-0.017768852222328615
14.26,-0.04397226818635301,-0.054170891752993916,-0.04989973215879181
14.265,-0.04613674400128799,-0.06736014350094156,-0.02524181994477978
14.27,-0.047902267551624876,-0.06917941675757332,-0.03046135935741153
14.275,-0.049301631099146107,-0.07103536932065378,-0.02735555250897833
14.280000000000001,-0.078227177540236,-0.07536316713448445,-0.0373277588396136
14.285,-0.05966853828363447,-0.05119106865289842,-0.026829898014008757
14.290000000000001,-0.04169016139203211,-0.07998138124060619,-0.042611337678765175
14.295,-0.04399892640274708,-0.0572913995639011,-0.01572592247005862
14.3,-0.04459049997274646,-0.035327489021212535,-0.028730495848558153
14.305,-0.0475315641528181,-0.04394078246539395,-0.029314237519421155
14.31,-0.045714043758436185,-0.05501067057488798,-0.04179953587691716
14.315,-0.03884494210768755,-0.05222572156266492,-0.03045203469118691
14.32,-0.05926047987155939,-0.05098190913982191,-0.04565352124066201
14.325000000000001,-0.03899673271844786,-0.05632530494571171,-0.04446683731899454
14.33,-0.06786514538943474,-0.040004378755747264,-0.03532226438322025
14.335,-0.03797001802771415,-0.03392019573444535,-0.025644752163429922
14.34,-0.06161938441663487,-0.038041960341810746,-0.026415751157499775
14.345,-0.04700779880221027,-0.031695969425783926,-0.024105594279202055
14.35,-0.04675063453071438,-0.06419255730919338,-0.02775573768458449
14.355,-0.04411728001735073,-0.05498745161360575,-0.028229662081555813
14.36,-0.07757215821997938,-0.04337482910401458,-0.03340933118304924
14.365,-0.044429490179667866,-0.05845625315029599,-0.024128386941524752
14.370000000000001,-0.03872346399757738,-0.04494947753531549,-0.03219111140668206
14.375,-0.058694459301611844,-0.04476390703528795,-0.024774253861420913
14.38,-0.0625901028941144,-0.04063330305280501,-0.016945352149163394
14.385,-0.04349204104207285,-0.037032643660404985,-0.02888835046384304
14.39,-0.03842732459560001,-0.04404838025270082,-0.038102602933885794
14.395,-0.04707900957642162,-0.05409798040893299,-0.030464006871869384
14.4,-0.04282372369386797,-0.055832055965575014,-0.02625431314949477
14.405000000000001,-0.04837731168839971,-0.04154937345012352,-0.02831886459803108
14.41,-0.04657869676391106,-0.04937633818122045,-0.022720790442477733
14.415000000000001,-0.03790334317776063,-0.034363258629710736,-0.042391139991295956
14.42,-0.04586453938651347,-0.052859781805471656,-0.02379827401607392
14.425,-0.05049644511804496,-0.03842316872894878,-0.034838641282103636
14.43,-0.05491625725848196,-0.034829374950571944,-0.028582790360859704
14.435,-0.044149244199524026,-0.03510606375345093,-0.01931925228001138
14.44,-0.04326926922047298,-0.04427090004289322,-0.03621291209039309
14.445,-0.04873617221723812,-0.05122508552692795,-0.029055103041979745
14.450000000000001,-0.07477732807431439,-0.06652444450429804,-0.03064054068623144
14.455,-0.03893706868437677,-0.044634552014618474,-0.005199615776897478
14.46,-0.06355541366052919,-0.04501993925876526,-0.040146314446485996
14.465,-0.07340501473769284,-0.056584898381868705,-0.048048298999810876
14.47,-0.04082670295923253,-0.05709717821112034,-0.04348648919829857
14.475,-0.05003835515813253,-0.05133926258064759,-0.03922489108222378
14.48,-0.049513553908852925,-0.0400434301466064,-0.050646672929411676
14.485,-0.05415267920330205,-0.03627180841752253,-0.029738252030337715
14.49,-0.050453654257973164,-0.06873556561100515,-0.06541088290708452
14.495000000000001,-0.02464976006354835,-0.05059962369434233,-0.03109667552016123
14.5,-0.05343328222698519,-0.0449306088908788,-0.03683267224804945
14.505,-0.0447917925293023,-0.05605411366351129,-0.03256945008427565
14.51,-0.05971776712340164,-0.04497864020798409,-0.05016797963399778
14.515,-0.029994738832793015,-0.03859782261693308,-0.04433997498173096
14.52,-0.05547857042370452,-0.05606863610517984,-0.054481141327795794
14.525,-0.035033129743314344,-0.04508645589727653,-0.04740773107807161
14.530000000000001,-0.03685532203150554,-0.025458652945306894,-0.049273307525259595
14.535,-0.04505928514323847,-0.032552180637786664,-0.04074194568552323
14.540000000000001,-0.05223964758670464,-0.04890534809030789,-0.028101132324086897
14.545,-0.043613479186333945,-0.049409679102450636,-0.046273384519925694
14.55,-0.04375386633965933,-0.045707973635903,-0.025099642118574333
14.555,-0.031445734202300936,-0.03301675057644156,-0.016436326821107947
14.56,-0.047713052873733904,-0.054348752617708246,-0.03672569735050786
14.565,-0.01758426030213101,-0.04318056076713106,-0.03314034421769493
14.57,-0.03931191607839665,-0.05023296129887864,-0.020381304000701116
14.575000000000001,-0.030441185548026252,-0.06091833150385001,-0.04212950234305545
14.58,-0.04031663833735529,-0.02941169995015925,-0.043306968832388194
14.585,-0.03323294809054012,-0.03289231232621216,-0.006375653926150389
14.59,-0.041261685176390034,-0.023711306129659177,-0.016985666029548582
14.595,-0.04749976294219996,-0.04609965495216363,-0.019047791512958365
14.6,-0.0534979873720504,-0.05622264498428842,-0.014562122850534834
14.605,-0.036453459816907605,-0.058837278176872655,-0.012238423418018899
14.61,-0.0415370396989677,-0.043802929706248425,-0.02716821466277046
14.615,-0.044497695713416816,-0.05258954150769918,-0.04632335140098823
14.620000000000001,-0.033193707427981625,-0.06521978625903896,-0.0316803644361591
14.625,-0.04906513626333273,-0.05199505046023627,-0.033618920561358324
14.63,-0.05363818757066447,-0.05251098894272713,-0.03815241892763088
14.635,-0.06192645391206745,-0.06377364570238897,-0.030324846117017495
14.64,-0.052442610722106625,-0.05539755421660096,-0.006396180382950114
14.645,-0.05851649375681755,-0.05161126273010747,-0.04652062785449771
14.65,-0.039367356688384224,-0.05592393559273477,-0.03567898970766809
14.655000000000001,-0.058824832437771306,-0.04080526770430241,-0.017902865593163494
14.66,-0.05264474167413163,-0.038901110017946106,-0.017787124492209067
14.665000000000001,-0.0380507535677962,-0.04827873018765115,-0.03164520214189427
14.67,-0.06291403334568657,-0.05372756959794587,-0.04258229861341343
14.675,-0.06051277119724878,-0.057931770488427445,-0.0352071999986061
14.68,-0.048491488300022784,-0.050759406753562074,-0.03428723519489786
14.685,-0.031442325485580624,-0.057515189313720336,-0.021731828915953707
14.69,-0.04575773298339887,-0.04704199334447931,-0.031185341947610322
14.695,-0.04077602839096946,-0.0427881720745269,-0.04628572991273348
14.700000000000001,-0.04792656780245842,-0.06356235350446526,-0.03247472831150921
14.705,-0.06131444126023137,-0.06511893067937156,-0.030734080609280377
14.71,-0.04853347783766877,-0.06398641385198392,-0.04035338173363484
14.715,-0.05757296475369496,-0.06484319443087097,-0.03834986058504401
14.72,-0.053796149150738756,-0.05663480242802239,-0.02098261676654898
14.725,-0.05410966110771164,-0.06762079167236498,-0.04246694786782996
14.73,-0.0553959575979942,-0.06784461021811762,-0.0444686457302078
14.735,-0.047663907420630675,-0.05308353116527682,-0.0343688039007414
14.74,-0.05949692725120648,-0.06594508550589187,-0.04376270985048487
14.745000000000001,-0.054212337300183905,-0.04700396490368543,-0.03792748080979807
14.75,-0.05218130979430709,-0.07132068399369115,-0.04998748383005623
14.755,-0.058459592153280934,-0.05676486534626614,-0.044820707100084636
14.76,-0.0356652800203787,-0.061852293767770586,-0.03422096826488474
14.765,-0.03289190893734947,-0.04652007285529378,-0.03145290273093078
14.77,-0.05387361888576861,-0.06349511253225625,-0.04905241056467887
14.775,-0.04512679914521435,-0.05019894098211557,-0.020421882595463757
14.780000000000001,-0.05505436539725155,-0.053467381665487285,-0.028110635325376637
14.785,-0.04755026808028612,-0.04504200255500443,-0.046742611655695605
14.790000000000001,-0.04458188607113892,-0.044846806344617046,-0.049539333106934376
14.795,-0.05819589126316567,-0.05093476272900525,-0.026816334478625706
14.8,-0.05076988244670092,-0.04061746630464633,-0.05103421169295789
14.805,-0.03082439259521768,-0.0552576977593288,-0.0479816727534651
14.81,-0.04616528998931697,-0.0763421040030228,-0.029479521682287554
14.815,-0.04794540223831982,-0.058278807978809855,-0.03803854592600426
14.82,-0.021280750680505466,-0.020282583012236736,-0.03805424868405412
14.825000000000001,-0.04251747422903595,-0.05030151231364352,-0.0304631991102485
14.83,-0.035316793858045224,-0.05360629705617197,-0.040048529782339436
14.835,-0.03849359756672553,-0.045362110193424274,-0.029417333308597908
14.84,-0.04596022857425465,-0.06012760500605183,-0.03291924153010569
14.845,-0.02980031361148213,-0.04630893926823668,-0.041732714406922236
14.85,-0.040994617623360714,-0.07261078612968355,-0.03882706410045254
14.855,-0.04242458270602337,-0.050134997704811474,-0.04459566390631145
14.86,-0.03416560404667648,-0.056606877994289276,-0.04647296955780194
14.865,-0.04744689434651141,-0.06644717643270613,-0.03485501279549401
14.870000000000001,-0.05481208734989392,-0.049967515099384394,-0.04083828424484669
14.875,-0.04473711366528614,-0.05646313158477466,-0.020391735467113935
14.88,-0.04147624239035572,-0.06109936840065629,-0.04716293596140933
14.885,-0.04189901086389682,-0.0460088399910767,-0.021659403602081316
14.89,-0.058416925087508585,-0.03402105676700184,-0.0372790838346912
14.895,-0.048722861553129826,-0.052837404753898046,-0.05734146766512822
14.9,-0.0455427968843643,-0.033298120665922804,-0.03836595233067125
14.905000000000001,-0.04466767100476295,-0.0537784228442498,-0.05467491665138643
14.91,-0.06224908139891566,-0.05392073268667732,-0.04520605876118228
14.915000000000001,-0.060482812106233505,-0.05645887010053648,-0.06740522174460958
14.92,-0.05643592472028399,-0.07530333387650764,-0.04787522478771354
14.925,-0.049896156647147825,-0.05712210819753116,-0.04573330146700079
14.93,-0.04929006120887974,-0.05754031871099851,-0.040501593925581676
14.935,-0.055564988942623864,-0.07092290684495771,-0.034534131032586846
14.94,-0.05346202256745235,-0.08959659471146247,-0.06778720270984272
14.945,-0.03463928467079561,-0.050238040748518877,-0.04513475437353605
14.950000000000001,-0.0418599810553689,-0.04650102396670176,-0.05157516750025491
14.955,-0.046775880675535064,-0.08122675986557384,-0.03471039932308742
14.96,-0.044051723725301244,-0.061544652358964495,-0.02523244811858288
14.965,-0.05712155950043662,-0.07191730028723255,-0.042160467484335364
14.97,-0.06489278824232046,-0.07264402353401551,-0.043556591880363926
14.975,-0.05783273562352393,-0.07062995958798203,-0.04682298725651739
14.98,-0.05629605257397263,-0.07089673715884703,-0.04531593616971279
14.985,-0.046677014104249015,-0.0472033180313878,-0.05055767569742796
14.99,-0.05542050640620945,-0.051326428217540396,-0.04955623014194067
14.995000000000001,-0.03825250245151548,-0.059580382979876834,-0.03652524716960712
15.0,-0.048667127682097154,-0.04349729796862378,-0.048114282244781446
15.005,-0.02653670709031187,-0.0532034146866508,-0.046035476542804175
15.01,-0.013233011482329306,-0.07369680871401306,-0.03538031874378059
15.015,-0.046229440752154564,-0.05958921601091838,-0.0382268990042816
15.02,-0.03751894095876967,-0.04459484611073859,-0.03202433949221291
15.025,-0.03164843573535939,-0.0431491397284058,-0.05103810476909767
15.030000000000001,-0.05221034886624004,-0.03069289359572954,-0.029416213228070597
15.035,-0.04189945388109982,-0.05837801232247277,-0.04760714485943785
15.040000000000001,-0.031715751990765775,-0.059223123152729276,-0.06165474046107529
15.045,-0.04529754849531492,-0.03104290033841761,-0.05200338710271556
15.05,-0.05805415699898282,-0.061724863742920334,-0.03582668895263124
15.055,-0.044141264511542544,-0.04836510318302739,-0.05461034090794699
15.06,-0.03996192240263689,-0.05863104369820994,-0.058892988021077564
15.065,-0.05127783149389777,-0.045738150834101515,-0.029237344310602573
15.07,-0.0346862072637589,-0.06402516131635094,-0.055609865854251664
15.075000000000001,-0.04541988252512755,-0.057327775591861356,-0.053451774880522794
15.08,-0.04873311882396231,-0.0600915730516054,-0.047066523219344125
15.085,-0.05304377426230013,-0.0463003818814805,-0.037358637828208946
15.09,-0.055334658766993824,-0.060356805463525925,-0.05489175206918466
15.095,-0.043498230483717364,-0.05739575320493276,-0.04510568219324354
15.1,-0.04555732403538108,-0.05114321978580101,-0.03743650047144377
15.105,-0.06186454534031749,-0.049878285297023504,-0.05072758474618129
15.11,-0.062335772892173714,-0.06329874411622621,-0.04208219584902621
15.115,-0.054146069383802425,-0.051540603451913775,-0.05744397333342238
15.120000000000001,-0.04143879365951153,-0.05623050100724046,-0.048504200712130394
15.125,-0.036498216592366586,-0.055487850566217814,-0.05073824136771153
15.13,-0.04471949469732318,-0.03469038751912455,-0.02228574363209131
15.135,-0.0375284781570597,-0.04096138671762294,-0.052940837485265305
15.14,-0.04573653602939235,-0.07060957143536195,-0.03593026595526219
15.145,-0.04583765385748341,-0.07339401764876317,-0.03947146814361446
15.15,-0.053043502584283815,-0.05065821832788524,-0.05629016681489864
15.155000000000001,-0.06753637691199521,-0.05483862038741179,-0.0416158701309615
15.16,-0.06044159207920635,-0.04573625914873646,-0.035420579870343125
15.165000000000001,-0.04734317526323234,-0.046052107510251065,-0.04099487801331872
15.17,-0.05585984600904617,-0.04805899551076358,-0.04554935219922732
15.175,-0.044597397756063056,-0.06550116152885731,-0.034789308273737427
15.18,-0.05329376599896789,-0.07541874054545995,-0.0405398357370408
15.185,-0.0417989109861015,-0.05115322912243671,-0.05559892181091437
15.19,-0.04554216491887011,-0.06252443786517557,-0.051350211419133
15.195,-0.036433214528436716,-0.060254755397919864,-0.04986785445697724
15.200000000000001,-0.04173468910492355,-0.05967957599942931,-0.036205826826985206
15.205,-0.03895352758399219,-0.02828481502364205,-0.05055504773546497
15.21,-0.05419471667014068,-0.0466831053384079,-0.049617758781742446
15.215,-0.05882431331904919,-0.05985629817239469,-0.052621543969700084
15.22,-0.06285458042860208,-0.043524587207278136,-0.045827579637761885
15.225,-0.048973805547627286,-0.06958089230979389,-0.038268689038264164
15.23,-0.045496354307241506,-0.058886725429866185,-0.05304312670772987
15.235,-0.05180505826371487,-0.06350647288421091,-0.044211425454848755
15.24,-0.04993006041703945,-0.058082099097096766,-0.04282216325564908
15.245000000000001,-0.0579674643722768,-0.05540241776653293,-0.037594417555451454
15.25,-0.04233345893473727,-0.059709266095240514,-0.06002408803254715
15.255,-0.059953273735450154,-0.06305936190879582,-0.06055062212155884
15.26,-0.04320979100003605,-0.06138201427906123,-0.05817682122535952
15.265,-0.0396466880664141,-0.032314208775876485,-0.043576245744660236
15.27,-0.06947652040614882,-0.04359787524684816,-0.03935976089510402
15.275,-0.055351319557916306,-0.04940918509361148,-0.03400091399076427
15.280000000000001,-0.05132898776823587,-0.055766637284931,-0.05732867864799692
15.285,-0.046635754644714436,-0.06675373675633078,-0.06481591358211143
15.290000000000001,-0.03995831751932166,-0.0621510990891873,-0.05370872817202671
15.295,-0.03790217217461908,-0.048618699320147195,-0.04456042152486407
15.3,-0.04824218655400308,-0.060597221323348674,-0.057204306198613206
15.305,-0.04064494299937546,-0.047600315687822345,-0.06161462791947156
15.31,-0.07521373597753953,-0.0612335549558126,-0.0320484072256407
15.315,-0.04956826054383082,-0.05887481130317811,-0.04930842162904695
15.32,-0.06521552251899893,-0.05684160383672128,-0.05661882583761559
15.325000000000001,-0.048367572628298786,-0.07177434245059203,-0.04600515888859598
15.33,-0.05101951869034037,-0.05432786844834755,-0.04080620061168958
15.335,-0.037936100474465495,-0.05663277809451288,-0.0484172883671978
15.34,-0.07467013537589275,-0.06452710446685739,-0.057430761450866806
15.345,-0.04259526233961643,-0.04454424346564421,-0.048921354029038674
15.35,-0.04358940883205911,-0.05121764233097406,-0.06133637288909361
15.355,-0.03511771911773682,-0.05686586086544224,-0.04266861191149907
15.36,-0.05631663327832636,-0.06735308072677718,-0.05602612648125972
15.365,-0.054262414560824694,-0.06683578795855225,-0.05456659447497829
15.370000000000001,-0.04022469916193933,-0.04149330257971653,-0.052892321227114736
15.375,-0.051129332852789755,-0.03583584367152387,-0.04032629151720783
15.38,-0.06269755453739878,-0.05081346881942657,-0.043263686616480924
15.385,-0.0438526815615124,-0.053896128327289995,-0.032036136149392117
15.39,-0.03753417908789253,-0.057066479823078844,-0.02710900194504988
15.395,-0.0446481534871845,-0.0538140152724716,-0.03403802009396082
15.4,-0.04678991027609119,-0.05297228787834335,-0.03898497160047527
15.405000000000001,-0.042093108922157625,-0.04728898309917394,-0.022118347602791476
15.41,-0.04309510514443355,-0.054582451200960974,-0.05177758997319286
15.415000000000001,-0.06209055618469252,-0.06638111922445436,-0.043393498105335035
15.42,-0.06059086689107736,-0.050847993031606004,-0.055082584665000114
15.425,-0.060490103884794366,-0.06386641643898247,-0.03435787026786495
15.43,-0.061130205175152594,-0.0529167656048771,-0.03849990148914856
15.435,-0.046334847797344716,-0.04544460587451376,-0.052135193267871874
15.44,-0.040503239999314905,-0.048657694689069275,-0.04308723347197
15.445,-0.057153824921550134,-0.06149013482797107,-0.05122370053230028
15.450000000000001,-0.06345455088657481,-0.04324543373272148,-0.05199293739003139
15.455,-0.045776014714643924,-0.06845147255072613,-0.04176410538491282
15.46,-0.028524757734177838,-0.05946363008030768,-0.02249474426794521
15.465,-0.06549699873144613,-0.06826325380839852,-0.04150074625132088
15.47,-0.058818402248056144,-0.051404780764822716,-0.049067198110259835
15.475,-0.0606552892313191,-0.052655357087999476,-0.05307974252917867
15.48,-0.0470239609066713,-0.06221791048404164,-0.027208798621252427
15.485000000000001,-0.06419045078945503,-0.06297873615066535,-0.031915575354938316
15.49,-0.061236800597348096,-0.04044880791389341,-0.03224293123072981
15.495000000000001,-0.06974762663953227,-0.032769860842942165,-0.032098508349942434
15.5,-0.06359815181096509,-0.060603652012449626,-0.038847269924129395
15.505,-0.056881622330943155,-0.046047064619205644,-0.06492017850828097
15.51,-0.0697359971314736,-0.06918913426890083,-0.04316647301047704
15.515,-0.05889202222222061,-0.054611808305279515,-0.032913875859948816
15.52,-0.07282825756552494,-0.07712649011734017,-0.034506551519180396
15.525,-0.05769764039632998,-0.08694525491364158,-0.03700623734059059
15.530000000000001,-0.062253444124378415,-0.05386357665266998,-0.05191005202706376
15.535,-0.08164541950536391,-0.05972445788450202,-0.04738941432456038
15.540000000000001,-0.05969669975542051,-0.07006369371358624,-0.05923681768304222
15.545,-0.06737717678229228,-0.05342414902432497,-0.029340165671974287
15.55,-0.06238657883059358,-0.07274677997588633,-0.04072815551079487
15.555,-0.0447751248994736,-0.07127726824253608,-0.0399444942888817
15.56,-0.05494149415959839,-0.07341374405579285,-0.05013803309238518
15.565,-0.07112729671878557,-0.052108643742299635,-0.058778824229399465
15.57,-0.06392513477114746,-0.06012131501536277,-0.03751588471137399
15.575000000000001,-0.05519394583658459,-0.04060834168543819,-0.04865744758969862
15.58,-0.07415965555533853,-0.06637268939036428,-0.052218903826513945
15.585,-0.05531046314653849,-0.06996975250119375,-0.04622032585006962
15.59,-0.06311148469811059,-0.05744638423676662,-0.03495805900470739
15.595,-0.07102134122083995,-0.06375837047110301,-0.027505314553298594
15.6,-0.05418392681331491,-0.06262831994573043,-0.05058000490822931
15.605,-0.0604320136651995,-0.051661333500034004,-0.02872370677899505
15.610000000000001,-0.04540761458474135,-0.05649877929272833,-0.05301907321263459
15.615,-0.06538022055762326,-0.06832948425383503,-0.051736890946142366
15.620000000000001,-0.0638598885704462,-0.06626577685496395,-0.05171235925478605
15.625,-0.054489629004338916,-0.08657463505714216,-0.06060485473915174
15.63,-0.05598265917688939,-0.07190987697614327,-0.0557541661647677
15.635,-0.0530148038340611,-0.08014356898039457,-0.04818522115776737
15.64,-0.050010992071661826,-0.05098651615028307,-0.04824953445462888
15.645,-0.04340773908114212,-0.06427498326677573,-0.04043156876086381
15.65,-0.04982340379177469,-0.04215967932066667,-0.047254465971819974
15.655000000000001,-0.06610558718124968,-0.06785766387907347,-0.039125147060854015
15.66,-0.06103641694399711,-0.07320692611470189,-0.034337166756938875
15.665000000000001,-0.05132868593519342,-0.07027765857921332,-0.046255622088739665
15.67,-0.04480765680956091,-0.04812055677639607,-0.06404597738240436
15.675,-0.0724202441759641,-0.06067997044113935,-0.053836102790797404
15.68,-0.08097946569038324,-0.057312767011498386,-0.033266443848036335
15.685,-0.05428919131305087,-0.04781856895209075,-0.05858675621954317
15.69,-0.0496856022269901,-0.07090308743802413,-0.04731195824598923
15.695,-0.04993202383150849,-0.08146014803667483,-0.045171316529581375
15.700000000000001,-0.056760643725794736,-0.08237410933046338,-0.03889663878675292
15.705,-0.06901685091959345,-0.08492092286938474,-0.05105707222079572
15.71,-0.05962824564870592,-0.07013515599143558,-0.052651970942613355
15.715,-0.040322228238415594,-0.03513116589559856,-0.053035521459684806
15.72,-0.05279276683799783,-0.058202266085407676,-0.038276806312923926
15.725,-0.05975183266110927,-0.06688123192690684,-0.035358198457982964
15.73,-0.058885832998163454,-0.060917888737309876,-0.05302577744288653
15.735000000000001,-0.054283196644118396,-0.058957918490091604,-0.023822928730524
15.74,-0.05759532521508175,-0.0717346838598125,-0.038357256126680034
15.745000000000001,-0.06206241091693312,-0.06245954864937645,-0.0426203901911011
15.75,-0.03733609364181365,-0.08137572328332707,-0.04638230820455226
15.755,-0.0770164960470943,-0.07175406603145255,-0.0478932948296263
15.76,-0.05303261769845359,-0.0643955319808044,-0.036513837899664885
15.765,-0.07530727458571183,-0.05618537611515007,-0.058681109808766736
15.77,-0.052173063233409776,-0.05852246863839553,-0.03144799595826406
15.775,-0.057634827993941457,-0.07284799959222381,-0.050496408316175107
15.780000000000001,-0.07018338807244938,-0.07410479759082081,-0.04571557948544206
15.785,-0.09114596511146869,-0.07118442283921848,-0.06398810995837162
15.790000000000001,-0.07792569710282449,-0.07109500460985814,-0.04874227487541588
15.795,-0.06284943000142426,-0.07962746558047316,-0.05826558909131819
15.8,-0.06410461289718646,-0.0743177162025289,-0.055983556882659755
15.805,-0.0727071670016234,-0.07017042638613664,-0.04237961607275907
15.81,-0.06038457891570432,-0.09038474996014148,-0.04505363399964722
15.815,-0.05451162415291069,-0.07907925708102781,-0.04723724197573455
15.82,-0.06535838882639507,-0.07757205249343113,-0.02622514177057978
15.825000000000001,-0.06257021206744084,-0.09264148486501221,-0.0602425720159217
15.83,-0.07039709442914327,-0.07737140772997221,-0.06364770310912754
15.835,-0.08954393112872128,-0.05804005443240893,-0.04253021308026332
15.84,-0.04398588346821683,-0.07753127285231634,-0.03713208671984738
15.845,-0.0580184290179996,-0.07492205964066334,-0.04924391940072673
15.85,-0.05814850361000005,-0.06232443786755181,-0.04828480988132723
15.855,-0.05773866261739292,-0.06833381159020804,-0.03444978780604244
15.860000000000001,-0.055943573060362246,-0.07955645458185726,-0.04115713216232924
15.865,-0.05071701539693055,-0.08139242402068284,-0.05365314550221076
15.870000000000001,-0.07732411266137461,-0.10246971119931672,-0.0536277126922248
15.875,-0.06134714464654012,-0.09003505631896483,-0.051382425047665006
15.88,-0.046459907057880126,-0.05888285161306659,-0.054898444948019993
15.885,-0.08025129733942932,-0.08020427356893484,-0.04467629095357546
15.89,-0.057015520590522,-0.06859183873210183,-0.0337153815667522
15.895,-0.08630703205509306,-0.09742241833534468,-0.0596538527658819
15.9,-0.06904079817665718,-0.07466896170587507,-0.05196700792593373
15.905000000000001,-0.06507672267542322,-0.0734981090007772,-0.038751770365199195
15.91,-0.061029827610787894,-0.05884511333898722,-0.0503609661374146
15.915000000000001,-0.06688098865201436,-0.07114134074117269,-0.046766110063389335
15.92,-0.07718824738133342,-0.06282818150135563,-0.037947458237061846
15.925,-0.06257032555957404,-0.06699161796606115,-0.03487259769309736
15.93,-0.06312366860574109,-0.06939009355989093,-0.024350941185451926
15.935,-0.06653212006780533,-0.07043036213450818,-0.05284794246280091
15.94,-0.07430061630526286,-0.07536972440849106,-0.031316097985676375
15.945,-0.04169027985889616,-0.05540915637877831,-0.03352007337663607
15.950000000000001,-0.06463650837828877,-0.058339829729800806,-0.041077941677634566
15.955,-0.06020024247579425,-0.0684461542387649,-0.023295671619835923
15.96,-0.04880267337773596,-0.08015628102125322,-0.027555204755992352
15.965,-0.06562394055090377,-0.07072607481188216,-0.04500216542806642
15.97,-0.061778983000977096,-0.08744296340058409,-0.04499856203136118
15.975,-0.07637703472117645,-0.07655087877885905,-0.04417594334397046
15.98,-0.07919734685368546,-0.05243216066324511,-0.04971000359345339
15.985000000000001,-0.08333981403325243,-0.07570476056317368,-0.05266386895444712
15.99,-0.055923850789860084,-0.06709311977340222,-0.04972121975915548
15.995000000000001,-0.08450883089422032,-0.06613528287996315,-0.06048447132338676
16.0,-0.07408296363589155,-0.08514054771792065,-0.03372414343572228
16.005,-0.054121453687184115,-0.07529718982915222,-0.06295899012831477
16.01,-0.07561325988445623,-0.07980228582312611,-0.05814523066210186
16.015,-0.08446410139465012,-0.07957750676263553,-0.05153042530309742
16.02,-0.09086091060789457,-0.07680816575006812,-0.054189896663907305
16.025,-0.06465041956856715,-0.08466135819057925,-0.04545145964715666
16.03,-0.053992578680235916,-0.09129530830209706,-0.05471633774622218
16.035,-0.08010128262556904,-0.08702073285377353,-0.06181587135710567
16.04,-0.07312225111312694,-0.08468638212654883,-0.04972962068999523
16.045,-0.06603811929679247,-0.0779726796170698,-0.05153277340285752
16.05,-0.05954259718968687,-0.09112369755912766,-0.057548627998108365
16.055,-0.08237309733446378,-0.0824991701862371,-0.06833151925198583
16.06,-0.07039166570963133,-0.08477870231104939,-0.06780678428139804
16.065,-0.07010487064955505,-0.08028377812967605,-0.047768622931965356
16.07,-0.0700593558979653,-0.06383023830696621,-0.054310502329580235
16.075,-0.09468507445928055,-0.09229216780129208,-0.05805864425838099
16.080000000000002,-0.06847013856636007,-0.087134726853206,-0.07266235043577607
16.085,-0.08061249136711468,-0.08709117227652491,-0.04560186486567068
16.09,-0.06803589759029076,-0.09592034150351894,-0.034072109680061656
16.095,-0.07241393111537424,-0.09253648198699722,-0.06721859204452144
16.1,-0.06136726316993567,-0.0771914289083844,-0.046685810571965435
16.105,-0.08600017095194129,-0.09694498582377727,-0.033714349642158706
16.11,-0.07735141894568302,-0.08680679251101651,-0.04367348335540816
16.115000000000002,-0.08305497447131052,-0.08021805297013927,-0.018680940675574548
16.12,-0.06410785599021739,-0.0976101308136558,-0.04148123334322693
16.125,-0.08471726933842678,-0.10132475090077778,-0.041602385822403866
16.13,-0.07893622962254292,-0.09541643427756485,-0.04278032559684412
16.135,-0.06990451382232642,-0.09121991010065508,-0.05651532014758508
16.14,-0.0692101180476776,-0.09480719317591627,-0.034529503073854745
16.145,-0.08101303133558412,-0.08776613172551823,-0.049443243196782644
16.15,-0.09364664453855373,-0.09978698457061953,-0.046829320186833806
16.155,-0.07709960581619851,-0.09477427247599023,-0.06963496100104026
16.16,-0.08554224160607897,-0.08834078335600266,-0.04144307156695556
16.165,-0.08777576437642669,-0.07140721476533143,-0.04478355635210969
16.17,-0.08765577335549031,-0.0848444880261484,-0.050962509268299885
16.175,-0.08204185736159816,-0.08436867705870105,-0.06336690731254022
16.18,-0.08968253719922138,-0.08537315499928277,-0.03714152375567769
16.185,-0.07758419265165185,-0.08565655896585145,-0.05859919288850737
16.19,-0.10080873435971158,-0.07588918440129808,-0.04728254817496127
16.195,-0.07695849394609679,-0.08421678091694632,-0.0436021133810348
16.2,-0.08022199971202199,-0.06551211441021676,-0.040145606992828084
16.205000000000002,-0.08857426344943098,-0.08175434967344156,-0.05956669243985032
16.21,-0.07410595044579599,-0.10331700324736226,-0.028845552399872035
16.215,-0.07006289061825902,-0.09012303783726458,-0.05615628041142333
16.22,-0.08720790540594404,-0.10491178804870002,-0.04416883009006298
16.225,-0.07733903724222914,-0.0869802653551021,-0.06274907508842939
16.23,-0.06978789215185828,-0.08828917003660189,-0.042953559440700353
16.235,-0.09975298379363529,-0.09083798905015208,-0.05658894605685241
16.240000000000002,-0.06533859182836477,-0.09252457819046989,-0.06283922328808475
16.245,-0.09678329965387189,-0.100383684540536,-0.055989914080609285
16.25,-0.09899848875050006,-0.07984830010292682,-0.07237554437591508
16.255,-0.0803415868511012,-0.11082966072574169,-0.0684623139534821
16.26,-0.0804432134686494,-0.08882616202348831,-0.04817518084440098
16.265,-0.08950503039456038,-0.07890674563856338,-0.05679786702091745
16.27,-0.07721617667273777,-0.09023042277185546,-0.06590783524732803
16.275,-0.0849861724812022,-0.09664445230139167,-0.06653752709413291
16.28,-0.09162718071506308,-0.07768443556896105,-0.055207474885968125
16.285,-0.09850939688177561,-0.0956485844671164,-0.07799942437899761
16.29,-0.07948214590410388,-0.08664305761105048,-0.07032049659381488
16.295,-0.08875750768546627,-0.10831877055785818,-0.04269529112098066
16.3,-0.09285239297622631,-0.0960221627405933,-0.06437683846726895
16.305,-0.06564739330343031,-0.09926299028410226,-0.04969523038914492
16.31,-0.0797009670239092,-0.09908764999018976,-0.051557721698376004
16.315,-0.07854150634331648,-0.08317316113322186,-0.0558416618160437
16.32,-0.09083008445207427,-0.0933678478292238,-0.05323359261478785
16.325,-0.07480871357471532,-0.0955466231850815,-0.048680224084518456
16.330000000000002,-0.10594411916541771,-0.09795340061138458,-0.06406688000942007
16.335,-0.07282286568144189,-0.11378036327037537,-0.055701166792738836
16.34,-0.09037397292656688,-0.10475476673511264,-0.06566460589736511
16.345,-0.09906981218690165,-0.10892049476391168,-0.04900738810099076
16.35,-0.08861381822844594,-0.10428766981730758,-0.06268276086459185
16.355,-0.09146927239740422,-0.09373011508667727,-0.0781374291590107
16.36,-0.08999749299341166,-0.09402547856926481,-0.05273158059253182
16.365000000000002,-0.09870119468122417,-0.10019239202492437,-0.07149929349309525
16.37,-0.07192831128480201,-0.09703433298419856,-0.05955668462847956
16.375,-0.10283538692388221,-0.08629863171333892,-0.04965840837630048
16.38,-0.09457981391127847,-0.09445049836218102,-0.06352032008659647
16.385,-0.09460929736166367,-0.09677170511537023,-0.05010102111723637
16.39,-0.09392697028514563,-0.11606858985779513,-0.06515585414641988
16.395,-0.09465885746135869,-0.08155477112097419,-0.06604333211653139
16.4,-0.08959267113295818,-0.09778017047847135,-0.055601150490704486
16.405,-0.09206221458262827,-0.11025514928375128,-0.05065591244393544
16.41,-0.08841292048033439,-0.09392322199796665,-0.0571635747329517
16.415,-0.0855555395415083,-0.0793792783572835,-0.06506403129176022
16.42,-0.08768879589835489,-0.09925675295149688,-0.05390704281507692
16.425,-0.06996136821635648,-0.11252134233755293,-0.05750063853620681
16.43,-0.10724845828418374,-0.098312786554367,-0.05195343184824182
16.435,-0.08045571722159763,-0.09955512880299612,-0.06267142837096534
16.44,-0.09937815557530208,-0.08821764011348082,-0.06420274791958906
16.445,-0.07752780445313111,-0.09875199286139685,-0.06067168660654668
16.45,-0.08632804612331722,-0.0997021997546178,-0.0581975024526637
16.455000000000002,-0.09208253608903172,-0.09094561839955351,-0.0552278396943821
16.46,-0.08402838184669034,-0.08851062393343316,-0.06629949057887868
16.465,-0.0794805264588092,-0.10952448806059117,-0.05923394599764806
16.47,-0.09275097541478287,-0.08870061389718636,-0.060252089357187004
16.475,-0.1003490395526811,-0.09993874133083885,-0.06308390187597529
16.48,-0.10405240964811283,-0.10063450048279812,-0.05207727163222418
16.485,-0.08248769421962472,-0.08687587718766826,-0.06291883869072057
16.490000000000002,-0.11210731364938199,-0.1010194791942667,-0.04263352723755156
16.495,-0.09472644391578308,-0.10456580282193982,-0.07802849211885599
16.5,-0.0941324940836593,-0.1048023357173177,-0.05004234103548862
16.505,-0.08936335579132981,-0.09080084702654026,-0.06758581285036208
16.51,-0.06889945982537495,-0.09766723596456528,-0.05634039142556538
16.515,-0.08475695606743981,-0.11578830216796478,-0.0671747987704776
16.52,-0.08944943101571921,-0.11671732204591909,-0.07274293319957163
16.525,-0.0882539343099951,-0.09849530428309788,-0.07008751228919001
16.53,-0.08293511255026094,-0.11041130498885436,-0.05811145150167146
16.535,-0.08319408550631517,-0.11359207396607585,-0.07709522038249714
16.54,-0.09519209418634383,-0.10367826858202936,-0.032609933624680745
16.545,-0.10312463174484499,-0.10619030462136667,-0.06662981867018032
16.55,-0.08806797209679264,-0.09243139568308434,-0.05441394573519935
16.555,-0.09559391686754456,-0.1071868238158713,-0.06955445045771744
16.56,-0.08655641988820843,-0.11071307683872467,-0.08928278815419391
16.565,-0.09295278704937199,-0.09776140374008259,-0.0722024580862603
16.57,-0.09548767925230144,-0.09643153903369997,-0.0500241285742723
16.575,-0.1056390596083421,-0.08833595930926005,-0.07565536737267241
16.580000000000002,-0.10128610969608237,-0.11925121962592707,-0.060684406590668274
16.585,-0.0903364831274549,-0.09641448780649803,-0.04879854583660868
16.59,-0.07314296281697696,-0.10025230376191581,-0.06563161555792853
16.595,-0.10419071709739076,-0.0961224193399533,-0.06386660083747095
16.6,-0.07035226940183269,-0.08704168888152829,-0.09256954864260983
16.605,-0.10182838918611804,-0.07614430816755594,-0.07584420132254562
16.61,-0.08457940401998579,-0.1089472351722105,-0.06778710868142068
16.615000000000002,-0.11434763352548895,-0.09804595533122308,-0.0671053098015587
16.62,-0.10052719650623657,-0.10029122907964588,-0.09146857242141675
16.625,-0.09383167217473298,-0.10535312471948906,-0.060472826696196566
16.63,-0.08792057294112851,-0.09070958854670946,-0.05511083088025773
16.635,-0.09162574486745788,-0.0892611436195164,-0.060552343631343555
16.64,-0.10104156495986615,-0.10540092228647632,-0.06576822774345173
16.645,-0.06587059397244496,-0.10422910975155199,-0.07839388030219102
16.65,-0.0931514685205537,-0.10053930590340487,-0.05301271604264199
16.655,-0.0881172757974172,-0.10599240797049381,-0.060659786293209256
16.66,-0.0836297873213042,-0.09629065319873369,-0.06841057807246378
16.665,-0.10082861442176556,-0.11446970100507108,-0.07870184482097595
16.67,-0.08633925509373201,-0.08668006615476438,-0.06835149541752931
16.675,-0.09613494968411482,-0.10893521396963664,-0.06886982447653114
16.68,-0.08200630989372432,-0.10530655355676288,-0.058423857989350826
16.685,-0.08914859057906302,-0.08876070838615283,-0.044442393883688563
16.69,-0.10111176711310302,-0.10041704198890486,-0.056145216300713334
16.695,-0.0919851608407166,-0.08942716819147531,-0.06680341167815787
16.7,-0.07910639009426543,-0.08804524954795681,-0.07913005302017417
16.705000000000002,-0.08678194761756015,-0.10393868781107898,-0.06915934243245149
16.71,-0.08558315668683783,-0.08899991701343478,-0.058863646432705044
16.715,-0.06899478331014273,-0.09648360333426152,-0.07505590995108465
16.72,-0.07294046691985615,-0.0961123592249669,-0.0657355074497607
16.725,-0.10430298293484949,-0.09513971827532161,-0.05465581848872868
16.73,-0.08760965838060597,-0.07703565993570899,-0.06018558127594739
16.735,-0.07797237999987555,-0.10257551188222566,-0.08097903755218172
16.740000000000002,-0.09536118932907334,-0.09963291305950925,-0.062163773465081625
16.745,-0.07540900101501588,-0.09509824697693295,-0.06735588411082585
16.75,-0.07809000942576068,-0.08453218102281872,-0.07223829171730219
16.755,-0.07925009138585323,-0.1107760106680999,-0.06974711330547373
16.76,-0.09271185862886111,-0.10972328430759733,-0.07426779397007442
16.765,-0.07985573190376023,-0.09906589526635068,-0.06379989614042095
16.77,-0.08071350769946109,-0.07556172719953645,-0.060118577827742936
16.775,-0.08326419331862138,-0.10202229462299088,-0.07376733543922828
16.78,-0.0681820211268919,-0.0786488070167049,-0.05713705802718438
16.785,-0.06661714175134957,-0.09656152915498746,-0.07580132923906613
16.79,-0.0831177809601633,-0.10981040410228914,-0.08150568289555647
16.795,-0.08305019531240374,-0.09506959617115471,-0.054655724002316816
16.8,-0.06997153242917012,-0.10555253028423042,-0.06264936051658294
16.805,-0.08616098197513997,-0.09279660284536904,-0.05847235114367303
16.81,-0.08626304779547718,-0.09051002420535983,-0.07658421567568574
16.815,-0.06577168443122605,-0.09256712424761492,-0.06989104970743698
16.82,-0.08281076906176135,-0.09434902798577408,-0.08199037248885964
16.825,-0.0964923162404198,-0.10323838616083544,-0.07745159758833364
16.830000000000002,-0.08169344357109404,-0.079825708299754,-0.07952087535852899
16.835,-0.08224695770741584,-0.09645778085845536,-0.08064075433966163
16.84,-0.07400150256573623,-0.10522124428288535,-0.06764279563545401
16.845,-0.08438036684031971,-0.10169859512010879,-0.08972544662437933
16.85,-0.08463886269544484,-0.09093507541093283,-0.08063776683845407
16.855,-0.09254833176909195,-0.10097525644977876,-0.06910037198933444
16.86,-0.06867493901104732,-0.09422539428961005,-0.07277395458764312
16.865000000000002,-0.0727561083906555,-0.08064893858995888,-0.055922446244873934
16.87,-0.09319281817630627,-0.0926683182416549,-0.08136628916125872
16.875,-0.08373237386453118,-0.08672859288345779,-0.07116958438126843
16.88,-0.089474516248859,-0.10027541484645494,-0.05886737341928754
16.885,-0.07931800762393036,-0.08813465459613579,-0.08533198490629107
16.89,-0.0812537702631106,-0.09110070949606544,-0.07962056584638522
16.895,-0.07410479977417826,-0.0841758152531424,-0.0749500132585238
16.9,-0.08215869893838505,-0.08579342214424686,-0.07924209141926297
16.905,-0.07264589411774204,-0.08150635122914084,-0.0569081186692348
16.91,-0.08617656784221771,-0.10775197199858727,-0.0654603545687809
16.915,-0.09308924400971012,-0.0847629530889352,-0.07133425792289556
16.92,-0.08805897493675341,-0.09832372351976207,-0.06675332552410598
16.925,-0.093732225416441,-0.08530318283918369,-0.06622009190345149
16.93,-0.08028177809094582,-0.10461579372776347,-0.07626452659654973
16.935,-0.0835840927798362,-0.07663903956741866,-0.0694517206561961
16.94,-0.07443201316869073,-0.08222518916404921,-0.08515743440886402
16.945,-0.08055130852288586,-0.0856516059538028,-0.06868584611699256
16.95,-0.06176838618108992,-0.08932809399812033,-0.07533135466008697
16.955000000000002,-0.08103268383417221,-0.07367395282848911,-0.07446480318205868
16.96,-0.08112497059189708,-0.08100972984861131,-0.0739521113800415
16.965,-0.09200670557425845,-0.08945900354063943,-0.0575458152277061
16.97,-0.06517337726773398,-0.08959545416540991,-0.05609599804595209
16.975,-0.09979231484568041,-0.0844602594626514,-0.07631972910642647
16.98,-0.08469876657657557,-0.08597089562374279,-0.06682264906479451
16.985,-0.08085824103663385,-0.09164986948796187,-0.08163726670581403
16.990000000000002,-0.06900132703545123,-0.0785487863186768,-0.07599597264105139
16.995,-0.08618524149320923,-0.0929289433973183,-0.07355358407343747
17.0,-0.10106443698158794,-0.08555809191939269,-0.06948811511475893
17.005,-0.07203079609553897,-0.09887782085997729,-0.06128139684052193
17.01,-0.0801937834457551,-0.09027300440384282,-0.07549257218149126
17.015,-0.08704621877260571,-0.11545937281223742,-0.07805711525347954
17.02,-0.08335850962402666,-0.0972881540980627,-0.05754745705444541
17.025,-0.07052526833564826,-0.08024786385321357,-0.04676495418721322
17.03,-0.0777809648879871,-0.09364487287537995,-0.06323885614513529
17.035,-0.07597043878473833,-0.0872841647257185,-0.0576068097988522
17.04,-0.08001447122486666,-0.09757190971030423,-0.07898979010666458
17.045,-0.09547324329911908,-0.09358012679043017,-0.07012803014918688
17.05,-0.08219373158486547,-0.08130039643658657,-0.07389848641006908
17.055,-0.06311204343102411,-0.08852095316747335,-0.06519177048140193
17.06,-0.08120331223599402,-0.09693519100667616,-0.07253237177631647
17.065,-0.09674006724159943,-0.09723560511498724,-0.06862260772311517
17.07,-0.07980988846579162,-0.07520308920222632,-0.06259086460217356
17.075,-0.08124973345023963,-0.07370527849454174,-0.058440506604273065
17.080000000000002,-0.08199614088097909,-0.0747512172416163,-0.046524731938362845
17.085,-0.07440627007503232,-0.07705523791708131,-0.07148522274062666
17.09,-0.0853218378926758,-0.07731241134516166,-0.06793709335824544
17.095,-0.0716000470197549,-0.09388446306174031,-0.06729419759166186
17.1,-0.07685197280482071,-0.08382168457456342,-0.06474382937745898
17.105,-0.08585460256077626,-0.07617984870597376,-0.06860759458782302
17.11,-0.0884341836138747,-0.07500916580969777,-0.06222860762848892
17.115000000000002,-0.07583988290660605,-0.09632717277661497,-0.06422458544348755
17.12,-0.08946475218112349,-0.07835519198873139,-0.06024078823421788
17.125,-0.09147154124107801,-0.08705623385851564,-0.04886568634848601
17.13,-0.07665242112603267,-0.06530826186640504,-0.07015680634112442
17.135,-0.08621376813314326,-0.08716861020136997,-0.07433182119768718
17.14,-0.06787173727399819,-0.07684142215638776,-0.05848585718911742
17.145,-0.10630823728001734,-0.0760167585138109,-0.04150759935635726
17.150000000000002,-0.07098862235139762,-0.06800967167498664,-0.052434804995785414
17.155,-0.08596919316042122,-0.07198936066379842,-0.07218026529714336
17.16,-0.0790534631735798,-0.08382709294267683,-0.04564863236037213
17.165,-0.07786108563052978,-0.059055024453405006,-0.04245039629291782
17.17,-0.08444062448678406,-0.058634170429786,-0.04696288152838613
17.175,-0.06688730134799381,-0.07342113296927044,-0.05634805071330606
17.18,-0.09244639711220343,-0.06675120151490023,-0.06664798076146732
17.185,-0.07526850029741565,-0.06909302944836943,-0.0575957652748491
17.19,-0.09137624010523818,-0.05417701380967852,-0.04126112333310498
17.195,-0.08745313230784288,-0.07464128975900369,-0.050254334517366814
17.2,-0.07614843429318033,-0.07567119218201063,-0.04792902137675267
17.205000000000002,-0.07954282459074248,-0.08349657929135841,-0.05396436432971361
17.21,-0.06696159589927206,-0.052646011281198335,-0.05257963471310497
17.215,-0.08016717222949502,-0.03956211392019106,-0.06324524508040491
17.22,-0.07007474950514041,-0.0651605450663765,-0.05528374387976681
17.225,-0.05290430518768091,-0.057726551117979946,-0.045342090533239524
17.23,-0.06753360711670897,-0.06437934752334294,-0.03340430246566434
17.235,-0.07017755662194855,-0.07857677891738724,-0.0647044974834339
17.240000000000002,-0.0807605438538587,-0.05982369891495226,-0.05317979432788882
17.245,-0.08235774022313505,-0.07025123300195033,-0.03580009123777972
17.25,-0.054384398341856294,-0.0644567558563146,-0.05033593488957413
17.255,-0.07474130275147192,-0.0626035835100043,-0.05866742948097694
17.26,-0.057351619831825636,-0.06455925208486164,-0.03982478441460738
17.265,-0.06434416089104053,-0.0520403221669437,-0.051474511365628896
17.27,-0.07585484834415987,-0.04639938821291587,-0.04998590419295868
17.275000000000002,-0.08211243366622967,-0.056431726025325986,-0.050709382140012485
17.28,-0.07333210507092339,-0.06852475743459897,-0.03630420814825829
17.285,-0.06150211351956444,-0.06146087235437748,-0.05419359048090384
17.29,-0.0574283902576789,-0.059153853746367065,-0.04904990309768393
17.295,-0.0777138529877571,-0.06411034619501808,-0.04655690297022054
17.3,-0.08210654590543866,-0.06052145544581465,-0.05118833372475678
17.305,-0.0836919322896028,-0.05327620436732969,-0.04688487327155638
17.31,-0.0627901554839209,-0.06623913135569089,-0.046039574639665265
17.315,-0.06944711019752454,-0.05273244166938536,-0.04833433730874448
17.32,-0.060974917912183894,-0.05240505053106104,-0.037466201033367494
17.325,-0.07684001459132561,-0.03895148792012172,-0.03835543409210051
17.330000000000002,-0.06162361235449611,-0.059722366856757025,-0.032562193659284866
17.335,-0.06456765276982662,-0.0732214267185513,-0.03514428472754462
17.34,-0.05540434511624601,-0.06913268817656212,-0.04880497144628671
17.345,-0.07128324093644312,-0.08345880261507047,-0.03365760640264455
17.35,-0.0692518375253463,-0.06442270297302459,-0.04848893888749785
17.355,-0.053586545638858674,-0.07207382969759939,-0.03290327161834965
17.36,-0.08674439635127656,-0.07298541695011693,-0.05079061720852109
17.365000000000002,-0.06251600862471773,-0.07019339339401148,-0.03881898972481617
17.37,-0.07591333881402013,-0.052703887406067795,-0.04039483489613072
17.375,-0.0709649196030106,-0.067989924049492,-0.06993747712649548
17.38,-0.07417136857235991,-0.07546556977051869,-0.06292172096596596
17.385,-0.056527281324481496,-0.040824051251646655,-0.04529853997991405
17.39,-0.07439213075740024,-0.06124103263688326,-0.052931904731767836
17.395,-0.06567205926021027,-0.06795121761155014,-0.045727085060640875
17.400000000000002,-0.05728445175468018,-0.06527399073108735,-0.048825539547953815
17.405,-0.060899605360460504,-0.05675516711493393,-0.03954057157924572
17.41,-0.05615887024243419,-0.05230846608249544,-0.06922296542695511
17.415,-0.05822087778399607,-0.06211785466779065,-0.04788429618591528
17.42,-0.06523594090134545,-0.0781518111231915,-0.04567698773184197
17.425,-0.04826335500373107,-0.052002421899822925,-0.05739264118448874
17.43,-0.061049454118247325,-0.06790679074796448,-0.05106725900734098
17.435,-0.05674594154402217,-0.06538463998822783,-0.03595733343052497
17.44,-0.04328954160512009,-0.06289256149669431,-0.02970877139713464
17.445,-0.06441978984975318,-0.07089740527903989,-0.04808118229516264
17.45,-0.049725104386225585,-0.06289083024028044,-0.05627214044272219
17.455000000000002,-0.057864259677092925,-0.0533062810958083,-0.033396522694515096
17.46,-0.044642604879272865,-0.07141024661900607,-0.046437364142583114
17.465,-0.04255637220236076,-0.08510887215558416,-0.0741216465494868
17.47,-0.05497962958490396,-0.053677335115106375,-0.04737924875471908
17.475,-0.059852293129128355,-0.08188031848969929,-0.026099952877282423
17.48,-0.05831858734903773,-0.07381821492976412,-0.02838593195904783
17.485,-0.06057084494431245,-0.06403813384201554,-0.05351559062529312
17.490000000000002,-0.0548664561548136,-0.07072478786702734,-0.042135179301256515
17.495,-0.057179276960393516,-0.07054038914457934,-0.05243511488431581
17.5,-0.035548118750958674,-0.06811317427419473,-0.05367442797195326
17.505,-0.048050917746469135,-0.08132939387907258,-0.0499560309177872
17.51,-0.07041743301253918,-0.07841053677054186,-0.04934998230866322
17.515,-0.05596150245961613,-0.08123507078697362,-0.038419455776519174
17.52,-0.0510194696853786,-0.08454366596649608,-0.036060343790547046
17.525000000000002,-0.052526313689308914,-0.04732800630378219,-0.034412827344925186
17.53,-0.05023039566019415,-0.08462089517681556,-0.049542220091296794
17.535,-0.055941165592488025,-0.09224630595522851,-0.056993974532554656
17.54,-0.0453596626972082,-0.07785804207512911,-0.03585392815246162
17.545,-0.0484507185363533,-0.06607523753056833,-0.03292135312547849
17.55,-0.047872070525368446,-0.055725196975225266,-0.04777472712144384
17.555,-0.051067978491128915,-0.07928855672075742,-0.04482190235190615
17.56,-0.05503861153621124,-0.07915560705454998,-0.05150583113468549
17.565,-0.05909144692372705,-0.08767163214512251,-0.03464442171049768
17.57,-0.04545507955241232,-0.07663955826176681,-0.06186569263699209
17.575,-0.04874757858945621,-0.09391581297308393,-0.051078472099689055
17.580000000000002,-0.057035834918826966,-0.07588583595578458,-0.02784177892668232
17.585,-0.0646314007380655,-0.09790372912579941,-0.013127258941966853
17.59,-0.0329550769355981,-0.0755365541460301,-0.0367523533277838
17.595,-0.039437532908057404,-0.0891007074107283,-0.02578144570892476
17.6,-0.05352971424025503,-0.07061009563843512,-0.03862477685289319
17.605,-0.05663369673684865,-0.07231887809094853,-0.02617912926576763
17.61,-0.04607837879543697,-0.060524271923798126,-0.04391797164889914
17.615000000000002,-0.049490904374902604,-0.06470154214604174,-0.03519503753958752
17.62,-0.0477043832318423,-0.06924019892348257,-0.02121343225231906
17.625,-0.04321681360733551,-0.08196072985776108,-0.05035367990617358
17.63,-0.049846672572288656,-0.09018235380045175,-0.027156334971447125
17.635,-0.04611419820999417,-0.0721492187535126,-0.03764250539298618
17.64,-0.03213993859134498,-0.061790101158248956,-0.025182323409436637
17.645,-0.06340901596189144,-0.06882625893728446,-0.022892188507206118
17.650000000000002,-0.04110074003228206,-0.07906243596856635,-0.023421129772295463
17.655,-0.03566470927524237,-0.07714102775648743,-0.014360879325484955
17.66,-0.03448478419561154,-0.08063615607263243,-0.02074703446256343
17.665,-0.04286590755146773,-0.08644974168648878,-0.032777614382135306
17.67,-0.05288991548622039,-0.07934537370306874,-0.03549597250804421
17.675,-0.04742455398317616,-0.07742501111517551,-0.022195712561502837
17.68,-0.059242387081979195,-0.08119468893959936,-0.03147246500655672
17.685,-0.047447019137836506,-0.07560160139275122,-0.036972852754229624
17.69,-0.03365450249941632,-0.10045905139165304,-0.007202780551303224
17.695,-0.036098330854046255,-0.07865446161369456,-0.03447021483238256
17.7,-0.045480504725738176,-0.09579947688021073,-0.021162497380684948
17.705000000000002,-0.03246824682212046,-0.10034856836909617,-0.023579713042734842
17.71,-0.04895864647916802,-0.06189009096077448,-0.031128640788493495
17.715,-0.04310801501546401,-0.07895595259994145,-0.051335399077638504
17.72,-0.04259005689867807,-0.0897526754406828,-0.030907454543394674
17.725,-0.06471056216101936,-0.08081569927888221,-0.04192673755969562
17.73,-0.051676564701582293,-0.08166000891954683,-0.029144795322726434
17.735,-0.05829155726086151,-0.09079643591137788,-0.019825170658961888
17.740000000000002,-0.035863360554599676,-0.0775983806538978,-0.01833321703118598
17.745,-0.05240700885837997,-0.07241372161247751,-0.017898826278037995
17.75,-0.03350484350185849,-0.0981034999036079,-0.03476674463686879
17.755,-0.0329474438189651,-0.08091328251028433,-0.025158066035820558
17.76,-0.03850126523964177,-0.09457971761643835,-0.03942626059025403
17.765,-0.029354730100074736,-0.07366675280611513,-0.02917540884701529
17.77,-0.02399940368414316,-0.08623560117500334,-0.049501029713304924
17.775000000000002,-0.04341461108589523,-0.10448838309801714,-0.03101826642367836
17.78,-0.046354885438454195,-0.07397141612614815,-0.016799500914942988
17.785,-0.04565353348350436,-0.08709756826258892,-0.030763699357364616
17.79,-0.03862011912435306,-0.10812345365209226,-0.05059037237633073
17.795,-0.04649168823518287,-0.10887959055008636,-0.07109520666735841
17.8,-0.05765186421281797,-0.09124397119800091,-0.05478710579886495
17.805,-0.055997354715042524,-0.09116420846447645,-0.046359269574374265
17.81,-0.06042850139909135,-0.09138175012226157,-0.04462007620121667
17.815,-0.06212540411510009,-0.08311349977743283,-0.03769220405042432
17.82,-0.04639205755405243,-0.0812781404535911,-0.03784056178645263
17.825,-0.0673629171123484,-0.08858140320134875,-0.03830787068122828
17.830000000000002,-0.05979266198753489,-0.0840416453614246,-0.04120082274200726
17.835,-0.051599396437290765,-0.11018907485502158,-0.02915401859879104
17.84,-0.04484638883665906,-0.09987508358522015,-0.05268578965724276
17.845,-0.05617991013941055,-0.08951570138604777,-0.042561424690189496
17.85,-0.056761007404142354,-0.09291770398487209,-0.0383129911164032
17.855,-0.05982296942545619,-0.10277250174931205,-0.026089511217389207
17.86,-0.057113364876202666,-0.09634210668679458,-0.02294166100074163
17.865000000000002,-0.05748800193129773,-0.09893948073425363,-0.05416777296257434
17.87,-0.05633476011026815,-0.09628817827240661,-0.04843729694832453
17.875,-0.0427543337725904,-0.08166218485413146,-0.042780010307701594
17.88,-0.0470483710702707,-0.1090234004095139,-0.02144473389910203
17.885,-0.05598834264015194,-0.1090620470899954,-0.056239068202892345
17.89,-0.06396967286900089,-0.1080704562584062,-0.040241622170709
17.895,-0.058235834760063554,-0.08662323296075207,-0.04283030910901478
17.900000000000002,-0.04864513412826213,-0.10322576342743305,-0.035779113185976874
17.905,-0.060353613858503435,-0.11610195245437605,-0.05102755929660215
17.91,-0.042410181181967085,-0.10589122163951042,-0.02520963154767989
17.915,-0.054042600668131394,-0.08759428281812011,-0.04223062190990118
17.92,-0.05197372112041154,-0.09911268222154605,-0.029396675480529863
17.925,-0.041887787141438176,-0.08424349376691886,-0.042549402870020736
17.93,-0.04164099555853922,-0.0831816696028693,-0.0376278251382911
17.935,-0.037197009929183136,-0.09448566342328192,-0.04939085426240788
17.94,-0.024656812902337868,-0.0976768526575234,-0.024433580248015233
17.945,-0.047811328809630876,-0.09639970279689533,-0.038343757569678394
17.95,-0.05699974303093157,-0.09646332501190906,-0.025690982072080395
17.955000000000002,-0.05505707220040884,-0.07198368161455657,-0.05258565951970456
17.96,-0.0658662450281543,-0.09079753606670606,-0.018588491110065882
17.965,-0.042713737585222566,-0.07759507246663777,-0.03089456615373749
17.97,-0.02517473339157869,-0.06830329179280617,-0.02361801583285856
17.975,-0.03214977951241374,-0.08522896180570001,-0.027980709556189448
17.98,-0.04354104677377503,-0.07791624062863184,-0.031176989647273508
17.985,-0.03320063142611868,-0.11478756238404265,-0.015933207873056476
17.990000000000002,-0.03737503996038469,-0.07940438512389134,-0.015627892955133095
17.995,-0.04319882856326415,-0.09175479299513917,-0.018316909801897936
18.0,-0.04596600999502989,-0.06683330608812013,-0.03010950143508124
18.005,-0.03994603815887211,-0.09155086580085223,-0.011840697857845844
18.01,-0.04044368044493735,-0.0998110902065639,-0.027921307291453746
18.015,-0.04957487198811499,-0.06897107225401974,-0.026088166527780562
18.02,-0.05264466881875103,-0.10741025517421535,-0.024578530326899408
18.025000000000002,-0.02842409538200194,-0.07388477419055997,-0.03429363871531524
18.03,-0.04035660845614446,-0.0935029116698955,-0.03310930022726044
18.035,-0.06947218916069864,-0.06652442375735786,-0.025305184083912562
18.04,-0.038579566042667685,-0.0952270872686427,-0.03860439246081358
18.045,-0.04010874194472126,-0.07748223598955307,-0.033110266088996906
18.05,-0.06102997953375458,-0.09767344760306025,-0.0143810857289525
18.055,-0.051234736649337455,-0.0988315723142555,-0.036532010509380666
18.06,-0.0337965562139986,-0.07847087949035104,-0.03422098264053168
18.065,-0.037295809661527846,-0.0915648116501743,-0.01524222868893143
18.07,-0.03678781625269249,-0.08229337320079266,-0.01675066470095274
18.075,-0.042151578745389204,-0.082566240164326,-0.02448772850392058
18.080000000000002,-0.028550573787202094,-0.06721316700662085,-0.053138671238396724
18.085,-0.051041600701177005,-0.08160492506877375,-0.026517387259240497
18.09,-0.031799733744732425,-0.08910415388669754,-0.016886871437491662
18.095,-0.050346437162879565,-0.08922644568953293,-0.030567736935737364
18.1,-0.04015385760837134,-0.0851355939735448,-0.011914706134590804
18.105,-0.025209026117740615,-0.08551182542829822,-0.014856040512088494
18.11,-0.03719200803753514,-0.08034906862917834,-0.014429656589599906
18.115000000000002,-0.028804254184587413,-0.08789583481378413,-0.024445793086638197
18.12,-0.043835692080699304,-0.09180996417655213,-0.026980542766449137
18.125,-0.04168496582761788,-0.0845039569284799,-0.040559133481861714
18.13,-0.05873562290076054,-0.0775531443032166,-0.02711835826543494
18.135,-0.03133946816622818,-0.08311907740549199,-0.0005683952062298971
18.14,-0.04102767151015076,-0.0973305331844227,-0.03104317061785732
18.145,-0.045336101743573186,-0.08570033615119596,-0.026324883554736746
18.150000000000002,-0.028819237770819503,-0.08093381128890961,-0.019517623779887847
18.155,-0.04429867665782741,-0.09008123121698278,-0.024929118842145843
18.16,-0.04573361336127231,-0.08027624251259227,-0.015673392323624122
18.165,-0.011880010107167712,-0.08998431597559331,-0.002677253304379939
18.17,-0.05256164258606082,-0.09349560607800167,-0.01697587241407684
18.175,-0.02989286091198546,-0.08400562317369048,-0.011414614958463538
18.18,-0.032102958799209005,-0.0903438008582751,-0.023274006434902367
18.185,-0.03658612591467451,-0.077312853797953,-0.019556526688268055
18.19,-0.032060405960639894,-0.06636607890914244,-0.030953697512982808
18.195,-0.04158797693208374,-0.08293219914330108,-0.0365788740050868
18.2,-0.030741752995607226,-0.08362638721727034,-0.012977768547848895
18.205000000000002,-0.026829975946475307,-0.09840733267899764,-0.03813887948409408
18.21,-0.017865597694439243,-0.07506952585025281,-0.027651523560455638
18.215,-0.031014189364044462,-0.08214691926871634,-0.007533645140039343
18.22,-0.027920571302666952,-0.07852460002635321,-0.008535263648641711
18.225,-0.025272979492809586,-0.09413390633984292,-0.03206861060414485
18.23,-0.034151678203423,-0.08256673459744941,-0.008003776211637136
18.235,-0.038712035832180205,-0.11885854967312613,-0.02790163898433024
18.240000000000002,-0.031330366166151716,-0.0746433848896431,-0.020576993023789226
18.245,-0.038204891585392094,-0.10680736039082483,-0.017694650575627826
18.25,-0.025291092926757578,-0.08862497533076658,-0.026935684794776545
18.255,-0.04722378647738816,-0.09044812133263139,-0.031182033014180432
18.26,-0.05112727323399711,-0.08656509256947476,-0.024283290456077748
18.265,-0.03614184439837346,-0.09821605535275475,-0.015430166855060705
18.27,-0.03386032421777106,-0.1088238877904463,-0.03563391651660733
18.275000000000002,-0.040702010211038704,-0.10163087831279884,-0.018277933737843727
18.28,-0.04399425200052437,-0.08156049900179166,-0.01802676780311863
18.285,-0.04004892158528638,-0.0930913292123737,-0.019283944584898977
18.29,-0.03262900995309826,-0.09331726700115361,-0.014799420589802385
18.295,-0.03497891658957002,-0.09317249742799706,-0.022476636210352355
18.3,-0.029432208487873264,-0.09001162472908235,-0.03347044795086485
18.305,-0.04006411119025723,-0.09695238999880398,-0.02447858919232908
18.31,-0.04606604119347087,-0.06622436710332594,-0.023054864168496916
18.315,-0.024225056226084344,-0.08289418298226284,-0.04458708104793613
18.32,-0.026583022388528665,-0.09517909067679634,-0.01960389988012897
18.325,-0.033628459327069836,-0.07976269766100509,-0.0347381254467678
18.330000000000002,-0.016717840038196798,-0.08220944257243755,-0.03529241252135792
18.335,-0.022121471408174113,-0.07595057939625088,-0.018016722373649
18.34,-0.03269613270652234,-0.08331620514051294,-0.03817582705071711
18.345,-0.03497982979530946,-0.07233513643939193,-0.007233696619131227
18.35,-0.04551423034897543,-0.09732836772205976,-0.04364504992083202
18.355,-0.02574361131652016,-0.08935004593208748,-0.014064075128089078
18.36,-0.03668662263843807,-0.07602950643295533,-0.024801830355193975
18.365000000000002,-0.05695360682354293,-0.07414981434332918,-0.030753394664739097
18.37,-0.02552698037852119,-0.09631757750419156,-0.032232852808601956
18.375,-0.05394447489183712,-0.08780611895683202,-0.03502190614060789
18.38,-0.03332690505548502,-0.07093925695256716,-0.023329734722343266
18.385,-0.05405131354632598,-0.07014324276983641,-0.02640099630350684
18.39,-0.034608547373542395,-0.06961261821674924,-0.018371002009548172
18.395,-0.03732783457557219,-0.08830910288596563,-0.01042366547003604
18.400000000000002,-0.012413368502641336,-0.06668754952711824,-0.016058728691537964
18.405,-0.042041071660464405,-0.06642069161311798,-0.02984627757730061
18.41,-0.01123060001548723,-0.0939457638149418,-0.02930453122727305
18.415,-0.02868418550299746,-0.0701044049180358,-0.017151366290670798
18.42,-0.012655350137701898,-0.07898299693430985,-0.009107630502900789
18.425,-0.02422872125668186,-0.0781656265376553,-0.015160935860247346
18.43,-0.008578956349984509,-0.08053075504247029,-0.014437242639046416
18.435,-0.030799527336585517,-0.08715302083969079,-0.021902083890636578
18.44,-0.01758861832289477,-0.08747241553323265,-0.028083819737796903
18.445,-0.031657610543473616,-0.07635236726653953,0.002622357153999116
18.45,-0.030915179680955467,-0.0981743295864433,-0.040951715019855006
18.455000000000002,-0.0395252939097009,-0.06641642284236401,-0.019687177057692167
18.46,-0.02724500526979319,-0.07733289852976025,-0.004284128087286242
18.465,-0.03872581206122658,-0.09328106752921285,-0.014096153981197148
18.47,-0.047383174853007214,-0.06581229129804872,-0.013247967293082221
18.475,-0.037374377914665156,-0.08754956797096755,-0.009630435377764038
18.48,-0.029361460908334837,-0.0763403611999171,-0.025078762552328895
18.485,-0.025554437358923338,-0.07183829824242366,-0.0056762826071993806
18.490000000000002,-0.057180720684387634,-0.08423071145328251,-0.022578588161614826
18.495,-0.03797047482984673,-0.08335449810419895,-0.021349520551970855
18.5,-0.04170326070152902,-0.06620434019306057,-0.005387287967056495
18.505,-0.03631005305179204,-0.08922140791781318,-0.009487963467630036
18.51,-0.037739334931999505,-0.09387512654914709,-0.021894728252963916
18.515,-0.03743527887963009,-0.06333349750553549,-0.02022714836325232
18.52,-0.014769041637665486,-0.06355327382195455,-0.0319264205194742
18.525000000000002,-0.0489766599105159,-0.07270283749437714,-0.031107034364652432
18.53,-0.03646649167582412,-0.06940507049234348,-0.027172396763303904
18.535,-0.03166836376228513,-0.06759427074595328,-0.014961852949237606
18.54,-0.015692617112950783,-0.09119340518394634,-0.022989869582129594
18.545,-0.0493619384004258,-0.08897309908999032,-0.013387353957786601
18.55,-0.03108056490448556,-0.06614311966240224,-0.013803760166255532
18.555,-0.04452670858989828,-0.08495014628031808,-0.009479895302014044
18.56,-0.03384346742612129,-0.07818354837128728,-0.02477109938750497
18.565,-0.033948160088698096,-0.06560953217466202,-0.026929522535599736
18.57,-0.02276557077839653,-0.07043191943480809,-0.02134699197070557
18.575,-0.04186613764781158,-0.07589134517750534,-0.015447301128936879
18.580000000000002,-0.028057611978855188,-0.08122234424067372,-0.032895205795938354
18.585,-0.04093813864955886,-0.057056097482206206,-0.0015110724775512108
18.59,-0.03912368007741246,-0.06650474100021685,-0.024547940372611446
18.595,-0.03268421421474853,-0.0794685843162596,-0.01243999011269696
18.6,-0.03414860093885414,-0.07212281971832357,-0.040245251639267045
18.605,-0.04120268869959155,-0.06928061393333536,-0.029086379737372443
18.61,-0.04893938929589768,-0.05522169433197644,-0.03550727913118025
18.615000000000002,-0.032804098028507415,-0.05719983313368088,-0.017795658073478153
18.62,-0.04884591773629399,-0.07626973829205269,-0.02869167957002064
18.625,-0.031173062273083755,-0.061014103748775105,-0.027327469195604637
18.63,-0.043659691750867875,-0.0667398729695614,-0.031060504613209076
18.635,-0.03504686733810555,-0.07806207194202196,-0.012094114858164355
18.64,-0.04391566338286225,-0.06695588645531873,-0.028006735787099116
18.645,-0.04058306397394329,-0.06465099185836834,-0.020874848916158928
18.650000000000002,-0.04170962339395669,-0.08049752601055771,-0.0223724241311481
18.655,-0.03243958068963897,-0.05899448902484716,-0.007906603623793968
18.66,-0.0503607240475244,-0.05772730670808214,-0.010768528694906954
18.665,-0.02256552774102771,-0.08575448415854454,-0.0065050963276016924
18.67,-0.05306245237923717,-0.0694089072388793,-0.02811708978839845
18.675,-0.04393723166815787,-0.06745641820272893,-0.010392365735404302
18.68,-0.03772358161680037,-0.07873621179665827,-0.02031370647315677
18.685,-0.01132638252410138,-0.08025577457012827,-0.016325570850924995
18.69,-0.023158890800510607,-0.07671716331177685,0.012157390206230969
18.695,-0.037117954710865375,-0.07838457932208931,-0.03060144516304119
18.7,-0.046137363013751584,-0.06786275456031118,-0.02810610512053823
18.705000000000002,-0.04582644645901685,-0.07909710450987936,-0.02736235812903636
18.71,-0.03702145675201394,-0.06203947757243451,-0.037354722313323444
18.715,-0.03245727749646314,-0.06186227580778063,-0.03266337119521319
18.72,-0.043394258250018095,-0.06826698356565408,-0.025245396473290285
18.725,-0.0368335263848798,-0.08705803635507617,-0.016090741193838857
18.73,-0.04331415815828045,-0.0701754404246242,-0.041947726748838246
18.735,-0.047821290072040515,-0.07239268216794426,-0.013742890891443779
18.740000000000002,-0.057064621290444345,-0.07546686906155632,-0.024775961297891544
18.745,-0.027303631632074693,-0.06637994936761459,-0.0032871343164642824
18.75,-0.038707259314979994,-0.06360484359997408,-0.0353800784150623
18.755,-0.043037455267031614,-0.07802427882549842,-0.04009404878651177
18.76,-0.03708825589225437,-0.06972770771386318,-0.0019858039965823613
18.765,-0.04287109010879876,-0.07263620904991044,-0.007066016563878669
18.77,-0.02621724571404839,-0.058292263710838246,-0.02618049729163127
18.775000000000002,-0.016799423138134963,-0.0708143630057641,-0.019029458087006575
18.78,-0.05097351913833083,-0.08356923725283767,-0.007697302553545303
18.785,-0.04241223954019535,-0.08160636130126897,-0.01725217754927237
18.79,-0.029639777905263447,-0.0758578703919318,-0.021485497836849818
18.795,-0.04156480869268014,-0.07807319312871558,-0.020660517612230908
18.8,-0.04412200065430891,-0.06926945673531049,-0.04370522925301513
18.805,-0.021189088307971376,-0.050552152488160564,-0.024727171102512456
18.81,-0.037166657476310566,-0.06489430701357048,-0.01064215792188981
18.815,-0.008942715006937572,-0.058065165727231305,-0.011740320962731152
18.82,-0.031556533626083655,-0.07904156644488232,-0.01734518962640142
18.825,-0.0477500565261983,-0.06346140962832524,0.00780806233045702
18.830000000000002,-0.024738876347471867,-0.06393471314500522,-0.027310324863377786
18.835,-0.03777488932803746,-0.07474977264247239,-0.03690422309430622
18.84,-0.04097365498685211,-0.0594228045099838,-0.022540644606376822
18.845,-0.0357726064987118,-0.05788815649941416,0.015361504672821408
18.85,-0.025332062096466608,-0.07848802779440103,-0.01923965993065526
18.855,-0.03460969145437104,-0.06655110039555284,-0.02931413450333823
18.86,-0.02711055015895483,-0.06458196516534377,-0.03152556380117943
18.865000000000002,-0.030101887434073358,-0.07930679687452019,-0.022209442639680443
18.87,-0.05959623012114684,-0.059366825340524405,-0.028651666274158258
18.875,-0.04663833211589938,-0.08141821847069147,-0.0071061133575865895
18.88,-0.04164522509815305,-0.07846272959900712,-0.017633103683084975
18.885,-0.026969074128413918,-0.07407950353124378,-0.02329923098108616
18.89,-0.02744820050310159,-0.07789376944069804,-0.011955427855425124
18.895,-0.015923143256051875,-0.06144237911456415,-0.01658654182228827
18.900000000000002,-0.03551945898623329,-0.05725857869197686,-0.0025595062360482482
18.905,-0.03896517788885416,-0.051268251871342055,-0.022569496303770885
18.91,-0.02148683254302335,-0.08553251811994375,-0.01956936651418427
18.915,-0.023400920948389754,-0.06865080641050221,-0.022888688089446135
18.92,-0.035673314102014464,-0.07451806194894774,-0.015620168587302297
18.925,-0.031943573851854534,-0.07182961945437255,-0.023725217044943046
18.93,-0.0580083712514094,-0.06381933375284042,-0.005786816711609497
18.935,-0.030578887954520087,-0.0805200672391017,-0.02248119554909139
18.94,-0.04408881754793935,-0.06320944155797723,-0.001890964887319855
18.945,-0.04054201977852631,-0.07966003629348258,-0.020765820050866877
18.95,-0.030243047775091646,-0.057924994890511027,-0.03288584151504967
18.955000000000002,-0.05570854492794494,-0.0803430510936473,-0.0033699186660290197
18.96,-0.0396695164077195,-0.07549559193020987,-0.01990768847505993
18.965,-0.04380934214633767,-0.05643548608271645,-0.0002480427381620076
18.97,-0.024762160543351536,-0.051230028899763566,-0.011715658873544605
18.975,-0.03406863590282351,-0.06318750618470892,-0.009037220306113383
18.98,-0.028587708544496347,-0.06817372945674931,-0.01393395560230666
18.985,-0.04090899237067516,-0.05943472050955366,-0.0044225959182929014
18.990000000000002,-0.035414872770241884,-0.061154648870725775,-0.009745786898366807
18.995,-0.022789301200234435,-0.06382908710158322,-0.019958469253318477
19.0,-0.03142830837402951,-0.06726856560102806,-0.016994725190985768
19.005,-0.01625001852567552,-0.08022641602387505,-0.003036119059153273
19.01,-0.022279292174221248,-0.063345722561537,0.001805815602543899
19.015,-0.022927562201613134,-0.06101682297313281,-0.0035805443940098436
19.02,-0.03914772032181202,-0.06722491860254727,-0.007981983434701469
19.025000000000002,-0.0293277158640698,-0.0632238081449301,-0.02337079814386246
19.03,-0.03465623750201272,-0.07901591100186797,-0.0022291014725680583
19.035,-0.05504016957252149,-0.07359071160637265,-0.009753518595631016
19.04,-0.03179664747010071,-0.07772759819162729,-0.0030556630528644803
19.045,-0.03826386115361857,-0.08350504684639223,-0.013875096317308024
19.05,-0.03378518719075061,-0.06897352911038515,-0.007046353023622602
19.055,-0.046997870356162395,-0.05762930059256928,-0.020105228345494688
19.06,-0.04949460488237879,-0.06714732387225428,-0.009252472867320782
19.065,-0.031390614430072454,-0.061427763586486155,-0.01808419829252394
19.07,-0.05475092740343663,-0.07872526697467201,-0.021434579589354533
19.075,-0.03705988311527285,-0.06884038764466552,-0.010085529063215613
19.080000000000002,-0.043684658537215926,-0.061466971557565975,-0.009329092052371007
19.085,-0.04112050448359523,-0.06808087064040674,-0.018847161938451543
19.09,-0.039012280813755004,-0.07101694536604615,-0.009707294493939377
19.095,-0.06058929966019676,-0.07838699217278491,-0.023961332245195907
19.1,-0.038560237502223586,-0.06218295164321079,-0.009234867755369202
19.105,-0.05264324665009089,-0.06821228392756326,-0.010371283020530257
19.11,-0.048655727268234236,-0.08691878737543098,-0.0014945264388643888
19.115000000000002,-0.048473200732138656,-0.07581311332611308,-0.02075119569499355
19.12,-0.04130688534448482,-0.08066293368628226,0.0053779826643611355
19.125,-0.04727519181820242,-0.07129956067809033,0.0009317843107282987
19.13,-0.02715388952991395,-0.07038047679354666,-0.02182657486482292
19.135,-0.04767719182075734,-0.0745124566520478,-0.016679088468595775
19.14,-0.03550432933318871,-0.06253205577026169,-0.006596186018550013
19.145,-0.04057739585751495,-0.08002519984370766,-0.006819460474007204
19.150000000000002,-0.0470169484640088,-0.0659618438505585,0.0035371239664630134
19.155,-0.04350900038620695,-0.07987310248553134,-0.0221226881322533
19.16,-0.033521899539938754,-0.06334440842634137,-0.003260277593105581
19.165,-0.03419866584016046,-0.06965878345552781,-0.014302179726275885
19.17,-0.02986362969814395,-0.0626853891492096,0.00837881624395036
19.175,-0.03445805738745164,-0.07222215060211473,0.006787587291008618
19.18,-0.041553121650246855,-0.05540426334124816,-0.0032117979542565997
19.185,-0.04216478915836355,-0.0759625809075188,-0.03544052006023571
19.19,-0.017647156486786237,-0.07016496748891872,0.00912590376296115
19.195,-0.02533564286227925,-0.07785496179287867,-0.011802369312180948
19.2,-0.03331875654943002,-0.06127486963823454,-0.006818038208775745
19.205000000000002,-0.01800505166859151,-0.07616942215218775,0.011073659650788171
19.21,-0.05413356904555242,-0.06871944722325384,-0.008311692601043912
19.215,-0.018153231522022226,-0.0526157575461665,-0.019833029574035682
19.22,-0.036403997094537136,-0.08180008208040292,-0.006306381610100293
19.225,-0.026721557944113544,-0.06489828996404876,0.0005997040717395617
19.23,-0.04040605823211199,-0.06968596755206906,-0.0013792933577543194
19.235,-0.03267619298490513,-0.06762100063698992,-0.009970298029953046
19.240000000000002,-0.03617700491690381,-0.08063717140291862,-0.014428223341557637
19.245,-0.03050830649558085,-0.05629310381955893,-0.0024567104180041044
19.25,-0.03306085079926106,-0.0591102152964265,-0.028601436217853972
19.255,-0.038971283208031574,-0.07280282455330417,0.011851100855610216
19.26,-0.051360909549315416,-0.05998302103009585,-0.0103625080264604
19.265,-0.02789165187110315,-0.08146333236782577,0.0035454062521850134
19.27,-0.04521832592786942,-0.09284131144397759,0.016470024498047565
19.275000000000002,-0.04378875198287214,-0.08928809602022172,-0.019515374404342534
19.28,-0.026971781647268527,-0.05897677542822327,-0.003003147381585497
19.285,-0.05308970473154147,-0.07628734807956514,0.002811569822346552
19.29,-0.03272167073827695,-0.07457612607777524,-0.009082160854027757
19.295,-0.023815056910666273,-0.07799659606121975,0.003690122731500819
19.3,-0.027282334486819437,-0.06834138633882823,-0.023724520621810494
19.305,-0.045308496157145245,-0.08460545615979577,0.006517653463760469
19.31,-0.025997109222250153,-0.08150585415431133,-0.014620354086511717
19.315,-0.030216053157194805,-0.08200373705044327,-0.018468094574759446
19.32,-0.02653253719846723,-0.0698913331678477,-0.020879473406721104
19.325,-0.03997045594596843,-0.06305008705689386,-0.007886473964036897
19.330000000000002,-0.048360410360164655,-0.07342511737785967,-0.008420810051664007
19.335,-0.04636320448767806,-0.07543308532268252,-0.005389167177726743
19.34,-0.04189757709893348,-0.0915641766551881,-0.004639311407058436
19.345,-0.05694501991060552,-0.06893571329599157,-0.008256727220148478
19.35,-0.0246057664052146,-0.07537441081814945,-0.010994701325905768
19.355,-0.04030070323179431,-0.06773418205755087,-0.010703721657759284
19.36,-0.03319597277769705,-0.06491875314724276,-0.000503435190863287
19.365000000000002,-0.04458242125417938,-0.07102028879112834,-0.016130662019107084
19.37,-0.05931167394773901,-0.0765122116749469,-0.016963474537405508
19.375,-0.046936911474927324,-0.0724974259443099,-0.007646845600505096
19.38,-0.03301517665848624,-0.07426898966311427,-0.006382530283539821
19.385,-0.04950650448330196,-0.06365060719413743,-0.022036340074403124
19.39,-0.03810331342543937,-0.06736146770160871,-0.004615267058686388
19.395,-0.0585710415106082,-0.06450003011277852,0.020759975964873122
19.400000000000002,-0.04557690755167379,-0.0788165799250736,-0.006218083098263338
19.405,-0.04294453578879403,-0.07723830445018746,0.014645556157862765
19.41,-0.04285600570517566,-0.0636941824211244,-0.0052761299439932074
19.415,-0.04321605304678419,-0.07629410910031685,-0.012454333196894839
19.42,-0.030844917515529303,-0.0720572908992538,0.0018589269655726152
19.425,-0.04105995374367025,-0.07415757306533974,-0.01063609250411153
19.43,-0.05812343933393712,-0.07076158371895597,-0.003437099993939329
19.435,-0.0552605255581212,-0.06743938591824579,0.012661188911553156
19.44,-0.054921615265355626,-0.058469111679398986,-0.0022165552521867735
19.445,-0.052361833386726786,-0.06929334960964258,0.00839679956079036
19.45,-0.06391511836436356,-0.06756007522495687,-0.0028581453074035326
19.455000000000002,-0.06513157569432895,-0.08244028554822432,-0.027318934045151785
19.46,-0.05701200029036743,-0.07905492747242876,-0.018251396201565226
19.465,-0.0672964191165349,-0.07207137369823641,-0.010163118224490845
19.47,-0.0663365409971756,-0.09343167490505568,-0.030504001484053755
19.475,-0.06216395504647087,-0.07627225306336112,-0.02121162628999286
19.48,-0.042504629573702456,-0.09480886481063297,-0.007536986397445926
19.485,-0.05587109237114053,-0.06136109851123661,-0.01270329466730093
19.490000000000002,-0.05217130034917222,-0.08111563077707527,-0.0210861706373716
19.495,-0.06270785282538287,-0.08414059090181848,0.004361573266841123
19.5,-0.06097696091565506,-0.07218332307391677,0.006008013334318418
19.505,-0.04528692688149606,-0.05554643453490315,0.0019431332664509686
19.51,-0.05376947464281197,-0.06641057056623474,-0.01722127357033857
19.515,-0.04208296795767538,-0.07256586062748846,-0.011565382134768713
19.52,-0.0471604994423156,-0.08333376007678608,-0.016770139450618123
19.525000000000002,-0.04924507810402949,-0.07067581751913728,0.002722506850300418
19.53,-0.06071391267260465,-0.0676070266440527,-0.004330427160536828
19.535,-0.04923738020746431,-0.08582443624517996,-0.017689108309144518
19.54,-0.06505712533965025,-0.09013089522446395,-0.0030530983062745792
19.545,-0.06055336267954407,-0.07041659706270458,-0.010366494377467547
19.55,-0.05165966637002152,-0.08245379185067016,-0.015633911329565816
19.555,-0.05433771121597811,-0.05812560176094498,-0.011810049847709121
19.56,-0.03506941747077442,-0.08986924587555382,-0.010343456625955247
19.565,-0.06734789447527245,-0.08499191890295074,0.0008293592275469778
19.57,-0.024300177642024776,-0.05488274526947373,-0.014979279816320155
19.575,-0.052283005129558954,-0.06692641905176429,-0.02559269373235018
19.580000000000002,-0.027086461038171524,-0.06405022435268548,-0.019135307395749715
19.585,-0.05753687704768731,-0.06553391034838975,-0.01726023945042832
19.59,-0.06585033766284831,-0.05141762306581448,-0.010289663906451037
19.595,-0.05040697311192918,-0.07145334449508821,-0.006293273929344163
19.6,-0.06801465829419205,-0.07341881462623011,-0.0021936404646408694
19.605,-0.06354348086520623,-0.06051149246102053,-0.03523305399099273
19.61,-0.05610678139168862,-0.09149802099148904,-0.021338919642387214
19.615000000000002,-0.05434470481662289,-0.10197613481586511,-0.016593411384798508
19.62,-0.05906822554003095,-0.0814419448286473,-0.01943131715109615
19.625,-0.046377384424427286,-0.06787929375444708,0.0036549114552119847
19.63,-0.08376280587229178,-0.06551569893137543,-0.026786365602886785
19.635,-0.0706602149623598,-0.06407108490907233,0.007572230010443447
19.64,-0.050833799617826234,-0.06097738947488028,0.008579476079957333
19.645,-0.049194105849654765,-0.08339385489169494,-0.02797244308229073
19.650000000000002,-0.04080569855411176,-0.07254215706175951,-0.03458488640343277
19.655,-0.06285326007585691,-0.08097310833434213,-0.030616521295618516
19.66,-0.05058170928538373,-0.07615141951386135,-0.027472539514353213
19.665,-0.06242639245030797,-0.0865692472745595,-0.019429405755355143
19.67,-0.05146766900338619,-0.07165154659542917,-0.024439710916891694
19.675,-0.06664964171167032,-0.06762135861530706,-0.005080067849414262
19.68,-0.04147488089379367,-0.07143141235648587,-0.02313289665603363
19.685,-0.040516982806076976,-0.06617957746559705,0.004832206809776066
19.69,-0.056904040730042994,-0.0544359563530431,-0.012568971827949364
19.695,-0.050857399981624224,-0.0729221191045617,-0.010948977484896451
19.7,-0.055134474792027696,-0.0629178230241595,-0.0024278798552026873
19.705000000000002,-0.04496243632282161,-0.079609724324472,-0.012536349900171353
19.71,-0.06508438237994298,-0.0885748433967714,-0.021003606327513306
19.715,-0.039306422976984653,-0.06851242402293826,-2.2562811181570108e-05
19.72,-0.05978931158448736,-0.06529131439155551,0.004358608229075477
19.725,-0.0460242192198587,-0.056064100101414514,-0.000506247665599039
19.73,-0.06586620266371963,-0.07012905366491212,0.0015066257972640804
19.735,-0.03132159169644903,-0.07236506828303467,-0.015613626492885668
19.740000000000002,-0.0589473929939987,-0.07718581869700493,-0.01539121138005678
19.745,-0.05598957750710802,-0.0687985844108589,-0.005718875318874803
19.75,-0.05793976518273085,-0.07024125456072619,-0.005685434505022499
19.755,-0.040028027195554955,-0.06320499619826639,-0.01779665284825943
19.76,-0.04669406358974089,-0.05896158421878664,-0.012085544305585439
19.765,-0.05949502491005493,-0.058686613437417275,-0.011987140547394949
19.77,-0.031334380038581175,-0.07683163898823216,0.001405549134095175
19.775000000000002,-0.053170512247329466,-0.08285709745022625,-0.017758061079347368
19.78,-0.047184604980127616,-0.0911341974548522,-0.00606967533603394
19.785,-0.04870465953338399,-0.08542777559001757,-0.0064872973814790215
19.79,-0.054095534496746915,-0.06771254102763534,0.005699160718417624
19.795,-0.056698495907591934,-0.0597562518974178,-0.018055262294813947
19.8,-0.05519920212210634,-0.06580056255105643,-0.009388095308696588
19.805,-0.06701522938382551,-0.06423622840076629,-0.008245813825524806
19.81,-0.04332905395340391,-0.05322310574027864,-0.0031419842270302215
19.815,-0.06144361674571279,-0.06713902477094903,0.01721614179024875
19.82,-0.050782382020314695,-0.07158303793417889,-0.004689089175624793
19.825,-0.06848428548569137,-0.08938787930168361,0.0027165207952152166
19.830000000000002,-0.060044193434011406,-0.05392893815187239,-0.00014212574451287485
19.835,-0.034506010879540354,-0.09013760890075931,-0.021025818559624206
19.84,-0.050082496016588825,-0.07577602668874273,-0.012971609234225932
19.845,-0.029327189093164285,-0.056791604945464376,-0.006141359252045654
19.85,-0.02995506941874716,-0.06316667228991996,-0.006221814342588259
19.855,-0.05506774796842638,-0.08259376529471973,0.02127681098917095
19.86,-0.050179544854707325,-0.06686800016327783,-0.0014128275711936082
19.865000000000002,-0.049791941002694365,-0.0598724233928159,-0.005425930167678353
19.87,-0.03392980436732475,-0.05583715103681462,-0.007954878080380545
19.875,-0.023097575047539943,-0.06902415157187401,-0.014345985230227516
19.88,-0.03945806990203209,-0.04635899275946767,-0.015482420628608436
19.885,-0.05873019711267902,-0.08516116792217344,-0.010076923991930952
19.89,-0.03834364293962746,-0.06891978467574945,-0.005499679844356033
19.895,-0.049064943608280086,-0.05806842504719567,-0.005786892730206272
19.900000000000002,-0.031498229746336745,-0.0805589522824477,0.010684706192601963
19.905,-0.05609479827990442,-0.06852692486010972,-0.007331218356311484
19.91,-0.03961582309416876,-0.054251466929833396,-0.0007619863892454788
19.915,-0.02797421865793385,-0.07422053502487483,-0.0017659293045445765
19.92,-0.033472059859659606,-0.08531930577695085,0.01872348265005332
19.925,-0.04376663572004951,-0.08479199058934345,-0.001583590752827102
19.93,-0.044141473557032254,-0.06451133780665862,0.008842596315626314
19.935,-0.035467529986957715,-0.0831268468467375,-0.01582920192373313
19.94,-0.038879744191468966,-0.07226388735364811,-0.011088765390164373
19.945,-0.03368052738041585,-0.07685577936567874,0.0028229754879815043
19.95,-0.027940620813645133,-0.07151652169247268,-0.015327426206236321
19.955000000000002,-0.02954920646284737,-0.06751292825271993,0.007486720122883456
19.96,-0.023991991955185806,-0.07356081262527152,0.0031896518362241263
19.965,-0.03798440999571307,-0.059960687277939635,0.026755367292017367
19.97,-0.0307860181361566,-0.061826966982532344,0.0067024240133334995
19.975,-0.046546053683522395,-0.07077501777367812,0.004199571560670631
19.98,-0.020643041364399095,-0.07645238873788555,0.018170757546292556
19.985,-0.037547171250433775,-0.07050972379072717,0.004018892254461847
19.990000000000002,-0.04570005775525508,-0.08185934573596808,-0.003935561837356549
19.995,-0.04112621362501791,-0.06851957672699911,0.00971983307303504
20.0,-0.038004498507508686,-0.07767865237465751,0.00477186818553612
20.005,-0.037969510961186434,-0.07869101768701507,0.015933243410177086
20.01,-0.014009079171793743,-0.06127107141869561,0.02557675341629936
20.015,-0.04148024798306599,-0.06397009974220873,0.018341810682562798
20.02,-0.039158658927510526,-0.08135197594356765,-0.004544517823800363
20.025000000000002,-0.03882971193475711,-0.07124659218405331,0.01696702585222746
20.03,-0.03827272556576295,-0.08692596705900929,-0.003136461685035563
20.035,-0.04735439846567584,-0.07696930807364444,0.010105256728943057
20.04,-0.045062969920888374,-0.07499417363679635,0.006038167202994205
20.045,-0.03747205631461567,-0.07916505688478051,0.006730961096240638
20.05,-0.04959534508905515,-0.08651827944551363,-0.0027470296488800346
20.055,-0.022495047801724233,-0.07206543693916662,0.013254894972857423
20.06,-0.03424172042404068,-0.06073225869095375,0.007805882008607153
20.065,-0.01862363218586192,-0.0640488246551766,-0.004257856851033165
20.07,-0.04336185689887796,-0.09503155843220873,0.01700319493852146
20.075,-0.03557526271330068,-0.08691864578015335,0.020477376023457852
20.080000000000002,-0.025261799113667105,-0.08489406316146629,0.03925366982257792
20.085,-0.024804522406374103,-0.06595150511039727,-0.0017146777533506505
20.09,-0.026889337570795147,-0.08458804008874685,0.012333242304934171
20.095,-0.025727928463752603,-0.08249368999381501,0.007887177457289694
20.1,-0.03938071081482364,-0.09007221903503615,0.032871300358969714
20.105,-0.048765979436692364,-0.08404415891001919,-0.007289636439170494
20.11,-0.04185822098356984,-0.0909226047990422,-0.0012203688851578388
20.115000000000002,-0.017096370241874343,-0.08239153929523879,0.017041725437018235
20.12,-0.028128304545332716,-0.06102116668801292,-0.0010288462920694692
20.125,-0.01650333573589316,-0.06805170491395185,0.007108785417866609
20.13,-0.02025660636347548,-0.06984392423329128,-0.015607849017303433
20.135,-0.038950378323272014,-0.06338846994161534,0.0029982154957678767
20.14,-0.015885616513572065,-0.06351091469361858,0.02164697821977353
20.145,-0.03469103078516638,-0.0633552204056999,0.00012090417854289381
20.150000000000002,-0.024207773542259888,-0.06577388797672586,0.001272543642521811
20.155,-0.020964817419789315,-0.06415892978279276,0.017347137534305015
20.16,-0.02544554014172815,-0.05331073566279864,-0.00459826632239459
20.165,-0.02510130509614342,-0.06423679254531992,0.022671540059736154
20.17,-0.021477431603305765,-0.055532753685581235,0.02228965789854197
20.175,-0.02188020498414575,-0.059839144008180224,0.031079335273793137
20.18,-0.030157832644234217,-0.04164744010844132,0.014989024787597081
20.185,-0.026049390652806793,-0.047644249537366616,0.016455782080818708
20.19,-0.032663911705298226,-0.059175743560555424,0.007672978375660961
20.195,-0.03702297420271329,-0.054439811647161426,0.020184223511664712
20.2,-0.034279363096877735,-0.05324626595023569,0.0202928543947028
20.205000000000002,-0.03312787583101377,-0.05890373158717344,0.012549153243639314
20.21,-0.018853103754661867,-0.04546931842057145,0.0256718556273399
20.215,-0.02591832379795304,-0.07142821813494804,0.03537244379755576
20.22,-0.0323547258696356,-0.062458242150411784,0.019038710590088586
20.225,-0.029527576553730266,-0.054227967635907884,0.040044781140852796
20.23,-0.04805988283871583,-0.06770335932702064,0.0077830090223191435
20.235,-0.036340027953482075,-0.0754004422101419,0.03855773834661128
20.240000000000002,-0.050887846842757045,-0.07360512959501561,0.01651575966613961
20.245,-0.00607229512728533,-0.06003323907629857,0.028103638970713624
20.25,-0.03567926124142252,-0.07057930794673288,0.015406329281655765
20.255,-0.02533469201053801,-0.06411922159783183,0.0020500494267197966
20.26,-0.038333733493769284,-0.07730832220973946,0.02847295498915864
20.265,-0.030452642056447925,-0.07401821568369438,0.02053237086145658
20.27,-0.024987102412916233,-0.0439763852473186,0.008604783641765593
20.275000000000002,-0.04340345908609729,-0.0629149967609018,0.010944268068761483
20.28,-0.03172869236499035,-0.06337918362867784,0.0214274204657754
20.285,-0.03514099426588263,-0.07199615443224398,0.005681572761888829
20.29,-0.05136675343173247,-0.08223167114825479,0.025165506675161736
20.295,-0.035201284732285565,-0.05700442104584093,0.016839645893089363
20.3,-0.02143210572575122,-0.050215475575510295,-0.011801592404179492
20.305,-0.04769567366333205,-0.05678806852778267,0.012557402417859886
20.31,-0.030830888102214325,-0.07074121849792384,0.02774986466341778
20.315,-0.0294077549304095,-0.05709148574536556,0.00920115424160995
20.32,-0.06164554172124204,-0.07067915530046864,0.017198988389544333
20.325,-0.02925439114859185,-0.05828216361367325,0.00370584259842199
20.330000000000002,-0.036675111119575624,-0.07139651407938498,0.012894428710071345
20.335,-0.03373818800255669,-0.06475361303175958,0.015929753401767006
20.34,-0.043865625802080914,-0.06386573755437465,0.01730744310267174
20.345,-0.03279926725859545,-0.0559016561788615,0.0143306481848666
20.35,-0.0505734575686112,-0.07601098415773487,0.007736869089854284
20.355,-0.012371574422616358,-0.07542063661230636,-0.0037933687264845826
20.36,-0.0131853256656356,-0.06252701195854207,0.019757922298363366
20.365000000000002,-0.0389096988514257,-0.059943338796828664,0.004512659350045318
20.37,-0.03616530055281805,-0.046285755645669904,-0.006296046150662926
20.375,-0.029049275003482145,-0.051891331782749024,0.014780600541939862
20.38,-0.034948290176305796,-0.05982751890911924,0.017239908866849524
20.385,-0.038498463321366555,-0.07115308452186396,-0.0019358346056589475
20.39,-0.0537970714665077,-0.06719881216006053,0.011059534247312593
20.395,-0.05465350953061229,-0.08343701692921898,-0.0006817305619554286
20.400000000000002,-0.024077835053950898,-0.08696409912543061,-0.012871512571972703
20.405,-0.032919037277865285,-0.06662697349935427,-0.008145538698809844
20.41,-0.02609829186954374,-0.04267463823654839,-0.008192662026554439
20.415,-0.034539836785875064,-0.06786679611913143,0.02160484469692368
20.42,-0.027961515549377088,-0.06562571494261933,0.011726418470233032
20.425,-0.037552389733835456,-0.06926393243469359,-0.009771468482678233
20.43,-0.04554943084133818,-0.0681225778345077,-0.0031034142495281226
20.435,-0.02238208120513051,-0.0711501900008278,0.019517439700995745
20.44,-0.01845609239549543,-0.06633394669080472,-0.0004395048945873489
20.445,-0.021387646295830388,-0.05721264063990363,0.008673276115293792
20.45,-0.021894098746545316,-0.05528681637405035,0.017833495947920455
20.455000000000002,-0.02131881823557246,-0.07002225661588954,0.020452083390492384
20.46,-0.02879286947488217,-0.058951291000981135,-0.004398799991591842
20.465,-0.015157182577603477,-0.07213387638143269,0.00011202440524730323
20.47,-0.022501946532002402,-0.07055252338261346,-0.008062900447648468
20.475,-0.025506757950947034,-0.06413640476838688,-0.005669622155613521
20.48,-0.024935641641856916,-0.06751135551455734,0.004332520137608986
20.485,-0.027652366197932286,-0.07284019232747756,-0.007184445409763606
20.490000000000002,-0.0028814652156876966,-0.04409443432219296,0.02110400641716711
20.495,-0.0024793409778934364,-0.07625455684858937,0.019256244638796122
20.5,-0.01768658795717655,-0.07410574712278865,0.02305261650260737
20.505,-0.001986706302878262,-0.050014885993702254,0.015555219564025481
20.51,-0.01967970918614194,-0.04804957177867007,0.007180191088400104
20.515,-0.014785905075625189,-0.05936567897005652,-0.0002420029828418685
20.52,-0.009557138961757666,-0.0806900305612354,0.012187498001642509
20.525000000000002,-0.02589445605835794,-0.053810445091332794,0.023992352509879328
20.53,-0.02339943022574864,-0.05690012953635145,0.01543146745595047
20.535,-0.02675604425635387,-0.061718958859076044,-0.007964937143729832
20.54,-0.012483238131827251,-0.046080732949890776,0.010412017612309806
20.545,-0.0016533969467292242,-0.08712245690153769,0.01881841894068755
20.55,-0.018672951200959145,-0.06879381277000263,-0.012723188811134763
20.555,-0.011327704073475726,-0.06187224046328806,0.00621893448612626
20.56,-0.009476252393230265,-0.07997136740611627,-0.008315676955875328
20.565,-0.00683589637814927,-0.05700748000895467,9.510732638382327e-05
20.57,-0.003912087963324443,-0.06267400626196867,0.0077028216497192666
20.575,-0.024068353314798868,-0.058201235290781236,0.005617915349364368
20.580000000000002,-0.016415170541920092,-0.07659413176710834,0.025453287172822314
20.585,0.0038816439356482643,-0.03988456189191672,0.009938638160076434
20.59,-0.011086052394902651,-0.06294200451538372,0.02062983207964334
20.595,-0.009204597319552192,-0.07636128520690556,-0.006930552488000851
20.6,-0.007852767874733359,-0.05905957670694824,0.01397825869895245
20.605,-0.012429181230481201,-0.0636531271757238,0.0006525581354120749
20.61,0.0010689067627706397,-0.054619346835132795,0.006358556708812694
20.615000000000002,-0.018636107413901863,-0.059862112735650806,0.013435046512312757
20.62,-0.01243666511316921,-0.054590483381999996,0.00720246418313529
20.625,-0.014260642595229439,-0.0657864071962213,0.008469229645805333
20.63,-0.012465260491505759,-0.05490450833696542,0.024307581531147805
20.635,0.00033440098294971327,-0.048958696248000075,-0.025312827975987866
20.64,-0.023269356941287726,-0.0718285175078648,0.01686027490223622
20.645,-0.027744757343747484,-0.054705354967808796,0.01754575438814374
20.650000000000002,-0.03671190723579191,-0.04354728174950294,0.004667196600745695
20.655,-0.00019406551491840673,-0.06064679720564891,-0.008551258223792366
20.66,-0.02173064973648322,-0.041841034617728104,0.004594101903436922
20.665,-0.00016375959506678,-0.05185698836668293,0.01078237548946382
20.67,-0.028672547494154203,-0.05492955513292901,0.011216655392651093
20.675,-0.004803045430111369,-0.04916686755187782,0.013637899544757462
20.68,-0.009148761852274971,-0.05791125401173582,-0.0011145193646066413
20.685,-0.002738480360991759,-0.060652243467222804,-0.01546242651743204
20.69,-0.013115107837756101,-0.07158382214670893,-0.00669195329792233
20.695,-0.025483759198913013,-0.05440503287171475,0.023698447703332758
20.7,-0.029800318323640218,-0.053453055312281644,-0.005070278983067254
20.705000000000002,-0.010430589258120272,-0.07278049444510791,0.03159383852743796
20.71,-0.012280168359590095,-0.08097200145576006,0.013817717842666263
20.715,-0.006898624187112221,-0.05100337305906424,0.02066224156465434
20.72,-0.027450049762977692,-0.049951121289643054,0.009779314066522622
20.725,-0.009321618210597418,-0.05907285445155311,0.027276399569700696
20.73,0.0001394443722605651,-0.05099063149569418,0.017527430389312815
20.735,-0.015236303269209814,-0.07227381668602248,0.027080754955769382
20.740000000000002,-0.02732244607350255,-0.06888904030104721,0.006872842127641391
20.745,-0.0001518203947062785,-0.06933223654888777,0.009733957930521392
20.75,-0.005422811765181494,-0.03181316117889682,0.005701846860085631
20.755,-0.017897814806377164,-0.0580243538397088,0.004570144221268457
20.76,-0.01741288587162105,-0.05496299773331843,0.015211556924568582
20.765,0.0021820540945638664,-0.06517899699171173,0.014660060451068635
20.77,-0.011871491471760559,-0.03226808914144752,0.004652488937744122
20.775000000000002,-0.014228419928851398,-0.046865220651247194,0.017061561472599324
20.78,-0.0264000763628051,-0.037057826083769584,0.0005062269944208289
20.785,-0.020974109141523815,-0.040718984459666034,0.02461535690212987
20.79,-0.0188071109100826,-0.02678238658178181,0.007707956877215382
20.795,-0.0031760789401384937,-0.058045522884566485,0.0012187968243295329
20.8,-0.005787884626330238,-0.04266998634557128,0.03967055756947854
20.805,0.0067292143477702925,-0.04715083164127802,0.007460687020874501
20.81,-0.01034220891720078,-0.04832246791610835,0.02748031473224264
20.815,-0.01758140820596872,-0.041997768528420396,0.030611826090432316
20.82,-0.0036535513296325137,-0.03862287082750135,0.02083637877872421
20.825,-0.009542122363201982,-0.06983800143032709,0.021013548065072652
20.830000000000002,-0.006855658177229711,-0.06082661786368815,0.028908380295685293
20.835,-0.022000365601828956,-0.06728369630206614,0.017114341342041227
20.84,0.00842035693203197,-0.0454316001276118,0.016898929109795797
20.845,-0.01205690199119254,-0.028442517069528984,0.0032361492010352273
20.85,-0.007196264717712397,-0.04180363716306721,0.008472419296985608
20.855,-0.016722136163424876,-0.0655262253417609,-0.007327140322819722
20.86,-0.020852337191080594,-0.050519576609040565,0.005174913986646268
20.865000000000002,-0.0022414241578870772,-0.04644216279832819,0.0399942449060979
20.87,-0.011167853347875935,-0.042476440064638625,0.01729393090224093
20.875,-0.009178047008949294,-0.05683462918803915,0.036309188597340926
20.88,-0.008739730967624836,-0.053499077941552335,0.021899065523726637
20.885,-0.004197780137646913,-0.0559312737834423,0.0175322053733799
20.89,0.007282608405124593,-0.04256824349586901,0.02828110307697369
20.895,-0.004299403476172345,-0.0574210439891314,0.02488703080645086
20.900000000000002,-0.01760059180101014,-0.05074824274654563,0.0132953279246593
20.905,-0.006314941963273389,-0.0630763949630099,0.03006401198283979
20.91,-0.02674394528737003,-0.048169044346079604,0.008859112799112254
20.915,-0.0011751330681215172,-0.07647702136048357,0.021227989564059593
20.92,-0.008583895365059893,-0.061484363394825894,0.017889339333966588
20.925,-0.007473924994754834,-0.07670329801929257,0.018033715574847883
20.93,-0.014170296251151439,-0.036436889449100326,0.009964494972314202
20.935,-0.011217061254843869,-0.04176297186789272,0.02433546383636387
20.94,-0.006705735599701029,-0.05421981693646211,0.025126921656423256
20.945,-0.01386846853229376,-0.04852432968933205,0.02836774892401752
20.95,-0.00964570313416907,-0.05763549306007576,0.036059447243483166
20.955000000000002,-0.0229711324586312,-0.05013298322636944,0.027403977311410102
20.96,-0.013389256229755724,-0.06447135057384268,0.03258982453414742
20.965,-0.03146838401373335,-0.05626086840479252,0.009672383528290116
20.97,-0.01360838087702234,-0.053697964107487374,0.01755355260418856
20.975,-0.011827251954588572,-0.029628855494068105,0.010704510790183034
20.98,0.01094222206706157,-0.05497129618232303,0.0387652598699209
20.985,-0.01777483446706718,-0.04420049335911503,0.01834161491492014
20.990000000000002,-0.01798419091803146,-0.06402483547286715,0.027240080638525416
20.995,-0.015634381910165078,-0.053765815727741265,0.016847153385579704
21.0,-0.009164706618119883,-0.05208102443488295,0.024120227799661453
21.005,-0.01197087938838215,-0.07211137213222488,0.013406551443021743
21.01,-0.013040125801595248,-0.05985168444598444,0.020757598911880726
21.015,-0.015500106353790136,-0.06583596096518576,0.019279354858310012
21.02,-0.02234876770724078,-0.063669831437047,0.018373644676991666
21.025000000000002,-0.013575009375279615,-0.04830726268550945,0.014502195790554888
21.03,0.002790642329818911,-0.05474597672404454,0.030819137997196523
21.035,-0.033662605591680494,-0.06875030584529447,0.016809198647880177
21.04,-0.001868876405878163,-0.04317358254262419,0.030396817525195657
21.045,0.00034674728833206797,-0.057518200133828745,0.006133970699542524
21.05,-0.019393988518048477,-0.055024002573786326,0.02444511561124885
21.055,-0.0203610613892854,-0.06330319860600706,0.019195906823802254
21.06,-0.0007838437157048177,-0.04336087543817277,0.01337673700361209
21.065,-0.026615988466698243,-0.04065720859120596,0.013922269762892483
21.07,-0.0017086357570025475,-0.05036486897556053,0.022471013048419378
21.075,-0.009830694709454798,-0.07006233389317325,0.025579531368098582
21.080000000000002,-0.01532475285847152,-0.038094368361272994,0.008570911605805306
21.085,-0.004455586254472552,-0.053695114806133704,0.03410307464387999
21.09,-0.028946170080392634,-0.059063234366648065,0.035977656190816866
21.095,-0.01077530860190383,-0.04434977585736864,0.02605263635698191
21.1,-0.02150202350950781,-0.051643758956498295,0.020037695001335513
21.105,-0.0107826342849052,-0.06193358457235558,0.013789794607480671
21.11,-0.01057917104085182,-0.044750105498881636,0.014349570241624136
21.115000000000002,-0.008482700787527855,-0.06458705369717758,0.02045777515249481
21.12,-0.017249403179633548,-0.060940037069696876,0.03285457572175736
21.125,-0.0050784800747072645,-0.05384780370912734,0.03197315461925507
21.13,-0.017995471677452423,-0.07437209276656694,0.011228632908705433
21.135,-0.026837143324243928,-0.07362593134109383,0.027253307546033452
21.14,-0.003683295520420519,-0.0660874253960509,0.04004431296188827
21.145,-0.027098300769987677,-0.05666860774843119,0.017500476405551586
21.150000000000002,-0.009436371782575035,-0.057003385848520105,0.02015164267873381
21.155,-0.007408692971478621,-0.056443449894800025,0.004614561446052885
21.16,-0.025118560576511878,-0.06601771310326049,0.012515670650384905
21.165,-0.02402501513988271,-0.05337358186007874,0.00771552306933097
21.17,-0.006993196674158493,-0.06097035426817646,0.028648879747868478
21.175,-0.025925730575010894,-0.06272677151867836,-0.0027652645492388453
21.18,-0.011955260504762914,-0.05173633401600983,0.017692892536840386
21.185,-0.019658497778446707,-0.04022590854149654,0.0025544548706098354
21.19,-0.03167837366758567,-0.05891423946741339,-0.0014188447842825476
21.195,-0.015591888783239131,-0.05877971469036871,0.024392838401858904
21.2,-0.03059350686930075,-0.07809231326651302,0.01190019988283833
21.205000000000002,-0.047263888268114285,-0.07192281663584792,0.0002523307342676244
21.21,-0.03469285269936015,-0.04853703340201806,-0.0029789260532355408
21.215,-0.02187791259410944,-0.059221696127811876,-0.011912450421304281
21.22,-0.0216326044041903,-0.06233057685953752,0.015026664272927382
21.225,-0.028591024022241316,-0.05865698280626791,-0.00024006550100406227
21.23,-0.01792920308447857,-0.06478834035819747,0.002583814275014352
21.235,-0.02340476693165135,-0.08898548167851439,0.0031408231791246258
21.240000000000002,-0.01284960654332215,-0.0635379508491414,-0.003697778286162589
21.245,-0.03204448016417133,-0.06918541480907081,0.015947658510468303
21.25,-0.04116095888605923,-0.061432963700554656,0.0178150399068673
21.255,-0.04182900349695267,-0.04739754469676777,0.005557075154255839
21.26,-0.022144371348294622,-0.055176966432488886,0.0006234189727752533
21.265,-0.03578994716713956,-0.07333644173792382,0.026065690465276768
21.27,-0.03719428933663722,-0.0649926027511954,0.007191713502201498
21.275000000000002,-0.03954946886269055,-0.0523538320319395,0.005532940816482548
21.28,-0.031304614777427894,-0.059102014625550585,0.008091608018138869
21.285,-0.0336524247511296,-0.06336735510333119,0.013271822524916127
21.29,-0.044570613181425585,-0.055097775872402166,0.020656659150122554
21.295,-0.019013029571340892,-0.06865689090131766,0.000518199522854354
21.3,-0.045176888893540754,-0.060078534261394284,0.006250383454090045
21.305,-0.0257862797869779,-0.06735456767507482,0.008259687817236142
21.31,-0.038058616710803586,-0.06215424064340178,0.01821307572837525
21.315,-0.024200797444008264,-0.07325970521182391,0.006841150852051073
21.32,-0.031942226045218576,-0.05891362393835631,0.0045482571599905625
21.325,-0.02816185599493497,-0.06859012766087128,0.007396324206769514
21.330000000000002,-0.0484364703038276,-0.0712178999225113,0.0005017144114490384
21.335,-0.06118434509778051,-0.06919089904655848,0.011863036759016597
21.34,-0.027708930004823603,-0.05364198329103652,0.00514660546149958
21.345,-0.029901816347380282,-0.09504076566728518,0.004863618648981171
21.35,-0.03990142859056514,-0.07899642934216729,-0.0038868070835029224
21.355,-0.04004185913030371,-0.060962175520586,0.011935175326872757
21.36,-0.028041759943490976,-0.07064281875706932,0.009507181239680952
21.365000000000002,-0.02995780624370486,-0.06831508224781863,0.006040840862950939
21.37,-0.043183624330109555,-0.06363812684709844,-0.020208206218227852
21.375,-0.049249724290142974,-0.07479989616513771,-0.0011140689273040072
21.38,-0.02806227051150449,-0.06988002710299861,-0.004395622309548725
21.385,-0.03499185378597702,-0.060014041370434486,0.0006960596313201617
21.39,-0.03294155980487362,-0.0630416905228685,-0.0057930790975620865
21.395,-0.035969194710612704,-0.06487336436419969,-0.01969083985053325
21.400000000000002,-0.040382787991344024,-0.07289394330661728,0.0035606935682814984
21.405,-0.0583865792330016,-0.06550142115845961,-0.01620018078260992
21.41,-0.04863043554107682,-0.07004608938991728,-0.005189745684585214
21.415,-0.0383577560361392,-0.08073197243474467,-0.011335546354285752
21.42,-0.037153831000925175,-0.06825289051085184,0.010746840862418833
21.425,-0.03834528869557448,-0.07656959490310582,0.0034617521170875777
21.43,-0.035585933294744534,-0.05591556277512105,1.550104374703834e-05
21.435,-0.02762495964474225,-0.0754794366352993,-0.014972630608704168
21.44,-0.04290051604198228,-0.07376170361586921,0.002547179786634119
21.445,-0.0356652410828541,-0.08109083075479953,-0.008879084578485966
21.45,-0.027341249085715696,-0.07173049101827036,-0.004078025933464451
21.455000000000002,-0.02048893834424168,-0.06975342349502085,-0.005008331926998139
21.46,-0.030005780686777048,-0.06461976397570401,-0.010359047829690594
21.465,-0.04446908863094536,-0.05621564733869626,-0.005036243650866294
21.47,-0.0438757257980649,-0.08319399782065279,-0.021907056889313728
21.475,-0.040705884202938684,-0.07047391399995,-0.012750186404861447
21.48,-0.023290669905906926,-0.059201920914412995,-0.007183940666509903
21.485,-0.04843024390149173,-0.08057176704693096,-0.005292189443255078
21.490000000000002,-0.010557769648033784,-0.06932058149006408,-0.00227317449230827
21.495,-0.033577273190288456,-0.055324486694969276,-0.01585114357301089
21.5,-0.033964067985242694,-0.08001450406592815,-0.005684178548538827
21.505,-0.02654877549931425,-0.05814268376535026,-0.004686400502333928
21.51,-0.02625882528355275,-0.06604830265517433,0.0008556250769810557
21.515,-0.03069904443139414,-0.06919221776592055,-0.0016975914140115456
21.52,-0.040582310812713886,-0.07294205045585725,0.010063753379547269
21.525000000000002,-0.04392808096253352,-0.07628995810594502,-0.020777746572997417
21.53,-0.022011307400986578,-0.0638678389353067,0.0033531323686040553
21.535,-0.044634620316045814,-0.06050879813644752,-0.006092443276311411
21.54,-0.05583609039299732,-0.07571875135071983,-0.013137531346076651
21.545,-0.042623693748257016,-0.06311317629170492,-0.014870792744373498
21.55,-0.03681577544148268,-0.07848858503550772,2.0895596619684154e-05
21.555,-0.026686115705002355,-0.06219992527603338,-0.0007435867066822484
21.56,-0.04833895537089378,-0.06161331818350952,-0.00529159163138811
21.565,-0.03057348848332831,-0.0631385147632282,0.004389710767184748
21.57,-0.04805985483005844,-0.06852850609072512,0.010871760986555838
21.575,-0.04117049911328198,-0.05770232531186758,0.006658760108649617
21.580000000000002,-0.043280440158629946,-0.08449711149292002,0.00522657416052787
21.585,-0.051714711424404466,-0.042698563394513694,-0.0018023370621521977
21.59,-0.04369232561093352,-0.08071778404005756,-0.007411307196973381
21.595,-0.03351245923964762,-0.06045287480538534,0.0063750044753275135
21.6,-0.03922968754482205,-0.06772003781664135,0.0020375365944935477
21.605,-0.04083645297957157,-0.07843948855280886,-0.012628656738815677
21.61,-0.04557461195779726,-0.05678776049605979,-0.002188529537485804
21.615000000000002,-0.03657145176574139,-0.04683516929155631,0.007791313684116029
21.62,-0.026945639855252373,-0.07587019021170344,0.006239488112670381
21.625,-0.025829243419133764,-0.05467240811520066,-2.8403880064923476e-05
21.63,-0.042195922100879676,-0.05872027480459813,0.004919262376868346
21.635,-0.03732510150526251,-0.06358484156342738,0.013818484191835938
21.64,-0.040635129560175204,-0.07248431643970442,0.009906133568867184
21.645,-0.027713989631444974,-0.07754162687615583,-0.0006595832937311488
21.650000000000002,-0.05230160483786776,-0.04089860954843018,-0.00437035846113501
21.655,-0.044736849493028835,-0.05018310617844844,0.02827002876280258
21.66,-0.04988850219986601,-0.04815884300434077,0.019975929130749963
21.665,-0.027268548583253508,-0.08321728226548541,-0.0007710473980808326
21.67,-0.03227638649530404,-0.07710759955531887,0.0036434793374550134
21.675,-0.03845851915451476,-0.05722794582569221,-0.007399612156628398
21.68,-0.03029405079507018,-0.06327686046575746,0.0008030033289059407
21.685,-0.03261024055190684,-0.06325076246778409,0.0008585166045917657
21.69,-0.02873716592559114,-0.06961781059242783,0.011796797722799946
21.695,-0.022655603148125186,-0.05191962445670783,-0.008772196833072145
21.7,-0.05504812218779205,-0.06299528263133349,-0.02641548301881011
21.705000000000002,-0.03906196899061233,-0.049069257861027664,-0.012751432714871766
21.71,-0.029440444272023032,-0.04589335470739333,0.016664057616717912
21.715,-0.03347618293728365,-0.07719903391876408,-0.006332688834805731
21.72,-0.03578221304309516,-0.05819415185859915,-0.004028021632182216
21.725,-0.024470820463414714,-0.0676744316281787,-0.012041308773217314
21.73,-0.050724136303944206,-0.057152758797877554,-0.004524846174055141
21.735,-0.035075672303601875,-0.061720973460169984,-0.011129456454282208
21.740000000000002,-0.03642285241303357,-0.05075075272589311,0.0055378067467281335
21.745,-0.043976397770747855,-0.05820800001955286,-0.005483769693561322
21.75,-0.06509691937015276,-0.0650714812976285,-0.014985724611437521
21.755,-0.03999587455963811,-0.057983075925523445,0.027764793721610982
21.76,-0.04592332412449717,-0.06529536477635248,-0.012522720097027984
21.765,-0.06204362749009204,-0.052613987685052974,-0.010337769062512277
21.77,-0.06302698126798645,-0.0531554861536011,0.003310295513546323
21.775000000000002,-0.04673194397282074,-0.06501719117030282,-0.007303735241544946
21.78,-0.03928879646339353,-0.05588675456149745,-0.030673010318277617
21.785,-0.053787368636108335,-0.05720057876615788,-0.020599876056097734
21.79,-0.029417208256488525,-0.0587033473692067,-0.01703943925724489
21.795,-0.04098725787510147,-0.05410541757501846,-0.004864729585634671
21.8,-0.0424975485229918,-0.04480281090951,0.0004157052061031577
21.805,-0.040302916697471936,-0.060654872268236015,-0.013928062477702658
21.81,-0.0348499705754282,-0.06717069335846515,-0.018331909978966075
21.815,-0.04994962422827454,-0.06178895307776903,-0.02280322877144944
21.82,-0.04663280167201223,-0.06976945559831556,-0.019275566995201474
21.825,-0.026400171665293588,-0.06687867214401473,-0.019438932615280718
21.830000000000002,-0.05307066572085327,-0.04950900568215977,-0.0002731514293893185
21.835,-0.039609683084110156,-0.07730730079920069,-0.013796278219609381
21.84,-0.027626076207927994,-0.06731982078092026,0.005639330515424623
21.845,-0.04754586405186664,-0.06061379942273053,-0.005380576993685366
21.85,-0.03921349375371303,-0.06088743917012056,-0.010369740063624224
21.855,-0.04389816262575577,-0.0615277796637494,-0.02280754080695755
21.86,-0.04757360762793161,-0.05482274523779514,-0.00028833693404061583
21.865000000000002,-0.039053162977341835,-0.049999318404809756,-0.02650245666457777
21.87,-0.029886686280058843,-0.06366730663639986,-0.00537690459851692
21.875,-0.03462701619996484,-0.04534895533661015,-0.017670915469042286
21.88,-0.03270719891366538,-0.06424419277796212,0.009823765022844832
21.885,-0.02864970690648582,-0.06037558843598152,0.004612330355793443
21.89,-0.0280285688078853,-0.05764133366906911,-0.025019326443181646
21.895,-0.032289177946684844,-0.06018516087383325,-0.012548565343691696
21.900000000000002,-0.028814122680565823,-0.06065660908699619,-0.020787374609570943
21.905,-0.039301696462838626,-0.05679801889120427,-0.021877677301507744
21.91,-0.04514531028665139,-0.011577862088716442,0.0033093433871126295
21.915,-0.04916679145327295,-0.054941716517902243,-0.014580373283791097
21.92,-0.012402459511264046,-0.06274642007106734,-0.0021866275828520436
21.925,-0.0282543933146827,-0.04511895177798908,-0.019879625035573074
21.93,-0.04097430004335578,-0.06952516537878124,-0.017923452113274493
21.935,-0.048967490937220644,-0.051628059163344765,-0.021387607053141314
21.94,-0.0447326668503134,-0.058777259740644565,-0.029046501384234927
21.945,-0.04190699053266898,-0.05830198881619137,-0.014422783263404649
21.95,-0.035535545392291035,-0.044020324120374724,-0.02076519887604506
21.955000000000002,-0.02869887686557093,-0.06010251799975941,-0.013873920936498028
21.96,-0.0277505449111977,-0.061229033565661437,-0.024887453611522836
21.965,-0.036643377560726234,-0.04666345380264138,-0.017595015385746333
21.97,-0.02433409834746184,-0.04286331795758056,-0.012029011950092311
21.975,-0.030353496619930392,-0.06489888381727368,-0.01434794813168542
21.98,-0.03153745756813219,-0.054222063064782014,-0.031849043309549095
21.985,-0.04150087710881201,-0.05562881512487574,-0.033605290088652956
21.990000000000002,-0.015140382729836007,-0.06099197641999216,-0.02203189352822649
21.995,-0.04042777955107671,-0.054384432131975476,-0.025638480135196307
22.0,-0.044037719300173375,-0.06216607814120058,-0.020991480278745037
22.005,-0.040518802761512464,-0.05184236641249958,-0.018734030231923895
22.01,-0.05005793841340267,-0.028556448179572442,0.0013010313082635015
22.015,-0.03311541854596792,-0.03491673609178265,-0.022460786298069867
22.02,-0.03423627811533321,-0.044036864802492505,-0.01831210183707459
22.025000000000002,-0.052322770580850754,-0.05029363197111179,-0.01809450087891865
22.03,-0.024518446544740547,-0.04746120300061994,-0.002898801574876907
22.035,-0.02870510966037982,-0.03795220411059419,-0.042759874109212226
22.04,-0.033439588051860335,-0.053007460053181174,-0.013457696441513945
22.045,-0.04329656588979976,-0.07572671081491299,-0.027380810563920183
22.05,-0.023524350643289997,-0.060963120636785606,-0.00989292898141251
22.055,-0.039689259600980395,-0.058770934842917094,-0.021682879675960293
22.06,-0.030898398120783193,-0.056989402472278676,-0.027058805142658432
22.065,-0.043288823182633614,-0.06885279900141089,-0.0174925398902008
22.07,-0.030998128095500583,-0.054048459993174966,-0.01756364717201886
22.075,-0.038934278951581365,-0.05859317919165505,-0.013942652683246778
22.080000000000002,-0.029978518606998752,-0.05449740311126358,-0.024838815589361178
22.085,-0.04362714691451029,-0.06896058795497984,-0.013881872844173079
22.09,-0.0353930775060369,-0.0593372766413792,-0.005076061142232904
22.095,-0.030810371532057443,-0.04085233027327383,-0.022074884238202832
22.1,-0.03638680207553753,-0.08345897780581515,-0.03377098125071523
22.105,-0.03857791904996691,-0.06765754368365659,-0.023470135637979537
22.11,-0.030870258962863353,-0.05876557771263337,-0.00995097868784025
22.115000000000002,-0.0245502126639063,-0.05298261143804394,-0.024269396096239147
22.12,-0.03854835505800579,-0.0746000407819475,-0.002631416312356
22.125,-0.020630811268428487,-0.0548021579322404,-0.012651911977405924
22.13,-0.008957625473411928,-0.06651249302475491,-0.023716193660901594
22.135,-0.0401532284905983,-0.055738067813490146,-0.009265929748469941
22.14,-0.03285596520358049,-0.06510644982865728,-0.0011899299077896132
22.145,-0.02340891514648432,-0.05816446841832154,-0.019445414800344046
22.150000000000002,-0.018352112523047952,-0.07031242018018524,-0.005961116426061036
22.155,-0.05127517191343464,-0.060777590909068965,-0.017612822070129455
22.16,-0.032109552736359404,-0.05559521235703753,-0.019903420739413487
22.165,-0.030914626192554792,-0.05960474745455859,-0.020754817452907807
22.17,-0.021020387451865068,-0.05231051439981893,-0.010855539197741923
22.175,-0.02799022464063014,-0.05459494982039925,-0.02826777718344336
22.18,-0.03849784535341251,-0.08356318258210292,-0.0020869315367891767
22.185,-0.03211475385211707,-0.07878223115960747,-0.03177455980804616
22.19,-0.033031141127590015,-0.06515593875007795,-0.03554045851466123
22.195,-0.045635623866324304,-0.06361519594806235,-0.013387082494590093
22.2,-0.055025485441196474,-0.05737083620140694,-0.006629315887690059
22.205000000000002,-0.03658039327772712,-0.04972665657003718,-0.010234518709850673
22.21,-0.03789237772409225,-0.058673674677344814,-0.029444263252305765
22.215,-0.024807307740116108,-0.06075654812777511,-0.02181869581457635
22.22,-0.03155023561358036,-0.05774330309786333,-0.023037704395447774
22.225,-0.01873803611472407,-0.07204847486425538,-0.026965524483906465
22.23,-0.024326136419401873,-0.06264217401727137,-0.031920402452245616
22.235,-0.03305342066260124,-0.06620369212437262,-0.02327165092192883
22.240000000000002,-0.04990107955972051,-0.0519976439769945,-0.02483477847360329
22.245,-0.02338783752083062,-0.07773920228455568,-0.01543406067922885
22.25,-0.022985613522261823,-0.08110708233513149,-0.026955885728464593
22.255,-0.034422094184679744,-0.05624382371619852,-0.023957341831941134
22.26,-0.055598301380111764,-0.0599644030857642,-0.03446953830998616
22.265,-0.02715527468505552,-0.053673424124698006,-0.029030000756410823
22.27,-0.026297598378483007,-0.08006259173614215,-0.033418881691434255
22.275000000000002,-0.02714051787786514,-0.066862152040325,-0.031967876283402995
22.28,-0.04292535423194769,-0.058056000276541675,-0.028416801106401466
22.285,-0.015278069536708416,-0.06440640762123814,-0.02536222266070279
22.29,-0.04233115401493726,-0.055468144639650566,-0.02601164760654885
22.295,-0.04540610318648382,-0.06977747804177487,-0.0323901322604189
22.3,-0.035881281523544195,-0.07794686139259463,-0.03079590937775221
22.305,-0.03328186478441087,-0.07519211495529599,-0.021438476031277433
22.31,-0.03726501147472852,-0.0707547075075451,-0.033783108393067245
22.315,-0.04532401395379085,-0.07005683531213411,-0.00985240402154669
22.32,-0.045276891818607466,-0.07086569129722042,-0.025943965542647225
22.325,-0.04467985310144359,-0.053579052499898416,-0.0206812779002925
22.330000000000002,-0.03607283931482986,-0.06967783179867497,-0.017173582885661273
22.335,-0.0386564504934712,-0.05308549863239218,-0.017859192223211015
22.34,-0.029166655328299217,-0.06760693025181515,-0.022637485723228497
22.345,-0.04332615895941396,-0.045251182576598964,-0.02679413775199247
22.35,-0.01806078156448931,-0.07149998964336325,-0.033414346472891016
22.355,-0.0265313799602184,-0.04227555724635169,-0.03148854353507796
22.36,-0.03699774473831742,-0.0649372312610074,-0.026929304415049867
22.365000000000002,-0.04202677373641068,-0.05683009991889318,-0.0263560045826038
22.37,-0.0273975148702121,-0.04827013266079662,-0.01239480097733573
22.375,-0.03392186796980272,-0.0668023474470312,-0.031266542149244625
22.38,-0.04336418116959662,-0.06101519869540947,-0.014953874461665882
22.385,-0.03673562276128322,-0.06927216663828763,-0.04011258319237375
22.39,-0.04078544077681659,-0.06508552575866915,-0.03427651241883407
22.395,-0.03400245762485084,-0.04838093329798735,-0.03538204932363497
22.400000000000002,-0.04236770982822003,-0.06231871345930056,-0.019054446621211085
22.405,-0.036748845750031345,-0.06210866222136154,-0.010264378434691836
22.41,-0.02505494155250192,-0.08416758567123168,-0.0035542503729205435
22.415,-0.049228207796720484,-0.06636629176003774,-0.02180284916845204
22.42,-0.03849297859327502,-0.06399422776071217,-0.03171797201167769
22.425,-0.03226005201515289,-0.05376727479856194,-0.016602561182992328
22.43,-0.03505112388310751,-0.07147083762703908,-0.022313648127040505
22.435,-0.06436213072027241,-0.06281922161033592,-0.04230841379667258
22.44,-0.046303782461628876,-0.07038432673606237,-0.012969761354544121
22.445,-0.04008010275434089,-0.0759184547175986,-0.014724654423003053
22.45,-0.04425188371832868,-0.06430011926749575,-0.021513539131113722
22.455000000000002,-0.03511423510090174,-0.07784126072397622,-0.03318371158225712
22.46,-0.03521814267486752,-0.07493208858878354,-0.03837455666974135
22.465,-0.04832792222105525,-0.07608756588245469,-0.034729040197611895
22.47,-0.05750887090625808,-0.0670886992010851,-0.034118687357410984
22.475,-0.03924166269755199,-0.061188951150744034,-0.029489378270348757
22.48,-0.06586315282900235,-0.06822870053998213,-0.033784367448706734
22.485,-0.026661251841454896,-0.06553944249620412,-0.0279910885810854
22.490000000000002,-0.05395895811461933,-0.06542301145742037,-0.027134080978956622
22.495,-0.027570660319991176,-0.053105909840518384,-0.01472566468569033
22.5,-0.04554322008158693,-0.07322794022860142,-0.029811194040489677
22.505,-0.05561609286077982,-0.05892113864916575,-0.020628561011830984
22.51,-0.054081671773443814,-0.07948163297724782,-0.013318696108464211
22.515,-0.016804844645938333,-0.0833496113211899,-0.03483463286890545
22.52,-0.04099451765284584,-0.0639471091221264,-0.015286703085777427
22.525000000000002,-0.04621229699599336,-0.08074973277243755,-0.007160302255441954
22.53,-0.00621232188985044,-0.07559443754601582,-0.0365665431897058
22.535,-0.030764858713760244,-0.05379047808642138,-0.011918345943232633
22.54,-0.007940885783881118,-0.08235320382415615,-0.008737964236763929
22.545,-0.022628656208416555,-0.07842675314541041,-0.030630462159466552
22.55,-0.020831373961400803,-0.06829439964294662,-0.022947159581682513
22.555,-0.023300077398746264,-0.0781027699948708,-0.04279785074863278
22.56,-0.02516268991118034,-0.05731102583597185,-0.034372062851137565
22.565,-0.03074950379327442,-0.05838416876297209,-0.04489042923179432
22.57,-0.03206118076690564,-0.05351220142220782,-0.028283821784069553
22.575,-0.031149300560912026,-0.06179285297715037,-0.02691472733985977
22.580000000000002,-0.0213656001221328,-0.06215682142387911,-0.026762253173708506
22.585,-0.03093189252540976,-0.06209654618116693,-0.036385522699301606
22.59,-0.049107363780395326,-0.04125288996761922,-0.021532017192592085
22.595,-0.02965681238708469,-0.05850534935891531,-0.02368037420459157
22.6,-0.03307138187111886,-0.0633058402087093,-0.04153844308100547
22.605,-0.030562707672288855,-0.0672175645530617,-0.03438325411904355
22.61,-0.02881962833796181,-0.05957505645859971,-0.014171922785341929
22.615000000000002,-0.03588158656020897,-0.04682113137630169,-0.03175275364260586
22.62,-0.03913325725388027,-0.06439131611927276,-0.021701165789649673
22.625,-0.017533151775128854,-0.04724468855052947,-0.0348350824224095
22.63,-0.03699938343141051,-0.05837560036104246,-0.04685292378566472
22.635,-0.033245222089884834,-0.03988886223394718,-0.023024212427408666
22.64,-0.0365638417349787,-0.04324651519032573,-0.030519716189647394
22.645,-0.0347722698980241,-0.05331576535490276,-0.02786473192427133
22.650000000000002,-0.02672457374426103,-0.055836493150367976,-0.024941714749756216
22.655,-0.040424678673726934,-0.06341810391418227,-0.024729928648745188
22.66,-0.05065580559745339,-0.06080149821843879,-0.023677349848711435
22.665,-0.05246011585199278,-0.04876740872006662,-0.04972407752857516
22.67,-0.04402325089979055,-0.05716554812715295,-0.02570026840532555
22.675,-0.04468952546423789,-0.04950057133380872,-0.04529805757571536
22.68,-0.027071920145886524,-0.04143262050515391,-0.03574487087718248
22.685,-0.024617547015425408,-0.04101104101438779,-0.03356235742563311
22.69,-0.03366188021918114,-0.03871880773208279,-0.03630744476800213
22.695,-0.05337529461827542,-0.03505632904253062,-0.03269001899169549
22.7,-0.05534559182648762,-0.05257023864976334,-0.026915165667679417
22.705000000000002,-0.04769343804757646,-0.049813964136292466,-0.05180346675791897
22.71,-0.04121978112968736,-0.05495470647553075,-0.027935815165755863
22.715,-0.056957155736591686,-0.03542493163409779,-0.016323594732924114
22.72,-0.03108058542929408,-0.03322146910128094,-0.03251108343219418
22.725,-0.03819117129859333,-0.048447658292021405,-0.030572994410489066
22.73,-0.03508883182343277,-0.04654370532985753,-0.04778771920455239
22.735,-0.03986261673265033,-0.03645096072868422,-0.02666862324522807
22.740000000000002,-0.031965761021753344,-0.02785049420083444,-0.029597184425707097
22.745,-0.027360021088139317,-0.05372183863647143,-0.03870096423081745
22.75,-0.03348670029913749,-0.04242701613878665,-0.04452003188318034
22.755,-0.04245071509738234,-0.04685752811651993,-0.021815080988840628
22.76,-0.04480879658600934,-0.04250393759920899,-0.023299354997380575
22.765,-0.028459199407226448,-0.051247764834549986,-0.040163660244359536
22.77,-0.032610790412201995,-0.04246927122381794,-0.05376106370647828
22.775000000000002,-0.02711447497686297,-0.04589663366864839,-0.03012030320004709
22.78,-0.031466880494294344,-0.044133903070055734,-0.028225054757225226
22.785,-0.02050917687695105,-0.05822586710270427,-0.044024727212386476
22.79,-0.037062683293340476,-0.058266377940025336,-0.03979286317675069
22.795,-0.032483989784059336,-0.04384677198320005,-0.04019993273462473
22.8,-0.034443490496203294,-0.03997657774003582,-0.038016642959607966
22.805,-0.03848597755946097,-0.07719528980935095,-0.03354726768896645
22.81,-0.045581648309540854,-0.056368715013892845,-0.0457791216891778
22.815,-0.036222570196505294,-0.05103231552930976,-0.02393000077249611
22.82,-0.04188370797325311,-0.05052927902778346,-0.058918383087411805
22.825,-0.025597643485653666,-0.043629811416911295,-0.044166296892044404
22.830000000000002,-0.04506619500842858,-0.049558415727570575,-0.03888460550339334
22.835,-0.05047621917665417,-0.0571987775005824,-0.04225847029578384
22.84,-0.027639015550129813,-0.07276926761326498,-0.017701939592175756
22.845,-0.02926662297844932,-0.056667450917515474,-0.028257128885028324
22.85,-0.0333793359960448,-0.07016342158608103,-0.0381151206639569
22.855,-0.03258502153253587,-0.05006837447855369,-0.05062412730857899
22.86,-0.027654105524160616,-0.0580155530813281,-0.04890939239945938
22.865000000000002,-0.03125394953158925,-0.05145832475596636,-0.047780582288254526
22.87,-0.02798464682724756,-0.05654231869693543,-0.043024959175944816
22.875,-0.028868799397749795,-0.06714331466736166,-0.03886760341318758
22.88,-0.04886026825240385,-0.042378181227389414,-0.04138829188802032
22.885,-0.036382200826795844,-0.06731793607667926,-0.046835494471575194
22.89,-0.040097182661854254,-0.06779367041963019,-0.04427302062603546
22.895,-0.023824092029353476,-0.05903565659382756,-0.044458496443805146
22.900000000000002,-0.02567614160812096,-0.054609054119645686,-0.027116485960987098
22.905,-0.043854275789598184,-0.051701778230276225,-0.031034135051330368
22.91,-0.01668039801768772,-0.04622171578751877,-0.04544378851472282
22.915,-0.017233692205656136,-0.04656052785761498,-0.021533006411668023
22.92,-0.025254089911889818,-0.05393468581310004,-0.035669838539901924
22.925,-0.041609914955910446,-0.048975274078593846,-0.024093311799228037
22.93,-0.03419092063675079,-0.05963094488353174,-0.036909008228666086
22.935,-0.04444424285224355,-0.05874496862689692,-0.04445483302201289
22.94,-0.030028981915435647,-0.050969500631634496,-0.042150752223608215
22.945,-0.03194704270967654,-0.029624010435244822,-0.049222942120464803
22.95,-0.018868792409361235,-0.04613469861864864,-0.038884173656562444
22.955000000000002,-0.04719674018204875,-0.06457117036830204,-0.034033887777483916
22.96,-0.021933200504392993,-0.054722448289222785,-0.032502476444352314
22.965,-0.02320873654282441,-0.04118081254331493,-0.03305676084658819
22.97,-0.032250642512585984,-0.062051445563302304,-0.044935141451914795
22.975,-0.03509523388952432,-0.043546853014859416,-0.054585683356077136
22.98,-0.031031879324078818,-0.05410985616995675,-0.022826094966454595
22.985,-0.02177569788124348,-0.052119638994194965,-0.02512478982653297
22.990000000000002,-0.02407576178175861,-0.04288093428174736,-0.050053475075289885
22.995,-0.031101384855682753,-0.04355510667173442,-0.06164459239018421
23.0,-0.025637659858447872,-0.06080990464232129,-0.04382385892590126
23.005,-0.04994527529200285,-0.05817570309163699,-0.029149088875097526
23.01,-0.05638779427751076,-0.06405577193858358,-0.03489443625469831
23.015,-0.04276790332123561,-0.05082864088837841,-0.03475652103110271
23.02,-0.04487530258126901,-0.06986212272804451,-0.047099804529763374
23.025000000000002,-0.037780410485136216,-0.07377083788249987,-0.027801237236035843
23.03,-0.030261714775425164,-0.05303204471385332,-0.04050435365984842
23.035,-0.04562568725821194,-0.071682552722816,-0.047629914693186004
23.04,-0.02864289613130586,-0.060154256389016864,-0.04622244172732176
23.045,-0.038972494103175694,-0.07095154681801921,-0.03272182584179429
23.05,-0.043276770603962914,-0.06935495827402376,-0.029588187698904964
23.055,-0.04023778526811527,-0.0405298064473557,-0.04768957779315855
23.06,-0.026642903454541345,-0.04907994472502558,-0.0440509170675547
23.065,-0.024125492752565522,-0.0653240680277616,-0.038022939742602894
23.07,-0.028025706783465526,-0.07566968542580892,-0.05821051974215924
23.075,-0.04843910542390523,-0.05677562416229803,-0.05317128548728358
23.080000000000002,-0.030103057406097374,-0.060296067915367534,-0.061483328611800024
23.085,-0.032383339351520095,-0.05283825644545993,-0.05423701972122808
23.09,-0.043473732087458306,-0.05197726354780314,-0.0427698373508142
23.095,-0.039569520127345756,-0.05774795023603307,-0.050402537210491066
23.1,-0.035625225319433525,-0.04408479072563162,-0.050557625652143716
23.105,-0.052006815402441245,-0.04329634367793266,-0.05056443647237634
23.11,-0.04560371186260159,-0.03859990897707984,-0.03737716767909251
23.115000000000002,-0.03441713095954346,-0.019896770976979398,-0.05199110119818395
23.12,-0.03236013122889522,-0.04067785793142411,-0.043114772673118015
23.125,-0.030129132462820105,-0.05231437787866478,-0.03475037878603588
23.13,-0.02981661089444492,-0.047010499605362285,-0.04671534553902335
23.135,-0.03584123680342296,-0.0356448232178196,-0.04943762218775867
23.14,-0.03382361357933439,-0.04432172233988624,-0.050093228703128566
23.145,-0.04767158922490429,-0.0286423840768229,-0.033113206381749236
23.150000000000002,-0.043730314876588065,-0.04583975390305623,-0.054704643044211534
23.155,-0.03691910545479169,-0.02718278426715478,-0.016207587540787733
23.16,-0.03283205766980403,-0.022830420877907008,-0.03689941296844659
23.165,-0.043729432913808985,-0.04222169093328911,-0.026230464417712027
23.17,-0.03453894727247055,-0.049778455434326165,-0.038699792660130836
23.175,-0.047932945228613695,-0.04537709975207439,-0.030570009545358892
23.18,-0.04578107385175228,-0.05198923385890936,-0.014546537972345862
23.185,-0.022718923436846446,-0.04536954878301382,-0.037505860352273046
23.19,-0.042896447061274226,-0.030407815282391643,-0.03696652085050835
23.195,-0.040351250511345034,-0.06088081363139594,-0.038155422050295096
23.2,-0.02229626404660334,-0.02405376743035633,-0.03166702466830815
23.205000000000002,-0.048569076097268134,-0.038365643338985025,-0.018775875376413797
23.21,-0.038084432846635236,-0.03639927298659535,-0.053150588005334835
23.215,-0.041819826574194766,-0.05562126888233315,-0.05129757820067679
23.22,-0.0345545100523956,-0.05416816211604414,-0.04185614927780758
23.225,-0.030610037982404997,-0.04553888484734832,-0.03201709465944551
23.23,-0.04087336936630979,-0.0253816632321648,-0.04085118284308741
23.235,-0.037989561485714175,-0.042605590896411714,-0.06291515173098913
23.240000000000002,-0.03449166086419573,-0.04133155865619085,-0.052131697710957076
23.245,-0.02705998269204364,-0.029295700845718274,-0.0463119061101407
23.25,-0.02550963433156464,-0.04791412995282457,-0.06269341005754392
23.255,-0.04462639332302769,-0.02647392729027232,-0.028077569300463023
23.26,-0.03442937795512502,-0.04732801131132611,-0.03552238035610617
23.265,-0.03798422836309452,-0.05212247965193634,-0.05554950952093653
23.27,-0.0570811923701494,-0.04227372569693653,-0.05260106086501309
23.275000000000002,-0.028752545078358793,-0.05455608277144283,-0.05600429043759233
23.28,-0.03472135445482271,-0.06080907108966837,-0.03926598884319743
23.285,-0.030291896543209237,-0.039022089505204104,-0.053051512356876704
23.29,-0.021904195957834167,-0.04322446845232261,-0.052352820427369814
23.295,-0.030785513436682573,-0.031935278696339255,-0.0410757536195574
23.3,-0.047441638721677504,-0.026085450175305343,-0.027556996918164534
23.305,-0.05006989625807423,-0.035358832812641336,-0.02628895372504459
23.31,-0.02943839540307202,-0.043208600249742525,-0.0417437085338793
23.315,-0.02763090964428947,-0.054009163949154185,-0.04817286951069304
23.32,-0.03227736628930263,-0.0791152484644901,-0.053765451979817455
23.325,-0.04477177127684903,-0.050026955027795625,-0.043504694331578074
23.330000000000002,-0.031516314158071546,-0.025983204072819156,-0.04451354772191805
23.335,-0.05160365004414253,-0.06687402501222986,-0.03813233220623055
23.34,-0.0407412564016372,-0.045571383282621405,-0.04680881319636171
23.345,-0.034399383512768854,-0.03620233752358996,-0.06327920858809233
23.35,-0.020810415857372123,-0.03672320757238693,-0.054160459912762554
23.355,-0.03816468654287023,-0.04258384671183846,-0.04748793535717935
23.36,-0.038341903422413476,-0.044909070612032365,-0.059198889978858346
23.365000000000002,-0.042202035687633546,-0.03899818941718414,-0.03922180768570337
23.37,-0.030008865285241,-0.02743735876613282,-0.06493373037305573
23.375,-0.05105031784192878,-0.06716363452959788,-0.055508019786275585
23.38,-0.03247831741015796,-0.03596881059746661,-0.0449752244129022
23.385,-0.02413488078147947,-0.033978379854622646,-0.04061356638200474
23.39,-0.03975239996888226,-0.053862336502065865,-0.06389101500896313
23.395,-0.05813866379715067,-0.05579629588512889,-0.05794971853575632
23.400000000000002,-0.040276008369313755,-0.06370419141266187,-0.05281167890811547
23.405,-0.03461599093437184,-0.03811357416386615,-0.061278523122948764
23.41,-0.022222649520469453,-0.03413127406440577,-0.05339591874092177
23.415,-0.04445468475126122,-0.03963319957372537,-0.052032781964271066
23.42,-0.05196988612606773,-0.04609099035348497,-0.05522834612519216
23.425,-0.03315270160036509,-0.05054870633565838,-0.06285547891491798
23.43,-0.04569275530607952,-0.054430955607596206,-0.04956000182580253
23.435,-0.029827506995706656,-0.06480211493338124,-0.0458530616115769
23.44,-0.035363854490125815,-0.04605441930558994,-0.04967368638034334
23.445,-0.029176940358491308,-0.04966377054618894,-0.05420196285785145
23.45,-0.03851507403542608,-0.044678119597892446,-0.039411832042338085
23.455000000000002,-0.028706200088011807,-0.03483013997816793,-0.0572940751879644
23.46,-0.02578295240818377,-0.049959903807824245,-0.03761875881365738
23.465,-0.03150866210957286,-0.0533253595093362,-0.046832211540239393
23.47,-0.03499021696925794,-0.045444735935576845,-0.047646668579615845
23.475,-0.03726357721064541,-0.033923505415485375,-0.04620193362917943
23.48,-0.03411814776788838,-0.05775784670968666,-0.05396101259217949
23.485,-0.029855180355343125,-0.04462659302095614,-0.052707011855972305
23.490000000000002,-0.03659646049561461,-0.06663818921356743,-0.05739778685234381
23.495,-0.03702844364404422,-0.050364405780257866,-0.06579059673720515
23.5,-0.034690281895163044,-0.052407609440246194,-0.05182916520006714
23.505,-0.026742287944019432,-0.03938759535141027,-0.06418337410922009
23.51,-0.02665363214954567,-0.06630343327290884,-0.05906401845308036
23.515,-0.020896824181798328,-0.05609099248640231,-0.05914517633353829
23.52,-0.02709845648286209,-0.04233737781702835,-0.06005732030009936
23.525000000000002,-0.040671304992929244,-0.044731769691133384,-0.040211305502650195
23.53,-0.028718598210893467,-0.05447951985925256,-0.07107219865604178
23.535,-0.04042513714820953,-0.053337821228963724,-0.05266917853862725
23.54,-0.03907658302319895,-0.06531069253220279,-0.0733343823365254
23.545,-0.01335647242714703,-0.059864879081224974,-0.045073659687066205
23.55,-0.04163488362491842,-0.04513069308359535,-0.04959073304158507
23.555,-0.019804082227542867,-0.04135415136069282,-0.04747042282325434
23.56,-0.021633168430803026,-0.04822233707844527,-0.042329377892898305
23.565,-0.02224050274642861,-0.05440704992409595,-0.05249445363507878
23.57,-0.01535077997665127,-0.06073711605491865,-0.06028294016243213
23.575,-0.034087143426383006,-0.07553625944841794,-0.05981353245980994
23.580000000000002,-0.03429450468721549,-0.05364347757835609,-0.05394444808407896
23.585,-0.033047587330116465,-0.05591828976137695,-0.0408059081843397
23.59,-0.035956402785789016,-0.045676626560883005,-0.04341811999664888
23.595,-0.02477030063445638,-0.06298730781880163,-0.049628001890212395
23.6,-0.04910193084628628,-0.06528099692165217,-0.055361178165909325
23.605,-0.03479530519631664,-0.0641177262856866,-0.04375514520350454
23.61,-0.04256328442900117,-0.04929992518127775,-0.04762245018900142
23.615000000000002,-0.026171109774661395,-0.059196610068125155,-0.06209827423387877
23.62,-0.022767860438888985,-0.0393193359434521,-0.06712725187114897
23.625,-0.034416212781673935,-0.051460607924063206,-0.06201394313532686
23.63,-0.04000985588784537,-0.07836910666239148,-0.05164999381297704
23.635,-0.039624949748176874,-0.05367874358921047,-0.05500966603849522
23.64,-0.04019818715059197,-0.06581149917656791,-0.04828471149604234
23.645,-0.01821544264182892,-0.035511784898200324,-0.06100994769188173
23.650000000000002,-0.030165412319415826,-0.04463526485005927,-0.058634471203150434
23.655,-0.026384013152946997,-0.0676125271512316,-0.035887229862091856
23.66,-0.02628272680711405,-0.05921285364448363,-0.05342647321438312
23.665,-0.035857975796199516,-0.04645428459130625,-0.028505664043213662
23.67,-0.045496362493784394,-0.05571118963610835,-0.02313924684379126
23.675,-0.025370112640769348,-0.07055185511819537,-0.046841741189862354
23.68,-0.02310641779617484,-0.05200581397844127,-0.030143641581005465
23.685,-0.02366954181668866,-0.04833443502357613,-0.045705368522932624
23.69,-0.04223891844366842,-0.052764137426326324,-0.04990741892345441
23.695,-0.005220993735126998,-0.05240860099428767,-0.04186576392078766
23.7,-0.02148206004379982,-0.04272390165520011,-0.046844775224773025
23.705000000000002,-0.015795819820901294,-0.05350482778341142,-0.05452733204669205
23.71,-0.02335517934609201,-0.054155276715744785,-0.040888759990649795
23.715,-0.01906125610504138,-0.05362930681651966,-0.02778130722639463
23.72,-0.03458620158329773,-0.05664724028528465,-0.05219540321961212
23.725,-0.04138655468464995,-0.030509118585343196,-0.05485153042566601
23.73,-0.038836254085173744,-0.041606963316363994,-0.054415589980492535
23.735,-0.030532492838683825,-0.060208965287897036,-0.04778080686323494
23.740000000000002,-0.02187167560657927,-0.05847394685989401,-0.04791755901874588
23.745,-0.02871637234088187,-0.06690711851162481,-0.046811662824785515
23.75,-0.004796066779953515,-0.053442323640278,-0.05040004058409296
23.755,-0.020241900654470724,-0.055067205911440056,-0.03790661974730745
23.76,-0.006871896256425723,-0.05281714910243372,-0.04809532920246572
23.765,-0.03652769898941551,-0.0355273768255223,-0.042749414370297806
23.77,-0.01589351438626328,-0.03944262849645789,-0.04765312322473354
23.775000000000002,-0.01429082964283143,-0.05364905405644719,-0.04493202460968197
23.78,-0.02852033956904633,-0.04920688458549465,-0.046490927354552965
23.785,-0.01603307487600904,-0.04948200651194686,-0.054884710004560466
23.79,-0.025987776706631528,-0.049785767700114496,-0.047780774678996676
23.795,-0.030418584103630082,-0.06273517002629002,-0.05086809267485198
23.8,-0.02658287958902867,-0.05341427645158573,-0.03468029202544338
23.805,-0.01457214517901229,-0.04371655815652982,-0.03868839583196008
23.81,-0.005528682480079898,-0.04820820893407089,-0.03630823146442493
23.815,-0.02161567649778887,-0.04825287313067893,-0.03661939311051758
23.82,-0.034421262730506844,-0.04996347808811999,-0.04247729929145946
23.825,-0.02450138719369809,-0.062310792324158606,-0.05324266151222067
23.830000000000002,-0.028869971751190507,-0.06410039370668277,-0.04395196016535133
23.835,-0.020895597441717415,-0.05616746134341998,-0.05863858674136303
23.84,-0.02216410483771342,-0.030531311902028402,-0.03969901208045801
23.845,-0.01633670310302452,-0.043672776511268004,-0.032718154930690996
23.85,-0.025783856977136546,-0.045216111995418196,-0.02217693195475495
23.855,-0.020579025159213372,-0.05228727402338855,-0.04493875793809569
23.86,-0.03420673270056893,-0.054447525865937416,-0.03638015498896868
23.865000000000002,-0.009154221376800225,-0.058912071532745115,-0.057642476461545036
23.87,-0.041295902250502656,-0.05621631961899817,-0.04225606360544302
23.875,-0.00022393479781021054,-0.06691316683157572,-0.035813560588767654
23.88,-0.038087908455190556,-0.05359033342592362,-0.04863738727039067
23.885,-0.012997608197873524,-0.06374683465510828,-0.03945861090043969
23.89,-0.03674862471112551,-0.056916734390840294,-0.05335274174691991
23.895,-0.02268829870561499,-0.055803272860059316,-0.030297210651071944
23.900000000000002,-0.037848921864012106,-0.044580554527054075,-0.060059296626259695
23.905,-0.018321934728433204,-0.03872599913634943,-0.04678774706353668
23.91,-0.04320278884094775,-0.04820126827726813,-0.03559686362622431
23.915,-0.028219595292603518,-0.03255330749326437,-0.04835216477684241
23.92,-0.016979630741721166,-0.05228009788153212,-0.04187494413506718
23.925,-0.036683866603271276,-0.058633896797215306,-0.04430429016363388
23.93,-0.034144566876402986,-0.05476930979234277,-0.0434391007332918
23.935000000000002,-0.021873206981093643,-0.07183440934071024,-0.03936591949879244
23.94,-0.018696278790406275,-0.0732926657656523,-0.034933831068052194
23.945,-0.027216396813180894,-0.044563182075491065,-0.04722557692166565
23.95,-0.017299150405839563,-0.049681249927969864,-0.02788712676913375
23.955000000000002,-0.02854322533904286,-0.05736100223559559,-0.04103836618803285
23.96,-0.024098296369351287,-0.053292309705075515,-0.04256541075454941
23.965,-0.03568810515094012,-0.0481427564641474,-0.04503443211901134
23.97,-0.020855815597231413,-0.06031541105617995,-0.051506792721957066
23.975,-0.03283201430678609,-0.06838477278034207,-0.05155400031997337
23.98,-0.0237919502053558,-0.03795925075326902,-0.05134904110863535
23.985,-0.035895836053170524,-0.0678832091652952,-0.04737621878790092
23.990000000000002,-0.018744336547815533,-0.050632285142901565,-0.05354818150590185
23.995,-0.0045973420924222755,-0.050649289557148536,-0.04374721121838032
24.0,-0.029876472827075458,-0.05560534044764592,-0.044867030571818074
24.005,-0.03370653940356894,-0.04671397206682313,-0.038032649309044576
24.01,-0.05762379101968687,-0.06446357337910298,-0.04126604876931666
24.015,-0.0359462263533319,-0.06102026822421596,-0.029765877344029218
24.02,-0.033995011764083365,-0.049898705758604445,-0.036455237939913246
24.025000000000002,-0.024733206780197758,-0.06647299188688177,-0.043609000362302364
24.03,-0.02169208052295324,-0.040322456187950356,-0.057845022264066834
24.035,-0.009483918210292869,-0.04535186361622084,-0.04284547809498926
24.04,-0.021106969125666914,-0.03863367715323021,-0.03750143822090163
24.045,-0.04015131057114214,-0.05806169648828253,-0.03216642883072456
24.05,-0.02703246248712002,-0.05335224117045483,-0.05014665379099929
24.055,-0.04956229073917003,-0.06352092581370399,-0.04710197038969653
24.060000000000002,-0.033742209658498966,-0.046615325556512474,-0.056823393788988555
24.065,-0.034712768295100435,-0.047455104299814165,-0.05472626565349413
24.07,-0.045604935764776894,-0.04031486816049226,-0.035556146230118026
24.075,-0.02546435412118069,-0.03900078464250104,-0.05124539196048936
24.080000000000002,-0.037792391682010075,-0.06027083258227926,-0.04553891885985749
24.085,-0.040060460210947876,-0.057085908413317184,-0.02620185289600422
24.09,-0.02425192533141496,-0.0380050589478137,-0.0431836961355648
24.095,-0.019067053206137687,-0.05774927265715734,-0.0514710866200927
24.1,-0.02202920311708642,-0.03990986405501287,-0.039992111641571494
24.105,-0.034366760692216794,-0.04144402962182128,-0.03500384578600681
24.11,-0.025295521923140152,-0.045373626664478084,-0.03535759360945734
24.115000000000002,-0.01202345097961523,-0.05229533728723081,-0.03665348742111375
24.12,-0.0346785866033905,-0.03946258837840342,-0.03031319435349146
24.125,-0.03111107290071629,-0.06055063426342241,-0.018264195633992012
24.13,-0.032956461320455974,-0.04875838589447122,-0.04591597725079877
24.135,-0.03838967926616832,-0.04430211620134748,-0.037881382386071125
24.14,-0.02995242009795069,-0.04142270057294294,-0.03048003587294782
24.145,-0.016659732085129893,-0.03569579341622729,-0.04514729607544514
24.150000000000002,-0.014571094577544979,-0.05417492996094374,-0.045661209609430986
24.155,-0.03620804046501244,-0.052737936903443555,-0.05011192968994402
24.16,-0.026161516083350624,-0.04697924171674819,-0.02168357161158227
24.165,-0.03990256162872633,-0.052251425072797626,-0.018302984424598604
24.17,-0.035422442671866804,-0.02582977747191304,-0.039048882230858055
24.175,-0.037198222871523065,-0.04342099661242786,-0.048751975647949884
24.18,-0.02076966067609929,-0.04943936789635765,-0.05999914207600944
24.185000000000002,-0.0410502315474593,-0.0520179856665519,-0.04165028989896851
24.19,-0.013446955421439186,-0.053360774874330996,-0.054954132299140465
24.195,-0.01187784680569329,-0.03743321658934902,-0.049589509221993816
24.2,-0.026943439387277102,-0.03487735666741265,-0.03463609138073584
24.205000000000002,-0.022992497658062917,-0.050091211155603,-0.030167755375631534
24.21,-0.012209186792072344,-0.04855055985491085,-0.05159209788746276
24.215,-0.02927526489022251,-0.04257755804018538,-0.07107249850144146
24.22,-0.02997564421636437,-0.03931871564618061,-0.04347318630406309
24.225,-0.020196491599142406,-0.04662979504001871,-0.027299290237443586
24.23,-0.03856986244190316,-0.02309784632362858,-0.03975396037825169
24.235,-0.008265755501441227,-0.02865676621514663,-0.051079903577722685
24.240000000000002,-0.027894497866449285,-0.04192105293696765,-0.029648102826746493
24.245,-0.030458224337168525,-0.046781955690131584,-0.03360665973050165
24.25,-0.01791314036375822,-0.04525107157829683,-0.02968817735441865
24.255,-0.01905636446762934,-0.055924876904085145,-0.029346472272055224
24.26,-0.019059745011888653,-0.04099398553615512,-0.04270591829277637
24.265,-0.023345396820245234,-0.04919693409873951,-0.04150024003787439
24.27,-0.023538238829379048,-0.05101671622414495,-0.025662640190945635
24.275000000000002,-0.006282350487684184,-0.029909677020915123,-0.043006250991558276
24.28,-0.027725153523136987,-0.03866253708056988,-0.04247449632343502
24.285,0.0017116006756822694,-0.03889942734970629,-0.04516836416489247
24.29,-0.020839762602529652,-0.052984718384908654,-0.03538440834768508
24.295,-0.024247197476628318,-0.04142527392336287,-0.028723062828996792
24.3,-0.027329186506704038,-0.026371482248055186,-0.045713365908065406
24.305,-0.023745877100247087,-0.041116734438351864,-0.03589398130907417
24.310000000000002,-0.02402082082980063,-0.044119482967383,-0.03399424624179067
24.315,-0.03705846037128482,-0.043017545425546845,-0.03913899332162389
24.32,-0.024057728174522355,-0.04252118154827673,-0.023700530006104052
24.325,-0.02085481171495904,-0.05191449392352374,-0.06516015706701575
24.330000000000002,-0.018763792350905084,-0.06003460217977206,-0.04133718516513046
24.335,-0.027130487970180566,-0.044840639764187784,-0.04434273094069194
24.34,-0.030861440510829747,-0.04973583737939907,-0.019269699849978197
24.345,-0.0126917051712063,-0.042372078824764986,-0.04151960729824425
24.35,-0.039266686386921726,-0.03320797942768721,-0.051830009516688896
24.355,-0.02198609102809818,-0.04205995232615639,-0.05357247903039845
24.36,-0.02891814617247656,-0.04854905899903959,-0.0255348063704047
24.365000000000002,-0.036459199609981376,-0.049525900804875664,-0.04765918072690124
24.37,-0.027676051652792084,-0.05891555154580959,-0.06107720757930858
24.375,-0.041306969552571585,-0.0410851947085016,-0.04458677496698958
24.38,-0.014178750378854561,-0.04963413047985541,-0.04817697268160749
24.385,-0.02778430401151113,-0.041303109519769204,-0.040912087147475316
24.39,-0.022865211400530668,-0.034855511980559924,-0.03152086495508199
24.395,-0.019659684469548716,-0.04600171050158774,-0.03298093329523843
24.400000000000002,-0.01586788138300469,-0.044354504793561914,-0.023201154979760823
24.405,-0.01619890865909142,-0.03142422448712806,-0.04582524289021338
24.41,-0.02041653327514895,-0.04508022336541257,-0.04651121313204575
24.415,-0.010463573247170337,-0.06410607677222874,-0.04203512344854678
24.42,-0.0260562069359658,-0.03610220209043351,-0.03926524975457425
24.425,-0.036665224682219694,-0.04876234553077869,-0.05064225106416498
24.43,-0.008140614748297229,-0.06125183801570267,-0.04874092929088518
24.435000000000002,-0.028833407508041642,-0.041408959102472644,-0.054040782354058785
24.44,-0.030542486231168422,-0.03539939520883219,-0.01897349309311025
24.445,-0.0121170239870236,-0.0313669798565412,-0.047130374632608336
24.45,-0.018972107294923914,-0.057980601190604504,-0.05134518290940364
24.455000000000002,-0.023735895171736618,-0.04358263337552276,-0.05592456277101041
24.46,-0.02646751945475629,-0.053199620354001075,-0.034789645905888664
24.465,-0.02726247165464414,-0.03385261391354656,-0.045008329153682025
24.47,-0.011875203647796859,-0.05912594411201416,-0.062380950408253255
24.475,-0.01952175455875609,-0.05417404821028394,-0.05094082676065324
24.48,-0.02317199798604038,-0.047761091014335205,-0.043197958600964106
24.485,-0.04763220645852003,-0.05521100278365633,-0.025276634680535565
24.490000000000002,-0.021249046034790567,-0.04121490747362124,-0.033905389489235944
24.495,-0.01386956542856281,-0.03948958690343682,-0.04194587720472788
24.5,-0.020641670400168337,-0.06671925975453286,-0.03455415807720991
24.505,-0.017144885471326962,-0.05985150666596754,-0.03290029425909219
24.51,-0.030836434002530826,-0.048959222903533856,-0.029246829982543715
24.515,-0.02003289882454836,-0.07547948848907748,-0.05339630994821473
24.52,-0.0362682897743606,-0.049098473691170465,-0.057686719663834755
24.525000000000002,-0.05380963597628127,-0.05013236307795722,-0.034966250722230516
24.53,-0.04541902474938599,-0.05213186802252179,-0.027742047032371705
24.535,-0.021904514038530346,-0.060741255700500964,-0.04032689144339909
24.54,-0.019231888381423465,-0.0744261092710033,-0.04952069418513012
24.545,-0.012477878728330043,-0.06367901674981546,-0.03738580741823352
24.55,-0.016305434423127596,-0.04915618334963242,-0.03521646934979464
24.555,-0.03605728000144527,-0.04082532873326344,-0.05436676320787644
24.560000000000002,-0.032871189340687765,-0.05179485759725928,-0.034855527322128335
24.565,-0.033671727753971745,-0.04490335219944349,-0.047740299192185004
24.57,-0.025581947910385414,-0.07253956343762721,-0.02442099162651631
24.575,-0.027288856937015837,-0.03425209531518606,-0.033946610110392315
24.580000000000002,-0.028667201991117348,-0.059491961832183284,-0.028788991217892572
24.585,-0.012499234289550047,-0.056634941031921494,-0.029022120432071856
24.59,-0.02254965232971344,-0.06224185810345011,-0.028948720080981954
24.595,-0.03681421158025221,-0.049395547440707455,-0.03262425812161125
24.6,-0.042926100432654074,-0.06472440304963561,-0.04977889663135941
24.605,-0.027183319505894116,-0.06412518842316633,-0.037948701185885586
24.61,-0.03762280795389967,-0.048336913020577923,-0.0383923189364187
24.615000000000002,-0.01806235512519114,-0.02914656573331319,-0.03441177615405442
24.62,-0.011867199469976978,-0.07649576000546388,-0.03331833072760908
24.625,-0.04630288129128489,-0.05201790590502982,-0.03352786136051855
24.63,-0.0318914411038491,-0.05898811445599504,-0.027334859064078194
24.635,-0.06996680990853059,-0.036355248380222686,-0.028187880665120898
24.64,-0.026208357287963016,-0.06876873229479728,-0.032942011032211393
24.645,-0.016820542318508224,-0.05494674966042442,-0.044939996747318606
24.650000000000002,-0.027794910154235374,-0.05770313465900984,-0.026850557498264715
24.655,-0.03828879266447793,-0.0366307920936534,-0.023360689603594994
24.66,-0.027581134172054822,-0.06047195353976683,-0.016265187369941293
24.665,-0.03143456317888824,-0.08465588840743415,-0.023199908518338985
24.67,-0.02644555202146206,-0.0383927554674144,-0.029377565889020386
24.675,-0.042416970859780745,-0.03837520209245538,-0.01911149698404667
24.68,-0.023168574843691312,-0.05624010961539518,-0.0391325428975917
24.685000000000002,-0.03618051655828197,-0.06058719627559426,-0.040646156353501814
24.69,-0.040306200348296656,-0.040767139254490804,-0.03205834424326292
24.695,-0.025882864425019483,-0.035893947680025656,-0.02371347523725792
24.7,-0.014071424089992068,-0.054405135824944925,-0.03337119690564674
24.705000000000002,-0.029575365880818764,-0.040971333349532235,-0.029553223979796102
24.71,-0.03830846997413493,-0.05942735893758133,-0.027384972909262544
24.715,-0.024514274973082974,-0.05221715146712562,-0.026836052839372102
24.72,-0.041014876991428445,-0.05013468399170035,-0.03233636825239734
24.725,-0.025069635087323586,-0.06454387207094033,-0.03682686380976839
24.73,-0.0339166620747383,-0.032150367895012945,-0.02754759497411746
24.735,-0.020815708579596956,-0.047205481455594854,-0.03874441408250729
24.740000000000002,-0.03499906860536213,-0.056837432790583405,-0.04087171332202379
24.745,-0.030599727335622027,-0.0499968567982218,-0.0409244241269618
24.75,-0.02344027523823393,-0.06839440261822521,-0.04447947101039689
24.755,-0.0569978823115302,-0.06724547313325666,-0.027995570159807054
24.76,-0.03730055053093212,-0.04904350928261112,-0.02141153938037451
24.765,-0.02947823096644057,-0.032587643160397625,-0.04481944797260604
24.77,-0.03959290037225288,-0.04953297371094436,-0.040840501661706566
24.775000000000002,-0.0455258935509871,-0.03517340738903128,-0.025899570420794885
24.78,-0.047848522108149064,-0.07414388587562094,-0.030012375708704877
24.785,-0.01857589417689748,-0.048245190220895136,-0.041096077398152325
24.79,-0.03508305744627199,-0.0468715450079652,-0.03799696894413532
24.795,-0.04697587100404046,-0.06635478746509109,-0.04201329337785333
24.8,-0.05991269741313213,-0.06159740818133061,-0.033233725607297385
24.805,-0.05527309603535263,-0.03123934978246501,-0.028914179362079035
24.810000000000002,-0.01936088309827096,-0.06211059295040367,-0.023036533278690454
24.815,-0.0375593208628508,-0.05113615327118364,-0.03339666218585286
24.82,-0.012711632579137912,-0.02822077345289407,-0.034823580681244255
24.825,-0.04990508569666373,-0.047508027611843466,-0.03997583887218647
24.830000000000002,-0.013794541709393801,-0.04353590507582745,-0.028745593149726537
24.835,-0.04248330669833219,-0.05119989159795271,0.0005070743138087597
24.84,-0.050642342292505534,-0.05675826768830789,-0.042592553126508156
24.845,-0.03500588321056662,-0.043469314616654944,-0.025353635205919784
24.85,-0.02898484811413151,-0.06326975348217777,-0.014561501736167451
24.855,-0.024203669162513645,-0.06232707840317719,-0.02496805098596921
24.86,-0.036181097711773226,-0.051650766837959536,-0.042151088732612293
24.865000000000002,-0.04095668113393856,-0.026918971318236055,-0.03314897773844143
24.87,-0.046879828593235376,-0.04454926652071588,-0.040204786049304476
24.875,-0.042771280670144025,-0.04580341727877702,-0.02256371190515281
24.88,-0.03422926483339376,-0.04142433769871801,-0.02944719410488191
24.885,-0.03530670901295781,-0.029740244150382854,-0.021056029897362463
24.89,-0.04063097338560264,-0.03551678899393393,-0.04757733410816027
24.895,-0.03915256747359694,-0.045003081231966446,-0.034320706667685455
24.900000000000002,-0.038728940341184896,-0.041841839874363324,-0.03791810110683166
24.905,-0.027889817882359065,-0.03274399314076926,-0.029265082201623212
24.91,-0.028963919738578855,-0.0471274118272329,-0.02668143264981158
24.915,-0.0335426544885204,-0.04655301881861536,-0.01752167116816053
24.92,-0.01949788077854498,-0.053258672432423174,-0.018959879371176422
24.925,-0.03214978672031731,-0.029212717620562052,-0.016300431974564527
24.93,-0.027778943084218403,-0.0511769846278925,-0.02192464319892431
24.935000000000002,-0.047179849046020045,-0.058694971147379836,-0.03285686414506214
24.94,-0.0658319779737027,-0.04857815000216952,-0.02795244628582304
24.945,-0.0427864243200546,-0.03579609529957116,-0.039199395391342866
24.95,-0.036330108920723164,-0.03153704578847407,-0.047272155318240576
24.955000000000002,-0.03984285630725129,-0.03627862193147657,-0.00371309447734968
24.96,-0.05381537027660139,-0.04115255142385731,-0.029694566128778424
24.965,-0.027289250701892184,-0.039916646523138796,-0.036512039285968606
24.97,-0.035388443071221284,-0.03891578626777044,-0.03032148457899259
24.975,-0.03277361953019589,-0.05959500213216853,-0.010127556978456452
24.98,-0.03112430052335201,-0.040036227493793215,-0.0334470888882706
24.985,-0.015590414534741671,-0.03919097399337753,-0.028390636623108246
24.990000000000002,-0.047948247410356394,-0.05891243056398965,-0.026578592544605616
24.995,-0.054035009700275485,-0.03390015382192104,-0.04231680579698201
25.0,-0.028306762944626397,-0.03264318733383053,-0.011480321939278629
25.005,-0.021420809994450174,-0.051104007273324696,-0.04122302116424989
25.01,-0.033375360953404556,-0.024165168337941648,-0.026873210217377493
25.015,-0.05299291330207644,-0.04481641305350596,-0.0376949140743557
25.02,-0.031727141614461524,-0.050073125736942295,-0.039269272200099556
25.025000000000002,-0.03720606009723204,-0.04101276076474573,-0.02031676016731754
25.03,-0.0449129345350659,-0.03573697240073191,-0.031089475927880805
25.035,-0.03626661219443609,-0.05179046073272193,-0.026272607708939227
25.04,-0.04150596653134987,-0.05168843615569124,-0.030356085436664248
25.045,-0.04689584161025286,-0.0601543272017605,-0.028696721796429795
25.05,-0.01992674866722366,-0.049886393466102984,-0.023538471754601446
25.055,-0.035005127038965356,-0.04264286377602999,-0.042223018017752405
25.060000000000002,-0.048127805230358055,-0.0610152568491446,-0.04973340587323206
25.065,-0.06793437836006917,-0.03304253097589887,-0.0384187737462981
25.07,-0.045704420969895264,-0.0543492157904647,-0.04491463193605666
25.075,-0.05709185575022532,-0.06161660473896304,-0.041778044202354044
25.080000000000002,-0.050658380039468605,-0.07675985696809759,-0.04373016523545615
25.085,-0.057135963283924646,-0.06379139273370402,-0.04720651039118692
25.09,-0.049681183681058255,-0.0507721319424193,-0.049584645518566
25.095,-0.057036120680850816,-0.05683780719001851,-0.024436246858608988
25.1,-0.058032475575502715,-0.05655149123884915,-0.059827558792664146
25.105,-0.06391954844835201,-0.050815617299671156,-0.0439773110945119
25.11,-0.032534218462897835,-0.0486372976452102,-0.04154364350191643
25.115000000000002,-0.05527319679468384,-0.05321257832337102,-0.0189747812638997
25.12,-0.048317471885361465,-0.06828951688080954,-0.029367267584685566
25.125,-0.0324443290297597,-0.043479459003667086,-0.0362330397198634
25.13,-0.043694577712305484,-0.057394557040288334,-0.04679309770494937
25.135,-0.039794055997863224,-0.06671517353554597,-0.04560175180998475
25.14,-0.050957780975889565,-0.02891332147578321,-0.024237309565238167
25.145,-0.058917637426808306,-0.0487523978480619,-0.04459717350626318
25.150000000000002,-0.04508058468991099,-0.04014209385627705,-0.0482140257373449
25.155,-0.06402207249227539,-0.05391158118803927,-0.05030991920248984
25.16,-0.05223392414722329,-0.07478649076382657,-0.043170075929545346
25.165,-0.03727308451816099,-0.06013272818506454,-0.062143944417030944
25.17,-0.04256490938967704,-0.052413924482537615,-0.043784531737282785
25.175,-0.0669215232929064,-0.0435809991542472,-0.06837352899891251
25.18,-0.04225821776537599,-0.060517657047112185,-0.04941495216534744
25.185000000000002,-0.07791368226425269,-0.05650328268709197,-0.053346476728362874
25.19,-0.03182283214304446,-0.03656667783204243,-0.048126758249489324
25.195,-0.05435040657127355,-0.057987340756152195,-0.05799345745715621
25.2,-0.047620513587620934,-0.06292872157876864,-0.042940422789257075
25.205000000000002,-0.047099972220880776,-0.04800935927444747,-0.04182123869029924
25.21,-0.04953876730132969,-0.060759663095501376,-0.056117715667475074
25.215,-0.061921500164895706,-0.07580667387668458,-0.04996093521051185
25.22,-0.057106296187193054,-0.0430736795688144,-0.04084907739726131
25.225,-0.05286220297084342,-0.05769242923986122,-0.02152541066847579
25.23,-0.04926646913791724,-0.04582401979627216,-0.04210958511203298
25.235,-0.07298373917875922,-0.06986807423080328,-0.05004599371887794
25.240000000000002,-0.04817484575257452,-0.06474890614360111,-0.037806472823868224
25.245,-0.061907101675090496,-0.04426480443888368,-0.038559039773640225
25.25,-0.05551955421736691,-0.05547573016326157,-0.040851182459689606
25.255,-0.04574636879965348,-0.05864788187510003,-0.048666121653675926
25.26,-0.0755305194026741,-0.05836191958728374,-0.038491635433136016
25.265,-0.06023971039131517,-0.055185279596742624,-0.04408604314732715
25.27,-0.0600569981070328,-0.0699932837418538,-0.047669445175947046
25.275000000000002,-0.06271201682166022,-0.0499253513364695,-0.030115071134006778
25.28,-0.07493417366901256,-0.07399070028102392,-0.06399681448103108
25.285,-0.0584783820922895,-0.06512020441182356,-0.040532615936462735
25.29,-0.05936119422219843,-0.07476537634817808,-0.0490963114414429
25.295,-0.0590108415100271,-0.05027865851384755,-0.03561166709708809
25.3,-0.056235834845192595,-0.07215525848334448,-0.04127885451857629
25.305,-0.052921937103545307,-0.056699046240721564,-0.04605950797970629
25.310000000000002,-0.06525102886293359,-0.05111846891731635,-0.056172068947762666
25.315,-0.07475120452898958,-0.05150807621473019,-0.05301805593501273
25.32,-0.0743532288480227,-0.06277797957953983,-0.050536546984077585
25.325,-0.05342003704826806,-0.05930351038173254,-0.053259274248389686
25.330000000000002,-0.047589008256439774,-0.04615827928242717,-0.024493115764559502
25.335,-0.06061628344261134,-0.03881335813052289,-0.0302534694217037
25.34,-0.05047205636574176,-0.04973756945677099,-0.017242815979626493
25.345,-0.06571699754619191,-0.055487648409579544,-0.0411934504356479
25.35,-0.05788701919989454,-0.06877801254547657,-0.03305777225842222
25.355,-0.057269838541864494,-0.056772012906012734,-0.048097526445030646
25.36,-0.07714383466190111,-0.052912809486827014,-0.032005770334323023
25.365000000000002,-0.038195606131761935,-0.06136776119540723,-0.04669240840680463
25.37,-0.060904071852060065,-0.03744040645051525,-0.05462379238814933
25.375,-0.06695594723422872,-0.06211257618041051,-0.024124203301500235
25.38,-0.06204426727590793,-0.047201246678344466,-0.03657507629032708
25.385,-0.061151248103114474,-0.06519825284129813,-0.04974564685826611
25.39,-0.06483197791816979,-0.05572416546816387,-0.05427950453700954
25.395,-0.0607325105589704,-0.0475322770207196,-0.05032526977278806
25.400000000000002,-0.05579458206328392,-0.04745567777982912,-0.04351435028173596
25.405,-0.04783803280374229,-0.05415364836665946,-0.04043233676727845
25.41,-0.06393652687747223,-0.041523867239059084,-0.037277555551635644
25.415,-0.05667398854401476,-0.06624777804453819,-0.03302097840518517
25.42,-0.05718055475192706,-0.04282237066035589,-0.03547232629743259
25.425,-0.052724298523596544,-0.04922240306783515,-0.025924045475736405
25.43,-0.0581757119133411,-0.059419968522818244,-0.03894896581969664
25.435000000000002,-0.0656003970954286,-0.026696899757038248,-0.06308483912631598
25.44,-0.07955816013668683,-0.06099210974194928,-0.042659179965978254
25.445,-0.05305991574525588,-0.05731719002612345,-0.050488200596153304
25.45,-0.05434477739823211,-0.0471334757254223,-0.04498564336647874
25.455000000000002,-0.07011850461892241,-0.05338408427232785,-0.028556361438344748
25.46,-0.0689849328626936,-0.058358637533552964,-0.054701572451494575
25.465,-0.05891165109975227,-0.03885852998234056,-0.045291364173638875
25.47,-0.059473691654205414,-0.05197027145319631,-0.03281090959381981
25.475,-0.06255875298091226,-0.03992661352744291,-0.049642276875875385
25.48,-0.06665946457888902,-0.06574493809459617,-0.05613596641515693
25.485,-0.05612643422494314,-0.05537601726854473,-0.04557636558343385
25.490000000000002,-0.07575454739577527,-0.05215171331371948,-0.0383119048294395
25.495,-0.06447274724985336,-0.04641070794278343,-0.04004958295634889
25.5,-0.0769256742884222,-0.053446274626074444,-0.061952220047210266
25.505,-0.06319024985854647,-0.04597201492176546,-0.06730626868547357
25.51,-0.06897698978693124,-0.02351386841377999,-0.057347907540992706
25.515,-0.058455250588318394,-0.036984529938966226,-0.021360562620762018
25.52,-0.06442926726150469,-0.03282927744356942,-0.05633391722046529
25.525000000000002,-0.0748362293908788,-0.05670019677186016,-0.053075084374218005
25.53,-0.050070873978205796,-0.04969730707521169,-0.0492713846071218
25.535,-0.05467914673455973,-0.04743371054194107,-0.05408739387888603
25.54,-0.06264566339377509,-0.03630287289171606,-0.05512390702395916
25.545,-0.052801215874001786,-0.03471497325482233,-0.05000793666276825
25.55,-0.059503217081978095,-0.032518118785144136,-0.05357963140502901
25.555,-0.053135308449299215,-0.045035212153673634,-0.040140203652047055
25.560000000000002,-0.06140752824862093,-0.06574662254145916,-0.03742609745294122
25.565,-0.06546067357757109,-0.03746807085237455,-0.056538241395755265
25.57,-0.05699055355320142,-0.04238166961420195,-0.05093535117400106
25.575,-0.05579900479207732,-0.032384227180493996,-0.06811262027482826
25.580000000000002,-0.06059597969800188,-0.037615129665899694,-0.04485359917157214
25.585,-0.05328034208423979,-0.026351059740448546,-0.031494839943259245
25.59,-0.04539114448966459,-0.03920273851220828,-0.027242174048529952
25.595,-0.07044562278378445,-0.03216774890436533,-0.04639048269542233
25.6,-0.06237224154092185,-0.03323490516057078,-0.05062185926553147
25.605,-0.04613987526266333,-0.05350259893814446,-0.05398046306286728
25.61,-0.052603630671300985,-0.03471582690948903,-0.05188938253120619
25.615000000000002,-0.06741261001121662,-0.0418041169126737,-0.045293231252703174
25.62,-0.06103739038317402,-0.04307810905297687,-0.048608565277365755
25.625,-0.04602180835593423,-0.04399346591654577,-0.06435916983710652
25.63,-0.07314135242293412,-0.03559426411992912,-0.058724656795909255
25.635,-0.06427561329648643,-0.03334103253495556,-0.058855788847760826
25.64,-0.05804063287513736,-0.021990613430775623,-0.036842584252311385
25.645,-0.05291618314022523,-0.06084903326167288,-0.04246779014159702
25.650000000000002,-0.06147233324906659,-0.0705766236714749,-0.060651139535733464
25.655,-0.056693790045642165,-0.03455595645582249,-0.05591714647635576
25.66,-0.06715914986905337,-0.031856241432020246,-0.04374139977458166
25.665,-0.04437702790146099,-0.035081655760001586,-0.03773492404714427
25.67,-0.05168063561131523,-0.0406308694488163,-0.034347535418089416
25.675,-0.0809207397286279,-0.04509210236606296,-0.049377242458308046
25.68,-0.0638936087692619,-0.03902228224657049,-0.055591759969070786
25.685000000000002,-0.05863965735208898,-0.037154041309775496,-0.024273893016972567
25.69,-0.06683941254079473,-0.047010802760482605,-0.047559305450041243
25.695,-0.0667011095776707,-0.05779630878625252,-0.04522953752630811
25.7,-0.0862339471207401,-0.04574823999038488,-0.03935169727190283
25.705000000000002,-0.06113901071141239,-0.01627402847546858,-0.04791803411887217
25.71,-0.05376008492749882,-0.03757690032917726,-0.05145753895941451
25.715,-0.050869124972827515,-0.027755405913490218,-0.05474367908464483
25.72,-0.04610439613917461,-0.0480033997092759,-0.03211357243548914
25.725,-0.044451479461896315,-0.030747563761491487,-0.047827651163048664
25.73,-0.06696350367808697,-0.04914980591074897,-0.0404307078776897
25.735,-0.060054543913564365,-0.02746357395216785,-0.036879941045994354
25.740000000000002,-0.04818066634879854,-0.0475264185057923,-0.026279225415568066
25.745,-0.05234229705054092,-0.060133575833848554,-0.05449109640851175
25.75,-0.06616682182915666,-0.04458413083307545,-0.02647074762416404
25.755,-0.08720367273127635,-0.05098389074904147,-0.04018927414394258
25.76,-0.05949545885358726,-0.03691709481540029,-0.06069253668673985
25.765,-0.05914039244212574,-0.03194268206258571,-0.024330769883403693
25.77,-0.07711200221180559,-0.01837670906414774,-0.02989667702650247
25.775000000000002,-0.06233806176586971,-0.05414110536105583,-0.031150113577658917
25.78,-0.053335963006704915,-0.0333909030347807,-0.037312809333874125
25.785,-0.05034713397533025,-0.05053140319550324,-0.03253660473662659
25.79,-0.0563747626778132,-0.04545958463627212,-0.021531576914231385
25.795,-0.06158732748372942,-0.04219525435756147,-0.053139366631846645
25.8,-0.06491551203714242,-0.03867108222758711,-0.03355489471463255
25.805,-0.08418810483561527,-0.039928017184643894,-0.027378451629535044
25.810000000000002,-0.0697640134619807,-0.05148926416949678,-0.012697972313927533
25.815,-0.0737103024991937,-0.030005221998109753,-0.03080643584299777
25.82,-0.046357914098908506,-0.04136126642811974,-0.03595604566053039
25.825,-0.06214852771191901,-0.05534479434907209,-0.039819048576356195
25.830000000000002,-0.059154247909008174,-0.03703794009718797,-0.03678872425086793
25.835,-0.05709239194691557,-0.05366336624300551,-0.015051807748943656
25.84,-0.07668349085638895,-0.030737498073244742,-0.027329550456164035
25.845,-0.07259532859912839,-0.059070288990485185,-0.0389331712193064
25.85,-0.0757519194093405,-0.04925684023312996,-0.04572036988837726
25.855,-0.06223744929985628,-0.04347520274367575,-0.03589531776609211
25.86,-0.07209855542315621,-0.06966741744548233,-0.032610251982119115
25.865000000000002,-0.07016505994092226,-0.056652607248315404,-0.027965415432216957
25.87,-0.08745394365736474,-0.06911406901341219,-0.06101334246913445
25.875,-0.06734099059311166,-0.07044140875202437,-0.07130946860734567
25.88,-0.07179012688196243,-0.045629389254744974,-0.05044845684936525
25.885,-0.08119990898462011,-0.056114866367273905,-0.042070134133538765
25.89,-0.07170360111592028,-0.05528518173555859,-0.04652704465719558
25.895,-0.06668110893978489,-0.05239997010116859,-0.06216663753073258
25.900000000000002,-0.08339038647814448,-0.06239321768767204,-0.050877677845682104
25.905,-0.10165654218868633,-0.059227539208933436,-0.05438233492196642
25.91,-0.09739914394380784,-0.0671389895462089,-0.04516962366907706
25.915,-0.07421037085377152,-0.05216815149669559,-0.05739283373084936
25.92,-0.08450374143157033,-0.0667506274532335,-0.030676054576396296
25.925,-0.08526851613585114,-0.06271995712967375,-0.032190290066804184
25.93,-0.0681039617413696,-0.06294346102223923,-0.05465369272586243
25.935000000000002,-0.08334785285844433,-0.053277444085018444,-0.03708031805481563
25.94,-0.07585091647903061,-0.0610467499233958,-0.04910058398422554
25.945,-0.08447658741692324,-0.05444901644068863,-0.050575471863410146
25.95,-0.09627785006846258,-0.06768236672010186,-0.06080379229587848
25.955000000000002,-0.08585350533269259,-0.05388820949790945,-0.06176890580022006
25.96,-0.08171741585353293,-0.06946995660592331,-0.061562000549548836
25.965,-0.05359104841614187,-0.059369219518137624,-0.051561493042331916
25.97,-0.08235789488451296,-0.055733461481501885,-0.03881262998290825
25.975,-0.07343423152081206,-0.051214645327238274,-0.07665529735392232
25.98,-0.07907947428957034,-0.06704204768834386,-0.05111308177745489
25.985,-0.08101616356890906,-0.0727922904282111,-0.048435286856561094
25.990000000000002,-0.0760763125578793,-0.08165319187414678,-0.05197870833275722
25.995,-0.09766369367524318,-0.07420874684668465,-0.05316214437878449
26.0,-0.08862199588796844,-0.05530545251951102,-0.03363461202414042
26.005,-0.08385304157492274,-0.06406340197843012,-0.05381687349661203
26.01,-0.08522372215147042,-0.06756735869692321,-0.05969267295668533
26.015,-0.0785004350074579,-0.08441070108278194,-0.05713359912000522
26.02,-0.0753182482509815,-0.05646327338307913,-0.054962021028595494
26.025000000000002,-0.07264141080815474,-0.07108745207850255,-0.060375070431492386
26.03,-0.09318768194821592,-0.0738815780548823,-0.06028865949349108
26.035,-0.07513401032229261,-0.06992167869409198,-0.041739732970719944
26.04,-0.07259280220277019,-0.05425277789170955,-0.04523228875111392
26.045,-0.06586969929489221,-0.07046121915256287,-0.04381758795894036
26.05,-0.06979359977779301,-0.06617281164079218,-0.06368359571761861
26.055,-0.0927409567988951,-0.04999530045013994,-0.033286406353960254
26.060000000000002,-0.09426474595404367,-0.06629237642251014,-0.04481094569465698
26.065,-0.06856691029867615,-0.07363173392258662,-0.05449076263656427
26.07,-0.07096746199730865,-0.07034658146387578,-0.053884821951239746
26.075,-0.07256219391760264,-0.0668952836627702,-0.05267216992248516
26.080000000000002,-0.07355992117526236,-0.06373535638669207,-0.0291785840381785
26.085,-0.07995896666559961,-0.05858143504878306,-0.04604043120134846
26.09,-0.07403257757991677,-0.06280251901508499,-0.05691521233464767
26.095,-0.09727731951227213,-0.061801443390820006,-0.05703083134925056
26.1,-0.06833603863297269,-0.08441941307022459,-0.04439914801562381
26.105,-0.061980483086047325,-0.0701932387608145,-0.06320375027805528
26.11,-0.08051230806799728,-0.07630358795828197,-0.047591306132851854
26.115000000000002,-0.07716135942265366,-0.06323688888327028,-0.06352260847191145
26.12,-0.06217042722683566,-0.05133155589608401,-0.06427286894685533
26.125,-0.06509486150728233,-0.07296218717209117,-0.03993232093318318
26.13,-0.06094301696191606,-0.06141587769699938,-0.04856520757771707
26.135,-0.06579684888711586,-0.06301121103641978,-0.054229232363959455
26.14,-0.08500579323025428,-0.06339416229248275,-0.047274438691447096
26.145,-0.06265943566002102,-0.06990716938984975,-0.0390605735807228
26.150000000000002,-0.06954994208943922,-0.050915651310826475,-0.0619781987546877
26.155,-0.0851068913143394,-0.0631365615652782,-0.051195583489107084
26.16,-0.07743429564683578,-0.07133753350249539,-0.04514488122073299
26.165,-0.09114211422606712,-0.04993889899337451,-0.054763453980699345
26.17,-0.08467659943077561,-0.056277432127016594,-0.05967914185471425
26.175,-0.0693795382741682,-0.0708931916976721,-0.04481613075543482
26.18,-0.0763247535636479,-0.06600051035697653,-0.0674915206746041
26.185000000000002,-0.07766242839754481,-0.050096151352426024,-0.041685058865016514
26.19,-0.08078022542771147,-0.06862692367551963,-0.039562250785564294
26.195,-0.0638443115296021,-0.061643021127935654,-0.06864552346878379
26.2,-0.062004393430967614,-0.04887565010620557,-0.048935467765058666
26.205000000000002,-0.06133603472119862,-0.07277829531595496,-0.03938124971135919
26.21,-0.08036560333477287,-0.05646689497957452,-0.03197267911015901
26.215,-0.0785080507875861,-0.06767033698828763,-0.059083716799284654
26.22,-0.08740385927523252,-0.06730494348588803,-0.04815255210158541
26.225,-0.08742354942619288,-0.06263599343157716,-0.053683854424305164
26.23,-0.06354919549273877,-0.05230892359698798,-0.0520597135881168
26.235,-0.0659433777266876,-0.05786970808487889,-0.037977410055160636
26.240000000000002,-0.06888547865749695,-0.07177615867131266,-0.031060628257974607
26.245,-0.07268768023933543,-0.06222489342039726,-0.026802469551542567
26.25,-0.07079873929663391,-0.056120520078423844,-0.04013479484775996
26.255,-0.0866309718436727,-0.053590767215629775,-0.03882629546403777
26.26,-0.08131209332218257,-0.03422898991707994,-0.04632648959713379
26.265,-0.065018002837178,-0.06632649413055629,-0.039655124982476864
26.27,-0.06682401647190737,-0.07880446449141332,-0.047795940032304765
26.275000000000002,-0.08058574651250028,-0.06562925476038402,-0.0394742143012433
26.28,-0.05299604126692872,-0.06162487887316346,-0.06439386511899788
26.285,-0.046509502363266085,-0.06643216502736479,-0.03638098722191081
26.29,-0.062864077562064,-0.06378901377897692,-0.0451009988122013
26.295,-0.08447025051602539,-0.06377610554751686,-0.047033368306604324
26.3,-0.0604106052517832,-0.05320543762458865,-0.022690311096352472
26.305,-0.07908722576105039,-0.06980721919665381,-0.05167912718975758
26.310000000000002,-0.08029639224550489,-0.05140090072956388,-0.045889602424697
26.315,-0.07424565003141424,-0.07944361676523322,-0.043504386382042
26.32,-0.07847450118723537,-0.05641559284602065,-0.04788569405705752
26.325,-0.06609729931662646,-0.06555410073054013,-0.03521196925839345
26.330000000000002,-0.095176397740281,-0.06356676178274846,-0.032961217860261766
26.335,-0.07126962343063539,-0.07549860594413832,-0.04552562294322564
26.34,-0.06725909107308257,-0.0605959488812773,-0.051415701648836375
26.345,-0.05492290211583361,-0.04992611146848711,-0.02899479019775614
26.35,-0.08807806419210897,-0.05917774373483625,-0.05739962777237401
26.355,-0.07981787854018098,-0.07623630580583347,-0.05704547523620006
26.36,-0.07778556648666686,-0.05651282154229466,-0.04920953669389866
26.365000000000002,-0.08154704319038437,-0.06013867831072681,-0.0302167311856702
26.37,-0.07029070569978256,-0.06782997730306262,-0.05605424931861726
26.375,-0.08383060523826769,-0.055508276093631216,-0.0463634255644734
26.38,-0.0805815400953984,-0.06987224321769733,-0.050458593537795735
26.385,-0.06339654801109643,-0.051569612255575395,-0.0382482418374927
26.39,-0.08108284030878181,-0.05639524464264328,-0.054821365829493394
26.395,-0.08539997087552939,-0.06232092755867437,-0.04216292413737022
26.400000000000002,-0.07149384039181408,-0.07318313074112649,-0.04138924640550341
26.405,-0.07896587576644955,-0.05570543780065282,-0.05099315043007826
26.41,-0.0968611353544474,-0.06590048784909276,-0.053915559781166085
26.415,-0.06604046311812044,-0.05465851025181532,-0.06693938618523404
26.42,-0.07426164427274529,-0.06798708816046696,-0.030812174931189668
26.425,-0.06704220513748059,-0.06967681544668437,-0.030628235292128464
26.43,-0.07525245499881844,-0.0649853368694751,-0.040563512361119484
26.435000000000002,-0.07332368042888944,-0.0463592862124746,-0.05160855415026193
26.44,-0.10312630230349604,-0.06537681339486422,-0.06772059613576362
26.445,-0.0831638865916384,-0.060344350747063846,-0.06155978838684357
26.45,-0.07083428094164752,-0.047119908002547374,-0.03829257094979956
26.455000000000002,-0.09159509887316095,-0.04646703164385758,-0.0541796851294429
26.46,-0.06775362222200719,-0.05887284395237702,-0.03226327087810815
26.465,-0.08951690038210296,-0.06809395114639719,-0.03052421790132861
26.47,-0.09290475145772262,-0.07157543161737627,-0.04908809558604996
26.475,-0.08247222427991996,-0.07835244745332304,-0.037929814746217726
26.48,-0.0932292264763078,-0.07540913817132358,-0.0763748740608999
26.485,-0.09072474913489938,-0.08042149484355565,-0.06482421978474551
26.490000000000002,-0.09730733438657771,-0.08478903050534993,-0.08251899951039265
26.495,-0.10636043792141422,-0.05996155561513767,-0.05963775031987994
26.5,-0.09594871205764367,-0.0785113382079969,-0.06730139316457376
26.505,-0.08535856241869388,-0.07806003597911695,-0.07383185274667564
26.51,-0.09218904583191624,-0.07003692335091535,-0.06291564083750865
26.515,-0.10053861191928962,-0.0756368815866153,-0.04958583370451985
26.52,-0.10319810495446592,-0.061623177258381755,-0.059538957439764735
26.525000000000002,-0.10022904133928953,-0.05822259518322633,-0.05816203505574223
26.53,-0.08089709104006404,-0.07476298617551416,-0.07568255065455803
26.535,-0.09525343407515752,-0.06510012384498363,-0.06145227031681081
26.54,-0.09417400621011744,-0.07882531937897143,-0.08641710754804875
26.545,-0.09375242800734691,-0.07614450370641444,-0.06944428729768966
26.55,-0.07226140037735357,-0.06507615070860029,-0.06621368465920298
26.555,-0.0742514498334946,-0.06701903644549347,-0.05822820390604177
26.560000000000002,-0.10087836169612441,-0.055847868330578004,-0.06808073301671182
26.565,-0.09056355619279434,-0.06586577608848192,-0.05387902297422575
26.57,-0.07896853230544007,-0.0644746877803583,-0.057450552594399865
26.575,-0.0760603970166686,-0.0693513135218414,-0.057019011673787895
26.580000000000002,-0.07587778144158183,-0.0700078733344709,-0.04544959310062843
26.585,-0.0769065509974428,-0.053158652147450344,-0.049790825078679976
26.59,-0.08646168526922435,-0.05633333088897002,-0.03653453627159524
26.595,-0.09986985369931611,-0.07036341484838943,-0.060226402736976575
26.6,-0.08095624118034138,-0.05764964745642821,-0.05824414363831308
26.605,-0.08166847007189236,-0.06254134167615949,-0.06203626179632789
26.61,-0.08225126234113574,-0.058670590972873846,-0.04460200056289473
26.615000000000002,-0.08286788749088055,-0.06088114010299508,-0.03493835382033692
26.62,-0.08691834711734986,-0.06400263108735588,-0.04485805100062654
26.625,-0.08425614801161994,-0.08409454440761559,-0.06370148844383519
26.63,-0.08380324361311756,-0.07017335151961471,-0.05374211766218917
26.635,-0.10132908713867421,-0.04649157645657459,-0.04983814196938584
26.64,-0.0877053766618805,-0.07441539714517292,-0.03760905122517587
26.645,-0.0760960475130897,-0.06071748654489135,-0.06005914084090787
26.650000000000002,-0.08967704826633703,-0.05263855179635132,-0.04958979947493137
26.655,-0.09684284309330819,-0.04534138094019574,-0.03934989204922717
26.66,-0.08833055614080104,-0.07454938169442075,-0.061070202019483474
26.665,-0.10326528447623118,-0.06939346853525986,-0.048114975207047904
26.67,-0.06751358140582375,-0.05489377644102114,-0.05533697591582121
26.675,-0.08020614374822202,-0.07238294738149194,-0.05607604826686256
26.68,-0.07800684990915056,-0.04563098931377193,-0.03433049302878248
26.685000000000002,-0.08845174941746128,-0.04968057990326693,-0.05683504838701471
26.69,-0.09420192555256424,-0.06172228120717384,-0.038527106577305834
26.695,-0.06359939355993484,-0.06172510528400098,-0.04240917922827326
26.7,-0.08582146145933377,-0.04770746883534129,-0.04552149686772708
26.705000000000002,-0.07224350503016878,-0.06162123266776251,-0.044180804651142734
26.71,-0.08612279016253863,-0.0714180300140256,-0.05501041189115363
26.715,-0.083238446410173,-0.057140404781234264,-0.062406079262513584
26.72,-0.07575443407071449,-0.046483112197488366,-0.03952907999934996
26.725,-0.09451992990951483,-0.04858137105275462,-0.05196270263110347
26.73,-0.09108968433482592,-0.08385990330756528,-0.04103421898477162
26.735,-0.08806031826284955,-0.04960057905837263,-0.031137292669857524
26.740000000000002,-0.08978374735242459,-0.04737880567491232,-0.040224391321828
26.745,-0.08264597557293189,-0.06450973901101326,-0.03234395924908729
26.75,-0.09071005010931396,-0.08152549688781123,-0.04170064069037918
26.755,-0.08970907551032184,-0.058616268972991686,-0.032025935726588156
26.76,-0.08099336566357009,-0.08231725823134245,-0.026838559229552535
26.765,-0.09114622177198657,-0.048768279041378704,-0.03534355785827492
26.77,-0.09084409159244945,-0.05690501030342396,-0.05544883538495488
26.775000000000002,-0.0848759835365619,-0.0641387202168411,-0.036408282917345124
26.78,-0.08954566149195706,-0.08577445081483173,-0.04496379705892665
26.785,-0.07645139523695627,-0.0615313321715631,-0.040264732274366374
26.79,-0.08430409256808341,-0.05565790189864048,-0.042258222991168166
26.795,-0.08766016148831325,-0.062185555903103026,-0.05134777208361779
26.8,-0.09015123086870402,-0.04219586791244534,-0.047213157116468486
26.805,-0.07471004213188816,-0.05884372898072788,-0.0558911107005905
26.810000000000002,-0.06606405909082237,-0.05729412660518397,-0.06454864472292031
26.815,-0.09585194495769503,-0.05483844378345868,-0.04815114096456502
26.82,-0.0915311414384819,-0.06304894416278427,-0.058559026274005256
26.825,-0.08316136770275696,-0.0434293899724837,-0.0447080053606949
26.830000000000002,-0.08884758857807085,-0.06157479494706333,-0.04750864684949825
26.835,-0.08729671977391563,-0.058691957260410245,-0.04941941842570353
26.84,-0.10129718844645091,-0.049618172036019564,-0.05512295516474684
26.845,-0.08811702147130424,-0.06074888820043753,-0.04204264404614199
26.85,-0.08475846385148739,-0.0710823646392127,-0.0446921892383886
26.855,-0.09487108365983556,-0.06708650447401024,-0.05612698883649309
26.86,-0.08737846871068487,-0.0655922371277702,-0.0527636388725143
26.865000000000002,-0.1057828299720947,-0.05464609219836657,-0.04845439649531072
26.87,-0.09146634766915443,-0.07202993001943785,-0.038079936761698234
26.875,-0.07805775146692331,-0.05438124997629187,-0.0781893425687355
26.88,-0.08961594353023067,-0.05589179453689603,-0.05072332859609859
26.885,-0.09382206224221457,-0.06128771880502489,-0.047858277189160595
26.89,-0.07654997121756026,-0.07115538764483542,-0.04822151784357477
26.895,-0.08033882915143244,-0.06757291526227159,-0.04900104674479917
26.900000000000002,-0.08135763911641158,-0.06627092118900177,-0.0805952276573626
26.905,-0.0682586109406978,-0.06858247750314177,-0.0714863802728134
26.91,-0.0910107075198138,-0.09463207655967222,-0.05579771776895076
26.915,-0.09557225134689934,-0.05491518157160008,-0.06375037468092111
26.92,-0.09528559366480863,-0.06425646005531527,-0.04527174790222993
26.925,-0.0729779308995689,-0.05960609662067099,-0.05913355786554989
26.93,-0.06851887250340447,-0.06460821352234251,-0.06987868954730732
26.935000000000002,-0.07980614471269763,-0.06336377394571105,-0.04433565662948799
26.94,-0.09505357998400862,-0.0555533490882121,-0.05371534971805165
26.945,-0.08714175710959322,-0.08976221829435291,-0.040674671246659536
26.95,-0.06747765251626282,-0.06392819951518701,-0.06392943353225325
26.955000000000002,-0.08336666987571226,-0.057620689128892594,-0.04673309565130711
26.96,-0.07315097155459771,-0.04766658478812161,-0.05379214571028898
26.965,-0.09187360344555627,-0.06688135351883841,-0.04784164801900434
26.97,-0.07826857153283001,-0.080509438852107,-0.04939745322684379
26.975,-0.07222703470300867,-0.06454814640312281,-0.05709928826935179
26.98,-0.0741168041278945,-0.06319705339281682,-0.05713816175269346
26.985,-0.0868345297988414,-0.06025837592911393,-0.06078392024121191
26.990000000000002,-0.06698850007073257,-0.0511777287078458,-0.06253750002000692
26.995,-0.07847241433468827,-0.06764211591057868,-0.052774559596317064
27.0,-0.08111626100099978,-0.07181318122394886,-0.04084359853795752
27.005,-0.09261845717595041,-0.0644488747140149,-0.04598745315076756
27.01,-0.08076006179866943,-0.06409619664312284,-0.0509589716141082
27.015,-0.07205675430493011,-0.04896586618318834,-0.04452803934750299
27.02,-0.08034516022265703,-0.07055269564687124,-0.05257861650301918
27.025000000000002,-0.08728198389294184,-0.07106154277583428,-0.059553087498232446
27.03,-0.09652792020695464,-0.04363586496751064,-0.07579162819009917
27.035,-0.07155520454022311,-0.05250883696558238,-0.06684370268551387
27.04,-0.09396876176238626,-0.06537248787530926,-0.06512484081599744
27.045,-0.07093446167503561,-0.06826215003433789,-0.055733744029143106
27.05,-0.09137715988677293,-0.06667490457536282,-0.04176405918720575
27.055,-0.07688314446647623,-0.0427282669673859,-0.04927097130050313
27.060000000000002,-0.06742556109253063,-0.04733325934597933,-0.05033567413137104
27.065,-0.0708519233094938,-0.0458531319688533,-0.043578360238489364
27.07,-0.07701612834628091,-0.07623011914599287,-0.068529833629672
27.075,-0.07509926920961783,-0.04385622765780554,-0.04149921441504397
27.080000000000002,-0.0719898438978473,-0.06214437311863416,-0.041693003766025
27.085,-0.08187735811228478,-0.0538455790261133,-0.0738327097689362
27.09,-0.07779096111729039,-0.06987660758198874,-0.05286236306133504
27.095,-0.07877070565402451,-0.06473454543753003,-0.05433040276984019
27.1,-0.08175236408108735,-0.06257342170156699,-0.04070046303640157
27.105,-0.09340759333060018,-0.06515742842743788,-0.03929002783382304
27.11,-0.07848885680723915,-0.08331733490494016,-0.05981576329040332
27.115000000000002,-0.07422856577813315,-0.046223143628389494,-0.05450125689674667
27.12,-0.07902829485759384,-0.060770927695137034,-0.0525693716601964
27.125,-0.09545100607477154,-0.04176955533189943,-0.04194307399706093
27.13,-0.07076839027436362,-0.06454251878055384,-0.04858109401506262
27.135,-0.07162512144964751,-0.05798608150973325,-0.022872143093327177
27.14,-0.0936597893632469,-0.048246103391971495,-0.04897062969091749
27.145,-0.08049518358402671,-0.05929540244056103,-0.07878087105644192
27.150000000000002,-0.0769135709250686,-0.046478610494114225,-0.06907204434039209
27.155,-0.08459106478310997,-0.05890290447062807,-0.0669310053745622
27.16,-0.09583396842430128,-0.07448050142987205,-0.04506347457961824
27.165,-0.09660698559767131,-0.04019917755925158,-0.04829534150295618
27.17,-0.07279297565911647,-0.06090429863001303,-0.0470203105010347
27.175,-0.09000629469739495,-0.05384266691880804,-0.04813742009372968
27.18,-0.08262126837192725,-0.06266104619736365,-0.04185232855685208
27.185000000000002,-0.07909862478038535,-0.057628204164674734,-0.02731149978168694
27.19,-0.09179353619720718,-0.08008784836336495,-0.040542973729196866
27.195,-0.08774566871671949,-0.054226749841327665,-0.04717022913175684
27.2,-0.09647680472866837,-0.06341754552641372,-0.04840407468702379
27.205000000000002,-0.08800464209896852,-0.053560153628727805,-0.03568879485798306
27.21,-0.08337379208611462,-0.04910092318546028,-0.02809555075263643
27.215,-0.07686152278912228,-0.05681912767896724,-0.036163273562585245
27.22,-0.09601116085175104,-0.04550826672966185,-0.025377478446301963
27.225,-0.09788773303904105,-0.05089951438243862,-0.06764433523759054
27.23,-0.08345951723060469,-0.05920846681186466,-0.04337872399382964
27.235,-0.08215414245570575,-0.0646426585725388,-0.0406054914096982
27.240000000000002,-0.08095964259098473,-0.05740002684973078,-0.03618383354774333
27.245,-0.10544939708238926,-0.06192378674925714,-0.04058905230486014
27.25,-0.09440657383011565,-0.061202649311042676,-0.05219098129189656
27.255,-0.07256846041666724,-0.06885692243951101,-0.04370607144110246
27.26,-0.0773453835774057,-0.05527227699954276,-0.04646844198790746
27.265,-0.08797337398344499,-0.05710813024925514,-0.03985754688111272
27.27,-0.07460262717886759,-0.07324830325757115,-0.05889933499268253
27.275000000000002,-0.08434132169358448,-0.04379821097070835,-0.03923879776804995
27.28,-0.08073315912098919,-0.0558551931505324,-0.06655882366885926
27.285,-0.08103605852393535,-0.06624223322350195,-0.03532862393339749
27.29,-0.10705364419002106,-0.04817923780008432,-0.043617403785891976
27.295,-0.07840035668319534,-0.061383667287287946,-0.07377306167900907
27.3,-0.07685418518112212,-0.05805084347892313,-0.04613989607016075
27.305,-0.0701017156208395,-0.057308346362537434,-0.05617012899783299
27.310000000000002,-0.09055793516691481,-0.06843128923940822,-0.03429637995091399
27.315,-0.07735234245514293,-0.0811553641869742,-0.04027262913225925
27.32,-0.0814549569363424,-0.05394415801990573,-0.042228625418584645
27.325,-0.08318440783062606,-0.05391397783031762,-0.048245325182592835
27.330000000000002,-0.07619048742594098,-0.0767168148439439,-0.043723897714129795
27.335,-0.07755480395774116,-0.058657051563152394,-0.05260100661595383
27.34,-0.08760496780384178,-0.07069030220786027,-0.044037421433084346
27.345,-0.10220400163816104,-0.051043157992903015,-0.061284818757301004
27.35,-0.08708364676250775,-0.05785638835112319,-0.0440484113921112
27.355,-0.08478867728049538,-0.06371180505384677,-0.0630223399959581
27.36,-0.08500842514953558,-0.05555780049144651,-0.04315207795275739
27.365000000000002,-0.10454053761751628,-0.06431397539049877,-0.04773769136152894
27.37,-0.08757521759656844,-0.04985670636412359,-0.050554719631351566
27.375,-0.0832214490158397,-0.04974509840967277,-0.04138371103200224
27.38,-0.08748815817554326,-0.05088593585825817,-0.04292601454409524
27.385,-0.06925365783205036,-0.052726794979518814,-0.05722803187980119
27.39,-0.09870484097974731,-0.043660126972409154,-0.04905606131672485
27.395,-0.08100054754903688,-0.030656503519829105,-0.05283251349449032
27.400000000000002,-0.08205741314059084,-0.05112154904169554,-0.03611891141789672
27.405,-0.08007433887151155,-0.041585178458740615,-0.06350924338415592
27.41,-0.08728880976612029,-0.06448147152070592,-0.043795798005837036
27.415,-0.0990625321274981,-0.06918599382603799,-0.04483878679894568
27.42,-0.08619780618483557,-0.051645682201528355,-0.05719512614107617
27.425,-0.09318998859753405,-0.08644223053480996,-0.0488798199526246
27.43,-0.09049754851794269,-0.06039650417661703,-0.06373906476378718
27.435000000000002,-0.08654449192458907,-0.07246853543561985,-0.05942764806638241
27.44,-0.08469921119470404,-0.04243498276151058,-0.06914656160787508
27.445,-0.06990142559622281,-0.056721297667604004,-0.06672648323729002
27.45,-0.0731139571737829,-0.06315998697428714,-0.048699810730360386
27.455000000000002,-0.08172969665305796,-0.058667661712904565,-0.07065010042678686
27.46,-0.07349603437380985,-0.06005193273217721,-0.03627068862046157
27.465,-0.0835271981424187,-0.05817958137170634,-0.06722382535588689
27.47,-0.09204117923770505,-0.07076630441686928,-0.06555105814977508
27.475,-0.07529688615774072,-0.056231875535655104,-0.04197775814366711
27.48,-0.10050129417207697,-0.07145616623061514,-0.06838034414128992
27.485,-0.09811968502922984,-0.07519565626006917,-0.06568889212191212
27.490000000000002,-0.0812880784058545,-0.06763622756038203,-0.06254268107507338
27.495,-0.08042345569316761,-0.07230889639169638,-0.07016037422271953
27.5,-0.08147389865624519,-0.08057406602745167,-0.06148938112916792
27.505,-0.07580520358805283,-0.06929121447012056,-0.04788244823380011
27.51,-0.07757297758789929,-0.07558343386472505,-0.050331549881642845
27.515,-0.0863659779890249,-0.07267799752974138,-0.049318575485725304
27.52,-0.07460690751511154,-0.07370255322844504,-0.054738943764095056
27.525000000000002,-0.07921723638451725,-0.07322205961508095,-0.051005634127835604
27.53,-0.07704979046703311,-0.07538111076286064,-0.05586431135931757
27.535,-0.0862181179779193,-0.07388831381131604,-0.053659043545736626
27.54,-0.09447977058856213,-0.07373499676874307,-0.0593111965186859
27.545,-0.07428612653024232,-0.07580164733326018,-0.06874313033710615
27.55,-0.08529099081873043,-0.06623762746720642,-0.06388232920705694
27.555,-0.0830435363472971,-0.08203557253027519,-0.0632872182066954
27.560000000000002,-0.10267425122706926,-0.056662487542982434,-0.06617123403128641
27.565,-0.08406770760427323,-0.07453843325835888,-0.050541904897706574
27.57,-0.08658237822644907,-0.0788875886481601,-0.06870315022765351
27.575,-0.08765271578924776,-0.0681315495637066,-0.04038300804333679
27.580000000000002,-0.08972011133070902,-0.07091280646047478,-0.07671236803756185
27.585,-0.07980632628500332,-0.06462416291766403,-0.033554858324889525
27.59,-0.09155587847741585,-0.07529765984560091,-0.03902887189730353
27.595,-0.07890499096449435,-0.05680250674716561,-0.07094407674082023
27.6,-0.08605434160510715,-0.0821998864991389,-0.046830266023168914
27.605,-0.09828425206495872,-0.06081909921717334,-0.0699910709909238
27.61,-0.08117311045346212,-0.0645729618802562,-0.089839124245332
27.615000000000002,-0.07856879341616566,-0.08121030584682269,-0.05683423259632901
27.62,-0.08563170748533298,-0.054398385169551026,-0.05545004444901014
27.625,-0.08647589495023462,-0.0628504563832035,-0.08220701069768385
27.63,-0.08262724360100884,-0.07198927065267924,-0.07256865935321852
27.635,-0.07950560903052231,-0.05684942443879207,-0.07471415197660594
27.64,-0.08668472258727622,-0.07512844267257014,-0.05312794450152717
27.645,-0.0787177714560208,-0.0725273487282037,-0.04062151045969027
27.650000000000002,-0.08482877612899292,-0.08378114602416557,-0.04801442914884974
27.655,-0.06441492079082066,-0.06068599148981057,-0.05169064212770959
27.66,-0.08417624185336912,-0.07319118775805364,-0.040147201131097765
27.665,-0.11690028968562792,-0.06880206798069542,-0.05381376875277502
27.67,-0.07305266429171511,-0.06664385032035712,-0.06804253192947739
27.675,-0.08772729148632276,-0.05866411922748393,-0.0578727865292417
27.68,-0.08350498420899714,-0.07435669927333771,-0.06704616618798372
27.685000000000002,-0.09561920253274843,-0.06472210548256863,-0.0352979419909742
27.69,-0.0821847008984469,-0.052804517942494675,-0.05535346591771348
27.695,-0.08454806056170004,-0.053881674228794155,-0.05573392126989514
27.7,-0.06263558193665432,-0.06680438087496435,-0.06736286057016372
27.705000000000002,-0.06740347558527103,-0.056388785218945546,-0.05357180502661361
27.71,-0.07352233644166019,-0.049279007320857646,-0.05676070188471529
27.715,-0.07135445606307823,-0.05559123298049429,-0.058635394626875934
27.72,-0.09493003426056708,-0.06861940984930481,-0.03281974391900248
27.725,-0.06276005858966256,-0.06593194980060606,-0.07692684518965148
27.73,-0.07148227686136395,-0.07624142328057855,-0.06791014288109812
27.735,-0.08797737742013184,-0.0741266512089036,-0.0685744099567688
27.740000000000002,-0.08412925398009768,-0.06621100809051104,-0.04793890755585725
27.745,-0.09459219914001502,-0.07429010910465031,-0.041440099685981335
27.75,-0.09049267194289702,-0.07813143175891049,-0.04599813785860104
27.755,-0.07340263638746249,-0.04907665256687897,-0.04790758034581884
27.76,-0.07994902098962325,-0.04637158898960078,-0.04738859476580798
27.765,-0.07161302121934959,-0.04808714148499005,-0.06297240089382217
27.77,-0.08140080815418947,-0.0716300554430925,-0.05610309528009227
27.775000000000002,-0.07485710619082321,-0.051991777667694625,-0.06086431167749576
27.78,-0.08137444625282736,-0.06477665129341863,-0.047411802966889294
27.785,-0.08930199514739476,-0.04416028981167095,-0.02677230738723088
27.79,-0.0733563183363656,-0.06832463723611046,-0.05604217173966401
27.795,-0.09176043147236387,-0.07071833734265177,-0.05959745871255582
27.8,-0.09934256511800414,-0.05002213581529984,-0.05169923582136094
27.805,-0.06242262053388735,-0.05412475927127432,-0.04337485513124503
27.810000000000002,-0.0920130090623593,-0.05878583189322273,-0.04032496535731858
27.815,-0.07880054330792499,-0.08081123168594098,-0.057252648335033116
27.82,-0.08278735935597074,-0.06629024045312668,-0.04207472797905615
27.825,-0.09175373515476556,-0.05478717034287352,-0.02623008702698784
27.830000000000002,-0.07846947642000734,-0.05475411265285501,-0.037557221134508524
27.835,-0.08884902157472797,-0.06643971665835664,-0.06336845634801336
27.84,-0.08417599978179066,-0.06129226868876639,-0.041336102894439904
27.845,-0.08392386431031315,-0.07833726747547409,-0.039332867932200095
27.85,-0.08360706351468097,-0.04857827730336668,-0.04475301602268707
27.855,-0.07782272278608768,-0.06387540594589416,-0.042046124366505226
27.86,-0.06280086577609072,-0.03492136716359988,-0.05063010928830966
27.865000000000002,-0.06670176703605522,-0.0558327270704415,-0.06771116081481957
27.87,-0.07241734326315467,-0.04829189436368875,-0.05071593951488393
27.875,-0.09241386478258198,-0.05865102760594759,-0.03833739887527756
27.88,-0.08325608503591944,-0.06011544656584576,-0.04530271687748257
27.885,-0.07993896821022828,-0.07686382635087458,-0.04687741931793796
27.89,-0.09724966609082324,-0.04944998766163269,-0.05114223211097487
27.895,-0.07278747477690511,-0.06133684093995147,-0.04634841346545017
27.900000000000002,-0.07594507263817153,-0.0568701715187936,-0.041086243062094525
27.905,-0.09177754320837081,-0.056595852511590244,-0.03971224969332986
27.91,-0.08795764451667146,-0.06767611249904018,-0.042375392066581044
27.915,-0.08247683562979713,-0.04853644792528693,-0.047906004912576225
27.92,-0.0981782680538423,-0.05550963508292073,-0.04239601057413926
27.925,-0.08116383843895353,-0.0660248780298825,-0.044062663702523534
27.93,-0.08304295707324215,-0.05389831103411802,-0.04338404212045664
27.935000000000002,-0.11016882935393874,-0.06029491861004971,-0.04760657884466796
27.94,-0.09475378913624673,-0.05362873733171891,-0.04268649832468184
27.945,-0.08755463861804033,-0.06747187358886338,-0.03893165059610754
27.95,-0.08382180277459111,-0.048493254424769025,-0.03330924393913671
27.955000000000002,-0.07775921579207887,-0.06557009658678868,-0.03316069198389115
27.96,-0.06280648946170293,-0.06603992631172438,-0.04854006212889558
27.965,-0.0822843676427133,-0.08205307591805501,-0.044118127887515186
27.97,-0.07493345573150391,-0.05551368587800716,-0.0628207552912769
27.975,-0.08454347196616427,-0.06914496666459014,-0.034691375045495444
27.98,-0.07806233347000437,-0.050027627694062785,-0.0408279190782579
27.985,-0.08019263607936608,-0.04788022157284236,-0.04727074941107418
27.990000000000002,-0.1024840037193771,-0.06203443746163176,-0.05266195038761535
27.995,-0.08928639260882887,-0.06233201164113762,-0.044854734652622394
28.0,-0.08152159557983177,-0.04556223651875136,-0.04882224452602449
28.005,-0.0831673760390316,-0.05683430273622296,-0.04402631454022896
28.01,-0.08391449299391018,-0.05638073460487667,-0.0407252726767755
28.015,-0.09399669432733984,-0.06765754052805947,-0.033342751111831354
28.02,-0.08545134874299734,-0.0609359347589372,-0.047477299662597346
28.025000000000002,-0.08791980360279197,-0.05572816714297706,-0.046218157072491356
28.03,-0.07848904621176056,-0.07048202848257851,-0.04993408794234527
28.035,-0.10339403610827125,-0.06827306301167338,-0.03776622363278312
28.04,-0.08363554784639447,-0.046476164158398364,-0.04785846009433404
28.045,-0.09540704790345031,-0.06651260702873467,-0.06556021229222302
28.05,-0.09422786911859737,-0.0674145126872152,-0.0377762445944124
28.055,-0.09374787756906933,-0.05810573565024871,-0.0662733760296859
28.060000000000002,-0.09149461727964443,-0.07288181851447534,-0.04546661606174597
28.065,-0.08501615029119339,-0.05946133386177774,-0.0418976800469623
28.07,-0.0873037780464952,-0.038435938146929825,-0.03645261688480066
28.075,-0.093936887011544,-0.06360265848411406,-0.037738774936598045
28.080000000000002,-0.09227147756937829,-0.06437266823964671,-0.042852954491140766
28.085,-0.09049378733183067,-0.05900138669713881,-0.05105211281442762
28.09,-0.103634528789053,-0.06269142010926787,-0.06385329110616325
28.095,-0.08744657717887876,-0.0501154793313351,-0.0403398358660496
28.1,-0.08953265497288469,-0.06626866541548503,-0.03164356692347424
28.105,-0.10170982177294487,-0.0644653495070349,-0.05641863836193399
28.11,-0.09250731011773676,-0.06416997078187983,-0.05372176940747687
28.115000000000002,-0.08094369440127103,-0.0711192501221783,-0.04403903172993623
28.12,-0.08017775180319262,-0.05350055527636404,-0.04339649547430838
28.125,-0.09325508525769652,-0.07291114088230705,-0.06759045714740426
28.13,-0.10287944912854743,-0.0606566622647839,-0.05255615484741428
28.135,-0.08991736578681027,-0.049015459554967826,-0.03942841571843775
28.14,-0.09320017775217311,-0.06381619660607832,-0.04729712360237113
28.145,-0.09082518418987914,-0.0709933425216953,-0.03552602485059489
28.150000000000002,-0.08566188201868191,-0.05770245673982535,-0.04065517489512081
28.155,-0.08296076775800279,-0.06079551034452173,-0.015858399400923113
28.16,-0.0816897705961147,-0.0606690559220531,-0.06607113510590734
28.165,-0.09258372196599496,-0.06140638047499637,-0.04964234626456973
28.17,-0.08327341550795497,-0.07156903044670213,-0.04890392521578904
28.175,-0.06672963895787876,-0.0628133161239314,-0.05183770078864742
28.18,-0.08839607299854271,-0.06891696064803991,-0.042023860056813564
28.185000000000002,-0.07839584108953614,-0.07174585934095275,-0.009356117184303712
28.19,-0.10261244038683985,-0.05745533215966396,-0.05218312158512535
28.195,-0.09392632529135644,-0.07090151860388028,-0.037251622256021986
28.2,-0.08970399799273543,-0.059874805928915906,-0.03359573270623908
28.205000000000002,-0.088733431688952,-0.05252524691047111,-0.040677031733568465
28.21,-0.0965659406422162,-0.07171154760747736,-0.030237250748142375
28.215,-0.08333907474513565,-0.06545656794114396,-0.05078647273618274
28.22,-0.09651698351648781,-0.06257094132699427,-0.05193848420738722
28.225,-0.09159974034114593,-0.059190614778843256,-0.03978702821731538
28.23,-0.10321852186943159,-0.07358380576336851,-0.049949881589318734
28.235,-0.08021815106548784,-0.07943610611064489,-0.04315246259466384
28.240000000000002,-0.08548688940433828,-0.07684712495174342,-0.027852424058884006
28.245,-0.06533426036518981,-0.06184361461142144,-0.029351033635039984
28.25,-0.08475980448709816,-0.07681992639102068,-0.036614241641232476
28.255,-0.08828165141317278,-0.0907505522270738,-0.06954424095728969
28.26,-0.10814344462794873,-0.0797400775841696,-0.025436759260054956
28.265,-0.08024836271195278,-0.05217158381689241,-0.027788808689685453
28.27,-0.09158321259716783,-0.07328750365056956,-0.03807676912716311
28.275000000000002,-0.09227514909047833,-0.06656588113521045,-0.03163936995148531
28.28,-0.09241098673437778,-0.09325557640620527,-0.04443711156647735
28.285,-0.08183858821067573,-0.07973309933184494,-0.04987208447481853
28.29,-0.08511067278179778,-0.07259728376836766,-0.06526825198127885
28.295,-0.09063553356132749,-0.07981428511889135,-0.04689079663357494
28.3,-0.09076845565240549,-0.059059112932936406,-0.04002013360111927
28.305,-0.10067469374843913,-0.06956540889578808,-0.04332987027544799
28.310000000000002,-0.08624544387592686,-0.08000205020116041,-0.04314300265088873
28.315,-0.08999542156865405,-0.08242899183339455,-0.06055129075375759
28.32,-0.0867102355849756,-0.08670158550310456,-0.04715036904884926
28.325,-0.09902981863821896,-0.07132986782615047,-0.027126796037940673
28.330000000000002,-0.09453583934467857,-0.08186246006768315,-0.032337879736512976
28.335,-0.08078393669788472,-0.06974989954814396,-0.04506046840970689
28.34,-0.07241971740498088,-0.05991306983027066,-0.060097728060673546
28.345,-0.0706336421899862,-0.08403535493567188,-0.06374390185588256
28.35,-0.09689246693187589,-0.08147089723210008,-0.05136179943328964
28.355,-0.0910591397349329,-0.08385972691521873,-0.048713133052454775
28.36,-0.07929995129980337,-0.07301245863570584,-0.040711778133053864
28.365000000000002,-0.08623941565583164,-0.06293118530120735,-0.04798126959771151
28.37,-0.10050574473184011,-0.08212386604679246,-0.061256383164933315
28.375,-0.10547538429104407,-0.08143741469357922,-0.04118538422404763
28.38,-0.08762783865618545,-0.08874856649563234,-0.053735880884686664
28.385,-0.0841630673079071,-0.08552272180006482,-0.06668997030317522
28.39,-0.09104825830016741,-0.08413184737447602,-0.06320279107296442
28.395,-0.0943397383858991,-0.09595713316458906,-0.06455309181954133
28.400000000000002,-0.11599835375680724,-0.06779078139468118,-0.058733861076850365
28.405,-0.10024860863536116,-0.06965333868116481,-0.06350739572473546
28.41,-0.0970166008231503,-0.08689035309874205,-0.05446804829085985
28.415,-0.10102739381000939,-0.07265101470917287,-0.05998318819894991
28.42,-0.10528670869920788,-0.09203472935903392,-0.05390990974157374
28.425,-0.0848389724600083,-0.08182117082854318,-0.0454219258991725
28.43,-0.10119738322214786,-0.0829150347445105,-0.04962604647264435
28.435000000000002,-0.07747195646884117,-0.07745896532791352,-0.061739783287331346
28.44,-0.10368509040118329,-0.09326941875589918,-0.06931421909032014
28.445,-0.08543216794415043,-0.07872109911470387,-0.05973612051899559
28.45,-0.09865626934995425,-0.0791955656752472,-0.04582799660333614
28.455000000000002,-0.10426813252869722,-0.08727421642545735,-0.04688030854154484
28.46,-0.08507593636680746,-0.052170555055169626,-0.05635581094251635
28.465,-0.11547862011036135,-0.06806870944776428,-0.05583630608980542
28.47,-0.0894270460896248,-0.08917495862194241,-0.03710186778300842
28.475,-0.09931486437010212,-0.08055715928202582,-0.05062583404775599
28.48,-0.08712854515315616,-0.06918346467173966,-0.06039850164423093
28.485,-0.09243113889218137,-0.10515258436689412,-0.03853461098285847
28.490000000000002,-0.08836985636233101,-0.08453420769487564,-0.060447152648019566
28.495,-0.09324046531417168,-0.07377439641357325,-0.060258749648085766
28.5,-0.10095178243511414,-0.07603142897854355,-0.06527439137265591
28.505,-0.08180753610769215,-0.07491757337218874,-0.05142184709854396
28.51,-0.11296444506135699,-0.06502608922645643,-0.04491748207850959
28.515,-0.07822351364595505,-0.07895486323119301,-0.06560079609839367
28.52,-0.09527771021057314,-0.06789084486938995,-0.04817954469358286
28.525000000000002,-0.101660161386901,-0.0878024959331685,-0.05123485580690313
28.53,-0.08720327218678996,-0.07427672990192617,-0.03408884537035806
28.535,-0.11745932036019668,-0.09690765455076082,-0.034166630734941805
28.54,-0.10384342488340172,-0.07848176606865523,-0.03673876677463399
28.545,-0.09410753826262262,-0.06556085329578568,-0.049685450319070984
28.55,-0.0970262686531178,-0.09445209831151928,-0.053077282995279695
28.555,-0.09180641363667796,-0.07822602599843773,-0.040160239725121186
28.560000000000002,-0.08227872400420659,-0.06823639676627052,-0.05478653677954687
28.565,-0.10624668217602705,-0.08759575811223688,-0.059406784900490374
28.57,-0.08207611963151197,-0.07793884401091256,-0.06083653675419913
28.575,-0.09302059553989843,-0.07027937245237106,-0.053877217838016474
28.580000000000002,-0.09465156837045693,-0.07346323189806901,-0.03527336847282052
28.585,-0.09183446440874182,-0.08897113507460376,-0.06471230226492886
28.59,-0.0972612178159212,-0.07805936345578623,-0.04941279596983948
28.595,-0.08308748548551208,-0.08265061194532318,-0.050738366214621064
28.6,-0.09088119109553172,-0.07525730985842538,-0.05976341517571984
28.605,-0.10323098802826106,-0.08667904948194821,-0.03937052167885896
28.61,-0.09831443475096599,-0.06772116596957399,-0.041503918222135304
28.615000000000002,-0.08963008319982438,-0.05521121076994406,-0.05614181748941337
28.62,-0.09364373038223645,-0.06921591362445981,-0.06113209296741689
28.625,-0.08228736566774235,-0.06180775245128964,-0.03467291110412589
28.63,-0.08509268517092336,-0.07350779868871733,-0.0495989172176717
28.635,-0.09718209070879819,-0.062019058829411396,-0.03834975602845657
28.64,-0.09188651729608782,-0.07046020367972586,-0.06641645176943416
28.645,-0.07608970480472384,-0.08032796801148952,-0.05419379710915788
28.650000000000002,-0.09877273504915822,-0.08370620449268289,-0.06011852432409659
28.655,-0.08533911844480734,-0.0851173388407574,-0.05621928691327351
28.66,-0.10237001774516777,-0.07914808935055431,-0.049228740528483
28.665,-0.09204097170826236,-0.05609227218538316,-0.05978337187585488
28.67,-0.08281703621439598,-0.06906010782091396,-0.07360439427028853
28.675,-0.0660341599726269,-0.0486211086661424,-0.05649373373054059
28.68,-0.09483656607018016,-0.0676487645725495,-0.06922592827639054
28.685000000000002,-0.07054019095042798,-0.05898607224204297,-0.07210395390562914
28.69,-0.09326382984240837,-0.06357679654924345,-0.04952475222640583
28.695,-0.07964007243288915,-0.07647316618335144,-0.06401780176146395
28.7,-0.09194754592494998,-0.08820779316901531,-0.08411494305551724
28.705000000000002,-0.09523980685896126,-0.0908864121523715,-0.08386686537533897
28.71,-0.10625098454699547,-0.07840466992066568,-0.06791491894796459
28.715,-0.08659474109719667,-0.07939197420151389,-0.07378460527204048
28.72,-0.08272639373512079,-0.09225420327600603,-0.06572997374518448
28.725,-0.07508241536764874,-0.07439270622938021,-0.060148790977195166
28.73,-0.09540627856216537,-0.05538409292737695,-0.06415936519993912
28.735,-0.09142468317323055,-0.07094760847837117,-0.04461993916174961
28.740000000000002,-0.07495007574753589,-0.05992379933659049,-0.05417646611874634
28.745,-0.08556635567203527,-0.07229490503824938,-0.045305885371194746
28.75,-0.08295738063215874,-0.06708733675994348,-0.06658477822880152
28.755,-0.09393724074707098,-0.08940219864354733,-0.044418798673658146
28.76,-0.09070017884995518,-0.06738472703916037,-0.048586613128825146
28.765,-0.09236284852557626,-0.07330539574756967,-0.06630703858002154
28.77,-0.09885263255246848,-0.07071278830051597,-0.040251163111570974
28.775000000000002,-0.0780940349463466,-0.0699181465736787,-0.05221034615884113
28.78,-0.09151133468477837,-0.09034317716959846,-0.05228701380115523
28.785,-0.08893012681123567,-0.053755083182160816,-0.03029763896990563
28.79,-0.09932559231826939,-0.06201684039743657,-0.048776748986787695
28.795,-0.06756130161396619,-0.07679293774310235,-0.04945621554775262
28.8,-0.07986761410248976,-0.06444870268493437,-0.057661532350755246
28.805,-0.0783418311557174,-0.06083526207934827,-0.04231503776941866
28.810000000000002,-0.07746461818946093,-0.0578215891902011,-0.04929717627914315
28.815,-0.0741461617152896,-0.0610667901576715,-0.03149426819524445
28.82,-0.07393260591926336,-0.06949724952291317,-0.0483962018332083
28.825,-0.08514720025444475,-0.06719307249339111,-0.02820063059261671
28.830000000000002,-0.06853033427544787,-0.07161748581688182,-0.044787172852555825
28.835,-0.0857321505950807,-0.06617522971862974,-0.041439860236317544
28.84,-0.07467746349291374,-0.05910177401265293,-0.047840445707960366
28.845,-0.08107629817333081,-0.07992629157288131,-0.03227344603377428
28.85,-0.0682486452411994,-0.05687467297789284,-0.04308767385715983
28.855,-0.0956100158291972,-0.041524847448854756,-0.03777770387756284
28.86,-0.08868052004391659,-0.07116973682513197,-0.05586752757156171
28.865000000000002,-0.08258213238743034,-0.05065613457611362,-0.028045628292349245
28.87,-0.07453834255519892,-0.04643501458342668,-0.03202561119088705
28.875,-0.08899204405770564,-0.05671327254848609,-0.047877914717450364
28.88,-0.09381086613885928,-0.070641456665953,-0.03606958422350522
28.885,-0.0785849362197458,-0.038027952504797256,-0.037636094507802434
28.89,-0.06966366403705697,-0.05502421190212153,-0.041727232833601594
28.895,-0.06644840434068801,-0.048248174489599595,-0.02209354213373081
28.900000000000002,-0.08637015465392207,-0.054440807410803115,-0.0261461286435089
28.905,-0.08571432186802405,-0.06494624237983042,-0.03313851206289684
28.91,-0.07854756099301496,-0.06657824761859482,-0.042755426141571566
28.915,-0.07704400990994734,-0.061377164430045004,-0.02322359764817368
28.92,-0.08099986431959491,-0.038061771792212234,-0.036911594376436846
28.925,-0.08174477892162632,-0.046779026994267135,-0.036296722884632975
28.93,-0.0642261636743083,-0.051206555278754846,-0.02991765134888987
28.935000000000002,-0.08099295412939142,-0.04699449998200833,-0.051737223045878175
28.94,-0.07144269844824253,-0.05854933226072591,-0.03347064391839957
28.945,-0.08484785124618943,-0.052975612565182184,-0.024713384118112275
28.95,-0.06947627689835553,-0.062132311984067504,-0.03531073025408793
28.955000000000002,-0.07896207320961295,-0.04817160150679066,-0.0298823587730406
28.96,-0.0893205210045927,-0.06956485586624878,-0.04530809358066566
28.965,-0.07801772276990199,-0.058732822484243996,-0.03679758947365365
28.97,-0.08814327757388757,-0.06748541368093533,-0.026857214536160284
28.975,-0.08048482012985361,-0.03591497710464912,-0.04369588147931187
28.98,-0.08818542502006516,-0.03624001223614412,-0.049496627404494384
28.985,-0.08769030630738636,-0.053240247504577384,-0.02865675394776604
28.990000000000002,-0.08491752740478094,-0.06107411465418377,-0.06081930092909946
28.995,-0.08397932329595521,-0.060376616919323785,-0.036731464569223465
29.0,-0.0990568164617621,-0.04836970561988211,-0.033672087634963745
29.005,-0.11254958764152243,-0.062290554731654436,-0.035389835295430286
29.01,-0.09878383056133203,-0.039013196019244856,-0.028868232830533944
29.015,-0.10729753404741328,-0.06608078715758808,-0.05360775124592423
29.02,-0.09181626378790997,-0.06538333209709109,-0.039705601610581856
29.025000000000002,-0.093202686183357,-0.03995158749398976,-0.0198391308917859
29.03,-0.08415762156966881,-0.05889441658157036,-0.0335743438915622
29.035,-0.08000182786702692,-0.0666437757398113,-0.042194975399913265
29.04,-0.08285168283176317,-0.051354209235505904,-0.043259540851760474
29.045,-0.09386199932640792,-0.03714383015186082,-0.052211906628678736
29.05,-0.0866326850279697,-0.06210397472476036,-0.036025474573946364
29.055,-0.07786365710434141,-0.046349646881982356,-0.035620877358644096
29.060000000000002,-0.07886427833450015,-0.05926187833823064,-0.03222736956507639
29.065,-0.08626857908386663,-0.0470241641955509,-0.03371644674671201
29.07,-0.08143329660777932,-0.049507510269030115,-0.029474714992505195
29.075,-0.08812173595488174,-0.045151085106516,-0.039162056282594344
29.080000000000002,-0.09062810911464159,-0.023951791995389868,-0.04516882719086078
29.085,-0.08212772579778767,-0.06054764595490413,-0.04626708324426529
29.09,-0.08268216891010849,-0.048959049619516914,-0.03813850825075563
29.095,-0.08810971107243719,-0.04421182265343868,-0.04840767251592523
29.1,-0.09440444985841288,-0.04726151554914728,-0.041710208994125704
29.105,-0.08090735569641447,-0.04628066077590185,-0.045757508757940504
29.11,-0.0877705309056012,-0.07037521911497352,-0.03492073737091054
29.115000000000002,-0.09859887446538985,-0.0540156525383572,-0.05641622280061297
29.12,-0.09249066492431543,-0.035629314894446075,-0.04808824765721878
29.125,-0.06488896184746898,-0.03977237526466397,-0.04593772266177219
29.13,-0.08389973932100725,-0.04673083048585312,-0.04395901925310387
29.135,-0.09514382013391506,-0.04599515438867178,-0.02865925705906252
29.14,-0.08859081423509463,-0.05496325196312036,-0.05215003169123167
29.145,-0.0942728764207448,-0.04542632095584391,-0.04932301643224617
29.150000000000002,-0.06225002920619356,-0.056623541451856454,-0.041896380690275556
29.155,-0.09017765524888373,-0.05583622971275945,-0.04468342428622595
29.16,-0.08515674341838711,-0.05535620360837871,-0.0355918447108814
29.165,-0.08320904332430251,-0.07128047376545833,-0.023420988262774216
29.17,-0.0876499494013541,-0.04763343809746766,-0.03955106109630069
29.175,-0.10876476313677277,-0.048316797802932965,-0.046581480841738444
29.18,-0.08846246672514393,-0.048729739512797826,-0.045594412152125244
29.185000000000002,-0.11822286854040982,-0.06700833031425135,-0.037994194966605166
29.19,-0.09002968648232137,-0.05894383379300517,-0.03964586177535932
29.195,-0.08934471309305103,-0.05464697843355392,-0.03309332116195855
29.2,-0.09388062919742135,-0.052852621493665444,-0.04366478351496239
29.205000000000002,-0.0906308237220164,-0.04322335561021852,-0.027950618751017238
29.21,-0.09335705031501375,-0.038158726809646173,-0.044021788502835654
29.215,-0.09010034115783,-0.04705764577783891,-0.036723190840613214
29.22,-0.10937593725849237,-0.0549106439071859,-0.03950905603957766
29.225,-0.09211578257046231,-0.05148416574981028,-0.04929919014859646
29.23,-0.0786622229544892,-0.041509057668071905,-0.02675721593201883
29.235,-0.10042830647422642,-0.03842283374887219,-0.04277575085043639
29.240000000000002,-0.08865548444543915,-0.043018956568902485,-0.03905706147335976
29.245,-0.10606064925576307,-0.03680583532223923,-0.03612474213206933
29.25,-0.1001569857852827,-0.027913373755205903,-0.03530723394305067
29.255,-0.09102963775589354,-0.018361015355975556,-0.034726967129012534
29.26,-0.09332092244846928,-0.03983799797378997,-0.05612801122467094
29.265,-0.07922130117394818,-0.038093154922301996,-0.0324284908333938
29.27,-0.09570491173313536,-0.050778565056329994,-0.040221705644586325
29.275000000000002,-0.0867824449806967,-0.055128076393924946,-0.05034472603152407
29.28,-0.07389756978681704,-0.013210623264678482,-0.040347995306292926
29.285,-0.08464352441332468,-0.04577351252045313,-0.04770903639487935
29.29,-0.11073093547942434,-0.027861372133615767,-0.03630853968390877
29.295,-0.10471462171663143,-0.05720087714311558,-0.024819318771980493
29.3,-0.08727241114224428,-0.037926253488226674,-0.042004968202028925
29.305,-0.08284260083778727,-0.035660421635518434,-0.03605757986224366
29.310000000000002,-0.09101548574880902,-0.05210834516649256,-0.038353916692857606
29.315,-0.08949146641817787,-0.04643329948938238,-0.031476344885654504
29.32,-0.09754879128233843,-0.04580279747646612,-0.05345565723634291
29.325,-0.10239321047968131,-0.050270422445790205,-0.02659190344866382
29.330000000000002,-0.09239652981870942,-0.032047593240083494,-0.0354207816069649
29.335,-0.09142943209618662,-0.03875411057827867,-0.032284422340204476
29.34,-0.09127781137216051,-0.0527082277875401,-0.03465469389029885
29.345,-0.07816199530887562,-0.04508273650140937,-0.039749248932614334
29.35,-0.08267640778056129,-0.046479979292205334,-0.023861978770523394
29.355,-0.07741037144304416,-0.03712901763325227,-0.051598481689815456
29.36,-0.09392858145028748,-0.04816342063468117,-0.055862845050704504
29.365000000000002,-0.09943953079775089,-0.046686818905615365,-0.03991374965424801
29.37,-0.07406522316389866,-0.0566590921228674,-0.02260990114822064
29.375,-0.0866056652670875,-0.05745507175510676,-0.055891418692469746
29.38,-0.07145778195911058,-0.05029069418979495,-0.03609579272643536
29.385,-0.08475790300470493,-0.04463030482523545,-0.04224236963076173
29.39,-0.08377095103883046,-0.04316341344572399,-0.043793446766599145
29.395,-0.07452083595017317,-0.0535650725964497,-0.054514803754957736
29.400000000000002,-0.08723303109381395,-0.0427602820974617,-0.04899511887529073
29.405,-0.09171372565326597,-0.03492699629846306,-0.03906688820123251
29.41,-0.08964064307100678,-0.035923811489486965,-0.045953811500565184
29.415,-0.10350672230899007,-0.04596249236741991,-0.01849030274473562
29.42,-0.10115343145106476,-0.045116423790415666,-0.04173302971155326
29.425,-0.0841634052035179,-0.05350737212599925,-0.0338446858362869
29.43,-0.09011937096990374,-0.03951194075199795,-0.0335544284545257
29.435000000000002,-0.07955604361109556,-0.06077726194193352,-0.013141259785643206
29.44,-0.0708461347784157,-0.04381707165405262,-0.041023704230420364
29.445,-0.09106297148205585,-0.03487658682078329,-0.029394039676008586
29.45,-0.08564890118637272,-0.04078297509719998,-0.03127306457629924
29.455000000000002,-0.08614975866517098,-0.042466564542741364,-0.03974225467897574
29.46,-0.07716323297663978,-0.026559271490336184,-0.023912084116348375
29.465,-0.08688138110352339,-0.06700320874993235,-0.028985366941844802
29.47,-0.09126347838331289,-0.046012311253201744,-0.042664591094925694
29.475,-0.07932619387323453,-0.03129418703824631,-0.016204734272938923
29.48,-0.06880732648802199,-0.05195431195225533,-0.03343878177952812
29.485,-0.0816547213478068,-0.04293714173705559,-0.030526210017834517
29.490000000000002,-0.08976423468117531,-0.04181071285315681,-0.026720908461940657
29.495,-0.09186572186219927,-0.0483995491226339,-0.024543569586094625
29.5,-0.07859888693934317,-0.03500160876896658,-0.026434080708802855
29.505,-0.09089732444673981,-0.03660768049152473,-0.03973731138735011
29.51,-0.08452813214557922,-0.02444492024070269,-0.02615763304079995
29.515,-0.08253245267950492,-0.05511746029072924,-0.032836842966019984
29.52,-0.09095596501250619,-0.03280793295689359,-0.018542968807964254
29.525000000000002,-0.08578005921880595,-0.07138348787161092,-0.06481010699780687
29.53,-0.09266754365887098,-0.028671076541348553,-0.026770235998963207
29.535,-0.08608595171588153,-0.04894878671214423,-0.025331949363524564
29.54,-0.0973585850623487,-0.036738211132531756,-0.02489508307057562
29.545,-0.11132095892188913,-0.05353173841270252,-0.03951507481466609
29.55,-0.08846593042952318,-0.04032971643046396,-0.04020054961073008
29.555,-0.08597491784281702,-0.05421478453653063,-0.03494898612052355
29.560000000000002,-0.0807388700506859,-0.05318720745702832,-0.03302734159752469
29.565,-0.09587111692066172,-0.033628316897742296,-0.036563642492494206
29.57,-0.09386973861062664,-0.03661168091404092,-0.029092688373202502
29.575,-0.09532800502340205,-0.05639081606727586,-0.01536041133778114
29.580000000000002,-0.0810499899961276,-0.041991052052889555,-0.033513945358915685
29.585,-0.08056217884710647,-0.0747359047027086,-0.05052790879460025
29.59,-0.08723896818750998,-0.034387660145395293,-0.03164239403391096
29.595,-0.0984248921609909,-0.01905772905868908,-0.04412515802046643
29.6,-0.09220666894876399,-0.04050432838948764,-0.027675135815633013
29.605,-0.09149458522728741,-0.04335037038023835,-0.03480691947794882
29.61,-0.09317745204480171,-0.030859956096565815,-0.05033008516454262
29.615000000000002,-0.09136533174139766,-0.04228317997709444,-0.03407431788710008
29.62,-0.09953169744816011,-0.05091476689041792,-0.03550767972299143
29.625,-0.09423402762233307,-0.062227466106692234,-0.039601010851049584
29.63,-0.09840868982076058,-0.04160815405946505,-0.045309248557924786
29.635,-0.0781830219831628,-0.037371068507082675,-0.03742046605403326
29.64,-0.0878019697275487,-0.05023436193505318,-0.01749424969087649
29.645,-0.10629016626581668,-0.04219673812003727,-0.015785541428974006
29.650000000000002,-0.08790838922482448,-0.05354388087074803,-0.04260568754909297
29.655,-0.0968389208656732,-0.032925819395611185,-0.01941999521215087
29.66,-0.09389678693220294,-0.04646860593715716,-0.04947917876514889
29.665,-0.11493524303747983,-0.049661200111127124,-0.04120500825977195
29.67,-0.10827011096037295,-0.05483273417425117,-0.03857851513417236
29.675,-0.09279295066519784,-0.03232417292865526,-0.04575915747807578
29.68,-0.10824724229008553,-0.04110519195653267,-0.03434340665063047
29.685000000000002,-0.09532399051859641,-0.043650176747155094,-0.01701354308299188
29.69,-0.10134448656206688,-0.06163217870685602,-0.02627755119825747
29.695,-0.11730757173907597,-0.05497601374065625,-0.02106789320458303
29.7,-0.08956626701644017,-0.0425038584565796,-0.04029188191976864
29.705000000000002,-0.09362044965347843,-0.04966596045081606,-0.03067515264853095
29.71,-0.10134651249307619,-0.05196651134527293,-0.03265501796240729
29.715,-0.09034071446849912,-0.0662716812945458,-0.02489742645799152
29.72,-0.09077036418602191,-0.057074987196534865,-0.029542450196305414
29.725,-0.11091324562912766,-0.038670861515769636,-0.020165746211350075
29.73,-0.09641451206644767,-0.06242149586678164,-0.042344717060365716
29.735,-0.10436640244694317,-0.04457878441797486,-0.03956290262564037
29.740000000000002,-0.08512160122565851,-0.0472298013391199,-0.022944479539797932
29.745,-0.08090025483998206,-0.03716455751540307,-0.03295091759813678
29.75,-0.09868632647490475,-0.04102158337852598,-0.03638910689516464
29.755,-0.09344242317938202,-0.042859591333895004,-0.01914560508699774
29.76,-0.10574409071816356,-0.0423828982512056,-0.022418241590475823
29.765,-0.0816262273195642,-0.05044589035077403,-0.029250892587303984
29.77,-0.09614268288975446,-0.030242059264606377,-0.040395708323647105
29.775000000000002,-0.08967876583434263,-0.04407043983858242,-0.033481906064987424
29.78,-0.08967163150321059,-0.05840145278095989,-0.025509506893377984
29.785,-0.09537231091234477,-0.032190033862228504,-0.027830249544899772
29.79,-0.07640388408816283,-0.042583366115265975,-0.02945165825957162
29.795,-0.08537853462666267,-0.04785398663561411,-0.026670683686867647
29.8,-0.0733050817329971,-0.04303729056292645,-0.026857053399173575
29.805,-0.07164350229360311,-0.05245142821569242,-0.04460352138975045
29.810000000000002,-0.0943531288503122,-0.04819155127185913,-0.014049514925050969
29.815,-0.07428778074298709,-0.04189909325639923,-0.028044030366931497
29.82,-0.11432836101936722,-0.05165318015323246,-0.04405980828299455
29.825,-0.08199087854533224,-0.018939655437404973,-0.03344785242319109
29.830000000000002,-0.08354540017174272,-0.03158450324053539,-0.019738827441204525
29.835,-0.0891942400117996,-0.05918464483075566,-0.030081646446378226
29.84,-0.08309990545965645,-0.039371522006446905,-0.028470713829671358
29.845,-0.10604028419214868,-0.038314320226047215,-0.013296272725688417
29.85,-0.09777436096597693,-0.059810311548652885,-0.02689564668193176
29.855,-0.08259220936100165,-0.028810021923608986,-0.045106683415736815
29.86,-0.0853106817607894,-0.06214799114085523,-0.03854069534961615
29.865000000000002,-0.07810145316338492,-0.041962825373403595,-0.018378919867705287
29.87,-0.06412775590023077,-0.05151787251645953,-0.015624153283733903
29.875,-0.087101872831435,-0.029648488085061413,-0.020652015428766435
29.88,-0.0875358701745306,-0.04650011020783852,-0.04087423798851342
29.885,-0.06645682286139434,-0.034232073573404485,-0.029242505194983677
29.89,-0.07765165746659167,-0.061350646697634036,-0.04055965906172525
29.895,-0.08157066082471015,-0.026589953200464218,-0.03975172805303828
29.900000000000002,-0.08878571857691611,-0.026104425954115402,-0.03176543817554148
29.905,-0.08553946369374191,-0.022179947410122216,-0.03013521752576118
29.91,-0.08041173300546413,-0.011575175010960398,-0.02789298860646401
29.915,-0.06888326419611457,-0.038294922194848265,-0.03607180520076693
29.92,-0.10437886156643102,-0.026017907078252626,-0.024438357491008648
29.925,-0.09452778239862768,-0.028601765182398965,-0.03725902869954022
29.93,-0.08907070511503987,-0.04150450417356816,-0.02984765508129241
29.935000000000002,-0.08046585899401423,-0.03365869227585644,-0.034764798438314724
29.94,-0.0847720423237731,-0.03819728805455992,-0.03269691828876353
29.945,-0.0750388931446525,-0.03431068861441283,-0.04255605347056569
29.95,-0.08048928395796143,-0.03173367052384621,-0.01962596138783649
29.955000000000002,-0.08535952365841479,-0.027947253531809255,-0.024353388324083524
29.96,-0.08290556322049261,-0.013166919768356149,-0.0313269389729952
29.965,-0.0961157325298397,-0.04384829071953819,-0.017046366336215535
29.97,-0.08939655626596776,-0.04228490040841488,-0.01899042983164667
29.975,-0.08993606631972582,-0.0383871408489948,-0.04620465799033158
29.98,-0.09327239324059297,-0.03837200926649344,-0.027503623516835676
29.985,-0.08845235428862858,-0.04457759575987397,-0.02978130421435203
29.990000000000002,-0.06752936309600235,-0.03570679820623603,-0.026674093485695452
29.995,-0.0784713040147813,-0.03658124962279916,-0.02902088554378937
30.0,-0.07338887854824167,-0.021264736263228473,-0.02181875823840855
30.005,-0.07543071075118399,-0.02721113475439301,-0.02229180674368435
30.01,-0.09618017168191882,-0.029519765570124985,-0.027971391590184764
30.015,-0.0804408593847995,-0.028772380848284637,-0.03648219974309228
30.02,-0.0731723220255503,-0.02861665140342195,-0.03464536978286405
30.025000000000002,-0.08348696689197255,-0.04841358405368811,-0.0115028263371061
30.03,-0.07733668891338917,-0.02386904416127016,-0.033738992832068146
30.035,-0.06569829497798153,-0.02639068317569618,-0.027851739534590615
30.04,-0.07030853357660417,-0.026329559307259807,-0.04085971109303374
30.045,-0.06688236851408612,-0.04382809286954935,-0.013037567325476446
30.05,-0.08406889015669483,-0.02308336273944972,-0.029688748378628088
30.055,-0.07929130386035606,-0.023377148742390795,-0.016282281951948526
30.060000000000002,-0.06291058751975127,-0.03780975995518399,-0.02253053363414921
30.065,-0.07824000291619584,-0.023705914239174265,-0.02173115425536791
30.07,-0.07115831795219414,-0.010563108211944009,-0.02208881694159074
30.075,-0.07450660252977999,-0.03482403184276465,-0.028837449824001053
30.080000000000002,-0.059391244694822376,-0.034549359045137076,-0.03212875538577829
30.085,-0.059239420847472656,-0.028005870226220295,-0.03926598685053413
30.09,-0.04452296984356821,-0.028920300112381746,-0.02914566019232521
30.095,-0.07350431644967526,-0.01988509733351313,-0.023105468261939564
30.1,-0.06727752405588529,-0.015197913530609435,-0.03022549174676869
30.105,-0.07091922533595339,-0.019194826854064137,-0.03401693775248696
30.11,-0.07656912569317893,-0.002857738327023909,-0.029190074093932913
30.115000000000002,-0.07173015757896715,-0.023699839315983906,-0.015864115254524743
30.12,-0.054448561292480394,-0.015262879652085136,-0.04858632436445684
30.125,-0.0472561968624329,-0.010036695356319503,-0.012056194466470426
30.13,-0.06513655747329303,-0.016571330431508796,-0.027106031732701083
30.135,-0.06967728809534254,-0.034402286890382626,-0.022989697675134056
30.14,-0.07459215605214328,-0.009698464521510033,-0.016088334669432373
30.145,-0.06351346516123135,-0.026781614368984193,-0.010082200905952668
30.150000000000002,-0.05621677075342095,-0.01705470731379517,-0.02047696813757285
30.155,-0.07945148540584306,-0.015173888601243364,-0.028890779520442472
30.16,-0.06224059319717576,-0.028240780088782,-0.01752364100485383
30.165,-0.09031819675098854,-0.007645601441945867,-0.03110489138502851
30.17,-0.06320181697442687,-0.012540430058895888,-0.01970875610696216
30.175,-0.07629163222475521,-0.022326645306495693,-0.0156861623436802
30.18,-0.0713957208543541,-0.013627687471319858,-0.0017033712081287056
30.185000000000002,-0.07353524759230612,-0.01506311707017762,-0.011499691619679536
30.19,-0.06897907181562678,-0.017546864209642098,-0.0116830603181661
30.195,-0.07437060886485161,-0.030808655620606737,-0.01739583599499283
30.2,-0.07517618925883143,-0.03517208941158785,-0.005089521835434811
30.205000000000002,-0.08617200873416797,-0.04168636674513944,-0.02117102107063859
30.21,-0.07071550307916136,-0.03886863293862809,-0.024921334947738266
30.215,-0.06394985298412395,-0.014305841280121502,0.008410356231970235
30.22,-0.06925258150577399,-0.023839298168547622,-0.0046292901777954575
30.225,-0.04685989878633144,-0.0320426081732165,-0.012144811083493537
30.23,-0.06396222644127099,-0.04545352281525683,-0.02458523320377367
30.235,-0.08064961403363735,-0.03736623507076552,-0.012027119561938932
30.240000000000002,-0.06937176454060609,-0.04717848339073373,-0.024893716363929504
30.245,-0.04959493394678653,-0.04610649651166357,-0.02764854189448358
30.25,-0.05272570656376145,-0.03980653790390602,-0.014578920763429334
30.255,-0.06967189494564871,-0.02086074637735617,-0.012644391527705513
30.26,-0.06578423697246649,-0.04594899510611447,-0.016015874500107025
30.265,-0.07198091154096424,-0.026402995820753068,-0.0005874063135022298
30.27,-0.07759430091474512,-0.03465646202863066,-0.017056389497675368
30.275000000000002,-0.07510015762341998,-0.03694933174705533,-0.007023253034625881
30.28,-0.06772937612855912,-0.012269128027409128,-0.025566171537715236
30.285,-0.0784364276160831,-0.025757629833006793,-0.012626041791950766
30.29,-0.08854380613099555,-0.02790282367583856,-0.012379773380754843
30.295,-0.07325189241420929,-0.015990317620168126,-0.014518764841324073
30.3,-0.08610345429469471,0.0007899798769579851,-0.030736667945482438
30.305,-0.09285554560691694,-0.0013039623775401663,-0.024715186168806788
30.310000000000002,-0.09516309989696324,-0.0191842543887212,-0.0345048923366887
30.315,-0.08432492774991829,-0.013830370717497497,-0.024262111461158767
30.32,-0.0789030448005068,-0.018841617033369375,-0.003784060644758068
30.325,-0.06802922393895663,-0.01909664703462132,-0.01588058800742811
30.330000000000002,-0.05898311118715544,-0.03089124483545095,-0.015384932196845651
30.335,-0.0671362808325993,-0.041243216718589375,-0.02853519306600269
30.34,-0.07238514096811502,-0.008242269153539488,-0.0230682054893174
30.345,-0.090979509920127,-0.023532178919931916,-0.023879160239591742
30.35,-0.06825252968312188,-0.057998058437437716,-0.0067446446066217955
30.355,-0.08492592450357951,-0.04189325495871679,-0.026313660725713176
30.36,-0.0896848411886109,-0.021076667788476864,-0.022253360585813675
30.365000000000002,-0.08471278982557959,-0.0424214813598749,-0.02725546695512468
30.37,-0.08603320607900258,-0.04602737887789525,-0.012562601863768074
30.375,-0.06879974174609968,-0.034433599407755866,-0.011379696027800854
30.38,-0.08367807768716548,-0.03950756528504029,0.005176053505214771
30.385,-0.08767530731622367,-0.019732783569976518,-0.031616671924701516
30.39,-0.07225013937227834,-0.015019093264881638,-0.02185241101370783
30.395,-0.07231210249380525,-0.010759999216636396,-0.02379287981896608
30.400000000000002,-0.08540858965600984,-0.02169584326869746,-0.005001011536577667
30.405,-0.08253360750297623,-0.024216825890981748,-0.005294278584633239
30.41,-0.08824009624821683,-0.027043866509993172,-0.02390426330991524
30.415,-0.09284213113681747,-0.029085814008775135,-0.011819087532725097
30.42,-0.08279870938619058,-0.029438858691994044,-0.019000433077120706
30.425,-0.09922098753432036,-0.020809077480333858,-0.01962929776271444
30.43,-0.0806897185449292,-0.021324039174490377,-0.023976848811663835
30.435000000000002,-0.07321284730118544,-0.02336955864253233,-0.02038300556985267
30.44,-0.07874112972100916,-0.021954230099421563,-0.01537473641066777
30.445,-0.08872038315903558,-0.03191567730939083,-0.022361203230976418
30.45,-0.08381378736518533,-0.02180975729464512,-0.010787963725709414
30.455000000000002,-0.08749248365485782,-0.014634463504650256,-0.01906353288445385
30.46,-0.06955682599525251,-0.02545370115262267,-0.013853885223160799
30.465,-0.07570668946920298,-0.053157277301646,-0.0158527858766693
30.47,-0.08618982925440738,-0.041170255928416874,-0.01971165799061008
30.475,-0.09849306173364489,-0.023645949319422117,-0.01159077941777321
30.48,-0.08052939184864999,-0.014603816544009832,-0.02085676853106707
30.485,-0.09646495579509867,-0.04010729168579131,-0.010536165446944194
30.490000000000002,-0.09638355731220288,-0.026943985067741434,-0.009365084790387978
30.495,-0.0903246646575146,-0.027074407503054773,-0.022468495982379353
30.5,-0.09903905405770735,-0.02661325391075059,0.0031512538557180374
30.505,-0.10453577214909437,-0.02786630212296201,-0.030436354386268117
30.51,-0.08577800096634418,-0.042348054967732716,-0.030173303890537104
30.515,-0.07985915359399196,-0.03377588310202863,-0.01947661694381534
30.52,-0.08800201674041432,-0.04611689798665499,-1.2076799712925843e-05
30.525000000000002,-0.09024436331496963,-0.018663127562775828,-0.003230354482322979
30.53,-0.11644422676367441,-0.022646368572369603,0.008252586283090217
30.535,-0.09295020647382746,-0.055065752128778636,-0.014757043608083725
30.54,-0.09317671361647538,-0.038854397513303066,-0.02081967596378425
30.545,-0.09070125833083584,-0.04031499302083458,-0.005747126571688264
30.55,-0.09642589439372998,-0.036383649120188113,-0.02132474408508212
30.555,-0.075702945383399,-0.043929479763711275,-0.017740057852014678
30.560000000000002,-0.09804940055479591,-0.04704828034925041,-0.009879504629958282
30.565,-0.08960159976148882,-0.04103588719019996,-0.023389782142277653
30.57,-0.09016925597496345,-0.03656984362136545,-0.026821500043844995
30.575,-0.08294894236809412,-0.04668159415728628,-0.016693354233169744
30.580000000000002,-0.08290213141803954,-0.041365566482321765,-0.026595672857042466
30.585,-0.07174248278862819,-0.04040712057214121,-0.01648234270233554
30.59,-0.0877134855553919,-0.05784226512719714,-0.026049081143193067
30.595,-0.08719362765833416,-0.047425329088873716,-0.013474022932968361
30.6,-0.08439371829532,-0.05334710410451911,-0.009770666613578956
30.605,-0.08926682770729133,-0.06529897875982818,-0.05211472606380692
30.61,-0.10058056318014685,-0.036885814421482914,-0.022480996998725716
30.615000000000002,-0.09679542322855011,-0.06196289427001944,-0.025215143760715552
30.62,-0.08216976009034777,-0.049331774965237635,-0.014174891660035768
30.625,-0.08154557776303567,-0.04227029303458716,-0.02902042091472084
30.63,-0.10012804742928771,-0.06118411517141361,-0.025675686827823875
30.635,-0.06876006474818958,-0.04344086574780431,-0.03519340785593046
30.64,-0.07146438487821363,-0.03359665979469363,-0.023765255281979977
30.645,-0.07520589038889076,-0.055147728480203925,-0.02674049920906986
30.650000000000002,-0.07930293859263458,-0.04838106511727351,-0.022741517439041695
30.655,-0.08787886632406125,-0.04900886199736461,-0.026520889565524446
30.66,-0.08181061134254165,-0.0638104530668137,-0.04214129532762161
30.665,-0.07510512633838404,-0.04275765645816841,-0.025131194953313955
30.67,-0.09119586301099855,-0.048368069563297006,-0.02627919227583484
30.675,-0.08978785116677558,-0.03612384418562483,-0.019062778556893714
30.68,-0.08687941808247332,-0.0453013630683782,-0.0060627178606559185
30.685000000000002,-0.08053040790652918,-0.06139091555948027,-0.016630688505788607
30.69,-0.08700659509238481,-0.03783164663509513,-0.02052059364672932
30.695,-0.07678607455916818,-0.0467375163103113,-0.00038043372696264406
30.7,-0.06673113581856728,-0.03545175846990934,0.000577203848907637
30.705000000000002,-0.0767388677093784,-0.0448260447297908,-0.01224656837556302
30.71,-0.08373793299282692,-0.04974067680059945,-0.016928732497592705
30.715,-0.07164909808134645,-0.04274538288013504,-0.01951300470600706
30.72,-0.08123472294499856,-0.04025140641322066,-0.01159860000476928
30.725,-0.08141582830601744,-0.04290397262796056,-0.028150544646291173
30.73,-0.08121709040901645,-0.03651251663930896,-0.014717337640288522
30.735,-0.06952992153252291,-0.05934936576738549,0.01475125531351139
30.740000000000002,-0.09173973453629415,-0.03194309906402283,-0.0219654357205655
30.745,-0.058321383262697174,-0.058807621708104794,-0.011582551617564819
30.75,-0.07942247463826925,-0.030735780345304588,-0.014514650639650444
30.755,-0.08405067165293148,-0.04097503924318173,-0.015867640956645432
30.76,-0.07148649445028188,-0.04943690939382181,-0.010223459278174807
30.765,-0.08142324008651691,-0.046502219910058706,-0.009542332573277553
30.77,-0.10338461576784694,-0.02480528939178884,-0.014861206624947134
30.775000000000002,-0.08460279702474349,-0.05709875027670884,-0.01232910759547212
30.78,-0.08327788693827176,-0.028124393330706585,0.012583470535043644
30.785,-0.07148639412117896,-0.036473225708528095,-0.026698340899857613
30.79,-0.0873079357451591,-0.038382199042309044,-0.01953607706122473
30.795,-0.08347876988088368,-0.037786065767521394,-0.0034628963578343906
30.8,-0.085938935953862,-0.04142124288499733,-0.018756913302543986
30.805,-0.07949872419194756,-0.035950387845597016,0.008911195135755348
30.810000000000002,-0.07763164330717921,-0.04836979085063434,-0.02115792946326532
30.815,-0.0857660015907203,-0.05233819909269051,-0.008760988204737943
30.82,-0.09208293360573316,-0.037195002487665926,-0.022336275098783116
30.825,-0.09247182883034047,-0.03204277551777262,-0.019697052115822747
30.830000000000002,-0.07538032371931823,-0.026862259302494067,-0.0174964483759144
30.835,-0.10325129400098593,-0.022934244648956516,-0.01852202931072989
30.84,-0.08721131591008889,-0.04107393547112534,-0.02173091305353536
30.845000000000002,-0.0826736647488022,-0.03180018706447979,-0.037682878573152626
30.85,-0.08915120840087232,-0.0332430999180935,-0.007459891092367152
30.855,-0.09145248477205775,-0.03045689214283731,-0.036073001645694526
30.86,-0.06479432900334127,-0.026532133197839033,-0.025921080683084064
30.865000000000002,-0.08684828809825593,-0.041767177073448736,-0.019265661626869823
30.87,-0.08531709028133595,-0.02869879393105232,-0.04320419830143771
30.875,-0.08848167460153439,-0.039024853319181305,-0.032640468187933855
30.88,-0.06858943840369977,-0.03418050532941712,-0.02965335845923965
30.885,-0.08016780557147628,-0.036909421628766925,-0.008916880579717821
30.89,-0.09482600302736685,-0.013667377117989416,0.004131601558667208
30.895,-0.07208764078296827,-0.02473630803360235,-0.024777204711076105
30.900000000000002,-0.07785189775357036,-0.0399000178223891,-0.037777519752757865
30.905,-0.09030854683980571,-0.039456206989153295,-0.01847383839694943
30.91,-0.0854645515395346,-0.040713880907618585,-0.030265361268023518
30.915,-0.07100018280469983,-0.043150672406233485,-0.022224614842981806
30.92,-0.07436281551088306,-0.03119263071015777,-0.035936891394254204
30.925,-0.07874609507142824,-0.06138982852212373,-0.012621782308015191
30.93,-0.0816410432976391,-0.0420616960401016,-0.022564463187387487
30.935000000000002,-0.05955602378165562,-0.03384753394100208,-0.029266923976589834
30.94,-0.07758754387800476,-0.030583427020972616,-0.03255052298263894
30.945,-0.06564753393622925,-0.03660284931906226,-0.017163691275631957
30.95,-0.060681966373365044,-0.042049146136271504,-0.005126539022723628
30.955000000000002,-0.06646089976316902,-0.03655957858377311,-0.009607855083094577
30.96,-0.08798466791253413,-0.03141376198001279,-0.01975411962594016
30.965,-0.06970234370827097,-0.019662990557855906,-0.02062114204113418
30.970000000000002,-0.08097130810787442,-0.04447233407268896,-0.002008452726115051
30.975,-0.08823641981714933,-0.022739401816812502,-0.03508887010235691
30.98,-0.06882356075117362,-0.030471881912344907,-0.022404025359333953
30.985,-0.07776482362974915,-0.03392352304504566,-0.03381840352321706
30.990000000000002,-0.08138133736214133,-0.03764084905907879,-0.01696075910665915
30.995,-0.07795174443716768,-0.026251973375126296,-0.014958654690528005
31.0,-0.0682074424909745,-0.03353601169680118,-0.024197034864825703
31.005,-0.07018775144818024,-0.05525067332479787,-0.010086819026700578
31.01,-0.06397801861455295,-0.06145132131180495,-0.01382572571149145
31.015,-0.0499157777645795,-0.0313551195573006,-0.0056071224298578776
31.02,-0.0645719502953892,-0.0250113415032162,-0.03306938168890343
31.025000000000002,-0.07316007873653561,-0.03128463034146459,-0.021028423952369292
31.03,-0.07580072762204618,-0.0647217292392579,-0.010718545995673567
31.035,-0.07608141481015011,-0.03768760078704268,-0.01028455586344445
31.04,-0.08445338867957365,-0.0544626942799959,0.006324122306949353
31.045,-0.06740524833250588,-0.024534649623453364,-0.025003507786143367
31.05,-0.07883792585261681,-0.03591860961173686,-0.020402718317699874
31.055,-0.07128025448790602,-0.04322119963403893,-0.02671376693553035
31.060000000000002,-0.07771220174778903,-0.04390811964608747,-0.02020637104415127
31.065,-0.07290099663824948,-0.0344974357325778,-0.013403644874076064
31.07,-0.06043151360926814,-0.05082221577760129,-0.01292158162282266
31.075,-0.07927012695011026,-0.033256727581447515,-0.017864470209421834
31.080000000000002,-0.0758434526739546,-0.05097577552420844,-0.015318649220401746
31.085,-0.08208231050761783,-0.03789522947010155,-0.030236211683124896
31.09,-0.08096114249955608,-0.03167062453944517,-0.02331895525998533
31.095000000000002,-0.07879698717715808,-0.04410755290173679,-0.022837429347002634
31.1,-0.08376321379950573,-0.03345914698861707,-0.027350470673384752
31.105,-0.05800391934110524,-0.04335934534888969,-0.017805908297222114
31.11,-0.07583926371424106,-0.04774195231444209,-0.035989006684639904
31.115000000000002,-0.09801658150934585,-0.04565125298851558,-0.03022433822802195
31.12,-0.08327295806263368,-0.061771752074048114,-0.005069142763886116
31.125,-0.09405797119540069,-0.0383857759106242,-0.024370893070778114
31.13,-0.07361416217454722,-0.04475672228533277,-0.02118378989718075
31.135,-0.06704080115397404,-0.05338360177546049,-0.02757492688670929
31.14,-0.06960349307551361,-0.04428344063996438,-0.026063644340105472
31.145,-0.08897001226329049,-0.04030161859302397,-0.027047630755747523
31.150000000000002,-0.07398228174651232,-0.04558442116255215,-0.030936463546253373
31.155,-0.08863929086004294,-0.028962837885780697,-0.01543428012308316
31.16,-0.07330375743285607,-0.052074664120529815,-0.027247221461699677
31.165,-0.0972684479053871,-0.02482894886011202,-0.024051107252373468
31.17,-0.07618229103906973,-0.03443470412208387,-0.04541302464482938
31.175,-0.08452390245932864,-0.043199525629352045,-0.02702209742008316
31.18,-0.08986909179808013,-0.02366418374228775,-0.031426591038245674
31.185000000000002,-0.09785084751972646,-0.045885082398396566,-0.013038667960291789
31.19,-0.07531399992629731,-0.03953184833838688,-0.028570994998640697
31.195,-0.07971217231291827,-0.057576907920442885,-0.03195104658375741
31.2,-0.07859794889437732,-0.04777584878738708,-0.04816761733305958
31.205000000000002,-0.0848014829885838,-0.04768485871028426,-0.03269537626428639
31.21,-0.10455144358592364,-0.030112228011505173,-0.02728731409276193
31.215,-0.09150928159496946,-0.04384142892666472,-0.04185709485608723
31.220000000000002,-0.08248455767576617,-0.04064399009980543,-0.026877355891259013
31.225,-0.09228371353453158,-0.025538734748056402,-0.03147456392925209
31.23,-0.0812028436007321,-0.051005118111458414,-0.036598904171375596
31.235,-0.08268858524790795,-0.050240930237250486,-0.0439947998968747
31.240000000000002,-0.09471484892260607,-0.04288207085571074,-0.020895866978042053
31.245,-0.08421238937364828,-0.043007348031132896,-0.030208229105264814
31.25,-0.08838383907469138,-0.038657278803544574,-0.026516405423980142
31.255,-0.0894431605851361,-0.04646058403316451,-0.04787747410277067
31.26,-0.0818415864592911,-0.04794395915841213,-0.039968123831204135
31.265,-0.08043019413769549,-0.048577049426535415,-0.042006239972725505
31.27,-0.11429079335994902,-0.04650105363429495,-0.029529147368212178
31.275000000000002,-0.09478045909383037,-0.03268774687159779,-0.0185482988679722
31.28,-0.09222375683264383,-0.02974617711886203,-0.030010964279053504
31.285,-0.09777500888388269,-0.04433887849082163,-0.03390364700664268
31.29,-0.08988418976465638,-0.03544678414444949,-0.04061785158052223
31.295,-0.09384501346378914,-0.048690532389978364,-0.028452347381293357
31.3,-0.10973087787072011,-0.02905865527353212,-0.03386044559173461
31.305,-0.08530091242761692,-0.041163863304548576,-0.038296057548897075
31.310000000000002,-0.08750915476010696,-0.03795959353334684,-0.02538922880632164
31.315,-0.07674353975993801,-0.04160889723372162,-0.023536135903280672
31.32,-0.08120758125492483,-0.02874567629888172,-0.01990096236563037
31.325,-0.09288021941906675,-0.04593699166454132,-0.046767906522158814
31.330000000000002,-0.0910449647473557,-0.06777281406013343,-0.0413539475809821
31.335,-0.1013577773863463,-0.04955736290106011,-0.020372158046038872
31.34,-0.08136025667578309,-0.053347640549597085,-0.020293012805282742
31.345000000000002,-0.09334740390248648,-0.05525294570137504,-0.046177018084922125
31.35,-0.09185832135496258,-0.04563082593581316,-0.038627156265884074
31.355,-0.07529284717319698,-0.055796701296672566,-0.028779053239530873
31.36,-0.08321066957497578,-0.0534977543053802,-0.03921291188937035
31.365000000000002,-0.0922301879541029,-0.050240859682920164,-0.030104037131280372
31.37,-0.09470889020051794,-0.05418874052012699,-0.051095572138490156
31.375,-0.0929369597832096,-0.06379969018092563,-0.05500067795286533
31.38,-0.09427593655772246,-0.04776797114300972,-0.029610140884429568
31.385,-0.09282087407201711,-0.05079980442678726,-0.03178883177858898
31.39,-0.08135956694758904,-0.050658470979872874,-0.026423649501652838
31.395,-0.10366397312780437,-0.03819498086434826,-0.03680465574049064
31.400000000000002,-0.09895176179063893,-0.06442667708904595,-0.04058617143470484
31.405,-0.0981172621734642,-0.053126765981615504,-0.042085505079400023
31.41,-0.10654198482768867,-0.06367765714566766,-0.03212283336906923
31.415,-0.08720279223655605,-0.05211522768771587,-0.023984458427169116
31.42,-0.09698839825066194,-0.051041293810328264,-0.04108047239681738
31.425,-0.09552103817387603,-0.04288181712248321,-0.020762241540395368
31.43,-0.10933008567376026,-0.05675726998669187,-0.029043837952347457
31.435000000000002,-0.10329745413410467,-0.040165709851690365,-0.02275459284476029
31.44,-0.11392556390016054,-0.02494080688260658,-0.021580617638760742
31.445,-0.10990796091141612,-0.06110332113174921,-0.05328879018448239
31.45,-0.0949472255897881,-0.05191972544757092,-0.04256495457462744
31.455000000000002,-0.11897868349749964,-0.07624736760518667,-0.02717709314581771
31.46,-0.08538479146950298,-0.04125260028662491,-0.020365058116725194
31.465,-0.09333434617864145,-0.030444721914760216,-0.03910572808804871
31.470000000000002,-0.10579262988409718,-0.04697947598932644,-0.04254326969940857
31.475,-0.08761180752579392,-0.058080670005033426,-0.02677052790973132
31.48,-0.09675591912513536,-0.06573063652098832,-0.03513436911888424
31.485,-0.10366606696590448,-0.03244607441308156,-0.03388606414506118
31.490000000000002,-0.10245248329682759,-0.0531305430861331,-0.03216661577166474
31.495,-0.10455809178616475,-0.05745484431844505,-0.03500589882117318
31.5,-0.11340845341116004,-0.04543677082190041,-0.03061854545806425
31.505,-0.09747432518413952,-0.05713933619003752,-0.03005225065171886
31.51,-0.09613355479505965,-0.04637137041703828,-0.013348552942293868
31.515,-0.09009331439605318,-0.040677358793425065,-0.03462162687249086
31.52,-0.08472815254621535,-0.05581916391924574,-0.028998325954273707
31.525000000000002,-0.1062501997070775,-0.07694880431720924,-0.027188351398440176
31.53,-0.08662534203247105,-0.05997254206857257,-0.02812301955897245
31.535,-0.10678990742986319,-0.05649007233356624,-0.035196273799691674
31.54,-0.09926876662233877,-0.052651189554738034,-0.035298770400507995
31.545,-0.0936760807948793,-0.04599111023551053,-0.035657082203068825
31.55,-0.09770305964364909,-0.04765142602786095,-0.015596560476948546
31.555,-0.11013698891936269,-0.03827437130642564,-0.03454643060176106
31.560000000000002,-0.09111242972705391,-0.05383691308048065,-0.024101760322258057
31.565,-0.08159601546548113,-0.045679500880118774,-0.02862460119034179
31.57,-0.07773132004401204,-0.057079892418802645,-0.026511998367715024
31.575,-0.1074217955494458,-0.03052946673752931,-0.039399511001181955
31.580000000000002,-0.10034281116253922,-0.035838161869680495,-0.04379042372882347
31.585,-0.11085759958082192,-0.05490514900557571,-0.02435157665880479
31.59,-0.08709849006381691,-0.03327103839753772,-0.01193060499795399
31.595000000000002,-0.08686863091934105,-0.035343582156211105,-0.02306720483638463
31.6,-0.08125098595954655,-0.04658428575510881,-0.020641465766052303
31.605,-0.07631714233256147,-0.04791483355734214,-0.05283745358575956
31.61,-0.09751355131719641,-0.06546703707049459,-0.03755882166426987
31.615000000000002,-0.08351188039770346,-0.042480549776148124,-0.03297143664527272
31.62,-0.07180162783821312,-0.04970272908057712,-0.03116389087949813
31.625,-0.08942704026315554,-0.03680943346393921,-0.020392692164430404
31.63,-0.09671265658408457,-0.033299936026525825,-0.017858894012359416
31.635,-0.08345724293972234,-0.036900652703958654,-0.01693081707256252
31.64,-0.1012676605828152,-0.03123878334056108,-0.02916883081100291
31.645,-0.08865204298394848,-0.022069889104696448,-0.028272696224170404
31.650000000000002,-0.08112864993131055,-0.023873178739097813,-0.02160821143654339
31.655,-0.06452147742309912,-0.032012119461012165,-0.040741680176912445
31.66,-0.08498656556701255,-0.04485860750031224,-0.012284735114396005
31.665,-0.07898040476293741,-0.03988009064421,-0.02852049771472635
31.67,-0.09226676263888306,-0.04962824545121796,-0.01437326398547343
31.675,-0.07969210677995689,-0.03979738514835471,-0.03142099044007542
31.68,-0.09993850697217165,-0.03973076246491869,-0.011327135900590021
31.685000000000002,-0.08058947216865997,-0.048276976190511606,-0.023704545593344617
31.69,-0.08660345819614862,-0.03334528471874123,-0.02028455731689182
31.695,-0.09804163346567338,-0.04318984149471629,-0.0076090907201877035
31.7,-0.07192497923871091,-0.032402421969200415,-0.03136360513467479
31.705000000000002,-0.07328502869673639,-0.04590945653585892,-0.021173831905761668
31.71,-0.09141421239819932,-0.04781650113468772,-0.032484035326018894
31.715,-0.08078395681946662,-0.025298770421676414,-0.029839387630721834
31.720000000000002,-0.07874096241934092,-0.03546890527751854,-0.016150192841700557
31.725,-0.10882802916382815,-0.046802307588902574,-0.03709453998469846
31.73,-0.08186644166587362,-0.0475325633774212,-0.018638098695124762
31.735,-0.07615961250998066,-0.06304968047147916,-0.008326507499055124
31.740000000000002,-0.08581151906188966,-0.032262023652388096,-0.025963847325461614
31.745,-0.09210773282961818,-0.04816701506818453,-0.023303063492011517
31.75,-0.08254482147346945,-0.05120725975981756,-0.03729131855191391
31.755,-0.0820706830217113,-0.051541291774238024,-0.042549517348348484
31.76,-0.08954575809023498,-0.04248888205637734,-0.027408917439711133
31.765,-0.08724694462373264,-0.02909056613829481,-0.019030796693662422
31.77,-0.11142492511383004,-0.03045106891044961,-0.036675307907472435
31.775000000000002,-0.09577066881569007,-0.03387480022142394,-0.030257429337290098
31.78,-0.08723322668107311,-0.0320511610601502,-0.02322279727603278
31.785,-0.09773357960404797,-0.03743601721004073,-0.021985903196546665
31.79,-0.09261399801319262,-0.02560011021190406,-0.025724206521725898
31.795,-0.08770411857344425,-0.04424655096879289,-0.03841144260436737
31.8,-0.08044611329666196,-0.04120982151492316,-0.028769221438148484
31.805,-0.09340987693849481,-0.047550928890589095,-0.02870394088754609
31.810000000000002,-0.0906542591478548,-0.04453574314820987,-0.03568340954141295
31.815,-0.08883592194862969,-0.04444083221098177,-0.02612300457548309
31.82,-0.09783865979782924,-0.041908285686507826,-0.049451179138925216
31.825,-0.10442826771103955,-0.048566232932942335,-0.024688684488803084
31.830000000000002,-0.08859079665766124,-0.03320575220534722,-0.03152506311170102
31.835,-0.09575701189442992,-0.03942994676870826,-0.04332722613670316
31.84,-0.074774886819726,-0.03293342224420062,-0.0363254601380982
31.845000000000002,-0.1105966811866629,-0.03532913956817506,-0.044138868132605785
31.85,-0.10293667488542935,-0.0450187348871251,-0.025250682781229477
31.855,-0.09430444282841241,-0.0446252891777982,-0.04112154522125433
31.86,-0.10267335790687748,-0.030202451110602893,-0.023681050856666813
31.865000000000002,-0.09863942381402889,-0.04819568540865939,-0.020502242881805476
31.87,-0.08272740948819171,-0.03313005317194583,-0.04824333034041281
31.875,-0.09706339260415413,-0.04795877348895377,-0.0223486417888825
31.88,-0.10171568676395315,-0.03735241425432183,-0.02129901413440681
31.885,-0.08015898326573162,-0.05346307227942385,-0.0365926501909236
31.89,-0.09366243766705079,-0.057827486972106046,-0.03832076239477813
31.895,-0.10927494248318803,-0.04264874946447983,-0.04914796229849877
31.900000000000002,-0.11107675021317906,-0.048401224154056455,-0.052472352808350414
31.905,-0.10645797607412956,-0.05144753811745662,-0.05211553783735698
31.91,-0.10383940419163229,-0.06445054397450649,-0.05712559359150299
31.915,-0.11174338803760842,-0.04992588095374656,-0.030754962481332245
31.92,-0.0813771620309233,-0.05906621060278012,-0.03361962935516703
31.925,-0.11358914314689969,-0.05844624399551607,-0.03083351699902548
31.93,-0.09418536356028705,-0.0518438166766792,-0.038755170336265035
31.935000000000002,-0.11814148266631189,-0.042618483125630956,-0.03184673147022266
31.94,-0.08724926454322018,-0.02950444945870536,-0.022984441055057953
31.945,-0.0946190149218814,-0.04703215126732002,-0.018337342767826413
31.95,-0.08967286086068044,-0.02995521103961738,-0.019180423771772842
31.955000000000002,-0.09603131784269633,-0.04280449603357402,-0.04208969107991859
31.96,-0.10858598001058355,-0.04562924672986332,-0.021006892043906752
31.965,-0.10644712556556928,-0.03841455566346951,-0.03533684074962033
31.970000000000002,-0.10690794797657915,-0.04776656252367635,-0.028191854574383186
31.975,-0.10228834641452055,-0.03663673694017017,-0.0267164899551629
31.98,-0.11012652791096061,-0.03239892368724266,-0.030208043738015822
31.985,-0.09601673440525185,-0.0307397584062544,-0.03662377624564754
31.990000000000002,-0.09371279413104361,-0.04073345048702395,-0.03953722397448746
31.995,-0.09827539815743475,-0.03672213579012529,-0.046811465711829606
32.0,-0.08443694962373527,-0.04616512378089073,-0.04273768221052983
32.005,-0.10014609943841371,-0.04917841436624433,-0.040458295774997696
32.01,-0.0958011383151473,-0.07932361075262127,-0.02538883216687865
32.015,-0.09724711219748249,-0.047309402650593996,-0.024071707341016216
32.02,-0.09312021810643593,-0.01391635034438873,-0.03628663330076643
32.025,-0.09332043823147107,-0.05198729069037351,-0.031608764856781574
32.03,-0.09822597866158203,-0.06300061308331185,-0.02730196091592102
32.035000000000004,-0.09070550590765217,-0.051831292248328,-0.011329642397164143
32.04,-0.11225089069573473,-0.05039432813807465,-0.04157332648705594
32.045,-0.08766502345264107,-0.04157024987310211,-0.04008025384326537
32.05,-0.09855826851917991,-0.05393092415134193,-0.031986180425335915
32.055,-0.09299808592169598,-0.03174661171715503,-0.034577879445213795
32.06,-0.10827118877859856,-0.062301490145684826,-0.04985553690284049
32.065,-0.08593876982748833,-0.032309913404807364,-0.046454957726550734
32.07,-0.10187999345847965,-0.05824541862387691,-0.03445197698397229
32.075,-0.09620683759875075,-0.03823395487737653,-0.03929632341955245
32.08,-0.0901023639694106,-0.03410213325423252,-0.01636379877647976
32.085,-0.10309759671968347,-0.036549002628214616,-0.03679705360546579
32.09,-0.0822006112951764,-0.04084012605829258,-0.01463461944345051
32.095,-0.11733076669073325,-0.035062206245311284,-0.04846083607126168
32.1,-0.09524991812497784,-0.05321536724201026,-0.046199780848908814
32.105000000000004,-0.09628125426188172,-0.036756396609847385,-0.028456217283853773
32.11,-0.09935886806240415,-0.06121024717412393,-0.043871007713333854
32.115,-0.09386306744561491,-0.047208754369802694,-0.047634071793298094
32.12,-0.09967847333972246,-0.06078771207020645,-0.04119391978400456
32.125,-0.10688750903615937,-0.05112771229191246,-0.04202190610246384
32.13,-0.07587895684317983,-0.04596734254536386,-0.027847048103270336
32.135,-0.08755076146286928,-0.0335339245204825,-0.049783887463501625
32.14,-0.09429967692075099,-0.0648569193236643,-0.049527820078739807
32.145,-0.10246854734066344,-0.05082129856236607,-0.0424162779337311
32.15,-0.09955598913905939,-0.04476502463464256,-0.026131145638853985
32.155,-0.0734691051905524,-0.04995782938609472,-0.033440233119735194
32.160000000000004,-0.09432909167810871,-0.037502954621781014,-0.02111712707468394
32.165,-0.08411719779410817,-0.056041063133141625,-0.036554935069041984
32.17,-0.08555587922434002,-0.0454546562436095,-0.039469749395575196
32.175,-0.07565892742520922,-0.0351860357245605,-0.03423098426306723
32.18,-0.07483408723606413,-0.03752000532768459,-0.04551410815595253
32.185,-0.10539158551827536,-0.04308693670257416,-0.0336142812500373
32.19,-0.08597008486059624,-0.03836636048776457,-0.03187388700398454
32.195,-0.10886542668700944,-0.04517950663966809,-0.03429329062943939
32.2,-0.09604174330797245,-0.03888253392271808,-0.05072707149708218
32.205,-0.10233983316674714,-0.05053367407132235,-0.04583407175128014
32.21,-0.08244871833001359,-0.04930053652904038,-0.032031042015942465
32.215,-0.08489858663497167,-0.04546807326148433,-0.04283954685278987
32.22,-0.1047774950983567,-0.047021755505610274,-0.027570486156249387
32.225,-0.09812819430664266,-0.031010867838209215,-0.016216997199950036
32.230000000000004,-0.0934695346098897,-0.024109618140599778,-0.033369769231208636
32.235,-0.11763214120072349,-0.040578890105935336,-0.024446791925859662
32.24,-0.08158241910438595,-0.05327382569646778,-0.0306551793279187
32.245,-0.09429269501810225,-0.04037491116627771,-0.03693337246044305
32.25,-0.08894939587943726,-0.035355460692341474,-0.01186114675136481
32.255,-0.10412514976269635,-0.03881024549089098,-0.03675150493044894
32.26,-0.09318463265151522,-0.04651631903638157,-0.02930363810044889
32.265,-0.09062174827172204,-0.05903620889788411,-0.029631240327616236
32.27,-0.10182036451787307,-0.06601912731811685,-0.03742034821624107
32.275,-0.07853984257662067,-0.045637307433837336,-0.0111887613762294
32.28,-0.10359737174499878,-0.05563655323635548,-0.038033776287549774
32.285000000000004,-0.08842158267190423,-0.037029003256540426,-0.03088192201370197
32.29,-0.09507598627341196,-0.04971940378184517,-0.05202987283799257
32.295,-0.08749127720552233,-0.047847746311084405,-0.027872154120109648
32.3,-0.10167519645815422,-0.05739938014457676,-0.034999133462316465
32.305,-0.09896853081582757,-0.05005522480312764,-0.032635856072988544
32.31,-0.10199609049103796,-0.04670008664087834,-0.03537626663182017
32.315,-0.10470649486066365,-0.030245722501334667,-0.035911176381763645
32.32,-0.1068381756855361,-0.04791059114886209,5.309000741585829e-05
32.325,-0.10653481407311986,-0.04197557371291654,-0.0330198480386551
32.33,-0.09096748763712124,-0.04081197379745122,-0.03665129542072204
32.335,-0.10899868546550326,-0.03667349563640619,-0.019203048259314164
32.34,-0.10267828747982816,-0.039217988397839416,-0.039911458350858416
32.345,-0.09972443373442433,-0.057084523040175694,-0.019175991797053444
32.35,-0.0891627232351346,-0.030070149567174242,-0.02921607947441475
32.355000000000004,-0.10282813447673686,-0.04407044598232577,-0.0350169877652525
32.36,-0.09147171608971263,-0.056939621150840475,-0.029958964670877247
32.365,-0.102357826347316,-0.03736008008179798,-0.017662372901783477
32.37,-0.08896619672021447,-0.044404359591389664,-0.03289980221522584
32.375,-0.08555837850328157,-0.03430236324946744,-0.041352804687678685
32.38,-0.09031268959548741,-0.03960289697735882,-0.043549045787061424
32.385,-0.10464909621318924,-0.04009081216412357,-0.04054693157030652
32.39,-0.11171425883618014,-0.055703047425465356,-0.03630674001479897
32.395,-0.08390527056558876,-0.04505993939675941,-0.04804705907825057
32.4,-0.09491131408844243,-0.02813910331625257,-0.031286634240334565
32.405,-0.07864042053506397,-0.04491229292519586,-0.03756452603910358
32.410000000000004,-0.09922155916113035,-0.03782078453564657,-0.02999012436832302
32.415,-0.09428182761788145,-0.04933401729658181,-0.023469669759388218
32.42,-0.10111506512589233,-0.04280564757239157,-0.03377701823234668
32.425,-0.1161911048428334,-0.02150027070633877,-0.03274146783897228
32.43,-0.08487262542110727,-0.029747836954744287,-0.031308313515032285
32.435,-0.08650228824457729,-0.017925229624501285,-0.031542392282307964
32.44,-0.08968194712374347,-0.05184000358630653,-0.038932191812639905
32.445,-0.106360136467886,-0.03759459556918897,-0.026222011664907403
32.45,-0.09548743872079431,-0.023251204258747753,-0.042644684831233626
32.455,-0.08219999780392838,-0.02019474770263766,-0.03648634144030554
32.46,-0.10017766249812571,-0.02601290230133719,-0.027651398536516835
32.465,-0.0879770239475523,-0.04340458192317126,-0.04116734615912733
32.47,-0.08120692029218246,-0.028592860562063144,-0.037283108773330534
32.475,-0.10341391794292971,-0.03738898793188912,-0.026868457449312724
32.480000000000004,-0.08809359623165157,-0.038087844253797416,-0.040725889193923004
32.485,-0.08625181559987405,-0.03001740108497851,-0.02856915755766726
32.49,-0.0795691616101283,-0.039002969504912464,-0.018075823065162144
32.495,-0.07930896504084214,-0.01929239024709228,-0.033094552019210584
32.5,-0.07820992733290696,-0.04223090723008248,-0.03521089031725058
32.505,-0.09729145956124086,-0.02879172419146623,-0.03715134698559091
32.51,-0.086639740635086,-0.041530740442969075,-0.03927485105911364
32.515,-0.07992392421622305,-0.019827670283827994,-0.025565709768791668
32.52,-0.09960653176312681,-0.03449783692155863,-0.01733178415894792
32.525,-0.09625639259555213,-0.052972750344606995,-0.012823766644493353
32.53,-0.10177782589832549,-0.05162775748742172,-0.03247223633291611
32.535000000000004,-0.08570329398524074,-0.024263807628221855,-0.030846012145330087
32.54,-0.10298585652098582,-0.019980371113310216,-0.02545147084657505
32.545,-0.08859695305636842,-0.014608485396962863,-0.04595727345000804
32.55,-0.08651207078995396,-0.019824733593414603,-0.0238925736446138
32.555,-0.08280508765396652,-0.03845462038421736,-0.05561859754126133
32.56,-0.10821408512792656,-0.028687952422971806,-0.022440115270395973
32.565,-0.09593985785361739,-0.030794556780199014,-0.02986640540594288
32.57,-0.0870331249685529,-0.020970511655975868,-0.027799685170635996
32.575,-0.09435672245739879,-0.0114312657948148,-0.017701776472640755
32.58,-0.08244946806872555,-0.027191839723459885,-0.03886630950016125
32.585,-0.08208041227763441,-0.03443384887565548,-0.0030177469755979583
32.59,-0.09675943815202118,-0.02341233874415735,-0.01598574057091451
32.595,-0.08804687302927616,-0.02360691775022819,-0.023999944762133688
32.6,-0.08282338228384797,-0.01755415808832958,-0.01580894309607331
32.605000000000004,-0.08979530227023516,0.002423501065438049,-0.04275767169272031
32.61,-0.10096717303973227,-0.02011837290624277,-0.01634283835657946
32.615,-0.10704804891105382,-0.016679427143599806,-0.022044309801420792
32.62,-0.08531283943034168,-0.026096615667006134,-0.018721764450643913
32.625,-0.08414517393349963,-0.027912095629009023,-0.028453604173203105
32.63,-0.08060618910667851,-0.0327869523342094,-0.04931908846462871
32.635,-0.08127751753818553,-0.0350258405716717,-0.02867631669227153
32.64,-0.10234456602436229,-0.04129124797598359,-0.043343475618666395
32.645,-0.09321642629996427,-0.031180318615475863,-0.026698111808348978
32.65,-0.06192305042597377,-0.02666997215337194,-0.014500070734290993
32.655,-0.08496083736483581,-0.038084896302209764,-0.023130286445190572
32.660000000000004,-0.07283135305851315,-0.028521041208924954,-0.031291774031534124
32.665,-0.08139160727649694,-0.027910473118372366,-0.011207498287555684
32.67,-0.11019566337732149,-0.021701567875032496,-0.03179107274771292
32.675,-0.0904255585143468,-0.02472804322329796,-0.019088423969756282
32.68,-0.0858436010223941,-0.033963526102757456,-0.03582412762990346
32.685,-0.07950182759449448,-0.01678796365976322,-0.02766613408221812
32.69,-0.07638791229312025,-0.03772522910175869,-0.03465550839424589
32.695,-0.0876534786534514,-0.02947792062492318,-0.016259544424245195
32.7,-0.0869672626564088,-0.017158039681867195,-0.00968573701328371
32.705,-0.07982514189296838,-0.029041502948116707,-0.029618196921691577
32.71,-0.07722709732313521,-0.03421752320508086,-0.0191602941179291
32.715,-0.09381695199984122,-0.01817663601196133,-0.025015787963978835
32.72,-0.08197273352860511,-0.022003880716178995,-0.004020879066142881
32.725,-0.08354107591202627,-0.036375898794217376,-0.03322401436219507
32.730000000000004,-0.07562611217631186,-0.03738501138500397,-0.01877797302067262
32.735,-0.07611411274171065,-0.0303028373073225,-0.023903285822520624
32.74,-0.0797096735091009,-0.025777119742709947,-0.03694827980266076
32.745,-0.0950125693926253,-0.01757160360023167,-0.025324250314143766
32.75,-0.08570848366266014,-0.009858266068710587,-0.028986252709375614
32.755,-0.07709306060405384,-0.02815949461328525,-0.029383758414418724
32.76,-0.08189542803431474,-0.00947247395450642,-0.04286198551228877
32.765,-0.08080449661949718,-0.039330730462889575,-0.032709013567367655
32.77,-0.0840018619033753,-0.04554811858922926,-0.03972875351302013
32.775,-0.06872187276817947,-0.025619583660488485,-0.02293193817335498
32.78,-0.0816277702669935,-0.03780362643953271,-0.018985448342942576
32.785000000000004,-0.07879212550783864,-0.03285899826580012,-0.0196078079048581
32.79,-0.08810915825240746,-0.0295007576255207,-0.03766907726596808
32.795,-0.07749141702783588,-0.003922548636906317,-0.009855233854806938
32.8,-0.08422383990562732,-0.02994960086270297,-0.015529729264793148
32.805,-0.07308382925736316,-0.044910381370980884,-0.02331477020920405
32.81,-0.10068255715197261,-0.014289930820332124,-0.03455343835771481
32.815,-0.08232225823433141,-0.018320464895683078,-0.022710371235697864
32.82,-0.07682346552952936,-0.030500606316097426,-0.032238662340601396
32.825,-0.08081730344422453,-0.04203706083186323,-0.021124628425360226
32.83,-0.0765488847993315,-0.02863386396432825,-0.024581885709144786
32.835,-0.10439770578233104,-0.028812667353522732,-0.019794017978947274
32.84,-0.07423616210409101,0.0005115004989167792,-0.015667933116425847
32.845,-0.06964260604190663,-0.010983282746675826,-0.04760704336838929
32.85,-0.0894322465203446,-0.030636244528032597,-0.023154164243142844
32.855000000000004,-0.07133150086861251,-0.014207006857495513,-0.021778394589754
32.86,-0.08621071158983087,-0.013875685733020546,-0.029017216849439795
32.865,-0.09470543399096855,-0.011737896686563856,-0.024065057488909358
32.87,-0.07618010400177133,-0.012312158974331364,-0.016572705784593182
32.875,-0.08735311027950908,-0.02996424314248944,-0.010069684195905704
32.88,-0.07184173354886486,-0.020450317584163467,-0.02299669790501204
32.885,-0.08953961527093457,-0.02586682542900661,-0.022433675342306787
32.89,-0.10128706692058329,-0.0317957901586632,-0.018503677350522135
32.895,-0.09923082745672612,0.0029131789249708245,-0.019326392222299864
32.9,-0.09366257809930567,-0.027664971140646283,-0.026767758922114974
32.905,-0.08045598810012283,-0.0157339446681064,-0.025889584275233735
32.910000000000004,-0.08417124550210534,-0.01017214655363387,-0.03933213889524981
32.915,-0.08157152693742598,-0.0184735922532272,-0.015617256060871294
32.92,-0.0936190451081694,-0.027101529366665572,-0.03226735773470152
32.925,-0.0769593226993361,-0.03297316726830782,-0.013449007849856837
32.93,-0.0812525857368491,-0.036379074142344044,-0.02928964205120541
32.935,-0.07609624154093941,-0.03196556546018638,-0.02470921221443483
32.94,-0.08272365689670798,-0.013228141379731896,-0.024176252142596544
32.945,-0.06909453013085101,-0.03170795699924805,-0.015335230714047082
32.95,-0.09727542508365393,-0.015162458329418111,-0.02163452323010333
32.955,-0.0868775155412899,-0.028146217240321375,-0.026847069815078096
32.96,-0.07276083269063742,-0.018532113807970377,-0.005265777960626869
32.965,-0.07473209618445546,-0.025966036227956454,-0.026665782502199212
32.97,-0.0887389129163142,-0.013176780104243982,-0.010484514271096191
32.975,-0.08856583006430067,-0.026515046537373424,-0.03506139144024133
32.980000000000004,-0.08960865880397678,-0.02667008562307137,-0.03477461191658708
32.985,-0.08339064965335705,-0.03930003982978149,-0.017873141227092097
32.99,-0.09078293711245496,-0.01912385036169366,-0.029899728052418806
32.995,-0.08017217024294476,-0.015620452692800775,-0.0314108966096104
33.0,-0.07794214886476919,-0.01198047523321482,-0.03601835950551266
33.005,-0.09383013539188709,-0.022208512245508488,-0.03615065528155206
33.01,-0.08904243669732546,-0.032163812602729006,-0.037399044391250094
33.015,-0.06400933898563996,-0.01718416796205204,-0.03566288782075623
33.02,-0.09561175227683817,-0.019285832751253736,-0.030008634298417432
33.025,-0.10550996359332096,-0.02711860939732156,-0.05358442026600019
33.03,-0.10449145492324964,-0.02503066283815536,-0.04246901252147875
33.035000000000004,-0.08818378457804682,-0.03391341032288099,-0.033407092976608245
33.04,-0.07747242149538422,-0.015465366139338266,-0.019636298057334967
33.045,-0.07426579151391756,-0.035320121158907536,-0.022767773913618634
33.05,-0.09191998766804915,-0.034694346720212016,-0.012433180840016388
33.055,-0.08507633037966728,-0.021192095291237723,-0.030125227883550893
33.06,-0.10845014527413453,-0.024802449935563867,-0.03248987143152561
33.065,-0.08666318094802156,-0.023482923468143575,-0.015238629578496447
33.07,-0.08604105824206268,0.001648697492981967,-0.022497549674795933
33.075,-0.08705628916222259,-0.01831411957209889,-0.011695263886846923
33.08,-0.0748476552649898,-0.028948134248503697,-0.01458350077063151
33.085,-0.07455054062777255,-0.026408093141291417,-0.024067055712298634
33.09,-0.09136859364904378,-0.0190792100484332,-0.054132610989168786
33.095,-0.08687808101288774,-0.032679440013302634,-0.02979553201640663
33.1,-0.0950182670513911,-0.017387004937359587,-0.030975867182776548
33.105000000000004,-0.07344603018251866,-0.020377136409251057,-0.03163822583514739
33.11,-0.09207561866473092,-0.032074752994353785,-0.02120201977434423
33.115,-0.10158533642322272,-0.05056913707503859,-0.03486943267654493
33.12,-0.09931362219644327,-0.024758106851142672,-0.009894981648427534
33.125,-0.09283683713351087,-0.030938879046452296,-0.03550312072775392
33.13,-0.07420074438247366,-0.029800255656752685,-0.02889248383023513
33.135,-0.09546844569952226,-0.03032328768248395,-0.01596329217940541
33.14,-0.09581528791394633,-0.0351371496134303,-0.0243512816274514
33.145,-0.11160081754558496,-0.015738065760157093,-0.03276777589720477
33.15,-0.09120531080484193,-0.044041292259966475,-0.01830442961974974
33.155,-0.07806179946559327,-0.02905764848156518,-0.03540013843862659
33.160000000000004,-0.10529735343932509,-0.03572208181154937,-0.028276790332653724
33.165,-0.11740569414940431,-0.02960581943016425,-0.026543779779861568
33.17,-0.09111289361806944,-0.03354110177387871,-0.0267445868253979
33.175,-0.08222034042580847,-0.007783076924563263,-0.02403943719757458
33.18,-0.0864118686898549,-0.01945429850397997,-0.02627976134221574
33.185,-0.09719813186634367,-0.033978275743371714,-0.033835333681077925
33.19,-0.08796732518557811,-0.033490400785163695,-0.022010290876860027
33.195,-0.09565171011918505,-0.02616556083134223,-0.03201864763442016
33.2,-0.07504164892841128,-0.02660502625135168,-0.016274315807879955
33.205,-0.08821705379692213,-0.0374511887267375,-0.030813831539400108
33.21,-0.09682132527852297,-0.036346647099165484,-0.0033341569274676387
33.215,-0.10064564086267469,-0.0157039501040038,-0.0301796325176312
33.22,-0.09711883253376791,-0.029555495077631295,-0.029036998099159578
33.225,-0.09388064493114832,-0.015600034743254776,-0.021429869314541702
33.230000000000004,-0.06424327750366679,-0.014740971543612008,-0.01978721767052244
33.235,-0.09013631337585243,-0.016085434008975774,-0.004589456139197912
33.24,-0.08254870702053149,-0.01808506393048361,-0.00516408932729439
33.245,-0.07555959157088799,-0.012592995805611209,-0.0028963590373807906
33.25,-0.09038093518463564,-0.028119748624257562,-0.018225505946342424
33.255,-0.09633108275310792,-0.02096250421677548,-0.004887865078797932
33.26,-0.09232298697290472,-0.017309835114794545,-0.022081646197804856
33.265,-0.09311915322901915,-0.004784147886407993,-0.018674907539231053
33.27,-0.07923877302753209,-0.01683775093252963,-0.009505526963130069
33.275,-0.08980529799049396,-0.0066806214110247935,-0.028438616198442977
33.28,-0.08478632407676198,-0.03289995527029599,-0.016891429707132012
33.285000000000004,-0.12130397227766385,-0.02793814867382961,-0.009855517464073236
33.29,-0.10600722763163672,-0.020173760622661775,-0.020812703642804284
33.295,-0.08665000387200661,-0.02633182186449512,-0.017663644334548617
33.3,-0.11052530608597812,-0.0206212703289046,-0.02107502391893657
33.305,-0.09292686641701482,-0.03570121196334476,-0.013802919497111443
33.31,-0.10774548896829825,-0.041802616105048374,-0.024240234032724205
33.315,-0.09845945521609237,-0.0038458532311267807,-0.02059955096963756
33.32,-0.09538552259662109,-0.033118819441609146,-0.012204244571927534
33.325,-0.08616147867554891,-0.02517583142708263,-0.009176271255326197
33.33,-0.09703306229621941,-0.03276022108793951,-0.013617974187397885
33.335,-0.08458203926191135,-0.019801827449993443,-0.011943821860190898
33.34,-0.11124549509285822,0.0018211103459474867,-0.016116944596002464
33.345,-0.08713109057696124,-0.02201212203719133,-0.021909500723291418
33.35,-0.08790441238532856,-0.0017451970074109958,-0.018621367758272497
33.355000000000004,-0.11577252892010673,-0.00423176450628019,-0.007154869891783971
33.36,-0.09393154468769246,-0.03960538255694403,-0.01390919261880297
33.365,-0.10198380006356583,-0.008094871614382052,-0.012707480964216466
33.37,-0.1144727402387031,-0.028758135058392156,-0.000993253036790022
33.375,-0.09496342120932144,-0.029155960940378818,-0.029476885882266813
33.38,-0.08550621274691027,-0.011752010380203988,-0.01770982468117787
33.385,-0.0944679148426308,-0.015575186014764764,-0.03061642145606549
33.39,-0.08326844114281065,-0.007535968180681255,-0.0016761467146745833
33.395,-0.08954338290115271,-0.014994397891403225,-0.001930403315550635
33.4,-0.08455706638814585,-0.02184964368806063,-0.006932774257638354
33.405,-0.11336282878733257,-0.017601274879851934,-0.0020895095273247427
33.410000000000004,-0.07887042618152304,-0.007692326778506314,-0.006788861328767999
33.415,-0.07616798215231799,-0.015607187012634256,-0.01831988662466471
33.42,-0.08751022087928892,-0.00875528709708366,0.0025446916595825084
33.425,-0.11100990374539421,0.0006238762661942817,-0.021875143687157435
33.43,-0.09461998071672606,-0.021093819830991546,-0.009460898290008634
33.435,-0.11821912692854501,-0.024110935753143076,-0.024221508532022273
33.44,-0.09207318192468622,0.011599682540602417,-0.007014574884194359
33.445,-0.09628643153405206,-0.00013180230551902358,-0.030636620070844642
33.45,-0.09022884088016024,0.001317472982323876,0.004584391257861205
33.455,-0.07800831496550184,-0.03877485123092892,-0.0039111731868675045
33.46,-0.09490740149593223,-0.01661112014487962,0.0008053898394339114
33.465,-0.11205265581104548,-0.02119411818122947,-0.056227059887482965
33.47,-0.08667057390268472,-0.007219929489150543,-0.0173516942284746
33.475,-0.09117566188954794,-0.02295101365955635,-0.02111312389861909
33.480000000000004,-0.07859287019725794,-0.020069921944774735,-0.004399357144413321
33.485,-0.08900665351975887,-0.005172158148545252,0.009434299057254372
33.49,-0.0872502799464676,-0.02167132064991635,-0.026538881345402856
33.495,-0.08907318625304594,-0.010429656874404619,-0.00831302249409077
33.5,-0.10530771984038831,0.011144622254450565,-0.02356104625719708
33.505,-0.10874650125857242,-0.012212754591601675,-0.02593099655597803
33.51,-0.09653204237604668,-0.014884832111454013,-0.011472573705141167
33.515,-0.0848116317104338,-0.011995795838506539,-0.021788796653286317
33.52,-0.08803540446498198,-0.018492401247998683,-0.02911989221798989
33.525,-0.08891154865358208,-0.0030931225151572673,-0.013723358837218418
33.53,-0.08607376673742609,-0.018431019754774156,-0.00696689850404765
33.535000000000004,-0.08296740199452957,-0.0013597787157070928,-0.025610972302572352
33.54,-0.07650521772832986,-0.007223224499633439,-0.017376089312718626
33.545,-0.08992651124353793,0.0033171883603276683,-0.010162625507698017
33.55,-0.10356027038330787,0.00037649080739648663,-0.0078483718499948
33.555,-0.10389150189063096,-0.016943571712725265,-0.009201828459043725
33.56,-0.10093475203875778,-0.015571539908475325,-0.010628654879548692
33.565,-0.10580558114298581,-0.01266319770802679,-0.023406070057174058
33.57,-0.09798998171236759,-0.029116343274674758,-0.019493974103617345
33.575,-0.08727038566047249,-0.014355773334513992,-0.0065480852827971316
33.58,-0.08802145899096099,-0.027254523280451363,-0.025565279918549254
33.585,-0.09669060916380123,-0.004417200789351437,-0.0028796352850579236
33.59,-0.09343994958199084,-0.03294657486813404,-0.020574244226152436
33.595,-0.09908206264408728,-0.006129126342691581,-0.0243464416300653
33.6,-0.08743018842690883,-0.0011825985246353699,-0.015208085107951935
33.605000000000004,-0.11061021078906291,0.0012650572695112128,-0.013215206990981486
33.61,-0.0934549305915225,-0.012143511271166502,-0.010500674601612267
33.615,-0.1011945330720525,-0.0010822620787509225,-0.00729036820083085
33.62,-0.10404905237964254,-0.01205807406777209,-0.015291278445206478
33.625,-0.08837942232243043,-0.012867969028486982,0.004503349497376262
33.63,-0.08119757045988728,0.008583002245208686,-0.012585389079384494
33.635,-0.09990329965767965,-0.0007217939377837934,0.0004769128495640991
33.64,-0.0837953338758955,-0.003303975993716747,-0.016751867808783863
33.645,-0.09453438589249236,-0.0008105654754920809,-0.011460377042008451
33.65,-0.07707414215539916,-0.007221501311782516,0.0028684835610522062
33.655,-0.08710564407597965,0.0027044031450605276,-0.011305294430317702
33.660000000000004,-0.0886862500856887,0.00619987484127919,-0.016613701290260883
33.665,-0.08920494987551353,0.014527070179957184,-0.0068027310944311255
33.67,-0.06257144766510384,0.023397774418672294,-0.012629920526289841
33.675,-0.06303858548657729,-0.008771147765494302,-0.015486108487119187
33.68,-0.0973234388056477,-0.006376420631728215,-0.013708709658038037
33.685,-0.06180727280619089,0.016567607554596717,-0.00990486007699877
33.69,-0.07678169235535628,0.01958853681320123,0.020970915346740362
33.695,-0.06444222160575017,0.02028312457901195,0.006966742508312036
33.7,-0.09575869205568366,0.024976494139661423,0.009742170862957904
33.705,-0.05726392969049833,0.012405017772741452,0.0002762873010984934
33.71,-0.07332585273830525,-0.003586991974625458,-0.005736911240969377
33.715,-0.08048921481319704,0.02030267014119573,-0.005311900634343222
33.72,-0.054394624084037335,0.014293726695208418,-0.004287589279739632
33.725,-0.0746563983759844,-0.010321391237099884,0.016046196274221585
33.730000000000004,-0.05585090212817635,-0.0063819725536040295,0.004980484600548809
33.735,-0.0806426158277764,-0.020998973293263116,-0.009566469544658365
33.74,-0.05704950473308471,0.004678461013355799,0.020437196306925285
33.745,-0.07600845027344444,0.014627215900119766,0.003980699021687035
33.75,-0.08500662825437566,0.005558597207929755,0.00040453157139878557
33.755,-0.08385435613854396,-0.011705031061171444,0.015079472691496305
33.76,-0.06672745762024179,-0.01709075101951378,0.005134808485105304
33.765,-0.08554085071288109,-0.0097946232161455,0.008218466702297568
33.77,-0.07976192624261047,-0.016692158556410566,0.0103725440706622
33.775,-0.07274518061224165,0.008663165670985863,-0.00393424992334444
33.78,-0.08061640824891714,0.018128704317286873,-0.002560220778704006
33.785000000000004,-0.07491130600603452,-0.01996636713190396,0.01726934034743056
33.79,-0.0666592327296765,0.010926347799454717,0.02028596177913134
33.795,-0.06979510227870186,0.0023231861403047623,0.014853457277413374
33.8,-0.06500843968398147,-0.008299513682992837,0.0037287440225263757
33.805,-0.0769606721968416,0.0008061873577786104,-0.015903470757250897
33.81,-0.05936465442510887,0.0016615030957066491,0.010118557171677707
33.815,-0.06179480941964685,0.006517586038330112,0.00399595642924782
33.82,-0.07153821598414835,-0.0005570715892774542,-0.0029918764786740805
33.825,-0.06364853596699009,-0.006700484973775582,-0.005911904574812405
33.83,-0.05024619565747157,0.009866222353210205,0.014290693770213504
33.835,-0.0631276804354973,0.005651100021529224,-0.004456367748339372
33.84,-0.04979646321494274,0.0100025315628017,0.030544867769157207
33.845,-0.04645920902919791,0.002216072734157996,-0.014195200333863043
33.85,-0.031119999976661143,-0.009072512497621206,0.004006603324391525
33.855000000000004,-0.07400771898627045,0.012441217896208752,-0.0053856112151794144
33.86,-0.06998746294719706,-0.01332857322206365,-0.002964378063105476
33.865,-0.034845258964662826,0.005253116669816411,-0.014795897074562057
33.87,-0.04704537485793575,0.018452973915841376,0.02066085663834172
33.875,-0.05718126367086741,0.0048955927956484315,0.01181468960604682
33.88,-0.041247509948664746,0.0025927121100747536,0.008666295547202378
33.885,-0.03742315502417835,0.015000441391913456,0.0015808805575296472
33.89,-0.060802082807779795,0.009314495447452152,0.012554003205631378
33.895,-0.06172050559706386,0.004328823602820817,0.010950540315903912
33.9,-0.06122396791412,0.014806283753885234,0.020886004341782966
33.905,-0.04692078842792964,0.008818710601676851,0.00558262556797923
33.910000000000004,-0.06797154951060849,0.03390606169651376,0.008617034530253101
33.915,-0.05000985853774124,0.009813587321072155,-0.01477631308233122
33.92,-0.045672015322934266,-0.0031981232966811456,0.003609890712740208
33.925,-0.04390006351070609,-0.0037517159791394675,0.0015363036791424187
33.93,-0.041630202030342386,0.024569576006714514,0.00968093374475586
33.935,-0.05421190765283321,0.028905775817359064,0.007440753534600171
33.94,-0.0639035983707595,0.03218744132776359,0.004115232281088593
33.945,-0.052302517986092506,0.01823084786810915,0.013025106535598897
33.95,-0.05070789346946597,0.021949176812534756,0.005314082267662803
33.955,-0.05766012703265298,0.017352809358651654,0.014254762360650479
33.96,-0.06712598757723817,0.022935899256076232,0.014681995009871912
33.965,-0.049129687281052374,0.001535270977627675,0.021092186278233116
33.97,-0.051367438693380243,0.022900329705222454,0.021148953596288458
33.975,-0.06616316707534281,0.0009821545222943274,0.014001283790358345
33.980000000000004,-0.0698866105537212,0.0057440840187888585,0.013022317759805151
33.985,-0.0789121497436503,0.022408022708864907,-0.005870682951267463
33.99,-0.05356366402262969,0.009640349820550773,0.010852531538055973
33.995,-0.05296520966683264,0.015852001828841118,-0.0035889585044956776
34.0,-0.06480255470787613,0.010608498191460097,-0.005058752550219776
34.005,-0.049936329551448,0.03648105625533774,0.017905081330391686
34.01,-0.06501343899887338,0.022031992992238264,-0.005839722706452628
34.015,-0.048428874102196054,0.018009739085626548,0.0090367523449894
34.02,-0.049282285359311034,0.020084282213335483,0.02260641255881311
34.025,-0.04955752538982609,0.023652238294147768,-0.004763722130394738
34.03,-0.04494177878959069,0.010429889372808037,0.03076911119824087
34.035000000000004,-0.058598695273806956,0.00945853648983818,0.028719044196378406
34.04,-0.05472506333262879,0.016574443921383145,0.022122141788721246
34.045,-0.04266686611293251,0.026081941112471682,0.027174014042109194
34.05,-0.0375409005215665,0.01342566966529347,0.019054973076375787
34.055,-0.05437112286211993,0.008626845710849679,0.01505709653864112
34.06,-0.0566341984992343,0.02216799372964666,-0.0008889385266565748
34.065,-0.04369010467996472,0.016342774696783875,0.02556611636878715
34.07,-0.05596056736079302,0.032469466197193715,0.02219902255202103
34.075,-0.04373938816013601,0.02311066674026493,0.035772503643905926
34.08,-0.043563042989093304,0.013879187248733039,0.01996704048610807
34.085,-0.06375043465062555,0.006008564861283005,0.027314376157568012
34.09,-0.07168221845693921,0.044513520925983104,0.0279886442782715
34.095,-0.05439640673714642,0.04035869278711349,0.029190330960796367
34.1,-0.041768473876908165,0.006715472755224035,0.03549727464695069
34.105000000000004,-0.04714067916839887,0.03546613127514146,0.03088788613811321
34.11,-0.03759425689076154,0.04983159367528918,0.033406013358739134
34.115,-0.04602365334010588,0.028557143634804657,0.011469085247595816
34.12,-0.05371350852155527,0.02712965853804839,0.01965954919586202
34.125,-0.03999617162436148,0.040379836504876136,0.03535455470525434
34.13,-0.03518884906402776,0.03092380901259208,0.025961799985915992
34.135,-0.021964528781299522,0.022819125077544557,0.036516320809617545
34.14,-0.04194949492068516,0.023616761059897084,0.02112862585992345
34.145,-0.040535714808484266,0.041040654286892846,0.03923412801601399
34.15,-0.050422698524076714,0.030628310143154976,0.019462022429861885
34.155,-0.058521035313412476,0.02952732753348609,0.0319337377576786
34.160000000000004,-0.05581628619928282,0.03232936190456586,0.03221224459028305
34.165,-0.03603799695147043,0.0586201428887167,0.04374374265514368
34.17,-0.05251736003886118,0.02144957481962682,0.01668607108360564
34.175000000000004,-0.03657926902740746,0.029968760339504893,0.022748104511300854
34.18,-0.029437906774858705,0.05305533235006584,0.027915499034479395
34.185,-0.062374239351820286,0.010142122681597672,0.035535470985588055
34.19,-0.02389784623528536,0.02847244171997083,0.028781692365971084
34.195,-0.027920302420274882,0.005011974198666404,0.03576942487466431
34.2,-0.04173502370151977,0.019170537395807694,0.02850746422144067
34.205,-0.025891960432806525,0.02130908134319329,0.016140030770490046
34.21,-0.03708338396259343,0.029924989428663618,0.02956255806120463
34.215,-0.04765997248117708,0.035456534784586116,0.02922673058081055
34.22,-0.015325433267756277,0.04102837211331638,0.03401150696476432
34.225,-0.031161146897674314,0.018564362894011786,0.016745099567215285
34.230000000000004,-0.02989876430440924,0.03229740963263669,0.019092171058338724
34.235,-0.024225900633918024,0.016341135191860513,0.036677739584366556
34.24,-0.04313204733254017,0.03757896107070394,0.020247839079284142
34.245,-0.05627516206474115,0.017893165854882837,0.03619290041212218
34.25,-0.03631384721712697,0.028839719834810748,0.04344868576258371
34.255,-0.042069284706526426,0.02343913232102461,0.04534112183262125
34.26,-0.029231149153924038,0.023228064175298928,0.02673962097269953
34.265,-0.036257944697887345,0.013871184708028129,0.04109221920503361
34.27,-0.039308784625313654,0.03238008791161025,0.02181427745655015
34.275,-0.03165597489095859,0.03972235692022971,0.034311394990829046
34.28,-0.025748377678891286,0.01763297259010145,0.043654927330814525
34.285000000000004,-0.0177811720488773,0.04374422422643706,0.024713501728411056
34.29,-0.029084690045055137,0.04286976979255836,0.03907596246968251
34.295,-0.046823291765979394,0.017712231733373395,0.0377194473774039
34.300000000000004,-0.03708928492956301,0.02777323653053522,0.036775912546596484
34.305,-0.030689717228569273,0.040815237864071395,0.03194752128200934
34.31,-0.030797022277630287,0.03366370329535322,0.027355664196673388
34.315,-0.020273584905988136,0.03040870036514326,0.06288222476554528
34.32,-0.030494083116890405,0.05172496448050568,0.028060413781971445
34.325,-0.027843397853429645,0.02708425483292779,0.025687634372775704
34.33,-0.03298560766445996,0.04424423360105399,0.025068778495722793
34.335,-0.032634934235983806,0.0372089768264999,0.023216426941650613
34.34,-0.04607114707400228,0.02359695078360192,0.047729506667502614
34.345,-0.03558618803583597,0.04325402398139758,0.02863742235893533
34.35,-0.031169029066164387,0.05373422748802418,0.041404414295674166
34.355000000000004,-0.02214292342839093,0.03607739999173764,0.035361502449432494
34.36,-0.030319880012805063,0.02871927600335547,0.026758318622938763
34.365,-0.04155086179841118,0.053423476846860586,0.036433460228305355
34.37,-0.03502289179808567,0.03958771024157891,0.049151414759696886
34.375,-0.021315816790607192,0.043739440539550346,0.03520393550549336
34.38,-0.03689660706369919,0.01998701449389905,0.014437493331330806
34.385,-0.01159715580950856,0.032029298089287436,0.03082777787754672
34.39,-0.036674434028377834,0.043366834504880006,0.017522093895967296
34.395,-0.024838252243572473,0.043296170542123896,0.022430940955423674
34.4,-0.0334707684514637,0.04029296505420675,0.03206126107998763
34.405,-0.036131974830009676,0.05831666235388016,0.021081101900108756
34.410000000000004,-0.0324600197154178,0.06062789635907969,0.02303107357200929
34.415,-0.03900363728465973,0.036856007369016494,0.029929654400848663
34.42,-0.015982802398190832,0.03771981345877066,0.026708144226341976
34.425000000000004,-0.03190810767976012,0.043548661750640705,0.024727206950475873
34.43,-0.02015735386943874,0.024406861212804436,0.03400316262562779
34.435,-0.01458057301092082,0.03505216324914315,0.03406460664164675
34.44,-0.03615590207377198,0.04186240894066844,0.03152401985630957
34.445,-0.047653930633799704,0.03728600095370157,0.036070255626543535
34.45,-0.03677135351499965,0.029039143566192763,0.021708049880512847
34.455,-0.045584758003053706,0.04387474517562476,0.019469996876299595
34.46,-0.027716447048617206,0.04942224012405631,0.0373556189328335
34.465,-0.03130249025812028,0.04605306599379291,0.031113073751154813
34.47,-0.032069183651662836,0.028081710177839808,0.02964043598523401
34.475,-0.04394116175232205,0.046656640299465826,0.018179609934014327
34.480000000000004,-0.02888112690031517,0.00849574429745809,0.020343189662789227
34.485,-0.05123862991178738,0.03382832027443589,0.0367460157070046
34.49,-0.0298080665713231,0.026990828590058715,0.012830887599919082
34.495,-0.04636022414003925,0.03304556561510376,0.011969515847613077
34.5,-0.03841255839855666,0.0346776333456083,0.008527372201613957
34.505,-0.04292139354706592,0.025599496960620027,0.03669976704980697
34.51,-0.026444484782613895,0.019064224300413685,0.015961608022270427
34.515,-0.034393631217088466,0.037864967526284474,0.03244106318055398
34.52,-0.043746709406354,0.033470370085467056,0.026070854037000817
34.525,-0.03514857419363044,0.028649490520673702,0.009452139192584069
34.53,-0.05192252300444212,0.034077195227694076,0.03408062922833673
34.535000000000004,-0.05050518912062608,0.017903089083091198,0.02094622127323696
34.54,-0.053244066977959054,0.044260691142560114,0.007771726195695041
34.545,-0.04028288306305234,0.030115115679043482,0.036322218703913514
34.550000000000004,-0.059970011455021385,0.02030115840090115,0.025093587378966747
34.555,-0.050282757331004915,0.02855329477034866,0.014777837291369441
34.56,-0.054756386058417324,0.032716049121514566,0.018678143243410134
34.565,-0.05985808593596407,0.036251582503220824,0.020782903727806043
34.57,-0.04963751270917842,0.025598265240536492,0.01059323431840468
34.575,-0.039514775070270895,0.00964183508525166,0.021889165810251705
34.58,-0.06060448200420226,0.04482864778144706,0.020797196902921214
34.585,-0.04885240537612043,0.030523018923725477,0.02878511733650133
34.59,-0.03512035134264005,0.026564277406788774,0.029752479524876287
34.595,-0.048908173841252484,0.03666363128765024,0.02897546671520119
34.6,-0.04550787765654492,0.024295361697337838,0.019127301122236196
34.605000000000004,-0.032491686648686555,0.02381693961110039,0.025437781661602495
34.61,-0.0368117445401599,0.02027464623194517,0.021124308957157552
34.615,-0.03554035419043817,0.036153578389173435,0.036089409974128565
34.62,-0.03232945714497351,0.018974376422087,0.02737152481975446
34.625,-0.06982899467197771,0.02005076343847539,0.030647716750663603
34.63,-0.030444016882814305,0.03576986095499236,0.042937818776626266
34.635,-0.010973363313738233,0.03672160746805319,0.035592521255922674
34.64,-0.044278763370788427,0.03875142540722847,0.027986833159377486
34.645,-0.04196399865495968,0.024346659849695276,0.038763993362226676
34.65,-0.029560773591087275,0.036186548920608276,0.006627127235185345
34.655,-0.04007468849549968,0.023268816698955336,0.03633410650291036
34.660000000000004,-0.04655833341136846,0.022606160674179858,0.013574238329000461
34.665,-0.03762802172415531,0.025313780004488765,0.020485309610366126
34.67,-0.038665639103444394,0.027447521379893366,0.01425285254373787
34.675000000000004,-0.038663301637620294,0.024230360098587887,0.024315387670173702
34.68,-0.029757837806456792,0.027699369801695142,0.020476712355284976
34.685,-0.04485620380952883,0.003964794901852899,0.03522558107805539
34.69,-0.04059853085765218,0.019250707734657316,0.005855184655009131
34.695,-0.0439678668121967,0.03187315448540805,0.028315509409967108
34.7,-0.039748061035057194,0.032700884617986585,0.019878136984384065
34.705,-0.04045863507175408,0.021275238179305198,0.012375935867049846
34.71,-0.04450974755489828,0.025593630565609034,0.02720643120852517
34.715,-0.04531965445300938,0.02031158466463414,0.012873177838827653
34.72,-0.03731026957367452,0.020085273455301443,0.014712405598810265
34.725,-0.04111470549341023,0.019674423601211653,0.01799204404340008
34.730000000000004,-0.03254489858061363,0.039061926603334324,0.030132661251802365
34.735,-0.03612530243982504,0.02089065269906971,0.020425493308363317
34.74,-0.0445404855390058,0.010871310332564516,0.01795425493339296
34.745,-0.026931469348656246,0.024017283460738587,0.013886065344627059
34.75,-0.048431215091921366,0.02626923665728533,0.036658421444394046
34.755,-0.04008861882841375,0.025553410205555755,0.014709953303922378
34.76,-0.05694186303432808,0.020917606520569794,0.02469042963392638
34.765,-0.04957450893201255,0.02355269300512973,0.024794356338250445
34.77,-0.03895411674232637,0.04832895988675925,0.0291512863619219
34.775,-0.03431066327592085,0.026496735070775712,0.027848278922807494
34.78,-0.05889380628912482,0.02073921724283174,0.018467786904700696
34.785000000000004,-0.03455938028104649,0.03724442153658523,0.031247218990817845
34.79,-0.04994542808166957,0.027576969110762913,0.02647032620369167
34.795,-0.04977567835268239,0.02244990716068801,0.03984886633142839
34.800000000000004,-0.04809612481413724,0.01370376467862683,0.01440595119508064
34.805,-0.04945295362906506,0.021335196944973243,0.028071059780213216
34.81,-0.037135776124275,0.032206837442003436,0.039809884009821626
34.815,-0.0427521285263122,0.020180594289204164,0.039717493337998656
34.82,-0.05075198777204607,0.01966957636529148,0.017035315248962936
34.825,-0.04397364644514275,0.02040271666221952,0.032125738698061235
34.83,-0.027139612148524894,0.009468755510068318,0.033229331814935564
34.835,-0.03360597654317111,0.022249898392146444,0.03257159127853125
34.84,-0.032631049203876085,0.032770691826157994,0.017896636352336563
34.845,-0.0263835145092877,0.017114756491415535,0.019749686667997056
34.85,-0.04774893534094239,0.021676676231060777,0.03638560655500217
34.855000000000004,-0.0398874663870852,0.04200924573097212,0.01250465148666891
34.86,-0.03324919526134118,0.03259229653843953,0.013710688899190993
34.865,-0.061779090397527284,0.023798869114399764,0.02792683676653549
34.87,-0.04171433700239559,0.028006864745388046,0.03536638098956496
34.875,-0.05047731901055358,0.02353483888109797,0.03328521681584316
34.88,-0.037057028303950225,0.02152347460234575,0.0316941531187539
34.885,-0.053958853396326174,0.03375881003461971,0.035100487654971924
34.89,-0.04642167174281136,0.044552621352141435,0.018121791027819828
34.895,-0.04754929062768643,0.03153348749915381,0.0357491031813772
34.9,-0.04733454782302557,0.024297065955466334,0.021855781695052152
34.905,-0.01766081553265938,0.01953696675331019,0.040604241842967216
34.910000000000004,-0.04187042686823582,0.011981902635407295,0.013359053044138019
34.915,-0.040492833396453154,0.0019405537948395607,0.020020235011846153
34.92,-0.054495556934471,-0.0014998865085378249,0.02987238351951124
34.925000000000004,-0.047751652386601784,0.016956593217739766,0.04532681012043572
34.93,-0.04132142494256968,0.02768046106108882,0.03383904198985484
34.935,-0.05328083098544403,0.02627847644788309,0.0349765477965298
34.94,-0.032514004115041795,0.04308556057128369,0.030759650274538204
34.945,-0.04178713886344752,0.02582584790340172,0.02181776205911702
34.95,-0.040434537886351915,0.02424697578112208,0.02975866045970648
34.955,-0.04199641940720523,0.036944985548461595,0.014321305045872836
34.96,-0.0062152159315136905,0.015985825618699642,0.04655323450051637
34.965,-0.03925186604007948,0.04737982707715422,0.054351305487351904
34.97,-0.04225591192786026,0.014653093213591213,0.04490145341043663
34.975,-0.048760001115536564,0.015915345405595634,0.0008421770636859154
34.980000000000004,-0.027012210205853135,0.036831747488762535,0.04924471715737101
34.985,-0.037826394258955655,0.023456177235546407,0.02662124017227463
34.99,-0.0523104317759747,0.027794043284467038,0.024075773911663823
34.995,-0.040237301478189394,0.037773243651300546,0.029573425267502222
35.0,-0.025131698807314917,0.024807645034551587,0.011673575059746312
35.005,-0.04415757929497801,0.028083991177944533,0.027848554511476584
35.01,-0.04965821353849745,0.029372682290848787,0.01598090891485396
35.015,-0.05332818716798901,0.01109777741722203,0.009276056749386509
35.02,-0.03592099374878241,0.03528982395705794,0.039513236974982414
35.025,-0.04420783359589338,0.035827961778590364,0.036635769321224684
35.03,-0.0272450261589219,0.022755367931716335,0.01077186191041555
35.035000000000004,-0.040726313952266155,0.029908810707801877,0.021386881080154622
35.04,-0.05104264743124405,0.03965494796258937,0.029436776908084487
35.045,-0.04785214838869991,0.01578912304068464,0.03658342890659333
35.050000000000004,-0.03611456407448858,0.025687208598853338,0.039726097071399666
35.055,-0.036339149751334496,0.05033746016944649,0.019291788234068345
35.06,-0.03937900325123189,0.02126681220312045,0.035395952296902566
35.065,-0.04740121477204849,0.018703674489700475,0.025741837058223777
35.07,-0.048820030527648335,0.039354816013492736,0.01582707933344548
35.075,-0.04360304326759264,0.020974484270198258,0.018631128306399285
35.08,-0.03616560728696398,0.018826364627255725,0.02390649983558401
35.085,-0.04325714454038291,0.042368866312179565,0.035782257791790874
35.09,-0.03263575904530085,0.02831580562893563,0.024013182160764597
35.095,-0.04142190586894287,0.01041398636278323,0.01328034536371702
35.1,-0.03899236082028682,0.014648897747916789,0.011767626901084027
35.105000000000004,-0.04496185254942857,0.029270568982325072,0.010055802521595993
35.11,-0.034092388085122716,0.029136400396071883,0.01702787474374938
35.115,-0.026969451682563324,0.015854015370942238,0.01952198628508439
35.12,-0.05888628570949418,0.03358593647768198,0.040221622111159205
35.125,-0.04054997363058796,0.028066226476087308,0.014082137583056473
35.13,-0.05567337278029851,0.035386179193544934,0.014355175023375917
35.135,-0.06802028727499707,0.03559290082467629,0.022105193061985225
35.14,-0.04243851884769463,0.02327446339168357,0.02757136831621742
35.145,-0.04506737216992571,0.022274801091520555,0.02112550820783726
35.15,-0.051861998111745265,0.007677096326720883,0.01965839808289476
35.155,-0.0487007211882836,0.009742628729279942,0.026463357282720312
35.160000000000004,-0.05495503734331926,0.010924168367149118,0.015717753105949087
35.165,-0.04749589381901195,6.293148531733624e-05,0.017479513539675744
35.17,-0.04087667676029953,0.019383358724236736,0.025912799269034496
35.175000000000004,-0.02438190126712135,0.013028286253187376,0.01241224053359551
35.18,-0.046667068872169246,0.012380717843385661,0.03367815142470509
35.185,-0.0331825336349226,0.019286084782989703,0.040895084760106115
35.19,-0.027123716072852633,0.01672285935311698,0.01852438864637273
35.195,-0.046083230059377644,0.023003878821297206,0.024258007099918325
35.2,-0.03246512911094698,0.017260937227509175,0.015184851297021889
35.205,-0.036167061440428604,0.017469539644773626,0.027308298089705956
35.21,-0.03993530635507629,0.014560882476700537,0.04136055008303873
35.215,-0.04098795542533667,0.01709633364842832,0.012704192570714277
35.22,-0.043865690601309536,0.021845405151079255,0.022309718820703484
35.225,-0.03525771111095118,0.015423629274411314,0.029187938940537894
35.230000000000004,-0.025407695213107918,0.02820332028415836,0.010284475305613671
35.235,-0.03465177421571861,0.012995429922587622,0.03885607285542393
35.24,-0.025604065388303624,0.030138884804722894,0.021904529147082477
35.245,-0.0298953609804211,0.031727340353621784,0.01921088642006066
35.25,-0.040222401646807945,0.022707470258302425,0.03883161632110936
35.255,-0.016597809439057903,0.011183080858937414,0.022487742549634513
35.26,-0.027796512700219433,0.00017370506841229115,0.033177210219149746
35.265,-0.02979804710938906,0.002858005904932133,0.014193186379519584
35.27,-0.038259448743412354,0.02122453582269209,0.019248947753367888
35.275,-0.04225801076551546,0.011227513144526722,0.012323669119132876
35.28,-0.034998182528569545,0.02015623884888406,0.03244847952313913
35.285000000000004,-0.02035608835544693,-0.0010199727971645731,0.03975137786036977
35.29,-0.03394251581383556,0.0214263514794529,0.04784638995108465
35.295,-0.05940768158306526,0.024834575416112385,0.02648625372022201
35.300000000000004,-0.028825818880232917,0.03179539308739316,0.022901128161272828
35.305,-0.04028839510033685,0.022961901160225583,0.025824034238990965
35.31,-0.030845956745198026,0.023391635572724858,0.023298236723297183
35.315,-0.05118707212290945,0.018913018008962633,0.04121429013297325
35.32,-0.03024237791954163,0.018186510408954262,0.030361857087304028
35.325,-0.05115213580797427,0.021243789427117576,0.030885519247663057
35.33,-0.05258665234847547,0.0062018296608280215,0.030667709074057255
35.335,-0.03480054695471678,0.041413030969512724,0.03904020064962607
35.34,-0.0407473756113427,0.024237531194476296,0.01796166894372484
35.345,-0.03680928168926048,0.031030407173281878,0.0245210073427383
35.35,-0.034381248243667284,0.015270296999968134,0.03274070314541331
35.355000000000004,-0.04727578606779329,0.03474011915624233,0.03141372228631074
35.36,-0.03307115267010903,0.001735136130076937,0.03946036836812802
35.365,-0.02950026074280837,0.027957133011582508,0.02348217322802362
35.37,-0.01818771948373072,0.02537854824892525,0.026854685268998167
35.375,-0.04413064852259389,0.012754586905518596,0.032850429691880345
35.38,-0.028824038848180644,0.01471396268016598,0.05395043789258254
35.385,-0.030893579391778756,0.0015645560609777792,0.045207865348184974
35.39,-0.04447608914112036,0.025539919088752045,0.023210888089751504
35.395,-0.05271616959968212,0.0046979550480438104,0.021561660557315843
35.4,-0.05282818378092213,0.004379793914473141,0.034744745251350614
35.405,-0.04812469890242446,0.001256513419321364,0.045539077476095244
35.410000000000004,-0.05768801007069878,0.015292205298674824,0.04439012677451644
35.415,-0.05200217677492247,0.005119646678082318,0.020290008826236914
35.42,-0.03473666526555942,-0.004310294295194073,0.013105790318388745
35.425000000000004,-0.04837900619228704,0.00015296007570417183,0.03898267109402915
35.43,-0.04859299480491154,0.019047312359338375,0.01946086812939448
35.435,-0.056605700307916854,0.004789796400651768,0.02123174814916099
35.44,-0.05628535757006531,0.0025896702158118793,0.018732462306459526
35.445,-0.04978707967856335,0.025259251135523526,0.03070973955795195
35.45,-0.04043030446697908,0.005335641830232459,0.018168863380890007
35.455,-0.05978280603904242,0.006879490280599608,0.018037211641027603
35.46,-0.06995092955938123,0.00927202199483182,0.04948851449824265
35.465,-0.060125100392224455,0.006401473728273304,0.004060169132030804
35.47,-0.06087096720558759,0.016704153704965443,0.024524200682538397
35.475,-0.05461087863195608,0.0014188349895717844,0.031919719149269825
35.480000000000004,-0.036563658642795725,-0.017930619935666345,0.013762989826250705
35.485,-0.04512804821941479,0.01680245131895969,0.022541095973231007
35.49,-0.04623932742563768,0.009010014892153013,0.020937579320413437
35.495,-0.03892152572970274,-0.0019526699291098147,0.004730242167328605
35.5,-0.03272577396639454,0.007679204941923901,0.030491504268502466
35.505,-0.05016390720213819,0.027519886812715885,0.018758977061211077
35.51,-0.037553050048817815,0.018544635812012676,0.03443333904139906
35.515,-0.036544491920876096,0.009346798169448485,0.03663714961746939
35.52,-0.05918525558418899,-0.0031253606947410193,0.026321762275353978
35.525,-0.050209844681271196,-0.0019990635965749064,0.025961451755278916
35.53,-0.050467937750694955,-0.002309453335187924,0.03391824815928487
35.535000000000004,-0.04810212244473024,0.010813309800231392,0.023727453137731218
35.54,-0.0502600751556076,0.021043764355851233,0.02763850284544173
35.545,-0.038048005718088106,0.014158432006497022,0.029156079680671694
35.550000000000004,-0.0382359611562455,0.008263794458266572,0.042830801473560845
35.555,-0.047299526863762174,0.026254485270252443,0.03523036345486294
35.56,-0.04255480581929222,0.002997292221895543,0.02633884052297067
35.565,-0.04290611775062126,0.015430692021889507,0.03357615631392606
35.57,-0.053313823065698276,0.0007985497754659868,0.028187483660449503
35.575,-0.04142110598118456,0.02997026384306631,0.018853833533769897
35.58,-0.055383540649485946,0.017790920999331633,0.03419430500436049
35.585,-0.03769699350800339,0.017989064836331323,0.02830903683533422
35.59,-0.04006768442869765,0.022039422751404945,0.03076397963098983
35.595,-0.054130346466897225,0.02177482891912478,0.030473309652320115
35.6,-0.05477327304765303,0.02186759781744256,0.027143610721586255
35.605000000000004,-0.05554690551609055,0.01519918644660221,0.025790356198008284
35.61,-0.06588690460053234,0.0077856340579348605,0.020234117022675135
35.615,-0.06016938557260423,0.0028959195277981943,0.0169820427191388
35.62,-0.05410109141830946,-0.0063950575904884715,0.013029977407082975
35.625,-0.04761783976259964,0.008315800719684695,0.04404163782650056
35.63,-0.05849602948750857,0.01988084877915774,0.03413472006674631
35.635,-0.03127478650921305,0.010012230948271049,0.013872717889785705
35.64,-0.0416938068285054,0.016038031612404552,0.02041374600586936
35.645,-0.05306542244825721,0.03251061659162439,0.013833321834975766
35.65,-0.04266827216150579,0.013809196725792552,0.03632843266615872
35.655,-0.04513159517171186,0.03306021375841105,0.02483233250271773
35.660000000000004,-0.048960179134998186,0.009089585974570796,0.03279692410440755
35.665,-0.0403551334257555,0.00013515872724515583,0.03597970656219977
35.67,-0.05643628617814433,0.013621927996259263,0.024311408943556795
35.675000000000004,-0.036808962826639355,0.007633826206079632,0.0286768625713479
35.68,-0.03974586654100306,0.01579578258132722,0.03705321609584912
35.685,-0.05623555954906928,0.020579477627618654,0.019279648375620444
35.69,-0.02980685979840616,0.029295432248319434,0.00793324535003193
35.695,-0.05310782734730693,0.01635949402002399,0.026392885682940806
35.7,-0.06620974231241901,0.025525508240655,0.026350685482246266
35.705,-0.05483403528784153,-0.006074456526423798,0.023882289191961094
35.71,-0.08488884792881071,0.0021012706285706275,0.021103616635032862
35.715,-0.05520366273931948,-0.0028985376091532804,0.011467868547531913
35.72,-0.05365801027725114,0.01158776466827323,0.02016123271108982
35.725,-0.06678506705637578,0.0026714001571898635,0.018100076419481373
35.730000000000004,-0.06577300576892277,-0.006639662525089804,0.02103977343867078
35.735,-0.06727202766837534,-0.0047432956983952035,0.024094601297551616
35.74,-0.061239653939340694,-0.02428162701857021,0.013445837750293625
35.745,-0.06758425076832449,0.01703447040034022,0.020627126250482797
35.75,-0.04519437286638761,0.01955869190018894,0.01888175976877034
35.755,-0.05239196792249726,-0.011427984276241736,0.025535163808907503
35.76,-0.049196227551740516,0.011089728417483092,0.023802524188793965
35.765,-0.053683449563587525,0.0010910612170082542,0.0023039337029970566
35.77,-0.04976550949327137,0.004036381291858711,0.0074257942026430355
35.775,-0.04592566178293868,0.003659474535451299,0.01562235349864039
35.78,-0.05022641985381407,0.007651923502476097,0.022443600385175275
35.785000000000004,-0.07385336866206613,0.0032882197000795154,-0.012221185405057232
35.79,-0.06287608623123096,0.003248246420195779,0.018382908937654912
35.795,-0.061019876903483816,-0.007397048809794792,0.010162169501810077
35.800000000000004,-0.055383173955275034,-0.00019330504154017186,0.028230999331541176
35.805,-0.07155409099585402,0.01115633205959737,0.018350120315172542
35.81,-0.056883189831839945,-0.026682739919741696,0.007722380181902767
35.815,-0.06694314548434334,0.01448194899406143,0.015406018718542058
35.82,-0.07168534491918077,0.005643242105075793,0.027812669251269663
35.825,-0.05516568833461414,-0.019119853329010436,0.010913614873390284
35.83,-0.05403559447542243,-0.02581372236859006,0.014561295030323282
35.835,-0.0604539313071423,-0.001049542213236887,0.005398306290525598
35.84,-0.05738659414612901,-0.004526608654179061,0.024884451110363724
35.845,-0.0664084537842122,-0.01203911576330552,0.011251050423189872
35.85,-0.05122717195877381,0.010431916670517145,0.014403463343112873
35.855000000000004,-0.024631189429317846,-0.003886637086273681,0.021354015106116453
35.86,-0.058229083446398,0.009492032420076603,0.01628204595800597
35.865,-0.07441864221792335,0.007939485843271478,0.017363929859056968
35.87,-0.06325150793908824,-0.008677720102135383,0.03208051516782931
35.875,-0.06517302935556545,-0.0017016430990998716,0.009242028147220015
35.88,-0.06936701247814224,0.010019063570988505,0.02991036914206524
35.885,-0.03794895041116073,-0.009973967422847469,0.020982786645881445
35.89,-0.07677010859847633,-0.014724165290706474,0.00901719906925414
35.895,-0.05946353441020567,-0.009061637220571944,0.034997770988042645
35.9,-0.05220640302065653,-0.004196973349525004,0.02279846156038421
35.905,-0.07457164076683573,-0.004794235752434997,0.03136786300792453
35.910000000000004,-0.053908608405970906,-0.005683253865333366,0.016437977092240083
35.915,-0.051813315999646746,0.002653417749516081,0.0380257579327421
35.92,-0.06817593476955211,0.0007526468861226519,0.028851962342450684
35.925000000000004,-0.05451118586927724,-0.012805845971285064,0.03904521033725456
35.93,-0.06635861235123486,-0.019025474058049687,0.0298928103090869
35.935,-0.03599613317313455,0.00497302784645306,0.015296259212253187
35.94,-0.06835738940647856,0.0065150833308649375,0.010750333718528375
35.945,-0.05696830710299412,0.0007075091467652825,0.02666123062097969
35.95,-0.0496003939854634,-0.017939817591245855,0.017943727181863073
35.955,-0.05616509681624314,-0.017743627175899994,0.02071858116159327
35.96,-0.055159844791147286,-0.0020946647056316768,0.019262628596291027
35.965,-0.053300119346567094,-0.003467181321224852,0.01927779702788361
35.97,-0.0645783173059965,0.006827365408808052,0.035017404571655183
35.975,-0.052025866602942394,-0.004495922791011079,0.015842839878697505
35.980000000000004,-0.07040539165437214,0.03327563642006369,0.025270418102016228
35.985,-0.058044204846833106,-0.0019042572930722422,0.026587969576097895
35.99,-0.04524211587753697,-0.007667405603641121,0.0523733874981162
35.995,-0.05575358144357705,0.00540519820736581,0.037340034227499916
36.0,-0.05023345741763453,-0.0015245355113417671,0.029593946000476733
36.005,-0.04661682150251914,0.012000492385560627,0.018055138765252575
36.01,-0.06063998585157222,-0.012016087278926434,0.018095897896596033
36.015,-0.055726879198139165,-0.016801002932993178,0.016012854407156017
36.02,-0.06639090609693524,-0.0032401279254835836,0.024839875545496774
36.025,-0.05148653134239956,-0.011806970480295012,0.026809616158581778
36.03,-0.049868980485483744,-0.004954692402273734,0.023117413857233912
36.035000000000004,-0.05352080075532438,-0.005538109322345421,0.0351369627427835
36.04,-0.05406541055836667,-0.006148298588503096,-0.005320118714203605
36.045,-0.05946274354736972,-0.010047037410011965,0.016600893862754654
36.050000000000004,-0.03078254135351663,-0.007463170003909177,0.025757262926197712
36.055,-0.05259259868727142,0.008673634016759763,0.03885190505427576
36.06,-0.06430959472493672,0.011383000470611915,0.027046742672810417
36.065,-0.07088678702386246,-0.013258475906037768,0.03864987169402446
36.07,-0.06871401873378893,0.005013497601065949,0.01982570900763129
36.075,-0.054915067990540335,-0.01671035891934034,0.03400720278430038
36.08,-0.04643736951488012,-0.017412505133022883,0.031930837710734385
36.085,-0.04547359204559959,-0.01753918004979961,0.016418284722666144
36.09,-0.04460511654727788,-0.0057165164235173805,0.03484320615840111
36.095,-0.05354121406073267,-0.006606987510431703,-0.0026381719299014873
36.1,-0.05343993895082921,0.004795362834723602,0.04489528416485993
36.105000000000004,-0.030740384428468475,-0.03381694185239663,0.03538375161483459
36.11,-0.05533437548951516,-0.0009422132217261833,0.03644087222597623
36.115,-0.04150311610904352,-0.005638740087976738,0.02851572470216228
36.12,-0.04825852798663255,-0.014418884387223472,0.03475900108206807
36.125,-0.04180256396451531,0.004001111713260194,0.025042566730861446
36.13,-0.060586968092257124,-0.0016209651037066416,0.03112741597418022
36.135,-0.04859439526110353,-0.0006280983248743693,0.01570857162628137
36.14,-0.06556473091147204,0.0008000829017758455,0.03223012415033666
36.145,-0.04566942156922366,0.000703565108896749,0.043762793529368904
36.15,-0.06443385111398442,0.005318615963595612,0.05348395767138513
36.155,-0.053273250794485166,0.0035261707231677136,0.03157042610309548
36.160000000000004,-0.07028059505032558,-0.015668470707242976,0.027389448898685404
36.165,-0.0453399665399282,-0.0031831804923575496,0.037041704606015344
36.17,-0.06093183625558454,0.009957586400661566,0.03130372700911972
36.175000000000004,-0.0723030897144989,0.0008467733660278004,0.03335664774554611
36.18,-0.0521098738651082,-0.008774191484732338,0.03924463513535514
36.185,-0.05344645707986549,-0.010985983865251413,0.0454287511240061
36.19,-0.049044348246623286,-0.006239598574007128,0.05850366160019373
36.195,-0.05428567668790562,-0.006315569023468829,0.04705101363693936
36.2,-0.04155460257470837,0.009223458996216665,0.04828520282221001
36.205,-0.06699174470105854,0.0017017201019601438,0.03989869674477237
36.21,-0.06263752690079942,-0.013811437004163806,0.049091902126497264
36.215,-0.03866705677328452,0.0015775981229129554,0.0493479153400158
36.22,-0.05408334073945599,0.009085077394967778,0.03318009054958608
36.225,-0.04522793569328645,-0.013166911767529451,0.01875032022383128
36.230000000000004,-0.058768016363984495,-0.006356041580335666,0.0377838694095614
36.235,-0.04614029161999164,0.0081626693797188,0.05142106204929826
36.24,-0.05022881097596217,-0.015558817053343799,0.041645566112152595
36.245,-0.06521208132774603,0.0032396336323666144,0.03639984789410424
36.25,-0.03670304599023495,-0.002633162528766669,0.05295621795463751
36.255,-0.04228057726998452,-0.016513137577889303,0.044714859355199255
36.26,-0.06350131400463695,-0.004995538764813343,0.05037169586342586
36.265,-0.05422411486934947,0.0063687004223932486,0.043633730337823445
36.27,-0.04912555461370331,-0.004314384141094385,0.044811699545522374
36.275,-0.0570081318158503,0.006408500786951309,0.02968946053168435
36.28,-0.06350120387600618,-0.01792989671333639,0.035906436271393935
36.285000000000004,-0.051221259598640066,-0.006237842759077721,0.03330417099928114
36.29,-0.033438796353894795,-0.013604575339586068,0.029334184377533205
36.295,-0.060446409151161354,-0.00928386605317667,0.03275575124095975
36.300000000000004,-0.04583889528954126,-0.0002659815843422744,0.020117528143984088
36.305,-0.029709100238223263,-0.0050278583635268315,0.042157151173486035
36.31,-0.0358237333767879,0.010788331055910615,0.036489932484249345
36.315,-0.04135028841977907,-0.005163999258652891,0.029568927897239118
36.32,-0.04797221068912225,-0.005516598368707516,0.03466469710495438
36.325,-0.061343345480067556,-0.002303433225562085,0.056828458910499396
36.33,-0.05031588046139885,-0.0021834396465541892,0.02189346913914611
36.335,-0.02898563512184572,-0.0029085550814276174,0.0317796604733517
36.34,-0.04405995617377788,0.0035503625178420137,0.02092470494401272
36.345,-0.04115219906374443,-0.0063635432209141335,0.0375422958863457
36.35,-0.05742109953065041,0.005659608505414696,0.02911021600750042
36.355000000000004,-0.007428599806454028,0.002541439048839171,0.0445107990191624
36.36,-0.048753628442283856,-0.004110177573658598,0.046387716684994244
36.365,-0.05572962388132581,0.013094463481135313,0.03327765816119153
36.37,-0.05105234341450453,-0.000732466741208606,0.03222443531037126
36.375,-0.044390554328188454,0.009120056711566025,0.04169757460183119
36.38,-0.03476828295653339,0.00863396200258258,0.036791679062234864
36.385,-0.025854094703003285,0.0031920718879463496,0.033181983447568404
36.39,-0.036647140712180275,-0.004135472908495051,0.024345812716726346
36.395,-0.05708463535992636,0.0015747352307452708,0.03454235294454701
36.4,-0.0539048114635189,-0.005683914846102507,0.027762441597277712
36.405,-0.04248952091170573,0.0036019273158356046,0.029305330616821914
36.410000000000004,-0.03585931850321827,0.003302451194696341,0.007513763286112423
36.415,-0.06579674048811507,-0.026602754000846995,0.03189163492833379
36.42,-0.036651694476336295,2.3962874559696132e-05,0.04614377261592334
36.425000000000004,-0.04422116146382217,-0.002404889971130829,0.0395882612180952
36.43,-0.030961826906797406,0.0033743047987335947,0.04321857299172859
36.435,-0.04419211963650033,0.003890782009396899,0.017827423013276503
36.44,-0.04994564738895671,0.00020659755932901647,0.027845559404456932
36.445,-0.0427506153528194,0.001997384125080005,0.030593101929165457
36.45,-0.053647311270003974,-0.009280340190849211,0.04479841878751771
36.455,-0.01609354416234346,0.006593936264033572,0.03369548486248965
36.46,-0.05184715683524344,-0.000821453332176876,0.032157535358487574
36.465,-0.04871404714708348,-0.0034965603978413945,0.04391679371415949
36.47,-0.04257952292871035,0.006284917420524939,0.022194001977254733
36.475,-0.04407577156645616,-0.00919877554237684,0.027647194278567044
36.480000000000004,-0.05753688052445528,-0.004373159968402153,0.036348841227956105
36.485,-0.029220888432088102,-0.010795092974986254,0.037003635895822326
36.49,-0.037729125961837036,-0.002042183075011682,0.031197739724272998
36.495,-0.03322286556687334,0.0008743540440626398,0.030120496927692315
36.5,-0.03105602667043362,0.008022732109729216,0.03288999564122736
36.505,-0.04751664478835701,-0.0067983753368830195,0.045076588316647195
36.51,-0.04802794914663776,-0.013123479077467104,0.03956689404478317
36.515,-0.07268635565976841,-0.011247320655971067,0.03910472784471321
36.52,-0.025485182883084816,0.0006220201097404121,0.03773515303444633
36.525,-0.054421522039017296,0.006756223275054346,0.0334758678879991
36.53,-0.04092643634168887,-0.005348325998525736,0.04522217494313515
36.535000000000004,-0.05041681983064302,-0.02894229362393957,0.045912640238816485
36.54,-0.040170795861090104,-0.005031980099470948,0.03627483237518865
36.545,-0.02579241685319481,0.009424493681077013,0.020547236426400897
36.550000000000004,-0.0437485094165323,0.0028443634912133113,0.047524479482648346
36.555,-0.04592212682739942,-0.0005737071095769063,0.031058761162896267
36.56,-0.042531666053927754,-0.006554640920265788,0.0441484116917655
36.565,-0.03785892794852331,-0.005800224713284585,0.03169890288595243
36.57,-0.029539775196889814,0.0035411703044181363,0.022454395090515833
36.575,-0.032117620800307584,0.004419512591714122,0.04848573221166144
36.58,-0.06645805806563958,0.007962281726809326,0.03615081052793474
36.585,-0.028417583976403815,-0.0027502012579794168,0.03862618409860747
36.59,-0.031057327914252014,0.0015930536601609256,0.0507800941653301
36.595,-0.04128707992589391,-0.0012734282720307322,0.03722960522429483
36.6,-0.03955047721098531,0.005312380847453429,0.037648340181036195
36.605000000000004,-0.03030503250722583,-0.00040738045660323324,0.03589179502823056
36.61,-0.03102966870861594,0.009985705792829975,0.016416973416075634
36.615,-0.03895902964776501,0.007301777795497554,0.022264795001829454
36.62,-0.02233837726151955,0.0033663122169243203,0.025815324135208793
36.625,-0.047301976858092634,-0.018422708603378028,0.027324312423597646
36.63,-0.020891644502014035,0.007958522848678581,0.0133653909005079
36.635,-0.029315327346326216,0.01155983944430218,0.03898160285073951
36.64,-0.046479223143058954,0.0046331856491481594,0.02168222678122194
36.645,-0.01714148328185803,-0.007490282429392012,0.014737263353315554
36.65,-0.03586337142925162,0.0016890057168764024,0.03416983552725117
36.655,-0.057442761606245285,0.009781189974023448,0.04710048116491055
36.660000000000004,-0.03079796941792247,0.00594300128392566,0.03456077053938531
36.665,-0.04616434351916273,0.014803173441143333,0.03447063495937084
36.67,-0.03260689852020193,0.042052507897872474,0.03842862767469921
36.675000000000004,-0.01719155407589064,0.0025004845962014405,0.039402515308149526
36.68,-0.05739509359339905,0.01771607198673667,0.03511181371628724
36.685,-0.04269197543929112,0.036165660693493834,0.04269221815338256
36.69,-0.052624015032996366,0.045305473005252825,0.027810561229556285
36.695,-0.03143702160683335,0.02269275836587991,0.03622412505517495
36.7,-0.02940787470598157,0.006721900541774303,0.04154511245713304
36.705,-0.0395557857720039,0.028688857473994578,0.04775271751754955
36.71,-0.021831873291838694,0.026047995851921243,0.022069514251824594
36.715,-0.03480118435664553,0.015232461389254468,0.02722202112895793
36.72,-0.03549658293657354,0.010067329304824174,0.05018861395535049
36.725,-0.045885148266991735,0.018264767356967034,0.0601925348772658
36.730000000000004,-0.035258525706694174,0.013467833303807422,0.036421813742070513
36.735,-0.040875207415466096,0.02680517625559194,0.04877977712800142
36.74,-0.034619722326728525,0.012051634826162439,0.05337597398664772
36.745,-0.029111379364017587,0.018509846290181108,0.035807301387573154
36.75,-0.04880465666338426,0.02277539408496706,0.047571725071075974
36.755,-0.03449430634795636,0.028263528574387443,0.03711876351768269
36.76,-0.03671705782000865,0.019583489738083354,0.02944809375643262
36.765,-0.03988931412587956,0.02660408207170254,0.046217887605213066
36.77,-0.022745453665745863,0.027984791745024662,0.040505189352594985
36.775,-0.024001465335119373,0.01622193733624953,0.03819896160050566
36.78,-0.034690773065063234,0.012888110948681862,0.05636253819533815
36.785000000000004,-0.007379873022504708,0.011784035787708834,0.0414133423018756
36.79,-0.03515406495156213,0.024509075788006117,0.06711970972687908
36.795,-0.00649802920058335,0.031381688578782464,0.042243884856262195
36.800000000000004,-0.033138114096475026,0.03685204011593616,0.042711696891286406
36.805,-0.007664970464001102,0.027998868629420488,0.05429304245385747
36.81,-0.03214444143662105,0.035507780566590375,0.04172509228630754
36.815,-0.03163463258337171,0.03096297143727316,0.062276345569770394
36.82,-0.028536103016346525,0.01054909638658107,0.05703998971379247
36.825,-0.024019959850843816,0.015017231570542282,0.05039029603768193
36.83,-0.008204505106005816,0.019682583842669472,0.039021093191483926
36.835,-0.025937876343943397,0.03823673496458537,0.07712637261116571
36.84,-0.02133907166500712,0.02418372747692496,0.04481691712606092
36.845,-0.024644367292460112,-0.0014853667866465345,0.07145670334170591
36.85,-0.020487637899135713,0.03199464446233953,0.0714040695080135
36.855000000000004,-0.03544674159201682,0.01716177131153071,0.06409718268629377
36.86,-0.011778581734759716,0.035827023484931685,0.05685916041700026
36.865,-0.022870020388412585,0.008665290227108312,0.0561376505464392
36.87,-0.01967446413806844,0.013705249591549905,0.07144915763921134
36.875,-0.0434112721125899,0.019105380194029117,0.04577392379646358
36.88,-0.024576244219066047,0.02068242061342232,0.05496695987259277
36.885,-0.020354466847735782,0.006885629905707179,0.06089487776489333
36.89,-0.022684332182639537,0.031574641177939865,0.04537152600548079
36.895,-0.021964012173343504,0.007190081207981536,0.04585006941029843
36.9,-0.005099799131488225,0.014170465551581166,0.028767346757020917
36.905,-0.022002206927961475,0.011695120245238281,0.058711856751802356
36.910000000000004,-0.03341826561204663,0.01873163262978239,0.044695619200339626
36.915,-0.028256000315886296,0.0068031067983134325,0.06511042430461114
36.92,-0.03000878650519284,-0.007064514716891233,0.057020109794703046
36.925000000000004,-0.013079372302288507,0.01206170936493785,0.04850302057378907
36.93,-0.0109344482026035,0.014499796596300166,0.045123633867178145
36.935,-0.0345140712450312,0.008214594816910333,0.038270696543745375
36.94,-0.014241410928978813,0.027903451330676225,0.04036345218931401
36.945,-0.028245649344969988,0.0035791898947385727,0.04060101298447331
36.95,-0.0338303109728959,0.005859186353530967,0.03613907122860201
36.955,-0.04259936917013821,-0.007683188316285883,0.05206570122235947
36.96,-0.03859194044492518,0.009829397993746457,0.06182022907614019
36.965,-0.03978934492131873,0.006681398097584038,0.035215597215535306
36.97,-0.04385278847099081,0.0289761531011901,0.03986735838180498
36.975,-0.039577475961038826,0.004374598327765511,0.038789834233261
36.980000000000004,-0.015076573350974854,0.019285599772884056,0.05756912597761278
36.985,-0.036609247423426965,1.1582424231699681e-05,0.03535159211222082
36.99,-0.03181729802668562,0.005329480371990494,0.035342307533845436
36.995,-0.05111538842238947,0.021222048439108136,0.04745899264326519
37.0,-0.05197351898259765,-0.0055528873271804965,0.035117387642352206
37.005,-0.035606087749909775,-0.010976762688674105,0.05342584268993732
37.01,-0.029635647349223047,0.012901374304739002,0.03909947119584782
37.015,-0.04786026169407995,-0.006328090556128015,0.03662827076416116
37.02,-0.05556737673756958,0.0059463810896919645,0.023712064961880257
37.025,-0.05371484845584057,0.00964103924553066,0.03906360896589517
37.03,-0.043284728678363964,0.014831262856013858,0.03404725438268602
37.035000000000004,-0.057249460343942515,-0.01820654273563503,0.036798856808534654
37.04,-0.04395263436852951,0.004500352694164408,0.04270132242915983
37.045,-0.06651082549501189,0.017376729297828616,0.01863731521830942
37.050000000000004,-0.04876730882486386,0.001219145733884962,0.031261715772822905
37.055,-0.03454584125965997,0.019511626759523282,0.012489474565579813
37.06,-0.039793879416185,0.01600646532693833,0.02646524708061275
37.065,-0.052308977858871245,0.003552245534528066,0.031010894585933077
37.07,-0.04074251615956109,0.007863966336334714,0.0368923601800022
37.075,-0.0648287399378889,0.010585722166198545,0.05510034247193222
37.08,-0.04445785952061945,0.011247660690828403,0.05043402395598264
37.085,-0.036834630850285606,0.0010649940043871908,0.0544502418461211
37.09,-0.044751716869375166,-0.0072290493743769595,0.045364556855306465
37.095,-0.05381577701495926,0.01678733278036222,0.047116005096929814
37.1,-0.05982721923976424,-0.008139029451935391,0.02247886401305383
37.105000000000004,-0.06695406933843678,-0.0037541227542715726,0.06294268602198447
37.11,-0.041911733648174604,-0.015623564530074453,0.029798364134166776
37.115,-0.053060250785368926,0.01859680323259299,0.02815488508065184
37.12,-0.03812582008837667,0.0013344462117497369,0.032103880124212995
37.125,-0.0417591190061949,0.013836962181751294,0.05818468301947137
37.13,-0.04769641759830771,0.018173414775395687,0.029236760586918296
37.135,-0.04546064109250622,0.014784753047561711,0.04599879277627465
37.14,-0.06105871022840537,-0.00039510659732758745,0.03064733967324986
37.145,-0.020530131225764758,0.005480661789028814,0.04383048722188916
37.15,-0.033825557822448345,0.009716975375043214,0.06485895199830644
37.155,-0.052172609383892087,0.008955638256013193,0.044388334788765735
37.160000000000004,-0.04972650172886398,-0.00039160356351113047,0.045079926355654595
37.165,-0.04013157248098014,-0.004711904396738118,0.03919354651462445
37.17,-0.07403861237273371,0.01734976969686422,0.05966340916533054
37.175000000000004,-0.047060892999285606,-0.009141184381433198,0.05501500882268415
37.18,-0.038031172758378445,0.0036203152049907265,0.04640604105430508
37.185,-0.03741067252742808,0.006225766425005024,0.06385544176278081
37.19,-0.03875937118428677,-0.003937799250091734,0.04412868732556483
37.195,-0.03642756617603147,-0.004483697303920668,0.054223876559680216
37.2,-0.02488669541806009,-0.010008297796976897,0.04059830252891991
37.205,-0.025935306233154518,-7.710341272370615e-05,0.06773943177234018
37.21,-0.04963333588102994,0.0034067346499251994,0.03649883453346785
37.215,-0.03630815522242789,-0.0047212314582296315,0.0529749981417402
37.22,-0.06158083599703218,-0.009910577330116896,0.05075658246620889
37.225,-0.029274812123466287,-0.005220407734433434,0.05422088664889017
37.230000000000004,-0.042884828800623255,-0.005681416227771782,0.043276469555325006
37.235,-0.03686668822859145,-0.009103391389927495,0.05653051366781554
37.24,-0.03870265377372206,-0.0011756887616587788,0.04651615725888135
37.245,-0.03350056204892248,-0.01780518643728846,0.06147360666951146
37.25,-0.041392010680266024,0.011426035231886428,0.048279561862253254
37.255,-0.03139675206803387,-0.006463426423536524,0.03328568978715521
37.26,-0.030970781018836283,-0.005921817141031002,0.0422524663410449
37.265,-0.030788732882919286,0.0012078647958108629,0.037841374344685146
37.27,-0.03949494538364922,0.006379578622970233,0.05664080230968637
37.275,-0.03917770096400799,-0.012920070075867042,0.052892923887453744
37.28,-0.05920189826709791,0.013689040454901663,0.062205368933545876
37.285000000000004,-0.04118551214311228,0.014840029292686014,0.0704832153852014
37.29,-0.048233275912244335,-0.0074063814684556155,0.055306031405931606
37.295,-0.055086994906742674,-0.00964756387118194,0.03246453771620673
37.300000000000004,-0.03836658207211019,0.0011052858363812222,0.04028077917423338
37.305,-0.03386988444809431,0.016640817530216515,0.06211317845688186
37.31,-0.043656365260170554,-0.01511529001223061,0.05752982091816785
37.315,-0.03325041797275591,-0.002512917175159786,0.048693176762905944
37.32,-0.049132924293266725,0.0016828254742180873,0.04987567011327797
37.325,-0.053819696494701835,0.0020765729877819557,0.05918506962469623
37.33,-0.04218661515919979,0.001934173664008304,0.05102978152007249
37.335,-0.04111168660840531,-0.014769942851683114,0.07191002678566769
37.34,-0.02122517430424334,-0.013659852677447652,0.04853564941469281
37.345,-0.0456357049769796,-0.014588050089449823,0.06681344739857692
37.35,-0.033244243976890936,0.007976121465834572,0.05479597361538414
37.355000000000004,-0.04727230872310689,-0.0003572120456089914,0.05301222042936438
37.36,-0.04045101037872888,-0.0008896637572839185,0.05778328337784295
37.365,-0.04585908129193061,0.007968245477447273,0.05600368170111495
37.37,-0.023636838230874944,-0.00617459261894942,0.05072301386130702
37.375,-0.04007239467780027,-0.016281430841875277,0.028499185648758668
37.38,-0.06155297553568178,0.010069302571920097,0.05537516326821978
37.385,-0.04605788532413975,-0.001552769237667546,0.07108673741418678
37.39,-0.053438524432701376,-0.0012987895441568514,0.07048975871756824
37.395,-0.039471279802507094,0.0013020697061529134,0.05989273458634454
37.4,-0.04440291013485537,0.0016471779689311728,0.05165493430293511
37.405,-0.04275148379021029,0.009125845059592779,0.06434160427890137
37.410000000000004,-0.05526828254235301,0.00643296731569693,0.06142349176896308
37.415,-0.055162048186698835,0.025796510922442832,0.040562119094875684
37.42,-0.044599202937655735,0.01186405027957533,0.07273635202650981
37.425000000000004,-0.048721608304817206,0.011870884052921832,0.04450535870035792
37.43,-0.04182070959011819,0.002483478969914947,0.053193304142606194
37.435,-0.030648813676451774,0.008075287652411235,0.030729237169017785
37.44,-0.043623432452763435,0.02058097270495804,0.04258762977166365
37.445,-0.02204605909490491,0.018624254324735814,0.05728170626222609
37.45,-0.034609523153222445,0.008163303299464346,0.06320781824492348
37.455,-0.04520458137090691,0.0021442579899657033,0.04517648663600585
37.46,-0.03546819365885663,0.011354063296115342,0.05141873700906577
37.465,-0.018297631961695395,0.00113166042024343,0.03936752460553169
37.47,-0.044094615075473624,0.014447349933276206,0.054761448210357846
37.475,-0.05776269340693741,0.0028811288271250977,0.046020391784340586
37.480000000000004,-0.05610912170132878,0.006406943459997257,0.048728815497067604
37.485,-0.05335314148499702,0.010220667297583391,0.05287920098328654
37.49,-0.03882676688150687,-0.01568121893274048,0.05941536399166261
37.495,-0.04004992619569757,0.006849448256621517,0.049420737422103136
37.5,-0.03888741999483536,0.015192070102448994,0.03404712834864003
37.505,-0.04216251950983744,-0.008004079928222954,0.032524638387293
37.51,-0.03523698904603409,0.0210150115019029,0.04359108733715294
37.515,-0.036758312525537344,-0.0007905995104451925,0.063933492445058
37.52,-0.030670863849803047,-0.0021880942067061,0.045434212982702726
37.525,-0.051060443577489546,0.01075309053008238,0.047621851406181435
37.53,-0.03110518359342863,0.001969309369703111,0.048990935805824865
37.535000000000004,-0.0364471296791366,0.0006038228392550114,0.04508943636524419
37.54,-0.04808881496176789,-0.0031409700295668558,0.05931107237590286
37.545,-0.03356839258804645,0.0008765385144386718,0.0744742687216743
37.550000000000004,-0.027754524367538003,0.0023833854689527933,0.03883314419708084
37.555,-0.04185128894671011,0.009167005573947335,0.05638542019630835
37.56,-0.05341504854168592,-0.007911316796987594,0.047319756311412636
37.565,-0.03730022303358882,-0.006786100384656855,0.03771572071293822
37.57,-0.05215023613213864,-0.005293136571066089,0.05613413444530964
37.575,-0.05922484020868142,-0.011119911038341567,0.038776355008621616
37.58,-0.0471689393842815,0.02013449095248366,0.04322027969862567
37.585,-0.058740104279812536,-0.0007774410516844087,0.05476032983640376
37.59,-0.05091677726831675,0.005039453873804112,0.05231615004488978
37.595,-0.03915124169765975,-0.011246945763613948,0.03977852615989638
37.6,-0.06274821437681906,-0.0071492272237353265,0.047062067696981846
37.605000000000004,-0.03590794849399058,-0.016186881503384674,0.029249693816216296
37.61,-0.05877903810310213,-0.013544181532313963,0.053539414025018855
37.615,-0.04175596021360796,0.0026260617456231455,0.03178240312133847
37.62,-0.07263538517054113,-0.001519840966632829,0.04378116761735733
37.625,-0.048575284708963246,-0.00330746185409944,0.03964841067175178
37.63,-0.044514083839275416,0.012445233888741237,0.05097547048791725
37.635,-0.06484846557971,0.00028731300542461646,0.060843377629615
37.64,-0.05694079954965491,-0.013999643563409471,0.055693154290296205
37.645,-0.04551350451910579,0.01264505716336975,0.03763612363975091
37.65,-0.050487747866129994,-0.0006180335261850543,0.03900356662121811
37.655,-0.06159031972191009,-0.004558195415020646,0.04906355890762061
37.660000000000004,-0.04865196612213247,-0.007223782698718397,0.062499307686647416
37.665,-0.06967986630298373,0.007465300621250816,0.03342560228400448
37.67,-0.04759409914570057,-8.758172961562116e-05,0.03806103437489718
37.675000000000004,-0.046284612740954884,-0.02435934519677686,0.03975573235258738
37.68,-0.05260670343612649,0.011281914179320524,0.060537851385013296
37.685,-0.03297596940059255,0.003187173719893986,0.02620862291558644
37.69,-0.052632438238236476,0.005475868783609374,0.0349433283430758
37.695,-0.050339346120772135,-0.035101298695172686,0.04425238377216972
37.7,-0.055266321203381076,0.024204285959267227,0.04917352977330132
37.705,-0.0564513490409499,0.020255397978541586,0.03341729062661798
37.71,-0.06091882346123371,0.010908498248896736,0.04263871795850426
37.715,-0.038257448160413314,-0.00534179239003354,0.030323961565961653
37.72,-0.029836767461777644,0.004761022463001155,0.042050631921290035
37.725,-0.032324424238029684,-0.011087588922794524,0.0274213868774064
37.730000000000004,-0.04743991249657176,0.01237181196165259,0.03915878063669408
37.735,-0.06365633872882394,-0.008584054577775013,0.046178735225558404
37.74,-0.03525604085332978,-0.00910102973019665,0.03656963976114101
37.745,-0.03612796438310058,-0.0028067892664301666,0.04734628477789204
37.75,-0.04109523733771939,-0.004003037924565632,0.05555832121258292
37.755,-0.04101098487474315,0.0005950873390143906,0.03807274697038952
37.76,-0.05033930096879709,-0.03522865632268265,0.03380572962992485
37.765,-0.04869174844956823,-0.009109739933788956,0.0227339185838892
37.77,-0.04053930794870339,0.012366112982118031,0.04350742166451483
37.775,-0.04884299711181627,-0.0008338969986853434,0.03335497724629834
37.78,-0.04393455485649407,-0.005811609984144539,0.03884824389794858
37.785000000000004,-0.03621287083517206,-0.009082473966278714,0.043332272295878646
37.79,-0.0311404819382851,0.013640716182119608,0.04008301878241629
37.795,-0.024459647369187223,-0.020366985712139154,0.042166893114124804
37.800000000000004,-0.04577089693563299,0.014438176792065376,0.037921109462760644
37.805,-0.03565774267744431,-0.009509768898134173,0.037759231949072034
37.81,-0.02971373637917305,0.005276537625757503,0.05243052687234434
37.815,-0.05488872815743362,-0.026214333832089837,0.036591742689608235
37.82,-0.033202885754706625,-0.01498686710348781,0.03800581021277039
37.825,-0.03680165688930738,0.010865396222098402,0.04385692279308869
37.83,-0.018980036230107196,0.014170849603558343,0.036510349527712205
37.835,-0.04785658542046012,-0.004327176921263096,0.035499221225439026
37.84,-0.0399310075444884,-0.012547577675364368,0.024495301039714194
37.845,-0.022556399441003794,0.01983877887675302,0.04139113022419025
37.85,-0.0384726537833632,0.01639422991563961,0.037365612980239916
37.855000000000004,-0.05248661813033191,0.015521086423364869,0.053775509413911654
37.86,-0.05399345480471604,0.016103976724259943,0.028247066831212017
37.865,-0.04674146207568856,0.0035882115219732866,0.04408970037012571
37.87,-0.03251713060623309,0.010211299190915034,0.03053439486971143
37.875,-0.03311016973178929,0.017113094827480177,0.042314849304082844
37.88,-0.02281860926860913,0.0009779342022519961,0.04596868355544026
37.885,-0.034492861228508094,0.014751757492635525,0.026990109099701218
37.89,-0.025454655922485588,0.02015141729139844,0.04583600492474925
37.895,-0.024099716462364668,0.006496547373392574,0.057831828431390384
37.9,-0.01757179790359076,0.00782145397971264,0.04172951099874128
37.905,-0.0358734890068366,0.0180526413042754,0.06833972528769747
37.910000000000004,-0.029811744349378277,0.025279446035351226,0.039531940876864166
37.915,-0.04001689929786274,0.02819607945965866,0.05223789926041677
37.92,-0.0334549896843927,0.031017199961210554,0.04898110120664765
37.925000000000004,-0.02416038187838653,0.01838376439779825,0.04305661729885253
37.93,-0.041591972304787964,0.0168711818003004,0.0545880569708858
37.935,-0.021344589972329034,0.02978262528885457,0.04633415919957025
37.94,-0.038251409938737574,0.02222055389281963,0.042627273294597375
37.945,-0.04612836054935642,-0.0008230568247421205,0.03024611183593519
37.95,-0.013115128682951737,0.019150252031963463,0.057983954335141044
37.955,-0.04808285646747048,0.016275764656670622,0.0506157858636954
37.96,-0.02558339230963491,0.01011850416372816,0.04932484542427161
37.965,-0.04507519892643723,0.017837795809326262,0.05087437711764594
37.97,-0.05358716506953556,0.019942490567961647,0.045961668837021116
37.975,-0.040923551175030236,0.004426748656776285,0.04646801480708937
37.980000000000004,-0.030350617124552413,0.005472637431139852,0.05857561731077646
37.985,-0.043200813362738996,0.019919932672179036,0.036056532961217476
37.99,-0.04719484880838383,0.012963358237769767,0.05070317078524413
37.995,-0.04873992342573011,0.0016336857179550298,0.04615514348432816
38.0,-0.04960623278436661,0.023493438785360067,0.05350028346955864
38.005,-0.03229968415732201,-0.0007878481928023243,0.05247727829473352
38.01,-0.03951024977878189,0.002349698681939079,0.05580462713275407
38.015,-0.018801560272947687,0.016392284655362944,0.04948866255793082
38.02,-0.011897464924735944,0.018046393454455974,0.04092190718052752
38.025,-0.022231011628416265,0.011021104705104564,0.05550148695548828
38.03,-0.02496057479825974,0.022233552301559066,0.04261393284478455
38.035000000000004,-0.026017726670822576,0.012726827355294679,0.05923025127844836
38.04,-0.04328132558881808,0.009841948203238013,0.05101993930638776
38.045,-0.056701248068817864,0.03129626692338489,0.04367810825266928
38.050000000000004,-0.026257421007320113,0.008127051311777354,0.042582643694781194
38.055,-0.0295678658731949,0.03492590456769359,0.041719909559464245
38.06,-0.03769429188540947,0.00741202725489405,0.04965240514605998
38.065,-0.01370742788271877,0.00782459881589944,0.04345631792589824
38.07,-0.029243839213956038,0.016528671356954086,0.05012128542915242
38.075,-0.015878772198610964,0.03279389048251907,0.0377899228760124
38.08,-0.025525831713990987,0.03093128634220757,0.044478603183288556
38.085,-0.0377134465172241,0.035602543189191094,0.043984132051853406
38.09,-0.039085248801438155,0.00875089321635611,0.06786340680977668
38.095,-0.041756965357673766,0.013081443330776814,0.049238615425953196
38.1,-0.050687420808278885,0.02301715591684185,0.03693807838734055
38.105000000000004,-0.034069141749880405,0.016253994492752843,0.03829602887008351
38.11,-0.040177546664467954,0.017912485731088043,0.05698980703188101
38.115,-0.03851706006610893,0.018092860901571618,0.03306968718533609
38.12,-0.04356815241170124,0.005298958731437247,0.04104966422352641
38.125,-0.015324764234528256,0.019442763782624065,0.035848970721047535
38.13,-0.040009453428832914,0.006098410577269734,0.06316900220165597
38.135,-0.05383484816027814,-0.0013130756560108029,0.041071653740203766
38.14,-0.03645278113935456,-0.007316782052617495,0.04820558767991657
38.145,-0.05166099793671059,0.013421209698970246,0.03149190086331364
38.15,-0.03434848634499042,-0.01039190766055722,0.05648309544891387
38.155,-0.05910600197261841,0.013875056449691496,0.04418844244771693
38.160000000000004,-0.041033077123450425,0.02518585914410448,0.03953713134409056
38.165,-0.038526357000947344,0.014121856985567314,0.06644450876227717
38.17,-0.032237793520507596,0.027313726805291115,0.04179387106052931
38.175000000000004,-0.0422175875063576,0.02685461744253658,0.04441145537192013
38.18,-0.03444624927968345,0.015190449435751137,0.05593721452626198
38.185,-0.05548717041775816,0.039425698679397034,0.04414132869873244
38.19,-0.02442548942875892,0.025768373997535947,0.06020688137260975
38.195,-0.02805290985242015,0.035086053078243126,0.049845636097342855
38.2,-0.020133058710827878,0.021711889622496996,0.05055045658464843
38.205,-0.041602064387672666,0.0083627765384857,0.04658056284142609
38.21,-0.03560383231304089,0.027189480577036716,0.07230981172690455
38.215,-0.026536808027820397,0.014463084945034156,0.06195386952884349
38.22,-0.035566041999630454,0.02700954089114932,0.05597590394478258
38.225,-0.04795284529941171,0.02522150255237029,0.07445600684099293
38.230000000000004,-0.04310830708791964,0.015154094208141603,0.0408006835175517
38.235,-0.042442708381719985,0.019565985112641772,0.050479336887984075
38.24,-0.0458415392268927,0.03431537896417854,0.057588854674118846
38.245,-0.04430199775127196,0.014425614837935443,0.06017106866399049
38.25,-0.04480652612456272,0.028293308580438072,0.05430014554965534
38.255,-0.055373224549955045,0.03328518638926819,0.04354485676432848
38.26,-0.02319873833849604,0.030224967212719618,0.05656966639307953
38.265,-0.046000339127614934,0.02162872626752497,0.06859522634181074
38.27,-0.028727466284531322,0.029151129762829887,0.05249713671913833
38.275,-0.03720385316704246,0.03127391186327036,0.06483177155779649
38.28,-0.03604485604057017,0.007482092573437458,0.054242377395130124
38.285000000000004,-0.044519544874247904,0.035341280955085194,0.09137820510129378
38.29,-0.03877819103067727,0.014874096621964346,0.04808839042599816
38.295,-0.042499550077224696,0.029306078726165027,0.06124382169703866
38.300000000000004,-0.028569987643082502,0.012056566887090323,0.06296104718162464
38.305,-0.02203151462311309,0.0006931124134131113,0.06426850293307132
38.31,-0.05632283299738322,0.017971551312559092,0.06723578754987707
38.315,-0.028224380341536712,0.018585849764484495,0.04669172434048157
38.32,-0.012985957937039343,0.008792445870366476,0.0760303361529537
38.325,-0.030903405591294536,0.034431126078036715,0.06109008695875331
38.33,-0.03876239667659056,0.006384444412478389,0.055047511805684714
38.335,-0.04888553887102537,0.026266509225885394,0.07332736648674201
38.34,-0.04574749768132116,0.012761655518822818,0.05809542829417706
38.345,-0.03327616930890969,0.016792483895767665,0.05879907912600943
38.35,-0.029318195781643477,0.019282441950186843,0.05642080745467644
38.355000000000004,-0.009353835501159622,0.04171276300255513,0.05737618133770206
38.36,-0.006244537163571498,0.02145129408626262,0.05055088768392843
38.365,-0.03759793555795606,0.01731216951532807,0.0642806064017302
38.37,-0.04458169302462393,0.03340373485999583,0.08431890067224855
38.375,-0.04452892654609573,0.025942952157656643,0.07272393063464336
38.38,-0.03000499049321181,0.033634421119943476,0.06621237938651225
38.385,-0.02679471734466416,0.01794997842832862,0.05643874666424925
38.39,-0.03375388897548815,0.025949868582032996,0.06059795453596846
38.395,-0.035885878269229544,0.022673440765224793,0.0566798332637278
38.4,-0.027748590741603456,0.0433968919230385,0.054639649167667274
38.405,-0.014769625235320855,0.022521750566442365,0.05201894604322692
38.410000000000004,-0.02186230401886923,0.022322349673344684,0.04293724638319053
38.415,-0.021380961559392023,0.0343517768099604,0.07100607290742628
38.42,-0.03341509125107401,0.041720502538512116,0.0708059282143676
38.425000000000004,-0.02552872377129683,0.04265973080866026,0.04301896158853802
38.43,-0.051478860371000114,0.024257203115533248,0.0607736350966209
38.435,-0.013806497688287822,0.050923578992853734,0.04489895514751992
38.44,-0.026628414235457337,0.03244875685704693,0.05011443537723561
38.445,-0.03427393854735396,0.025425242752253073,0.06278769330186051
38.45,-0.026756797991725836,0.009179846158076538,0.06463016196653452
38.455,-0.02538412176676484,0.013927495257970598,0.06286469052028335
38.46,-0.01898540885796747,0.014860264418642142,0.05012169612708045
38.465,-0.033809721310797854,0.02417014215308393,0.05574886093397667
38.47,-0.03729450003565131,0.023409379280851596,0.06445715757853186
38.475,-0.03532571181466206,0.019824997828280455,0.044879158101099714
38.480000000000004,-0.03815315602038841,0.014277964864182455,0.06104283049887346
38.485,-0.03290185825128902,0.02336544134610705,0.053716722874328875
38.49,-0.028684310574154315,0.03396807185104432,0.04528801477663348
38.495,-0.0331588324384767,-0.008391637917573462,0.046658676481150116
38.5,-0.03660322653149387,0.016263085658184264,0.07262305458235238
38.505,-0.02455431318352823,0.02498424386499816,0.0737387489148639
38.51,-0.024857402013847466,0.042956332949637285,0.05863421076120867
38.515,-0.03281913974316087,0.03240003324515477,0.05735760350075984
38.52,-0.021257428739892625,0.03936782478864689,0.05638540967646335
38.525,-0.03948534008883083,0.031965416022812713,0.06672293679885263
38.53,-0.015582629929687305,0.0186796790799164,0.07047592128362683
38.535000000000004,-0.024970116138085783,0.027248374828454124,0.038781859382049644
38.54,-0.014746977279293723,0.017256719407145134,0.05629082024240269
38.545,-0.023174131439689966,0.01663312702533867,0.06353651104079872
38.550000000000004,-0.039958887441103014,0.021021985480747137,0.05556513364540499
38.555,-0.023101756464424774,0.011301632348234269,0.04869521471718323
38.56,-0.014519699766928296,0.0232095390716937,0.045660903721902936
38.565,-0.005046383351711307,0.027649545162433377,0.04414443201206379
38.57,-0.04123280764501317,0.012442532951673812,0.04621144844823631
38.575,-0.019745123447880278,0.02956657606138285,0.05530768507570415
38.58,-0.019981535163325518,0.020839106299781678,0.06745988822157499
38.585,-0.024972273327446157,0.020466035613129256,0.043807409282219
38.59,-0.022155342669996386,0.021854378670230226,0.07996578424122072
38.595,-0.03926567895022697,0.025725276118024904,0.03700460406140505
38.6,-0.0204988737826696,0.028573300923952466,0.06967747851894723
38.605000000000004,-0.01745564146448271,0.022629307669975597,0.06957269791708554
38.61,-0.004455808972343649,0.017699806852415418,0.06173942526684705
38.615,-0.0360207649524005,0.010932962000447834,0.05177027705195364
38.62,-0.015149969275436909,0.03270101661407275,0.048166316999499914
38.625,-0.03051019174646804,0.017372176208978542,0.04880334226863607
38.63,-0.030950018046576495,0.03132208454302458,0.05934051240850556
38.635,-0.017408851867350555,0.025231607764991476,0.06362151374805089
38.64,-0.006649029677631148,0.023060691498983165,0.07126463298472649
38.645,-0.02439479609354556,0.021574436788126504,0.05826056726649814
38.65,-0.013986781243180538,0.007061838455421903,0.04657725452688895
38.655,-0.021488911205425877,0.019302635285958086,0.046991108502670464
38.660000000000004,0.0026348611961924074,0.015501535960397068,0.05060590623922608
38.665,-0.01370003272990644,0.010150180631757232,0.06595481908672592
38.67,-0.027186599602257448,0.03161673150189528,0.05402112721842569
38.675000000000004,-0.024180087199861883,0.02542877803918364,0.045318991198634195
38.68,-0.007784783126084476,0.027343356550651444,0.0605074615083344
38.685,-0.03190260325991182,0.02619403557567549,0.05237287917122322
38.69,-0.03892440064149422,0.01826055158866949,0.060099973298850334
38.695,-0.044847314221203916,0.010850575781991917,0.05050089607219431
38.7,-0.04046204915251467,0.02421612724286582,0.03951328273594762
38.705,-0.05423376850320241,0.011927798812038967,0.036225497553085
38.71,-0.019695076207953466,0.041737033451306416,0.05434224719923893
38.715,-0.0183825205317824,0.030780595415027822,0.05683512305819763
38.72,-0.03926742404911735,0.019735404380523673,0.04946977996188784
38.725,-0.03362615745304114,0.030013092741250386,0.06052546720166521
38.730000000000004,-0.04012226892970094,0.026296747239103736,0.03924740574398804
38.735,-0.03527782220133641,0.020071232722259462,0.05681818712382704
38.74,-0.025176928188292355,0.02893123638026324,0.06437985269094865
38.745,-0.047312710589230894,0.019550938455545112,0.05576892473613659
38.75,-0.010279984069543457,0.02882734563327009,0.0348000508164585
38.755,-0.02999065601452996,0.03252496848938308,0.034949785982141546
38.76,-0.01925692254210163,0.022168430614980302,0.04869071613425238
38.765,-0.033159677836511976,0.0195163675855742,0.05228139517849697
38.77,-0.029763758603131064,0.044836450519669155,0.05596306704289798
38.775,-0.03858129628565634,0.04116756409072766,0.054475861327944346
38.78,-0.029443682312452892,0.01846038696349687,0.032268509854116084
38.785000000000004,-0.048624775584581996,0.02635236250564805,0.04461830956543745
38.79,-0.02664899029174598,0.014442739557901377,0.04381943168658188
38.795,-0.018741297991614055,0.016269130496413462,0.038293008710522596
38.800000000000004,-0.035020023652849314,0.020631914711625936,0.04878583131455346
38.805,-0.029558041903990154,0.026663670908640965,0.051605568806715595
38.81,-0.02019448821457194,0.03032931432416739,0.04627655136349064
38.815,-0.03786215901880544,0.014005284812411672,0.028756619832485425
38.82,-0.04398007180301455,0.015676020974876144,0.03806937781540741
38.825,-0.03885366919947409,0.017181386201610728,0.06087109074360079
38.83,-0.03485944052088749,0.021744958829524427,0.0451848452839784
38.835,-0.03699332389209169,0.01880332417887882,0.05682801638103066
38.84,-0.04403184084536143,0.03523158030555367,0.047719814046588635
38.845,-0.028245164262615703,0.009421297228194242,0.03131976436020524
38.85,-0.03649841770921456,0.015558794778864612,0.04870957631170246
38.855000000000004,-0.05716107849390912,0.02038885834314751,0.056725493644167166
38.86,-0.035091857139904176,0.00881303877311347,0.050933340325127245
38.865,-0.025319114976139534,0.028390782224944892,0.041062730050191544
38.87,-0.028112246637903713,0.028470404118493546,0.06453999113975403
38.875,-0.05204844842863556,0.032062194338304796,0.04252019112336973
38.88,-0.051837157217305765,0.03140914473205164,0.05970762181638198
38.885,-0.03175043138325105,0.033676752717106254,0.06773898379629838
38.89,-0.02152849855419831,0.022505582793173624,0.050226912652720376
38.895,-0.013200365017376743,0.032444435595638046,0.03426446469904232
38.9,-0.054067704323245334,0.020133536231109896,0.06238286925787459
38.905,-0.014240997172827303,0.03291481891744468,0.06309303897484349
38.910000000000004,-0.04164772120056271,0.018406116377543625,0.05096534626596483
38.915,-0.02025310656236347,0.03694930701578695,0.06883344545740296
38.92,-0.027139588144299606,0.02097672988138835,0.06713006778141022
38.925000000000004,-0.030301252776066472,0.030134431888239176,0.0705230307386925
38.93,-0.03558658951164504,0.036869578964305774,0.0685459707489677
38.935,-0.02345810609471154,0.030281678248989943,0.06419125441108568
38.94,-0.033120250526495906,0.01731036407076369,0.07777761531716279
38.945,-0.01638631674610701,0.05129036408247279,0.05830326716216579
38.95,-0.03742377558174516,0.03326028076294399,0.06809958363251742
38.955,-0.022129266074647994,0.02946923853292994,0.07138970927616757
38.96,-0.028606796180073852,0.015000420590860451,0.04765444121060203
38.965,-0.011665591746351768,0.034264010228980984,0.06678772151812308
38.97,-0.007710932132900981,0.026787031648190893,0.06232993766386878
38.975,-0.026881353932630903,0.03539692653203581,0.08147087079108324
38.980000000000004,-0.029421136437208964,0.019779838633422496,0.06068176297931636
38.985,-0.023132895711886065,0.027144542289768616,0.05858501235655751
38.99,-0.0328485082979684,0.04115418030763214,0.028366056677549434
38.995,-0.036332266044527384,0.036148870482057935,0.04295628102129087
39.0,-0.029962398774325372,0.019660826097831558,0.035719111114529724
39.005,-0.021601959016082493,0.014611292165928998,0.05181547887159581
39.01,-0.0262821339910553,0.00901227301290419,0.05895653503833999
39.015,-0.011642936919620943,0.019550005275382795,0.054472458993606795
39.02,-0.0117206304636135,0.01326421341767825,0.051949252629911055
39.025,-0.04016246858025562,0.015087249204261029,0.05737412152554624
39.03,-0.02717447506246064,0.01767263773595326,0.031003832324244328
39.035000000000004,-0.03337557946666765,0.011064307431900964,0.06190752195804245
39.04,-0.03755349735128498,0.028043979899497043,0.06684538519603606
39.045,-0.008896621518275041,0.016833134492876396,0.04890749303243416
39.050000000000004,-0.013465275964233617,0.009143351354513335,0.048612081616600855
39.055,-0.01752183668536014,0.02088389438597409,0.055564665542867986
39.06,-0.03600621342649112,-0.0008885740244660126,0.045241115950903146
39.065,-0.024432315384279386,0.023452908351647327,0.048330929762943314
39.07,-0.015037132249636279,0.01602241701986261,0.062249350075635146
39.075,0.0009823347344480272,0.02331851010088606,0.07167912133798154
39.08,-0.011897430668771572,0.005480198154858406,0.043873626159288956
39.085,-0.035161333441117014,0.02403206409757322,0.062391510099687325
39.09,-0.01563708608311647,0.026956684396670236,0.06147947725313044
39.095,-0.014062527702716786,0.01339753954141051,0.046217018253513646
39.1,-0.01292198118035838,0.03951812099177495,0.04788135509118921
39.105000000000004,-0.02422338822214063,0.008087541558000025,0.04036611632224032
39.11,-0.02141398628074984,0.01468861448020328,0.04390817157833751
39.115,-0.010512717609093558,0.028367929779502782,0.05377736310170936
39.12,-0.008180445028536631,0.013971071819064566,0.05228213854009964
39.125,-0.020044345593399873,0.014979652927286148,0.044378510200713
39.13,-0.03785271864794641,0.03127424656094931,0.05751144410092891
39.135,-0.03381873572682076,0.020264375050323004,0.03834208724102371
39.14,-0.0263864499020701,0.029939220632929073,0.04860465934177634
39.145,-0.016969877820488928,0.020832297711603918,0.03064489514481584
39.15,-0.019590311111373764,0.014560543073982827,0.05016234674355766
39.155,-0.018899565563374313,0.014493924996646161,0.04534099425738579
39.160000000000004,-0.04404563197422056,0.019933855707803604,0.039053938970750476
39.165,-0.021221311281771953,0.003977207174056008,0.052256868305744095
39.17,-0.025786465077289638,0.016507903434103563,0.04123250403236367
39.175000000000004,-0.022493333820144908,0.031244814435375027,0.05734848650542145
39.18,-0.014974536598394556,0.020875939413547123,0.04300117734228405
39.185,-0.026257847394206377,0.021742588430064224,0.05585699814877838
39.19,-0.02245628354449625,0.025377321798450238,0.06806656605140668
39.195,-0.01455036412847834,0.023472323375782787,0.049524974447210476
39.2,-0.034681879462633666,0.006861869768669978,0.07298759440368094
39.205,-0.018850287618212447,0.02073087023459905,0.03999652888547625
39.21,-0.03189744694409235,0.005920603168748316,0.05596743602721505
39.215,-0.026455957014068276,-0.0005293394459873601,0.04057471972620011
39.22,-0.033799056469473385,0.03231758703841197,0.04449115925465047
39.225,-0.021281863294278672,0.019189634518188073,0.038189144424389254
39.230000000000004,-0.028735896318993932,0.012805699761876715,0.026341322082511727
39.235,-0.04329042728724246,0.013196373634475737,0.042273612483478745
39.24,-0.03257277827598702,0.003504603628307414,0.046129101114929724
39.245,-0.016593787956208757,0.008885163505024501,0.04694636188352647
39.25,-0.013757942247503692,0.02295878282769872,0.023969872702679453
39.255,-0.004538077078130764,0.008984351157648294,0.05215654246976993
39.26,-0.017110218048851135,0.014489420649862084,0.043067198306550564
39.265,-0.01129966730406179,0.0101283973523681,0.04164473996589922
39.27,-0.028303640879982023,0.03171927902666652,0.05601277685060179
39.275,-0.021439320712444525,0.023135737488703692,0.028376704865737432
39.28,-0.03621425640654726,0.023236317117923545,0.06000845510473087
39.285000000000004,-0.018661541954990642,0.01960819163247537,0.05991243036198648
39.29,-0.02385815940529068,0.02246150234959303,0.059476161272450395
39.295,-0.018163899265612578,0.010015761363594885,0.04513204016935276
39.300000000000004,-0.025764111003763517,0.0251492755638521,0.05507474140773933
39.305,-0.02789481010311342,0.023670005563938046,0.06322808262522049
39.31,-0.038503683761571074,0.014942297340112026,0.056257412894206535
39.315,-0.013265736094496317,0.03170016403068806,0.06654332486027727
39.32,-0.014805823665276822,0.006201016176098412,0.045822897062895045
39.325,-0.022640004717813543,0.01823010231730966,0.050289864330536574
39.33,-0.004611748449024889,0.018599343816337027,0.053875328988197344
39.335,-0.0055841520246035295,0.010481382513725369,0.04456336980762883
39.34,-0.024769361213783307,0.013487450898329856,0.054303919274500595
39.345,-0.02464942223174677,0.0024258503889141793,0.050352370423064965
39.35,-0.018308519076311734,0.009733248748191734,0.06713061022421857
39.355000000000004,-0.018098953185269433,0.012746854544697026,0.04887250258516575
39.36,-0.012601382104481933,0.012550227423773137,0.049860990196698096
39.365,-0.014166702260966352,0.03504793324861142,0.03334697653538184
39.37,-0.012974062879496559,0.042819336192346666,0.04757829826360141
39.375,-0.007163182084399386,0.029146892098460563,0.06770680429112688
39.38,-0.01259879515693923,0.038697290529994995,0.06035590816590292
39.385,-0.023894344761875987,0.0343290888510226,0.042274354405637024
39.39,-0.020715576959986486,0.037250276754293384,0.042075597797106526
39.395,-0.03225239058718267,0.030459194357220935,0.04755243045597984
39.4,-0.02204315762343265,0.01030794625355248,0.05694101049745157
39.405,-0.021867818258342636,0.026703982521083885,0.06854088148284562
39.410000000000004,-0.01739795833433104,0.02492725127676115,0.0731579435789429
39.415,-0.01645884355233974,0.03215959181743262,0.057641896580307904
39.42,-0.017190796517773683,0.006579174352059589,0.054552036491325624
39.425000000000004,-0.015041858082320425,0.021424490299674328,0.05347956216136655
39.43,-0.013054795148284422,0.022585314403456184,0.056391900968003415
39.435,-0.005246080277245225,0.026930417884564198,0.03526117818840334
39.44,-0.008962276496911947,0.009046927578279705,0.029483954820835587
39.445,-0.005990613534852977,0.03726282230514268,0.05376483713464221
39.45,-0.04581074523278879,0.013365104189165911,0.04827578102408771
39.455,-0.0022473390163695733,0.0013398369861911171,0.03861056170191926
39.46,0.0038608875183873187,0.025573885564941487,0.044644468556698916
39.465,-0.012865800515222134,0.02648209322133687,0.04056056860946962
39.47,-0.021783805852673352,0.01841166920961274,0.046370930374137066
39.475,-0.020084203848275712,0.014635596396869429,0.034818343710018705
39.480000000000004,-0.021433161196408507,0.03459044803035702,0.06784075178022138
39.485,-0.015236487071301867,0.023482738011331397,0.0538407999006013
39.49,-0.022924011993459146,0.02856600082433698,0.04884310146908366
39.495,-0.005711345683751638,0.018506964665299927,0.04454341295462398
39.5,-0.007461147117740754,0.007725932916380681,0.04079075331520281
39.505,-0.025222956979810595,0.014048794913688285,0.041777341819844424
39.51,-0.02212329833662493,0.025895972936300287,0.054541506410423754
39.515,-0.02295176529457774,0.02391967650633182,0.03102968518138708
39.52,-0.01953478967835908,0.005745445657493624,0.05415790524031662
39.525,-0.019722446925345475,0.04130549995134907,0.025525640808304793
39.53,-0.024194278521802434,0.02730243963315122,0.057150817309379015
39.535000000000004,-0.030341559028694655,0.019792183210515474,0.04959477359051744
39.54,-0.02060750654093728,0.03301566844311995,0.03156764762600359
39.545,-0.023652229375471602,0.015538024461567542,0.04554053856475912
39.550000000000004,-0.017217280921322325,0.022503911761392464,0.04390691873493274
39.555,-0.020742335001512846,0.021725816273401935,0.03175028537960156
39.56,-0.029533298703624,0.04153888623359913,0.06345168458828225
39.565,-0.012285903285669326,0.02256643974881202,0.02981078684407379
39.57,-0.012502661005811544,0.030319913059665818,0.047652977895279995
39.575,-0.02357319796364869,0.027645642955692728,0.0620690739697551
39.58,-0.020801494731113847,0.025320315286537127,0.05084488645003139
39.585,-0.0065707301576397505,0.033768972541132744,0.048247374768867646
39.59,-0.017622069377819547,0.025405460807201557,0.05405586234054583
39.595,-0.04400451064916762,0.02569295104481468,0.05629126901303788
39.6,-0.019856050976767625,0.03312149293921036,0.03938191375070915
39.605000000000004,-0.047270227125893044,0.022748656023061017,0.05257093751278839
39.61,-0.021588951705310826,0.05158310358473318,0.043539469680978354
39.615,-0.05110183856914622,0.016167432934752483,0.052351181288444626
39.62,-0.012464031490298727,0.01732656994077897,0.03469885247463873
39.625,-0.02551604823209048,0.027587485039806254,0.038195242618338274
39.63,-0.016252073131479323,0.030629806071080387,0.03843373260483699
39.635,-0.002661847681576548,0.01723895362174234,0.04214041375791647
39.64,-0.018754079311969627,0.024937322052910497,0.05273092123870592
39.645,-0.019856113822351633,0.024197508549809205,0.054156663958558546
39.65,-0.011354525444215337,0.023774700476515753,0.05629283407545685
39.655,-0.029666974384734722,0.049690762879068026,0.05838090672095139
39.660000000000004,-0.023551802775204918,0.025404882760900513,0.05317738220882189
39.665,-0.01674569969220508,0.02372428596009691,0.0632999330991996
39.67,-0.03451344371250036,0.019410244284578406,0.048378794734913855
39.675000000000004,-0.01738119364183568,0.02015244530641238,0.0554312056185314
39.68,-0.011425741051357512,0.021004061097899415,0.04645946660811713
39.685,-0.030465601525851108,0.03787807036898332,0.03638470619163931
39.69,-0.022609790569847174,0.0016026252763447495,0.04007400649305856
39.695,-0.0025920412636186285,0.02826252579541429,0.041461742046965615
39.7,-0.016450104768842212,0.047889061720516414,0.04588408302217238
39.705,-0.024785938279892738,0.02472532089977105,0.04178329900147952
39.71,-0.03131113320683051,0.03094942498859859,0.03639203926983347
39.715,-0.02743672153746893,0.02372520366771693,0.04620959624618651
39.72,-0.049689543845236425,0.03504039247932312,0.041024941434787694
39.725,-0.022414434893500788,0.018301946947546943,0.021207759981470942
39.730000000000004,-0.04361971864629335,0.00636383907992508,0.03514528576929313
39.735,-0.03007989622519492,0.016976487684166364,0.04693879925453132
39.74,-0.025704898349156124,0.01669985852195876,0.04076476082403237
39.745,-0.037449782159593895,0.03185105294256652,0.05582781744173394
39.75,-0.01958270269445813,0.009937450433809834,0.030967535068854447
39.755,-0.03026776415590365,0.004299880726931011,0.0124492044487967
39.76,-0.017816997259067543,0.022741942141748895,0.030446948887121468
39.765,-0.021282911945494077,0.007956856551323705,0.07065859980906061
39.77,-0.02059624890670403,0.01702107834970202,0.05797528211224474
39.775,-0.05184975070701153,0.02170428391692804,0.05433289024413662
39.78,-0.04122148737762513,0.011271321838436852,0.034669694886077455
39.785000000000004,-0.026035536882361973,0.013093885808227531,0.06850164972555457
39.79,-0.03244117318582536,0.018491038407690157,0.010478674497170583
39.795,-0.03618192480888163,0.015685485527362555,0.03976950767552049
39.800000000000004,-0.02617990954862812,0.031940490101383216,0.03233387922454473
39.805,-0.03091305298042685,0.01864336044320093,0.0627309511966511
39.81,-0.02134154972707914,0.029308684407115454,0.036113685507828036
39.815,-0.03838910719637598,0.026853037921506877,0.040081102175088014
39.82,-0.03499520177617994,0.028425153398134232,0.04676337111441438
39.825,-0.02445087325560483,0.03182741846942109,0.03377644043400656
39.83,-0.025704926832679147,-0.0018651523357836558,0.03553024490930779
39.835,-0.030356097659017336,0.021597454672123394,0.038959106356130035
39.84,-0.015720651770767355,0.009302698441420228,0.029011558700966812
39.845,-0.03683585657497311,0.030280432704531,0.03149651632633268
39.85,-0.040035927801101975,0.02694641400392319,0.03250491966585151
39.855000000000004,-0.04014993170442936,0.022180060060768357,0.047733804206741545
39.86,-0.04776496374880803,0.007769794912580716,0.04252858448241932
39.865,-0.01853955394002558,-0.005955582335763611,0.02556138085331604
39.87,-0.016488993730067632,0.005332430367758279,0.05101305773917701
39.875,-0.02784460991158476,0.016034059964845377,0.019588091086652618
39.88,-0.020810465796426328,0.00684415370058277,0.02263058731660924
39.885,-0.03517300355183128,-0.003691659371996393,0.03917402645187531
39.89,-0.024695959925604267,-0.006269376261648866,0.03896902594346867
39.895,-0.03527279408161321,0.0006138593299096083,0.04915675455063149
39.9,-0.0301659099827387,0.015534601749391315,0.050770663063191196
39.905,-0.04076688777023289,0.016859391450055283,0.049148377873514164
39.910000000000004,-0.04919535159675646,0.015531573049163774,0.04044921898106835
39.915,-0.026496416963334737,0.014794039115289957,0.04713278656485931
39.92,-0.03268348085040792,0.018343121831664963,0.03576891900717439
39.925000000000004,-0.03261808388602292,0.0013932486246551875,0.03493611521331712
39.93,-0.0486954144400929,0.004977283719023185,0.04674148422702917
39.935,-0.032766206102772796,0.015248108909544351,0.05346674527608107
39.94,-0.05502786042582881,-0.0023380373442772485,0.02480541001995111
39.945,-0.04549382743130388,0.01398818715843784,0.02262763577164295
39.95,-0.04886308686004506,0.010851482430156732,0.05580307700347398
39.955,-0.03372134401724757,0.007810911704222274,0.03406708160659937
39.96,-0.027238172213668473,0.008465780797540706,0.0445218688420795
39.965,-0.0524460377468693,-0.005487374928439546,0.057365714692939385
39.97,-0.023713917768345097,0.01806008177721806,0.027026006021311572
39.975,-0.03176298121389401,0.010994634847892587,0.034979175338278864
39.980000000000004,-0.024258070015404882,0.01179861721877373,0.022014873529726465
39.985,-0.05073102771514996,0.02348946582952998,0.03677551832295202
39.99,-0.03710347077835242,0.007160153248839272,0.03556800748662834
39.995,-0.04276832598077701,-0.0011713240402379745,0.04209593110932364
40.0,-0.023171243670630382,0.013614307688625246,0.03461182883653752
40.005,-0.04474329746838116,0.00710011731166121,0.03589596208869168
40.01,-0.036242058177479865,0.015047829571157984,0.02853109572937582
40.015,-0.04458582802753485,0.018368957449725946,0.027505284908883106
40.02,-0.04374297008193621,0.010894918327937944,0.029190713442847013
40.025,-0.011114327646037755,0.013572865234605817,0.021194545075539924
40.03,-0.04903494719073857,0.02358801700450021,0.007874958903936594
40.035000000000004,-0.024815152785407045,0.015629161571117958,0.024830034358560224
40.04,-0.04214150833699552,0.008317005266150743,0.025039591212148195
40.045,-0.04238817293726924,-0.009739581523248747,0.034930043145461484
40.050000000000004,-0.051041287955672254,0.012559569147066423,0.030681656199820245
40.055,-0.024177112957462374,0.018226132886105813,0.017498608563092106
40.06,-0.03799636488179644,0.01525011259836603,0.02993267205003176
40.065,-0.0368106640994467,0.002664184410517336,0.0395792341697672
40.07,-0.04199417826461183,0.0030853797315272408,0.010419834348600273
40.075,-0.04153334315766659,0.010894662672024224,0.024693441212523183
40.08,-0.04932380282069748,0.019562428338388147,0.023342006823763056
40.085,-0.04046231077592438,0.0031399509636355367,0.021323809624203008
40.09,-0.03789839861058741,0.013203954010051927,0.02865634318134881
40.095,-0.0440166876786048,0.005287934308415595,0.009300456816977746
40.1,-0.059921037064882124,-0.01442964087804872,0.0051174502201412845
40.105000000000004,-0.04996475766336879,0.010571198504551071,0.013544302042871836
40.11,-0.04796440174250967,-0.00739158279119591,0.026843639613146175
40.115,-0.050502682585794254,0.015855081323724655,0.024885817296293397
40.12,-0.05219152857323679,-0.0003933823990562472,0.010138731387223092
40.125,-0.0554553464134509,-0.00955237215986372,0.014414349587992892
40.13,-0.05455901269308272,0.015590621353419154,0.018989570834949808
40.135,-0.04729616210321939,0.014010304592544476,0.01594994735872308
40.14,-0.059086408435886195,-0.0028745658027615672,0.01806583562716668
40.145,-0.05533712734239302,-0.016289245258623505,0.008343703149873373
40.15,-0.0549601569623059,-0.01280063875489328,0.012385913491313958
40.155,-0.03641305524138256,-0.017040751583587966,0.014223356791541145
40.160000000000004,-0.052082563141145226,-0.004790943989856166,0.021560077387806256
40.165,-0.05229119485358064,0.0029662249568068004,0.03420196591385574
40.17,-0.05397463747197831,-0.015012687957307019,0.013147293366239697
40.175000000000004,-0.06714062393826428,0.002466712215457464,0.024358241164619057
40.18,-0.06188296935893742,-0.003501108670030782,0.007855939595534768
40.185,-0.07328288377067561,0.0133262531068989,0.034429502896616726
40.19,-0.05635323957014984,-0.0162431516267535,0.015536737451398143
40.195,-0.05870796211165761,-0.007185168987369041,0.013405485764041866
40.2,-0.06029299713840743,-0.006137066224841385,0.01169012913280162
40.205,-0.05579038022414038,-0.008583560312514548,0.02820686866500125
40.21,-0.06690278507332574,-0.014862414406830666,0.016718260654122633
40.215,-0.046944521636101535,0.010972325023585423,0.020458796392264576
40.22,-0.04888999689587466,-0.0033946325401267696,0.02403261188543114
40.225,-0.052187676361559715,0.002625692306344767,0.021543778033868425
40.230000000000004,-0.0787114470614952,-0.019003669714772475,0.039315360869881424
40.235,-0.04215456283668562,0.0002748523797493907,0.02999642199075127
40.24,-0.07928687675859845,-0.013052820592951958,0.005669320446072247
40.245,-0.06141285227481418,-0.031348251633173216,0.03318769622823722
40.25,-0.0647989462457552,-0.005018096701089066,-0.015079358724357688
40.255,-0.0690623495413414,-0.017126037456661306,0.0005347892670900002
40.26,-0.04679858774655402,-0.016582005284206273,0.022541723764062497
40.265,-0.06861212515001297,-0.01587634083566937,0.003778074093260699
40.27,-0.0574758370040569,0.004251448720872104,0.015549302975976627
40.275,-0.0606160504949847,0.0010063159554483808,0.017303233667471468
40.28,-0.047867295262133853,-0.016424554468694605,0.018502454657765656
40.285000000000004,-0.053466522522060266,-0.020352510833931074,0.01590761367643777
40.29,-0.06244355733852331,-0.01942513994313963,-0.007672370796366538
40.295,-0.07426785292671872,-0.002666843901786845,0.01685661581375667
40.300000000000004,-0.07008321044238078,-0.01703201733358556,0.006405869446973363
40.305,-0.06002123207046982,-0.008234037226917222,0.019032315387107028
40.31,-0.0512321940138927,-0.010534832943186023,0.0044614995662055614
40.315,-0.06890068434791624,-0.0044875477985663135,0.0007040567252369987
40.32,-0.0722516692853076,-0.0030246817528808674,0.005486203594178067
40.325,-0.07876002475719036,-0.005613490924502345,0.00999698221221651
40.33,-0.05746956705858308,-0.008867736690611527,0.005964622068568911
40.335,-0.06158341182380131,-0.0038111152737234566,0.012605296948533299
40.34,-0.04861445958297813,-0.03106951358088547,0.012122117300282823
40.345,-0.05730782153982991,-0.009488338119266885,0.01685834963856074
40.35,-0.050986002318937254,-0.010177580726616838,0.02657730757694616
40.355000000000004,-0.05002413413479871,-0.0015192899219253278,0.00566209932518599
40.36,-0.05907445911462712,-0.02581329431088532,0.014736540365678053
40.365,-0.06522358286873692,-0.018086774589961847,0.0021320297541506683
40.37,-0.059195978224509754,-0.007877130477401363,0.009732430023698786
40.375,-0.048195305006100884,-0.012953994996573995,0.017904748974442542
40.38,-0.04692880112612999,-0.01437124347651216,0.014918495486385443
40.385,-0.06544161016802953,-0.007893994888233542,-0.0009717853331607604
40.39,-0.058676918064118316,-0.0028850304078612498,-0.0012343789661226458
40.395,-0.05358805056606699,-0.0008071163199793417,9.875723080695698e-05
40.4,-0.07836144882897537,-0.0028508546662796832,0.01687910607960529
40.405,-0.06192144185213932,0.006029441172830206,0.0022944886861720045
40.410000000000004,-0.05478876766392607,-0.014068676787012836,0.00022064824772677002
40.415,-0.05321218904752163,0.007222038852986212,0.020672467270042228
40.42,-0.061325839708218664,0.011655742362283596,0.02463090607852865
40.425000000000004,-0.06274894888248528,0.002822472597806789,0.012977287170292798
40.43,-0.05546064403418956,-0.013652647411668394,-0.0052456279828076696
40.435,-0.057707907400306034,-0.004366344059015618,0.013099866126513333
40.44,-0.07358192532172236,0.0021437512943591613,-0.01665842846637003
40.445,-0.05426453827573121,-0.012641311782416297,0.009498549217787013
40.45,-0.06118887122071369,0.0049021831086006485,-0.0006203925048495805
40.455,-0.05545974129078294,0.006295722967123368,0.030709987207400615
40.46,-0.06306207208123923,-0.012491205691334977,-0.004851484340185954
40.465,-0.06518470517688385,0.01358745475132446,0.02018055055235882
40.47,-0.04130048413403421,-0.014010614244160304,0.014588463352629049
40.475,-0.07077036390510293,-0.0011068150209505143,0.010603824458008658
40.480000000000004,-0.04834724378732583,-0.010999445676125683,-0.003258442666727312
40.485,-0.044373539724054,-0.006837217300924427,0.02057315449547139
40.49,-0.07476123817453179,-0.0004146812427204044,0.007245111062967536
40.495,-0.07167293616334787,0.002480056159650265,0.020801740158095574
40.5,-0.06099362435645728,0.010006234002838805,-0.0075870441015416365
40.505,-0.06843907248160047,0.0022872530268164644,-0.0030033371583617534
40.51,-0.06246805826282099,-0.0006244651341862817,0.03281732003714217
40.515,-0.08788438756287749,-0.010297624395450457,0.031353994755893184
40.52,-0.0618083706858519,-0.006157462867794153,0.017080940012143997
40.525,-0.0548579742821702,-0.0027216262129245604,-0.007145597540986025
40.53,-0.06811278339449678,-0.018105309483650665,0.017277084701936483
40.535000000000004,-0.04763566308126105,0.0017443521668842462,-0.007265367098882331
40.54,-0.08256052600823226,-0.009195929076290504,-0.004795386812008836
40.545,-0.07629086936062816,0.0008952007806835702,0.002535535043504617
40.550000000000004,-0.0629699603135271,0.007711151120399092,0.004890748359755963
40.555,-0.07713398032782481,-4.279465480641568e-06,0.004615147076028038
40.56,-0.07818264920083066,-0.009958480207553265,-0.005049451707608524
40.565,-0.0535355705858912,0.013439892067852219,-0.0037943114412550194
40.57,-0.0640657966623686,0.007371767809488743,-0.0016479805722375257
40.575,-0.0503859994687029,-0.0120837009956269,0.015810118893168825
40.58,-0.06947869248276987,-0.0066083715879434474,0.006879808207500657
40.585,-0.05930955793945828,-0.014694096778389981,0.006947998188492441
40.59,-0.05556842312387027,0.010207805332122817,0.00011613060859250917
40.595,-0.06596556956751216,0.004734567827150453,0.005672181574567135
40.6,-0.07828059100673719,0.007763320069071417,0.0041963521972259825
40.605000000000004,-0.08587737027742937,0.0009920460103088535,0.01791473406769555
40.61,-0.04507529620835152,0.020898870199354116,0.00980118191709058
40.615,-0.07290127500139715,0.027158724511175947,-0.0002846182960972647
40.62,-0.07863798672528523,0.013186805522002642,0.001108470860754976
40.625,-0.08145104186845209,0.012761704388570442,-5.21564524747966e-05
40.63,-0.07990516580176382,-0.013620357856520904,0.010239290263696856
40.635,-0.07135883781584484,-0.0051182788996185806,0.015598373101717218
40.64,-0.06309501968832006,-0.0047434448249039675,0.022129958953948262
40.645,-0.07040074831719759,-0.0022098027607163843,0.025711985724762774
40.65,-0.059798628249888366,0.005954055664383126,0.02520639091214514
40.655,-0.05978755876787307,-0.008280814992371143,0.019738308217462353
40.660000000000004,-0.0765113788147664,-0.009950607047794637,0.011537558479163074
40.665,-0.06705227042873534,-0.0027075834956185266,0.0345239128832315
40.67,-0.06495251331656886,-0.013791860730614797,-0.0005487517903826839
40.675000000000004,-0.07770363895116597,0.007717909261186567,-0.002696551155636484
40.68,-0.09193361629255202,0.0028295001594415784,0.0183416041519765
40.685,-0.08866113978741348,0.002880666677097306,0.015110289701231037
40.69,-0.07066041621572014,-0.015088971095404103,0.011468242361036133
40.695,-0.0627642719229735,-0.009513380778134062,0.0037507779242121056
40.7,-0.05802942583683303,-0.002544719325923383,0.00749177510023359
40.705,-0.07212584872979173,-0.003874695100761727,0.010913980750169798
40.71,-0.04387881075055214,0.0029388431226069107,0.023415134720223902
40.715,-0.058364992458808884,0.02083921267216935,0.003441953658023047
40.72,-0.060601095846091885,0.005508943176387983,-0.010875890015249759
40.725,-0.05679677514034549,0.0012673658065427366,-0.00048223801949571284
40.730000000000004,-0.07679897980095055,-0.0011718065915554791,0.026592785105069797
40.735,-0.05659050523755102,-0.014567021453228352,0.001094673675639959
40.74,-0.07901353418271431,-0.007031249976873882,0.011561206407264789
40.745,-0.06348493363682309,-0.010660483838246,0.01656558419084814
40.75,-0.0846522277068135,-0.0009859390003657716,0.027517804787799197
40.755,-0.07581098849209351,-0.0021479031125907185,0.013973529817156823
40.76,-0.08184154781584166,-0.027014309916749732,0.012137155731418773
40.765,-0.060547158789750255,0.0048235732930293,-0.006852032498773737
40.77,-0.05068084852933187,0.007527149281504997,0.003828498059249285
40.775,-0.06900954824378525,-0.012888115645065756,-0.004677333900567902
40.78,-0.06086978343941126,-0.005015216159491655,-0.002307861591375783
40.785000000000004,-0.07091176374959425,0.008497536389854905,-0.002729111854236002
40.79,-0.05519717535542144,0.009316723889606832,0.004876140780793131
40.795,-0.06390621092640965,-0.020777707482602624,-0.0018472655594232931
40.800000000000004,-0.07362776041739426,0.006933998754616557,0.004288144809769433
40.805,-0.06103236584649514,0.0009212313758878866,-0.003799589902014551
40.81,-0.05607537542074735,0.014149327385739227,0.03212391359433358
40.815,-0.07039368605847622,0.0010210519049650407,0.0042671040222470235
40.82,-0.06632008403138802,0.0010600529415485775,-0.0030103320228125666
40.825,-0.06677153438640696,-0.009940465297799154,-0.012399559439185382
40.83,-0.06694815002887197,-0.008661482239639546,0.004802961955977633
40.835,-0.07021534689426645,-0.011964464920803889,0.001373752080315505
40.84,-0.07592660701184238,-0.01029154088520234,0.017345177479675886
40.845,-0.06807677755135338,-0.005756278930665349,0.005784381149839258
40.85,-0.05920247363397204,-0.009192380328555915,0.0027544970720999387
40.855000000000004,-0.05722195139960233,0.004981223976627227,0.0031243249269859233
40.86,-0.07034560538576198,0.0006741065188523767,0.013194612210111053
40.865,-0.05440548477904258,0.012710964028512416,0.007514783722294104
40.87,-0.07022576688437573,-0.02320402617423018,-0.018801201226646087
40.875,-0.05684342726337748,-0.01305765928277199,-0.008061560459304586
40.88,-0.05287473144941701,0.006924285313392913,0.005595065945033172
40.885,-0.05607000189360915,-0.01559577432059335,0.009954950721847546
40.89,-0.05613000606951471,-0.013190379277325436,0.016702528251686423
40.895,-0.05881571457642923,0.007522119970538742,0.00659907328075594
40.9,-0.06864555294735095,0.002721089540583945,0.006001978769528
40.905,-0.05271819527271513,-0.0010568126495376032,-0.0010550739033720917
40.910000000000004,-0.06690323787891161,0.002368238977039276,0.0074471223915020665
40.915,-0.07946963267678661,-0.013707368971920198,-0.005558920004882053
40.92,-0.05790398291306563,0.0037374850767622862,-0.00591354043377713
40.925000000000004,-0.06986949024699411,-0.003977195679706716,-0.01088313169104929
40.93,-0.07018748422355767,-0.02166167031714012,0.009057013825788034
40.935,-0.051522620378435975,0.00822445332731064,0.005662814678602356
40.94,-0.07721608002720855,-0.004072682920219898,0.0076825891104981055
40.945,-0.06017761049136802,-4.3976847471949645e-05,0.01549702973288429
40.95,-0.071735233923318,-0.015378539717596462,-0.0011076617572789377
40.955,-0.06020195463536911,-0.014717038366603558,0.021941895613578725
40.96,-0.06618883365632758,-0.00846226081872254,0.020473561277565097
40.965,-0.07702156464090597,-0.006138304982401661,0.032977358928382036
40.97,-0.06756988366529314,0.0009374052625284665,0.013414024156876177
40.975,-0.05787035616670196,-0.01868990165965175,0.0085917558754682
40.980000000000004,-0.06161183478610836,-0.005590996053356223,0.01645710414850795
40.985,-0.06846045369421304,-0.028283878392028387,0.005101660873489604
40.99,-0.037871107368156395,-0.02318713776828532,-0.004394524695112545
40.995,-0.05977216770599872,-0.018909871711756794,-0.007783131945220052
41.0,-0.05331787446563786,-0.008852209687525056,0.007979731195567422
41.005,-0.0590123369745291,-0.004979218598638984,-0.007302656643672975
41.01,-0.07456416156143728,-0.02500264729812977,-0.0032986896682779265
41.015,-0.0656902125188765,-0.01512941626295154,-0.010240941753407574
41.02,-0.07089463386139996,-0.017326710047382485,-0.007592507019524325
41.025,-0.04842367624995483,-0.02084284852447496,0.002182464265508952
41.03,-0.07546164535129249,-0.01222014472083898,0.0024074689597870565
41.035000000000004,-0.06837345139769914,-0.01533480988984779,-0.016327340470777267
41.04,-0.06983457404268768,-0.04161764239946732,-0.008942093761977375
41.045,-0.07700568181832643,-0.006666621334813201,-0.015244589556201362
41.050000000000004,-0.06047918024733132,-0.028965671811560508,0.0111503697730751
41.055,-0.052345899405117524,-0.03200171179553058,0.013565594562444487
41.06,-0.060331554989898215,-0.02458528051686097,-0.008454604647171342
41.065,-0.07565280100932102,-0.016447022824574054,0.0048182202372134865
41.07,-0.04282116262543485,-0.007611076452023767,-0.0029908862722070424
41.075,-0.06354407662959821,-0.016816144291765214,-0.009741825521816757
41.08,-0.05584547491920064,-0.03632351461999413,-0.022392623337928082
41.085,-0.07342932763792483,-0.021918203788472992,-0.004039250109610155
41.09,-0.05353919130691549,-0.012419410439410309,-0.013999987389998109
41.095,-0.05733793805189584,-0.015564690602843963,-0.0035185701286263174
41.1,-0.0717720008974901,-0.011903514072077362,-0.0029354679974832386
41.105000000000004,-0.05512373251682243,-0.012994078507030842,-0.0026591768801261287
41.11,-0.04909084740201029,-0.025319445850691007,0.00503786631129988
41.115,-0.046081356050892974,-0.014559806256519698,-0.01096951233924983
41.12,-0.056072397157054615,-0.023202981444293773,0.003792099463266774
41.125,-0.055938413585863704,-0.008375833003522086,-0.004376304637777911
41.13,-0.06587067257510747,0.003465911480092093,-0.001658271344607008
41.135,-0.03700039979219444,-0.024430650204543464,-0.009121813897287896
41.14,-0.05689014268375009,0.0029707419943306203,0.006783988304294166
41.145,-0.04622615932479448,-0.015076653035505315,0.0018197190610177395
41.15,-0.0669594772535004,-0.015328959297478795,0.0024796988445858073
41.155,-0.039773750821958206,-0.01605360774951564,-0.0021676628816708126
41.160000000000004,-0.044793026294414874,-0.011666699896113197,-0.016489116845978567
41.165,-0.05316082865220616,-0.008033164583222422,0.00776859962479796
41.17,-0.042039235218724186,-0.013621330082865464,0.003576932459337486
41.175000000000004,-0.0626464924350494,-0.015597053393951791,0.006059773613186278
41.18,-0.04895090300355506,0.0011351329207044559,0.012190228033574948
41.185,-0.05140168452375764,0.0019014391209106578,0.006240506549791166
41.19,-0.045750878303135054,-0.008488063667204244,0.006434346941644289
41.195,-0.05385722120303304,0.008899022635820038,-0.004857404758104441
41.2,-0.05040867382193889,-0.00016164054643327472,0.0025040340714266827
41.205,-0.05440882020763761,0.0004253027779009162,0.006525599735718493
41.21,-0.06499422176166754,-0.00041291479434150437,0.013716596210290434
41.215,-0.04795236101232805,-0.005451352753994723,0.00658591812341385
41.22,-0.04325620022091953,-0.011455392409066994,-0.0025553306020685285
41.225,-0.04956881125482752,0.0016902186985808393,0.010841133543044041
41.230000000000004,-0.051919328556666984,0.009465750337946537,-0.0065189680958311624
41.235,-0.04132245282712591,-0.010564127478288965,0.006725578809604843
41.24,-0.054097494161054006,-0.00353798406400958,0.002222026933728494
41.245,-0.03208715246795877,0.007918916916750056,0.0004938786959764099
41.25,-0.06324496627345183,-0.0007277912230673998,-0.007973840359003587
41.255,-0.0595830622855512,-0.00896087073329591,0.016518390356286834
41.26,-0.0486061721813551,0.014470610503966872,0.011916441500422006
41.265,-0.04430957436443177,0.0024917527399344157,0.0013571516146181628
41.27,-0.04130368681966223,0.002555943586771657,0.005589376541117682
41.275,-0.04613336786314845,0.010934099155666017,-0.0045267440102845615
41.28,-0.03730495556035966,0.010616660172338963,-0.005490375176499897
41.285000000000004,-0.027735978494470355,0.006927002017616242,0.03293648125610801
41.29,-0.04843099892423777,0.0006840706247499447,-0.016875667138753624
41.295,-0.03983055609888749,0.026867117904568173,7.434251090005992e-05
41.300000000000004,-0.053492913683221115,0.026804453336111308,0.0224385469901098
41.305,-0.05598508174666155,0.0014220029415140806,-0.005258575603360861
41.31,-0.04670134067706255,0.013687062195096217,-0.009858578465580676
41.315,-0.01835308831463204,0.009005189200968638,0.00882367206691477
41.32,-0.046332783397999,-0.009446521834189002,-0.006183069763999679
41.325,-0.04097446730319809,0.019720933188959025,-0.014228216974387574
41.33,-0.04607438815432924,0.0071298675249765325,0.02224402623245239
41.335,-0.047775979341549264,-0.0010880612778049609,0.004798416326922995
41.34,-0.038990052748164396,0.010595856180989226,-0.006523818296474016
41.345,-0.040273486065056,-0.009716205395999891,0.015836451847547194
41.35,-0.04812463280301114,-0.002823637174554661,0.009797238342624798
41.355000000000004,-0.04356796083695888,0.025149286775460925,-0.01965222609523138
41.36,-0.0668263911486141,-0.01861480600925259,-0.005495016029174706
41.365,-0.04743053179513311,-0.0058236852410817885,-0.00136145662410664
41.37,-0.06486250885253537,0.011153737057372243,-0.01049694042893621
41.375,-0.038940467558665835,0.007802221241912034,-0.005972226111537944
41.38,-0.0617802601569741,0.0008046295449765581,-0.01209582691917112
41.385,-0.03351386049256379,0.01013463510068105,-0.011175574997084449
41.39,-0.04293062675074854,-0.00970475828570319,0.000851923463294919
41.395,-0.030332014830371033,-0.007551310586749734,0.016899533872924775
41.4,-0.031828027422688185,0.010167012583724863,-0.0005310536174243635
41.405,-0.05454514835253824,0.004199289711248524,-0.007729911882917452
41.410000000000004,-0.04761886898370447,-0.021420930985496474,-0.006757461266188458
41.415,-0.041530449026924376,0.00561150504642894,0.01838935230288603
41.42,-0.059484432144543097,-0.018070359117894345,-0.004181371408737374
41.425000000000004,-0.05070730769926295,0.010737485631197165,-0.009521595283882224
41.43,-0.03640093083168674,-0.0029955926402168466,0.007719983196130506
41.435,-0.05564617281333637,-0.03803704730953998,0.013118499820771524
41.44,-0.037053368556430974,0.02621773168498148,-0.01492427788750367
41.445,-0.028339505817285747,-0.0129699806405224,0.0007485814748203288
41.45,-0.04920953006373201,0.0006048287635423699,-0.013710690593010437
41.455,-0.030592300759807324,-0.010906715956396399,-0.01237368063341732
41.46,-0.035537634662306306,0.008246377505045893,0.0018305922790588826
41.465,-0.046782727473180886,0.006532935455396367,-0.002526123147352788
41.47,-0.020690038173267596,0.008515861217832384,0.001033204632751446
41.475,-0.017803147023832358,0.010334540414645762,0.014519017573529306
41.480000000000004,-0.031477782039285446,0.012552627509743047,-0.01034222097732107
41.485,-0.03282238298294772,0.03200079255087315,-0.0007461913095733481
41.49,-0.03918124269769274,0.004233632064644919,0.009444404613760466
41.495,-0.02279933545490922,-0.00222836487737111,0.016523898391855665
41.5,-0.02371524099994509,0.003534082723639958,-0.006881091378394601
41.505,-0.03385865641227014,-0.019551969422207972,0.03513478019613804
41.51,-0.03003514658151174,0.004418212285945907,0.010068402240993103
41.515,-0.040104370231114704,0.0025926333167173438,0.01901895805413876
41.52,-0.03944454750894236,0.0002511623485116181,-0.014826102212212415
41.525,-0.032383338395430575,0.014439734970684983,0.0018967345576118028
41.53,-0.049269314669573454,0.008974925030144031,-0.0042196896474117115
41.535000000000004,-0.0367039435918481,-0.003169282500727906,-0.008937967677316246
41.54,-0.016292330922750745,0.014263266962284311,-0.0043478222040407265
41.545,-0.03329675477815774,0.004559983385221709,-0.014315712724515409
41.550000000000004,-0.030348859983006248,-0.013652521029500231,-0.004947210570535095
41.555,-0.0423590092911707,-0.011654074637595924,0.00028317495410766676
41.56,-0.027026083999353585,-0.0021715134468427467,0.006353654204111579
41.565,-0.04231959746722535,-0.007255711053604421,-0.0025500786574319447
41.57,-0.026462367455963597,-0.0015200801469797964,0.027684442860214646
41.575,-0.02715096994911086,-0.0011072821051823362,-0.003827944663013746
41.58,-0.02700012399519261,-0.0042643059317467764,-0.005197220203408856
41.585,-0.011148234322963683,-0.001462799114714041,-0.005767134769567266
41.59,-0.036305095544029053,-0.011219314811484311,-0.005916833665438133
41.595,-0.052292436295706166,0.011273466124420935,0.0028018816231957615
41.6,-0.015361726829307592,0.004822939125695636,-0.012924229119502313
41.605000000000004,-0.03673003186108642,-0.009820503315121598,-0.003371810462986336
41.61,-0.02661417437458464,-0.0024020100031201877,-0.0018619780219853877
41.615,-0.018159719484491316,0.0034801067115731617,0.0047396863373036936
41.62,-0.02274530224260314,0.005369767967444809,-0.002457350700122967
41.625,-0.020986534136108043,-0.005878303755818975,0.006211012556774472
41.63,-0.01890033473349396,0.008629544703937175,-9.603430022332368e-06
41.635,-0.024024180667606112,0.005706987625702549,0.0012173404515363091
41.64,-0.023965231793479348,0.01064256538847088,-0.01500624353960336
41.645,-0.02113368314986496,0.014777909878628905,0.010704088738711561
41.65,-0.029949763853406575,0.004018559493065444,-0.0010993198632375453
41.655,-0.02963213076619268,0.008653448825443475,-0.003813259993441497
41.660000000000004,-0.008535922228093698,-0.007320089843501453,0.014249180139287818
41.665,-0.02636843020372814,-0.011155525924207332,-0.018731308830519898
41.67,-0.033763469969585895,0.009653711646672468,0.0009385345973088322
41.675000000000004,-0.0274006393651798,-0.009507426796129278,-0.014639982744648162
41.68,-0.028532587919471858,-0.007948117935066917,-0.00025167931136838365
41.685,-0.024621557505543772,-0.0007423065190048893,-0.0018022203237509742
41.69,-0.02479127699811179,0.007140455108780044,-0.026486074070442553
41.695,-0.008662482659013792,-0.0004808421506704644,-0.016751892524149863
41.7,-0.018807284489473712,0.0001431364364438692,-0.009231670616243217
41.705,-0.02436783893938852,0.010577992204260426,-0.004264707921370717
41.71,-0.03261751769823491,-0.004268435761850252,0.004889672124385614
41.715,-0.01901091970572721,0.0027458643323257023,0.0029214161375230134
41.72,-0.024721200978573367,0.014628508350465998,0.0012350185685507352
41.725,-0.028976546391094843,0.0075492520313657635,-0.00792912749912678
41.730000000000004,-0.009973073751758321,0.005042969781302805,0.013995625062628546
41.735,-0.037109280531862424,0.009556740994143161,0.006668009134737484
41.74,-0.03251199049101431,0.0044669264062405754,-0.020674923137106803
41.745,-0.027571474376352868,-0.006331360763121494,-0.015551616696419572
41.75,-0.024984841847269266,-0.013954571109035214,-0.013907797833783337
41.755,-0.029275558430886372,-0.006388164491023956,0.006561187204087019
41.76,-0.017450701069145765,-0.01691474174776675,0.01079855244170914
41.765,-0.020502038786363978,-0.03074465085305788,-0.004855024320356119
41.77,-0.03866825236624276,-0.017500069704005815,-0.001109239881616285
41.775,-0.0237225620200263,-0.0018416543271723186,0.005343182360336377
41.78,-0.018209546415144676,-0.015991012825146277,-0.003867337976045023
41.785000000000004,-0.027204228318022963,0.0017640573197606653,-0.019953306520876308
41.79,-0.028721189920297905,0.005033167128661049,-0.017765140595367226
41.795,-0.037503950323834856,0.008024057699019128,-0.004865424340449226
41.800000000000004,-0.018107265962099904,-0.0007741296738688515,0.008256902386600323
41.805,-0.020388362477963128,0.00048608678409876524,-0.0031276842816349466
41.81,-0.036145691694409746,0.0005137234392508655,-0.010263292562032657
41.815,-0.00975053963154875,-0.00379920887326754,-0.01492207428885364
41.82,-0.031235430526597743,-0.011432271178491613,0.00776717087890107
41.825,-0.007536465010524483,-0.0033477708399019465,-0.0006766782785452424
41.83,-0.01664081176277041,-0.006270596626244917,-0.0065997651693942665
41.835,-0.025043647430336914,0.013672425757663038,-0.009140636194850617
41.84,-0.03536231589451959,0.0014065840784156236,-0.012570732031795012
41.845,-0.01668362882131874,-0.003601018457931631,-0.0038256051282366393
41.85,-0.046009601019398425,0.0003720782005138916,-0.00028320195104139523
41.855000000000004,-0.02140307234424202,-0.012162715062955574,0.011322799860925051
41.86,-0.030888853884354216,0.0009677779651446408,-0.012366511431947107
41.865,-0.016916256598099588,0.005590021882158354,0.0042183101926862275
41.87,-0.02177742392368912,-0.004885903679568121,-0.015069003128576772
41.875,-0.0011786781395955147,-0.0006113934321565657,0.009529836843282789
41.88,-0.021698553966763314,0.02294670340022598,-0.0032861005553919097
41.885,-0.0201488588047005,-0.013472217827619327,-0.006432892500476182
41.89,-0.02401485537819072,0.015030494371366797,-0.007643506007946252
41.895,-0.0035385556839716455,-0.0030259279719131033,0.0020248484796012694
41.9,-0.0019059362235069677,0.009559765740067679,-0.007135460206292951
41.905,-0.020693308339383983,-0.014049295911764792,-0.004995877538760209
41.910000000000004,-0.020630833065571206,0.005643343268354521,-0.017775213696028386
41.915,-0.027466946000335994,0.0037592260903014374,0.0018923141135437447
41.92,-0.009843282154546891,0.016827607717778085,0.013675737442955273
41.925000000000004,-0.03169159872255376,0.0007704733167462306,-0.014713877609341853
41.93,-0.019509226873918546,0.008150279551245941,0.006807173438479244
41.935,-0.010477120157302518,0.0021654544387356874,-0.01027128536487056
41.94,-0.010386913492069098,-0.003806670684889442,0.0056753349114081475
41.945,-0.021013297391731547,-0.005340276693176455,0.017807389474808824
41.95,-0.015141560894026808,-0.004610992683000751,0.018499752257597264
41.955,-0.018019220052820528,-0.0014517387626441051,-0.007960336351780803
41.96,-0.014292157651309171,0.0037744602083794425,0.012209751666143062
41.965,-0.04120140295242368,0.009308971444851016,0.008306543635261364
41.97,-0.017751837866655077,-0.006467289691444826,-0.001487302999226562
41.975,-0.026121744526406795,0.006895243249284234,-0.001752643993448398
41.980000000000004,-0.004263905996187502,-0.00525729276119217,-0.0007181689275720972
41.985,-0.03595811201463325,-0.009301398887774039,-0.002314775863730606
41.99,-0.020966865492843184,0.004448659716305325,-0.01109444119127948
41.995,-0.00725112890267275,0.006406494118539826,0.017343338427668796
42.0,-0.019591240903246713,0.025489266092330164,0.0103549797657503
42.005,-0.021182230732985294,0.005914977557124359,0.002561191703737406
42.01,-0.019688912061154792,0.01756078977863164,-0.001137937699411
42.015,-0.009884344245598956,0.015701938259426625,-0.006759870876669821
42.02,-0.03477761641082062,0.01443786635736825,-0.0056607603380324865
42.025,-0.024413873334336103,0.008636439255414394,0.01826791475167403
42.03,-0.01307524243600062,0.00018041612289984577,0.011652594314230793
42.035000000000004,-0.021576754950821373,0.0007658392474973671,-0.009546825360429095
42.04,-0.0063504150699352805,0.010217864429858243,0.006236511404280328
42.045,-0.01444350536297146,0.020130523395112003,0.011382304970912385
42.050000000000004,-0.003549904428352072,-0.009101878201287491,0.0008942764275729764
42.055,-0.019350074237340684,0.0009504073320531041,0.002131844434088044
42.06,-0.030300820830362424,-0.0010679044580894827,0.004019757940638247
42.065,-0.008139299614620302,0.014608470364761157,0.0014119583619078956
42.07,-0.021069989593270933,0.009617077614163036,0.02136987061381075
42.075,-0.01152926651940977,0.008759687242443583,-0.010077515858863646
42.08,-0.019839257668127414,0.0030724438105135185,-0.007593633275379253
42.085,-0.031228595869891542,0.0008163013244370399,-0.0005669756015936906
42.09,-0.035525191902900946,0.018553357390202765,-0.00938167476446637
42.095,-0.01907773374282992,0.014129531692287355,0.0004102172616380906
42.1,-0.03993763795612979,0.013982089780375705,0.019307895534190905
42.105000000000004,-0.019605281853963354,0.02543694204848903,0.010707530650687162
42.11,-0.05073983197617131,0.006365972155773916,-0.004342551918701745
42.115,-0.024634895422772606,0.005791407178666018,0.0005605909734083953
42.12,-0.026201231600164666,0.01054094538918689,0.0016798916709349666
42.125,-0.028341631809104727,0.006977699691144678,0.01111705646859094
42.13,-0.018733969165017295,0.01511871836199676,-0.010032510275013574
42.135,-0.011800421696275896,0.01681379036406718,-0.006553073414245637
42.14,-0.016991571091230936,0.008209163421325119,-0.006958517412189539
42.145,-0.01740008584684101,-0.004130714692360621,-0.001732748798175943
42.15,-0.013832609593830099,0.025151143738793416,0.0007440394742589847
42.155,-0.01144291302664247,0.026025353158518474,0.0009691573776176889
42.160000000000004,-0.018108258044441407,0.021295568148875024,-0.012761333791931827
42.165,-0.003599631346349888,-0.005731604457717724,-0.009407725501586695
42.17,-0.019071979215997424,0.011032911615881269,-0.009938687233749794
42.175000000000004,-0.015732180234409553,0.004536972666879406,0.008920548330781077
42.18,-0.0332983311685552,0.0034551097807484065,-0.002233477494868198
42.185,-0.018519880609258327,0.025572301239914608,-0.000605910432164963
42.19,-0.013567874052271599,-0.0038792725385410473,0.005396607093978071
42.195,-0.029031027315013738,-0.0001346179667659729,-0.004527153600477325
42.2,-0.003151602232002234,0.0011463977205979428,0.00901108454428676
42.205,0.0015883685177730048,0.0177772713858926,0.007604947073462001
42.21,-0.02975423382291574,0.014597571780071901,-0.01041285317862539
42.215,-0.015197925132990866,0.004687553281409892,0.009794314798241083
42.22,-0.02217865809188732,0.014906874398721981,0.015213101022744886
42.225,-0.011861244008250074,0.017134424269458957,0.014771414678713783
42.230000000000004,-0.021936472573794275,0.03066924947018579,0.008956819333863063
42.235,-0.02788345600020416,0.01411302678144001,0.004680872304826219
42.24,0.0041455726600840735,0.014377010635477225,0.0016140814699523026
42.245,-0.01689330904715988,0.01045135985963377,0.0005786988764269491
42.25,-0.015238506877520175,0.013758153925833027,0.011793033326563633
42.255,-0.023113002578211538,0.033917796519427605,-0.004152672298682727
42.26,-0.005636896633504104,0.008402156023990866,0.007562931410042292
42.265,-0.02340257707207228,0.024923468431234008,0.004396273952987086
42.27,-0.0066972726189913805,0.04169984855478628,-0.002108930192675832
42.275,-0.012592501806563986,0.03871764471644425,0.003424893595586174
42.28,0.008763625443253934,0.02581276106367717,-0.0061293506863649184
42.285000000000004,0.0047949221722529975,0.017005513450757747,-0.01663306655871869
42.29,-0.015957834944733563,0.012186183125297147,-0.006069120846473744
42.295,-0.018652874985559356,0.02639273655792506,0.009245659604198798
42.300000000000004,-0.01893789268442048,0.014975459950410091,0.0051366707202610395
42.305,-0.01017773472419721,0.013819176581649554,-0.003130482875671128
42.31,-0.01627934245779878,0.025376238634012394,-0.013719450741232401
42.315,-0.02091233664114964,0.028075484414198208,0.02933417691397099
42.32,-0.029992832986759005,0.031188850837140226,-0.001512525714832574
42.325,0.010767824954167803,0.013541309141641582,0.012034489549662915
42.33,-0.013983056987797053,0.036684108123860984,0.012046792682154226
42.335,0.00010815960587721432,0.003070249394156512,-0.01280663950047179
42.34,-0.005811993790502791,0.004223916122144378,-0.0025131164327283073
42.345,-0.02546369273046533,0.018343579257773017,0.003335270763234321
42.35,-0.007347073657810087,0.009476848691273663,-0.0026340538144691977
42.355000000000004,-0.0013090833677219986,-0.01030519544839,0.0019223537470443343
42.36,-0.02698263478364883,0.00887699228641878,-0.013130744090094466
42.365,-0.010702981761770567,0.014329660284880093,-0.012710038020906436
42.37,-0.0007748679336845436,0.02666003781696176,0.004034410786907167
42.375,-0.010733244105501508,0.017950209108378343,0.00037788959459375895
42.38,0.0015560005362610465,0.006778699179797369,0.02765161663182059
42.385,-0.010625483928801152,0.027008058834714438,0.030989223968138514
42.39,0.0029705318450971305,0.0057912070312160155,0.011425835940133931
42.395,-0.01332487016476458,0.01988205806115555,0.019401740079837335
42.4,-0.03547914427388081,0.003512502283980295,-0.018149656650998425
42.405,-0.02391136513637934,0.007218678225692405,0.008843409331960145
42.410000000000004,-0.007529984070501304,0.005558035922612005,0.008180631457658608
42.415,-0.008114308484925975,0.030500036228978962,0.03023469150262722
42.42,-0.019639802021910773,0.008966365411280016,-0.0052095714812361565
42.425000000000004,-0.01420593446644512,0.011416548673030689,0.0043245744919205385
42.43,-0.013314440774879479,0.00660192474911794,0.011378768198573207
42.435,0.0019312725740390812,0.03749039968861997,0.029451251544756207
42.44,-0.0199026676159337,0.012770635997651466,0.006423326818241983
42.445,-0.014742512380590388,0.028537109630943514,0.006787966518646502
42.45,-0.0037163534693162737,0.0012007764668317145,0.0220549687177031
42.455,0.019279370748672326,0.010493695465764702,0.0003795712508386593
42.46,0.006198800387675915,0.011996603100187487,-0.003952428204614229
42.465,0.014605376320486967,0.02137693206019621,0.004317747292873073
42.47,-0.0109873644136564,0.024613481586193676,0.021306940845712677
42.475,-0.017188027230300062,0.017773828892706282,0.015261446934029305
42.480000000000004,-0.011966657878283195,0.01690896199321744,0.016910425926436726
42.485,-0.0013373185463130522,-0.0027325792833343783,0.004869480183571201
42.49,-0.012381024502105485,0.007281101617367891,0.024520978942181387
42.495,-0.029722386550046002,0.017812346132259998,0.003018635836018446
42.5,-0.013581817838183248,0.005536173940888987,0.008304322942929258
42.505,-0.013715451184679914,0.02553715612366777,0.021041900459886048
42.51,-0.012415157569453739,0.011381609035600343,0.020366431825255875
42.515,-0.014103652373358411,0.02281033280607358,0.007140583903237553
42.52,-0.008844638993230026,0.006757291447412739,0.009360394896318607
42.525,-0.00789005401487423,0.023402293212463086,0.0016351656542140589
42.53,-0.019149382406408087,0.007595125340890773,0.017056588273710607
42.535000000000004,-0.026646403490536794,0.013643068506054266,0.025822827292228165
42.54,-0.013729126769875671,0.010307316757971599,0.01875466926461873
42.545,-0.026898463146921122,-0.017935951362419367,0.022711141717733946
42.550000000000004,0.002316408442117938,0.010671864262903716,-0.005373875954412929
42.555,-0.011846679718906936,0.01191417545205493,0.0021931574300566564
42.56,0.003522701175653568,0.02005223618910234,0.011322808318675529
42.565,-0.0002545444657881873,0.027217227580003795,0.012271566878234627
42.57,-0.003474740484550626,0.01841936206632172,0.009502237637208201
42.575,-0.0017394659676396272,0.023762479292622263,-0.0008788171012977172
42.58,-0.0025165751538930824,0.03984304871121537,0.005362035843678503
42.585,-0.02651207742440592,0.007925604132529832,0.0071283131205714355
42.59,-0.005199325270337365,0.015815578423004316,0.00606384879026464
42.595,-0.008137766844762091,0.008842324419225807,0.02436996962075597
42.6,-0.02214819548992577,0.008369760362755461,0.009856147687929636
42.605000000000004,-0.030057518839010075,0.022755169148588897,0.01914529126415258
42.61,-0.00430988326170419,0.03245591082302106,-0.0020446943157323844
42.615,-0.015250795841001301,0.01338967120281961,0.010200844090739554
42.62,-0.004175396168564315,0.013249961492968611,-0.0008122512670399509
42.625,-0.01942803237522732,0.022265890980549402,-0.0018992517119678955
42.63,-0.012227530829270904,0.01037101645087776,0.035005968562745834
42.635,-0.024593894119056416,0.017654472818277457,0.002075621129387358
42.64,-0.004927961096162239,0.01674051616713761,0.02051878115956709
42.645,0.0028748397858931038,-0.006017567804035449,0.007369674544385273
42.65,-0.017084306574243004,0.010255718753302431,-0.005774086327776403
42.655,-0.018986015319887098,0.004636324335808274,0.01870202119833582
42.660000000000004,-0.021379103600432367,0.014335803645632559,0.012626157384224653
42.665,-0.010138681352134155,-0.004078727558038414,-0.021964743570782694
42.67,-0.028416144310643154,0.004740340840837385,0.003249492032740605
42.675000000000004,-0.010205963095073357,0.004627128729824093,0.0001999014210427308
42.68,-0.02376456758869325,0.017637754244367063,-0.0034119231084194877
42.685,-0.0017410177042935632,0.013749479624522543,0.01180610389587233
42.69,-0.01758512375344961,0.013611403869706884,-0.0015159541878569417
42.695,-0.007017583764581602,0.009546564135463984,-0.013088409480086865
42.7,-0.018073548099822475,0.0011071542296011982,0.0037796032591277517
42.705,-0.014473281799291278,0.007583146169474126,0.0071719309507069715
42.71,-0.028476197168347924,0.0035691254944907897,0.001524711893988272
42.715,-0.027243091589634272,-0.007882670562330031,0.012932627652183414
42.72,-0.03296158145709312,-0.01719207747164328,-0.006356947907510417
42.725,-0.015947389819599894,0.023908602168712798,0.008011251903728988
42.730000000000004,-0.018920338848430023,0.005612464300078456,0.009164086258767233
42.735,-0.0024753756444927514,0.018553247609450325,0.025550205111309107
42.74,-0.019996701056021148,0.019539302905296815,0.021413697446964274
42.745,-0.021041951634868418,-0.0026132056070399708,0.01605821412005056
42.75,-0.01514027741047473,0.006379737307574284,0.0032284679195274998
42.755,-0.0282529405291569,0.02269107306405991,0.01255875861519175
42.76,-0.01664559580394772,0.006819518267680128,-0.0008724920416368145
42.765,-0.02113419577386955,0.0017126552614248327,0.011344564664105269
42.77,-0.012960098781559114,0.0020813977654237283,0.004157997092250412
42.775,-0.008556815329174032,-0.0016862454526063927,0.010621753887706807
42.78,-0.015599072522577502,0.014312061412135911,0.015621333307263001
42.785000000000004,-0.014350736299916364,0.01705687026866558,0.010904895741084785
42.79,-0.021462019010249574,0.009640931977820937,-0.00032873658929541937
42.795,0.0008141372882572869,0.00681422601368604,0.00919215119517331
42.800000000000004,-0.022377182779169242,-0.001145957747213796,0.017432669993697546
42.805,-0.008665344811380857,0.027535409912191208,0.0016059414673734902
42.81,-0.0057087415347448454,0.010037788129806104,-0.0017204852383430544
42.815,-0.043697139959939596,-0.006722701020304543,-0.0007466623470778477
42.82,-0.024665784369082823,0.0035217534687947702,0.015611172444431278
42.825,-0.015964780166121906,-0.00016829943597938888,-0.0013342398789923503
42.83,-0.020276222683560916,0.008114507352472588,-0.0023098332177279614
42.835,-0.020559316822829417,0.02101055718693598,-0.004381773759555365
42.84,-0.013078319600862266,0.026330694081246785,0.004246425848988471
42.845,-0.048172181124706295,-0.02284492311068669,0.008021257552882839
42.85,-0.027248421840469075,-0.011526982456911916,-0.002806172943349513
42.855000000000004,-0.018438184192220618,0.012938012059747324,0.011431863400924594
42.86,-0.017644703178310853,0.0043632881306797456,-0.008631423998469733
42.865,-0.017259136552300696,-4.63761777707134e-05,-0.0035116059412662716
42.87,-0.0324172123614857,0.008130130248516314,-0.012409727831870521
42.875,-0.037735691533394365,0.0024500769159551297,0.004262531958822105
42.88,-0.06284992096326752,-0.006498097610649946,-0.018051217217061283
42.885,-0.032527896424877245,0.008633867302146813,-0.008559386743748235
42.89,-0.030779229633708806,-0.02190861540353867,-0.0023115786002793556
42.895,-0.02863113260087716,0.001341600744744596,0.0019440445175106322
42.9,-0.036684276226098295,-0.0008026733267374854,0.00024200987981341446
42.905,-0.054174219486246955,0.011296400224843184,0.002802953632481491
42.910000000000004,-0.028936549025792895,-0.0015252472543754144,-0.007622042315733208
42.915,-0.03105392241669492,-0.0036374938938571874,0.0006135143171878792
42.92,-0.043751462005343814,-0.0005887199250011093,-0.02422013337933805
42.925000000000004,-0.04500721073486882,-0.016384819024241805,-2.403293736099113e-05
42.93,-0.05575698633353878,0.0008275247939067403,-0.008097781744196253
42.935,-0.025500610206300074,-0.00020753782481476753,-0.00493067730696924
42.94,-0.029371463862211677,-0.00286744811156505,0.004620520558233497
42.945,-0.030794262457261593,-0.00805438397737728,-0.006706063002418189
42.95,-0.02171776510478575,0.01090998825236685,-0.0065301343089658875
42.955,-0.01897412122127124,0.0012351794059965657,-0.010102753349557115
42.96,-0.03768187502175915,0.013810820317284388,-0.014850774056570759
42.965,-0.022481916450123464,0.0076465720433358045,0.004405042934545779
42.97,-0.0019551670592511047,0.0038851011084724933,-0.025448933702556912
42.975,-0.024984332267238837,0.011903703610254465,-0.003969577058179942
42.980000000000004,-0.023190845011801853,-0.024974630764612357,-0.010109694948837504
42.985,-0.03437447800678488,-0.0053246366397660585,-0.009983924070046099
42.99,-0.03340966646724939,0.00026150569385624024,-0.01259312889270348
42.995,-0.0340165139493351,-0.008888453936096398,-0.009192330675093615
43.0,-0.03909995870720485,-0.006451057386617793,0.012131546833616624
43.005,-0.03925482946871211,-0.012800659989234301,-0.006474161551685259
43.01,-0.013518601909201131,-0.01743787369591717,-0.009183835311695495
43.015,-0.025993310043620044,-9.710074223961973e-05,-0.02446618835615881
43.02,-0.03338684120695063,-0.019727006815349214,0.006224899965202032
43.025,-0.011737675568242208,-0.025638681172931218,-0.004543351247412782
43.03,-0.03635312459191918,0.0035683156627811467,-0.01922453412726678
43.035000000000004,-0.04321049801560683,0.009039762677468385,-0.005225826647605285
43.04,-0.030091161009350942,-0.015529864676926918,-0.009156239008677724
43.045,-0.03297895797024979,-0.010185246465250567,0.001134405848031119
43.050000000000004,-0.04361369396840717,-0.006774893376137854,-0.005274820846328392
43.055,-0.0317419174361719,-0.020904206246761814,-0.005860026579561873
43.06,-0.021100285574305672,0.007317808277122081,0.0033492578460888912
43.065,-0.04667981000023168,-0.0005168264533744089,0.00019154347489235002
43.07,-0.014230199560656829,-0.010964015346989894,-0.009116962452966696
43.075,-0.034211297468219194,-0.0013567021580395966,-0.010744028556501917
43.08,-0.03055646572611361,0.0015905464378473313,0.0014655479402526025
43.085,-0.004241299138873476,-0.004808560804934431,-0.030065179465633675
43.09,-0.03165972979354935,0.026199681115951653,-0.005786585680162158
43.095,-0.03496756004473831,0.0017844509349867485,-0.012823754919827481
43.1,-0.005572279259420264,-0.0018569260175084765,-0.021734268640076153
43.105000000000004,-0.04467247121694226,0.005333221295308963,-0.01569567805325361
43.11,-0.036312584531100846,0.005366177214645871,-0.007257606788313222
43.115,-0.015881915829676026,-0.003537050751626974,-0.01539248081516932
43.12,-0.02138991736138605,0.0036285542804913107,-0.015417872945732478
43.125,-0.05009167241740562,-0.005099522340216244,0.001080030557287382
43.13,-0.03159023421228051,-0.0077761406829902225,-0.03354141562763962
43.135,-0.03967732664948083,-0.00043371923836535865,-0.006284795888233314
43.14,-0.06148090711487131,-0.011076954515678786,-0.008728792610766596
43.145,-0.026267721387788275,-0.005914066068809867,-0.005532956777504212
43.15,-0.02443247376071348,0.008945738129980375,-0.007469695627596758
43.155,-0.04214502318415296,-0.02152159255331631,-0.017130228189145766
43.160000000000004,-0.05216605560328461,0.006511617565951757,-0.04359259693444068
43.165,-0.028009499161741808,-0.008966603347434147,-0.02630025258156733
43.17,-0.03565654684453386,-0.014470951286158417,-0.003946873055974558
43.175000000000004,-0.031171915748363713,-0.014050501787502515,-0.01223723168623517
43.18,-0.025595793363894864,-0.0002029810197721818,-0.029900026356741934
43.185,-0.03634648752976532,-0.0053075599656730995,-0.023661563166358514
43.19,-0.035158591707715944,-0.010354666553521418,-0.025550669684932192
43.195,-0.037146253327351074,-0.030382448795206338,-0.002894671172299794
43.2,-0.019326632423449334,-0.00537038654017127,-0.02395059375670709
43.205,-0.020133481449762746,-0.024819383374113525,-0.032274644311711606
43.21,-0.03400682609060038,-0.012102798530868052,-0.047814857521896896
43.215,-0.02885820620678205,-0.006481380695699781,-0.010764004327385791
43.22,-0.04370496152536357,-0.018551196300760665,-0.005173058427762563
43.225,-0.04607485463639742,-0.021392324459891462,-0.013272596217190596
43.230000000000004,-0.026632589526189625,-0.001126190581433685,-0.013552812672573473
43.235,-0.033298661079775145,-0.014191071482636455,-0.03097596367583931
43.24,-0.039853244888708686,-0.005237909353877473,-0.02211669702160734
43.245,-0.03988543440874075,-0.02354045078961562,-0.01929696154746355
43.25,-0.03788258364876801,0.010219361256173495,-0.0130711507298205
43.255,-0.04006129172167104,0.0011572614659191918,-0.009471121550202877
43.26,-0.04224303364182832,-0.0124949661806297,-0.012174853723901442
43.265,-0.027132230033312037,-0.011133710306181793,-0.0009250626088809499
43.27,-0.049249231096943576,-0.010146917057332875,-0.0031079781571572707
43.275,-0.05058277512563773,0.013188360520338472,-0.004212713988777971
43.28,-0.028089009827723617,-0.001983057250224303,-0.017919187293198583
43.285000000000004,-0.05891609305581454,-0.004238517284567274,-0.009089178326617176
43.29,-0.02691244523080055,0.0047545326957154415,-0.0182652787823964
43.295,-0.03417972565770453,-0.0026406556348101194,-0.010055140628600506
43.300000000000004,-0.025344225851374805,0.0007557202537992738,-0.004937210916411538
43.305,-0.04644258609223999,0.020143114286255023,-0.007248616511146036
43.31,-0.047318099691433795,-0.008590066712424736,-0.005099700844327851
43.315,-0.022871445912210464,-0.00431235846835265,-0.01346190136749046
43.32,-0.027934615728197484,-0.0009211718656559802,-0.017419103901051294
43.325,-0.04424603840133324,0.0003207678413221244,-0.008845747183205181
43.33,-0.041283276451961705,0.0018647102736272627,-0.008658140785827686
43.335,-0.027575611255119467,0.010328867567917474,0.0015604320519237921
43.34,-0.021155962296549577,-0.017793417407320752,0.006002687638482232
43.345,-0.051161742116242505,-0.005810417510350273,-0.018137932470991856
43.35,-0.05365345853625887,-0.009720973058363913,-0.02785476801615721
43.355000000000004,-0.0325462753300932,-0.007878673755976284,-0.003608933168964863
43.36,-0.04090285856410347,0.01221735557179505,-0.011447445060362136
43.365,-0.046441673600533334,-0.017494435110907272,-0.036265350194980825
43.37,-0.04378551152029517,0.005200151801789432,-0.00394712191990562
43.375,-0.04753763873365985,-0.0017419161673066074,-0.022206067390584287
43.38,-0.031130393842231895,-0.004888476528299331,-0.015794208756650684
43.385,-0.0329610294254403,-0.0051275501298556295,-0.021804583334989504
43.39,-0.04616826514314169,0.0002118936297462017,-0.007434619678036715
43.395,-0.04250149933996794,-0.011815881225103905,-0.010527890613402506
43.4,-0.03331047967307046,-0.004341318085362467,-0.015172556527299232
43.405,-0.03313779169991112,-0.023270471183483184,0.005496433418579989
43.410000000000004,-0.027895919418234612,-0.011398352756325602,-0.0063806069428286715
43.415,-0.03825950312844943,0.01666769725255681,-0.0029304043678953264
43.42,-0.039689237688891585,-0.009592116296229643,0.009101749501439462
43.425000000000004,-0.04582098573976849,-0.01906606153101406,-0.0016141907596412507
43.43,-0.04575515747676872,-0.021199129731923613,-0.03900214645288201
43.435,-0.023366544722772165,-0.00038827803822087323,-0.019077446124894544
43.44,-0.03223402619130627,-0.014794399265046833,0.0034580202764830544
43.445,-0.007927644981657883,-0.004281425392158421,-0.010100717356907239
43.45,-0.018678117624486772,0.008602668230725755,-0.014341851625814663
43.455,-0.03383224933650055,0.006549895327053102,-0.015997419271923677
43.46,-0.025256504116546678,-0.009108792423580408,-0.011750356723478763
43.465,-0.020912843603664178,0.0010145091197321819,-0.016867148264108015
43.47,-0.02705821168971001,-0.020468632395829564,-0.010093151529959354
43.475,-0.016650479021664263,0.004462702970115377,-0.023624531768597506
43.480000000000004,-0.04038879172189227,0.01518292016500597,-0.0012220324656881804
43.485,-0.032283641965713,0.015759079143855586,-0.010374468935756026
43.49,-0.013415888176137135,-0.01319836026069646,-0.006055413799776388
43.495,-0.019236561574201554,-0.011144588596968673,0.00477232065618019
43.5,-0.022101341163894398,-0.0026131473604575025,-0.003247908252563613
43.505,-0.028820516534120582,0.008584396232577984,-0.002866187522677019
43.51,-0.02448511092094469,0.007275930679280607,-0.019774112158672787
43.515,-0.006673482445800161,0.00242342670766095,-0.006083407478304832
43.52,-0.004428719094413032,-0.005247608294675847,-0.00416769406587293
43.525,-0.0428761294866699,0.0017580064570805135,-0.02051631427701214
43.53,-0.023909846033525646,0.015820809992982732,0.011275768376031663
43.535000000000004,-0.0188221989034649,-0.0044264221517180515,-0.014565017621587972
43.54,-0.041954251270347506,0.005296084376784093,-0.014014594336337647
43.545,-0.0100646503161113,0.004741203632446727,0.005166736193713911
43.550000000000004,-0.01725112143151309,0.009249271729342534,-0.012733415351896309
43.555,-0.03572082955200143,0.014827363895549837,-0.0073906791301197
43.56,-0.037657468401320976,-0.009671185124075131,-0.002299888454067759
43.565,-0.009963969175552076,0.0021740167968943656,-0.0029756607776045933
43.57,-0.014035286112526194,0.008600039389155028,-0.02918131413636188
43.575,-0.03358010391083497,0.0013538382256151624,-0.006503586452594488
43.58,-0.037361680307772316,0.0038958519546539857,-0.007424917244308637
43.585,-0.034319800949259786,0.0004378972275974652,-0.017366479900049605
43.59,-0.03596991766768898,0.005053956308732299,-0.02067980955357495
43.595,-0.02660427078305103,0.004512555568428653,-0.024345760662727728
43.6,-0.026729470293592784,0.014114410922365334,-0.03383644321238769
43.605000000000004,-0.04681476410713424,0.006809177126804902,-0.028617116517962022
43.61,-0.020298083725454018,0.007081931610507289,-0.028964625058436062
43.615,-0.03683903919720399,0.009196358447923901,-0.025363899293994657
43.62,-0.04094857547843201,0.010934824114088216,-0.01551346896918708
43.625,-0.025015580756955216,0.002734859926320057,-0.02278979771070914
43.63,-0.04031642119776689,0.006466874105349721,-0.01308304969411779
43.635,-0.03718726615463008,0.018062645312152306,-0.02273102539856361
43.64,-0.04209246110213881,-0.002832305221349197,-0.029139282324280265
43.645,-0.026779171072907365,0.0017052172729901513,-0.028667442971893102
43.65,-0.028349090081971336,-0.003812941375476049,-0.028251357734882798
43.655,-0.046252972755298126,0.002573021998330022,-0.03430561520329
43.660000000000004,-0.02986111122859187,-0.0035434619834665785,-0.015527546495396708
43.665,-0.019692905862257973,0.020552604999691915,-0.016413471563155528
43.67,-0.039272884913565356,-0.005010231511701094,-0.016346373789238672
43.675000000000004,-0.0326154145073259,-0.0011916121448076076,0.0076947536390263305
43.68,-0.03990621052320763,0.0021610536202271644,-0.015729167592541365
43.685,-0.030358688583671294,0.009360020724716481,-0.032582612909880584
43.69,-0.03892462318400587,-0.01401391426626506,-0.02188792916160881
43.695,-0.03485875175792337,-0.004709726737877301,-0.02062422297121156
43.7,-0.03835306572834609,0.007093591641775868,-0.012326468945289423
43.705,-0.03559882292627325,0.0005298328240989046,-0.023215894824530826
43.71,-0.04684546495336748,0.006456731076911712,-0.0305309190308708
43.715,-0.033952251844771894,-0.020030365469489917,-0.02428684615419309
43.72,-0.01318302881244628,-0.014527286221446577,-0.0267746255741058
43.725,-0.042539525554156875,0.00445872381016266,-0.0231486117569784
43.730000000000004,-0.054184686395610485,-0.0026299994124296937,-0.02700458355111169
43.735,-0.049066669151722885,0.002292430115136093,-0.028444949550493766
43.74,-0.05350804498922962,0.010428457220968933,-0.03455316142775269
43.745,-0.057041851086929204,-0.002900209178299012,-0.03799856224431844
43.75,-0.040510751311788176,-0.004342501601011459,-0.022831451269152786
43.755,-0.026644944701305177,-0.011998565185157656,-0.012196506883954534
43.76,-0.04325746463914627,0.002473175236383171,-0.03215403798916628
43.765,-0.04067781291168042,-0.007262912255783023,-0.0316501253343936
43.77,-0.05412071595788661,-0.01792515344042157,-0.02041052308636347
43.775,-0.043136739273304976,0.00815504298468938,-0.027077539737659022
43.78,-0.030244313784311225,-0.009959312378945439,-0.037395316870437234
43.785000000000004,-0.02160985553103624,0.002322441445057574,-0.024555657062384925
43.79,-0.043421831501848765,-0.016847571366137105,-0.018660806292885627
43.795,-0.04133425374304133,-0.023972410468820135,-0.013905066695245868
43.800000000000004,-0.03768096829782422,-0.008772277220966265,-0.040535806811379874
43.805,-0.05126567940004958,-0.023610291953563685,-0.041375401427925666
43.81,-0.03810147515370629,-0.015586004151089072,-0.023047070829843717
43.815,-0.04509549319481651,-0.00580897505449604,-0.0385556652252377
43.82,-0.03259330898056832,-0.004750065658331194,-0.030220415541995005
43.825,-0.043776097849806156,-0.02229990436165056,-0.03240489155563324
43.83,-0.03380480098518442,-0.0027072807167732027,-0.038849350768597656
43.835,-0.055862217058463136,-0.017725560188973095,-0.021566549751213297
43.84,-0.045779706082807084,-0.014112505002866167,-0.030141670210997375
43.845,-0.06123028662937962,-0.011729605076586583,-0.05012561559557489
43.85,-0.043929927184509436,-0.01001148181112483,-0.05117940766003318
43.855000000000004,-0.03773131892060282,-0.014083426614669258,-0.035557434453498876
43.86,-0.040396417474885815,-0.021236239079123722,-0.03942211143389937
43.865,-0.04896859115193752,-0.010462921747138802,-0.014456471009912597
43.87,-0.03656785233971495,0.004106405858576471,-0.03715384727313059
43.875,-0.045996997394485865,-0.0323461693813613,-0.022400335619475076
43.88,-0.031068057342108883,-0.015056688765881017,-0.035229554012778906
43.885,-0.031176436609520113,-0.0024001364023116672,-0.03270796779518016
43.89,-0.029782730082660656,-0.016523203117389085,-0.0460301323250322
43.895,-0.022696389405171637,-0.00660684673799759,-0.02374308037451533
43.9,-0.01548341340993778,-0.03462682534821809,-0.022135100459884975
43.905,-0.04231520900641415,-0.0019592895744934592,-0.01310264997666169
43.910000000000004,-0.05495576035756965,0.005019032129383667,-0.022015716404916303
43.915,-0.027202018687515293,-0.004776521584591825,-0.04465418637073523
43.92,-0.023870493027780618,-0.01831036590904873,-0.02337482595159036
43.925000000000004,-0.027184921523854943,-0.01688741150900443,-0.04088379064807898
43.93,-0.03744255407693834,-0.02217076231749905,-0.018784137046059385
43.935,-0.03712602200643556,-0.015772432437903425,-0.025198860102334193
43.94,-0.03990246790567238,-0.01610580870274069,-0.025306264826939744
43.945,-0.02605826884498766,-0.023127699273038253,-0.03434206792607848
43.95,-0.030114395130847425,-0.01487728200732995,-0.033739969705027795
43.955,-0.05139639064479281,-0.005659588679196231,-0.05462448667531988
43.96,-0.03000715657276028,-0.006879287279841259,-0.03986243405496746
43.965,-0.043103755546114855,-0.025273912316383346,-0.03702783483159189
43.97,-0.03826484890563972,-0.008669535537149003,-0.013980823220831823
43.975,-0.03679622192371297,-0.01512276694356178,-0.02945723612264805
43.980000000000004,-0.03691129602214042,-0.03375999017564694,-0.043358392423326515
43.985,-0.03969253941759808,-0.02737774573091617,-0.025270238099314158
43.99,-0.06130237344055402,-0.023456706398974216,-0.015220243561902472
43.995,-0.045157045166020836,-0.008870252748512662,-0.026322669493919187
44.0,-0.021957926954136293,-0.00658241725639358,-0.0384680132229055
44.005,-0.0252596519682,-0.01411156374637551,-0.04548300357647867
44.01,-0.014753519917925322,-0.017646074919568492,-0.03768783461961732
44.015,-0.024199943182670363,-0.011655342760763656,-0.019956555697576928
44.02,-0.02492040691690899,-0.02261215887587117,-0.025821527045569614
44.025,-0.03681138798171134,-0.02432217299492999,-0.0215906018538679
44.03,-0.04362770206770354,-0.016447928222815687,-0.04161204139633724
44.035000000000004,-0.03409773079515169,-0.03624736326772725,-0.03113377177985235
44.04,-0.034190253315905875,-0.032242656418688564,-0.04332064417221516
44.045,-0.042380598100342226,-0.03539879993574206,-0.012817492309499978
44.050000000000004,-0.05265961556325578,-0.03024427878856744,-0.025016369300521063
44.055,-0.04796937261363255,-0.04057513766590238,-0.03585619894019363
44.06,-0.050054152352602056,-0.027708659554154653,-0.012875908852058283
44.065,-0.03031718970359389,-0.0023188955694902827,-0.0333882971898615
44.07,-0.05943141493392072,-0.02417587708520364,-0.047184328597216926
44.075,-0.03341204577237446,-0.02528783616225698,-0.040791966358680556
44.08,-0.038241875846034494,-0.016022394865035816,-0.03146046549211172
44.085,-0.05415691375251316,-0.029732441239001,-0.03183864034515864
44.09,-0.04682893067457826,-0.0056045033178848905,-0.0363461160412243
44.095,-0.038692982835617076,-0.015688472251102804,-0.03949012096526437
44.1,-0.041486419500600696,-0.028535173961515267,-0.05361202026027534
44.105000000000004,-0.03941373285824298,-0.02033839632154228,-0.0460621946964723
44.11,-0.052452914515700756,-0.03299898242348675,-0.03158939652078131
44.115,-0.06280176237197395,-0.019982951558832313,-0.051627312362328204
44.12,-0.06420960276294413,-0.021491620688495583,-0.046613697260092964
44.125,-0.030136007925304364,-0.022764645397532774,-0.046250204424246
44.13,-0.0461935218693994,-0.02375492076356951,-0.04254396161031716
44.135,-0.04617043815804918,-0.03578454274121486,-0.0544013050750293
44.14,-0.03976882540637198,-0.03127647272033323,-0.04622794192244865
44.145,-0.06157559461197306,-0.03318739858788392,-0.033848306364756844
44.15,-0.04051237035749535,-0.02278349924183415,-0.029775102424668645
44.155,-0.03310999107737863,-0.009389357227721629,-0.03806950994491881
44.160000000000004,-0.053927941493576624,-0.02540596611258686,-0.0286535628036165
44.165,-0.03987554883220376,-0.011978846646344675,-0.058362246515077154
44.17,-0.05176719828426236,-0.008636797028538847,-0.029306651289937567
44.175000000000004,-0.038032358442494155,-0.018461903068035877,-0.025801460081803042
44.18,-0.04225198558648239,-0.017515622221277363,-0.04083666994332527
44.185,-0.04901710447409823,-0.04602583356629411,-0.023807249494808013
44.19,-0.05056128553458229,-0.026400497057186993,-0.02720000283384361
44.195,-0.04659031243826409,-0.02556870698707359,-0.03172159404010573
44.2,-0.04368490767650609,-0.03172258333178721,-0.03302520188933616
44.205,-0.043414823933451425,-0.021829990279235715,-0.013494932570686336
44.21,-0.04374260964857908,-0.018739120650189376,-0.02638538289408094
44.215,-0.06276222147118744,-0.0165454379221989,-0.03689246898977591
44.22,-0.04376245242888383,-0.027657038766361906,-0.03305158092864042
44.225,-0.052139676458233496,-0.03270522166801738,-0.035163388120974894
44.230000000000004,-0.024770045439211835,-0.03721505144624461,-0.026861165602649423
44.235,-0.035981309374242224,0.005852540200245292,-0.0373997279841411
44.24,-0.05185310962684144,-0.016729161059254538,-0.04774541291581376
44.245,-0.04060723862642719,0.003426333901080176,-0.03747529804666459
44.25,-0.04939192215966317,-0.012500790813661594,-0.041502263368439304
44.255,-0.04730649804198897,-0.014993409646304011,-0.029736272967604525
44.26,-0.03685035187560199,-0.003531693640361955,-0.0305916205089927
44.265,-0.04826223729498523,-0.015376686110951934,-0.029162326158906276
44.27,-0.0331004952240091,-0.01607445764054427,-0.02317098340655577
44.275,-0.028324303184749815,-0.008703071176321847,-0.007559959109227812
44.28,-0.03879693216744258,-0.012896678097546996,-0.02969401922324304
44.285000000000004,-0.06706632263922087,-0.020759553087528602,-0.028119795696197082
44.29,-0.05345979944676435,-0.012434439218522615,-0.022892433185747234
44.295,-0.040407203834836494,-0.00842495430601422,-0.01721010234510335
44.300000000000004,-0.0538924389965918,-0.017646790782881394,-0.03359018735323634
44.305,-0.03545023812422766,-0.01934048004973314,-0.019217674658925828
44.31,-0.05072703460668502,-0.011234155995610805,-0.006889266729615266
44.315,-0.03799788271004924,-0.01752167972188265,-0.03557276047864027
44.32,-0.053245719696008054,-0.023934796626178024,-0.03656314735915586
44.325,-0.03386019936427542,-0.008278196295499474,-0.021183563298998353
44.33,-0.04539793994126309,-0.01059681094370777,-0.006052763029697823
44.335,-0.04987770162245937,-0.014088165078724686,-0.04960099420459928
44.34,-0.04768169808898109,0.006899198380533787,-0.024437026761788296
44.345,-0.040859529881909676,-0.03122008950271321,-0.009371932176270316
44.35,-0.05057913905619108,-0.01003351333508084,-0.02142686666930342
44.355000000000004,-0.032279396492317064,-0.006027571620609238,-0.030745070659401946
44.36,-0.027519568582042433,-0.009635169334748542,-0.025638606661614678
44.365,-0.05242794310374869,9.711714605400643e-05,-0.013462017522900813
44.37,-0.04006722440533158,0.008538114131563832,-0.026616702455470962
44.375,-0.04421463109334105,-0.020400077355370784,-0.020039288470109898
44.38,-0.05012135756480665,-0.026969930897785172,-0.002030078380128541
44.385,-0.056608615485944765,-0.005511036887117151,-0.008045827010564515
44.39,-0.05536526300646627,-0.019919226678085232,-0.017028682024152617
44.395,-0.030828261200269852,-0.018875443107013973,-0.035004345001761555
44.4,-0.04402056835451536,-0.0051847672761011435,-0.012515532028762906
44.405,-0.044060487302314724,0.008080928096293547,-0.018881906337063593
44.410000000000004,-0.0364383070327948,-0.0027850788513012273,-0.00843172165074387
44.415,-0.05010916636774316,-0.003019250734744256,-0.024312327283844193
44.42,-0.02240630260892486,-0.008951284193211598,-0.014618316543408848
44.425000000000004,-0.04782873276141148,0.001845492370034365,-0.02122792361736258
44.43,-0.04037398692811197,-0.013029427423911383,-0.0057644395052440355
44.435,-0.04059853370315952,-0.009137802898114895,-0.02233602823173715
44.44,-0.03206198641235936,-0.031163603297505886,-0.014011238249831127
44.445,-0.05745184008138654,-0.03223620764683896,-0.02967314510819242
44.45,-0.05607236077175024,-0.013707168371290233,-0.011380590606709406
44.455,-0.037976518457778614,-0.0336543221140733,-0.02268056938513878
44.46,-0.05343016360649126,-0.02434177105358325,-0.018530671199433038
44.465,-0.057044913010079024,-0.011086824415029386,-0.010661077179298097
44.47,-0.04708301772551235,-0.006693449027281239,-0.028059702709395243
44.475,-0.0488750937155268,-0.006434636400083444,-0.010199386780314708
44.480000000000004,-0.05420325405220637,-0.02384874894880013,-0.007823965474634249
44.485,-0.050297305515841585,-0.02396891331039351,-0.010853681337756523
44.49,-0.031230886348692328,-0.01658863799627963,-0.010257668608176035
44.495,-0.03738875325082379,-0.0161790997903086,-0.030065746223523926
44.5,-0.03655841704403108,-0.0018535422348816746,-0.02874281774548438
44.505,-0.040346421240916135,0.0059577886599682245,0.0018037142712267855
44.51,-0.03949300706449714,-0.021380311736521336,-0.003965569895542052
44.515,-0.034232114260076885,-0.0077734405213395535,-0.018734926389103537
44.52,-0.05533857048564633,-0.02208200276975965,-0.02477654158418757
44.525,-0.041996250308124886,-0.002425241340034759,-0.02445271243905299
44.53,-0.05905579351573749,-0.01685964243204872,-0.01664784784935856
44.535000000000004,-0.04508430338487523,-0.02520285228461873,-0.017722888224388576
44.54,-0.035686908599418546,-0.011215477531757875,-0.01199974738012245
44.545,-0.052495501575842214,0.0025745083711858005,-0.017967387539520357
44.550000000000004,-0.04217489524578981,-0.011066133227550031,-0.010555796678246226
44.555,-0.038128016485822064,-0.00833166369135471,-0.012422974680272512
44.56,-0.04132043637574688,7.881218149721758e-05,-0.024398072690301705
44.565,-0.03685264083189478,-0.017625117776061638,-0.01289038776743828
44.57,-0.045295307129544035,-0.005054682111542384,-0.008298766237576057
44.575,-0.04250101703867331,-0.008899219819523924,-0.0075842760820695986
44.58,-0.047969740042595334,-0.0024434553034044515,0.009341706258070372
44.585,-0.06537818442337573,-0.007370530153750291,-0.010365447280660247
44.59,-0.05197083583048183,-0.007306209209782194,-0.00807199587243528
44.595,-0.03264768095040221,-0.01129528689249477,0.002781213558899799
44.6,-0.059865354679646876,-0.006985293625495981,-0.0013844171058538558
44.605000000000004,-0.04532312606504884,-0.011345105267194565,-0.02909275516421646
44.61,-0.04274642738639245,-0.0048356687830386404,-0.01113613404282708
44.615,-0.0396620865421944,0.012098949904584705,-0.005650510401261619
44.62,-0.023466206777420402,-0.005761366764347816,-0.016962373445290918
44.625,-0.045964028420098335,0.01345640159280128,-0.02111458100355518
44.63,-0.0415863811043167,-0.007097329964498703,-0.0008272113949806363
44.635,-0.042519942169826914,0.0171625482988194,-0.02625526288362202
44.64,-0.049821539753808,-0.002301629257717255,-0.018115855457512903
44.645,-0.04096326744126675,0.007130602379727548,-0.018649881883652606
44.65,-0.048060819119254944,0.009842663674135652,-0.015824716293955973
44.655,-0.03885930732095769,-0.0012867778391334808,-0.014781873714544175
44.660000000000004,-0.028950798569018513,0.004081421464394552,-0.01679147519591763
44.665,-0.03879291565357949,0.0025594980177274943,-0.013346460434355766
44.67,-0.00735149253705645,0.031102504505850153,-0.017900463808334845
44.675000000000004,-0.039987335956299275,-0.002844630269987901,0.0012095105429588346
44.68,-0.031681852834246266,0.011513548695331492,-0.011734405938575988
44.685,-0.023910412023711344,0.0005881291139287611,-0.020614099112359965
44.69,-0.026825489148532215,0.014202679271461596,-0.015471036145218438
44.695,-0.005729267810017329,0.008047945829643596,-0.019839970840133968
44.7,-0.026663391820238157,-0.00047497361828651927,-0.01883381839825983
44.705,-0.01605605039631682,0.00853506041018635,-0.019478577051605262
44.71,-0.008319608646603863,-0.004758155823408446,-0.02285225628355284
44.715,-0.023083749938880103,0.027747125658613037,-0.012579484672684486
44.72,-0.02799374536613437,-0.008520996301118088,-0.00778771553372299
44.725,-0.03294422034811086,0.0022689947862317436,-0.023947314902738315
44.730000000000004,-0.02736930657448715,0.012796244670136295,-0.01559040603992165
44.735,-0.0391392281391488,-0.0056738198987581565,-0.0028423948185935383
44.74,-0.05805460909272533,-0.008845729535936278,-0.015196314558619212
44.745,-0.026595497322736746,0.002320946939099875,-0.028932401441809984
44.75,-0.02019558548049907,0.002715709752475875,-0.0037499151544657106
44.755,-0.04576376128436848,-0.004219759874767999,0.00045207269668482916
44.76,-0.03658360716887424,0.0006674788586330596,-0.019164275384676854
44.765,-0.04366124331608517,-0.004612853621531585,-0.014691184902347448
44.77,-0.02458804774268237,-0.01591724146020796,0.002829009302487716
44.775,-0.04230855242060518,-0.011151354385119331,-0.008105033108660249
44.78,-0.04909020411452717,-0.005259966675696961,-0.02316260575995985
44.785000000000004,-0.034491445012707185,0.011930280872868609,-0.014543583212101816
44.79,-0.03369096290123026,0.018813658071678223,-0.00988510867996063
44.795,-0.048272666787867215,0.017349111187351954,-0.0031047578648364625
44.800000000000004,-0.04051555471291111,0.009180655325755249,-0.02347978167577037
44.805,-0.016659729197965215,0.004808403976686551,-0.015455269956542691
44.81,-0.06527163739954692,0.003170707262773867,-0.021012963844731385
44.815,-0.03995484587597175,0.007607552879200422,0.0020329794627697954
44.82,-0.02091700185651366,-0.0025104675055487046,-0.004266983016051398
44.825,-0.044098962997159555,0.018524620158910758,-0.015507358092055206
44.83,-0.0443565897960114,0.0011486952646196317,-0.008616071619524993
44.835,-0.025883896836062636,0.011497857502248576,-0.019388688170094044
44.84,-0.030719645672342144,0.010670856012503326,-0.007440409358711413
44.845,-0.02828843790144979,0.017393990504097,-0.018688682442602036
44.85,-0.01556376010413441,0.018452231082938093,-0.002857944986574608
44.855000000000004,-0.04071254293633201,0.022906905071785506,-0.017743702758069253
44.86,-0.026877285720606974,0.03075938126612584,-0.01799346065357352
44.865,-0.02530468127228584,0.012436314432753231,-0.022982106079131613
44.87,-0.0282707993323341,0.004163868910399552,-0.009988642672739967
44.875,-0.04182448211618058,0.010901432772533862,-0.00844008442731595
44.88,-0.036950121441280834,-0.011400792141336422,-0.022321198639957768
44.885,-0.039785665070100985,-0.00027038541940721875,-0.03652643246848421
44.89,-0.04182581881209659,0.0002890107542693164,-0.005552742080523882
44.895,-0.025503590002317937,-0.009631942152175414,-0.013345347911986365
44.9,-0.0390512091361204,0.009018901541622666,-0.008512227983424752
44.905,-0.0394885322614229,0.0021918250826392094,-0.008985840066721765
44.910000000000004,-0.03140741954125677,-0.00019140335877966194,0.0028645766306955
44.915,-0.030666194099373996,-0.0011593585319968555,0.012746277238254788
44.92,-0.041880136443738454,-0.0010349715969853153,-0.006499506605250591
44.925000000000004,-0.0106209745072718,0.016625600613105064,-0.013341384084821904
44.93,-0.03340226834091853,-0.0006056051509019007,-0.031255031732045795
44.935,-0.023735540372908363,-0.012294260879652902,-0.003145604633391842
44.94,-0.02937831740453667,0.004011594633934083,-0.017448294579312212
44.945,-0.05236978086542633,0.02270597505818298,-0.01511441158936265
44.95,-0.02545321778504703,0.013344157570753466,-0.007686744617970025
44.955,-0.052846518383947105,0.005328176614781968,0.010251725095452448
44.96,-0.04322626649854016,0.005059953974031722,-0.00732098969311969
44.965,-0.03593016615877808,0.01624325509340881,-0.015607419733582968
44.97,-0.042955214352300555,0.009657307022787878,-0.009279083271192343
44.975,-0.03049445848880573,0.009296332243934322,-0.019787201701319958
44.980000000000004,-0.01777082936680579,0.014981507989232194,-0.034113809965814666
44.985,-0.02864118639416756,0.0011251643347129636,-0.010629754894229746
44.99,-0.024490321148539072,0.0025033311951992735,-0.0018551621700625062
44.995,-0.007554566189599007,0.00025079947368181806,-0.020755410037315503
45.0,-0.033523057970266786,0.0033429311174145715,0.00036900928812008335
45.005,-0.01940957822663184,0.011530031147130155,-0.00971307614193825
45.01,-0.028009138113709198,0.0028028966926227084,-0.005131835537352102
45.015,-0.02262047428527832,-0.010105665236506035,-0.018165852209947687
45.02,-0.033519412575766544,-0.0018883435907482548,-0.029942190465493557
45.025,-0.03860536419174002,-0.0055048206173890285,-0.009273722340868984
45.03,-0.029501602707706968,-0.004378154850966654,0.0042566993681963025
45.035000000000004,-0.04384357407215339,0.022600101658795668,-0.01119049926677611
45.04,-0.024659026745844494,0.020433813816447308,-0.002963682105937872
45.045,-0.028689647859149046,0.010364134480549632,0.0037580422268025312
45.050000000000004,-0.03571155322089132,0.0038370910168729205,0.008563518842203431
45.055,-0.021220423124130854,0.0035522475443833072,-0.0091981388864405
45.06,-0.05180081257124148,0.01746582395255749,-0.012225467723631428
45.065,-0.010562888306063204,-0.011094030185155099,-0.013946607651086749
45.07,-0.03878474771385912,-0.004999931034711617,-0.012160963927063768
45.075,-0.026371571391603756,-0.0010250137026605634,0.003625499867652815
45.08,-0.028399684391732516,0.00811220991285807,0.001499917768986954
45.085,-0.022254041807762248,3.872217159857361e-05,-0.003142316084072349
45.09,-0.034071909175686775,0.007126113948157134,-0.0019716374229009834
45.095,-0.02480728943351638,-0.009459294606877772,-0.00865430847376787
45.1,-0.02015242257616996,-0.0072546807201228775,-0.0037532303849026234
45.105000000000004,-0.01938709033686773,0.018133836084217394,-0.024342648249814112
45.11,-0.02785870837925874,0.003146314915490807,-0.004809609914700804
45.115,-0.0381187124868801,0.0022105930618255953,-0.0018128678955982545
45.12,-0.028862932024011762,-0.021001370476927725,-0.021567493821677948
45.125,-0.01836341151334315,0.008920172143328286,-0.02017548578829137
45.13,-0.028249360074416148,-0.0029392812843998545,0.007891800869154808
45.135,-0.028032594435873213,-0.010070429493237788,-0.003909816929846467
45.14,-0.025762950316642927,-0.0146151527965886,0.017767405233032704
45.145,-0.019631902004712043,-0.02094662389895219,-0.01740557018991417
45.15,-0.018402631769616862,-0.011301668208808232,-0.02229960642252151
45.155,-0.03834117869984838,-0.008666438956346757,-0.00801899716733611
45.160000000000004,-0.029315008427750713,-0.029199018526995024,0.0059907685042389636
45.165,-0.03118397488701707,-0.015977836404627438,-0.00875157920455625
45.17,-0.02588808521636166,0.01437210213925106,-0.005999294348595287
45.175000000000004,-0.025392686261582312,-0.008817356971013976,-0.028982045476475482
45.18,-0.04010838659954202,0.006228402100128651,-0.03711449415204517
45.185,-0.0489494876130875,-0.010617920488014512,-0.03103561759350791
45.19,-0.035958877322564115,-0.016717374241090488,-0.0069542926284034655
45.195,-0.04135931868865022,-0.019068709592990278,0.007557857801700662
45.2,-0.03635701203310704,-0.01351989278616766,-0.022416780173345807
45.205,-0.02790373480188784,-0.01156576119623984,4.106072820045034e-05
45.21,-0.034985892026724176,0.0034445872259752774,-0.02054857065811319
45.215,-0.020528365931693063,-0.03206169830353403,-0.01690141114259519
45.22,-0.02819163111737232,-0.02737709182480551,-0.020668564657573222
45.225,-0.030724026923574496,-0.008214576335968421,-0.006081734430811697
45.230000000000004,-0.024616747641605003,-0.021137057130134564,-0.008061169913307534
45.235,-0.030961284219711543,-0.0018383429068408253,0.00039333700424495563
45.24,-0.019758854185461826,-0.01468771563461094,0.002650971392823942
45.245,-0.032205535446725816,0.007862063558658218,-0.01487788218439299
45.25,-0.020239362146208698,-0.004700851750320326,-0.009548990668281255
45.255,-0.03113461636673183,-0.011126118116802919,-0.04208193697189305
45.26,-0.04239112622210572,-0.007878078695788202,-0.028325873516765607
45.265,-0.027750634355199144,-0.008364612675240364,-0.012873163221082489
45.27,-0.04826611444843915,-0.004706183832570916,-0.030052767313816807
45.275,-0.05088940218477748,-0.014801505330418218,-0.0180711985515946
45.28,-0.019264826127993715,-0.018591284368668436,-0.011820481994287873
45.285000000000004,-0.03166371267906234,-0.017544291981215623,-0.01450096497632504
45.29,-0.03302115408374184,-0.027335600985189386,0.005502604199685481
45.295,-0.0219783814298064,-0.005051528940138264,-0.029133900455682826
45.300000000000004,-0.031205547050235205,-0.015903908610431707,-0.01686563388173787
45.305,-0.022148329616560544,0.0033733220098997284,-0.02152315954073947
45.31,-0.0522269764862736,-0.013926424891522446,-0.008175201793731011
45.315,-0.03162065218768827,-0.00798655158399221,-0.011115260530879592
45.32,-0.03939759366075301,-0.026819277284439204,-0.002487808064684356
45.325,-0.03912790540790349,-0.009053416115012054,-0.020151674708018014
45.33,-0.0460468979348378,-0.018342113513114724,-0.015221843084069797
45.335,-0.00803239913535572,-0.021357117170302062,-0.013620401834478074
45.34,-0.0440018223628268,-0.005387792058983084,-0.024013275379911592
45.345,-0.05193976465305036,-0.0013022780793578532,-0.01347170681664521
45.35,-0.03807784449833793,-0.021910149521206995,-0.01009674679915833
45.355000000000004,-0.031634725849496934,0.010751094828696881,-0.01452437665686218
45.36,-0.03093393524710673,-0.0030712282462695183,-0.014443533604707418
45.365,-0.023525130822787805,-0.010754580470149032,-0.014832165566233015
45.37,-0.03971385431868836,0.0021968479242503863,-0.005748729689586113
45.375,-0.042665065194234165,-0.007975214729466489,-0.011225168621133375
45.38,-0.04524175821314758,-0.008524925075484906,-0.009629552703973724
45.385,-0.032638420803398814,-0.01584309341376077,-0.016507841314997766
45.39,-0.05742570497482224,-0.004767183797440928,0.003391378871453035
45.395,-0.03233388935085839,0.0032247035459400074,-0.006455529869457051
45.4,-0.018419999572604116,-0.015082897014922722,-0.013538607020804953
45.405,-0.0242385628490648,-0.022170951566522355,-0.02651367885607303
45.410000000000004,-0.03870512592027943,0.006188028718756164,-0.009907332782025609
45.415,-0.020371428154537432,-0.008160333712382731,0.0029264380673669765
45.42,-0.036314415483918255,-0.006086800935193191,-0.012942765136532471
45.425000000000004,-0.044390451201976114,-0.004158889156659101,-0.004347417421677447
45.43,-0.044517680082933594,-0.008725871153253677,0.0012850996124844395
45.435,-0.044601502438748934,-0.0181154255433347,-0.03131154446031029
45.44,-0.05128827230847839,-0.012939152487514816,-0.007079979082759874
45.445,-0.031027014802044315,-0.010877161679394905,-0.012595909191874796
45.45,-0.04525641751669245,0.005571804556465602,-0.006040777864409232
45.455,-0.0115787614047761,-0.003243079123278329,-0.02117858049915732
45.46,-0.043286985445860605,-0.0015112425901964146,-0.022340996860531776
45.465,-0.031235297354560074,-0.008497159717674667,-0.03169173711439836
45.47,-0.038378702922873445,-0.001521895998535326,-0.029253563589851747
45.475,-0.03584906636468636,0.009522851363764968,-0.0018608584085766343
45.480000000000004,-0.024390778835438255,0.004979729765787975,-0.02331680007244157
45.485,-0.035454957032381273,0.004909329629146728,-0.009154256030815898
45.49,-0.013124365015083465,-0.009520185155932972,-0.0067811923474278
45.495,-0.03180648122016942,0.005252675614194052,-0.02462760922994944
45.5,-0.04290918165963046,-0.02319557422063391,-0.02782174485858093
45.505,-0.02314173463182296,-0.0006723157719887823,-0.013600793153615827
45.51,-0.015514388450506695,-0.020716190154520142,-0.01331172552072364
45.515,-0.030494221242893273,0.021957948510517047,-0.00868939455316635
45.52,-0.023659235990574207,0.00055000123334768,0.003591923073390655
45.525,-0.028555085032617826,-0.0007233074795472596,0.005882815244070243
45.53,-0.023423351748057666,0.0005683156814819167,-0.014249969618612201
45.535000000000004,-0.02224817234762367,0.0008604687402498183,-0.02530387535065636
45.54,-0.03741979866657933,0.0031159300522542576,-0.02198961306231356
45.545,-0.025881552866673672,-0.009650226903365278,-0.013453506923069038
45.550000000000004,-0.030293356536129676,0.01678313643518194,-0.020533648467037712
45.555,-0.03078107061988153,0.023704055777467842,-0.02237704903952748
45.56,-0.025900184215568067,-0.0022361377322778426,-0.0038124993224697076
45.565,-0.013482491198529921,0.0051658433970817215,-0.005450294839584684
45.57,-0.03314246207919691,-0.013749985231270174,-0.02517096617487715
45.575,-0.038565705854884835,0.014701714458189408,-0.011461795713981482
45.58,-0.014619349916138176,-0.016004317311306707,-0.020230727680807574
45.585,-0.033725320433086826,0.011193236147660051,-0.012828366272299703
45.59,-0.02378756734157314,0.006564651858620662,-0.014157184777716736
45.595,-0.02776209638040194,-0.01318918932464965,-0.0032651707385855655
45.6,-0.025980345823136887,-0.0073900409926743104,-0.012088541279011579
45.605000000000004,-0.019121231070652184,-0.015526163692378489,-0.020917972453851363
45.61,-0.023625612047016263,-0.0180136982966297,-0.02239349981544113
45.615,-0.042693502277116456,0.0026050687616359335,-0.03823024102563912
45.62,-0.035930010245412584,-0.008050168021643125,-0.009319237060209852
45.625,-0.024337617610366076,0.0074597003465246,-0.034738835748613694
45.63,-0.026093644020099928,-0.003731077261752776,-0.020025081626306347
45.635,-0.03276172604390471,0.009942709527058929,-0.016866415698550755
45.64,-0.03372249771690002,-0.005646340917869601,0.0034685893936904112
45.645,-0.044613335433479825,0.028765233349690948,-0.01714152172450703
45.65,-0.029844106979931558,-0.02314008327803701,0.00172939359325959
45.655,-0.037031330202499914,0.0028067676585034557,-0.03463753411054419
45.660000000000004,-0.0432750505920122,-0.012649711790394015,0.0007117725841338796
45.665,-0.045136072594556514,-0.02515260172697799,-0.023743210925050037
45.67,-0.020627611022111605,-0.008471021550702914,-0.016854346891384764
45.675000000000004,-0.031979388692277594,-0.011410645622232948,-0.03053767497484191
45.68,-0.03618351065154601,-0.019336522275441782,-0.018240033200017877
45.685,-0.03456800684515437,-0.012857308319580972,-0.02884567596064703
45.69,-0.008601753357677997,-0.008225990766147051,-0.02008597875981207
45.695,-0.03321848016156989,-0.026265713979515735,-0.027517055721843788
45.7,-0.02359110918029105,-0.0046962636025518105,-0.02992196711578983
45.705,-0.03070784116938917,-0.018401117363502948,-0.023436052721279858
45.71,-0.02422729910288059,-0.022161892166936085,-0.02908067514020601
45.715,-0.032114169400528546,-0.004003606889109141,-0.02840742629009391
45.72,-0.026436634537191434,-0.0003581766001967057,-0.02214499907387267
45.725,-0.02568495616240087,-0.0004077593008387226,-0.0015050346905120318
45.730000000000004,-0.028966431052881457,0.00895949511631371,-0.0257105271100862
45.735,-0.053171497705149645,-0.0038098804289782152,-0.017810622000966798
45.74,-0.042921791282132214,0.010435071764898343,-0.03194387429334451
45.745,-0.02524329016877206,-0.002482933700015567,-0.014644013635120311
45.75,-0.0259151580562317,-0.008601025036277035,-0.02673588970797854
45.755,-0.04113549197039913,-0.002619300558703487,-0.017639574957238346
45.76,-0.025644359504422242,-0.008702862538533756,-0.011522361893923479
45.765,-0.0469418348628624,0.007915439408994026,-0.029940866757908566
45.77,-0.0492447235365837,-0.004707850256636529,-0.023155476751789243
45.775,-0.06176244522663558,-0.02126006299747457,-0.019805029110345863
45.78,-0.049357446902792534,-0.007541763439083899,-0.02435230537421326
45.785000000000004,-0.029388513704207236,0.01003230132296288,-0.023978180540934327
45.79,-0.03384919631335264,0.00545923650367762,-0.01705344940144543
45.795,-0.025460521489440033,-0.022535547752539062,0.008985348299955138
45.800000000000004,-0.03847429420339126,-0.014258307098708664,-0.027751918953897822
45.805,-0.03975180592933514,0.004802126928904972,-0.01246486294621928
45.81,-0.032879672805871805,0.006211054576792874,-0.01652137521331467
45.815,-0.029912448587431827,-0.0008876319474675539,-0.002265249986687156
45.82,-0.04365255646722419,1.0664304287369246e-05,-0.02373078190048257
45.825,-0.040822689677243014,0.014839913437446395,-0.0048297201544355815
45.83,-0.04285933410725079,-0.012177009961109913,-0.03877588674917072
45.835,-0.026250155725016718,-0.007253752714915445,-0.00399177826393288
45.84,-0.031557003560096275,-0.00553998061666759,-0.014570112789148004
45.845,-0.055168954003443654,-0.002621838804777884,-0.03952335925051005
45.85,-0.0324458936087795,0.005268447395732338,-0.02066115767083724
45.855000000000004,-0.0687280018244967,0.005990457351188652,-0.018450933753796424
45.86,-0.03622114818569716,-0.023016974204503965,-0.02804636783361967
45.865,-0.05100212509225231,0.005287591362772364,-0.03738082313522179
45.87,-0.021742234488381695,0.007396531828033807,-0.03484463354923351
45.875,-0.03843510529488529,-0.006324083485092414,-0.023756558366161855
45.88,-0.043299529103357284,-0.006055102836857635,-0.016533992069995264
45.885,-0.033399407042782325,0.013487131715773079,-0.035986859655572474
45.89,-0.04131395441820514,0.009037751284578278,-0.019315501419073233
45.895,-0.011111113421282938,0.010106532184977536,-0.024095855210904855
45.9,-0.03185557064748827,0.0030998171378941253,-0.03488366224324713
45.905,-0.03787941876863369,-0.0014910305497213925,-0.02024347933287573
45.910000000000004,-0.041389108483841835,0.00656955943766579,-0.027545317995993236
45.915,-0.01680402208999464,0.00887204998798778,0.004335106955204782
45.92,-0.04534633765831978,0.005274556979726022,-0.026154140828691396
45.925000000000004,-0.0407729962108878,0.02285513580467434,-0.030712011578859
45.93,-0.013092399715323055,0.010045445705125292,-0.0295198064572144
45.935,-0.04849858066732114,-0.004401943627468763,-0.021714937513671262
45.94,-0.03752257167584322,0.0007924470462663613,-0.020254768262199678
45.945,-0.047075018147286714,-0.00867209944429711,-0.024167932461813472
45.95,-0.05222651839327609,-0.012840130450843722,-0.025529459420210447
45.955,-0.0376646066571353,0.001967142217269611,-0.045207809491333094
45.96,-0.05726359029659382,8.013994226588935e-06,-0.03260002975241116
45.965,-0.03397739281079519,-0.0008888687748525954,-0.05652389297723818
45.97,-0.04240553774525911,-0.0019323726940483018,-0.025916119854714537
45.975,-0.05680122289966305,-0.015724693241335085,-0.03022784410815503
45.980000000000004,-0.04215143696087885,0.00767584260067717,-0.03575980669442732
45.985,-0.0446567427188784,-0.005508918610878918,-0.026630749332899613
45.99,-0.03103927385550064,0.0005382455237570947,-0.018394026168108993
45.995,-0.04953623646717011,-0.013359295000925593,-0.02931411528626417
46.0,-0.046480512247187286,-0.007131113856409908,-0.04049916274924415
46.005,-0.031213972111072043,-0.016934025719495968,-0.022098249768889626
46.01,-0.04304297045235547,0.015151257011605595,-0.021639510191420415
46.015,-0.047531593707056743,-0.0066046222349994,-0.03166735219524636
46.02,-0.03903056341522678,0.00772588754708064,-0.03187754382210587
46.025,-0.03836921153136374,0.011019971624916053,-0.025217832043318393
46.03,-0.04906778242182506,-0.009566972656378535,-0.032254629699822804
46.035000000000004,-0.03429032641047637,-0.02434900568101007,-0.03275642950514696
46.04,-0.019842491911820036,0.012550474657625918,-0.04006313912163955
46.045,-0.05069248836204954,-0.009790091285625354,-0.01561521997992205
46.050000000000004,-0.05394689426143302,0.0068699003984860245,-0.033258720604474386
46.055,-0.04732161577577948,-0.0016320396439354701,-0.02720565888792447
46.06,-0.026659933343675363,0.012714600499116144,-0.03499510607202762
46.065,-0.03383476442947139,-0.0011471494112833365,-0.031388864996254026
46.07,-0.03917722052044377,0.010919075378461322,-0.03415773599668896
46.075,-0.0451397643039355,-0.00511843572210087,-0.032432886449291265
46.08,-0.021901316571220106,-0.019444669822949703,-0.024628614271549634
46.085,-0.03189308143741467,0.0006424991579804403,-0.03701944030548045
46.09,-0.03712422685608254,-0.010896436277210491,-0.04836465350112544
46.095,-0.042844859003443876,0.009069124465381578,-0.03020193660793991
46.1,-0.027548270469526695,0.010163704538194505,-0.029098782300793706
46.105000000000004,-0.013880648952305329,0.005858328821052822,-0.017776030211621437
46.11,-0.031560972656574364,0.0006620776500942593,-0.037583294960862546
46.115,-0.04417551958873718,-0.014722197929073222,-0.03167303739310521
46.12,-0.029734357625939355,-0.0017197452417988283,-0.03299034762193336
46.125,-0.044801044649846834,-0.009086382332225952,-0.01149235220900928
46.13,-0.03798090600885433,-0.025305644390620143,-0.007899951216235216
46.135,-0.05175380448167459,-0.01775802595733083,-0.040279954102122054
46.14,-0.0415212581127296,-0.0019666652364931005,-0.03574276699479713
46.145,-0.041543990527622615,-0.0027732646684970664,-0.030930125957647863
46.15,-0.05067526407040658,-0.0008618575396632938,-0.0231804265391308
46.155,-0.034871026390439375,-0.018335042561960672,-0.027011650198283405
46.160000000000004,-0.049597880925174864,-0.014490524209175657,-0.016305330154886354
46.165,-0.03407398390407232,-0.00975092339187729,-0.027488116551374467
46.17,-0.044573216701073864,-0.020062814378045087,-0.028476652737370864
46.175000000000004,-0.05022329308162788,-0.0037833508472551883,-0.04119019735002299
46.18,-0.03444862728861605,-0.021983684460283152,-0.029878705516253466
46.185,-0.04831213806425695,-0.0009724275907209848,-0.05051588835581004
46.19,-0.03134743036086512,-0.002040849926715089,-0.0184949402085951
46.195,-0.04917355530652267,-0.005515546689544593,-0.04496478159376625
46.2,-0.026953051746784706,0.0060786475204439045,-0.025670813315470314
46.205,-0.04505634761872713,-0.02231294706488853,-0.026207681508964072
46.21,-0.05407829025888589,-0.005437819503450775,-0.023888673984134908
46.215,-0.043272192878986544,0.011660330243718667,-0.03843431262103974
46.22,-0.05955292185646165,-0.00811123514794902,-0.02970529665140429
46.225,-0.054872986999429024,-0.021072522806830567,-0.011526264312184249
46.230000000000004,-0.040990953217500056,0.0031030932459321803,-0.03178833051637135
46.235,-0.03328065292128845,0.004742718433695884,-0.03498258584705523
46.24,-0.039244696383174696,0.008561762902858941,-0.034790477604533986
46.245,-0.021991829389244467,-0.019484681786206437,-0.031009377194060155
46.25,-0.04513497258723706,-0.0008773449211420129,-0.022924613174468353
46.255,-0.04220325561134923,-0.007872415299813033,-0.015225279161084754
46.26,-0.04567188475068216,-0.002165790222410307,-0.02978551144996782
46.265,-0.03490155353839345,-0.010829507679575134,-0.02002503205712676
46.27,-0.051550823986950926,-0.013812692669912526,-0.01573911882548115
46.275,-0.04367289122286522,-0.015443447962388326,-0.03479179238826321
46.28,-0.04458938257049629,-0.012460481735763697,-0.03211916766391217
46.285000000000004,-0.04288100560513217,-0.0038140595449268943,-0.04763351575832436
46.29,-0.027185570452097026,-0.023728703728974565,-0.03315895625628287
46.295,-0.03789559021475014,0.007085181770475683,-0.03813998914305345
46.300000000000004,-0.03797249024980427,-0.004227003839788671,-0.029144315847584413
46.305,-0.04011257076790727,-0.0006668360856404223,-0.040663085510129635
46.31,-0.02869929130469498,0.005113626878725359,-0.04419892526167315
46.315,-0.03138402638727867,-0.009892006535265074,-0.04425317492480038
46.32,-0.041647216521564216,0.006249303176183786,-0.029723766689855602
46.325,-0.03084788850579981,0.004701341650328255,-0.014224349793151285
46.33,-0.04273455814671011,-0.005248231522644937,-0.0360805723210506
46.335,-0.04575128981458965,-0.0007656276961389421,-0.034542893681593474
46.34,-0.05953893174343695,6.87063932184517e-05,-0.02919692172601807
46.345,-0.02899208397110524,-0.016110430968406187,-0.02213169035691672
46.35,-0.0384066228267453,-0.003222647111106214,-0.037639790613757114
46.355000000000004,-0.03701534364734142,0.013974798558707393,-0.03575735248471047
46.36,-0.059717272412862524,-0.0003020128327788805,-0.03662628719213641
46.365,-0.0336660979285161,0.014763252137892268,-0.03504860495588453
46.37,-0.024221592362507743,0.01841768098818754,-0.04128767081255169
46.375,-0.04398713314050391,-0.004045284470997189,-0.030216025901717687
46.38,-0.041712359673062985,0.003622851044169615,-0.02773668562607904
46.385,-0.01949770328080788,-0.004057352391341532,-0.032796427439924475
46.39,-0.020670585376056927,-0.012277473320785557,-0.03836534075394602
46.395,-0.0450530005317992,0.0022758076711070037,-0.05300125685282913
46.4,-0.04253630768397296,-0.0009277435957410381,-0.03120117602742857
46.405,-0.02790790316171817,-0.004300130537120748,-0.023203091550154775
46.410000000000004,-0.04011841588942349,0.008503268458170218,-0.04853520527375842
46.415,-0.037724249336207785,-0.01474743419186866,-0.030809522522264855
46.42,-0.03937046188526082,0.0029569920057669627,-0.036062212147716655
46.425000000000004,-0.05062023447185223,-0.01582554695837559,-0.014095096862364952
46.43,-0.03229815730874463,0.008251785255115388,-0.028950331194042955
46.435,-0.041094847215333755,-0.002377832923655227,-0.021175940235679043
46.44,-0.03199633353944753,-0.016182254201831607,-0.0324272355534104
46.445,-0.03517086459236024,0.0028191809733270155,-0.04847783243920423
46.45,-0.030912145491493927,0.01349625639511641,-0.037761481613351834
46.455,-0.05097464153045664,-0.012969113658557026,-0.03240214655676904
46.46,-0.033872762885712296,-0.003467796954287365,-0.018038530223585973
46.465,-0.03041560394310087,-0.005801404772896165,-0.013259368665768583
46.47,-0.06264512864342921,0.01286305164608482,-0.028373221127863363
46.475,-0.044094758943396054,0.002811236267249817,-0.014020151657200601
46.480000000000004,-0.040219627458891134,-0.0044611031874555755,-0.02337366527776924
46.485,-0.03206788819354422,-0.02350074906509164,-0.023978620103907302
46.49,-0.04322828658784487,0.007533034068066526,-0.03481637360067186
46.495,0.0004868126760376986,-0.01846267531980291,-0.03671458732325549
46.5,-0.0515062853103821,0.025666347405981043,-0.04992737036456408
46.505,-0.03386436420123075,0.004474067023544809,-0.04298706830896375
46.51,-0.04612436095119655,0.004893091129639377,-0.04122134731896288
46.515,-0.057692853471330546,-0.005999402081799706,-0.03256704038541196
46.52,-0.03922702522551624,-0.014208821451426035,-0.027295914025195156
46.525,-0.04749746191084045,-0.015432891149654699,-0.034087689497932644
46.53,-0.03820040361122664,-0.004193305697051578,-0.03744393196068216
46.535000000000004,-0.0595357985466497,-0.01394941580296875,-0.05078934382472666
46.54,-0.04363748430611206,-0.011243244419659331,-0.04924989455117075
46.545,-0.030542593490705587,0.0020727086150988915,-0.045602417412761026
46.550000000000004,-0.04282970609411459,-0.0023940645185915477,-0.03209674809199308
46.555,-0.04420799228394814,-0.009910826922638578,-0.02570678607794415
46.56,-0.03483813535018658,-0.012532669903012765,-0.03923183272008855
46.565,-0.059481721235508926,-0.01770381974915698,-0.03134938299294557
46.57,-0.045498484714496856,-0.023668167325816336,-0.040253875874297435
46.575,-0.047096910885230284,-0.026706332655288288,-0.036259369853573406
46.58,-0.011252576659964519,-0.014920341693013952,-0.0491991685673977
46.585,-0.046869714180718704,-0.023772697893113856,-0.04537981217361867
46.59,-0.04633821770331859,-0.0006323153084572667,-0.03586294736635396
46.595,-0.05270976798764906,-0.003472656613942774,-0.0465174063939991
46.6,-0.06232125980717169,0.001794372656011586,-0.0334350301111605
46.605000000000004,-0.035970855412389716,0.01110425180490086,-0.03700458922274053
46.61,-0.03771718506600532,-0.00275170879997499,-0.045227017984970426
46.615,-0.05381814822978549,-0.009973606314073395,-0.03873128121779396
46.62,-0.04310222538658539,-0.009320166040476155,-0.04543956003858058
46.625,-0.040265630123702816,-0.014338239147099446,-0.030807074144987717
46.63,-0.05734947176180043,-0.019945836865641848,-0.02707693618610735
46.635,-0.039182169671088715,-0.0013176991606472658,-0.03731266224086744
46.64,-0.04867171049179109,-0.0008352111636941808,-0.02785695604718851
46.645,-0.061653936601458195,-0.024097687111116994,-0.04666344156048842
46.65,-0.02683387925660699,-0.01581657529052261,-0.037321876527950784
46.655,-0.07027394428315085,-0.0073526479487317255,-0.046097425778951054
46.660000000000004,-0.02757572781809533,0.010624159986503196,-0.045598955859889295
46.665,-0.04375413732475206,-0.026149765080042672,-0.05806105063989181
46.67,-0.04287653986829605,-0.024769362831529074,-0.03924660560586703
46.675000000000004,-0.03976978996734175,-0.014202281696823187,-0.061740325919193824
46.68,-0.0446104714941939,-0.026860551817596723,-0.03557596572460127
46.685,-0.024633225134614804,-0.004501310535471212,-0.06280607718530967
46.69,-0.047801098529848055,-0.005901400956536874,-0.04208721365565568
46.695,-0.046136183023420665,-0.013544502309515547,-0.03780126285200692
46.7,-0.02696106303874583,-0.017046513388778446,-0.05449375406677389
46.705,-0.019198821116284143,-0.02295216436934079,-0.03587627095762248
46.71,-0.04213522012358284,0.0006771605621428926,-0.031163783989255105
46.715,-0.039001376875301134,-0.002701406966433409,-0.05981817722652437
46.72,-0.05450225320052175,0.0092174671086579,-0.024834553046379607
46.725,-0.037332876110415976,-0.007045036083739445,-0.04014800837934019
46.730000000000004,-0.030779599494100203,-0.007283741486157714,-0.040327547796536176
46.735,-0.04716401733874836,-0.0028161859514633514,-0.020634866836767
46.74,-0.03821125739269131,0.011539859832580122,-0.05246193009404971
46.745,-0.04908713754473223,-0.013160437336464994,-0.038520668779191455
46.75,-0.037912947958207405,-0.0174950123458747,-0.034096116306873016
46.755,-0.034097004387695376,-0.014355639147985814,-0.03796882581536587
46.76,-0.05140298943812513,-0.01120319095662597,-0.05752677138103214
46.765,-0.05218846719237033,-0.015325273611420194,-0.03797303612351103
46.77,-0.038760579249373824,-0.0012920415908143548,-0.03556008022488567
46.775,-0.047773810714699945,0.0005041747602414163,-0.02266328247156117
46.78,-0.042588651302968766,-0.009816469362770867,-0.018348873719052465
46.785000000000004,-0.03215524942827645,-0.008086057259580764,-0.03559605082443605
46.79,-0.03203972329097832,-0.007752902141799873,-0.0437206689172549
46.795,-0.03904892097458041,0.00638564867692527,-0.05024387445818687
46.800000000000004,-0.021906187182358716,-0.011823179760499378,-0.026461291059589113
46.805,-0.0401053757023781,0.012117387908792106,-0.03060832145014721
46.81,-0.037463475289156445,-0.007091161092372497,-0.049720738463852575
46.815,-0.03672677658520932,-0.01807707571783393,-0.019340427292690702
46.82,-0.023775956698762653,-0.006005945319190132,-0.022271505247616345
46.825,-0.052781048498379765,-0.02282989827602591,-0.036871762961818634
46.83,-0.028076921675515176,-0.00387331627265047,-0.02193968525805234
46.835,-0.050819750121144154,-0.02837044905664943,-0.04247067454964646
46.84,-0.02894632072200652,-0.012265889548601795,-0.03522129999134559
46.845,-0.04489615460698881,-0.01280985212085784,-0.03004156241242933
46.85,-0.025237829484455798,0.013839640269721183,-0.04774422289145387
46.855000000000004,-0.032426373843000976,0.003692240193810474,-0.042836827954774157
46.86,-0.0370994900492719,-0.020182250006445055,-0.04038799508809419
46.865,-0.022129580966426487,-0.012172519609120042,-0.05153442817562217
46.87,-0.04447158913343388,-0.025222344270401303,-0.039730380804458044
46.875,-0.02321673525816957,0.01038515020102002,-0.038363741629637446
46.88,-0.035909748978380465,-0.013332787736569674,-0.03329735923651312
46.885,-0.02993562329294354,-0.010355603403774252,-0.044293628230262935
46.89,-0.03853062798150303,0.0064404087439730775,-0.03858623084748686
46.895,-0.03746305158935428,-0.016432304731606916,-0.047127416786957296
46.9,-0.03582235375798408,-0.018667443392806578,-0.05915037410652008
46.905,-0.03934195094876068,0.0012121064871684975,-0.02797781748583424
46.910000000000004,-0.03700485741861453,-0.006691045326737206,-0.028533928379305844
46.915,-0.04395948820741165,-0.017550248668402487,-0.060313505767331674
46.92,-0.04693608387079808,-0.010080861535671398,-0.035982169061994945
46.925000000000004,-0.04126392997385216,0.02412622458780911,-0.022538202903789044
46.93,-0.029918274312312587,-0.0027683313915169644,-0.040000326062985335
46.935,-0.04772619935887098,-0.001111875960601777,-0.028390094218288652
46.94,-0.02886499398040392,-0.009245667387850567,-0.045067579686503
46.945,-0.047987161148164204,-0.02563781236561105,-0.026733700794718096
46.95,-0.039459586906508706,-0.011562367168857314,-0.04438956230405261
46.955,-0.0525931506433582,-0.00879370434218494,-0.020681323529981564
46.96,-0.05243347856608643,-0.005379614741108334,-0.026795762969508058
46.965,-0.03313485481844643,0.0016988003617242151,-0.03456268116951829
46.97,-0.05860598263322671,0.0006665643034859843,-0.034193351007520405
46.975,-0.028728785834017456,0.006290375024635152,-0.0345644558389015
46.980000000000004,-0.033617041819841716,-0.004079616518324834,-0.0339014218772767
46.985,-0.0529619026325028,0.009211259571921393,-0.03930095450148403
46.99,-0.03931274014146309,-0.0022546797435649595,-0.04063986823644497
46.995,-0.05318497158058505,0.007032471743664335,-0.04080269930336326
47.0,-0.03140756956017387,-0.00010533495559630814,-0.04191160046347314
47.005,-0.027498285659356227,0.0031105798615345525,-0.05279708639008209
47.01,-0.032563963883790126,-0.0015817437923706032,-0.02548992641421137
47.015,-0.027919400669267246,0.006317653974255311,-0.034690856595354494
47.02,-0.02353898994488352,-0.009487483136023333,-0.03424957230056496
47.025,-0.023278046235479657,0.0002776619680365704,-0.023470372655130467
47.03,-0.032493684287433426,-0.008884923791969201,-0.039496663377311045
47.035000000000004,-0.038462317488208164,-0.0022236621682568264,-0.04264617554983398
47.04,-0.030072320424235716,0.011136919130671736,-0.03630919254558748
47.045,-0.036498882266145095,0.008296091490523775,-0.037638755240285045
47.050000000000004,-0.03570307967103209,0.008385065100298865,-0.048729789995244153
47.055,-0.02450022956574227,0.0026815026148758817,-0.03676378901540442
47.06,-0.02916975614860564,-0.003122027062448916,-0.0511101636579448
47.065,-0.03304739809476001,0.0007319669934944175,-0.034984647379039065
47.07,-0.02716200932248521,-0.010970665602629439,-0.04609987260121158
47.075,-0.01676363100691724,0.008441839541790062,-0.057646389155574046
47.08,-0.04868527695421105,-0.004879333896403102,-0.06875045634416128
47.085,-0.03402705858224312,0.011921120240098372,-0.03967759484959589
47.09,-0.028348078679344017,-0.016563889417335553,-0.02705611863564092
47.095,-0.04434757017391298,0.0106831005296516,-0.02821573561736185
47.1,-0.03671861911222564,-0.01174681795335435,-0.041569379710165125
47.105000000000004,-0.025725741773501523,-0.01716710739268159,-0.04586622572778439
47.11,-0.029376493369170264,-0.0010108042385390684,-0.03762348847235797
47.115,-0.027667982924335505,-0.02595123239243427,-0.06431575751722204
47.12,-0.04169823381617179,0.008089273548938888,-0.04394672539840827
47.125,-0.04617042019059279,-0.004725735066893787,-0.034448600326873136
47.13,-0.029585784782244575,0.0010718990841483656,-0.055227547601155585
47.135,-0.03090129075444591,-0.011177247174414014,-0.04521095342600376
47.14,-0.014697838532947498,-0.009446081773711087,-0.04810465212016844
47.145,-0.05078883886109097,-0.00048136602668264047,-0.04984675131593179
47.15,-0.03620215920947849,-5.312005839167976e-05,-0.021523953431761934
47.155,-0.040304239297645005,-0.0034765568948817173,-0.026787541004150928
47.160000000000004,-0.034634559494483366,0.0034321803187283883,-0.047811007623661965
47.165,-0.046333919813519094,-0.008521201027409097,-0.045813972415492656
47.17,-0.02855326825533538,-0.011651122523846369,-0.0359967438154281
47.175000000000004,-0.00829320732766892,-0.004740410188454307,-0.044972928510742416
47.18,-0.032499120681172076,-0.003719235701368438,-0.07342553821608688
47.185,-0.010127312723768472,-0.0007658668684371443,-0.048512061149972925
47.19,-0.03704262401275424,0.015384819335132301,-0.04177790630900001
47.195,-0.03856793681135487,0.011024245111901396,-0.0690530979640238
47.2,-0.04732688026210971,-0.01357798661320092,-0.034427900193288216
47.205,-0.045399639558865994,0.008443010541127113,-0.044622637732199634
47.21,-0.033992342839864756,0.0028539745137177676,-0.05055149376269657
47.215,-0.02678229113186323,0.008663638528233805,-0.030054783319015718
47.22,-0.016630322649861952,-0.006707618178174353,-0.04210968690317269
47.225,-0.037333720942412794,0.011551917324759041,-0.045724045667471694
47.230000000000004,-0.04397636721421247,-0.007889859057108569,-0.049190623888873894
47.235,-0.020610864091469696,0.017057513124732276,-0.032114168014151664
47.24,-0.048313708628941236,0.008303357499462764,-0.05777383147486019
47.245,-0.032690320276388934,0.001967522985225935,-0.02723194526246758
47.25,-0.04375801134911566,0.01302591882674584,-0.057599688266408273
47.255,-0.03234080537722495,0.008298011520593566,-0.047131917264437974
47.26,-0.02923150711412343,0.0014006962548283573,-0.03634188695917897
47.265,-0.049116766298001054,-0.006955349471863231,-0.04152196263025343
47.27,-0.02905209756800048,0.01400829275889518,-0.04361341965137368
47.275,-0.03803837334565075,-0.001241229101931947,-0.0594976002367037
47.28,-0.0436733137418096,-0.004196217629898191,-0.050222336928461515
47.285000000000004,-0.02858572621410256,0.004545261267172757,-0.04078776375876006
47.29,-0.03468148365259777,-0.005495127862707715,-0.04657045332842265
47.295,-0.04179930528524166,0.013049612298089696,-0.029928357930838836
47.300000000000004,-0.046055267102569915,0.0003890759718686008,-0.041744609466002836
47.305,-0.055714413474123176,-0.020526211345186635,-0.03475056882575526
47.31,-0.0388313347551285,0.004785977373121862,-0.04550834891145574
47.315,-0.034089430867421625,-0.01266914704164733,-0.0737620179554156
47.32,-0.0465461856112959,-0.023379249878829462,-0.046891084261050466
47.325,-0.0502280858018075,0.005117222240549341,-0.04724043238541516
47.33,-0.06518340447800819,-0.00828975234107147,-0.047960098915555034
47.335,-0.059715220069290684,0.0012681359496954639,-0.028699228701413244
47.34,-0.05149092276867758,-0.01611804691074862,-0.04959169980167759
47.345,-0.03987008703613558,0.0035259466523763594,-0.059168834654938066
47.35,-0.055560244808517234,0.003991773413978944,-0.05078952351952645
47.355000000000004,-0.04325753215679864,-0.003713451099278041,-0.06590420355767221
47.36,-0.04469672484864261,0.008473782112202111,-0.052527291473617115
47.365,-0.0488961651851494,-0.0027195883515011184,-0.03904585552245371
47.37,-0.04952198525631668,-0.008604559951544369,-0.0515288200663984
47.375,-0.06976204356049562,-0.010323223958331993,-0.06057334431980122
47.38,-0.04471421137588083,0.013993251599512521,-0.06167684080325285
47.385,-0.04838694281332235,0.003351002463584071,-0.03957578967215639
47.39,-0.046202458576693625,0.00395797347371625,-0.05410285269269884
47.395,-0.04960383564713208,0.00445603545795704,-0.031206358223225518
47.4,-0.03193118687048259,-0.002472069167992654,-0.04262017198149823
47.405,-0.0403905522453993,0.01689800619428732,-0.034558521472604596
47.410000000000004,-0.05421079433725749,-0.004384685574550212,-0.04312848811244959
47.415,-0.041819302325417425,0.01463895419078153,-0.06290173101785906
47.42,-0.045392316076373326,0.007322967709894755,-0.05222690830868659
47.425000000000004,-0.045570387910620055,-0.0004357803433024431,-0.040151013015374146
47.43,-0.042010129509624405,0.016624663444900236,-0.04121085996667882
47.435,-0.050959797081575546,-0.006949703527717673,-0.03310608966803061
47.44,-0.03257817177649026,-0.00206423035053305,-0.051801548209131104
47.445,-0.02418503099089482,0.01954011990500482,-0.04206621611347783
47.45,-0.04405122537272182,-0.0024163553111955544,-0.04814322420164519
47.455,-0.0422889893582689,0.0030771166524063277,-0.0444774926399572
47.46,-0.04492008493414396,-0.010699026293488473,-0.036571680289297914
47.465,-0.02940020761205306,0.010253301383897732,-0.04268433054262527
47.47,-0.025907180276405997,0.0054603326431162435,-0.05149478179970547
47.475,-0.03701462499353504,0.019693891887441473,-0.03130360116445314
47.480000000000004,-0.029152626359903552,-0.003643471155155206,-0.047862680315747946
47.485,-0.045573368205923136,-0.008988044573036633,-0.04020560088191041
47.49,-0.041884066296506886,-0.005482035047238083,-0.03343736394532988
47.495,-0.04135535841998582,0.013339436181061193,-0.0439082820701909
47.5,-0.04762700017109216,-0.003246757952763418,-0.03906078408718318
47.505,-0.03814840598645119,-0.011319262506341516,-0.039562843956651376
47.51,-0.017501108278614688,0.014428143181471148,-0.02286020200087667
47.515,-0.04139149509561248,-0.0008055270911616272,-0.04073026843332484
47.52,-0.03084189148938617,-0.013335634307465588,-0.04132018152878984
47.525,-0.05002559604918895,0.008432428431842673,-0.03844407542568067
47.53,-0.04927993162377905,0.00013155415087196323,-0.024196360834038456
47.535000000000004,-0.04350599210210623,-0.011965002980930308,-0.029300054178784982
47.54,-0.050472420055573175,-0.011395423444563004,-0.0322747801718489
47.545,-0.04505324105509316,-0.0033903788900447474,-0.032939663041368736
47.550000000000004,-0.052899532789768215,-0.010984495971924682,-0.0414651313989155
47.555,-0.04550489339610303,0.003946577596587113,-0.05951476088458629
47.56,-0.07109448237398543,0.012826243005971624,-0.03056806567178642
47.565,-0.029830146508118723,-0.008451550033243327,-0.027535957646041408
47.57,-0.0463424684712494,0.004428244898538835,-0.05282726822716331
47.575,-0.044111386274445614,0.0019060288000159976,-0.029962732294480324
47.58,-0.04717763407422964,0.00515770091221101,-0.04141614697036433
47.585,-0.03568959926050343,0.007516514667331711,-0.04262190465158179
47.59,-0.05923319083753084,0.0034467151281204044,-0.04424154497658929
47.595,-0.03437699370888806,-0.010507670316934165,-0.013429792355532901
47.6,-0.026421311209458277,-0.017676092990467778,-0.032582181840955
47.605000000000004,-0.042679559695991784,-0.0030213615772928318,-0.04112053065451696
47.61,-0.0454450384858541,-0.009181144997006953,-0.02748603255452849
47.615,-0.04633165282583446,-0.008566259754583468,-0.03895182321487003
47.62,-0.051137661950960166,0.010472142188525444,-0.008703160848418285
47.625,-0.04344006924456084,0.0230954890947909,-0.04317467453042734
47.63,-0.03319280490101105,0.0014830625150925678,-0.05067092592176812
47.635,-0.04791861077553129,-0.011753543506160782,-0.0034896858503360786
47.64,-0.04247149997845197,-0.010924573566484224,-0.014875472622067343
47.645,-0.052628238698971236,0.0014716690189215688,-0.01317105525647824
47.65,-0.05110995780275843,-0.006127394306886694,-0.025771579620646554
47.655,-0.05011443008665354,-0.003160187970697151,-0.03921407917234246
47.660000000000004,-0.03332155155731169,-0.021921842377510745,-0.017524776129843173
47.665,-0.044450612347231556,-0.030417677642882543,-0.021670575545148417
47.67,-0.04884580760847073,-0.010069495477882079,-0.02602396999344967
47.675000000000004,-0.02667913611244406,0.009154705634886136,-0.026485034798224474
47.68,-0.05513546092786886,0.002704810098443834,-0.019286829611417842
47.685,-0.04083842187062485,-0.0005308196645189686,-0.036099871089428075
47.69,-0.04262858949117524,0.00782421184141727,-0.012304050259847047
47.695,-0.04880652278006828,-0.0027860142221196186,-0.023104836211805972
47.7,-0.023067570580156557,0.009828399374417112,-0.018990164797206135
47.705,-0.05022212527733596,-0.006981282103527715,-0.02162031866236105
47.71,-0.03736467716813227,0.009407269894446405,-0.028705768504455248
47.715,-0.04442930773529883,-0.01085120796034227,-0.04534954395132419
47.72,-0.03917727710928976,-0.013929202508953475,-0.03284077418298043
47.725,-0.023305202796051798,0.010358257680599212,-0.0121575360357432
47.730000000000004,-0.041406749618365296,-0.003270693149069838,-0.009660908785705219
47.735,-0.03341849900778358,-0.005450601683396929,-0.023440510808301368
47.74,-0.046093300367944214,0.009846422522788686,-0.038216338764302034
47.745,-0.044505223147178884,0.0028415960190669547,-0.03764100042968894
47.75,-0.04392748651864109,0.007406620755105192,-0.03449432870452046
47.755,-0.03204615051235675,0.010126830983010328,-0.030066392031971426
47.76,-0.05874492568142478,0.0016668870618825277,-0.027843329154615164
47.765,-0.03705481291195167,0.002495107740513356,-0.02743510287199013
47.77,-0.07030214995119821,0.010811053773897147,-0.030653466155825173
47.775,-0.055625598617487476,0.0192521492284645,-0.022266722156378517
47.78,-0.05472879834553108,-0.011749212922949632,-0.018467689515399295
47.785000000000004,-0.033411446463198796,0.010815694377247382,-0.051691302206229084
47.79,-0.030059404586519414,-0.010265038818726861,-0.015174610154753784
47.795,-0.041413688387983844,-0.011878347726178351,-0.025640824993181627
47.800000000000004,-0.04289921365890006,-0.007087467773888284,-0.01987173436155735
47.805,-0.04686267145240394,-0.012668299894052347,-0.014966772258543214
47.81,-0.03800980245757235,0.009180804362294714,-0.021425613419050745
47.815,-0.04121249953603004,-0.00237545683162898,-0.03316725334274284
47.82,-0.03442543632191204,0.0005939506893480016,-0.007709380633614461
47.825,-0.03267061457338154,0.016061852934633046,-0.02063429656055124
47.83,-0.04799826114753776,0.01001729936471813,-0.008392111105219823
47.835,-0.0503955100243707,0.002094324326779801,0.010140659381024496
47.84,-0.03359713447510956,-0.0081318222765887,-0.02100279638265825
47.845,-0.04933196322995869,-0.006918345268965122,-0.028733528231132996
47.85,-0.03778754644877636,0.011569676527607771,-0.01433202737431908
47.855000000000004,-0.050055283364191294,0.011671819601232217,-0.01801330001077844
47.86,-0.04654330931235353,0.005913058296228622,-0.006877757373975502
47.865,-0.028315070556048174,-0.001021879646503564,-0.02425135906929215
47.870000000000005,-0.04058105076339904,0.02184894747513751,-0.013189900969293122
47.875,-0.027726948974261652,0.015153926153928224,-0.030052898942816247
47.88,-0.033804708121249735,0.006464693779823066,0.0025405868154863703
47.885,-0.014991812845680207,0.007549617037415206,-0.021723716243991525
47.89,-0.024631161894233505,0.005846567653733638,-0.01599077533586142
47.895,-0.01578130112840581,0.01650165533552911,-0.026704596398288392
47.9,-0.030033186691179256,0.0262183850145691,-0.020975052345117477
47.905,-0.025672453311545523,0.023162488894464837,-0.02277345956424104
47.910000000000004,-0.025420761005137533,-0.0049896067844893205,-0.01332452263051536
47.915,-0.04782862721843262,0.01737397914270878,-0.013054937590838093
47.92,-0.013165213782558464,0.008155507297897135,-0.002520968895740803
47.925000000000004,-0.023358640361534747,0.017794906720867646,-0.021328943740140383
47.93,-0.017435074139261326,0.014176164851854856,-0.011486682545967294
47.935,-0.015701296105975468,0.014473341230102035,-0.004200918644822426
47.94,-0.024916922304262575,0.013836660212074713,-0.030707900740406028
47.945,-0.014193922456802555,0.01797466064038339,-0.012780723269963407
47.95,-0.04330276128892961,0.0077103022188891165,-0.013343547730728978
47.955,-0.03071825179529203,0.01593314564560014,-0.0044454500654349735
47.96,-0.03415384275566931,-0.00398996303416527,-0.010626749303848208
47.965,-0.03159399677397682,0.018594375007859244,-0.014511859480344197
47.97,-0.03205197876317882,0.0046632421338350175,-0.012789097901947193
47.975,-0.032907259890935514,0.012988425096325806,-0.018873011088046978
47.980000000000004,-0.04901851828494414,-0.0011925456020617292,-0.016033831050119837
47.985,-0.03369445863919432,0.002066795101431699,-0.007686294932614458
47.99,-0.040356334902664416,0.020110731974982435,-0.011486320152292485
47.995000000000005,-0.02596846919909638,-0.0005011923536467912,-0.0024997525400103533
48.0,-0.021625241359289185,0.00412727489145514,-0.021658819729707415
48.005,-0.032593219588553914,-0.021746166582357535,-0.015304180408198049
48.01,-0.027874173014646314,0.0012612936672667242,-0.022468512898164983
48.015,-0.042093199917236854,0.012729741077226476,-0.014644814413164776
48.02,-0.02733299825931166,0.00631722949433297,-0.028911769027232952
48.025,-0.02035665949118591,0.019859311415143716,-0.02721779189886276
48.03,-0.053982560910660046,0.014128463422313366,-0.01650819087314048
48.035000000000004,-0.022111345571152435,0.013227922275719402,-0.02212001110152121
48.04,-0.02851930608630194,-0.004407281261833632,-0.010239894715052367
48.045,-0.03273368893269658,0.013787563443658073,-0.018157042505600594
48.050000000000004,-0.016377843651907524,0.0024261460636729165,-0.02140539630092446
48.055,-0.04876875678431063,0.0013990531624076864,-0.011043615839437866
48.06,-0.04017176039053338,-0.0023179837300520987,-0.021117900045966212
48.065,-0.047332602918986486,-0.0004996419139509027,-0.027837916194564598
48.07,-0.04410545702903619,0.012756901346609645,-0.009947223345326613
48.075,-0.042449582248128184,0.01262171263519537,-0.027448814680457154
48.08,-0.030125965237242057,0.021505554964835905,-0.013779439645222432
48.085,-0.044720627882148305,-0.007063938226557705,-0.02336332962610975
48.09,-0.020909130517097373,-0.026579835089200685,0.0012939609382140935
48.095,-0.03450072327709841,0.014216212000418078,-0.016066046306305717
48.1,-0.02717075248651581,0.024438429284508636,-0.009853003714811466
48.105000000000004,-0.04368170479923842,0.004992497869445068,-0.015710865338767123
48.11,-0.03661928425068754,0.005554691200026091,-0.026520078126001944
48.115,-0.03592781491767337,0.029868951352518238,-0.004998879550252723
48.120000000000005,-0.038107032686835615,-0.0024528664718264735,-0.021167442063440997
48.125,-0.036773731554241754,0.024454072072171096,-0.009412252603448818
48.13,-0.036774125831313495,-0.0006259339113088833,-0.013145820413447397
48.135,-0.03697334134432799,-0.00019293030766496882,-0.020047289472942507
48.14,-0.0422252620226882,-0.007773207382192474,-0.009684576099066332
48.145,-0.03240525602687276,0.0007502164657457014,-0.002991321656276264
48.15,-0.04391793537642874,0.015807229767150127,-0.0059860454529239784
48.155,-0.03241503031657381,0.005822260917470059,-0.029195257404759197
48.160000000000004,-0.03588700310277247,0.007200354059363012,0.00011260741855738735
48.165,-0.027288977018085088,-0.015287809019675894,-0.015374872045764603
48.17,-0.018995212280493154,0.003900325301081799,-0.0173159043252454
48.175000000000004,-0.024847179962163634,0.02284596314236805,0.005460219328276342
48.18,-0.00922161577849861,0.012549450836028464,-0.00793382138965372
48.185,-0.01760489242252537,0.01095636581501172,0.017145615788556303
48.19,-0.022131094574115835,0.018161022939111555,0.008393083948892738
48.195,-0.03004655931246622,0.019921365770122393,-0.002082158638491566
48.2,-0.03231584788311981,0.01857097211220333,0.017064656932736642
48.205,-0.012301765256835906,0.013078575427930172,0.023897014327411505
48.21,-0.021205301822048654,0.010916875615125938,-0.0045060984844988924
48.215,-0.04482448678848977,0.0025397309996986594,-0.005772203286671284
48.22,-0.042207288081518864,0.026988659215343425,0.005258207019726159
48.225,-0.028974904759481755,0.002243501048516271,-0.017653553610181272
48.230000000000004,-0.026348611049954698,-0.003084800585584394,0.0016853703594579307
48.235,-0.028324946206416842,0.014520688273581007,0.004910991312733107
48.24,-0.026297683488175988,0.016260366618281827,0.008137585519482314
48.245000000000005,-0.03319819884327634,0.010320244234989546,0.009491313888753732
48.25,-0.044184274153346303,0.017918693517104088,0.009390819636935527
48.255,-0.05587915652163804,0.021977352683025902,0.006484790820491422
48.26,-0.02627025376072749,0.009765515363840165,0.003306138080947485
48.265,-0.04284767030621965,0.0014689793549207135,0.020612896740961336
48.27,-0.03287274624190623,0.007987364600601364,-0.001163304246392681
48.275,-0.04270744981829737,0.015214916726880523,-0.005400625512855792
48.28,-0.042794532559775875,0.030323723394692744,-0.010428260856038415
48.285000000000004,-0.04978502909155592,0.01372781080231081,-0.00765766490747731
48.29,-0.04401519624052413,-0.000579928866662961,-0.0012968802950891548
48.295,-0.03867938422130265,0.018823065869638663,0.013175545031971745
48.300000000000004,-0.023554990411712468,0.015544795829650928,0.006551743407651748
48.305,-0.04012108919805535,0.00891212859891696,-0.0100519809884661
48.31,-0.016465859591229468,0.01378593681948523,-0.005426536290892254
48.315,-0.025556343423783746,0.0014625543639002134,0.00562174598503749
48.32,-0.03203429617410053,-0.013448557596610336,-0.009542760332821169
48.325,-0.03565403665225924,-0.009375055592613655,-0.0004900971307350635
48.33,-0.03289417709903987,0.008647669789594425,0.004148837620207412
48.335,-0.02640442054721255,0.009634680392067132,0.016734235444257076
48.34,-0.038034506530767585,0.009096491708506018,0.008552054564334523
48.345,-0.030510816593520902,-0.0013364537530062336,-0.00012041300048285311
48.35,-0.031268680940682976,0.012564014214571194,-0.008722361467354844
48.355000000000004,-0.035455023980236484,0.021406291779089388,-0.000590412016208141
48.36,-0.03349004662840857,0.012547919801513636,0.0019976721841512314
48.365,-0.05603436690452722,0.0038790787019760097,-0.0020815328272990596
48.370000000000005,-0.034237891544878704,0.01667417201698186,0.00834247136497425
48.375,-0.041236516384997236,-0.0003519574184882362,0.00251148164172554
48.38,-0.028607043725985423,0.014511134517990736,0.011475570131389539
48.385,-0.0215321348260749,0.005984396705601365,0.0033790203483906114
48.39,-0.024119216167170873,0.012471999352895129,-0.007400534155573438
48.395,-0.032996122042523286,0.00328075056136843,0.004105986053288518
48.4,-0.022683631783729306,0.002442683147638185,0.001651075632328504
48.405,-0.047876022924825797,0.0008638797901310644,-0.010068689517292177
48.410000000000004,-0.026916555443617745,0.006272236684569322,-0.0007698102079342489
48.415,-0.02376339974882643,0.0023056884772205697,-0.02238993229573862
48.42,-0.02304597930223902,-0.005662395375188982,0.005598255213977232
48.425000000000004,-0.035983389333512125,0.018979072473332786,-0.002709017403977436
48.43,-0.03788686228787337,-0.026622748951159195,-0.0075969628174504655
48.435,-0.024617965466844017,-0.004714839270770075,-0.02074094905539418
48.44,-0.05617228971931353,0.001463265124575122,-0.007263931324996326
48.445,-0.02520235135801857,-0.0032548041785399368,0.0017020208430811347
48.45,-0.03221222938982624,-0.008673411638281451,-0.004480846883971306
48.455,-0.02965638229472598,-0.005092765886992586,-0.016447227613100187
48.46,-0.02674399450352969,-0.013786203629054226,0.0026965857576739076
48.465,-0.020965805539735635,0.003951292891696306,0.0016897640217987744
48.47,-0.03876012949275992,0.007343337131992721,-0.019037603733537734
48.475,-0.022064369712839052,0.006624663929418339,0.0004479401835229442
48.480000000000004,-0.026330486309163462,0.0032321441452589144,-0.012714753042436132
48.485,-0.03920603634987113,-0.01632446857340565,-0.02198245459924276
48.49,-0.016648700073619495,-0.01785592192036552,0.014509729751104972
48.495000000000005,-0.0484311617648341,0.002848431133390543,-0.004724712704300828
48.5,-0.028290697553667088,0.0029635962987290916,-0.015102589524096793
48.505,-0.029849782033266582,0.004958010515625941,0.00376894469133026
48.51,-0.05996106866520806,0.0073973520106818255,-0.019690644573488774
48.515,-0.05065181374790479,0.000264743573441693,0.004585613102473098
48.52,-0.021231651941926964,-0.0003367953008176516,-0.016980517402632633
48.525,-0.04581064254301177,0.0020054171263922957,0.006139153326743536
48.53,-0.06365858371851171,-0.011465479320501546,0.0026201180392228275
48.535000000000004,-0.05475103662540713,-0.011451430700560422,-0.007698069532996815
48.54,-0.04741789519295005,-0.0010924674973050432,0.013507809945607005
48.545,-0.035083509933902066,-0.009440854999999918,-0.019292436588035238
48.550000000000004,-0.06414466043834566,-0.02048880503943364,0.00877896897805509
48.555,-0.04613294414416994,-0.012890085303428125,-0.007003232326412548
48.56,-0.055414712223885304,-0.01858943204743981,-0.017062685520755662
48.565,-0.0450508404629254,-0.016936049946636604,-0.0009547539016356993
48.57,-0.04737807791461415,-0.006863502994140101,-0.015575009950243445
48.575,-0.04153175397375243,-0.009137550067099511,-0.019889305091483726
48.58,-0.058297297844231655,-0.003257777535965928,-0.003177594949652387
48.585,-0.05303464744065792,-0.013598868617204291,-0.013852389241605366
48.59,-0.03672264698562506,-0.015455144535303568,0.0029805528727166464
48.595,-0.03620400162160192,-0.011808786523032234,-0.01717996179280669
48.6,-0.04997628611007837,-0.016568523930066047,0.006548372454368741
48.605000000000004,-0.044396120548733035,-0.013188929441104866,-0.020751257309574063
48.61,-0.04358870410417281,0.0003079589941195598,-0.00797720395338684
48.615,-0.05908530392829648,-0.01397684006972177,-0.0028107014861157367
48.620000000000005,-0.05057562051805595,0.008278878786364314,-0.002617227979880888
48.625,-0.03137954188069565,-0.009337842150849936,-0.015861414289507846
48.63,-0.042304999140061826,-0.01989071895288217,-0.013019319849927517
48.635,-0.06548296965362926,-0.02570556662959367,-0.02067666673953767
48.64,-0.04914118528170182,0.004369010001001578,-0.016583486643926462
48.645,-0.05206581530204356,-0.017610989600289444,0.002589394905229671
48.65,-0.050492840942686065,-0.005082542758070012,0.007172074633445644
48.655,-0.03713255797301416,0.013702739654378591,-0.010707321292697252
48.660000000000004,-0.06127188865983914,0.0022537672233636395,-0.009400719685369026
48.665,-0.03497612208390561,-0.010812461439982202,-0.005340364758238861
48.67,-0.049683187396136724,0.008051031686704322,0.0041328903468450875
48.675000000000004,-0.029521448155226306,0.010423541963832156,-0.008501193457261394
48.68,-0.04899811296493681,-0.006699708378457476,-0.006473324116611178
48.685,-0.035410818427321335,-0.007928474793026693,0.008097722605777444
48.69,-0.04585724127777227,0.0010613501994995076,0.01991641514698544
48.695,-0.05558790626811266,0.0016369645455607156,0.020192001063584465
48.7,-0.04547638688068019,0.013418246427478134,0.017757762025653503
48.705,-0.04146066182304303,-0.004903103041077646,0.008777294690891068
48.71,-0.04610023940167286,0.0004093408536681863,0.0063407008292024995
48.715,-0.01821736814865497,-0.0010254926975262419,0.016745829196694845
48.72,-0.03566521228006071,-0.0013518066265938522,0.02089873793850594
48.725,-0.04901252597571334,-0.010777129820292657,-0.0022074600221259934
48.730000000000004,-0.048828891487961705,0.004713005060649839,0.0009400872994760716
48.735,-0.05434144328216339,0.010226268961373918,0.016721172437678063
48.74,-0.03919116844687867,0.02583992146749927,0.00993021849437015
48.745000000000005,-0.03148597420141409,0.01125749868851336,0.014432483157510032
48.75,-0.02847762114388689,0.017823776295132772,0.013059468612474052
48.755,-0.03724629080613015,-0.004143867313753102,-0.00033654785888872704
48.76,-0.042694812286314554,0.00427498019162757,0.009046329163038436
48.765,-0.04273915010347824,-0.002743573948112744,0.01569641686291056
48.77,-0.03925950996503735,0.0015585277595202987,0.013221383407676628
48.775,-0.04811591289470331,0.007312910192633592,0.012209542211891196
48.78,-0.04204207634579574,0.003381996725889575,-0.0017680670396603877
48.785000000000004,-0.04932377167376768,0.007484304752321902,0.006937179469439822
48.79,-0.044962091669170146,-0.0036456766688044246,-0.01557475757227475
48.795,-0.045238681974863776,0.0164879112589735,0.014139949697692479
48.800000000000004,-0.05553161279373754,0.0019988941806145504,-0.0033289984398998836
48.805,-0.04488965457878379,0.008406065547623005,0.0013689429902649965
48.81,-0.040859563245647657,0.002351871148694824,0.012614937251843521
48.815,-0.040497067363915076,0.025398546799600186,0.0024002843266363316
48.82,-0.03437400439593075,-0.009948638448790792,-0.010206002826272063
48.825,-0.04434974717453502,-0.017100173413821054,0.00013521654309717884
48.83,-0.03579638362628861,0.0057005447639645376,0.0023984749324341484
48.835,-0.04199755108780158,0.0079516330245374,-0.012399485389299508
48.84,-0.05563629053398148,-0.0070765132936363405,0.01613636304702483
48.845,-0.042475608399705884,-0.01544217687383013,-0.020332146049337738
48.85,-0.028510094400030092,0.004088297019915612,-0.004987400208072628
48.855000000000004,-0.05490762410701626,-0.0049693267046507835,-0.010683747874263978
48.86,-0.04107685443371387,-0.015756834820737992,-0.005064308380732938
48.865,-0.03815581806142157,-0.002893030869875384,-0.001699678934767284
48.870000000000005,-0.04372362316237523,-0.002100863257901613,-0.01222826257483595
48.875,-0.04116420134480785,0.00935586442378034,-0.0032996197227049134
48.88,-0.04659500857261079,-0.0032344931131643253,-0.0046275918758673686
48.885,-0.014739606108423009,-0.009026213149475604,-0.006928786277330439
48.89,-0.043754062580152055,-0.0035751322091318915,-8.042710432255851e-05
48.895,-0.04653878484952387,0.026161496080933495,-0.006521962863596596
48.9,-0.05165785743317296,-0.005072245556470247,-0.0013782514416922978
48.905,-0.040137612231037186,0.004857499200204998,-0.006855644167894276
48.910000000000004,-0.044814044643617754,-0.007818900140115055,-0.005057187691934313
48.915,-0.02946648952249894,0.011049170106340083,0.006039265266497784
48.92,-0.03424320954826311,0.010825581067507174,0.0037576312119694463
48.925000000000004,-0.04090070014090386,-0.0026334042784238337,-0.020993545248543338
48.93,-0.05085624022501638,-0.007568798264272777,-0.018418250534151578
48.935,-0.035811368045221635,-0.013222181218258496,0.019931613465517875
48.94,-0.05610932418818115,0.017498477492947487,-0.009278097991100076
48.945,-0.05086660657008767,-0.004656315099932666,-0.017399759735769356
48.95,-0.04273755473811555,0.00337142395153945,-0.016856313877276128
48.955,-0.050226943380864295,-0.01547968832978798,-0.015095038681568057
48.96,-0.03259470462568419,-0.009720293138373276,-0.015855629158291504
48.965,-0.05246018496899946,-0.0016464409947492234,0.004929451556605333
48.97,-0.06068261893498271,0.008788996325324764,-0.01820300336060601
48.975,-0.048578864701602546,0.0007490793859538563,-0.023142432881625593
48.980000000000004,-0.05505107364949522,0.008152185425626212,-0.021368858033258643
48.985,-0.05570311745796016,-0.022880985968479768,-0.012323224922386383
48.99,-0.04591672611950594,0.01008351783415177,-0.026115418742934625
48.995000000000005,-0.055085842839763484,0.009541033622013827,0.0007191302485164974
49.0,-0.037945863858049,0.017851006199660298,-0.011708356358880123
49.005,-0.03663294510388327,0.001969415621987422,-0.01762420885097004
49.01,-0.060482998555104174,-0.00022002482409134386,-0.013388204859477608
49.015,-0.03058305428218411,-0.0018323925191439583,-0.010202447035085094
49.02,-0.02389774643352356,0.006306149288987836,-0.012986988011824269
49.025,-0.039177658175212696,-0.01767522928771044,-0.004413116832968397
49.03,-0.03528133627884829,-0.0018872763415347287,-0.024615090407744185
49.035000000000004,-0.04044464765616012,0.0006662902717417497,-0.014422355478759682
49.04,-0.027256404666683283,0.020372271946398315,-0.004416916759613511
49.045,-0.024111648919880074,-0.0010928785045926223,-0.021635310720825335
49.050000000000004,-0.031757882775776416,-0.001234559109487407,-0.0033252516490159673
49.055,-0.041235261997924544,0.023698966720144148,-0.034594623727035714
49.06,-0.05173356732707887,-0.0029736163281760637,-0.0029275975331641627
49.065,-0.04245442407005509,0.0069049474593676574,0.005602371836910404
49.07,-0.04935925273666088,-0.0035959675914433043,0.0008199370205024675
49.075,-0.03209851258942204,-0.003847422616955431,-0.008234786522985638
49.08,-0.03782467882494868,0.007416924857294048,-0.009439094701098525
49.085,-0.022064104334047957,0.007628307967908352,-0.0066999409552396735
49.09,-0.052175643940981134,0.015300703927970411,-0.0018835950619156758
49.095,-0.028214944300967902,0.014482804785759005,-0.007526236171380575
49.1,-0.04036721191979691,0.008548914330713354,0.005567004975464626
49.105000000000004,-0.054305752408692634,0.01166405853144991,-0.007619860587105794
49.11,-0.05410692281691931,-0.010404742538271842,0.005681557255678336
49.115,-0.05308362999876917,0.010726593851979056,0.002907560781224283
49.120000000000005,-0.04577279149836332,0.007633163468612326,-0.019805748867412383
49.125,-0.05420941464757624,-0.0014062317473493777,-0.017673278449381578
49.13,-0.020242172008397476,-0.005176308449307003,-0.015383404530283858
49.135,-0.046006424309085595,-0.0002750093289779626,-0.004852313114909742
49.14,-0.04008305975754165,-0.006424759942894798,0.008089713319042124
49.145,-0.04796882448748789,0.01274357944246418,-0.00411193365717542
49.15,-0.03976559785084743,0.0028816932600909534,-0.012700768429915407
49.155,-0.06080923669730883,-0.022527888093330097,-0.01092780755516137
49.160000000000004,-0.040394871776916495,-0.004347316228718671,-0.000716876797630453
49.165,-0.0465247376785443,-0.016940663917682487,-0.012742703328650518
49.17,-0.05888404149131429,-0.013747950892476157,-0.015903967503225758
49.175000000000004,-0.06789876408817025,-0.0127431967792326,0.0023260899760459072
49.18,-0.03132455367791644,0.01110036951353407,-0.014488752255416591
49.185,-0.05606250394498515,-0.002889073810530768,0.008910442926476018
49.19,-0.06549088226855389,-0.016290387391392113,-0.0172665269908802
49.195,-0.05018812600997459,-0.016309981373545453,-0.00683956434953752
49.2,-0.04677385942535666,0.0017138357745147877,-0.02072297267189202
49.205,-0.04869439453743428,0.005144107418365606,-0.0208402325857045
49.21,-0.06079169612125946,-0.012689159533576033,-0.028856278860606016
49.215,-0.06364440558014972,0.005214247501059937,-0.02160063917364736
49.22,-0.04585790757048641,-0.010422757613876201,-0.0149563739981247
49.225,-0.063860743225619,-0.013196196677365622,-0.030279410402269915
49.230000000000004,-0.05927513116755261,-0.02209680242951377,-0.010330666397643459
49.235,-0.07592606900879545,-0.0005883126264768172,-0.017194113177897756
49.24,-0.07034277035001327,-0.01693740046268044,-0.021678907617786694
49.245000000000005,-0.05208397039308728,-0.002582041781369066,-0.00932162221608743
49.25,-0.06919054088774895,-0.027538833582773755,-0.011533946853938576
49.255,-0.07529732320092372,-0.007691194810863238,-0.001089755542966503
49.26,-0.059120302793419344,-0.015268470888130152,-0.02859364030191326
49.265,-0.06432492560523373,-0.018045472338757418,-0.0067432138780199775
49.27,-0.06519456948055731,-0.028059113077436314,-0.014380193978668073
49.275,-0.06045696647325106,-0.025656422630150992,-0.007736828559128543
49.28,-0.07109902398286255,-0.015231912567953637,-0.008334292431272892
49.285000000000004,-0.058300225996014816,-0.011004153147120867,-0.021557216794431233
49.29,-0.05845829478050277,-0.010110952889876991,-0.0052922833264241985
49.295,-0.07315770747929409,-0.004448478133679193,-0.01898397900309506
49.300000000000004,-0.06966467522005954,-0.01511095631133575,-0.002962670447778294
49.305,-0.05846393696223728,-0.012062154202405638,-0.014252630820193242
49.31,-0.07084551666579998,-0.012470978325227299,-0.015224472816010363
49.315,-0.06616000690892598,-0.011892173228734038,-0.027987082239354907
49.32,-0.043859262621163915,-0.020985589835360648,-0.008146219465691194
49.325,-0.06487644717971973,0.009922524978640882,-0.01629449462953221
49.33,-0.05917602078715155,-0.005911962699399039,-0.028697216433621265
49.335,-0.054158781599620356,-0.01309411987045943,-0.01733282512175762
49.34,-0.0818133023791201,-0.003278337633210624,-0.023992071201589617
49.345,-0.06113995334152808,-0.0019957037069200673,-0.023625898027744063
49.35,-0.05843656360703508,-0.019553384233593468,-0.022100320779923542
49.355000000000004,-0.05731828704163876,-0.027224821078491133,-0.022849832774012663
49.36,-0.07007758813261303,-0.01994638470004048,-0.01729319216017315
49.365,-0.0620020559841169,-0.013592079207598768,-0.014481713071660286
49.370000000000005,-0.07443128217003059,-0.01981401440143367,-0.007712499756615681
49.375,-0.08029621863808428,-0.018828335443000922,-0.014611087352817409
49.38,-0.059286173874911224,-0.0238911071121181,-0.003663370384682098
49.385,-0.0670150345878397,-0.008595402397507994,-0.012035467891665704
49.39,-0.07632380099781158,-0.007583014662292694,-0.03144884698789214
49.395,-0.06459072520072326,0.007931655744635445,-0.010971687618290381
49.4,-0.07237718350478459,-0.011585413010511109,-0.017784984074613378
49.405,-0.08492827047849705,-0.029038451844863943,-0.020609622941828862
49.410000000000004,-0.0655001812190024,-0.013427788223714527,-0.014719315793722109
49.415,-0.07676977435103423,-0.004253097486069902,-0.009156563765396114
49.42,-0.06008558443482438,0.005659956277715353,-0.013412552924567674
49.425000000000004,-0.0569213114228245,-0.02767014832480136,-0.01807861334329596
49.43,-0.05054307392403867,-0.017957626531087317,-0.013985732610347187
49.435,-0.07374047442049067,-0.02078599449913433,-0.002648348420737384
49.44,-0.06956676524373957,-0.009535727110683538,-0.023374432337629
49.445,-0.0658134738158221,-0.021312860948486,-0.01363624062110691
49.45,-0.05501977409203254,-0.01965072309107497,-0.022229165869170224
49.455,-0.05120250305867069,-0.005959959042104624,-0.0259036299948113
49.46,-0.087550291073384,-0.017751536893648858,-0.020328870216193104
49.465,-0.07215843416349604,-0.01867430366632423,-0.015957539011527123
49.47,-0.06484040900084992,-0.007878271687896272,-0.013814397864606025
49.475,-0.0656825780976002,-0.0009014275622393365,-0.010234053474516804
49.480000000000004,-0.07635538431243029,-0.003805834141765373,-0.009447533970082238
49.485,-0.0625050657163638,-0.0035028093707362568,-0.01002488206926705
49.49,-0.07033889256441238,-0.001309110040868278,-0.022769560064411727
49.495000000000005,-0.057851798538716505,-0.0264149030711403,-0.019472432117412387
49.5,-0.056253940004628064,-0.008960001273690295,-0.010791453335096596
49.505,-0.03937554934892283,-0.005226628861209552,-0.022591595313509134
49.51,-0.05824166440830987,-0.014607444839733114,-0.00901474290767812
49.515,-0.05279839978576439,-0.004365633054535769,-0.02372917799994121
49.52,-0.07275967942163176,-0.02049499607765886,-0.02752685864787019
49.525,-0.06977822764840935,-0.0018455143784640877,-0.011216041548278922
49.53,-0.07680635600763047,0.01273407723376824,-0.0321897089853818
49.535000000000004,-0.06214878186609132,-0.024553305100508616,-0.010727197508888044
49.54,-0.06641613954595224,-0.028189627896285707,-0.015535884886743026
49.545,-0.0769416605414633,-0.029544430140887153,-0.006936896871802718
49.550000000000004,-0.08287971981927303,-0.017035185194433332,-0.03053238038523298
49.555,-0.0734262169454036,-0.018447655207106728,-0.02612224522034315
49.56,-0.06880665554652507,-0.027708889973263956,-0.0353929235017176
49.565,-0.08506503520241454,-0.02584437932150266,-0.0056391153453348684
49.57,-0.08089178135780732,-0.032253575587759896,-0.007345165070613582
49.575,-0.07241862610120112,-0.019651905289593867,-0.03031124790777478
49.58,-0.0858780737192334,-0.031166909656401683,-0.01873471264079655
49.585,-0.07477714987196409,-0.019064146911849083,-0.009778523046017482
49.59,-0.05910689150144156,-0.00571148761382044,-0.024945244849488846
49.595,-0.06598711031385343,-0.015156534511923841,-0.031617360511134174
49.6,-0.07126463295188071,-0.038844331560973264,-0.026535529119739887
49.605000000000004,-0.06261087977891912,-0.02542687967005753,-0.004328685871247257
49.61,-0.06831948649803911,-0.014019028644124402,-0.009710530775966866
49.615,-0.07591113031698107,-0.016619911553560667,-0.021354258832806776
49.620000000000005,-0.059963895408645676,-0.027954470010897826,-0.024648489232309577
49.625,-0.05617666379866555,-0.005341750808435311,-0.02783110450455831
49.63,-0.0769049768317348,-0.017703229424364815,-0.00625423068771086
49.635,-0.08414717094389923,-0.013113519590802383,-0.031330095830221165
49.64,-0.06494341091436627,-0.018972071594785152,-0.031077610343156013
49.645,-0.07683920825197701,-0.027725820362127528,-0.03564158016545659
49.65,-0.07748548801815744,-0.023546836672349292,-0.023555401984406386
49.655,-0.05412849771363847,-0.00018703545795724884,-0.008938444487897872
49.660000000000004,-0.06565398788316007,-0.02032622157836243,-0.015533670878913719
49.665,-0.05321400192709977,-0.01889382601364438,-0.01629183299611964
49.67,-0.052694856693828354,-0.022066168436433668,-0.013135992594087691
49.675000000000004,-0.05570477966557365,-0.01914471003583234,-0.013095006771033032
49.68,-0.06825973726238496,-0.02005515044686659,-0.026798982939100383
49.685,-0.060038801619130666,-0.02072965221602513,-0.014790900606958035
49.69,-0.06486834548806869,-0.024384844235546897,-0.006694341748227726
49.695,-0.04835375629329101,-0.011764650362030893,-0.024855808978227548
49.7,-0.08169770580226027,-0.015660477932833358,-0.009542027178308762
49.705,-0.07097927525765241,-0.011865099974455742,-0.0031864878666431305
49.71,-0.06740648853987785,0.0023542954892915805,-0.01833372367048873
49.715,-0.05644153910963205,-0.019791887742103522,-0.0036593402844403433
49.72,-0.06676253974236725,-0.014880083106203484,-0.01748682791760307
49.725,-0.057607375626371304,-0.015242709743740385,0.0021478735179159825
49.730000000000004,-0.03941610535489502,-0.03020074660609119,-0.02231529094573605
49.735,-0.0749398931914678,-0.03137430863750926,0.008236878719319218
49.74,-0.05333320822148349,-0.014115614778956287,-0.015712947716071804
49.745000000000005,-0.04004019872207218,-0.03268405112171825,-0.033364489155401994
49.75,-0.051219711524520706,0.00541947819678721,0.000147232845282029
49.755,-0.04802573701373454,-0.014693419811688094,-0.035436157969783326
49.76,-0.05979615955916845,0.011173716988422585,-0.013545128523112432
49.765,-0.04919737470796473,-0.017055274497562625,-0.0033836596128245314
49.77,-0.07524127740930622,-0.006185286951629355,-0.004954131829339379
49.775,-0.06179820425771294,-0.02955313445549433,-0.022579892442661176
49.78,-0.05705715048424795,-0.025795612934873688,-0.014413915512515585
49.785000000000004,-0.06990539641098956,-0.01876167784852443,-0.01586135875161116
49.79,-0.08354374097327331,-0.012495879123705861,-0.01729886827303022
49.795,-0.06983052876131068,-0.011645391636953425,-0.02028364844595861
49.800000000000004,-0.053862502384599234,-0.01243245288582047,-0.011948418269541936
49.805,-0.0639971643607848,-0.01970998843439952,-0.020033265465769078
49.81,-0.05252767089405749,-0.008815872214001694,-0.01044705186425925
49.815,-0.07546759272273998,-0.030698582048867683,-0.007186041962998855
49.82,-0.060692049273037785,-0.0095103776739465,-0.006749940408693495
49.825,-0.05191505554921139,-0.02391584476808479,-0.014274395384843137
49.83,-0.05399549189485828,-0.010638724412569142,0.0013116801825149745
49.835,-0.06426927764852931,-0.011260959333682243,-0.021669087119542844
49.84,-0.06575154741240394,-0.016945111588802266,-0.020698655560233717
49.845,-0.07169647183437482,-0.028281250406858846,-0.02046104050485159
49.85,-0.059856325923521386,-0.03216413210037967,-0.00488660160875206
49.855000000000004,-0.061682425505371494,-0.004214764041666479,-0.011616892694139696
49.86,-0.052736798895342496,-0.012060694994754553,-0.008529789282142316
49.865,-0.06821585639985794,-0.014663657765019232,0.00015096964797523676
49.870000000000005,-0.08519477960553616,-0.0074696300234437935,-0.028993961507227075
49.875,-0.05595953528538213,-0.00495484846047374,-0.028065996329845067
49.88,-0.06840162159962927,-0.004463711324827457,-0.014714323830048753
49.885,-0.08111378663592314,-0.011198976666987341,-0.02684256720985028
49.89,-0.0502365835233108,-0.029387014822746006,-0.019024899975389746
49.895,-0.06717804065707406,-0.02917638483523136,-0.029593481828829163
49.9,-0.06793768877770294,-0.009416956653886793,-0.024803675827799923
49.905,-0.05832910190446432,-0.0007800254971647696,-0.017004398167791646
49.910000000000004,-0.05233358380241867,-0.029793285947710572,-0.004142858443527655
49.915,-0.052859366300447505,-0.01688981278222607,-0.015106014556858656
49.92,-0.056803951196200526,-0.003269612435988033,-0.01775648948286296
49.925000000000004,-0.06494632926162272,-0.01860952595827864,-0.018954562757993416
49.93,-0.04923069372833332,-0.03230476747019308,-0.013867072023092303
49.935,-0.05786566067109598,-0.011701383519221401,-0.02302521574291281
49.94,-0.05670481293672434,0.0003549748385884115,-0.0030542233234319323
49.945,-0.041199236634787216,-0.03152185924159511,-0.0319901082346977
49.95,-0.046672652630075626,-0.021855405551678402,-0.0065579337863850284
49.955,-0.06415172318038459,-0.01649446387563415,-0.017181713055660977
49.96,-0.062274539113527594,-0.00678603967221017,-0.0274108415284457
49.965,-0.0438159362135912,-0.027821875763088283,-0.022167731030401962
49.97,-0.059408080907694144,-0.0034583122571054006,-0.008394725413706509
49.975,-0.03803262408444319,-0.025725575478580807,-0.009300588970147947
49.980000000000004,-0.048285463455645265,-0.017145656340910323,-0.01246504520121351
49.985,-0.05173149678066798,-0.011306940375608907,-0.02291777096273651
49.99,-0.053766640844942815,-0.00881414780103976,-0.04264937370430068
49.995000000000005,-0.05588036088867258,-0.03963264406555751,-0.017884097742392545
50.0,-0.0650411893908465,-0.02435364223493459,-0.02600432335618434
50.005,-0.05501302305059196,-0.007751667099700211,0.0010580151218109526
50.01,-0.06238813522822298,-0.014274551229691006,-0.02359801360377652
50.015,-0.051048012964875975,-0.03793872801653684,-0.021163413065009483
50.02,-0.07250798707126467,-0.023041288580927445,-0.018781336629404448
50.025,-0.06428207623672114,-0.004484524117381136,-0.027007559981756146
50.03,-0.052451857191904455,-0.010289742492540915,-0.015600181663595405
50.035000000000004,-0.0642616734725153,-0.00873376502617124,-0.01864132715261949
50.04,-0.055632937559924545,-0.011309355534078039,-0.014565586753783312
50.045,-0.06770270677478932,0.006383560116713238,-0.021217731884878084
50.050000000000004,-0.0698589963874895,-0.015953677959222506,-0.013747812087411626
50.055,-0.05987292098565329,0.00039686225971070563,-0.025047832805128886
50.06,-0.05007653367066503,-0.022576430083988408,0.007837383235430755
50.065,-0.061850762495666095,-0.009894670813775859,-0.02725112324588654
50.07,-0.06555044086550052,-0.015518271165676223,-0.016668745167333163
50.075,-0.060270152441500836,-0.029413329605406133,-0.01961079209553335
50.08,-0.05067225833131184,-0.010426099373323944,-0.03570570825088629
50.085,-0.0601719157642017,-0.02578387078053572,-0.012095888640594356
50.09,-0.05658550228767428,0.0055346246419747105,-0.02495120113936697
50.095,-0.058172224412892395,-0.01941039035769586,-0.019291876134735743
50.1,-0.0529396274426351,-0.019730212811082934,-0.018146474769798075
50.105000000000004,-0.05038576939962712,-0.014162066266126573,-0.02692900971839149
50.11,-0.05687016618520332,-0.027614420182990408,-0.02684969552427314
50.115,-0.044629213509412714,-0.018052334341345636,-0.032708143365815456
50.120000000000005,-0.07369708501305984,-0.022270087382342818,-0.033230012704322645
50.125,-0.0659525719427731,-0.007654405361348326,-0.024456994315312685
50.13,-0.04288122239225106,-0.024372355596428714,-0.018646401933004694
50.135,-0.04492933613267969,-0.007332246828173352,-0.0396412306765656
50.14,-0.07088947038734354,-0.033396647699456605,-0.031921550973291024
50.145,-0.05825742152709339,-0.023035356149618262,-0.0544537200228679
50.15,-0.048930086948182704,-0.0058766504251964195,-0.022892490606057584
50.155,-0.05910370436575328,-0.02818057767132008,-0.013612842293912714
50.160000000000004,-0.04792625961953897,-0.031676284446892695,-0.018336774673893323
50.165,-0.05650010072880331,-0.021503626702920373,-0.0325370817589242
50.17,-0.049912541781091134,-0.04136855679270947,-0.03140324792215277
50.175000000000004,-0.05473930164686654,-0.01612875856913346,-0.026888975063443496
50.18,-0.033206636273781925,-0.03407260289475627,-0.038611813049890885
50.185,-0.06380571979882894,-0.026400544110790385,-0.05193483517473974
50.19,-0.06749121539476051,-0.02046439695122932,-0.02849296773928294
50.195,-0.0615219715807913,-0.02504617271320047,-0.02923149799776006
50.2,-0.058831450745684424,-0.03268524839945358,-0.03874288855166289
50.205,-0.07218828034446627,-0.03053690373971378,-0.023378750034399372
50.21,-0.06066808594340561,-0.017321371117719458,-0.03046352510358604
50.215,-0.06690094823872295,-0.0399492176225847,-0.021089989022338645
50.22,-0.03509173695691501,-0.0188783391541053,-0.005718191387241882
50.225,-0.05848019548042706,-0.016985721846539938,-0.019677399872403294
50.230000000000004,-0.03937272723356218,-0.016773986878310956,-0.01650104972094638
50.235,-0.04496393042973183,-0.036344850536295374,-0.018313436657746516
50.24,-0.05221747046029349,-0.03158506695536516,-0.02242286702599909
50.245000000000005,-0.044417636333674244,-0.017837360158293562,-0.03229986243983412
50.25,-0.06862443728715541,-0.02989060896868088,-0.011287152225039484
50.255,-0.05219771344591364,-0.025674703914990396,-0.0220999913523458
50.26,-0.07177145730751319,-0.01943504310464548,-0.020164413304484582
50.265,-0.03540119949813229,-0.022125553077041595,-0.03253900123395967
50.27,-0.031514979238431384,-0.008448457268348974,-0.015335281252994135
50.275,-0.050332113821536524,-0.011450340921886517,-0.03637601581956163
50.28,-0.05944801532458963,-0.01987012988241424,-0.029494967476135357
50.285000000000004,-0.06015481605581051,-0.020902898396561294,-0.03110759841928063
50.29,-0.04679109795250818,-0.021749666162837862,-0.024881755193676438
50.295,-0.045251717233358246,-0.04419601573883399,-0.010907561044062618
50.300000000000004,-0.05261956791103528,0.004329456671127746,-0.008619304157314038
50.305,-0.03854863655963113,-0.02323303351856388,-0.02074224551544829
50.31,-0.034302395917833066,-0.02683990542999414,-0.01589949861775515
50.315,-0.05160222364939302,-0.02647101144597307,-0.043084081325650427
50.32,-0.034974416900146126,-0.010949838852449822,-0.02142181580267242
50.325,-0.03524796199396809,-0.016643898295026657,-0.022381957928756527
50.33,-0.041253651257401235,-0.025506944154393328,0.0012713833247489682
50.335,-0.034583670391298796,-0.006525565525570125,-0.02138841746408118
50.34,-0.05129904413422991,-0.022910573512756195,-0.014684808334959387
50.345,-0.03451551929159743,-0.018661518671532075,-0.019067582201565236
50.35,-0.039134421442437596,-0.010774486855080652,-0.031325399889269384
50.355000000000004,-0.022283625438817845,-0.027087259384521313,-0.023197127690904894
50.36,-0.04665159830483841,-0.030061764083350772,-0.0296078995781991
50.365,-0.04050664019376911,-0.022609756245349028,-0.023630072679271176
50.370000000000005,-0.03956601752137242,-0.032593221840179966,-0.01820617903532965
50.375,-0.05416588327724509,0.0009392410627714334,-0.009515834164638321
50.38,-0.042570059109286684,-0.007518590946602968,0.0026775821822043466
50.385,-0.04162676416212957,-0.01670135074711534,-0.020727111741929604
50.39,-0.038772799197700214,-0.014989514060268007,-0.020963007744347246
50.395,-0.03598923006681492,-0.006712150428149935,-0.005439669964943893
50.4,-0.04609832329114638,-0.013242769572828866,-0.01532389054474156
50.405,-0.04456747727921619,-0.00461271695575392,-0.009565086357904819
50.410000000000004,-0.044764640654837304,-0.014907684141101534,-0.010659913311350026
50.415,-0.03198297410095305,-0.015525596941102228,0.0013279642268229155
50.42,-0.03860114883287699,-0.016469657242881543,-0.004808035168865694
50.425000000000004,-0.06172067128974479,-0.020482483618343962,-0.0066442263316113526
50.43,-0.049146658913629154,-0.022992669508201356,-0.0038121523128830555
50.435,-0.035368206406888106,-0.02476350258709742,-0.000949800416341344
50.44,-0.04601447724528135,-0.032005133701531394,-0.0024136347668542585
50.445,-0.05908763905820365,-0.020778136717249467,-0.031387070108193436
50.45,-0.0443708597781664,-0.025143498109498813,-0.004834093278392352
50.455,-0.056594892748934054,-0.002721153760893028,0.0029128769464490008
50.46,-0.018608625334931975,-0.014218377575665197,-0.019098632377814912
50.465,-0.06514804058206845,-0.013742194920473603,-0.014767354170950308
50.47,-0.02428939724801058,-0.030244603434361524,-0.01692354671077491
50.475,-0.03270332156842412,-0.016944648265339854,-0.03173712238669755
50.480000000000004,-0.04042368359732141,-0.02612440283347022,-0.013664951990309164
50.485,-0.04069124799762265,-0.016425285215446245,-0.0015501006091894268
50.49,-0.04077428284803028,-0.0327008267962445,-0.0057965574732873094
50.495000000000005,-0.05737292951173816,-0.031222847536327016,-0.01782489656140738
50.5,-0.05077480822991033,-0.04027196835628569,-0.0169548442918785
50.505,-0.0376312128134368,-0.026268239264918874,-0.027826727205511926
50.51,-0.03977183902168825,-0.04804093622159346,-0.028880670953142083
50.515,-0.0610364445413791,-0.039451968580566474,-0.015583052934274444
50.52,-0.0444908351024854,-0.031225206547758462,-0.0023821838704657546
50.525,-0.03411948457117321,-0.03832166727756791,-0.01686058196369111
50.53,-0.05341442284600321,-0.04199800392640397,-0.02029538953632789
50.535000000000004,-0.05838450606078083,-0.0406164679446117,-0.018420706190945588
50.54,-0.04076157695073435,-0.040958038165674504,-0.029664597219681822
50.545,-0.030491277912634302,-0.027221014953836914,-0.020479310102389445
50.550000000000004,-0.05293596291977944,-0.030530590483534556,-0.009731928354571595
50.555,-0.04637255856363317,-0.04819593131966831,-0.004871286631848368
50.56,-0.04393353206564841,-0.031533637967072765,-0.024750154215599198
50.565,-0.04488139300007923,-0.02142858563478977,-0.024851765063029097
50.57,-0.04157448214613955,-0.02103653987469465,-0.011369581565749761
50.575,-0.03585639669787791,-0.01868095692626967,-0.02238316705027109
50.58,-0.04226744503644971,-0.042476371288124495,-0.048494452536850835
50.585,-0.05743712179555094,-0.03076762953706018,-0.01068503921678627
50.59,-0.04203416376595743,-0.03668722768072604,-0.03341005871382907
50.595,-0.044159429760488,-0.04508842487561613,-0.01852919190395058
50.6,-0.06277788998219536,-0.022306148104784596,-0.030539939188201092
50.605000000000004,-0.0487132908200634,-0.0333142246739557,-0.032504194634239494
50.61,-0.020734375938294088,-0.027429491960902032,-0.010498432342136935
50.615,-0.05570512952271406,-0.02663079766671385,-0.020788424240962524
50.620000000000005,-0.026308828608365992,-0.03848749542273701,-0.019910073053721965
50.625,-0.03643192515338538,-0.04545275757743032,-0.01704677492010845
50.63,-0.03880498587076485,-0.016668095319540815,-0.01575428245121894
50.635,-0.045872864871431114,-0.040172298196691936,-0.016277922950122953
50.64,-0.04312456220451716,-0.030124494354026858,0.006684896953099786
50.645,-0.03308439742420543,-0.009948950387953251,-0.01999660261001377
50.65,-0.057415440337253626,-0.023143205126596463,-0.01983167089032542
50.655,-0.015393321876669308,-0.014184240861239386,-0.029280444864962136
50.660000000000004,-0.061379511327157896,-0.012976615313993701,-0.015160419099140674
50.665,-0.03402937193363375,-0.02819622211369321,-0.011588660293194147
50.67,-0.04582597648892564,-0.03870523999245872,-0.036982733772578616
50.675000000000004,-0.03971396764773201,-0.021332407448798676,-0.018020074564154113
50.68,-0.041801890692536134,-0.030676230176903317,-0.028322875494556386
50.685,-0.040551170805284,-0.03571472740022778,-0.024376083172274986
50.69,-0.04973055861486459,-0.03760175567367148,-0.01884831164499625
50.695,-0.04783762313585508,-0.02707173031983922,0.00046031247151253826
50.7,-0.03838430532783083,-0.032367993584360426,-0.015381351617772819
50.705,-0.04614291450764195,-0.040524499806117775,-0.015320203388219092
50.71,-0.028916287609316603,-0.043110313032046585,-0.009865108458573545
50.715,-0.05127453106835022,-0.03221744623629062,-0.03211414545655107
50.72,-0.0368220817112841,-0.033002797138926364,-0.001019323495108776
50.725,-0.053476248233943674,-0.017011683173339592,-0.014365344380209435
50.730000000000004,-0.040445174433989026,-0.014016578235217313,-0.028097886320230223
50.735,-0.03483118185442952,-0.019342390105627286,-0.022059984301242015
50.74,-0.04603560565348108,-0.052469174672635045,-0.0003712252312263742
50.745000000000005,-0.03320861829221091,-0.004927311716372407,-0.025775810071228693
50.75,-0.03727794912317106,-0.011744623304041909,-0.015615492950893088
50.755,-0.04359080171624477,-0.016241683808358984,0.0034230455433453127
50.76,-0.028450210474222314,-0.02514592661142887,-0.019573506539006386
50.765,-0.046699086075819685,-0.028016551749311294,-0.00012045495347616161
50.77,-0.03991779541754429,-0.016275101097701538,-0.019501602284093658
50.775,-0.03412333930651788,-0.0216878048845926,-0.015377313227592577
50.78,-0.01584721028895026,-0.02975476323008063,-0.004050513065424376
50.785000000000004,-0.020746234426954918,-0.042014215956433155,-0.010439640990503932
50.79,-0.019500045016399556,-0.0138125786268294,-0.012977155216778355
50.795,-0.024251175821830978,-0.025585551909225193,-0.02370849166409973
50.800000000000004,-0.023563652942690166,-0.019330195856906096,-0.003987260030158871
50.805,-0.039257353011000654,-0.03421398413720625,-0.0038380413204881017
50.81,-0.035635127797917346,-0.03014517636465,0.006224123312867799
50.815,-0.045666667651946415,-0.022529304699105017,0.0015519585188873974
50.82,-0.06327427572372728,-0.01504171919419877,-0.013025495074605238
50.825,-0.047816165427559114,-0.015968697020439234,5.213062260721324e-07
50.83,-0.04336729563806719,-0.023136864239331367,-0.026201126328430583
50.835,-0.043996389221869873,-0.012516060230570322,-0.01508087605391046
50.84,-0.01969754544576989,-0.0239197565308543,-0.009095349248786506
50.845,-0.019358408066100424,-0.000597439166238941,-0.011515044352960193
50.85,-0.02345299945344735,-0.007702757202326609,0.002248029484065023
50.855000000000004,-0.022167246720370924,-0.012550349358098793,0.000999608850510661
50.86,-0.023134496097249407,-0.01906298299408833,-0.009220383080612713
50.865,-0.05274059848107917,-0.007916806643587121,-0.01806350342353876
50.870000000000005,-0.04235379909384233,-0.017484490696271737,0.0034865653714026106
50.875,-0.03714191918120653,0.007662626620308535,0.010696412897068533
50.88,-0.03454877365154264,-0.01400537994527985,-0.012562797793936396
50.885,-0.043310682947898464,-0.008640391392112569,-0.0029068783997366378
50.89,-0.04794749955262332,-0.01641617376581471,0.013469105792756324
50.895,-0.02194296618331226,0.003611251063290055,0.006793276651043716
50.9,-0.017650026363654318,-0.01781870231386265,0.006616013792413469
50.905,-0.04298379083397614,-0.02284704579804404,-0.0008481705116368185
50.910000000000004,-0.04628069620126067,-0.012200041507630507,0.007171885402554621
50.915,-0.030852777380796698,-0.009825494680992707,0.020219119699804035
50.92,-0.03341385802106471,-0.0017996305931901255,0.007124783150991101
50.925000000000004,-0.016390669347644136,0.002076916500949982,0.001105143780685821
50.93,-0.03228637230615515,-0.006201572394132873,-0.0054124521999613685
50.935,-0.023607650613800088,-0.015156999325879973,-0.0214421719367815
50.94,-0.02289501134995303,-0.00668771497303041,-0.003524627654160742
50.945,-0.006337048043155919,-0.00867208835685348,-0.00030297833198393576
50.95,-0.030342800408364217,-0.0040223333901969254,0.014811491938870991
50.955,-0.017281846141266054,-0.008713458422673436,0.016173763706439876
50.96,-0.020328422876545817,-0.008837322805552997,0.015750856250804742
50.965,-0.018720718796329014,0.0007891704420125512,0.00771120015397744
50.97,-0.025204411387002672,0.0014076814366036725,0.011861721957121433
50.975,-0.014520590404716515,-0.013542485011135202,0.006783135430040926
50.980000000000004,-0.014421108002142947,-0.009051246000506389,0.006677340520841658
50.985,-0.0012957062996558546,0.004369584029668462,0.018413285300322844
50.99,-0.023003213362116946,0.014306918139227404,-0.010785146097365882
50.995000000000005,-0.005804432873753866,-0.004846890413114587,0.002381313047065965
51.0,-0.003634241041645832,-0.002277498006623996,0.013222396173046425
51.005,-0.01452716393492365,0.013853181282437793,0.015119454837981574
51.01,-0.023038367582296812,0.011073080701283027,0.010861269979044515
51.015,-0.01826886799491271,-0.0032485815879349155,0.008362687541522574
51.02,-0.015053085221981278,0.005702715657097525,0.010495780373426845
51.025,-0.019155242030581898,0.009193624839668662,0.01813708490057224
51.03,-0.011968024337759512,0.0007764664743832419,0.022790029594569987
51.035000000000004,-0.004648387746698507,0.004774749209728775,0.0075018203689627624
51.04,0.00036753368420836116,0.018635928506303304,0.019054284347209124
51.045,-0.002816463827263723,0.023823839101242583,0.010776161902717091
51.050000000000004,-0.022063462948809044,0.011557166951008203,0.011877919103954724
51.055,-0.0013588635896197646,0.02675820885275774,0.012162725307956604
51.06,-0.022558134810073682,0.018895879001852536,0.01707659104459937
51.065,-0.01076893966515732,0.003143303536664168,0.00969313090739881
51.07,-0.01498962330233791,0.026258048794991905,0.001233366316064806
51.075,-0.0074913906615796284,0.005566720400505419,0.02911451128607369
51.08,-0.025189465242477373,0.004449816137821815,0.018456521872969475
51.085,-0.0003815934563786118,0.030157819637807146,0.021086426511131122
51.09,-0.009943136558546223,0.023182780669211638,0.008976786565506538
51.095,0.0023729965423669973,0.034833557512340525,0.015686285935827323
51.1,0.013330477769758058,0.019351620026069518,0.01615575017183716
51.105000000000004,-0.008875087292995909,0.003691868259115287,-0.0048724349462544135
51.11,-0.0029041648422838398,0.022745193608376187,0.00633342145028825
51.115,-0.008344962413040646,0.024693167644011114,0.005078951594809221
51.120000000000005,-0.01467519762117165,0.018636618060965265,0.018850334115272274
51.125,-0.012747785022414254,0.021603251718138265,0.019161399892444052
51.13,0.009086637108548564,0.028834679155490015,0.008834391483721393
51.135,-0.0012478860429035493,0.017876329734604453,0.014986328149624872
51.14,-0.014436410353058447,0.03545437214360753,-0.0015706742182867543
51.145,-0.01889618106989347,0.02673614621935199,0.042345579013386314
51.15,-0.015635010420617906,0.00352546530608091,0.004546174808983061
51.155,-0.018624829475384075,0.025575005056080645,0.010851491176897834
51.160000000000004,-0.029196801936422885,0.016487640881746417,0.010409126656428451
51.165,-0.006148481136743815,0.024570545393668382,0.011019185134435838
51.17,-0.031472542725841,0.013859338232490425,-0.004796772122847907
51.175000000000004,-0.010458242995654102,0.030569768412283163,0.004716320709333106
51.18,-0.01466023083093133,0.021005133627753438,0.016135938363596523
51.185,-0.009023045669377023,0.04191766149856019,0.017397666573993508
51.19,-0.015763938821287328,0.024057160540108286,0.008365930748101606
51.195,-0.02134119524609387,0.020392179837530104,-0.00059719495605862
51.2,0.0017729877759130714,0.022624821252647434,0.011039983925082358
51.205,-0.0005437887323929457,0.02700416729529626,0.017665651964709563
51.21,0.0004987985450062562,0.01645918380225759,0.033632050906083275
51.215,-0.003201874474416385,0.02779484611738471,0.020293122476257388
51.22,-0.011648566865690425,0.01953262054224925,0.0032664981928608137
51.225,-0.016381866337587238,0.016719903325797,0.00964380130449001
51.230000000000004,0.000666566259634428,0.009460727467746694,0.009275746991258122
51.235,-0.008214629433456664,0.01831358086097787,0.0159657030333105
51.24,-0.015176583392864833,-0.002083835927532439,0.011210700960836067
51.245000000000005,-0.004766427930535129,0.020547780702875943,0.021343852481826294
51.25,-0.016757826224559118,0.01623577298158503,0.011469605266562544
51.255,0.002545262454394251,0.01849041432115726,0.011234837518722514
51.26,-0.015765854410297465,0.027998310081547538,0.009808026724095493
51.265,-0.010091326821103263,0.015372445021059746,0.010113563567768026
51.27,-0.014342463863041286,0.026234974852532542,0.007801018138672369
51.275,-0.018462759456483555,0.03534928490507887,0.026298516594645705
51.28,-0.017245843910516097,0.03254309500717681,0.009981241433516846
51.285000000000004,-0.008922408035215202,0.019209962357820253,0.012551258555733392
51.29,-0.0251477055303385,0.03740251730029898,0.007377443655276612
51.295,-0.017623917906014044,0.006692253761880894,0.034190412559414046
51.300000000000004,-0.017280604767312198,0.0196173351600413,0.009048851934694756
51.305,-0.020481270311967795,0.0066542257166250784,0.038970287407709366
51.31,-0.021743779760492157,0.026875514645037672,0.013387458952023614
51.315,-0.014346658263500726,0.015420944763786451,0.02125319509386003
51.32,-0.01059173164790662,0.014905771743694517,0.014205783070753212
51.325,-0.020476665965277085,0.013137790080908877,0.02393980422492113
51.33,-0.029157575684621607,0.023151785134815354,0.004545266149914188
51.335,-0.017749975882312828,-0.0026222879152635907,0.01531255632655219
51.34,-0.0012125027429717473,0.007407500311063001,0.011001920141329072
51.345,-0.01443718829692054,0.021676750618828067,0.01846011652307914
51.35,-0.008629550846551563,0.028853421078530242,0.009317164455505057
51.355000000000004,-0.0031351239366464697,0.02828493758092066,0.02734010984908061
51.36,-0.01500622585891714,0.006656427341092555,0.019368749215772602
51.365,-0.009767203099054211,0.02122521272005961,0.04393228828581616
51.370000000000005,-0.008908908822544862,0.023966180861815643,0.019386112257259686
51.375,-0.0211016843184645,0.01743168398734874,0.02952636538972365
51.38,-0.030743163699122108,0.038636996877461346,0.012639327623524085
51.385,-0.0026173396918904718,0.034377711197359745,0.04001463244276486
51.39,-0.0185004434217934,0.017073238166919247,0.0012521315656801243
51.395,-0.003877854426168437,0.026318963347728208,0.02328433050915139
51.4,-0.009591301944076444,0.030228483070619913,0.026520508911776278
51.405,0.005593459252257637,0.02735623210030901,0.014987571919036179
51.410000000000004,-0.0069387666100062945,0.038092004146843106,-0.00399449398203194
51.415,-0.0008342535759316167,0.02568033670324987,-0.00038777764933173656
51.42,-0.016286592058323605,0.03990686446589195,0.015286608448475306
51.425000000000004,-0.003802587380973714,0.014757919112663977,0.01576384443073214
51.43,-0.01030101999603216,0.037574780703394074,0.00503173232267258
51.435,-0.012874556441463667,0.04167104409811415,0.019393669867585974
51.44,-0.014515898469222775,0.03522832625170633,0.021096290444851774
51.445,-0.007923301641796263,0.03963183312945408,0.02539366813615638
51.45,0.0045195236781875,0.03847115434784774,0.01193232456771114
51.455,-0.008789777100733327,0.023671902007336383,0.022887271971526076
51.46,0.007618295083431578,0.02443495455011687,0.03573669633719821
51.465,-0.00794436010261097,0.033551288947551855,-0.0010230399877494134
51.47,-0.022030796835617865,0.031667936355199836,0.006543198000487558
51.475,-0.008500671571319732,0.023719157623188065,0.004567747001088293
51.480000000000004,-0.0019067326259152514,0.021807015296855914,0.018484924499204528
51.485,-0.00027067470401731866,0.029229294251789197,0.02140703813791615
51.49,-0.0333245582595323,0.01738910043225015,0.02451967620476414
51.495000000000005,-0.010599669665519978,0.036320267037133765,0.024274663068540703
51.5,0.014482592895523484,0.019396802306391157,0.017232896417532857
51.505,-0.01826815551476859,0.023049317511135897,0.013917943008834425
51.51,-0.0005995279358974974,0.03283030013584859,0.023025313350815063
51.515,-0.021436142568532678,0.01845894917069029,0.030051112205095966
51.52,-0.002353679255990143,0.03542141620802983,0.01357658833475605
51.525,-0.01354958734673122,0.026095124774930208,0.016438353165214213
51.53,-0.02352255911169733,0.04716560673764174,0.006137819697427979
51.535000000000004,0.0077950679771381405,0.030385803112240203,0.03209396418984855
51.54,-0.01245789184428989,0.02726038136566305,-0.002876304818523044
51.545,-0.00754480414516771,0.032831881234536286,0.02551586043912272
51.550000000000004,-0.015230126690723055,0.0325731609414805,0.014767154123424331
51.555,-0.03173905873154931,0.05495718553461786,0.021099533709058798
51.56,-0.033153861116355245,0.03195317378946297,-0.0022935136400079707
51.565,-0.015089302595927051,0.04321819015533221,0.02797300931256929
51.57,-0.01752450358474394,0.05509975529217036,0.010831870823357927
51.575,-0.016298851671822333,0.025230981973442014,0.007781204636062699
51.58,-0.002852715035464297,0.04380485469530856,0.027604431054555057
51.585,0.0008214307123144485,0.02676413208192494,0.014420195833581347
51.59,0.0007026096575296487,0.0644557154693429,0.007485178155453992
51.595,-0.018429611453940606,0.05513342625186848,0.0027510539904148576
51.6,-0.022449241948943405,0.04067444591788075,-0.003131989387235877
51.605000000000004,-0.013177315118583848,0.027406747885567836,0.022128043421010133
51.61,-0.026126871784704613,0.05396442277915041,0.018210744389344943
51.615,-0.012611460066061585,0.06870412645400421,0.010327719336753083
51.620000000000005,-0.022680032486029605,0.04963180758120535,0.021919794926172936
51.625,-0.021101798824991153,0.046032112274820736,0.010643423099781984
51.63,-0.027331324684064885,0.0479605620993437,0.003064028828636045
51.635,-0.024863150096518197,0.04869507589500445,0.022183148508903953
51.64,-0.016480738488862445,0.03890142507256084,0.016643154806908714
51.645,0.00044374645186527964,0.06512353875043568,-0.012106787419272388
51.65,-0.012670280678080481,0.023088295416192874,-0.002135104461313986
51.655,-0.021767863347854494,0.025742132282110815,-0.00434257120574082
51.660000000000004,-0.011482841894193851,0.045023632105853584,0.02263501524200561
51.665,-0.023263120258544323,0.04330259047859086,-0.0012154477497788967
51.67,-0.032082322602195776,0.04352714556886014,0.00871892596694494
51.675000000000004,-0.028874097722130662,0.06429745891535175,0.0068230111264334335
51.68,-0.012108233663227164,0.03153483115463315,0.023149281602582845
51.685,-0.018569784646135012,0.03443388671295591,0.01040213507894312
51.69,-0.01920580452729975,0.053907950265645946,0.010904440679585778
51.695,-0.00689480336686502,0.042127302614944934,0.021944048723016082
51.7,0.010107745973329807,0.014569763848351753,0.010012588914581202
51.705,0.0017308342366484097,0.0305520657609311,0.02647177610937009
51.71,0.00894358309979786,0.05242470829115445,0.018571263837070334
51.715,-0.013606222567712987,0.05265017814856657,0.019957374091549122
51.72,-0.013218476603975989,0.04392968791401395,0.02489672556357978
51.725,-0.02453069591535417,0.03227676481128841,0.03145328871260965
51.730000000000004,-0.022154533441445474,0.06414757791022299,0.012093057013208782
51.735,-0.01209797209006162,0.022766671321386524,0.03162454230239174
51.74,-0.004688728209330882,0.05375713354069105,0.027404251506621527
51.745000000000005,-0.011598109285864026,0.026321183295813073,0.02506648667157276
51.75,-0.03826937843645561,0.044930906666611446,0.02857832963466112
51.755,-0.010570075784496832,0.05489788495151886,0.0062237164403446885
51.76,-0.030710915286032932,0.03463657679448314,0.02560131204618937
51.765,-0.012689943129246366,0.03795483163970108,0.03267470607000495
51.77,-0.017446274409090846,0.023663429624269875,0.027954058566381806
51.775,0.0003611057258833712,0.02932155570057536,0.021071283935055304
51.78,-0.024083775800139543,0.04455481133773931,0.02038568636845821
51.785000000000004,-0.0019602541817812062,0.04321559227333913,0.023123346052762568
51.79,-0.015244131611618687,0.025424751505193827,0.023856163419073706
51.795,-0.02927396212044275,0.023744211229178545,0.017219125150857474
51.800000000000004,-0.019252626515568375,0.04309191872965936,0.02883220442268552
51.805,-0.007714670340154016,0.05819494644128025,0.003264678121197153
51.81,-0.029298585367259766,0.04727757336967409,0.02940666881558813
51.815,-0.017621093562182312,0.04360878700299009,0.009732889624970171
51.82,-0.010354207598334653,0.0450640805802999,0.012129807078964376
51.825,-0.0013145670045537784,0.03933058877910059,0.0432483537326471
51.83,-0.014414667151745398,0.039587148505875386,0.02042691872001316
51.835,-0.009511147527044723,0.06126944727975246,0.02752215042806301
51.84,-0.007357395220220688,0.05187707841521677,0.03489988097662708
51.845,-0.017767869659785565,0.04086654918560588,0.020494709070370057
51.85,-0.007453601776344356,0.03259934962006844,0.03462457839812541
51.855000000000004,-0.0028728919272299567,0.044980447024083964,0.01959606913064892
51.86,-0.0188036990806777,0.04861694599660099,0.03039029328767963
51.865,-0.00037333868228661,0.032401594225556045,0.025085686375340536
51.870000000000005,-0.02366411293145969,0.03955357198682766,0.028763788334439086
51.875,-0.023220701566915657,0.028561077536893548,0.047761113199423985
51.88,0.003616310242311623,0.04007413296767916,0.04798233759388777
51.885,-0.004600440734983476,0.035025677023898485,0.030459950993770246
51.89,-0.0033403826986068185,0.05614343170044993,0.04087011031078841
51.895,-0.003862364366638545,0.025843355888186544,0.032380589376544255
51.9,-0.021861816259961753,0.054011449297466096,0.03688620746975068
51.905,0.004678951298238525,0.038125904503494096,0.036482002824761633
51.910000000000004,-0.007723075821191245,0.04209518042507043,0.04851420892946086
51.915,0.0032497505159249183,0.06459980518469453,0.041945579625195614
51.92,-0.013671686356716315,0.05259098920348848,0.02606200600568561
51.925000000000004,0.0065180085812438695,0.042897241401986676,0.017624893861049096
51.93,-0.011311700012036957,0.055095629149195566,0.04170175984839972
51.935,-0.006659327335270039,0.02877436337076973,0.0310273556286962
51.94,-0.01659352941829163,0.039196968643583324,0.0417504122946156
51.945,-0.012848804526762332,0.039162204291231455,0.035644616741721154
51.95,-0.027487875545364568,0.0329817448422539,0.028838128611889932
51.955,0.0042684418508636916,0.042561791339906264,0.03139608229824077
51.96,-0.009908934981723542,0.05103643758348542,0.052161810932849335
51.965,-0.008531889485665686,0.034120432281136835,0.03373501861234489
51.97,-0.00884680396341851,0.030262783760063056,-0.00039393017639852493
51.975,-0.0006153131277593267,0.05400938229543423,0.024370690230592174
51.980000000000004,-0.010072549739321032,0.022252719327327707,0.03934896451780158
51.985,-0.01096484342248965,0.0328548180718685,0.01682359931927442
51.99,-0.0063355624839220165,0.027511298340899833,0.021491031128638944
51.995000000000005,-0.010316233791545157,0.04250291544656733,0.03871101347893652
52.0,-0.015991735616699088,0.03730136678260002,0.018787290969245512
52.005,0.010077620098920863,0.03991396715783779,0.02158476640220199
52.01,0.001792288075453073,0.03713491925168416,0.009314354874218358
52.015,0.00949084033160013,0.03337661023383598,0.024631267667874775
52.02,-0.0004508762166378069,0.041314340827968525,0.0316688487460574
52.025,0.0012303533674495638,0.04209371808768667,0.043240269231664755
52.03,-0.007488948006370505,0.0239815469218781,0.04044265394626666
52.035000000000004,-0.00697544968323332,0.036714162819930694,0.00491228798471894
52.04,-0.01197598066768912,0.043138567013242125,0.025220890294561846
52.045,3.1881556395831415e-06,0.049202268097525814,0.03876771571932279
52.050000000000004,0.00037962764801126054,0.021082497245194166,0.022547766443234994
52.055,-0.022768915362958067,0.04419508910010243,0.013345851269566836
52.06,-0.01545458445322537,0.02252328490030494,0.01260584257759035
52.065,-0.002395623751821118,0.04116053532962036,0.02863362636826731
52.07,-0.0012270661152085707,0.043907769826268324,0.03213856445249727
52.075,-0.019575090658903522,0.026308563050065698,0.024702094690914254
52.08,0.0010843764015573878,0.026806843478468803,0.023306483751725785
52.085,-0.0040821902922125895,0.016699353905812203,0.016839518103167896
52.09,-0.01564792136953523,0.05171267500107823,0.008637589651632561
52.095,-0.011123303253487092,0.024085414584765964,0.02106570448990664
52.1,-0.025190865160527997,0.02468830026357393,0.03956743854822497
52.105000000000004,-0.014398453258189788,0.026641479768275696,0.01591240935803961
52.11,-0.01708645731582571,0.04241385376154966,0.012068142643944348
52.115,-0.02674073257298432,0.029268857686981044,0.025167180721577823
52.120000000000005,-0.02028143927411042,0.02589784527850748,0.013771262811490333
52.125,-0.007125111852668066,0.05180180247927409,0.03403353745789041
52.13,-0.002203335923237269,0.024203759931527617,0.02419780307370252
52.135,-0.0026551672420630328,0.04134589236934166,0.02316181853832404
52.14,-0.02687692045458808,0.02767999970768603,0.004776255588463944
52.145,-0.012387600235885247,0.0368751983159021,0.019795320690181376
52.15,-0.019361768671716333,0.040977750903542845,0.025700772580817814
52.155,0.0029076863547305475,0.037770285730764776,0.032407031582295284
52.160000000000004,-0.0016792010532889756,0.0464070760008525,0.03558935806116938
52.165,-0.01576743348693336,0.034307382611595334,0.0338912993639914
52.17,0.007182322781660226,0.04003332297110069,0.029020460350438204
52.175000000000004,-0.0012720705348179375,0.04487613343028888,0.018789558323918206
52.18,-2.2125899174253727e-05,0.05586322710097849,0.0170644564895911
52.185,-0.0113327229268468,0.042861847166833,0.016888209856183
52.19,-0.01718128328808296,0.044209787544967245,0.03275186783529424
52.195,-0.015851179811979317,0.040621018998012674,0.03665955867108568
52.2,-0.01918039136497823,0.04646162481463868,0.03340885109732046
52.205,-0.026829222498389805,0.04141014772149963,0.006618719861008312
52.21,-0.018188141564475672,0.04482979655242975,0.020248112391619548
52.215,-0.013543138157912136,0.058491469706739824,0.025748847082560773
52.22,-0.018688047424672852,0.03533689824878385,0.020811394481108417
52.225,-0.004303123482738745,0.022947720633184537,0.02002983494161083
52.230000000000004,-0.004546599180214843,0.041425653174584146,0.013931923152166945
52.235,-0.03069558542556677,0.052888240576939693,0.016254189683011722
52.24,-0.010900922351042562,0.02553843128011108,0.0203408152689045
52.245000000000005,-0.002068272266695187,0.03352182440046887,0.01937017534689186
52.25,-0.02027080315426613,0.04198508084095469,0.032787452220928985
52.255,-0.02286856312629069,0.029444544697630727,0.014697604463765022
52.26,-0.012101040431312679,0.05088063459885074,0.005945482822078341
52.265,-0.007983059688049856,0.05171914011046078,0.016568516222293383
52.27,-0.010716132765797286,0.06509442502584092,0.00846202493793128
52.275,-0.019602886107801785,0.04388440586956719,0.017478125159250915
52.28,0.01053316555839425,0.03678256692621518,0.025861526852723415
52.285000000000004,0.006582126122432702,0.037960444210918175,0.012292336143216145
52.29,-0.00013468774954368545,0.05192894771830013,-0.006031888449659746
52.295,0.006287248467655252,0.044773637082132514,-0.011665446698002353
52.300000000000004,0.0031992052543812514,0.03684522489221677,0.005969719467349682
52.305,0.005089372894423521,0.057377396127732246,0.012550146547685583
52.31,-0.008408318586875983,0.051296224349424525,-0.007825205354402533
52.315,-0.012603218828144072,0.04664519429206506,0.0179620636679783
52.32,-0.01651485426943694,0.06421241122860687,0.033475229441730155
52.325,0.004811651146586812,0.051436952376672715,0.010063561411916534
52.33,-0.01104602282663533,0.05134149577018392,0.0011490695151518023
52.335,0.01040802012282687,0.050195621000005276,0.019110239137054945
52.34,-0.007967833197541328,0.04860279401843648,0.01641114679676208
52.345,-0.00623099069060002,0.06204390380123855,0.005602046995216287
52.35,-0.02006693227932488,0.03712245818899788,0.01585666648176303
52.355000000000004,-0.015602797719198362,0.05519420199510558,0.0046857384374816985
52.36,-0.018538655470505958,0.05085054960884204,-0.007738055006519844
52.365,-0.014971904882867529,0.052863977323725664,0.0003269712534219871
52.370000000000005,-0.017052307119970887,0.05597060808996056,0.01994492522000614
52.375,-0.0049324959718678564,0.06202122245625719,0.032616092375271875
52.38,-0.00010540802019091793,0.05659496532421808,0.01296865750394834
52.385,-0.007334798774268426,0.03262562801469823,0.028689337712583887
52.39,-0.02118552778741295,0.04869760918096379,-0.0029847630012985633
52.395,-0.014500364164480486,0.04461460965211379,0.015061882915802665
52.4,-0.011692616915469587,0.05288041891665446,0.020788014145342183
52.405,-0.020081774992735765,0.04821384458506926,-0.0067058272949205334
52.410000000000004,0.0006757079746991766,0.04024790535766737,-0.004484347534975296
52.415,-0.022030105262740757,0.043959100407739385,0.015232507406277442
52.42,-0.004122367734968595,0.041553287740835367,0.008463371451384646
52.425000000000004,-0.019658709664313684,0.02951766409010988,0.005211974993768062
52.43,-0.007391332138955414,0.04459492313545474,0.012499052015896205
52.435,-0.021424935505008284,0.03146973340622245,0.008194901725669362
52.44,0.004304901484866385,0.031016231539408558,0.01099396793726453
52.445,-0.0077348767276392855,0.038557523433089276,-0.0022876931899971607
52.45,-0.024263977150047723,0.025286039426554247,0.012774264801255299
52.455,0.0002815031590785409,0.04077265464821391,0.0018115467738371652
52.46,-0.035253659966233294,0.045907490522985414,-0.009395262213293693
52.465,-0.013050029099469517,0.05746296420297437,0.0072702165943247035
52.47,-0.013935371072986922,0.025951404450464465,-0.007034569475408297
52.475,-0.0296062604199184,0.045666090484880476,-0.0011571516192297876
52.480000000000004,-0.0029619081894402474,0.04553155691860869,0.02191049026549864
52.485,0.00040258415846824644,0.03677807495284951,0.019167275540549623
52.49,-0.022056084739775134,0.027001287095084748,0.014244446426227735
52.495000000000005,-0.025584885707575812,0.05088966426922097,0.0005608914297486368
52.5,-0.01109902804196727,0.03989679916162292,-0.007204315977710474
52.505,-0.031054616531361587,0.028120755669053026,-6.91953468264575e-05
52.51,-0.02224764638787969,0.02818494918483148,-0.008033190770465048
52.515,-0.012919754722549807,0.055381473438290904,0.0034614463052256607
52.52,-0.006924584701045252,0.022634700695195534,0.005671785642066194
52.525,-0.025287308370601266,0.031348146495186226,0.008533879970763443
52.53,-0.01522204990123163,0.016729684640808054,0.0008948653190817626
52.535000000000004,-0.024003974360589597,0.045026765881221925,0.01419413240709222
52.54,-0.03099565546673013,0.020911249369261954,0.014176135792925867
52.545,-0.016649477630008992,0.01372220299605277,0.008544157224618938
52.550000000000004,-0.029996302537855915,0.027406900528882276,0.012973750275671814
52.555,-0.009037955239047345,0.032616910404532205,0.00641884236861414
52.56,-0.018123824563885154,0.036988092915248606,0.013616626246671142
52.565,-0.007845097007120046,0.03164821729329982,0.008647208383092155
52.57,-0.03565912499514061,0.029842559596528782,0.01993611433077218
52.575,-0.031592181081069814,0.04275374881112366,0.026020104148607507
52.58,-0.03624619467962737,0.025547778082159762,0.01498994049507258
52.585,-0.016225285706148403,0.059330284706066876,0.020274452018840906
52.59,-0.004659390453948137,0.03147178087499144,0.00863488747502077
52.595,-0.008830913189540726,0.05463845579507739,0.042923454996277706
52.6,-0.014386668106607626,0.05240333411029604,0.03799948520302931
52.605000000000004,-0.028604624014503022,0.042676955290525266,0.013577287694523866
52.61,-0.0009588785932883957,0.036413455314235454,0.011249956460270676
52.615,0.006514124918976329,0.030437140498861225,0.01832789561833797
52.620000000000005,0.0009550340332591094,0.034011322411384416,0.02133201768193651
52.625,-0.012182440465299269,0.040309893722700926,0.010907674862712071
52.63,-0.014836657330397636,0.03583283099955581,0.03254280783442977
52.635,-0.01130723004228426,0.0383470271635637,0.019353055254886536
52.64,-0.0033717163039511337,0.05224454464286225,0.02152451904010821
52.645,0.0026678946670769758,0.048172206178766934,0.022959042028945567
52.65,-0.03134139239052253,0.03423684938747863,0.020851445677567526
52.655,-0.00540226589305509,0.05404517241094349,0.035001346154206844
52.660000000000004,-0.012300459128815167,0.05780946960765926,0.03420641627196809
52.665,-0.01324850883677164,0.052648166468034344,0.02545790296690259
52.67,-0.01960667387153616,0.05551067924099884,0.030664835118906286
52.675000000000004,-0.00024466166095624565,0.0444159189886316,0.005731805845505233
52.68,-0.005787847087412753,0.04851463259237332,0.02145150039779352
52.685,-0.015159106775578543,0.030380827918868394,0.02232741323748142
52.69,-0.0032600610046136366,0.038352138293578336,0.023662122307949528
52.695,-0.009636157768983423,0.03467514713254831,0.00903864639430343
52.7,0.0015900734553938919,0.04186243144243863,0.03902926011604824
52.705,-0.028508333136630374,0.052380320353260894,0.04054814446356059
52.71,-0.00978887257739074,0.03414366986984508,0.004310115580204162
52.715,-0.014632996470133126,0.05868968061744883,0.026180591913491143
52.72,0.00013907535276432015,0.04785648863457736,0.01779492665004554
52.725,-0.021461337742146758,0.04207101072866777,0.027364175741030134
52.730000000000004,-0.016844654884004648,0.06133517568576427,0.027418013069820633
52.735,-0.007853157595295365,0.034668513304476296,0.012968352771290506
52.74,-0.004190167296708256,0.03731545098987086,0.015301162170205905
52.745000000000005,-0.035208210049205546,0.03680359773481481,0.027245776987432017
52.75,0.008554915086150148,0.03732987230173246,0.02148637152817246
52.755,-0.024462182410886525,0.06885162802696145,0.01773043768367826
52.76,-0.01876675318189172,0.06375991208205498,0.0056907250611448745
52.765,-0.007875348314501138,0.04895438767784386,0.030021324081391153
52.77,-0.01926633504390664,0.05626381351005975,0.029652221678684195
52.775,-0.02817636124826877,0.06238229605863674,0.020652399015329184
52.78,0.010634976017720307,0.053632062142637424,0.020243266988638507
52.785000000000004,-0.01508800379810643,0.05489593223037419,0.04418537544552455
52.79,-0.014430642850514434,0.03511342308835366,0.04788997244586108
52.795,-0.01740449379081055,0.06834502706639796,0.021556949799792564
52.800000000000004,0.005771371042383112,0.051683590585661715,0.02023681999118817
52.805,-0.014996352754835757,0.03909237943932365,0.04632148232376874
52.81,-0.012575252716960068,0.04832964495009351,0.03403571735807311
52.815,-0.0181197247190104,0.056670194492583155,0.030003949826951357
52.82,-0.007473552175090348,0.047557466990064426,0.008986305432231362
52.825,-0.03536086087399611,0.05699641645089354,0.02249156358397124
52.83,-0.01033393492698654,0.05955860067199706,0.012304258762180905
52.835,-0.006535527090839471,0.035470537144651176,0.02048443179648915
52.84,-0.007733484344282909,0.04217332320329565,0.025805118047939668
52.845,0.008661155921232216,0.04542833881755506,0.010398805317386926
52.85,-0.01621181180122722,0.06386783886627728,0.020108641536895542
52.855000000000004,-0.023755249867702218,0.04866403669813133,0.025653413650892833
52.86,-0.01624313151075763,0.04192156409008281,0.029482323207196317
52.865,-0.004554877264215469,0.028480730710467857,0.037324440203138784
52.870000000000005,-0.018016897216496547,0.044861127868465606,0.01951778536535195
52.875,-0.010462384138860355,0.04452655806444745,0.03861769517345643
52.88,5.602556899077411e-05,0.06265998958432853,0.019620015822243903
52.885,-0.01823387203686045,0.0487651863106701,0.026349595995032504
52.89,-0.013600574324483434,0.020552975671151143,0.019495605006743015
52.895,-0.012544056027820764,0.05948278847975105,0.04248895001769253
52.9,-0.011323838445513703,0.04394938083629561,0.02652533022962904
52.905,-0.011972296046860833,0.049055077973160915,0.016829243064764667
52.910000000000004,-0.023222701287526258,0.04831712300157765,0.027732856847750828
52.915,-8.632773427148105e-05,0.05557556498787622,0.013725978539641167
52.92,0.0041645004739408,0.04208606126728553,0.024005498585056885
52.925000000000004,-0.006175773807292464,0.05488904891285886,0.0208644871327762
52.93,-0.030605480425941807,0.027934815039087995,0.024714766804485994
52.935,-0.015433917121330515,0.058581961786522536,0.015028949701543615
52.94,-0.030570598774898962,0.0404140821449604,0.028451378483332464
52.945,-0.00957653942775987,0.04730362093531678,0.017956090853470347
52.95,-0.03080776258267228,0.06225596535797262,0.02144390495834079
52.955,-0.027049288446435164,0.039856233405712795,0.03407303892146419
52.96,-0.02894869423476767,0.051349723846051284,0.01584854944998853
52.965,-0.03949354600512612,0.058838832237291694,0.03205717452254493
52.97,-0.024085455960203117,0.0398012771451558,0.046210481505026074
52.975,-0.026024122999670295,0.06580693724411953,0.032500057798334
52.980000000000004,0.010529744762761892,0.045288530269325465,0.0419862106255771
52.985,-0.03302496220213924,0.04151807764643718,0.0350181760553632
52.99,-0.023834601895675718,0.03401394811926328,0.020464813470168465
52.995000000000005,-0.019511534219959298,0.04480210740178178,0.0258186273367362
53.0,-0.020126382622933515,0.04564041634342019,0.03914125866173002
53.005,-0.025970815687024612,0.0655392937984795,0.025573061630263714
53.01,-0.009121846369266436,0.0459132123880094,0.01425385247877867
53.015,-0.018416856801571162,0.07658792428231252,0.032691791847094254
53.02,-0.02255035489182747,0.05211526893164252,0.03515621200346776
53.025,-0.009395477618314049,0.08414742005341204,0.027144142758165804
53.03,-0.03524548495396807,0.05551980128612502,0.035833845314993784
53.035000000000004,-0.03164039832333609,0.046443934231517665,0.043139362319880914
53.04,-0.030757526220275874,0.071509651670233,0.019431494759064003
53.045,-0.038122080932948936,0.05930975485728155,0.026934498067905797
53.050000000000004,-0.021090012108934027,0.04299599103308853,0.037345171863972466
53.055,-0.031252033603994804,0.057483267359517594,0.03383663937070555
53.06,-0.010738512236009856,0.06170764748750306,0.05274192871988672
53.065,-0.010678687120469007,0.059364164030739186,0.03685125311677021
53.07,0.010519677024883045,0.04611891758985741,0.023517742540414804
53.075,-0.019883548661728527,0.043392434938677775,0.04153319423798844
53.08,-0.017784224248682888,0.0441183672947586,0.037845563820907965
53.085,-0.023597326001809592,0.06377918232767396,0.039471406544328125
53.09,-0.016230643389729918,0.0515728373106007,0.03233157353423793
53.095,-0.022832986958342242,0.052909236802897414,0.027111393750742886
53.1,-0.030517378587430588,0.06381766281584214,0.04391476705842832
53.105000000000004,-0.008751951481194932,0.05075044193410612,0.025856672399929306
53.11,-0.02124964777708359,0.05802747375995572,0.056717668038753305
53.115,-0.010053321337492286,0.0693784603997604,0.012448938349704276
53.120000000000005,-0.015914172766035167,0.0677712806052152,0.022654499866520416
53.125,-0.016493929145842405,0.05952101530097248,0.03433026776569496
53.13,-0.03619997680429004,0.05636139784875055,0.02697855836961787
53.135,-0.033776104113712596,0.07825324560724363,0.045942732386175286
53.14,-0.019307520032191047,0.05680470147780147,0.03689135938170988
53.145,-0.011482401552910344,0.07483845685270608,0.03140800455312736
53.15,-0.034971625309984496,0.05896772729913843,0.023405346102219195
53.155,-0.02138051661058945,0.04637247538757419,0.04389698492586169
53.160000000000004,-0.02259552922559232,0.041117436034277616,0.04000045535495235
53.165,-0.03804354050346028,0.07146781074815634,0.050413132418054854
53.17,-0.0199575623256988,0.05076634544140082,0.021433878561934388
53.175000000000004,-0.017670698013960377,0.04615760030170295,0.046299108473010234
53.18,6.791449585591587e-05,0.051616441360476426,0.03174784594967857
53.185,-0.03287712230804412,0.04981011775649571,0.03692151967846881
53.19,-0.03204075211850633,0.03731483910389955,0.03099961335491259
53.195,-0.02572440100362515,0.06673961401630756,0.01971374451196166
53.2,-0.01630742175086375,0.0423321987899587,0.029226176982708206
53.205,-0.014458160623970746,0.053864033353605956,0.0223708743080331
53.21,-0.02837695515843855,0.03522114476146375,0.017370951950198103
53.215,-0.040459424177934855,0.061755746472401354,0.025242434555715287
53.22,-0.007099477190135958,0.035915326467512124,0.01892723387646418
53.225,-0.018612467925284495,0.04718366485999341,0.01687384482949159
53.230000000000004,-0.023797813045285263,0.0662931678759117,0.026807805006458442
53.235,-0.008473085527302176,0.06171746128448331,0.03196755246069116
53.24,-0.012925569411801919,0.05051220241070731,0.031523093932628164
53.245000000000005,-0.015649227573020397,0.05586403270496587,0.0435838322067582
53.25,-0.01382005817228267,0.053238559449809236,0.020720398486735334
53.255,-0.023899299094944062,0.06643368327054949,0.02551090028252746
53.26,-0.0001938075894872826,0.04399874905758963,0.02005637733654416
53.265,-0.0005750183877858573,0.03872885595132321,0.034589975932403434
53.27,-0.03526217935502568,0.048683743632917914,0.031112367393894575
53.275,-0.017973708188895366,0.03543962110204864,0.037909747868128486
53.28,-0.0059565489916746425,0.04916344795339381,0.028812764313329336
53.285000000000004,-0.010168691441356962,0.06569985081924215,0.030310498500046284
53.29,-0.016987762543031023,0.0325397894800067,0.032357563015541393
53.295,-0.011438744182063833,0.04450989920657912,0.016341983079206198
53.300000000000004,-0.007115243376604129,0.05165397657539409,0.024766730304588255
53.305,-0.004529649417767137,0.03730772883761695,0.03741205008226948
53.31,0.0015953776768772975,0.06187510472330292,0.0470200301289033
53.315,-0.02200204330618074,0.05058293903772089,0.02603497339938676
53.32,-0.022318138489017966,0.05472589857910526,0.043720761444045256
53.325,-0.02185992716430244,0.044206256830503,0.037198290400713374
53.33,-0.02510121489041798,0.06211159700046278,0.03442722635331867
53.335,-0.04066571130144391,0.045186861048620096,0.038006656321920004
53.34,-0.024412729346496888,0.06123119198662162,0.023106871548690205
53.345,-0.017746486029460135,0.06136860354556259,0.0320121551441316
53.35,-0.017834375276126656,0.04351866027116565,0.03462839851860132
53.355000000000004,-0.028067109688085727,0.049170529254817415,0.02458517214659695
53.36,-0.019061918082882268,0.04850523713997266,0.029570196247282556
53.365,-0.00048112513930512885,0.055487734885191736,0.03864931443469233
53.370000000000005,-0.018416189177955556,0.05939988651522547,0.04290927466157359
53.375,-0.004076822970489274,0.06234456221356684,0.046310603145029834
53.38,-0.029390111275393403,0.05227961567970877,0.03564183111826785
53.385,-0.02231442087664748,0.06211330268354692,0.042853409670267746
53.39,-0.014920986719309704,0.05857054294767266,0.0575253532768822
53.395,-0.01730074692017414,0.042379270190465376,0.05897475264717255
53.4,0.0012698809702752119,0.06948247690621842,0.04684769869104118
53.405,-0.009897922034451716,0.05994947386903633,0.05050236337830935
53.410000000000004,-0.014371749109735203,0.07217823291318887,0.027428552666700995
53.415,-0.021708007766002353,0.06250582232217425,0.04924229255435589
53.42,-0.01756850313678264,0.0521498242380298,0.03468655679284592
53.425000000000004,-0.0015273829615921383,0.04364246721756706,0.03983501608789303
53.43,-0.011725689436304783,0.057418546159351325,0.04114219317201853
53.435,0.0010786664250768147,0.04070251987494046,0.02712051570356081
53.44,-0.005235311564421913,0.056559952877563484,0.04456115916207594
53.445,-0.015251347606037377,0.04900503239810902,0.00633308675115191
53.45,-0.025106069638337426,0.056793990776064465,0.028802626781481492
53.455,-0.015423435387140949,0.0573089605112041,0.03590314987991041
53.46,0.003372212176836061,0.06031841222080093,0.04407066175203103
53.465,-0.038242143255405106,0.0460213518377017,0.048632053887287426
53.47,-0.00890960479131193,0.04670279211662015,0.029758955804826813
53.475,-0.021958674455295885,0.04760381623063372,0.03575601251883426
53.480000000000004,0.0008086754118160015,0.0691088702256624,0.04045694208617477
53.485,-0.019065824421863796,0.060087925304739824,0.05030133501199248
53.49,0.010931945690898545,0.06554701563621508,0.05202373209450068
53.495000000000005,-0.01950368062528702,0.04922154575164235,0.03293141655249331
53.5,0.004287896849781966,0.04886530440036359,0.04140046063079208
53.505,-0.010668697959666676,0.04234257775026579,0.03730436655252161
53.51,-0.02468040729797559,0.04440262181372776,0.044421592984316874
53.515,-0.011367512945071597,0.0511647170392109,0.03545574240447541
53.52,-0.005663142049989337,0.052256451447426376,0.04560194301290138
53.525,-0.020429184026118208,0.050833094981751925,0.042206246321785
53.53,-0.024731094007175925,0.059625236129804575,0.06498797354305351
53.535000000000004,-0.015064565019493076,0.04720418296380581,0.030529566442369347
53.54,-0.021109237725606446,0.049090802974007,0.023838246337712643
53.545,-0.017452419921076687,0.059045241088262916,0.06497808898072509
53.550000000000004,-0.019243006874558214,0.050972894101624436,0.0358053360515423
53.555,-0.02193233586044417,0.07093803833579325,0.03965507337408947
53.56,-0.027465739337928972,0.06435578590262098,0.022694529490554165
53.565,-0.02035350966723299,0.044639414972560396,0.04249860661576041
53.57,-0.03129030194595063,0.0442449683664048,0.026776692331381604
53.575,-0.00927628663419772,0.05493928112845167,0.02530817868055911
53.58,-0.032304675248282504,0.04819566486712047,0.03846840378461848
53.585,-0.009454422007124666,0.0587168581850613,0.027766399318010726
53.59,-0.023704878113338875,0.051630268937211767,0.024024777628935352
53.595,-0.02193385727966827,0.0423137461973645,0.02272271519039147
53.6,0.0006132729980988117,0.04721748525029171,0.01976540931846416
53.605000000000004,-0.04132752967368716,0.057454103634614125,0.02764982010147811
53.61,-0.027073432979610373,0.05150938249540277,0.03389627000433803
53.615,0.001131332808122311,0.04042818172636073,0.00624908301920204
53.620000000000005,-0.03794555292382723,0.05746992513967866,0.024499614061425406
53.625,-0.04044296872545938,0.02994250690116905,0.03608045400544098
53.63,-0.022324040918096075,0.04795674989302546,0.027839804675544727
53.635,-0.019909183539980474,0.04972409248093955,0.02315203985868992
53.64,-0.019496701658460784,0.06028138309849641,0.03126674654612913
53.645,-0.016858968350561075,0.052392174300800703,0.026245576698727752
53.65,-0.02280949465095245,0.03574400993435591,0.02660652024923483
53.655,-0.01907678922559798,0.04127854413421268,0.024920229410995413
53.660000000000004,-0.022451648115830024,0.04474857236410261,0.017860729717410866
53.665,-0.024343688129388946,0.02073356577199783,0.01797522965163508
53.67,-0.03554361895604517,0.053145757725586266,0.024415340775296134
53.675000000000004,-0.01621796362962745,0.048466145445107155,0.024088710205432465
53.68,-0.013144667625945532,0.056655020499279674,0.024056693502688725
53.685,-0.03948516241276123,0.06114952780400432,0.019892761980101405
53.69,-0.026705511979350005,0.05290633473733558,0.029611773398374484
53.695,-0.02171191217424716,0.05524478137780928,0.0233910080932191
53.7,-0.038014697132746855,0.03944301260153482,0.029546701592555305
53.705,-0.025059843537858773,0.0393544122866846,0.040186181151313324
53.71,-0.02763393869077626,0.04633558283546378,0.0133656671471311
53.715,-0.01710328668739278,0.051296968823328085,0.03744329927644389
53.72,-0.016563484838507555,0.07557632629052947,0.03097613519356988
53.725,-0.020449012155224752,0.0512099169993227,0.028538434057924916
53.730000000000004,-0.019599055076329704,0.055475263843264774,0.02227325563260491
53.735,-0.02497779894937116,0.050036255710205216,0.048556533586690855
53.74,-0.0016366041668682413,0.02954291454972435,0.033354526652850075
53.745000000000005,-0.0117163460470707,0.03646903656470521,0.016873580591232697
53.75,-0.01508306707761713,0.03875995052420582,0.03541473264451245
53.755,-0.018983979517262276,0.04315574887101101,0.01263864401350282
53.76,-0.018427621839634672,0.03284878395754804,0.023591612362204382
53.765,-0.018761857784094196,0.04324301425194787,0.009457023739837271
53.77,-0.020668247073090996,0.04529363191069142,0.008818736272509018
53.775,-0.04659835061073205,0.056565893701273184,0.023538364038748406
53.78,-0.0027048350993327253,0.04345584132250025,0.016003251109303437
53.785000000000004,-0.03470510536364628,0.043711440355915204,0.03363606860297981
53.79,-0.004198162205439905,0.03600892261781567,0.032169831508811086
53.795,-0.01789198263371272,0.05705121852262551,0.015259207844846462
53.800000000000004,-0.012338630052722108,0.052178326429870206,0.019838741042143733
53.805,-0.02475053160166215,0.033430521262684434,0.02556274081840328
53.81,-0.028994547033823606,0.057948167230002554,0.012507221052625079
53.815,-0.021723772454807447,0.05855147036895669,0.03532463038968564
53.82,-0.01054918441538082,0.03483313707578089,0.027341258155496033
53.825,-0.013813550318480874,0.036793866482535596,0.017859033079236454
53.83,0.005937536134064265,0.038553749140288536,0.03846452782327245
53.835,-0.014911386867852752,0.0352078354820288,0.00035744216498253406
53.84,-0.024940873149384823,0.038429795085537136,0.04128372379191381
53.845,-0.01605193108534579,0.051571421085726724,0.035144174778945755
53.85,-0.021139387964180377,0.06696113885141651,0.016061634294241595
53.855000000000004,-0.01633613961297639,0.05984052109435434,0.017543911085828062
53.86,0.0010503039851322282,0.04071094647330602,0.024841316345970046
53.865,-0.024335162740000933,0.03889174733214318,0.020961157122474816
53.870000000000005,0.0026339568096038594,0.04329204160703666,0.015664508780242573
53.875,-0.00019770345634513402,0.05067815225244385,0.02514737803273328
53.88,-0.019862304379812457,0.05596961723441725,0.04232438174916772
53.885,-0.019592481266243002,0.03659749244900084,0.036769471375089124
53.89,-0.020228318762205155,0.05042164491829255,0.013789244857853319
53.895,-0.020852562424321687,0.05414675946680787,0.005882649127285023
53.9,-0.00821969742498006,0.040580403615320906,0.014578451406486809
53.905,-0.014010010886242681,0.051380138387130674,0.017411215515212398
53.910000000000004,-0.01097237984825674,0.038339387801986105,0.014504277723849882
53.915,-0.0177368434214124,0.013077842584891728,0.0269775031733345
53.92,-0.01623079859325062,0.04747161560983146,0.018810374727245144
53.925000000000004,-0.013297803822671032,0.04205060638745611,0.023505307021901744
53.93,-0.003956937432192787,0.05263702481182499,0.028623425821101958
53.935,-0.0036393456666467434,0.026378925949680797,0.008077291362478181
53.94,0.002734403114390849,0.032420895245816816,0.027001504746349637
53.945,-0.011109317213751368,0.034968841837444274,0.01930625539194027
53.95,-0.027349883555178502,0.03193392870932638,0.010728690921288787
53.955,-0.0012348766780624389,0.04031972104933882,0.017991236564228828
53.96,-0.014882338060153946,0.029182908000649377,0.026778975259092983
53.965,-0.017684559621169448,0.03983665666990896,0.027611562031504916
53.97,-0.019803928275239822,0.03680955292403556,0.0009089396098432775
53.975,-0.019764685816115103,0.0226029298027768,0.029837167509362713
53.980000000000004,-0.019864619916072614,0.045102485297710534,0.011355165119474733
53.985,-0.01074637620930135,0.03395066197968842,0.01417389972402816
53.99,-0.026249732259183423,0.044500885871407596,0.027931983817046396
53.995000000000005,-0.028507773257104095,0.03286304688271751,0.009151070845408643
54.0,-0.016541891706596232,0.03777669577424194,0.016899670696202403
54.005,-0.02017274712625314,0.05031264049278059,0.01587381544310092
54.01,-0.01666142052665634,0.022630029509150707,-6.911624822437956e-05
54.015,-0.019182976128408753,0.04946529871992882,0.02806634505213566
54.02,-0.0051926130241525936,0.0415999417466566,0.02391572555725633
54.025,-0.009667908504244043,0.03744798760234425,0.01853986262712102
54.03,-0.01281631673996125,0.021437178294870036,0.013540089654566007
54.035000000000004,-0.02171971773427855,0.04741936465508057,-0.0033062188833414066
54.04,-0.0005753549479078877,0.052193577044941514,0.026904801905499258
54.045,0.0028356207481828252,0.050173682527284554,0.018958612664273757
54.050000000000004,0.018818529462322348,0.05265400277646891,0.005131697277686087
54.055,0.007211365168632595,0.02999635528859723,0.01900469004378996
54.06,0.011045659569658792,0.03721114084578583,0.02468001334208806
54.065,-0.005187576883677828,0.03379973809308743,0.02377988002005556
54.07,0.011557570099116753,0.04679066214004034,0.023679761852494548
54.075,0.01397405598454634,0.028334896606546315,0.021756545934319853
54.08,-0.004867807496043737,0.035822586903965975,0.012952694818038662
54.085,-0.005947726330089028,0.034103118375771305,0.019277477311717004
54.09,-0.006813814845323964,0.07125075502528964,0.01974318102580634
54.095,0.020184482424462344,0.03117881859109891,0.030968658951769954
54.1,-0.010151789509457582,0.043893160304075564,0.018690089085622745
54.105000000000004,-0.004158253082874362,0.048293455830971777,0.023115172304145358
54.11,-0.02234121596919281,0.03731899621099668,0.00874585445654322
54.115,-0.010961072624584003,0.039695097853773995,0.011069964338584478
54.120000000000005,-0.010199670147944734,0.046826239080287,0.022407387589226842
54.125,0.017241549738378006,0.04475862021310165,0.03324312671802397
54.13,-0.0038766892551388857,0.03881441913688676,0.03348760878228549
54.135,0.020604965514290793,0.03261615281911192,0.011874695666413273
54.14,-0.0025293293151778164,0.0411792833012921,0.024512486200361585
54.145,0.011499566713808413,0.027802092017360964,0.005816869467801786
54.15,-0.004863636412298639,0.05002739355640644,0.02294205346746589
54.155,-0.0024518426150157524,0.03598615748480846,0.011873315981574852
54.160000000000004,-0.002280403326563034,0.03844103211493703,0.01124088126432888
54.165,-0.006359278065988073,0.0398824441797867,0.023737481168418773
54.17,-0.0035651690721984933,0.03730032012300108,0.02828058317861045
54.175000000000004,-0.0016899866013515659,0.039046663316609144,0.028521037835961154
54.18,0.0015691970484324642,0.01703740316399855,0.005634733157502899
54.185,0.002059721212852095,0.022043105124917403,0.016115248949328708
54.19,-0.009809915369250683,0.015635946637502635,0.037468182728059046
54.195,0.01993791090148118,0.03788293012127385,0.022820801367220277
54.2,0.006776147624134492,0.04508978388226986,0.031633588601235677
54.205,0.0007797354591639076,0.042674003063682506,0.0254717000899112
54.21,0.0029966595252457076,0.051569477365634074,0.018703770415091796
54.215,0.011943631081753905,0.04600071822653635,0.010292500937124503
54.22,-0.002891722073880821,0.03891261506549135,0.00645781608176323
54.225,-0.007234155253945456,0.033582088330121135,0.015451623130122962
54.230000000000004,-0.0029759628966119648,0.036125181570846994,0.022298372107988018
54.235,-0.01721793746422912,0.04369262714157943,0.02772821009716665
54.24,-0.0033256023850993716,0.034681331232035796,-0.0034796793245367025
54.245000000000005,-0.008679428265891307,0.03724153359796141,0.014264487202802038
54.25,0.006471029684333302,0.036789628536765255,0.003483767197092473
54.255,0.005431448277560308,0.03871505867535892,0.01656777506795219
54.26,-0.012826951244173802,0.05078458857905646,0.010356528843309724
54.265,-0.008643401980143257,0.0325443320454051,0.012002327059093192
54.27,-0.001973676654542956,0.025324579870121607,0.008313587063379334
54.275,-0.008255893650239595,0.035344880143741216,0.01102928306133474
54.28,-0.009639855597149805,0.04042326272727628,0.015156130208920246
54.285000000000004,0.0005018439536826954,0.03653339597263272,0.004210626304706214
54.29,0.0059769575273172755,0.03312985557168139,0.030959184491536784
54.295,-0.020234936569760508,0.03909356143559664,0.029345551175285513
54.300000000000004,0.00505504846282268,0.044904764297241856,0.02032852877680401
54.305,-0.033031460341774344,0.056422969867362636,0.019278992518660283
54.31,-0.007763827007785863,0.042430158497466425,0.017621914755303267
54.315,-0.008770225076624274,0.05595739078589249,0.007433505657039527
54.32,-0.031496933986217016,0.041367858807471625,0.0189491776709611
54.325,0.0015834737029763084,0.04519389105800477,0.009137087853369884
54.33,0.001170111495710167,0.05831725468657361,0.01983897128901328
54.335,-0.0009281591668107306,0.027757439192714138,0.009993449873532269
54.34,-0.02190889893356376,0.020541499471121227,0.00732287887329371
54.345,-0.0014771904479108826,0.04807561721361968,0.028391930567806204
54.35,-0.0058741485787976045,0.03854934927390539,-0.013807702558046886
54.355000000000004,0.006503082100946181,0.04506832246593691,0.026768820872499415
54.36,-0.0035434286352050526,0.02564873463587866,0.01636559440656775
54.365,-0.005249368059420297,0.029711831545409798,0.020352955225734368
54.370000000000005,-0.000942542546893816,0.03917637825988494,-0.005817615611337583
54.375,-0.006829121517305843,0.03355152351529541,0.015376427642613277
54.38,-0.009907789170408424,0.03174707927201174,0.017074723486077473
54.385,-0.018269709295692313,0.030512327645848936,0.013704648980490376
54.39,-0.010805431786240665,0.04610323189385697,0.01666367392744318
54.395,0.002919856304824737,0.012262604701339573,0.011418193178459993
54.4,-0.0055657250320395295,0.030987894734796507,0.015330596901353754
54.405,-0.0009495627324705939,0.038845497173772676,0.020127873612880563
54.410000000000004,-0.02157454095346586,0.031434086347993564,0.014863686250789064
54.415,-0.006073610741510407,0.03156972188081902,0.0052252696079894655
54.42,0.006460557895828549,0.06271036174977554,0.008410030098729766
54.425000000000004,0.010035124470123636,0.04473688749501631,0.01827007912569075
54.43,-0.006284272650832292,0.0411791259807089,0.009730608583470697
54.435,-0.0037319615003164122,0.05678109238505328,0.02272205277943868
54.44,-0.02629312588411436,0.044413337806305436,0.013525374409583221
54.445,0.007323870346635475,0.023857022026697546,0.005521945371264967
54.45,0.019998443928477938,0.03953109214645583,0.007174690208610286
54.455,-0.00249718120995919,0.04657240153376644,0.014154704763014187
54.46,-0.009302845679532386,0.04359433251396801,0.0035757276796828247
54.465,-0.006313340229619111,0.0234703339333651,-0.008417577812203382
54.47,-0.008719062227334637,0.06266901246557964,-0.011043023928539331
54.475,0.006123480132744108,0.04993786950102268,-0.00023727048198348213
54.480000000000004,-0.005132719955946911,0.04352132799693121,0.01366845003242844
54.485,-0.02026160802530582,0.05047523614025265,0.011023771025833549
54.49,0.005654941663412032,0.03885171413484936,0.01048042282616585
54.495000000000005,0.007088939080635161,0.04767069945583174,0.015229657267057037
54.5,-7.965106821808399e-05,0.0547280290506092,0.017831112325725578
54.505,0.005602558313850968,0.041599311945382696,0.00379476287648893
54.51,-0.005680778247854176,0.051917809400639545,0.019504205723300333
54.515,0.015285375067076133,0.049270959149299444,0.013200258254520536
54.52,-0.008494035646057132,0.036760640508470076,0.026846383345225242
54.525,0.01670465053967321,0.05057414571293446,0.014543584663744363
54.53,-0.005558213003982967,0.05167184206536788,0.02927602706896222
54.535000000000004,0.0036177033069718974,0.03786767706978294,0.005917914730137461
54.54,0.024801431969689383,0.059138956164448496,0.0213348974717566
54.545,0.010606745400401036,0.06248028756648243,0.0013347796187647351
54.550000000000004,-0.021348426009044512,0.04213018533259652,0.011625799736525576
54.555,-0.006590510052908224,0.040975356629350056,0.007782184841792775
54.56,4.713224805952612e-05,0.045455310194324236,0.012246911359797292
54.565,-0.009081533469305767,0.02835506449294677,-0.0022426239100222373
54.57,-0.015057527472182093,0.04272015262001295,0.020691485032048724
54.575,-0.0075244250533684125,0.06530158083734712,-3.191967523215669e-05
54.58,0.014431820079983964,0.03888055899969384,0.031170415289848815
54.585,0.0028729954029350913,0.03317790342534357,0.005830451209849149
54.59,-0.006588411742738872,0.03399150452580002,0.011481468188685461
54.595,0.008557244810187629,0.05789990562315944,0.007658960725597595
54.6,0.001151459727137663,0.05277439855061119,0.010999420830037073
54.605000000000004,0.005613707274349679,0.03695286397673496,-0.013234284154917352
54.61,0.004893152639449323,0.03635295145650256,0.009216266737079527
54.615,-0.006295857504950805,0.052600881728576895,0.0005930668838962337
54.620000000000005,-0.0022574307011400865,0.034968348811407,0.004113785739033808
54.625,-0.010926434360607765,0.05019062087471465,-0.00565995073617535
54.63,0.007475385845054569,0.05041859277438282,-0.012191064292135255
54.635,-0.010494170053771991,0.024631536582631796,0.0038012586943705247
54.64,-0.018930594770060233,0.042629548342946334,-0.006644606117170122
54.645,-0.003441578298479816,0.016548847828709475,0.024163295222437174
54.65,0.0017130197227811367,0.043527028986580146,0.006776621654656055
54.655,-0.016487569102468253,0.05436064099748934,-0.004915933236265303
54.660000000000004,0.005301414526369272,0.032290870091495415,0.01124242634406131
54.665,-0.005911740991197657,0.056124601539131735,0.012397491324036322
54.67,-0.010448943150941538,0.053195687784744726,0.013034060746220745
54.675000000000004,0.013641434389340623,0.03234723442772435,0.03631303458786174
54.68,0.00858688366147858,0.05578051679224338,0.009509649344359654
54.685,0.005413478537193976,0.04050444107772727,-0.002028099922174488
54.69,0.005148634599098374,0.054598060953686474,0.001916285864752551
54.695,0.013450952540134524,0.0414465770175501,0.03021462096345374
54.7,0.004490413273391537,0.03205457807055128,0.018446575899611222
54.705,0.0044370113945449135,0.052057298981824096,0.024361908442176738
54.71,-0.0020571993763790226,0.04243298686174103,0.02451894090094699
54.715,-0.006659119207262813,0.03895522997449623,0.016006473250247438
54.72,0.003944351792523143,0.03063746964615949,0.012935648677299714
54.725,-0.009706368318595632,0.030401649077976062,-0.01097458290039151
54.730000000000004,0.009169510985820938,0.03706570395065397,0.006491074307524249
54.735,0.003349654292210673,0.03151414810358099,0.03152387947915533
54.74,0.006604884360090725,0.036165449297609426,0.007415833338944529
54.745000000000005,-0.016751449815770803,0.031463985241379146,-0.013598553897945882
54.75,0.012947598754224146,0.04292218254738126,0.010253004436628833
54.755,0.0066195526782604555,0.049024002469945045,-0.015773697870087745
54.76,-0.01753099777219564,0.04546939473274875,-0.012618132489572309
54.765,0.00506639902320411,0.04409118474884222,0.01637021394214729
54.77,-0.005381548046261743,0.03649278705524553,0.015040298161437357
54.775,-0.005521088538680926,0.0385788124282786,-0.0011135104227812838
54.78,0.010042756223208693,0.04594842261897974,0.010274038213196033
54.785000000000004,-0.0007240206530993599,0.030663519371707137,0.023199650725796318
54.79,-0.013813597653864145,0.03031545461812596,-0.0015252815252257516
54.795,-0.00843434322999564,0.025949189989482153,0.010787193739375804
54.800000000000004,-0.01633564007366188,0.03560313535526372,0.010741447644217528
54.805,0.0017897806698259806,0.0557219387065413,0.00641453067967088
54.81,-0.0008380442699552071,0.03809245347226927,0.012701130834190926
54.815,-0.009036674432972305,0.02440834730606844,0.017418858912882515
54.82,0.0020884582872500845,0.04744801690162021,0.0033883278436461182
54.825,0.014482919361194072,0.04056718408852084,0.0057925036569569655
54.83,-0.006243514711898866,0.0323351229129372,0.012249668546447143
54.835,0.002565993702175924,0.05157437357741126,0.020148599645882455
54.84,-0.00781047257343548,0.04615081492691417,0.0029742872072779612
54.845,0.0019021259985592797,0.026126979503911258,-0.003957147169513439
54.85,-0.013164288194407337,0.03484175340982932,-0.0121470183855616
54.855000000000004,0.011998825813595817,0.061253640659661907,0.007762614240840949
54.86,-0.00779486325601525,0.04180453014774551,0.006020803569874823
54.865,0.013533446542385046,0.04882423681262998,0.014987735309922548
54.870000000000005,0.008385981224627427,0.05237804371525097,0.012866714486064027
54.875,-0.0032240444309429538,0.0444981534272975,-0.004057975098796643
54.88,0.00040657535336689234,0.05490953846884644,-0.004040362613007581
54.885,-0.0013417193422012152,0.04680941891976592,0.006838640327274187
54.89,0.0077930825311718615,0.054668239330920604,0.0031743988837472266
54.895,-0.009343798844228236,0.04610775440364504,0.01268069955386656
54.9,-0.025188176498835854,0.05833854615152689,0.0214308478213356
54.905,-0.0013713065190807307,0.046395438400973446,0.005339892581597269
54.910000000000004,-0.0034063873894662703,0.05123632252756209,0.01563744372046168
54.915,-0.009289198786699905,0.041854965464839064,0.00784732268062404
54.92,-0.003728714520369285,0.05935608554798892,-0.007130293708578695
54.925000000000004,0.0035787398570533806,0.05143518722891211,-0.0078038851114215525
54.93,0.007551759637430613,0.05702675556809972,-0.00343856913358186
54.935,0.017920865700628452,0.061732301954522895,0.015212545409066986
54.94,-0.010495805381260626,0.042173711472883964,0.0003728828664254953
54.945,0.011769692105729226,0.04074470354511457,-0.0023257297799938945
54.95,-0.020210926607659854,0.053462360718021434,-0.015097651634305638
54.955,-0.04139513126119329,0.05939103346245676,0.02657800902631
54.96,-7.266068954051887e-05,0.026089876206222558,0.008733950030841785
54.965,0.0016308210729352578,0.05151253126932823,-0.008528214004416227
54.97,-0.0029134547286671537,0.04352419934857167,0.003073341795259206
54.975,0.004428225897861949,0.04889146176878356,0.013059191603516013
54.980000000000004,-0.006126179296974383,0.05008983587424691,0.01746927588710225
54.985,0.005841384677145359,0.04825934225304095,-0.002879485325699427
54.99,-0.016263092647784312,0.03142712691602904,-0.020235444459040276
54.995000000000005,-0.01009837195747949,0.048954696079777635,0.007246858410006014
55.0,-0.002730989745449634,0.05208785964546829,-0.014395875615169414
55.005,0.008012748009334877,0.044625629417877705,-0.0026665759178554106
55.01,0.016722282491205085,0.05414121427281294,-0.020754996205537904
55.015,0.0030509906321735305,0.05854577488092938,-0.001635263114921983
55.02,-0.0010176056201864313,0.05304523624513222,-0.011556147756138755
55.025,-0.011922128971733241,0.04969046123832653,-0.008463816481098976
55.03,0.005297525216309341,0.03281235032537115,-0.005144814037915425
55.035000000000004,-0.002775945068527314,0.03885863210617871,-0.03109806645023412
55.04,0.006891581649266908,0.05104820588965792,-0.012435912373500602
55.045,-0.017837322664664798,0.040854984594157394,-0.009898760103934087
55.050000000000004,0.0018641342615913145,0.04823196318171869,-0.02564009121084802
55.055,-0.011896302790983313,0.04021193601462608,-0.017222862676553662
55.06,-0.0017802910784407537,0.035236299122494465,-0.009237710346407624
55.065,-0.01684550904661773,0.06210263988352689,-0.01913304708700033
55.07,-0.010391483494276432,0.013159074067139663,-0.021447505881660882
55.075,0.0006452183977387962,0.02086905336214451,-0.0135445838952989
55.08,-0.0220823357542304,0.040903921862660564,-0.002060237953195123
55.085,-0.006553765672896217,0.024330759865287876,-0.018393658483899046
55.09,-0.006546703481336804,0.02542500196900219,-0.019499287989613544
55.095,-0.007174857290538623,0.04322086569260565,-0.007781386778553029
55.1,-0.022114773034887354,0.016408432470558877,-0.0036803263000946516
55.105000000000004,-0.004931173696072964,0.032972469767296154,0.002496183006207627
55.11,-0.012734977831942463,0.028521021823615017,-0.030234247351077582
55.115,-0.004337246619494882,0.045871058458533794,-0.024817153684885282
55.120000000000005,0.00037677977944258756,0.054300256371555826,-0.018264088207180645
55.125,0.0013181506146946846,0.03969479451626348,-0.01701285634485706
55.13,-0.024766077060310573,0.0370332347560267,-0.01102603252975081
55.135,-0.00456190452024262,0.042287381726865185,-0.023186839685237604
55.14,-0.008784417535998998,0.035740665788187145,-0.010220925881796596
55.145,-0.013290948510140756,0.05191006471260524,-0.016233088859421454
55.15,-0.032476921013854985,0.04865811937405539,-0.014363519748384885
55.155,-0.014441411132856494,0.03546057539626689,-0.011574993107640251
55.160000000000004,-0.0014053754826592706,0.03278671353352265,-0.008979455865695353
55.165,-0.008995916939517921,0.03963953430926688,0.014784363031845563
55.17,-0.02492945818540396,0.025940108136698968,-0.001883209432866264
55.175000000000004,-0.016122585532632384,0.04162026023562819,-0.00615412905310414
55.18,0.00588781073597984,0.03433048812520144,-0.01902292471212653
55.185,-0.005806375782298609,0.03427515646653537,0.0026484294936459686
55.19,-0.0036557390702426484,0.02863856313937534,0.0009475166148154718
55.195,-0.0029726395204995003,0.040585294305151495,0.005770811607925974
55.2,-0.006975566540204077,0.03431518103534326,0.0012419713304567606
55.205,0.0014395618622040328,0.030380910290768802,-0.00031745084777692195
55.21,0.004377778363325906,0.04814379220185517,-0.01741526099634327
55.215,-0.013956552976389635,0.054596168262331136,0.0028087231199029096
55.22,-0.00034609037950619065,0.03826607671130108,-0.00921477282973799
55.225,-0.009340821540721274,0.03710148073566949,0.002579328176073821
55.230000000000004,-0.01287354602836921,0.046013176331123715,-0.010212274990872376
55.235,0.001359655543104278,0.044724773726106525,0.01954538114873031
55.24,-0.023078419763905702,0.04860999435108491,0.009450714791506009
55.245000000000005,-0.007367254851995898,0.03840522961536151,-0.00492370342663761
55.25,0.025811054972647834,0.04445392780051787,-0.005839843093476306
55.255,0.0010121469260036958,0.028300879428083292,0.019137010049047245
55.26,-0.02855676843581683,0.04610367899069234,-0.013922023649374091
55.265,-0.009776892491724901,0.039108842129986186,0.013356454580240477
55.27,-0.015589124077441428,0.04156766768213254,-0.008959925043653404
55.275,0.0018448361579612021,0.04920103052144625,-0.0035768522706785787
55.28,-0.005314087485661997,0.03795058145528087,0.0006946357106992311
55.285000000000004,0.007786061928356881,0.03471327763954264,0.007484520954323552
55.29,-0.013485909719289622,0.027396914625051613,0.0014439575792031464
55.295,0.014483416021262276,0.05255285759551352,0.0024695856173236365
55.300000000000004,0.0023601957372819376,0.04060290375628851,0.005395083682777382
55.305,-0.015042068452348952,0.0341496092791057,0.005644721540063964
55.31,-0.017365061193311222,0.038204421208393124,0.009325106738681838
55.315,-0.00849875784361301,0.05075453755624758,0.008463401060226007
55.32,-0.0056580971565591805,0.04178345864055717,0.016925591194495437
55.325,0.003619494418769388,0.017575797272999575,-0.005125104012525453
55.33,0.0011067133339975818,0.046931348896510454,0.01847780248990282
55.335,-0.00869759195152529,0.04732273976363643,0.011312288246435966
55.34,0.004637905083089682,0.05896681289172822,0.01854656755819683
55.345,0.017722412252141335,0.04224184837060943,0.010653743987295104
55.35,0.007498839529161756,0.04965937828404623,0.015208399875682361
55.355000000000004,-0.015441953421241678,0.034346074539412554,0.02363291171435282
55.36,0.00977760092063947,0.049996248488023705,0.020347544394702644
55.365,0.012500565838881357,0.04867989784263674,0.018705044781439827
55.370000000000005,-0.006663918257054784,0.04401770778280066,0.00162258610703064
55.375,0.01401068918490327,0.05845368959154806,0.0009302931834533484
55.38,0.00610668340289818,0.026649693986721647,0.01909034602694936
55.385,0.013914438437380695,0.04584250632622536,0.014999678607310014
55.39,0.0023761887951801045,0.050835214256079855,0.021824429403848995
55.395,0.020534154632263484,0.0416361823692973,0.008059259109705766
55.4,0.005517851733525299,0.05476370154039178,0.00510141711866352
55.405,0.017137856294844413,0.05539029550800447,0.010482654246849571
55.410000000000004,0.00598438185085743,0.05072302448062777,0.009464199606663143
55.415,0.001815066716472094,0.06119087786970026,-0.01010723915287998
55.42,0.016526235328048276,0.0473686755851338,-0.0136401328282107
55.425000000000004,0.003557397167849044,0.05284937027957998,0.008077852124209278
55.43,-0.016519761846106006,0.03135621419747973,0.012598783839939648
55.435,0.006418223551336758,0.04057596156040112,-0.004097705406325631
55.44,0.004207571263589994,0.03795753140992438,0.015278885565467033
55.445,0.009437388228088288,0.04704257253999368,0.01158820270867035
55.45,0.009234273967323865,0.05084347816578887,0.010299241178341998
55.455,0.002273331211292897,0.038045376874116486,0.02100983084511374
55.46,0.022762149471967596,0.037098120776535105,0.0014108526479310567
55.465,0.009223908614875336,0.03527256979565367,-0.007515525750006565
55.47,-0.0016912599336954739,0.06466378649643188,-0.003672278041361672
55.475,-0.005465465614563721,0.04414860279761429,0.0045610893160813355
55.480000000000004,-0.009005247742220113,0.037888219616299915,0.012620504592219547
55.485,0.004204047477047291,0.04164515540651823,0.007820650067082957
55.49,0.003367096196022756,0.03452104611013149,-0.005367565606678238
55.495000000000005,-0.0040761228425908675,0.037913541675782786,0.012890134023956095
55.5,0.0051782260370884965,0.04495411290144182,0.016489125935263076
55.505,-0.009179497620438945,0.039968765798415504,0.009185672392829943
55.51,-0.005953142931248245,0.019367570493197137,0.018192870767776363
55.515,0.000552272484448787,0.06270206930080972,0.010941936602319837
55.52,-0.004221767579626793,0.03010736668559419,0.01837597266338486
55.525,-0.004486286030832679,0.03057061226322458,0.003415277189059481
55.53,-0.0051723147844441285,0.0333461156448088,0.00450797115749337
55.535000000000004,0.00657889717280755,0.04197312303865767,0.020584694293864392
55.54,-0.007948232150048994,0.028061929470731564,0.0035250084782703518
55.545,-0.00625474671558953,0.05004903376027115,0.0075798265739793515
55.550000000000004,-0.0003969614751267187,0.02894439397439306,0.015921249702214868
55.555,-0.010716712286627838,0.033532219624356076,0.014308794381176949
55.56,-0.01222551968301382,0.037515694492818566,-0.0060744120228436276
55.565,-0.004359715524031846,0.05959206128734626,0.013864577350089084
55.57,0.0023416987320003767,0.04367119312392725,0.02260826427788977
55.575,0.005165988182638526,0.05387067336809655,0.015166739362249403
55.58,0.002604770216107709,0.05267782930771823,0.006258299674740541
55.585,0.012228495597579712,0.029905624505121554,-0.028856619268613232
55.59,-0.001694247988274904,0.03455689852826234,0.015091002082466269
55.595,0.0040847029500747385,0.03709886583522941,-0.0012641401816409787
55.6,-0.007756833891014775,0.0357244083040467,0.01931369623311066
55.605000000000004,-0.0007123355754166324,0.021947451804540715,0.003309482644916043
55.61,0.0008335906726766925,0.028720206814667058,0.02354372440887639
55.615,-0.015696281535232205,0.026625509671874575,-0.0028561870992211275
55.620000000000005,0.006527828748395938,0.029758363612363014,0.008331779262183172
55.625,-0.02888431245064868,0.016463260651295216,-0.0104124103987913
55.63,-0.013383752208001738,0.04073694881173798,-0.0026265136604718955
55.635,-0.02166821898136136,0.029018541541977506,-0.0028050087259369628
55.64,-0.024008387798361633,0.040071885187802234,0.008607149472400268
55.645,-0.01752184517008578,0.019022709503651845,0.00822899596443089
55.65,-0.020189643598257347,0.013134106328888397,0.0001894208986330092
55.655,-0.002659967074142221,0.031577429026292944,-0.0010708959285168056
55.660000000000004,-0.033797068101506615,0.034171613549742644,-0.000806550558278829
55.665,-0.007055473643997756,0.03055508846446765,0.014697231868653333
55.67,-0.015909415145434265,0.012128520853770272,0.004974797727552103
55.675000000000004,-0.008093338539658098,0.03506828345031265,5.133117542119314e-06
55.68,-0.010427998965855771,0.0251216304327215,0.02674052950932452
55.685,-0.026511915394323918,0.0294866781697037,0.008562623460907883
55.69,-0.032483223329042216,0.058527808535216504,-0.003051550918554834
55.695,-0.03680984475814584,0.03645776582114282,0.016377402950649142
55.7,-0.003365803562066597,0.01874943214280886,0.0038765062407016913
55.705,-0.014266569133838612,0.052470782356814516,0.004147819581739954
55.71,-0.037145669384804396,0.04081010123721385,0.024661709722417345
55.715,0.0027461887508169053,0.04626009983201793,0.008797430018195692
55.72,-0.019205566992546566,0.04141274425627822,-0.02250491319064072
55.725,-0.03279810940546771,0.03491586542532734,0.014313969873382851
55.730000000000004,-0.014660845040788267,0.034340779610148774,0.008439643748439566
55.735,-0.024041882877226486,0.039259537344645504,0.005610754888398667
55.74,-0.04017423536061133,0.04446034470834092,-0.003191941931545944
55.745000000000005,-0.005435012406603259,0.04589959620613197,0.0064894002660904095
55.75,-0.025468922463069192,0.03784717294098223,0.016511540858597594
55.755,-0.006407790259920133,0.047572395290926675,-0.005520336263239601
55.76,-0.02083720692097537,0.047075884805374925,-0.0008467296669206013
55.765,-0.006813953440052211,0.04985582093016355,-0.002215710988634991
55.77,-0.01470217821538161,0.049167176995504755,0.009500051766033555
55.775,-0.030848672973765003,0.01983562327719917,-0.016979359463497302
55.78,-0.020717445733000606,0.04018701591891896,-0.0066839858226676084
55.785000000000004,-0.01157101970048145,0.032672248107408014,-0.015619722245902114
55.79,-0.04092552355710351,0.0266656093759811,0.011802239011050335
55.795,-0.021506959098849147,0.04290956321366847,0.013220066632483322
55.800000000000004,-0.012722743072661934,0.022841870697544765,-0.007856428902976387
55.805,-0.0243055908850726,0.04234566067488679,0.0036665599397638048
55.81,-0.020220073823332615,0.05071137996935329,-0.007579793138818508
55.815,-0.031571069342832214,0.05756904986447314,-0.011734749536548229
55.82,-0.012574505369598414,0.0410657733567093,-0.00017704751499396376
55.825,-0.026986299992003117,0.046264180765757154,-0.0036021129185754425
55.83,-0.023916484858324198,0.05117010097539345,0.004175126272994382
55.835,-0.01999935545260963,0.05708573324000749,-0.02144912494969396
55.84,-0.02879968701401401,0.04113289351130803,0.013015501549652787
55.845,0.0030540242050368857,0.05708224267152124,-6.108124536429241e-06
55.85,-0.037601593864151385,0.055095047165941935,-0.010291507601638845
55.855000000000004,-0.02364276747683411,0.04734721604235258,0.0029426158811662294
55.86,-0.012520872261782258,0.05602183254194607,0.009426401774475483
55.865,-0.015227138451394557,0.05602470443876956,-0.017213143689436786
55.870000000000005,-0.006246952171406813,0.03478208747873629,-0.0035196010073937564
55.875,-0.015584105101520026,0.040929316141483846,0.01753286371627537
55.88,-0.022414703460225744,0.05564989075925254,-0.005923817628407313
55.885,-0.021655428266925472,0.0620421206586068,-0.011665056928754209
55.89,-0.02183698774225773,0.05766092654472728,0.004361962381417385
55.895,-0.010416989702655461,0.04436294569289334,-0.0021171913819076835
55.9,-0.006887117115803384,0.034376029813775834,-0.006925206443306145
55.905,-0.012617433344747601,0.04870939375878472,0.009030469148146817
55.910000000000004,-0.005191282135040821,0.04307624841927808,-0.010924174342555153
55.915,-0.006404746733108448,0.025340746476693054,-0.012240166596917915
55.92,-0.0023658968971366316,0.045541604584679686,-0.003310439389455652
55.925000000000004,-0.040896208495894835,0.03157836049449242,-0.009903782679479011
55.93,-0.031731394185155706,0.031609995035935416,-0.0018114913778737455
55.935,-0.029190978179899345,0.05121641713552928,0.01823540852370436
55.94,-0.023587173870295984,0.03206513108601157,0.001923299390299003
55.945,-0.016911950906756817,0.04637089569300036,-0.0021983400279633695
55.95,-0.02333651777881381,0.06030463524442377,-0.011614049317406554
55.955,-0.034212205791324696,0.0487617209333806,-0.004952567804264061
55.96,-0.02781719381312379,0.041535711816602795,0.0028182470198463276
55.965,-0.02203198990072578,0.05830683998784933,0.007619605964084225
55.97,-0.015022391414380174,0.04278995924359575,0.005212715511272471
55.975,-0.03283567673134875,0.0559267221472605,0.013489686148044805
55.980000000000004,-0.04041127665133598,0.04705615294039128,0.005145959336656788
55.985,-0.03126274587358796,0.033192563264739156,0.012511416170125508
55.99,-0.023709136711990153,0.03691340642764557,0.005764496356054458
55.995000000000005,-0.025415091787636283,0.03907171595210085,0.005066330609685216
56.0,-0.026533320095689115,0.04180342323827687,0.015219058141560868
56.005,-0.014710783771025885,0.045582218677123934,0.010831868510801243
56.01,-0.022495868532826903,0.03188971549900334,0.009794464685902504
56.015,-0.013477091302477325,0.0405296421909085,0.01708424872819888
56.02,-0.023721155511789917,0.031117342021458702,0.0026133633409955704
56.025,-0.010916391714829127,0.0442095174905792,-0.004191767781721744
56.03,0.00480063148612154,0.06011121607036736,0.013336298505161277
56.035000000000004,-0.0005719575459701438,0.04088621018751808,0.010526390417884569
56.04,-0.039334553692662984,0.04146298621308556,0.009908971491671826
56.045,-0.022827657673216685,0.03444192113201977,-0.004576569949440078
56.050000000000004,-0.02058173137471674,0.05844249038563196,0.0038046478253887413
56.055,-0.012210289836791104,0.027987133146980044,0.0024017781565875895
56.06,-0.011846457066468844,0.05011555987881987,-0.0027168282204569323
56.065,-0.01570178659586289,0.028763298227363888,-0.01593993179821935
56.07,-0.0063966566484279196,0.06535961804267873,0.004940767122524774
56.075,-0.002558456103202808,0.04142657835212618,0.012218838123899949
56.08,-0.013687527208491672,0.04279474570553362,0.01696018031600547
56.085,-0.004996247094202393,0.030798488013742163,0.004881762895204646
56.09,-0.023891395920304703,0.029699950721255048,0.0070527345870444996
56.095,-0.0037943743177062724,0.04125424642182205,0.010418014113517083
56.1,-0.01986697043509215,0.05104223138203023,-0.00332215985906431
56.105000000000004,-0.010438563079039564,0.05882069648297965,0.016271684119187016
56.11,0.003271754177644687,0.03798939585323244,-0.00011107851911322346
56.115,-0.019016843035810114,0.033369280308943344,0.020428210957168465
56.120000000000005,-0.017009683747897714,0.05253100366370979,0.012793465493289998
56.125,-0.004131866322803756,0.051452175943707296,0.00444510402781355
56.13,-0.005336126251766389,0.0518013275759264,0.004486867032703578
56.135,-0.014899996921462362,0.036149327378471964,-0.002870470680389171
56.14,-0.013489951740370404,0.04141062779748687,-0.0012195340160517307
56.145,-0.006428518817318478,0.058399451013022435,-0.004982090234994909
56.15,-0.03256473904997133,0.034629091055868415,-0.009315899810151672
56.155,0.006990351442299644,0.03727790917600535,0.015645222053660805
56.160000000000004,-0.023063390022046965,0.04241871360397846,0.0169411443692147
56.165,0.006013253396391607,0.047863197195255246,0.02018330399486131
56.17,-0.007015819815546989,0.04725880125927438,0.026003584476866574
56.175000000000004,-0.002134870049126804,0.052129546259447275,0.02322491879390952
56.18,-0.019368711350806388,0.03979873143374298,0.022417697596690732
56.185,-0.008634787120179857,0.030038236105814815,0.020141600167000808
56.19,-0.009918931965308533,0.04769112955062123,-0.001104143689718084
56.195,-0.012284571730858791,0.024473512289671005,-0.007422543108973472
56.2,-0.013088074746147229,0.04082719128546164,0.017579345441227218
56.205,-0.012843841656578835,0.048932899682134615,0.011541056042964433
56.21,0.00039366957426027055,0.027620815439514657,0.018628367705091062
56.215,-0.013820358205450122,0.05076016280650476,0.015527833913669697
56.22,-0.009029905490666946,0.03804627578685632,-0.00260165299371056
56.225,-0.0029062032164331366,0.03814650054546846,0.006346494318077196
56.230000000000004,-0.005166679137262877,0.04426219725870818,-0.007768573659682892
56.235,-0.020352717761961375,0.035304369176620894,0.006359786926538411
56.24,-0.01854481959252295,0.0491728756748769,0.013915934307302768
56.245000000000005,-0.009035417564285936,0.03179852503502503,0.013403813076255548
56.25,0.0005592753404576808,0.04196235330588322,-0.0016418327298636333
56.255,-0.011580046082454665,0.03533501509534722,0.0027185082446532505
56.26,-0.013660765569042622,0.05787649877049648,0.025895045020793626
56.265,-0.013385576998358737,0.044139685920480634,-0.003230096183679261
56.27,0.0006791022154074722,0.02724496397090649,0.01446051150727217
56.275,-0.004673581256579402,0.03713387867929249,0.0012819041153901197
56.28,-0.020412720367718948,0.022757765764923856,0.005318189025794288
56.285000000000004,-0.0040565491425413255,0.054151368773025434,0.0037315925342588426
56.29,-0.010738243588809638,0.05864097504612177,0.019695535386239686
56.295,-0.0019074716152708048,0.043815065712627416,0.011297822471747106
56.300000000000004,0.006593618904516896,0.053743819002729315,0.004761588721577606
56.305,0.005367907826748106,0.051161072558434925,0.007938828161538805
56.31,0.0026828352286838025,0.05036518862325005,0.021054743602544283
56.315,-0.01695054304727625,0.045415169989534696,0.019007421903253763
56.32,-0.023277183060041482,0.04552911487542732,0.0068975178531570855
56.325,-0.006791086839663563,0.033946118837688215,0.011808310132076892
56.33,0.003735768468255867,0.02060282782904431,0.01495395267268364
56.335,0.014676841443896716,0.009501207485022088,0.002689170041667922
56.34,0.0014668338752705287,0.015971389806762853,-0.006458399588777427
56.345,-0.0042797792262876996,0.030218741944216736,0.030609043115353892
56.35,-0.022374234318577546,0.038968554335961116,0.01383618808808404
56.355000000000004,0.003094877691066403,0.046741696588615975,0.018069471118039727
56.36,0.020237953765008608,0.029103200244204916,0.018455605041476003
56.365,-0.005664937172963186,0.024401227831664332,0.0074322621448096714
56.370000000000005,-0.005744744885033746,0.04502823538510919,0.004586582459609431
56.375,-0.004297184539171672,0.026825353980177987,0.003531136062106019
56.38,0.008277571811633624,0.03655200114412285,-0.0003011590691291057
56.385,0.009383389246658318,0.054774122413731696,-0.0027638423758491164
56.39,-0.00945139135069641,0.038094067202616363,0.002994774485266194
56.395,-0.0018209858066198289,0.056010229583007,0.010567514660409496
56.4,-0.008080561811231311,0.03251173792307972,-0.0016933565500222656
56.405,-0.007443816173151214,0.034547590845952415,0.00925995998003371
56.410000000000004,-0.007161714581926293,0.040284895462492226,-0.0007323070059156757
56.415,-0.002877218104560983,0.03734610018698355,-0.01123976957987413
56.42,-0.012603823982172059,0.03563640724415606,0.006069172881263593
56.425000000000004,-0.02754241221868943,0.03336603880985221,0.0035156079938073737
56.43,-0.017102447350284,0.05258015858274479,0.0025380079388561006
56.435,-0.007204979629889882,0.043945835607481186,0.009317800699798345
56.44,-0.027374352675331868,0.0493295923002632,-0.022618686006649912
56.445,-0.02196476189386195,0.04776643539056496,-0.0034934941799448175
56.45,-0.008314180620856964,0.0450939062985902,0.002019658507181341
56.455,0.002851300342228604,0.030459343296256026,-0.005412391950513818
56.46,-0.017054616771883052,0.0372759663519251,-0.005389323152540203
56.465,-0.0280992739446097,0.04408644352760096,-0.0040696453215206835
56.47,-0.02394791035361432,0.05951355065770452,-0.0018404399798789012
56.475,-0.022667825104346832,0.04385948051050974,0.01675221730560563
56.480000000000004,-0.0010688036234758058,0.04956033650007485,0.0011444681167717546
56.485,-0.004064327070497794,0.045178628620921486,0.002248475181905435
56.49,-0.012249323390346107,0.041040485421625895,0.011941016533535966
56.495000000000005,-0.030691938536983557,0.03235748812475021,-0.024817473985111117
56.5,-0.005312011473534015,0.03607327564958056,-0.032302713943576214
56.505,-0.03336528009984378,0.02179676975681934,0.004871266622712485
56.51,-0.03186821433029962,0.037296903234272934,0.011792367226007367
56.515,-0.02222562799072503,0.061337807073876816,-0.0035169286138336843
56.52,-0.0069494148714650174,0.05483005720526693,-0.00318705794249864
56.525,-0.013938392064519595,0.045896361236266586,0.028394202285377798
56.53,-0.011693635223798406,0.04966945033469948,-0.018816442205073662
56.535000000000004,-0.014788500976695608,0.030363373035308158,0.0017668535232321717
56.54,-0.011093805660196054,0.03469589111779568,-0.026227942849818775
56.545,-0.015269187571704878,0.04710927098323117,-0.016561341766348804
56.550000000000004,-0.017009685828544122,0.03258594747781956,0.017425189860748896
56.555,-0.02452900187717419,0.028336592300889325,-0.01621542610518904
56.56,-0.015267364824362115,0.03786630153687712,-0.001213231239932125
56.565,-0.010174914493511763,0.04475925296278388,0.017350691110375873
56.57,0.00278681648306359,0.05394559131312168,-0.008028987996314785
56.575,-0.023342122324740727,0.017012885499303774,-0.01960762946234844
56.58,0.016291313611944365,0.056878986593037154,0.007985556593511068
56.585,-0.007252105233923634,0.03390138033146917,-0.0063613735729577525
56.59,-0.0153448580532883,0.024751122293349116,-0.013997298881956244
56.595,-0.02505902568897609,0.04054436741224101,0.0007068119728609809
56.6,-0.014638206248525777,0.02625878397462181,-0.012515658066468675
56.605000000000004,-0.02414807108570846,0.032227317064301916,-0.011947267315746708
56.61,0.007840168963898421,0.04390740288335855,-0.012294791983991624
56.615,-0.024936081939637127,0.034409231438072584,-0.002097237408742663
56.620000000000005,-0.016613674284354264,0.01716476226242279,-0.008926453361195413
56.625,-0.011037193425900798,0.03262364100047119,-0.013340486096711674
56.63,-0.019289772265004335,0.033367794506651206,-0.01050362797936955
56.635,-0.00019572572727700414,0.03167776979461904,-0.010445753985698313
56.64,-0.004993347208132753,0.04993966219094331,-0.00755045613202149
56.645,-0.015254720787942745,0.025713109815900664,-0.005299648883520849
56.65,-0.022931903115168194,0.023005521620343687,0.002253610766144793
56.655,-0.006959333017217002,0.018372085165490257,-0.0193794333738181
56.660000000000004,0.004103314101969803,0.022406596687688345,-0.02830456170161578
56.665,0.004002477272566305,0.04174967842659304,-0.002268559389944507
56.67,0.013117497410680034,0.032144200694006926,-0.018549498310208582
56.675000000000004,-0.00700549042170924,0.031700248387904584,0.006656174671680715
56.68,0.0033673515489937283,0.01973864855827729,-0.01978231931856038
56.685,0.013514514134164008,0.03537980792857265,-0.0045202723658706485
56.69,-0.01742692577509031,0.03087182707081346,-0.006651565295915908
56.695,-0.00022127848330429209,0.0501614755604143,-0.006125435446061934
56.7,-0.0013623940856098277,0.02883462232242882,-0.01530924429537662
56.705,0.012759259355291387,0.03595044765128256,-0.004913692723498609
56.71,0.007939087597450569,0.05016270535749185,-0.02024834412500677
56.715,0.007178613285536938,0.001937938885132181,-0.004410528372025279
56.72,-0.0031785654627280724,0.020309418916603393,-0.000499477214810369
56.725,-0.008645634509777112,0.040268365064032016,-0.005177865334138767
56.730000000000004,0.01140063503069316,0.03454860261322899,-0.019220236181452452
56.735,0.00011923543997569008,0.026450393364921006,0.01236169659894121
56.74,-0.0108768744393109,0.03426819055606046,-0.0008303312886287478
56.745000000000005,-0.0006757768513563182,0.03563384914258384,-0.0035760081425619244
56.75,0.0007858447569409274,0.024899436802392882,0.006585195768735612
56.755,0.005881984161543473,0.03735831705124411,-0.0033789566162816392
56.76,0.012075831684469155,0.012569299435775614,0.004936074317766144
56.765,0.006570185544013,0.03537715856491785,-0.0012158771249988782
56.77,0.004549838009591488,0.021456591834717546,0.0007656070776722763
56.775,0.012891650621299978,0.013083870999404792,-0.009569212801572129
56.78,0.02244096056273908,0.022512763286351448,-0.006903300069376199
56.785000000000004,0.02085433537676875,0.03606991768051944,-0.009731187686463966
56.79,0.008417918046837275,0.036033359567561304,-0.00694848076357743
56.795,0.02663068555796055,0.018225495766345152,0.01081678961382683
56.800000000000004,0.03166987190831111,0.018002420552669894,-0.008468182832962504
56.805,0.008294731711067118,0.025821917815343855,-0.0144458826085899
56.81,0.00037990301974792813,0.03398190380839742,-0.0026909176912228404
56.815,0.02933683575410682,0.02938752963199026,0.0060549171651088085
56.82,0.012775720438990005,0.024239580588980746,-0.00322555925183521
56.825,0.004176867132686431,0.02472136373077414,-0.0009322742939360199
56.83,0.014711616156819624,0.031025186296208974,0.016155422094730195
56.835,0.006977542675144491,0.046757273319666996,-0.00590199230949659
56.84,0.027894207847222713,0.03515891644137017,-0.0012729303352795266
56.845,0.026694620613307872,0.019917712690158726,-0.0031216907307851476
56.85,0.021778689431415123,0.02627736468815011,0.01619373811808319
56.855000000000004,0.008541952579889475,0.03368179712538535,0.014240910719445665
56.86,0.017455784348690603,0.0330377190831748,0.012576433003285219
56.865,0.031001214532693736,0.01872512969528565,0.011934673540745348
56.870000000000005,0.008857790161966349,0.017207958781406893,0.0006149860339031837
56.875,0.009747031356238367,0.00882419662573113,0.01228908530397663
56.88,0.019279049688602674,0.033779436228851774,0.0258445061253952
56.885,-0.0027478344793995125,0.0435661086643027,0.004382245830591261
56.89,0.03433344428763247,0.04140873292492486,0.019322065570041604
56.895,0.030135077006712408,0.030114948529091332,0.026759859563528297
56.9,0.03420300939417841,0.03856792133638925,0.006495684116644446
56.905,0.02317003394370537,0.04860072177541101,0.02300827065689287
56.910000000000004,0.01298955224773041,0.05260255303451829,0.004253364008587586
56.915,0.021752939537877596,0.05072911400654674,0.0361788697255188
56.92,0.01297269543380105,0.03689675029233522,0.021676283289575667
56.925000000000004,0.015688013782415387,0.03051442852449736,-0.00042375168876855347
56.93,0.03961541130483463,0.028870950702461606,0.007569058212567023
56.935,0.008749192560527832,0.01650281576069267,0.022845548888613183
56.94,0.01782932154883747,0.046574957522328445,0.010960022857952542
56.945,0.03172880673448738,0.04063084930081972,0.0021505241752979194
56.95,0.029034800154860593,0.023653499507075935,0.007664808034216451
56.955,0.0331037304117233,0.0439764935439477,0.012364104966901586
56.96,0.022763651310345002,0.04278621169732397,0.017136385776549426
56.965,0.02618796144341935,0.04260288288116351,0.014452377478884594
56.97,0.018142052167812735,0.026729630617585494,0.01799053358335834
56.975,0.006555460508859577,0.019784804350506488,0.017690650258007038
56.980000000000004,0.031579091890311335,0.026964832281095173,0.03380690229036527
56.985,0.02972621620227886,0.0380619181174053,0.015900440484918506
56.99,0.006317966802081777,0.025152130411594035,0.018279767546340298
56.995000000000005,0.017593921981171122,0.03566005664854613,0.01565875044737081
57.0,0.022684475431910635,0.02438359909433663,0.016315972436707894
57.005,0.024975310001688532,0.02788791541846854,0.0013016597834856775
57.01,0.023866193107371612,0.028939958920558152,0.008794587800930764
57.015,0.012412646637727686,0.036899107917344354,0.01214960947631117
57.02,0.014113771148127948,0.011379644145114373,0.0153665687586447
57.025,0.03213388529168668,0.03357912401214384,0.014824178678784102
57.03,0.025982131031514186,0.021388746370118214,0.011462442495604963
57.035000000000004,0.024464100517461885,0.046456955639463136,0.016655085136335963
57.04,0.01121694075095987,0.024468410055514297,0.030842428023222825
57.045,0.031765158086483884,0.04198412129818606,0.04356411953183443
57.050000000000004,0.03621719736044163,0.03357932945843393,0.024418725550154993
57.055,0.025548930829763825,0.013822473992700725,0.004730605783844269
57.06,0.029925302869548066,0.009705496213471691,0.010360254322783547
57.065,0.021710658607400297,0.015511237933761569,0.02086326286922273
57.07,0.028431872800088992,0.021829193929281322,0.013707636615847696
57.075,0.022289200789058775,0.02802425223307328,0.016869546155134967
57.08,0.02136737401497914,0.014158857611891989,0.02038549061080468
57.085,0.006415424784830329,0.01706148877114419,0.02250099505925756
57.09,0.021301995647237365,0.01925168004137858,0.018900629748384405
57.095,0.031311359377305704,0.0372756159599792,0.002937632558393637
57.1,0.01170229098153237,0.006372505840246746,0.010831795443589459
57.105000000000004,0.029688086576203837,0.02917675617795165,0.007972745129378869
57.11,0.024348369091532915,0.018822482355635415,0.02673153018181518
57.115,0.022623051859379236,0.00896795394181521,0.009036296366082129
57.120000000000005,0.017145939482749523,0.02108922766397263,0.0270313230864024
57.125,0.025103822327451536,0.014132094454466603,0.013474403361396343
57.13,0.03426280042831412,0.017291002251426997,0.030658700189604458
57.135,0.04256778506873624,0.024358677255386815,0.005931444237232979
57.14,0.01778723834717681,0.0291899314980195,0.004940098028295035
57.145,0.04481928857586581,0.027667937536059894,0.013467334368213357
57.15,0.02804203781072831,0.010691737641657833,0.01315746568067674
57.155,0.02587305537477266,0.007309599370056992,0.017284029267128243
57.160000000000004,0.03444511517112636,0.02169218265612819,0.010950487839430818
57.165,0.016162680015515202,0.010238706811513043,0.005289341312599445
57.17,0.0074169987222460956,0.04474974627577473,0.029055625831488335
57.175000000000004,0.04391374178367678,0.020456370706064014,0.004583277029270148
57.18,0.02127263259876876,0.01560731813228694,0.0039431426688653895
57.185,0.025468604375976853,0.015778666566386677,0.023162008614541624
57.19,0.019281640358028554,0.003453499244519009,0.02420764529635131
57.195,0.019108849300346023,0.013936813501360036,0.00631899827368958
57.2,0.01974292848509796,0.013729796689413525,0.015439524652002205
57.205,0.033082870206317956,0.020329350952041657,0.02197929205832533
57.21,0.027430166255652606,0.024230209739529933,0.010541215907522532
57.215,0.01534555497493198,0.008238667551390499,0.017772601955697555
57.22,0.023955059217234974,0.010302335350076759,0.0014640022326135272
57.225,0.024458883611074837,0.019720855026887807,0.030086674208756534
57.230000000000004,0.019885676094228522,0.010467578839920956,0.007100514773871572
57.235,0.022257741782684422,0.005061574957360877,-0.00742330938840495
57.24,0.014966993477935136,0.007844018455317516,0.012449914212617947
57.245000000000005,0.002946239399538475,0.009969965690935409,0.021094201779539343
57.25,0.004855768167262263,0.0022428292063395115,0.01125154813093356
57.255,0.028502110712534886,1.4532932764797085e-06,0.007798791260291707
57.26,0.02527306223977412,-0.0020872959346850527,0.010168065209155315
57.265,0.011013332873427019,0.00870453983957101,0.006097285215727789
57.27,0.02951204258319512,0.01843330680698255,0.004882358885775392
57.275,0.006268018401115436,0.012091357304852597,0.005778505931636586
57.28,0.015008765294679536,-0.005567310894267363,0.015965880041751025
57.285000000000004,0.03339568719077246,0.005227241808044706,-0.019680685937583032
57.29,0.025991311070365404,0.003501614236562804,0.004407402582211465
57.295,0.022756023257728953,-0.004056238163760793,-0.008230618135309745
57.300000000000004,0.013927498568374472,0.014612664792577031,-0.0017133985895039462
57.305,0.03138216425948184,0.01909636186456888,0.003893679483041059
57.31,0.01627453622338481,0.009689792037983645,0.019016524508770744
57.315,0.028110863671020565,0.021815964307246655,0.0005930467683944009
57.32,0.01677224178549602,-0.009620668332482792,0.011665937925986901
57.325,0.005152932830454638,0.0014669953507941928,0.0021582993226388686
57.33,0.012737789947426213,0.006726886892435422,-0.0007528910828222867
57.335,0.034081749133879104,0.0031248435336036877,-0.007926528242194152
57.34,0.041013629095077886,0.009523025455529344,-0.0013738598204442675
57.345,0.015173184689747462,0.009364031498320675,0.023121188610242135
57.35,0.02903119835715834,0.007425516099869538,0.009848114976957305
57.355000000000004,0.01546776495891145,-0.005018693658427304,0.018559818679417046
57.36,0.012448739373961947,0.00807936572023376,0.004358141026311127
57.365,0.03218880028340175,-0.01742989267165311,0.014132261849387115
57.370000000000005,0.027920987807417162,0.008046770301577718,0.015311028736410647
57.375,0.029422692497356833,-0.0013140892700375315,0.001540092159323643
57.38,0.020242484290470784,0.0076271903076569544,0.02538358885870025
57.385,0.02591304734774077,0.00684187787944693,0.013597955952693946
57.39,0.02212625460108528,0.01647097331910068,-0.010611965359434034
57.395,0.004846504422507773,-0.004592844688630348,0.019323711265281974
57.4,0.027103733769056913,0.01607714573533845,0.014596356759888249
57.405,0.0441270046725642,-0.0021175552973363952,0.007108852813837831
57.410000000000004,0.0367985370423707,0.019858849755302412,-0.0012918201603031002
57.415,0.02727914943401187,0.004833762429843909,0.010079769466170719
57.42,0.015026296030831904,0.010764129604080803,0.018842134221372372
57.425000000000004,0.013566988705041767,0.010278625383358563,0.011844304663828919
57.43,0.028974050485640637,0.018282425621770137,0.00033630872463772266
57.435,0.035665060915960854,0.0010177853323416267,-0.0026682892432316023
57.44,0.017692650499691348,-0.015344079498765909,0.009672543875811155
57.445,0.029245591729797016,0.015660587691362363,0.007690262500401439
57.45,0.022527520912235262,0.003648478989381563,0.00428312429259902
57.455,0.025988062298531785,0.01734679321109215,-0.007299027414589357
57.46,0.025709204532567087,0.012713273495790408,-0.0011492273324697246
57.465,0.01151646043897889,-0.0048602094969354675,-0.008606388230531092
57.47,0.026783726367068758,0.0011803789276002771,0.01755826641443432
57.475,0.018680684793519288,-0.007757835913674243,-0.02086444039169199
57.480000000000004,0.028999724147071665,0.0030720764772884986,-0.002768510583945455
57.485,0.01113304723226827,-0.016797557639338948,-0.011869495505230586
57.49,0.033676834350499764,-0.021954393453570094,-0.0009642528812126476
57.495000000000005,0.04274987508755836,-0.0035952175056328875,0.008507061197411805
57.5,0.008088040243266939,-0.015992495115870246,-0.009474902781265906
57.505,0.029644125997090237,-0.0185872752429151,0.002769783401290249
57.51,0.023101748925434134,0.000849051666940024,-0.012064836056767354
57.515,0.03522785992641475,-0.008698218516829708,0.0031355953875456307
57.52,0.017676267706481293,-0.005214035699045022,-0.008433670236633346
57.525,0.016322340470860036,-0.009161782761197276,-0.004342280132935802
57.53,0.0343492615166934,-0.02652987845771394,0.013274723365084753
57.535000000000004,0.027340305684431604,-0.0016853365244032976,-0.0016558491100388379
57.54,0.015729508535628857,-0.0033666113009041057,0.007972895117400427
57.545,0.03218061076532235,0.0006761920574581345,-0.0007865775306784654
57.550000000000004,0.026133205463941087,0.00446810864517911,0.012407504928687373
57.555,0.04147603463218234,-0.0016393527533344783,0.012723692538992679
57.56,0.022430377046524598,-0.006391527865190939,0.0019803493338322775
57.565,0.018216483363812968,-0.006522419218414002,0.017650675886929246
57.57,0.030519744645094538,-0.005349050115537782,-0.013501406354756787
57.575,0.017786650259421402,-0.005738671959993514,-0.011102785636690947
57.58,0.02481099920304848,0.009674174817222974,0.022035196621562704
57.585,0.023907090980538632,-0.024697845192243717,0.009500775866687836
57.59,0.02502320636201715,-0.0005037334023176507,0.002548498956015523
57.595,0.013598109819218449,-0.002908073000314832,-0.004358056257226434
57.6,0.04628272115444779,-0.00881323510231248,-0.0015874565123642815
57.605000000000004,0.03941823764653754,-0.005892426937892511,-0.0007481107304259107
57.61,0.022555926808073636,0.009633593145227467,-0.004921939613342749
57.615,0.02976198771341328,0.003524158365818205,-0.009875089169380815
57.620000000000005,0.012329156309118024,-0.014581725219549894,0.00865403526862028
57.625,0.012808507250344648,0.020318001020516965,-0.0086928058454884
57.63,0.011458401784829306,0.01901078370187957,-0.003367786257309822
57.635,0.013741843717135844,-0.006115242411630833,-0.00047191325106021626
57.64,0.015063567730846975,-0.0018066588215712009,-0.006529172054641599
57.645,0.016124274644972715,-0.0034372191950396373,0.009347919341880166
57.65,0.03490527017984457,-0.01679201655629951,-0.013417662222367836
57.655,0.03307289579514352,0.014841768802416236,-0.018501256705520268
57.660000000000004,0.031746635595248346,0.019354311319197657,-0.002704171557685907
57.665,0.03833043386532394,0.003197698730941981,-0.008298971872811343
57.67,0.035644606332854614,-0.004110327435620627,-0.012466648139852803
57.675000000000004,0.009003308118734434,0.001282841671435062,0.018892944373266343
57.68,0.021267958740348883,-0.01237969262823288,-0.016328787793358907
57.685,0.02726449536847698,-0.016125951524023734,0.010230051254610892
57.69,0.01652418957451228,-0.005448463963027771,-0.011630441577393822
57.695,0.007319151935509045,0.006216822409049619,0.009168549256062615
57.7,0.022599252428804208,0.015031072777865216,0.0035500873629847845
57.705,0.023633980545877915,-0.007781602634129013,-0.010088484201350324
57.71,0.013300582327364351,0.011080614665295533,0.004454337453095438
57.715,0.021199301958544553,-0.010902338106284687,0.008500774178463665
57.72,0.01093022055849996,-0.01719291383116073,0.004999400886362932
57.725,0.013884896301684657,0.004139204533864226,-0.008885420449828083
57.730000000000004,0.026613812798258456,0.01115290976068297,-0.019686537314459143
57.735,0.018947059430594288,0.020515969877827687,-0.005270185053930402
57.74,0.03631454464094061,-0.006174369007699783,0.001078409522583641
57.745000000000005,0.020029722547878402,0.009432137728991952,0.01968696429090484
57.75,0.02609292449414426,0.0077048729003401616,-0.011108513596943821
57.755,0.02359785927065002,-0.004224442075540033,0.00816026046446643
57.76,0.038109715672673364,0.002521323096069167,0.0161366119446098
57.765,0.01535258959246509,0.01247356106098512,-0.00949247206011596
57.77,0.038194133038567404,0.014895021842228979,0.00839133509379097
57.775,0.005406408211112743,0.001244278615449474,0.0066757165705819774
57.78,0.008553116137658983,-0.024413601396557842,-0.002282915206605806
57.785000000000004,0.005716569319513854,0.012684165626281454,0.009899003378955417
57.79,0.009355521793602755,-0.003869705761151176,0.004880453564872457
57.795,0.009370822561467547,0.011921466943009234,0.004664080793060207
57.800000000000004,0.006848747907385249,-0.008139829247662038,-0.019885791374252407
57.805,0.03591048169153978,0.02041399321663023,-0.011928804508645183
57.81,0.02282936501649483,0.003976500402891409,-0.003423623935434596
57.815,0.02748216373745923,-0.006351087856111483,-0.015200435005100687
57.82,0.0451852845680904,0.0050824296822500736,-0.0012061211685757732
57.825,0.021526444852395132,0.0190292598035582,0.011738904329461518
57.83,-0.003252534534920807,-0.0018336856977425962,0.009659907280000601
57.835,0.036178278594448096,-0.0014596255649561053,0.01220561494390061
57.84,0.028324724706402543,0.008965029501767769,0.007288229334703996
57.845,0.029510178616821783,0.0069427455512076144,-0.006689161249536762
57.85,0.03550156969750579,-0.008422235216550299,-0.00046743415987186756
57.855000000000004,0.022614224816248314,0.013555906871967028,0.016495483618212813
57.86,0.02707483381431344,-0.007547517111341485,0.015867510688955262
57.865,0.026000491659796898,0.009606539774663246,0.010496081911084022
57.870000000000005,0.00015797778358728545,-0.004293619977114254,0.005779844412818879
57.875,0.03673073392793112,0.004422471352289506,0.01593652157925705
57.88,0.027664004372150715,0.02935553999377134,0.020217189211968585
57.885,0.024264181323828068,0.010836568415869436,0.004318900946675502
57.89,0.030536280057744027,-0.0029384319740992674,-0.003262733061334397
57.895,0.022166699787801246,-0.009788058826525003,0.004021705495146645
57.9,0.013431039261052446,0.007163548314982495,0.008854455187335429
57.905,0.028675553323796198,0.009912426718821588,0.017749485460950332
57.910000000000004,0.0172952758731066,-0.007613522020384825,0.022578149757792213
57.915,0.035520011112717825,0.01233707122776625,0.007899028395812881
57.92,0.03498477488599614,0.02692360576419554,0.00042115690283512806
57.925000000000004,0.036498048827138564,-0.004693024014389791,-0.005285082116608379
57.93,0.019895873765641132,0.000543947954213685,-0.00841202655334007
57.935,0.02819747054162793,0.012953006855628167,0.00110881507992578
57.94,0.019027267529927245,-0.005210402344024225,0.014836782164204323
57.945,0.033372259887123355,-0.007426840059319215,0.006283191610892814
57.95,0.020394982309867596,0.009363721584891526,0.003870940921395383
57.955,0.024007634152106765,-0.009591141461817424,0.013149102633944617
57.96,0.020199411414117685,-0.005588228725716874,0.007317789223860086
57.965,0.01460398695020863,-0.005407296933175382,0.012025641698724186
57.97,0.03085060241996522,0.01050188523142486,0.0008111793680692769
57.975,0.021541626286405567,0.024792916236970986,0.008089641027592302
57.980000000000004,0.029386418234706824,0.012457287442261121,0.008708883309029688
57.985,0.01727190051933579,0.010672471366761901,0.013031401106883285
57.99,0.013164165209761734,-0.0043750054975984385,0.014337875036057907
57.995000000000005,0.013054522340077677,0.0026031523563679977,0.005834215702747406
58.0,0.02624938544545403,0.0009747321914337637,-0.009158468731622734
58.005,0.03172071735077642,0.017012998542410555,0.010410705764980597
58.01,0.03194401704294145,0.016052633723748412,-0.0046807883662463865
58.015,0.024189776324421708,-0.009493567839097822,0.01655588487745621
58.02,0.034494617845257994,0.0037197797644847016,-0.0026852414814381863
58.025,0.030113839252179527,0.017906929510432316,0.0017074579466681344
58.03,0.03575800779257873,0.013939759379159835,0.008139590765913541
58.035000000000004,0.03836871891300333,0.012951549309394246,-0.00964411444306788
58.04,0.028795348640229174,0.014927919011124318,0.0126670239040782
58.045,0.030306231122982443,0.01073787557404856,0.006048538688221685
58.050000000000004,0.013269928513675026,-4.724325090320336e-05,0.005259546504217054
58.055,0.045489511418106664,0.005297936676161502,0.017017374080967863
58.06,0.019940517608259718,-0.0074391265952093565,0.011214728824862847
58.065,0.026487661156536453,0.014553342550731686,0.01144192764369737
58.07,0.019039293193141918,0.012062655659190642,0.006414698927654852
58.075,0.025040111296766226,0.004909515385322262,-0.007342335450930708
58.08,0.035648431063470265,-0.004154876494787352,0.01717992996406289
58.085,0.01781743601160423,0.0248500117097677,-0.007516309333862919
58.09,0.015253505527218544,0.004960868122595032,0.02003842860432269
58.095,0.005291037450056931,0.02403493492261815,-0.00727587990639847
58.1,0.03220530364640661,-0.0014339689301042266,-0.0046227801113517975
58.105000000000004,0.016874615703429838,0.013410903461609315,0.012272650089148043
58.11,0.021338537707947892,0.012864333447735124,0.0068072908384434585
58.115,0.02971874140736129,0.01686117149903703,-0.010641464020867047
58.120000000000005,0.03368887589452975,0.0030605413201325784,0.0004525622825867011
58.125,0.027989694480195837,4.905993992296992e-05,0.007999189219553591
58.13,0.01966293764952641,0.022272917111073088,0.015704491755964292
58.135,0.028672525770593243,0.005424606671777911,0.015424440861490285
58.14,0.02307420085939554,0.009950270781658317,0.011615018231681545
58.145,0.025819911240158217,-0.0018679008149862751,0.023359873529272077
58.15,0.024119724185159255,0.01704330643297349,-0.001725393999716253
58.155,0.039664929595745683,0.031937782027700104,0.0021928176073081184
58.160000000000004,0.052743610937637936,0.01918322879358038,0.010615665705358315
58.165,0.039450424274159096,0.015343501742616124,0.010310112039130459
58.17,0.024745673847725434,0.006241989197340425,0.014870719252602964
58.175000000000004,0.04030965282633461,0.007832851136095758,0.007804339718949735
58.18,0.018019697821183508,0.006584883565732298,0.021135964001971486
58.185,0.03627148738839686,0.0320350920917329,-0.001072034399611974
58.19,0.04481151431292771,0.0051614215821959505,0.01696900082090525
58.195,0.02401137942715286,0.025547137391181626,0.0013259319972312878
58.2,0.02781800869520774,0.009955833924043431,-0.023534922478363
58.205,0.054434107964030254,0.023084363926656744,0.013640418315203072
58.21,0.04179127832435258,0.002409963307160515,0.009142873589219471
58.215,0.05008918932040711,0.02200786351133488,0.0007847061225895666
58.22,0.04400745869085583,-0.0018251732768298284,0.0027819320034556585
58.225,0.029240637080007965,0.014414698022327135,-0.002760223947712387
58.230000000000004,0.05103079255462985,0.022897175571789042,-0.002690387484175924
58.235,0.04208791361955411,0.016423214907030647,0.0076741084385949475
58.24,0.05713961494155663,0.021328634173802773,0.006873988231921636
58.245000000000005,0.05577700407516028,0.00677441294153641,0.005986311265592688
58.25,0.042877158566152256,0.02783652385361353,0.01853329515685166
58.255,0.04518064049648873,0.02818291750240826,0.02803056791263136
58.26,0.06345238004983424,0.015076883861602402,0.009656806216614309
58.265,0.028996958026002467,0.04126309103884821,-0.0028732592833158443
58.27,0.024012507117741434,0.016896069786485914,0.007668350325673319
58.275,0.04655213776275738,0.016107786979543057,0.0012710273045169786
58.28,0.05350458159940173,0.028057791588581932,0.014394969326182824
58.285000000000004,0.049211870486200224,0.006520863932442568,0.004854929853797086
58.29,0.07106288112786506,0.019934292592113455,0.0366673326921238
58.295,0.055127700673044434,0.005624921670268816,0.015575859187596743
58.300000000000004,0.04066572396327738,0.0171444079234048,0.034440686533288016
58.305,0.0445799717405036,0.010771137447091765,-0.0065737002818972035
58.31,0.044178780510076565,0.02227906339223624,0.02784029199501251
58.315,0.025688863529894967,0.029994414721995037,-0.017866905666761433
58.32,0.04470747933030413,0.02570281636958175,0.009083495322061284
58.325,0.048619176861539964,0.02378374431462122,0.014593245207482283
58.33,0.05618781603434964,0.033449643760168235,-0.0013057740188614341
58.335,0.06945012088082739,0.026108683593419498,0.022682089925290486
58.34,0.03843363961919087,0.023047569500528046,0.021459939402056892
58.345,0.05121190551844633,0.019079594273474193,0.01056829319705554
58.35,0.055313068292641696,0.033677703512618506,0.009085497481523274
58.355000000000004,0.04063404129917301,0.019332185996520125,0.005138412249235457
58.36,0.03109345652077536,0.021505909819775133,0.0026251298407219906
58.365,0.0295044307285784,0.008229087632865648,0.00880921551398059
58.370000000000005,0.04706087268462969,0.021189458616043478,0.020025388237574084
58.375,0.051543296425755857,0.03505261987027246,-0.0002756621701070598
58.38,0.037107066979336106,0.02517040111480431,0.014605698005410226
58.385,0.035471500693551976,0.006732763266732822,0.005210814386768653
58.39,0.035659591713620424,0.009796236979445616,0.00725418485853814
58.395,0.0520234334384143,0.022124058479497565,-0.007988702470715958
58.4,0.051031426706198396,0.007654453397686446,0.003803656480301707
58.405,0.04299619634964653,-0.007694549006091598,0.006576634664503235
58.410000000000004,0.033296138267361726,-0.0057913686197433745,-0.00978050540529772
58.415,0.047631783517836916,0.008826632215256387,0.008006109674353343
58.42,0.02200983222353906,0.009822973481108674,0.002557645992138726
58.425000000000004,0.023950047427670436,0.018554844102759753,0.005557014575142417
58.43,0.03599487416193762,0.038409565956700184,0.019849391677356276
58.435,0.03450499413017463,0.0025596436892117583,0.027405744219083525
58.44,0.04326274418069797,0.011314728848836839,0.01830213526944132
58.445,0.04234317915913634,0.019139781837985967,-0.009020817452204864
58.45,0.03811671709485351,0.005367054372670735,0.017526483934292604
58.455,0.04498895724066237,0.007838587769574848,-0.010235741190032612
58.46,0.03467108045481226,-1.917635753658723e-05,-0.002766077625337043
58.465,0.028596065920934003,0.011823251436934195,-0.0037670430764482656
58.47,0.03179300251032847,0.021762522648488693,0.008110208516380385
58.475,0.0425349589831859,0.012352207146442525,0.001385709767793692
58.480000000000004,0.04077540115282342,0.00038181909981233747,0.007199307716652682
58.485,0.021717476023868712,0.017116563518965115,0.006648400874971025
58.49,0.032108419709163956,0.0015200537596297336,0.006863508416475663
58.495000000000005,0.04506879721684613,0.005401619410577249,-0.002799610845546487
58.5,0.024572818773728067,0.004540703439392979,0.0024305548765309777
58.505,0.03490837208589718,-0.0003389556222099556,0.002918014856094362
58.51,0.02875966130209796,0.011974282799225753,0.013540812914769731
58.515,0.028467895045431416,0.0014523435392624334,0.00860900295171442
58.52,0.04323428554009466,0.007872403644631253,0.012312710490130071
58.525,0.04678084601012539,0.00839595755388747,0.01710287077730171
58.53,0.04650034051117449,-0.003199294347137423,-0.01659366481947492
58.535000000000004,0.04452204352351134,0.02599735124525869,0.01407859981047535
58.54,0.04157024996701844,-0.006541230938819705,0.018890968191281925
58.545,0.030657381900857164,0.0065938430516267015,0.030127574036825772
58.550000000000004,0.05016697512048738,-0.005513745996806186,0.010547787388825749
58.555,0.03800223586677688,0.006346642174620368,0.03794553124382387
58.56,0.06223539065129423,-0.0027431011274115027,-0.013927209736948958
58.565,0.03471875970461616,0.018271989580105244,0.013186686531242749
58.57,0.037161768712544646,0.003171576300206992,-0.007588641319673061
58.575,0.02353542553515125,0.009296162496534097,0.03126826394898331
58.58,0.026803690031823292,-0.0001135370188761562,0.015342627193830543
58.585,0.04487052888477874,0.009786614408175711,0.011054845651304778
58.59,0.03227657479479274,-0.0045004931009488495,0.023803697388970427
58.595,0.020940817541608044,-0.007659038723777008,0.004684885657087289
58.6,0.05461175121909955,0.0052106015550879466,0.015410400186583498
58.605000000000004,0.048065599689951444,0.021428248061700354,0.008259361654998392
58.61,0.03480882668528324,0.013986632946374304,-0.0025803889038250624
58.615,0.02680074264618709,0.021271177013503104,0.015133620256412334
58.620000000000005,0.03934617057226024,-0.006705261631149432,0.020152836620915146
58.625,0.027565976250553,0.028228634561619677,0.005194060252516102
58.63,0.035192571191235256,0.0006849745247196094,0.021324234672859044
58.635,0.028957492265018897,-0.014447594683406298,-0.0003111923969157989
58.64,0.044195825814321445,-0.0012575163282651305,0.011209614203253556
58.645,0.045493155097247065,0.006392188265953384,0.007520120322544222
58.65,0.03621280225823112,0.005394641783867768,0.03234811241100108
58.655,0.0458863434001147,-0.009543430801895394,0.01635079255157651
58.660000000000004,0.05507046129419574,-0.013041095364852083,0.02382251149705051
58.665,0.03834617212224943,0.0011700335147048387,-0.011817126277217645
58.67,0.03980024395166146,0.008562179405924054,0.031038636639794597
58.675000000000004,0.0389454087133125,-0.0038104447359651565,0.008016589144181246
58.68,0.05643542910952555,-0.006780181404180963,0.019305261173333973
58.685,0.042479306001453526,-0.01772972031093241,0.009014953867980227
58.69,0.04680690065248905,0.0036354354374025753,0.03402292973398772
58.695,0.049893485048771696,0.008047961559918281,0.023196183577216548
58.7,0.0340627139608398,-0.0028167945396353027,0.012448285874280169
58.705,0.038039970442800886,-0.0048226129053824465,0.021536950036042894
58.71,0.0470778803897626,0.0015528041942277568,0.025920148308985678
58.715,0.04809512894339208,-0.0055874971835690145,0.009213584191056615
58.72,0.04275002360826072,-0.023432304143862638,0.008474592269103123
58.725,0.014175629896412637,-0.00900377894713908,0.011888840850303234
58.730000000000004,0.03097800477274875,-0.016584915502019175,0.031011871137873768
58.735,0.050100250916935735,-0.024468742714038066,0.020511787212906606
58.74,0.042978566099220024,-0.027959345909346893,0.012028462780960227
58.745000000000005,0.03723075295787896,-0.01851575494553668,0.024468283296344512
58.75,0.05812314497913347,0.009662039133717333,0.02250238647387869
58.755,0.04877525209235575,0.002883104292907418,0.028365508592072135
58.76,0.057797117141538706,-0.014893323844908012,0.010177962159462465
58.765,0.04370961907396309,-0.007801687780671456,0.02903659773563759
58.77,0.041342224947257866,-0.024868395160971675,0.03361927406903835
58.775,0.04214288196233825,-0.034943566329637826,0.019881964671587038
58.78,0.05068433180134142,-0.018390103505010504,0.030637121894782546
58.785000000000004,0.03411085415204407,-0.010931591243542923,0.022594868881717526
58.79,0.05563828152488722,-0.010405768658536117,0.019889819644782567
58.795,0.03348497069481196,-0.007483455929792066,0.021171329942445173
58.800000000000004,0.03454276202746481,-0.005163763378608112,0.03452462497233312
58.805,0.0390900683737491,0.0024568942862876544,0.010452095075263223
58.81,0.03594662270081753,-0.018940575057234423,0.018913692614716895
58.815,0.03885249804691939,0.007030016521774367,0.011502192055196873
58.82,0.044592546700316885,0.016637358683881408,0.03345989968867726
58.825,0.04447207173206731,-0.0053511475347860805,0.03151130635548301
58.83,0.053918370864235135,-0.020656689994393074,0.025518841076943376
58.835,0.03933765608820104,-0.0102824354854907,0.023393311708330835
58.84,0.03628846655692677,0.0022732363833512445,0.008695753816415297
58.845,0.058020325211697504,-0.007988613755391272,0.01163637095688913
58.85,0.03922142194568165,-0.022578036774080247,0.007605943625388552
58.855000000000004,0.03717562933214115,-0.016938018842502574,0.03079353391708882
58.86,0.045543955082700614,-0.018791161922241492,0.012859808640012894
58.865,0.04307746759871292,-0.0065368509624657845,0.00887438505085346
58.870000000000005,0.04692879169837189,-0.012583464507359199,0.02509414952162668
58.875,0.006863478384012644,-0.015469115751851108,0.03940158993621159
58.88,0.02542313438492516,-0.0010739378762268104,0.027182893578212273
58.885,0.044496832538585475,-0.01591476704225557,0.02980977763239222
58.89,0.01906470045054224,-0.014303028552284401,0.03221338265103765
58.895,0.019564524410413037,-0.0085156576791138,0.0388437431970885
58.9,0.03282386535241869,-0.004895275432934769,0.03860824701903424
58.905,0.030263727161302295,-0.004465888211949813,0.023020521753589707
58.910000000000004,0.010953576180634129,-0.019750837615067456,0.027885838987082818
58.915,0.04706088706635274,-0.015726760165840986,0.010083104086712688
58.92,0.030426865947990385,0.002501842006605866,0.03521500570909521
58.925000000000004,0.03784686435046797,-0.016823112122213088,0.0475259974689964
58.93,0.04361301400966868,-0.011163166352381276,0.026304904642722914
58.935,0.06150088535830803,-0.01959249063353308,0.04470519075146499
58.94,0.036811266904649795,-0.01741118987328897,0.03537030617322721
58.945,0.03202409428643138,-0.030395265813960775,0.04903295296445246
58.95,0.035510935572299826,-0.0022303210816310114,0.05626784164655227
58.955,0.03648961555133954,-0.0007865992785903234,0.04704973802500149
58.96,0.0292360501298316,-0.005499432596954512,0.01727845623678061
58.965,0.024555395679753282,-0.009569006455354905,0.05212539851651432
58.97,0.024948813721709418,-0.01616786360618996,0.03280695000842144
58.975,0.02215984628674331,-0.011381386009467753,0.043766364984512696
58.980000000000004,0.026875423413816775,-0.00990980889090954,0.03267859792884735
58.985,0.02506458492330395,-0.007395723583441975,0.0468656799002649
58.99,0.027348156919617596,-0.013916062426115539,0.03405528159892543
58.995000000000005,0.019686663397874254,-0.002914751595265344,0.038969281701426384
59.0,0.03092212933486724,-0.0038981369085518483,0.04821734360767631
59.005,0.029548025387726783,-0.014642592353340637,0.040389314192955134
59.01,0.053981409027776636,0.009601996168632353,0.030132309918153164
59.015,0.023376735080288844,-0.004758002364044559,0.03109555459113951
59.02,0.026192556601042794,-0.004608663240296632,0.03618692955160187
59.025,0.0333563349387571,0.0058198515397060585,0.021963446438070286
59.03,0.0201871870607612,-0.0037555273097232625,0.03898992799003123
59.035000000000004,0.008176295550094612,-0.005943685362591274,0.03388687199224746
59.04,0.017563183122208437,-0.02131972170988897,0.04818202524052767
59.045,0.0518462962736352,-0.01556033529735398,0.039123134072378815
59.050000000000004,0.0398598005741146,0.0054529265413316395,0.044901315642681724
59.055,0.04682110209045881,-0.01295974330262952,0.037857635054071
59.06,0.018394242370729938,0.005474933543618589,0.04147532397893344
59.065,0.02814234396316522,0.003009737066645552,0.05492132998163344
59.07,0.02951229266343068,-0.010431110077845342,0.05693767194922957
59.075,0.04559366135558112,-0.00045499703150657725,0.04099705318857778
59.08,0.030714099546523523,0.010546886691794315,0.022893028562229342
59.085,0.03201409780942399,-0.006630865157477468,0.020310097674581116
59.09,0.024573485812258607,-0.0055559034441939985,0.052218963220695476
59.095,0.03350341924812017,-0.0017520510489354817,0.04690453537970992
59.1,0.030575473958338185,-0.003646360983688538,0.05136015586660661
59.105000000000004,0.03788919666265012,0.011609831168499743,0.038994293376792014
59.11,0.04089970697498654,-0.00814484299509382,0.053594872810603
59.115,0.024934374129428234,0.00696242681518602,0.04948973554342335
59.120000000000005,0.035941973427787176,-0.0007670071877985962,0.03993997257377185
59.125,0.03716355098283043,-0.012447900461921924,0.03570640183950144
59.13,0.0323854885915408,-0.004583894118640918,0.04520855923926393
59.135,0.01989713526520121,-0.002635802367297997,0.039373764445064276
59.14,0.023944086078788597,0.007065682116757007,0.04685329635592737
59.145,0.026773519910162233,0.012418647490221181,0.05522610264994363
59.15,0.04476511614637488,0.0058108590591248,0.03468955741750389
59.155,0.036216349531300325,0.005827895819420295,0.054848275465594176
59.160000000000004,0.01904674609181612,0.006389076859934929,0.04450156337738055
59.165,0.03689350414677446,0.009542805021488899,0.030360801000225125
59.17,0.025428869275236438,-0.004074635452142716,0.05962086532698998
59.175000000000004,0.03585165664857501,-0.0077156863758789836,0.02760854127502192
59.18,0.034610845597985856,0.006219191227578979,0.03508348494369348
59.185,0.043474073167358414,-0.02012669889706516,0.0342925510676945
59.19,0.035803218239305316,-0.0035067823770803218,0.05225053906691692
59.195,0.019200926684138343,-0.012841011810662856,0.03663807721243197
59.2,0.03417960554179904,0.0039223317431118995,0.03523958595333699
59.205,0.04617728890417207,0.010532925888134693,0.04404463043817641
59.21,0.01764030629135123,0.01455089482473192,0.05435759653975092
59.215,0.01198195852968486,-0.007372071268530105,0.029600054968760153
59.22,0.02654392863721021,-0.029469985768748392,0.03568272441155368
59.225,0.018608768647074364,-0.013288820970562169,0.0367760938132673
59.230000000000004,0.015716711261399632,-0.0022647925762495427,0.05131988059027027
59.235,0.03129245286312471,0.004305024461770869,0.03391805654385685
59.24,0.013898596313659925,-0.014890879696895142,0.028494623797569934
59.245000000000005,0.02552029160220602,0.009125950072399254,0.036771316941820974
59.25,0.013688997114580527,0.012519582354906692,0.02429212572767686
59.255,0.05080976101654754,-0.014239704134172249,0.026971552637417927
59.26,0.022197287482974646,-0.019390022677605548,0.03676695292805508
59.265,0.021903196082073237,0.010175677775852099,0.055388847193379546
59.27,0.025638891378140207,0.018561106356684003,0.04333749839293414
59.275,0.016641940041451808,-0.000571339412865475,0.03721928288161239
59.28,0.016276687634285192,0.007473228526103864,0.029628008881263483
59.285000000000004,0.025696009071804273,-0.01686748155178637,0.006997708549142106
59.29,0.019650570942379052,-0.0021479378180915658,0.04260862659444458
59.295,0.025493972773859168,0.013436843300355175,0.03123334876109479
59.300000000000004,0.0034908273501851944,-0.013014298517238768,0.0317218822346254
59.305,0.018909857925184598,-0.008567166437082684,0.03216232132368922
59.31,0.03339265140225506,-0.008336608043438977,0.022154795022061205
59.315,0.010633250616834596,-0.0113415270904575,0.03147911972006244
59.32,0.0239874991152257,0.003434199209232429,0.025761982008052936
59.325,0.007968904484706933,0.00028325131732183373,0.0371383447168362
59.33,-0.007697047654296251,-0.014382895222498542,0.020403204350907624
59.335,0.0027708354195432588,-0.003604905385854163,0.029745989984627342
59.34,0.014721767103682734,-0.003383112200726259,0.03498343699223222
59.345,-0.0018704405080535323,-0.008919037182522589,0.034175241152876124
59.35,0.0038626160976309074,0.00182603473150484,0.01775095940816548
59.355000000000004,0.014118699408021698,-0.018836771998962488,0.03035920541848654
59.36,0.026637694001470938,0.004831520848553681,0.02735394565672188
59.365,0.01570367476592758,-0.010110224427751164,0.048731300828319286
59.370000000000005,-0.012553108699642263,0.0004606076023052075,0.00797996933849176
59.375,0.006613457517542183,-0.01791967356245734,0.031249938142915653
59.38,-0.000923315903615119,0.00552624066810271,0.022339740639440577
59.385,0.012604464478790798,-0.018815353156637946,0.01954894047103619
59.39,-0.0035407701300927876,-0.009808615762797075,0.025840191554276012
59.395,0.01761198354769633,0.009637367516745137,0.0182901003854224
59.4,0.012405320456046606,-0.00032379842567070716,0.02637966277031307
59.405,-0.00570313845884619,0.0021182289934459225,0.044097252224395686
59.410000000000004,-0.0017928243119762547,0.0031641131436744643,0.012234259777777368
59.415,0.015494448541938141,0.0031232133662115955,0.01839433441238682
59.42,0.018793109665896503,0.0028119162796392053,0.02779691835862739
59.425000000000004,0.0027213653016186323,-0.008127391616309747,0.02322846108440109
59.43,0.022519870871563187,-0.0027502578029204236,0.02176184680717361
59.435,0.008716873687177325,0.003802289883386708,0.013796719890461807
59.44,0.007009428188016359,0.002216272101622195,0.017708960694755565
59.445,0.0111955333760428,0.0055387884834069735,0.02593943844785558
59.45,-0.0008554614788013854,-0.011090363458292693,0.03240292498397137
59.455,0.024602626310319824,0.0037967363411108568,0.022486786330277196
59.46,0.009136377831022457,-0.011544638377668667,0.016780221411039645
59.465,0.019727702563477643,-0.004810671564721116,0.0199663375362474
59.47,0.007455376201058984,0.009766988973534708,0.025509907889588873
59.475,0.0047855380780833096,0.007066497583166773,0.01964590512970787
59.480000000000004,-0.0020343975170742093,0.005274247666112279,0.025159032245690376
59.485,0.0145734966906671,0.008250340136730764,0.033807287479028225
59.49,0.0033436425929762514,-0.0005947296207656251,0.0288908073522079
59.495000000000005,0.02401022622708103,0.0070921948959550875,0.022678771498239977
59.5,0.016131589212075723,0.005200196834485821,0.027125542739078384
59.505,0.03531380223220119,0.008261560782051286,0.010940557838850664
59.51,-0.004414687801873424,-0.002457909131845862,0.05187713400638972
59.515,0.016710281831280257,0.004534507171734061,0.020295110035326143
59.52,0.016915837814230263,-0.004193548957292504,0.022331517976991483
59.525,0.00947116598487378,0.0048777743778655805,0.023440469172791568
59.53,0.026456786624031593,-0.006179889487422624,-0.0010843725374594902
59.535000000000004,0.026505381943641198,-0.009772039951731187,0.005377028844936078
59.54,0.005016039930842907,0.005938597471580671,0.04515837207973366
59.545,0.01422438569211025,-0.008423853786833106,0.028638118511100784
59.550000000000004,0.03482657778020996,0.012610901075794698,0.036568503397313615
59.555,0.017428846176905814,0.015155531202208979,0.029628598253243446
59.56,-0.000543670621057743,0.013940121162688852,0.029799122300229214
59.565,0.004386909924709236,-0.002089168556961639,0.02513115021051809
59.57,0.01933431618260098,0.010559475129359484,0.01659550184262814
59.575,0.009414262917798115,-7.265124981354135e-05,0.00535701018459806
59.58,-0.008900139946460252,-0.0030946256921680435,0.023507827680286055
59.585,-0.0021308793103932693,0.018142881329788425,0.022349375665872775
59.59,0.026109366402541224,-0.01287922936677226,0.0287946097405384
59.595,0.0035768233020529614,0.00852345470020293,0.02649061857671344
59.6,0.024253964951082913,-0.0012967963268436349,0.033537853943134494
59.605000000000004,0.004583540200024706,0.00811209975436605,0.02840377180875573
59.61,0.010048189890768663,-0.0030723722037963967,0.013819267848943698
59.615,0.01851030670974342,-0.012168226364440479,0.021595075984600642
59.620000000000005,0.007901532877294616,0.017680738600635678,0.016550508031858934
59.625,0.024150986162369267,0.0032129992300604787,0.012931002007846425
59.63,0.002059407749197808,-0.015594062635892133,0.012777932307077142
59.635,0.015022757414044807,-0.006326082379818373,0.019454617082053823
59.64,0.007550407034098758,0.008967475762766807,0.028036172994129163
59.645,-0.009451154406098384,0.014500302976221943,0.018478584083558514
59.65,0.0201665227017158,0.00024626227698283654,0.02700414194636767
59.655,0.023702208370596358,-0.0038044082280739785,0.027812586569957505
59.660000000000004,0.014531899481649402,-0.003751148549404979,0.00985020671999022
59.665,-0.000958576765746076,0.013992278508401252,0.03733763300999514
59.67,-0.00481195254240726,-0.010610702594608326,0.019335147253228838
59.675000000000004,0.012962419222278532,0.0037894969312108825,0.044801141221835886
59.68,0.0003926806856204487,-0.013681940526800617,0.02397329786799976
59.685,-0.0002256685610104968,0.0012300997119733745,0.021826740489614166
59.69,0.02010740083366359,0.01884587517111362,0.018794833057358157
59.695,-0.004570362049501024,-0.01453562712203417,0.032276221498814164
59.7,0.01990013130661278,-0.009726758581387471,0.013804444787492372
59.705,-0.004660779260763429,0.011438189583338643,0.02956476891985548
59.71,0.005638685694780368,0.006838939245390661,-0.0016760172603501452
59.715,0.01388031017380418,0.011699145287878479,0.007804392396283236
59.72,0.01238600957685195,0.0041001810994164105,0.03893829700953652
59.725,0.008885219595623333,-0.002238970579105916,0.01213406021971305
59.730000000000004,0.018400273053582016,-0.004234953762633982,0.02145807587463546
59.735,-0.0017745234049504899,-0.006337784921542362,0.02560431003914418
59.74,0.004136689554280513,-0.004791724111337903,0.025835146313662082
59.745000000000005,0.027016760480880024,0.012277649751930676,0.043725546878717665
59.75,-0.005019598954064928,0.011159466979353105,0.013981090652359807
59.755,-0.004384024478759635,0.02329051836081774,0.028624643256726312
59.76,-0.0006555813749996812,-0.009326969648193916,0.010468146490235381
59.765,0.04754166369313612,0.020184066480652598,0.006669475937244079
59.77,0.023812316207896624,-0.00634508055192182,0.030528896139222904
59.775,0.025138770428666597,0.005144791219287799,0.007520551444162922
59.78,0.010035769913534897,0.0116183850220411,0.036620912870863186
59.785000000000004,0.001221685843943169,0.01172434004180287,0.031254204043529306
59.79,0.02831760638580602,0.0036296965602994544,0.008753890880816063
59.795,0.018207330993780295,-0.0001498178211034977,0.014177911622153769
59.800000000000004,0.003218928842350954,-0.0009163144674265537,0.00025579883726102766
59.805,0.020040022765881804,0.006184808804057668,0.02065186877705055
59.81,-0.006363111386081374,0.016992366583791076,0.014219363716576998
59.815,0.007549827529196014,0.007479897004339608,0.014029691412689569
59.82,0.036470458891405676,0.013404551974402878,0.003389847559587711
59.825,0.00021206150109452388,-0.005653777086084413,0.014062574448565636
59.83,0.025420675151277883,-0.0023214253240205276,0.014184425275989962
59.835,0.006951389849033348,-0.005132911603794744,0.02180509368050606
59.84,0.02687515434763573,0.001899356120114569,0.003970654174094101
59.845,0.01732616097493516,-0.0017943914401472236,0.035269564888194375
59.85,0.028346426369102843,-0.010555646490158454,0.027571293142893236
59.855000000000004,0.03262764656748408,0.0102046899430446,0.02286755976455612
59.86,0.01599831034346825,-0.012677116586784595,-0.0020175682679673974
59.865,0.02089803525668893,0.011645437285812719,0.037438561557629035
59.870000000000005,0.015050785086684355,0.019083550169260978,0.017553665054072173
59.875,0.012873997634043026,0.0016087464890856377,0.029215780049689243
59.88,0.0315128169438615,0.01531943340785671,0.02874585421669828
59.885,0.04029024962286493,0.011757242310202896,0.02400474407047721
59.89,0.023738413671281103,0.009325141637584827,0.004766853647872478
59.895,0.03881768883512107,-0.0037524532366718065,0.027644598663262233
59.9,0.016315707509167443,0.013930184474899816,0.01624483933716433
59.905,0.015333158732589457,0.010851538247493353,0.014912138219927136
59.910000000000004,0.034853066709432626,-0.014772646727944812,0.02105721116759149
59.915,0.035324930469689916,-0.02415695248254348,0.031050132475196245
59.92,0.010767647420893523,-0.007445702165270494,0.03237270581569051
59.925000000000004,0.009215854231099397,-0.011689206177807984,0.013579387277995193
59.93,0.016611668075777596,0.0006655860493896305,0.02341504312994819
59.935,0.013788495037115885,0.0024986567739315006,0.011668366389109395
59.94,0.015431406023768895,0.022002996047231337,0.04246889180925198
59.945,0.02147457787454441,0.007902570633987374,0.019405298558729307
59.95,0.032921675301179384,0.007436274539642046,0.0275665287590452
59.955,0.037863287619263046,0.009300116585172432,0.018106722645083135
59.96,0.03911749810881844,0.008117357994410938,0.03947185892190086
59.965,0.029829129313578458,0.019882520020256852,0.016536337518573297
59.97,0.019958862606862256,0.018594811006413237,0.024294755151976467
59.975,0.03306962185190035,0.014258063098880554,0.03576625971604213
59.980000000000004,0.007970289408758716,-0.0002757766765939494,0.022256554695170967
59.985,0.042179339461975704,0.011191373390758864,0.02592450790553765
59.99,0.023916075444142995,0.01934255425276696,0.029075510072048838
59.995000000000005,0.021540104281754506,0.02977179012441609,0.01968023572402299
