timestamp,gyro3_x,gyro3_y,gyro3_z
0.0,-0.0020499842137625475,0.0025720962513156487,-0.009233929729194157
0.005,0.004055571932717945,-0.0004999339473396007,0.005148463816884117
0.01,-0.00047771467715608594,-0.003248033765840949,0.006951109912695624
0.015,-0.010326757797397564,-0.002777648740384441,-0.001531967685803123
0.02,0.0063702939444237145,0.00805382165271365,0.011549771619046374
0.025,-0.014446320882206754,-0.008539104129558031,0.00018707530741802082
0.03,0.013019639770711145,0.005119621121772871,0.005071636937680661
0.035,-0.002152265128047422,-0.010361194554982026,0.004006466438311738
0.04,-1.8597990361895328e-05,0.00474923295732377,0.0017397489139801756
0.045,-0.00801886251363999,0.014986217763271689,0.008813273371517652
0.05,0.009785446270055537,0.01600687483857277,0.007631476270368184
0.055,-0.004393372626725101,0.001694799486107843,0.005149634476936254
0.06,0.018368134219808797,0.005645678397532987,0.010782660153897372
0.065,0.004248968887456807,0.006960077860650926,0.014146708467434712
0.07,-0.0004502290783524564,0.01025633043484776,0.009963620784218967
0.075,0.0010899602848694575,-0.011100341740969109,-0.001061165057091167
0.08,0.011637290716829653,0.013079096756865577,0.015046139838845706
0.085,-0.003176712591500877,0.0032881659337958974,0.020266396214431152
0.09,0.003340302522647534,0.003009502180266441,0.013081974834952348
0.095,0.0019609479242905657,-2.1657932706382194e-05,0.019614175621170432
0.1,0.018028156027639828,0.004041748687605226,0.00878287542567206
0.105,-0.002753428465956503,0.016142013808055224,0.002365758431128763
0.11,0.0009766192306902384,-0.004513280991117322,0.002446767880702643
0.115,0.025648558648975295,0.0020962162441575233,-0.0023211336879228493
0.12,0.018175587690407707,0.006508576826595137,0.028759677644436866
0.125,0.015630581031248408,-0.001998710197400053,0.003232083042804886
0.13,0.004695654659417346,-0.010546932871737517,0.004137569278710214
0.135,-0.006245306703304363,-0.00011713722975932855,0.005559241457612825
0.14,-0.000315426338845526,0.015053861553218965,-0.0005071737306135849
0.145,0.01795440636175442,-0.005504720481001488,-0.009255886292715003
0.15,0.009481481741408448,0.011512959577540087,0.008968776621299485
0.155,-0.004092805692489148,-0.005821300894647008,0.010329084283301572
0.16,0.0065747867077195245,0.008370891027968532,0.0037628594410718894
0.165,0.004881527345423364,-0.0049612115972755225,-0.0016366209535464207
0.17,0.011102216156111833,0.006181270313104661,0.0022801569073306574
0.17500000000000002,0.029373163026018324,0.01765663572569112,0.02620237909667068
0.18,-0.006940972006071094,0.015542787018189012,0.014774777349500876
0.185,0.01446478532039721,0.0029612629530436437,-0.01040256315914535
0.19,-0.009955887467181176,0.01932774922140723,0.0034709199379194377
0.195,-0.0005781934335731934,0.011691555558435585,0.007857259785569632
0.2,-0.011937853941698226,0.022668274825316206,0.0183326324574862
0.20500000000000002,0.008792582830503931,0.019702592594821013,-0.011529403700970949
0.21,-0.007644429134283053,0.010680592736595147,-0.0007960778935829542
0.215,0.01200325640981642,-0.006675397168796195,0.022297928174713166
0.22,0.00780227916652324,0.010998876862911202,-0.009154691859527178
0.225,0.004961691074147501,0.014628673131161255,-0.011414987198284971
0.23,0.009048191943803068,0.0076186226845582315,-0.003220239323797917
0.23500000000000001,0.005310117330962665,0.024667471963134333,-0.0033966785710943387
0.24,0.012426722874000814,-0.0035414462657858015,0.02120535438500893
0.245,0.000984725100286769,0.010729259554938591,0.008058097419798996
0.25,-0.021492237616268256,0.020417943688253982,0.015539263860643797
0.255,-0.003344437557607214,0.0022932079360202477,0.012606600426483136
0.26,-0.004238323742519575,0.006742614562640227,0.005906277873745423
0.265,-0.012404569138606417,0.01504736684324034,-0.0057899294613744726
0.27,-0.008171223227751162,0.01156996367157479,-0.006376759164136325
0.275,0.0031663767302725354,0.005815795404669539,0.00677299043788367
0.28,0.01600503225241995,0.013121681187942689,0.00793939514919999
0.28500000000000003,0.017457962912348524,0.0065377267293768825,-0.007096584468290566
0.29,-0.012211568194527362,-0.008963578052098234,-0.001189969874808597
0.295,-0.0013620821378955322,0.0013692216952219706,-0.017188564176969685
0.3,-0.005864184985995844,0.0022851823357691765,-0.0003586068488735132
0.305,-0.002920613374793146,0.029657292889576723,0.010040771904580775
0.31,0.004155222778917488,0.010264390001416046,0.01789724509574763
0.315,0.023448329121813126,0.01188881750763516,-0.013735824409807059
0.32,0.014793199290150211,0.029241738265591934,-0.012222668420310959
0.325,0.008102650828919764,0.015756372110394455,0.0013501016417943787
0.33,0.012939385861521593,0.01942914706810294,-0.008116565940912597
0.335,0.03243693599618628,0.022321693847390717,0.00041420822302096075
0.34,0.0013398305839892066,0.015602318058664449,-0.019254899350146605
0.34500000000000003,0.01636100001113156,0.007755209028641473,0.02200075256829276
0.35000000000000003,-0.014009468597600957,0.017152186821016803,-0.0021722183087930975
0.355,0.015340681551750677,0.018284699612017518,0.009413586863844288
0.36,-0.012685460946143257,0.002264652000815678,0.0071172227174562605
0.365,0.020750002431964343,0.014642865160577626,-0.010383259983258992
0.37,0.006966478607227552,0.01501793274087358,0.0024344414183687228
0.375,0.010999179111945258,0.02438243637334716,0.0020317758730141653
0.38,0.009479941150814212,0.011214120493556,-0.010665374418733251
0.385,0.01933489314652032,0.010445923184307267,0.01518047182740933
0.39,0.02030209043503466,0.014488591263496043,-0.026457152095484406
0.395,0.01723187040900414,0.011707436510786859,0.008227620139650163
0.4,0.013465351815605844,0.005112743647119463,0.009660635536108785
0.405,0.013327181733217317,0.012434391965964285,0.02954239384667967
0.41000000000000003,0.029305955399302613,0.01001894799940604,0.003195051375331104
0.41500000000000004,0.03797318371723974,0.028048654861450067,-0.004163049160125905
0.42,0.007779008619369363,0.008361608747743702,0.007708001129730346
0.425,0.004799945682322702,0.0035336962791171246,0.0050039522446401336
0.43,0.014654298976193893,0.00030164510543623235,0.0024926168136560557
0.435,0.015819610974819917,0.010336516423800101,0.013823500650807799
0.44,0.011507154564225824,0.001603293757564306,0.010028212851808379
0.445,0.004872911567896835,0.02928542553981965,0.020985544403243836
0.45,-0.011468063312826474,0.018592307764903254,0.013533728412745959
0.455,-0.002805572206493307,0.002572889746931012,0.015235240961992535
0.46,0.01683139695276885,0.031310043977209115,0.0037381626408871695
0.465,0.003075373817860063,0.014753121888008583,0.02197492117412991
0.47000000000000003,-0.0022361299268427457,0.02286501271016988,-0.0021796855806175556
0.47500000000000003,0.0031889832900468644,0.01824309763456407,0.0008967524529328577
0.48,0.001967477974021116,0.002712704045383976,-0.004817927742586206
0.485,0.021580041289508797,0.019939182038690904,0.007531181964064783
0.49,0.014392071005241753,0.0013349200354771766,0.0035369294815265607
0.495,0.005032729590335898,0.01862504239395096,-0.0026435313840275955
0.5,-0.0017234122320154699,0.01671050445387097,0.00261449550596401
0.505,-0.011727704632683163,0.0012975607207163786,-2.1488827125742092e-05
0.51,-0.01025737970480179,0.02287545319990244,-0.009386244682086054
0.515,-0.010916594505565846,-0.003321793209327968,0.019768580035029834
0.52,0.001600980215632505,0.011482706208251162,0.0050793861107990305
0.525,0.0005999506736381159,0.02649178945228617,0.007302734922099443
0.53,0.01587379606502425,-0.009984612260723287,0.00958879511523659
0.535,0.009318132491692114,0.011557451552671676,0.000952258581783977
0.54,-0.007884500657550007,0.013611946809078151,0.010727461515842111
0.545,-0.022976575500772194,0.011007767641901593,0.012734225620412758
0.55,-0.004874026608191132,0.01469321435828883,0.00211764406135119
0.555,-0.0065493720873950455,0.008920575262356109,-0.008200349884072575
0.56,-0.004084498110656834,0.0011393203812849785,0.007393877383442658
0.5650000000000001,-0.00332291661724576,0.017910630268090495,-0.0033857816629708336
0.5700000000000001,-0.010416763619596588,0.014608170423844822,-0.006438305090254633
0.5750000000000001,-0.020308390369897376,0.0025414967308544385,-0.015611981980647276
0.58,0.0017719071527294954,0.015006237138199046,-0.012509686044771623
0.585,-0.011751787151220782,0.028682386267779508,0.001265630863971418
0.59,-0.007118909374280022,-0.009845879968323392,0.004784672960477115
0.595,0.00019514196142461117,-0.002405121766005212,0.006574591841807169
0.6,-0.025235713715181074,0.01768632861892052,-0.013313241428568058
0.605,0.012162416534036425,0.0273486438978698,-0.007664646648816217
0.61,-0.012940276260556337,0.017700305231965682,0.017105977446075293
0.615,0.003431373656861225,-0.0035922371578089585,0.002389312520137304
0.62,-0.006071068819025059,-0.013216939283813218,0.007242563989676109
0.625,-0.0184741100375066,0.005562164280707171,-0.007729923775814461
0.63,-0.013889244875313685,0.02209056400541217,0.002471139262968422
0.635,-0.00014325992839262294,0.008700469815335971,-0.01201921967251005
0.64,-0.02447795124444628,-0.008654994207474436,-0.01102134603821452
0.645,-0.014174797448034588,-0.002138926309772138,-0.008612502827226507
0.65,-0.0028969672755611298,0.015998511962961152,0.009374306390515291
0.655,-0.021085792438310734,0.01842926789030385,-0.0025957116369774
0.66,-0.004302991161566646,0.0008412826623006645,0.0054196233986081015
0.665,-0.018119503348536264,-0.003072898601576394,-0.011448680892417162
0.67,0.010711157397261256,0.012919610719059945,0.011841875501655677
0.675,-0.01567370064581665,0.006270559999633718,-0.009191378013844072
0.68,-0.013090360151689576,0.010081706961492123,-0.0056248341692871125
0.685,-0.012154746511459261,0.019506221049217672,0.008990209744175203
0.6900000000000001,0.0008403948210465965,0.0195284907353073,0.023928929397389238
0.6950000000000001,-0.012715476388937812,0.0022539838639727416,-0.0032230174803626194
0.7000000000000001,0.004777891779735664,0.02265982629716325,-0.023703531822125985
0.705,0.009449578207786462,0.01214265671079688,0.0013628083871660337
0.71,0.014195973597944597,0.022143567277387973,-0.0006277559214296138
0.715,0.014940205336831186,0.030101941754838574,0.01587191128732722
0.72,0.007778991634195143,0.020240915410410367,-0.0019389305544271502
0.725,-0.008046605491056746,0.010544027214738641,0.014225212089775036
0.73,0.0028353529916649266,0.028802199560955144,0.015216544001646157
0.735,0.013474090240396744,-0.0041096340465680906,-0.0008870006983863511
0.74,-0.011257735644830342,0.0033868677921094353,9.590221351272153e-05
0.745,-0.009420771901630343,-0.0058685262998337435,-0.008974863485720273
0.75,-0.0028924412580099935,0.023444339038339083,0.02250253730885554
0.755,-0.00824274109872684,0.007684972461499332,0.0017829327891733734
0.76,-0.01736944047460092,0.010604826022876285,0.006820054609004365
0.765,0.005682523398895472,0.013091846257804303,0.016186017059260687
0.77,0.00617292846388481,0.004702395951224878,-0.010119782231725952
0.775,0.004093428203062905,0.016046281743392204,-0.010379570638402424
0.78,-0.004769656000052855,0.027112902310327966,-0.005748853283865282
0.785,0.014674633622234473,0.027198048295617595,0.01892652934859536
0.79,-0.010961875072730363,0.013880689376776351,0.007915823691743255
0.795,0.004792227886234197,0.0005881343279527489,0.0035086223185011
0.8,0.017202174425298998,0.022275548907278425,-0.0015799984026244277
0.805,0.005437742421229989,0.0221207764663876,0.0017167672757035218
0.81,0.008843654661470083,0.02225872658635875,0.021807210548275283
0.8150000000000001,0.0003034094705228734,0.030790478879401874,0.015830535688792998
0.8200000000000001,-0.003978060744908909,0.00935234537499785,0.021139471026680574
0.8250000000000001,-0.003577738248974182,0.013985626731390808,-0.0007381973291125232
0.8300000000000001,0.005673329891643127,0.019961328358469956,0.017366103304757522
0.835,0.003304676534059683,-0.01864692313053904,0.0031148967381910628
0.84,0.013608143032278149,0.006428020638459356,0.008847869941167695
0.845,0.005330975148566975,0.021511011608486872,-0.005565759020276647
0.85,0.013602138722558858,0.013405907864655413,0.015762786323531133
0.855,0.013530120989040448,0.014439103055138368,-0.007456288337203774
0.86,0.006070909634924203,0.016942893583843353,0.006712524317450492
0.865,0.008118371865384994,0.016858091855451354,0.014164594068240745
0.87,-0.002652468166094524,0.021679604900523647,-0.0062843748398656914
0.875,0.010860140312357098,0.02723623351623295,0.0021111509381846394
0.88,0.004020877825236245,0.0111651320855838,0.004812392608208257
0.885,0.004792849906952939,-0.00015780135771273178,0.005252348484683876
0.89,0.01298026804533825,0.020024524022474594,-0.00957660670477223
0.895,-0.005842093440265184,0.011223092505660075,-0.006455904372393361
0.9,0.01618565871952222,0.029659494516299692,-0.0008533983893836018
0.905,0.002948128549611017,-0.0002795377757160624,0.012896165166173992
0.91,0.009372758307808302,0.010429989303220772,0.009440548934420317
0.915,0.009064546532204367,0.02304305633101729,0.008064357470603495
0.92,0.0022543353719674812,0.02145823814904331,0.00402121703258787
0.925,0.0017667916466205939,-0.005758816870920426,0.007456911469789914
0.93,0.00282760093466222,0.009256272647507115,-0.008774090079529687
0.935,0.013578063412401751,0.036115520674647725,-0.009912240552180224
0.9400000000000001,-0.001627327240323684,0.005967788575874218,-0.003830261659066513
0.9450000000000001,-0.0009911641012253884,0.028467918077880836,0.006205265876008783
0.9500000000000001,-0.003649683075411543,0.005446946815404091,-0.007773226699870912
0.9550000000000001,0.021942968733081443,0.021221220932059186,0.006476004425977852
0.96,-0.015630306644572642,0.028277624406927333,-0.005805983909509692
0.965,0.018219191554605538,0.019067991448561493,0.016592566218077916
0.97,0.020188834050876434,0.02513099913174386,0.009241256725120137
0.975,0.0041245128711903875,0.021153233822642045,0.006740512257455034
0.98,0.015090120203999443,0.01607055224328422,0.023942823713624925
0.985,0.01100038461283077,0.017606536797040596,0.004422280410239024
0.99,0.02950125685646719,0.02033844194566739,-0.010010833564082455
0.995,0.010523096230091842,0.034519722578964934,-0.004531240500282401
1.0,0.012686003507992538,0.018427397793116782,0.0027435688236149914
1.0050000000000001,0.009587778882466345,0.015954072763209978,0.018591440643910394
1.01,0.022679291044033306,0.017394088039941295,0.0009187303511269508
1.0150000000000001,0.016869825823566786,0.0005248420326351769,-0.018262702401260766
1.02,0.009749434974345422,0.008450644340705275,-0.005223010325208486
1.025,0.011381328342141676,0.0007055419938146144,-0.0003408076331144344
1.03,0.013945841609118156,0.017558946487029724,-0.0073872483036993754
1.035,0.027627427968565803,0.02104329753098236,-0.02836987461637315
1.04,0.019609827289037755,0.003128615511652881,-0.01707938622605589
1.045,0.014059236656562574,0.01257590380066791,0.0013439466471851652
1.05,0.011978640973811402,0.024024166716225644,-0.0046332266379714975
1.055,0.022644936002532298,0.023885492233702996,0.006810301595196592
1.06,-0.0033120910434084726,0.008126080719790764,-0.006979587533662764
1.065,0.029559024538939993,0.01678960419834241,-0.017339090305501067
1.07,0.016540350116804388,0.027871709910965534,-0.009375498363229793
1.075,0.00852835002711175,0.02081351101918033,-0.0037386575708901176
1.08,0.013643507862720426,0.007010573598373988,-0.019924172776023583
1.085,0.009012754622197638,0.01654860934182332,-0.013701916096404011
1.09,0.023450190551257518,0.028296943619655138,-0.019151449320364108
1.095,0.0036000716330790894,0.014836989870657239,0.00577584629135377
1.1,0.027056106052102846,0.004242046283552731,0.008814075070756653
1.105,0.002425492521088371,0.01910621060561457,0.0027785800372991574
1.11,0.009909644117444733,0.01927722277847723,-0.0015054099747619128
1.115,0.027029008461422005,0.035074847962196766,0.017215117555261356
1.12,0.026102524786347645,0.015074992195431732,0.0030603239106397053
1.125,0.025373101523627956,0.02337986147347688,0.0020178953333973198
1.1300000000000001,0.028116603123151354,0.009190512369242886,0.006085191712627832
1.135,0.0178039903570745,0.020201339635922563,-0.013943058834505861
1.1400000000000001,0.013761502111932243,-0.002260072026938807,-0.008811896173253689
1.145,0.011458640522100522,0.022970626089764218,-0.015938197945321645
1.1500000000000001,0.010901124428809176,0.01452943679554759,-0.0009838284895063512
1.155,0.028280319236331012,0.026350238887333295,-0.007600577762628764
1.16,0.03348579255109044,0.003576744862809591,0.001996833741787606
1.165,0.004519279806435161,-0.007928430369403133,-0.009746385224312157
1.17,0.017779360630482417,0.0033856001498858874,0.0027711881098123835
1.175,-0.004914543057413753,0.03158721599658694,-0.017709349383535175
1.18,-0.002683831273820221,0.01106801066122921,-0.0030408496022765763
1.185,0.024768224167642072,0.013901600365830763,0.009802005167436997
1.19,0.0035551940040106852,0.008190907816667203,-0.0048871531071126816
1.195,0.001030258852864641,0.024129349595053536,-0.013982220653482617
1.2,0.0034706655328621146,0.001251088362570655,-0.025690000783971857
1.205,0.001733138939305013,0.012007473738382889,0.005277902249877142
1.21,-0.011012201998314436,0.0014801055388497953,-0.0042463447836312476
1.215,0.0011389048088148721,0.022623687258012903,0.0015447481255706549
1.22,0.004760696573091952,0.01592463857612835,-0.019158735813989393
1.225,0.01414142829269919,0.003947455741542167,0.002730000668083865
1.23,0.0027865759133499524,0.024701120361750904,-0.002965262138667912
1.235,-0.002841340923950352,0.011541089415314254,0.01020475452854552
1.24,0.011092556628805206,0.031134788105694304,0.010166339082979304
1.245,0.01180095551134701,0.0173328752630014,-0.010433187503107757
1.25,0.012483858365834898,0.031168076230945856,0.009494952676955978
1.2550000000000001,0.009889361864904666,0.008449592795620627,0.01493577645363036
1.26,0.003786211077979222,0.012941966973882314,-0.0016669272335644528
1.2650000000000001,0.006864287588593795,0.01653402922857252,-0.0067414317926927075
1.27,-0.0034630775458426733,-0.009178661344196388,-9.987718918248213e-05
1.2750000000000001,0.0032009038663277046,0.006569207604292019,-0.009990065358976726
1.28,0.015097982958968461,0.023788186768334045,0.0013815168957747072
1.285,0.012952239459011172,0.023965451392399584,-0.002580232720182391
1.29,0.013517774353942965,0.03033918036259107,-0.004655909602677564
1.295,0.025217415768366246,0.0309662043995337,-0.00925858658657442
1.3,0.012280698506694117,0.016608617425874536,-0.011140195034956763
1.305,0.02497236358355851,0.017662512416638933,0.0014359499605132702
1.31,0.0019008994734601593,0.0212701127836556,0.01313993932896785
1.315,-0.004281141673530962,0.028646436756698937,0.00918701710375878
1.32,0.00956270055648625,0.02208430378178073,0.005359868803031793
1.325,0.015183552435031385,-0.0026343248240488643,0.015895463005388404
1.33,0.00474910578674825,0.026604408191658865,0.0033425877388789556
1.335,0.0032419544356323982,0.0052731314472634445,0.0031595606449056736
1.34,0.002917101672033225,0.00786746565686013,-0.005547090024091508
1.345,0.009649246099000384,0.007073494140809937,0.010754010598543678
1.35,0.0014637141028310966,0.0035020976112167994,-0.008953199549511584
1.355,0.0245092522865835,0.0054413568029035055,0.003007590649601248
1.36,0.010857625439908073,-0.009985817118726266,-0.013299272731087362
1.365,0.01350204241556189,0.015141379800765175,0.007621523153082107
1.37,0.00684500935128408,-0.002021244210277851,0.0077920204016576
1.375,0.0042318795366820166,0.011131196789095712,0.010594202839438014
1.3800000000000001,0.007442828347786396,-0.006847006425480336,-0.0008411222847423787
1.385,0.016502716840573722,0.004135798494094991,-0.010516097543879568
1.3900000000000001,0.01386013030126947,0.012883670859204575,-0.00012917704289905525
1.395,0.025601477261004008,0.007834578061534312,0.010665077480071375
1.4000000000000001,0.02119526914793605,-0.009668140616363202,0.009507718523284768
1.405,0.007239144752721474,0.020598031606843002,-0.0018768769893027677
1.41,0.013581879105567364,0.013504508325761319,0.0011185181192243012
1.415,-0.0013235784687108624,0.004424763489757313,0.023706509109078164
1.42,0.008894714093545794,-0.010363477895522492,0.006263991280119193
1.425,0.009808201920335907,0.005069026283526168,0.004383808558456461
1.43,-0.0070102079859536565,0.000788539497893813,0.007661927446047843
1.435,0.012000187280402561,0.003508826276832456,-0.00693415591219413
1.44,0.01990846488303251,-0.00874057024798391,0.02435656572860419
1.445,0.027568325653800938,0.0015204896926499403,-0.0007753986705313926
1.45,0.02434396286184603,0.0019731506348652653,-0.01190049329561971
1.455,0.027273109196035508,0.01306215948254743,-0.01172547256198382
1.46,0.029355422154497976,0.005592143933414764,0.020680676595321093
1.465,0.013016348942373503,0.007824841541957814,0.0025987301102771854
1.47,0.010627569228357593,0.00461840775663121,0.03371383351698133
1.475,0.03276270405651672,-0.005609005434601515,0.035660513660307674
1.48,0.01143906651959073,0.011659615318689595,0.02708589666188782
1.485,0.01282981253707279,-0.0008577165851991488,-0.015569306757385836
1.49,0.020918450783665964,0.003131789635941392,-0.0009394103803746327
1.495,0.015854732159147015,-0.00961402443364363,0.014659272290407917
1.5,0.005626923237720035,0.020557968246179736,0.011421509948093406
1.5050000000000001,0.00023457948687902793,-0.0045473524555014995,0.009463110048682843
1.51,0.009420624140665673,0.006473892297557826,-0.0016905082692879117
1.5150000000000001,0.02472608012055993,-0.0016777342810542265,0.01863144983197199
1.52,0.0034880524668418227,-0.0021740177113013085,0.014661488153117484
1.5250000000000001,0.003881280082400693,-0.006791619280220232,0.010811686025231994
1.53,0.01635464002970223,-0.005070946418398983,0.01992178112705982
1.5350000000000001,0.0059067154303970295,0.011884650868869074,-0.0012651335353544395
1.54,0.014740922982556061,0.009505225605634365,-0.0007364025139446782
1.545,0.015928661643314142,0.016496944258190812,0.009815501604877543
1.55,0.009512668884334618,0.005065176188148725,0.004189092269005143
1.555,0.01394387490255819,-0.007976309625213729,-0.010462323090620387
1.56,0.01868984872274227,-0.0047431670692514695,0.013166704271001233
1.565,-5.741468615587621e-05,0.004692481875720654,0.00559387130307824
1.57,0.016316618274224447,-0.0011879818972285008,0.029036448730948933
1.575,0.03388344250870405,0.006225243909448864,-0.009771599210509092
1.58,0.00704403297484049,0.021526117404827207,0.006096970083818594
1.585,0.0336950993415097,-0.006000599402824633,0.028893765503823707
1.59,0.028347667434710004,0.009519652058516553,-0.002467780837997589
1.595,0.006469311862533387,0.013452948471189613,0.0013047932538265286
1.6,0.005187352132399587,0.004181075047411883,0.0044552833434618085
1.605,0.013435590230901314,-0.007009551227542071,-0.011497074217266128
1.61,0.0186111959751811,-0.004962448376248889,0.016640027244960564
1.615,0.029898360356594263,-0.008571864384714209,0.012652354236892187
1.62,0.029409477923287897,0.01343780854567491,-0.010060202894680306
1.625,-0.0018099790069960448,0.0093098689862452,-0.007969950138423915
1.6300000000000001,0.014780939009847708,-0.0064105527029697015,0.032512131360715124
1.635,0.02203367297009644,0.016622873130202696,-0.005269671498988891
1.6400000000000001,0.01894748520444615,0.011722480942260107,0.007005972136560228
1.645,0.023192261391742942,-0.00771867565645414,0.021570825329663153
1.6500000000000001,0.026523120994464394,0.023778090402591223,0.007236737978129743
1.655,0.0232256564807568,-0.003427851838423526,-0.006343530779134566
1.6600000000000001,0.0034198830226360027,0.01136149542221251,0.008089765924533115
1.665,0.010952220317745067,0.004981219536984803,0.006977159268248207
1.67,0.009490854204845689,0.009707261347238753,-0.0005668104550161576
1.675,0.008995017522072357,0.010286199522382475,0.006570381809968591
1.68,0.03260412236957875,0.01854411351764342,0.012943711711051777
1.685,0.021715753030427137,0.003463332849983767,0.009862894634185462
1.69,0.02003360583864976,0.005472363311067215,0.004927053051711293
1.695,0.019113562644637188,0.007020795355718083,0.01392674694648086
1.7,0.011758467492025701,0.018114663687726372,0.01532449452050122
1.705,0.013299297308696013,0.0010385965088241418,0.004154387327547665
1.71,0.025573765085569227,0.00023251078252791574,0.010951615505474145
1.715,0.017274017284943977,0.007214894158735915,0.01070853860696704
1.72,0.014371421659139091,0.0102356356161607,0.012025736749278874
1.725,0.011958181239844509,0.012426937893029915,0.02005812706387724
1.73,0.020233781995721605,0.006576614069316568,0.00669568058916845
1.735,0.04063956550510847,0.031098228633517258,0.014022094918706908
1.74,0.026097151215615295,0.0057017217889788864,0.00845832461146438
1.745,0.024426177400519365,0.01016005465963416,0.030096071476426692
1.75,0.004585713317021541,0.007162454711112229,0.0020541541085133622
1.7550000000000001,0.02635465053069821,0.017408415569789792,0.01258486735585634
1.76,0.02352903085077716,0.013391840335927831,0.027274531634840508
1.7650000000000001,0.021363949817475355,0.004114623733924053,0.006412388161760381
1.77,0.0359186229437849,0.009680181406061363,0.017106991792175487
1.7750000000000001,0.016615586921521954,0.036127810578326515,0.033956437177137526
1.78,0.02347422726091378,0.04330260383436933,0.021354315397116182
1.7850000000000001,0.033652324165030646,0.0220880997708656,0.02092428211548273
1.79,0.030903931652814142,0.010069926262749261,0.03049123635890783
1.795,0.03063926114628112,0.010490285677955503,0.03828093802587141
1.8,0.029167819475274255,0.033191326100425134,0.0054718434201046365
1.805,0.04085603876341839,0.02113077128351416,0.013821534178028316
1.81,0.02383585304901865,0.038633190053870045,0.04566057213575292
1.815,0.04004191479832885,0.007838112049661387,0.012025000569814419
1.82,0.03480092573770664,0.02079041936216422,0.019333824351161974
1.825,0.02510002419126555,0.03633478376606083,0.03252280851349601
1.83,0.0430891818582857,0.02729398255772636,0.00668737846255131
1.835,0.01615538416170986,0.02643816784246954,0.015776580010370668
1.84,0.03477699713418729,0.0050199029652829505,0.015997706109037228
1.845,0.04025508696316152,0.019627869268583585,0.005613035103391805
1.85,0.0034668434863200977,0.028721310376681897,0.02419269668395447
1.855,0.04091103382855139,0.016440143020502538,0.01046310280143085
1.86,0.04864589690007819,0.01960097637465877,0.010170561516774819
1.865,0.0333876603751624,0.031061348179426438,0.012453908301048207
1.87,0.018831322137479015,0.028587685750019166,0.030170156180829043
1.875,0.02802346633088037,0.020454058996908032,0.005948388930494439
1.8800000000000001,0.036269248852499665,0.029469609441094512,0.026363838353491455
1.885,0.006291075184544148,0.02765775003556281,0.011953277633241747
1.8900000000000001,0.020783430577804674,0.03728537207387548,0.01981843708607621
1.895,0.022698956313474978,0.021220227432960547,0.01901479060419203
1.9000000000000001,0.040908713728001464,0.022799809138433758,-0.00288559551846588
1.905,0.028395008748218,0.028410156275303494,0.01734389404170059
1.9100000000000001,0.010822224732425018,0.02922288387003218,0.009874337501745132
1.915,0.01467877881744242,0.01620752914650106,0.01856984999395236
1.92,0.039646490580550406,0.015018868363793838,0.01661432498236526
1.925,0.004259413400401948,0.010353915412065234,0.025239034354895655
1.93,0.028525985691607754,0.016755626094692402,0.02510650276760308
1.935,0.023206177866166723,0.009925099812319982,0.027656487023215007
1.94,0.03537928638779807,0.02678275186128038,0.01304782844783298
1.945,0.04145561221462289,0.034043434571363794,0.000653673550439975
1.95,0.03655104370246395,0.04023992090505239,0.004193292943952361
1.955,0.03399393888949901,0.023580529933382235,0.019339888548735265
1.96,0.03516646950528035,0.020221587478977548,0.01229900192193232
1.965,0.03170769093271285,0.01546713914879461,0.010010426833698842
1.97,0.02958639550700852,0.008267814774804398,0.01712054744357526
1.975,0.029275413557408012,0.04255802047193509,0.014875326871427402
1.98,0.0465241397404098,0.008214877873090979,0.00683772035633781
1.985,0.028805951645064456,0.026523535832865305,0.028146711261987097
1.99,0.0425578678384415,0.03280990007415546,0.011451126959356935
1.995,0.027543634053735975,0.029066467252570026,0.0314114105110074
2.0,0.02493752683115466,0.019408318267778453,0.005220118380704743
2.005,0.029960651405014166,0.022153347832957516,0.025962880982963184
2.0100000000000002,0.02605387826610614,0.01792363715370025,0.016737756370615274
2.015,0.04012878980443668,0.009012678606899917,0.03479770326207749
2.02,0.03838898758250453,0.007948372101250824,0.018239320618842026
2.025,0.028143604783229668,0.04145416487264326,0.012661125091938024
2.0300000000000002,0.01991603160487034,0.025552873629205677,0.030599295524893228
2.035,0.02641052501019394,0.013079853839906334,0.02964197622793455
2.04,0.03742116313496697,0.015148091098064328,0.0012059956580983957
2.045,0.023731866828484834,0.02128696264909456,0.01395372450035434
2.05,0.018073539554309653,0.018293607562639702,0.038693224549902656
2.055,0.031688789705311624,0.006610092682984135,0.007051598587383453
2.06,0.03064874534140611,0.015607618344068735,0.02078006078845084
2.065,0.02502910904175027,0.03273291388208782,0.008191938621764063
2.07,0.0142823324703221,0.031265817135010164,0.013115495759149496
2.075,0.03345351993093943,0.02129083852599422,-0.002649822300165861
2.08,0.03465457576292145,0.019070036918213865,-0.011064191223805663
2.085,0.03324736276801707,-0.008812206758581973,0.02008392779388566
2.09,0.025369740343390866,0.015849814586919923,-0.009697325932076197
2.095,0.0170577725445235,0.013810330303939982,0.013281981251964052
2.1,0.05742279109442012,0.0007259300016124867,0.013774304475918419
2.105,0.0235071908624564,0.017776713827681326,0.02193499134842167
2.11,0.028195751321499853,0.031068297541204888,0.017072315939493616
2.115,0.02435478283266176,0.03315755233771345,0.027972924464365535
2.12,0.03912535696898772,0.017450581037056316,0.006568673725417834
2.125,0.03383876574462076,-0.003321058224526816,0.01654823455779913
2.13,0.017006245312392157,0.029899766604888862,0.013412131017979272
2.1350000000000002,0.034980732825632715,0.02337570257470494,0.022436307989044627
2.14,0.03368396020046849,0.0013033031675442133,0.007936175438496612
2.145,0.03746119634043687,0.024506370756446655,-0.011899901870746634
2.15,0.023835591728027194,-0.007542539713831486,-0.006061246569718653
2.1550000000000002,0.047411889944622886,0.0024734829893768373,0.004164078575642259
2.16,0.02691164681599982,0.031180002349373338,0.01844054984757089
2.165,0.02622651855551897,0.014100977251077049,0.015591328150924313
2.17,0.052371598280846594,0.021782148378169358,0.01576210544188272
2.1750000000000003,0.011585170741430144,0.010274589710071462,0.009275742822189452
2.18,0.032447560369713656,4.794382241900437e-05,0.013934454116451576
2.185,0.030800753851832195,-0.009266577239652221,0.005079062501751792
2.19,0.020749823090694418,0.016316986571334527,0.0044352009795099855
2.195,0.02151954131023627,0.012742299315319176,0.03131373752016388
2.2,0.04068500712573595,0.025198586454918744,0.02021534980533215
2.205,0.047968931388433375,0.014487621506909113,0.013933619731689821
2.21,0.023920144730947675,0.022015850569042063,-0.0015560449747497292
2.215,0.033789918171797,0.012617504018349907,0.011424804104596719
2.22,0.028815445366260666,0.027113338783027456,0.011199062431693524
2.225,0.037310086281135656,0.027684249505267607,0.011787032156547734
2.23,0.04959168549045213,0.025744281538143197,0.0023370550092038163
2.235,0.034202214721559314,0.00907041366732848,0.007792608787250381
2.24,0.03905828925553038,0.0018217595885510127,0.007830256626005108
2.245,0.04186657097562726,-0.0002588668827305518,0.0066340392268534575
2.25,0.03825255995299355,0.007049006162662404,0.01444707763827832
2.255,0.0390401236096176,0.00347718732660148,0.017729562596396242
2.2600000000000002,0.043731897542020455,0.015127551806438582,0.014440065630123977
2.265,0.024252206908694573,-0.008054596668523994,0.01718118541642112
2.27,0.04767889244198708,0.020025421380953083,0.022950796759202925
2.275,0.02110703739293343,0.0284306183686033,0.017319322321853764
2.2800000000000002,0.03127187906794188,0.020046607009289,0.013073223990639546
2.285,0.04350254355826392,0.025313239563961795,0.018087587592002824
2.29,0.02624397122162833,0.003957858846308691,0.007050747016657347
2.295,0.05009104114594912,0.020878896974644155,0.005471756671175067
2.3000000000000003,0.038289259297446435,0.014124559012380892,-0.008258150742972965
2.305,0.04016376277673716,0.011932708904352088,0.007572784797770456
2.31,0.04268860823060926,0.04501197231640384,0.004566280853819135
2.315,0.02605687179386707,0.030405852447275904,0.004318885819937282
2.32,0.04962866314883697,0.016241001740382708,0.011572195168280848
2.325,0.049417002201578505,0.013349872545484434,0.01607953902311427
2.33,0.03565871934086899,0.009778908467081588,0.014311480783742246
2.335,0.022470293031826134,0.02869603007749285,0.013577253215224312
2.34,0.033782976658607515,0.020445070064995557,0.01731741801992678
2.345,0.03757860287277904,0.01514511067243524,0.00768322322138403
2.35,0.06810903158687943,0.0012901999523203013,0.007525176665806659
2.355,0.04375664971929902,0.006798706921644427,0.01660834082914973
2.36,0.0565913632071471,0.010801083325273193,0.011674601738930234
2.365,0.036315487299977106,0.011568769221570074,0.00846080931165619
2.37,0.04069028823709264,0.02291013887015457,0.0131777600589362
2.375,0.035821970141998435,-0.0019042186588602511,0.019426548844969655
2.38,0.03293786942577075,0.023635107285976932,0.011432527825591877
2.3850000000000002,0.03143213445860084,0.016697049611196092,0.01456794939523138
2.39,0.0492208262773928,0.026854568304633807,0.02692435668114221
2.395,0.042183827518930295,0.012706011293872015,0.01337606336313171
2.4,0.038355430160163975,0.00754363459885195,0.01022716950815303
2.4050000000000002,0.04522699856683594,0.024060219703232147,0.003920786301109563
2.41,0.04747415525437591,0.012438037184712241,0.026909743012756244
2.415,0.04365247959006443,0.01102484870910361,0.005656602449683504
2.42,0.017764773440109415,0.016073999184578334,-0.001393095285585543
2.4250000000000003,0.044414050715161614,0.021593685973593686,0.009643190966256921
2.43,0.05975693431186942,0.004759143064405506,0.002140934395815165
2.435,0.016261250822472612,0.02910882934970751,0.02641808939909108
2.44,0.028604873853132137,0.017123460122073414,0.013508931435150999
2.445,0.056995648297310166,0.013936492158995499,0.007923545263749283
2.45,0.04205901436698993,0.022275946501155407,0.010431735383030164
2.455,0.02918605503455461,0.017416975636149,0.0038360306430858665
2.46,0.034591057169406074,0.026982721439564136,0.01507004182133717
2.465,0.04051998282066196,0.028048394153819232,0.012901701078781462
2.47,0.044280192770675866,0.03575950716927369,-0.001769671741871472
2.475,0.04128444047012979,-0.004085498262533698,0.008809603294635128
2.48,0.033427654315688074,0.010280687596714987,0.015294657333938377
2.485,0.040950795143683355,0.026675384366175663,0.015476033032299184
2.49,0.03587822858781155,0.01888746412299517,0.011464819480262204
2.495,0.02282729740449227,-0.0010642544839928828,0.017730162178180235
2.5,0.03717594676343445,-0.010690980226992643,0.0015382734429736787
2.505,0.03887573761407449,0.014978518341286945,0.006400694829129779
2.5100000000000002,0.01822365243519244,0.009681863327485524,0.008370682662562402
2.515,0.03869724263648518,0.014854287011258899,0.01973309768992237
2.52,0.04972532613823546,0.02005635160890064,-0.0028586711944426904
2.525,0.021001019203581755,0.01469569586836642,0.01982959044868506
2.5300000000000002,0.02439726593055158,0.006527342082672595,0.014790446467151075
2.535,0.035100551344808585,0.00694824604079933,0.003608505101600629
2.54,0.045833995433913546,0.00955413038316254,0.010547858711735626
2.545,0.029615545530503058,0.0030186800116907353,0.010848290932151955
2.5500000000000003,0.03340540989689312,0.009650724582984762,0.0015936506276288235
2.555,0.02037908031003853,0.001497139321009356,-0.008913791470439879
2.56,0.030136464288694605,0.0038306169024316717,0.00356053016847121
2.565,0.039975408884276996,-0.007024810161405927,0.0005426742881552765
2.57,0.0365254205913091,0.012230230306345635,0.0010354263096396463
2.575,0.05365732266377555,0.0028545231881574908,-0.007277291573903444
2.58,0.029322936974886575,0.029315185877889966,0.005694255364264533
2.585,0.029884309746943664,0.007895340851091335,0.010979624795618936
2.59,0.04760055788755137,0.009935361630451302,0.019647365831237357
2.595,0.038273351991600216,0.008954607886172994,0.016444282792636565
2.6,0.02595879923806473,0.01873674977279876,0.008473127463986844
2.605,0.053743932111621116,-0.011905643771536328,-0.0018274538854137446
2.61,0.03475688442859109,0.007939939413033706,0.0050819140740954016
2.615,0.03989534276294424,0.022790124918924452,-0.0115383830786735
2.62,0.035734172364731386,-0.003484751841000685,0.0012866424593120443
2.625,0.026436542126451558,0.008227222706137132,-0.00196900184279699
2.63,0.027521487936489755,0.01874246364347841,-0.002215278005758617
2.6350000000000002,0.03402041708356168,-0.007961154033107067,0.01345323270648213
2.64,0.03876910402844241,0.00942586282900571,0.007838635175559338
2.645,0.0418642697031172,0.003921910869081729,0.010949507672212054
2.65,0.04446974691023756,0.00582086165669614,0.0085315177013377
2.6550000000000002,0.03180323702432934,-0.0036259294098856523,-0.007435052916652547
2.66,0.02645984377630184,0.014550557013743404,0.007907098205799113
2.665,0.04821140940050561,0.01978485193447666,0.012219325184698239
2.67,0.03050455563986674,0.01498898208883897,0.0170701958585157
2.6750000000000003,0.039249444078238396,0.013838678856084752,-0.005175969874560903
2.68,0.033620693459321005,0.02581598539770282,-1.8708391739057084e-05
2.685,0.04066927971077675,0.02257056913195768,-0.007823989883996817
2.69,0.02779675870113829,0.009210795652992853,0.003105735223086544
2.695,0.03301350771380524,-0.018722180282979044,0.014087432426917701
2.7,0.03129825790873422,0.025346240232839216,-0.0024056499157642953
2.705,0.029676233570496435,0.010599247871108263,0.002499449811565104
2.71,0.05222107741804428,0.0033645061991098507,0.004245792086277376
2.715,0.03343758717860462,-0.00020572931238379047,0.0038715983479635334
2.72,0.03702257327667961,-0.0059042571557111866,0.007211819560038794
2.725,0.04704868463392078,0.004663072811306738,-0.006220838143139776
2.73,0.03154120430461809,0.02477781169657086,0.021372328637636554
2.735,0.03651061528508017,0.020116313535076223,-0.003286118272521451
2.74,0.039447701137995825,-0.008202807957365651,-0.0032510913680762043
2.745,0.043513251619513235,-0.008126708975595065,0.019520575592009072
2.75,0.029657577813713316,0.013002465965138195,-0.004012338053143143
2.755,0.02873885463802195,0.009161010108629844,0.0020309395084386755
2.7600000000000002,0.025301586018184125,0.02366247716363977,-0.026784999904802896
2.765,0.04941052153811437,0.011319480848685837,0.004592300420626794
2.77,0.029908369252090148,0.019917064970538304,0.0022265466290500874
2.775,0.039745714134944585,-0.010826661706301446,0.0020492370951641203
2.7800000000000002,0.04104548533767707,0.019224240925278746,-0.013985133696195178
2.785,0.04192516869669238,0.008968124431717133,-0.012368839363355416
2.79,0.05406916636564752,-0.0030557481497884764,-0.007131387470035061
2.795,0.0437091546608441,0.030502478072771455,0.0007153924216026925
2.8000000000000003,0.040909623818846795,0.018522691796457758,0.0041987387090219735
2.805,0.06270104968651276,0.035251399772135976,-0.006700548243066217
2.81,0.05869276423418404,0.03465920257636363,0.006594145789815414
2.815,0.03522164206425066,0.018383635385636476,0.013439431164560863
2.82,0.05573805655161577,0.0316323036416907,-0.010802745761888938
2.825,0.05820282477519381,0.022836027330585013,-0.019307502402170006
2.83,0.036200346104015395,0.0491858573578924,-0.018128516048419224
2.835,0.053807005869541305,0.028308636492001115,0.015510431403189119
2.84,0.06020608259154166,0.04579869525576942,0.0023895204614485348
2.845,0.027266108365856884,0.022496128691594293,-0.016432910859678983
2.85,0.05394254173062449,0.020670201377301446,-0.00788346464396951
2.855,0.06348853764143139,0.04013201718451931,-0.004894396394320922
2.86,0.05726991417832831,0.03264122597482691,-0.016309557044398657
2.865,0.04807799449702277,0.024385963719154812,-0.0007987708103553495
2.87,0.05355043504046143,0.019418002899834426,-0.006967580934316453
2.875,0.05444013498878131,0.02957720077874137,0.007232301908470795
2.88,0.06230344127005898,0.029512484382878762,-0.012256836981183862
2.8850000000000002,0.05538816636548488,0.014737558156731969,0.002469634310386798
2.89,0.04847499828436947,0.03833905638808612,-0.007435774379956582
2.895,0.053489304438946596,0.01769740055660341,-0.015869768654851367
2.9,0.06714675085313578,0.02132775202896633,0.018739490767125947
2.9050000000000002,0.05889128631232954,0.015557015737359813,0.01575175965323661
2.91,0.05048956930262961,0.019196124405300517,0.015080950558823176
2.915,0.04564011550986765,0.028184326688402817,0.0037642055340595046
2.92,0.05988640905100628,0.013128773333112943,0.012806056169884792
2.9250000000000003,0.05727588980220323,0.016386650172858393,-0.001868217359642245
2.93,0.04479318304945431,0.03539656330448431,0.008688784284786585
2.935,0.039953564180166,0.04689813530302177,0.0013141368162921524
2.94,0.06331594100485534,0.025162895623044725,-0.009007001541368416
2.945,0.05955600806900752,0.01871596482509434,0.017308760968816984
2.95,0.06750761135648267,0.03376656199636567,0.017237960355338575
2.955,0.06997803755930126,0.0010461051514850956,0.02358523379291768
2.96,0.03133498080249471,0.019959593703715986,0.014971865237247
2.965,0.050977196717776174,0.02916611545066617,0.006758682711449802
2.97,0.06229744424301334,0.028248305277060723,0.006647862554450176
2.975,0.0365774025911932,0.03749035590598018,0.014944017146571092
2.98,0.041637480459567874,0.021949618587076072,0.01573102396904814
2.985,0.04698043882207133,0.02819211991297243,0.010076595709442821
2.99,0.05069049679720386,0.019899647268078854,0.010245333060073905
2.995,0.027879422119158996,0.02229531045123464,0.011063125305992393
3.0,0.054967334134970056,0.0277154356242308,-0.005116090858275973
3.005,0.07413159855184698,0.019547647139290747,0.004177463439358152
3.0100000000000002,0.05635137506456228,0.028493836358608925,0.015282198116395914
3.015,0.051315231896752564,0.03736600721308061,0.021566417528704515
3.02,0.04076392768653811,0.027620549654268856,0.013800351294825042
3.025,0.045118910761677206,0.02459092021466658,0.01483686524685894
3.0300000000000002,0.0553139654050218,0.03563670522534705,0.021827144974109244
3.035,0.053391293102144105,0.027575420127295,0.006965968669680434
3.04,0.05823471137776401,0.030349524927634985,0.006556138591415937
3.045,0.05330571609336243,0.02797091336343988,0.006905885318403056
3.0500000000000003,0.05839716043704789,0.045549536963036645,-0.004746944966818091
3.055,0.05862031212669258,0.017405981451438297,0.009497755079682911
3.06,0.03796817863177321,0.025493128733428093,0.00788337667674303
3.065,0.041147670418191645,0.023898644550855698,0.012791231279639284
3.0700000000000003,0.05717935827765647,0.031949558802120054,0.01999152307213685
3.075,0.04919554387512265,0.001883275367748483,0.01960383231917903
3.08,0.049856389952165917,0.009445653194626424,-0.0008755063248656551
3.085,0.06413536361876414,0.025953463038066893,0.00431122725217117
3.09,0.06024418427723003,0.01913564954878908,0.012995731467041867
3.095,0.04811365320378045,0.032910662493910184,-0.0062799259869231
3.1,0.06341489078466611,-0.0033229894141938165,0.0021421644897592707
3.105,0.052191206754251235,0.012445931780389139,-0.0009303925865164061
3.11,0.02476778731703306,0.025454774765455747,-0.0059391641541719714
3.115,0.0476539737847019,0.019330471871361717,0.01175091687232268
3.12,0.04206076912012728,0.007614780371785766,0.0029233195502509045
3.125,0.04282639911699773,0.024575067127539735,0.018232138723765487
3.13,0.04192703764049176,0.030219325707441597,0.006775641202494076
3.1350000000000002,0.06541075620307205,0.006890720930693403,0.014827128844344811
3.14,0.04981518290480758,0.01983077651258655,0.00271440217733062
3.145,0.045712001848681405,0.02137156405507648,0.0007757040984602125
3.15,0.01965193154725387,0.02549710282722743,0.011944588802364112
3.1550000000000002,0.05492175889399532,0.021087586488280123,0.002428282354982502
3.16,0.04834221317907929,0.025536203229155632,-0.007043807269626947
3.165,0.06087840396215637,0.01370665171999759,0.014444754875069552
3.17,0.04300533570340449,0.021732782397286564,0.0021518062431674628
3.1750000000000003,0.04849078322309999,0.01535623098231177,0.01403480506681077
3.18,0.05152172560853792,0.033468728293416086,0.008923200279763914
3.185,0.04801096487041154,0.040449629159588926,-0.00280375487973926
3.19,0.05205733633180985,0.004091533777700527,0.006114090663042998
3.1950000000000003,0.04707711337080937,-0.003723690915965182,0.0044343914202076475
3.2,0.05632387393602861,0.02896463902631951,0.006068660715474147
3.205,0.051977081390364166,0.03512749910940183,0.004751086090331442
3.21,0.06798102118356299,0.024292235032207687,-0.004234163302432715
3.215,0.046192733359037,0.022907826903060684,0.005876950585855842
3.22,0.045886227904942595,0.04263517792451724,0.010050247127952114
3.225,0.04924225292037542,0.03481738534650418,-0.005325516392231637
3.23,0.03048039773708322,0.015766641488694173,-0.024243955422559332
3.235,0.0331427487411985,0.01865923419848608,0.002922963625721373
3.24,0.035326123588187,0.027579684657546153,0.009526077562329302
3.245,0.040581060129970384,0.024880669718485876,-0.0019115963177529886
3.25,0.052230306496208065,0.01964053887319312,0.0029301379690562495
3.255,0.04043840668129599,0.02623004257200655,-0.0010348992629760374
3.2600000000000002,0.0520034592451937,0.016344010204907028,-0.0022079718366439047
3.265,0.03206629760559369,0.016370401203310445,-0.003781882734473392
3.27,0.0357339479385613,0.02633529924652944,-0.0155180399460823
3.275,0.03586521197393068,0.03264893380110213,0.018492536093806373
3.2800000000000002,0.058513935095529546,0.02405375734239462,-0.009454032556668409
3.285,0.04108149195252343,0.014771730346742118,0.0020834185879694492
3.29,0.05292685542830884,0.04080654175411487,0.0010565691676204794
3.295,0.045146175481039386,0.04217163206990967,-0.019582915261488816
3.3000000000000003,0.03419381642209983,0.024312469056215466,0.008343321904924638
3.305,0.042079796988186036,0.02135738542249392,0.002772176820991891
3.31,0.03151472066473517,0.010282257533309754,0.022832848658250783
3.315,0.07163791882782587,0.025983483149543223,-0.0004202094914266012
3.3200000000000003,0.042169346899436855,0.042543931235689926,-0.009017849753194274
3.325,0.0423655127247696,0.03921063004982777,-0.014356589638656136
3.33,0.029423402119051752,0.021075440408954565,0.014045022282748836
3.335,0.04791439740672183,0.0308117742072146,0.019649053962822953
3.34,0.03128983494087415,0.04950502519924588,0.008343092519233384
3.345,0.02628821224878349,0.04968556332222564,0.004101493420671671
3.35,0.023723297248445623,0.03824301282004621,-0.024896080135948347
3.355,0.03838839540052852,0.038852664344433005,-0.0030663513200944598
3.36,0.01461881243265504,0.025579569263094838,-0.0016955863760006124
3.365,0.025274265655914785,0.05680728344701592,-0.004335179820043493
3.37,0.05113947830172805,0.044749551853854194,-0.002322673269749071
3.375,0.030151468761627803,0.04643999498137696,-0.010691347043797227
3.38,0.03804516518223647,0.02960782950070659,-0.00855080657613455
3.3850000000000002,0.032751934839175365,0.0452495341000197,0.023324544425172046
3.39,0.03904625681003338,0.03275581571645907,0.001457798492086361
3.395,0.040371965335936955,0.04426024723169225,-0.007669622550598893
3.4,0.05933763280665542,0.032339184309216215,0.00861019643292279
3.4050000000000002,0.04126094642554319,0.03377692469035698,-0.01103606326921004
3.41,0.031674710184569715,0.037185631944735564,0.006344499585521237
3.415,0.03352510577163233,0.03377980847325959,0.025899593170706333
3.42,0.03853564988667268,0.04910472359268146,-0.006746043700435812
3.4250000000000003,0.034005693031659755,0.07027954025710294,0.02743769803901564
3.43,0.04527695235318174,0.054460609853327575,0.00036376475328957734
3.435,0.045661014259495425,0.06905942687279192,0.009370525125583947
3.44,0.04436700570338796,0.0674954323821311,0.014106734341251129
3.4450000000000003,0.05354532789207804,0.04468794283538584,0.019602884144710744
3.45,0.036623429217008965,0.03493168953139653,0.0024443003090422587
3.455,0.03615816350014662,0.05890507634885438,0.019268330662358127
3.46,0.03133235032819121,0.027661755912580112,0.002356872701429957
3.465,0.03344679933834975,0.04335502137328124,-0.010184169910189868
3.47,0.045952606223076974,0.04858294016403202,-0.0031863071788679267
3.475,0.04395399721308389,0.06002025882578365,-0.0029959213187184097
3.48,0.05104658498798425,0.03994663643866063,-0.02172039585450077
3.485,0.05683256607630342,0.05221535616881695,-0.002976657003865452
3.49,0.057478941358555226,0.06991418583325804,0.022715183514712356
3.495,0.04316222036529579,0.06302282694923297,0.006170807456612224
3.5,0.06531335193307743,0.039273618576199945,-0.000313532169345954
3.505,0.04407845044189815,0.04994303687480402,0.005290270957386925
3.5100000000000002,0.03838469144788301,0.05169313124153289,0.0045805682096787485
3.515,0.035218743408069894,0.04350759402263571,0.006415005923318718
3.52,0.053979110458161596,0.04306090692130356,0.007144529191132454
3.525,0.059341180427736465,0.06857657459987501,0.006678087933971944
3.5300000000000002,0.047485439383640145,0.05241829590451302,-0.0008313968206028286
3.535,0.04897879680383497,0.050834424571630836,-0.0035484365549519545
3.54,0.036746197929628396,0.048822154875465054,0.012021292312352936
3.545,0.051133094090551987,0.05153785452268431,0.01050052600983763
3.5500000000000003,0.0544892913354333,0.0628846697662634,0.005930882878480034
3.555,0.04299225254456508,0.048817629253278025,-0.0023274245004434434
3.56,0.058764584370475346,0.04426530782004112,0.0005565231000816007
3.565,0.03673188368016525,0.03678482034179126,0.005885783271729774
3.5700000000000003,0.03480536662598374,0.038713849390548845,0.023146108909379078
3.575,0.040110883378448016,0.0425475119923326,-0.010188392036252223
3.58,0.059842985400016264,0.049719464693448165,0.014226894375740835
3.585,0.03447026427325908,0.05469047861028519,0.008572288752729322
3.59,0.03484374367942994,0.050697941800812205,0.005473707264970616
3.595,0.042973734276197995,0.04099288318875866,-0.0019486017778675927
3.6,0.0573538887606249,0.048951884690050615,0.018281547733508846
3.605,0.039290925290307026,0.038495210687984525,0.00041569429103226717
3.61,0.04051273013918039,0.07594120326232165,-0.0016797190481201612
3.615,0.059556242344923245,0.036963597074310676,-0.01644313246295201
3.62,0.04599371395302852,0.03464483119548182,-0.01839956116316737
3.625,0.04127763840895059,0.055629901743834836,0.001496318134322312
3.63,0.0519404275448031,0.05813321263510837,-0.002434900033237459
3.6350000000000002,0.039449319875705005,0.049012956805804773,-0.0101099293570454
3.64,0.03710060270270335,0.03749635540399193,0.0024555828476729574
3.645,0.05658836997185509,0.028661904993865183,0.006293941196491182
3.65,0.03326441034165823,0.039429414349142766,-0.004824764473898758
3.6550000000000002,0.048038104378176516,0.04972773917881591,0.004063697867025011
3.66,0.04091234998640504,0.053684460967498786,0.005239617522320867
3.665,0.051012915331736006,0.023940677014618408,-0.0013872151916214468
3.67,0.05600237666855121,0.04171480956646388,0.01206308257233184
3.6750000000000003,0.05534467088355356,0.05514397546224749,-0.004352408211120517
3.68,0.049636744673813196,0.044973391180410396,0.006189054812948236
3.685,0.053251467332550886,0.05085272670451782,-0.0029732232477959666
3.69,0.04449320011903782,0.042622354037114174,0.0012078985980084073
3.6950000000000003,0.05185308744844307,0.04482473274698786,0.0005712008809040832
3.7,0.04683871279155033,0.05422433445323743,0.01535215887492591
3.705,0.045991437737059146,0.04344057485956789,-0.006083147641168378
3.71,0.054274471590873584,0.05665909817366017,0.010475769973554669
3.715,0.055087116690824445,0.043222081478311275,0.004176356609850808
3.72,0.03335455886642475,0.04766277227855706,-0.0002899482996476261
3.725,0.049379244682101045,0.04993204034670659,-0.00478169441628685
3.73,0.06107515892866097,0.04309906193828161,0.0032645260837927265
3.735,0.05661051139957045,0.055218010331565266,0.003259848195065704
3.74,0.054529694040750684,0.04457266444100173,0.008045066217610537
3.745,0.06012771309837844,0.03526015869691608,0.0011836545910633416
3.75,0.04078884213534259,0.04414925196914905,-0.012417211225170111
3.755,0.05717773531063197,0.036316868759898945,-0.0042789087602909445
3.7600000000000002,0.06630375639755756,0.057301965994860427,0.00469107485994223
3.765,0.06272354587269027,0.04612835178591189,-0.007381990434495822
3.77,0.04261783414995034,0.03565721299671765,0.01068539413838038
3.775,0.036128184474619476,0.033583711579878765,-0.011596597279040853
3.7800000000000002,0.039161676561900984,0.05253095173354095,-0.0026140101208075098
3.785,0.04966476245730789,0.037631201389407745,0.004430083221546347
3.79,0.03908220506735756,0.025328093098856433,0.004974424798679322
3.795,0.04218694133944374,0.04015379374602502,-6.936983808881678e-05
3.8000000000000003,0.04163756847494984,0.04484072705673072,-0.0004067518296451116
3.805,0.04784169339813193,0.044781435415629914,-0.008029950646632155
3.81,0.06307741809179189,0.050651184506406266,0.004541167628979744
3.815,0.036385354872753586,0.047549340251059696,0.00010489021038137362
3.8200000000000003,0.04864934479602151,0.03831893699191013,0.010779694857917733
3.825,0.04492125202438778,0.0589155257501318,0.0076386826532840076
3.83,0.04519439279459303,0.05712516239472455,-0.018348657737119214
3.835,0.05097348004913345,0.051983810342485406,0.02585757484499238
3.84,0.04562169077697219,0.05677273683710503,0.0009594827760447538
3.845,0.041483636147400534,0.054291880885826496,0.007805690983910662
3.85,0.04106723565022691,0.048877623616601515,0.0014607728162749946
3.855,0.057304159450865505,0.04628242594379946,-0.0014559195810510718
3.86,0.04393836652510272,0.051817809632835825,0.015828836304564685
3.865,0.026447646042288987,0.053013153926038635,0.004172490646976388
3.87,0.04265031813889631,0.03415559796177515,0.009483615265009883
3.875,0.05287698476447509,0.02974159021962921,-0.004354138314356536
3.88,0.050048098048258716,0.04642737078923377,0.00225086123531683
3.8850000000000002,0.03957191245739619,0.038438582047760975,0.009773140106792751
3.89,0.061666130504349416,0.04182255533010762,0.007039263521994725
3.895,0.06145676829679256,0.057257459154782905,0.005109112600648572
3.9,0.06412502977526015,0.05396122635160669,0.010310209031146407
3.9050000000000002,0.027817601074218403,0.0467301311333852,0.01213746502711388
3.91,0.055996149932720625,0.057144925102573595,0.0005118448142250112
3.915,0.0447862624186711,0.060752216047926216,0.006345454412216262
3.92,0.047087313135803104,0.047254454658851065,0.022265226271993156
3.9250000000000003,0.05394822953566594,0.07198852884365592,0.002958957321127006
3.93,0.056454704104314204,0.05810227519558199,-0.0014694353295347812
3.935,0.04499417130712838,0.056982029471299364,-0.003428723456617583
3.94,0.07335027109718642,0.06255423365783158,-0.0022716860373806153
3.9450000000000003,0.06080917886176515,0.061292477270404405,0.01717060741598361
3.95,0.06999490580232691,0.06170921753233828,-0.0012506133607676512
3.955,0.06696921544150553,0.06520343129664712,-0.00890297998304136
3.96,0.06473529439970091,0.05151964914004702,0.013089585698807292
3.9650000000000003,0.07362212997228937,0.03990375145764429,0.010698318382900578
3.97,0.05842178254344364,0.048071690329478486,0.0101493280232589
3.975,0.044809001357252576,0.054119509788252085,0.004489671690060882
3.98,0.05720730013895846,0.043900361078958006,0.020137084811653126
3.985,0.049927104484753876,0.05932754375415644,0.026049987923278742
3.99,0.04919009557511501,0.07793399501424969,0.00809530653631376
3.995,0.054321048395691296,0.06310797476244182,0.006456546712168136
4.0,0.047963983767680705,0.058903367309870905,0.008884223154514174
4.005,0.0703567687358738,0.044414430690478915,0.005579041091846974
4.01,0.07039546403485429,0.06773036578750317,0.01364997464177644
4.015,0.06498856376606615,0.06941557247892194,0.014188418964412874
4.0200000000000005,0.05393893361414395,0.07105503529318868,-0.0011068311979696727
4.025,0.06705656638956348,0.06826506012710769,-6.713418035687695e-05
4.03,0.058409238598948976,0.04186804969681354,-0.010954465422484422
4.035,0.04826446974134542,0.0654140751701564,-0.006501461830389422
4.04,0.05555718140669287,0.03683852167099026,-0.0032491309209194998
4.045,0.051843229556643305,0.054358926111949465,0.013557725501136313
4.05,0.06760425149235752,0.05920086222449146,-0.011207285989224445
4.055,0.07305483114766186,0.05558493007912753,0.0018567244983580412
4.0600000000000005,0.06562172275682632,0.04952525890655672,0.0006612693971158341
4.065,0.057928564926957304,0.03914870585074403,-0.002869679804115053
4.07,0.04865665650724104,0.058563077574408345,0.008836621513812294
4.075,0.05843712081192032,0.06179123609024312,0.00445348850378942
4.08,0.048804245975078785,0.06342331623986892,0.0016069265704597574
4.085,0.06406153284428072,0.040472212596256926,0.014380721713286844
4.09,0.0698242287884209,0.03747825628861432,0.006627634400132575
4.095,0.06271473186221735,0.05034550159481222,-0.002190475886527242
4.1,0.08127776051638622,0.06709421601656707,0.018616151415709704
4.105,0.058296756511512234,0.03681659619486069,-0.0017042344691125472
4.11,0.050042118846250816,0.04883373986539642,-0.00042169686385732166
4.115,0.06010616010246164,0.05280909799919623,0.006125581320789289
4.12,0.07428535912607025,0.0714726343142655,0.0025624337625437792
4.125,0.06713145075385846,0.0584994607678716,0.0011745209751044382
4.13,0.04059781931544209,0.04997874383116141,0.009278279927966222
4.135,0.06533620856938196,0.05637105665646204,0.0372866725688535
4.14,0.05436256943207245,0.051169363059054694,0.01966702075216715
4.1450000000000005,0.07840278587635685,0.05156521934357001,0.021450663415241798
4.15,0.06171502181207074,0.06231452086604117,0.02277370854429213
4.155,0.06532288361249376,0.06795450617976122,0.002272200736099856
4.16,0.06459328547490062,0.07691674088052966,0.029305723660985356
4.165,0.05230940529253954,0.06913575818972767,0.013192549646422143
4.17,0.08330567736086096,0.0650915039487171,0.01822061518773701
4.175,0.07659517746682937,0.06462865484779944,0.015266505939602246
4.18,0.08303561963806129,0.06818158410657718,0.00988545800225667
4.1850000000000005,0.07596101052660151,0.06449867605068599,0.030731590801928447
4.19,0.06176856264420039,0.05586030254899246,0.01699997692016881
4.195,0.08798870067640688,0.058794692474590654,0.020301140510014522
4.2,0.06234873461746787,0.0622028925552384,0.022815501547844654
4.205,0.06977936234727376,0.06850443426318209,0.009213611109360855
4.21,0.06741604635662692,0.06531898087739416,0.004689629225927744
4.215,0.07129501168998653,0.055710961628929856,0.022034158434447663
4.22,0.07436084083926511,0.06139291152452554,0.012056322876228332
4.225,0.06061617279320952,0.05767936665111071,0.010949717688945763
4.23,0.08034777755920454,0.05737335277477157,0.023173221988610007
4.235,0.05738065148274106,0.05844593390822081,0.005473199711738685
4.24,0.08396463271168816,0.06034610182575775,0.015209176519562089
4.245,0.06355450658482317,0.0647098105058438,0.022602741468636722
4.25,0.0748625247795827,0.05255454376519102,0.013973519671848067
4.255,0.059199067348857784,0.05849717445570915,0.02601952247957031
4.26,0.06878510596497475,0.0628940679340417,0.01465685004912192
4.265,0.07357184103595682,0.05685398535563705,0.019941911702396987
4.2700000000000005,0.06067495463380885,0.058635957390761814,0.024443753507867857
4.275,0.059783981466571545,0.058438125869701166,0.03050780121482635
4.28,0.06243970333702132,0.08453446910621429,0.023787142704615974
4.285,0.07076916531144911,0.07912846760781847,0.010992141452191566
4.29,0.06396138201951818,0.07405811623991873,0.01041054816747156
4.295,0.0532702031237756,0.06406358543276403,0.016719555091154414
4.3,0.06418663380217984,0.0820396600447616,0.022835112876381552
4.305,0.06695547358389858,0.06101338028357049,0.013046464512692459
4.3100000000000005,0.0829484298340642,0.08047163408507531,0.00839147984485414
4.315,0.06788047360780426,0.0749185793473976,0.032847842791296815
4.32,0.06249498899484032,0.07032247597475488,0.012844292565927444
4.325,0.0766521553042246,0.045897534016104954,0.023158120892373544
4.33,0.08048427132122125,0.07659622794632553,0.022893732848258214
4.335,0.05608769007103919,0.04514848055046433,0.01309964082106469
4.34,0.05548612729031009,0.05983694261873051,0.026391478017731937
4.345,0.0798782224372256,0.042379078667355366,0.021546426576961087
4.3500000000000005,0.06642108902037193,0.06090892801775134,0.01689247673473372
4.355,0.05540270382896796,0.06352369639466388,0.02052209228350608
4.36,0.07316856069654833,0.04108247079123442,0.0056740713405664155
4.365,0.06116035696317959,0.06118827678092556,0.03126585165986805
4.37,0.08633309643269821,0.06470014696175726,0.007883383998321827
4.375,0.08224894512650127,0.06949411799868367,0.03329668730051402
4.38,0.0642672091374768,0.06159264169759895,0.030034464217790383
4.385,0.07715411884774832,0.052663309449043516,0.01813177358286612
4.39,0.06317344849345968,0.07120872226675817,0.0339141535690917
4.3950000000000005,0.061389179764640894,0.07608755968027982,0.0393218878049161
4.4,0.054938032671989254,0.0705902092577549,0.005886011431674266
4.405,0.07185325742054632,0.04497538639671638,0.033401172516027186
4.41,0.08031983170962916,0.06626220041100622,0.026628063061765
4.415,0.06113285331095712,0.05662288780870271,0.021179975100706606
4.42,0.07108889258438683,0.06461087728152114,0.005008097257241719
4.425,0.08015183681342357,0.0398799944885566,0.024311744286727964
4.43,0.06788419376816479,0.04415391448587336,0.004312423582666619
4.4350000000000005,0.07342842779675277,0.05979142210170664,0.02523188677032567
4.44,0.057885803529307,0.05379332073680615,0.025068688904559395
4.445,0.05764081917211854,0.04825918410685496,0.015417471653904537
4.45,0.07340820971929854,0.04451692627977498,0.022644368411046622
4.455,0.06920118726026642,0.06191508443868552,0.023703846034180936
4.46,0.06640007776635867,0.06857962955379204,0.03115671310814784
4.465,0.062045842196516376,0.0714047661820392,0.023935277275077764
4.47,0.06717587577875456,0.07398874364199766,0.011469532595297947
4.4750000000000005,0.06882777939678478,0.054129903237293456,0.017483911272165448
4.48,0.0483828979087703,0.06403138965026348,0.012613559542835872
4.485,0.06997503203412997,0.047660569762459505,0.015357796870097907
4.49,0.05777290727095322,0.0767386221644181,0.03699904624397503
4.495,0.06965160877737636,0.0564923634763642,-0.001961730650122063
4.5,0.0634734554642495,0.061212290206270774,0.023151514485749928
4.505,0.037570678443292135,0.058394668671693184,0.03260500720589352
4.51,0.059574789319376376,0.05746094680524734,0.014037043137136987
4.515,0.05100277242877152,0.04849253595310482,0.01438337393191696
4.5200000000000005,0.05522776483655158,0.06336477588136014,0.03561506890734617
4.525,0.06075720654765811,0.05732898720407002,0.009501604953995286
4.53,0.05597806881198372,0.06090630664194462,0.011020435590886833
4.535,0.046619722134949915,0.07215999850089672,0.021074165732304025
4.54,0.07054282325660076,0.060818408936407636,0.026916763426010463
4.545,0.04775096384434819,0.07707985436452933,0.01960643462559046
4.55,0.0656482937937293,0.05809963851100919,0.03575449617676279
4.555,0.05661974408001892,0.07542694385979738,-0.0009018733911217343
4.5600000000000005,0.039615111428317154,0.06729734795769454,0.023526259756117527
4.565,0.06441116588283319,0.05424606436268534,0.01799192327910911
4.57,0.07004189145698585,0.06616835284488462,0.03584167110193116
4.575,0.07008216415470787,0.06268862083910189,0.021915562908925434
4.58,0.03519643462717026,0.04007708449108603,0.021380278593645583
4.585,0.05795029422983616,0.05914569389230814,0.01286997573908213
4.59,0.05678381658414851,0.05918572159928263,0.02488677693956821
4.595,0.06568636395432295,0.08645929606450126,0.023426496363186434
4.6000000000000005,0.0538734626467441,0.05939420918135033,0.03727563787669335
4.605,0.051990952340598647,0.07612965638717267,-0.00200480246300596
4.61,0.06910893940801512,0.05247140522736632,0.007180548020577791
4.615,0.06333225638686237,0.08087726768591307,0.01759914002422966
4.62,0.06028224482881501,0.0656242177310042,0.020777570752240695
4.625,0.06441198210294119,0.07148992772636183,0.023933485838861672
4.63,0.05387196695909973,0.05680094981388767,0.026456517823315484
4.635,0.04451439717660388,0.04909629411027741,0.015455061294356122
4.64,0.06405186242769459,0.07329641450314525,0.011817969823574696
4.6450000000000005,0.06064875848241609,0.07314818890345273,0.01385587304839738
4.65,0.05319487731276157,0.05424030928566689,0.009905684317466322
4.655,0.0633493032623292,0.07283210702845411,0.034609259104303
4.66,0.058289172649536966,0.08299392387462101,0.0199219656532236
4.665,0.06093032663957635,0.0517179026304447,0.0052118677496617236
4.67,0.03243150086798294,0.06940389909144047,-0.00717105927667363
4.675,0.0733774725123241,0.07949541966406884,0.01973471205066508
4.68,0.06193413678558783,0.05773901943824525,0.023699172562652478
4.6850000000000005,0.06795499093926441,0.07644366686037132,0.00844822366245051
4.69,0.06543126969969192,0.05733432358265386,0.014723494565497838
4.695,0.07499478283163494,0.0653671231329914,0.01792392781379075
4.7,0.041737197941377424,0.0681900690354752,0.005279290809745645
4.705,0.06694397891696063,0.0640125466934007,0.019786368562448697
4.71,0.0635724320711381,0.06064789285641374,0.0063308752319142705
4.715,0.06935561289223897,0.048828826647420324,0.004000402536946922
4.72,0.05305000223798613,0.08182632991459968,0.021830817789324143
4.7250000000000005,0.052765030609161476,0.07155879676823107,0.015017467977536059
4.73,0.04554724277035746,0.057198323716016616,0.02857754600434169
4.735,0.06475337091322951,0.06024046566510046,0.024271569359279904
4.74,0.053132928654746274,0.06423719302923066,0.015983168598244658
4.745,0.06409184525341183,0.06098744279749796,0.0009266582689698606
4.75,0.04235824316224681,0.06227703551857352,0.005588353687212767
4.755,0.06548965564707757,0.06701615785194176,-0.005414690547510772
4.76,0.07369224189073179,0.06363468020341204,0.006746583096766047
4.765,0.07525837116796404,0.06427968691470155,0.002511959226438284
4.7700000000000005,0.06323986066754281,0.058969994444035306,0.01441772236937255
4.775,0.06012655895599983,0.06497069452617403,0.01767953815252994
4.78,0.05967444072933789,0.08403127075963981,0.009671435951871973
4.785,0.06862589544198543,0.07805880332391689,0.006172477366574939
4.79,0.04875004783986255,0.09578613505891936,0.03143348504403895
4.795,0.05299851845567026,0.06955592476081734,0.005041601945618279
4.8,0.08171142325379549,0.06145036531097957,0.023151932304966996
4.805,0.0683629283562816,0.08381773653619226,0.0064332120467418515
4.8100000000000005,0.05238066263377433,0.06702375663949231,0.007482345389248006
4.815,0.06509684914914461,0.049031127581380195,0.0013688307574934479
4.82,0.06854487202002499,0.07386987916660931,0.00848017912378444
4.825,0.04950025565652396,0.0600438242572443,0.023822070043495198
4.83,0.051168323760230464,0.05331551123439219,-0.003728321125708867
4.835,0.0614200221795863,0.07514428077141704,0.025716256341362664
4.84,0.06492055955213369,0.05764220438431443,0.0012192678537859183
4.845,0.05868325443199478,0.07237438542328722,0.015968323529737864
4.8500000000000005,0.059089080260812936,0.04209085927983809,0.02633633521100963
4.855,0.0733114405013211,0.058573352432462075,0.01458305404294561
4.86,0.06226908428923457,0.0711109216989168,0.01699761870848298
4.865,0.05792195203061788,0.07061094808923235,0.004079314597565364
4.87,0.0601448388730854,0.08032235172330164,0.002137157301162377
4.875,0.06549720463714927,0.06836637056034417,0.012381638243142815
4.88,0.04262404600411281,0.08179600143886145,0.003560231727198741
4.885,0.04049728776148563,0.05376661704953897,0.0010126479974728216
4.89,0.052265701916152235,0.0645186930910278,0.0004861633431440717
4.8950000000000005,0.054661713078951873,0.06645084897223207,-0.009798124662087872
4.9,0.050230516169389144,0.07598898142337498,0.011055228637153455
4.905,0.050407822234913725,0.06906515332774599,-0.0076511578283129725
4.91,0.07040541370279682,0.06637135652631443,-0.004835168246157417
4.915,0.04926528202052463,0.0801018902961535,0.008396729053781879
4.92,0.06316168858148127,0.05995992184932461,0.009760927670009302
4.925,0.06124257415924314,0.08133464888288508,0.03333387397735259
4.93,0.045442310219300515,0.06361242727243256,-0.0012278768068626992
4.9350000000000005,0.07638340720428677,0.06809026315069,-0.001829301318021847
4.94,0.06878968616668697,0.06900802751020771,-0.009737382724513736
4.945,0.06280924539353469,0.0605800492786687,0.01044280528796805
4.95,0.04530547162776485,0.08459876478125858,0.010651725773697133
4.955,0.041816385202998324,0.05501507586392657,0.020158857755068472
4.96,0.04861288991475457,0.06449774945906156,0.018139197523545376
4.965,0.04222795698032783,0.07770941167360529,0.01881738083208281
4.97,0.05099048667153578,0.07435486545290479,0.00937600098973187
4.9750000000000005,0.06292526481621952,0.0669397549945995,0.0185185058734144
4.98,0.07396230540437473,0.08273734127104597,-0.003533804635842944
4.985,0.06983318388660009,0.06818700521032112,0.006503726704559945
4.99,0.05282461706036694,0.0651018175633838,0.03105908841871206
4.995,0.06643819004628279,0.05814364930866021,-0.0029839423805316703
5.0,0.05105734747452753,0.051016954400839684,0.023440400146928667
5.005,0.05796006517967327,0.060702796377568646,0.00800878790307084
5.01,0.049162084516291546,0.06608652278924493,0.001746284803334948
5.015,0.04867745423483451,0.07915746541460594,0.006769293021003906
5.0200000000000005,0.06617919297517809,0.07521200550599189,0.009112451598566607
5.025,0.057553996368602284,0.06468098339137403,0.00778448241711845
5.03,0.05397905590782932,0.07619119478297515,-0.013154168802231105
5.035,0.04482241907037883,0.0569887387416234,0.00615484507602913
5.04,0.05631666561080621,0.0556398024840286,0.01520823583729156
5.045,0.05165793103787576,0.049227274817544485,-0.004116040824667799
5.05,0.05968827768828851,0.05053129665290968,0.008312667708858294
5.055,0.048146629773001715,0.04992874296939079,0.011876809559979027
5.0600000000000005,0.03678141097823073,0.05984829274472446,-0.011483831060020823
5.065,0.03243647938981212,0.03450561693179991,0.0025719281995916048
5.07,0.03941510109214121,0.05518185275198145,0.008442147244213709
5.075,0.050239999194193224,0.04473707602905655,0.02284601932577174
5.08,0.06141709860758357,0.06515642291315911,-0.012642875369066824
5.085,0.055397559254177824,0.06152432247950099,0.0022200678384417197
5.09,0.061314891097792,0.07172873749759885,0.0034551073542014865
5.095,0.052846644731269835,0.060149675572534075,0.013067225601327372
5.1000000000000005,0.04728347876707868,0.04472214224179727,-0.006999388337534046
5.105,0.05396068017258826,0.056137617134143676,0.013117164760837957
5.11,0.039252491339566764,0.05763201594867384,-0.010513023828002753
5.115,0.055589928354730714,0.04179175960940648,-0.0021120925040581367
5.12,0.019261102440368248,0.05591073175512129,0.006490606683773584
5.125,0.043173307583423005,0.06830384292182717,0.019869005059136705
5.13,0.04874135903181177,0.0360482023066772,0.026063020087307726
5.135,0.034949165051351386,0.05810715032398195,-0.0026362425835177745
5.14,0.028478602600803732,0.06921967910557533,0.0158471101989962
5.1450000000000005,0.024869934393551132,0.04411908196541803,0.014098609625760709
5.15,0.04601917691716885,0.061831345550591194,0.005470066034890022
5.155,0.050216013320847894,0.053086415607264875,0.008792567045471928
5.16,0.049138225776985026,0.03321933557692899,0.030755867015020984
5.165,0.041508133911649966,0.03663880820276191,0.021634960937876153
5.17,0.052407963898584854,0.05103929845490937,0.019319881504522136
5.175,0.04870430631555232,0.05269429535181587,0.023077316508674145
5.18,0.05209687041993984,0.05593609635014103,0.014128312911724658
5.1850000000000005,0.03266929392351387,0.041602125953879035,0.02050009983730356
5.19,0.036108141348226874,0.043608700832743735,0.0208633496723803
5.195,0.04387820453467353,0.053277522933111984,0.013300336041100392
5.2,0.04503058552777832,0.04742473600400007,0.017666345877739527
5.205,0.030617681867193446,0.06428010852135714,0.0148733296828315
5.21,0.045212772330699126,0.04942578861617694,0.022297929171683238
5.215,0.01854308004681251,0.03877527715948447,-0.004198847368134123
5.22,0.0351248798556594,0.0469418814268007,0.01240773070349899
5.2250000000000005,0.035441255390353664,0.03981295828234989,-0.003850066538875684
5.23,0.02134328883932056,0.046407219750506476,0.009673560011984403
5.235,0.032409215434857766,0.04086975904329681,0.022289206691868763
5.24,0.02607845084995853,0.047792537157536424,0.001791924130197766
5.245,0.03364330315487013,0.04391505655672627,0.014264824794203865
5.25,0.03630680836484191,0.03699908627112712,0.024233532544316025
5.255,0.041660532247866144,0.036117414077280016,-0.006708050301313166
5.26,0.029697007296280616,0.04025703818554966,0.018284561744320364
5.265,0.047526893302632274,0.04587484373073065,0.016847435854509405
5.2700000000000005,0.05190402189279192,0.043408601545067045,0.0036383440022630612
5.275,0.05257061716904419,0.058140081585088876,0.0029102786371618984
5.28,0.0384253413361994,0.05106032572174961,0.0019102297426287843
5.285,0.04144076306970317,0.061965361702222,0.012743640639788573
5.29,0.042679443843499754,0.03145979221376787,0.02567699345602164
5.295,0.037817665066866395,0.043184073351682804,0.01581529272105421
5.3,0.029158030581352683,0.03760051367233174,-0.00125382940033194
5.305,0.021740911883601728,0.054598377312637635,0.006852854145950483
5.3100000000000005,0.0320454282486257,0.04466343582182687,0.024986734117848155
5.315,0.024482932294269517,0.04224655795121269,0.003630580973882089
5.32,0.033716404756784224,0.0331749042213036,0.004387706416101537
5.325,0.047010329796851755,0.03895767901620303,0.014933310135195369
5.33,0.039056405736711604,0.06124181920005352,0.009311649897275872
5.335,0.04537517591446903,0.0627369694076776,0.0031739613180620744
5.34,0.03390845953901279,0.04972507539199886,0.009169672868423052
5.345,0.021119185735317087,0.04219960757190908,0.004851812598039953
5.3500000000000005,0.05284633635197347,0.06435706912675868,0.024459652780305402
5.355,0.04266759145174564,0.02472049253735127,0.022530951663733208
5.36,0.04028263982944381,0.055754807983598956,0.013139854647275582
5.365,0.048100999245738615,0.05522305306361047,-0.008710966918152022
5.37,0.03960602226285872,0.058303476112382124,0.013647960484806565
5.375,0.03235812656519086,0.05063582332104501,0.015007598359794861
5.38,0.028409067366593932,0.04690274324832734,0.005333432654547969
5.385,0.04996425104200147,0.05420523821498288,0.01822398989232312
5.39,0.04855474794540668,0.051957778206786834,0.026125838720589892
5.3950000000000005,0.053880072041168715,0.03798253624559351,-0.0007838967301549513
5.4,0.040483917588858206,0.04718117671336297,-0.0027562010660451067
5.405,0.03725526151781796,0.04852260317320159,-0.006761504132310569
5.41,0.028332075553227497,0.03642954348528978,0.009186411898176455
5.415,0.06033643694468652,0.044442800739718485,0.016375741542671463
5.42,0.023477807530142798,0.03535743338335323,0.008615280400162875
5.425,0.043903193724196876,0.047236328000100525,0.01765937266263288
5.43,0.04153805610967975,0.04451283961380678,-0.0019153977955761355
5.4350000000000005,0.04515008029419366,0.04674456960904731,-0.0013860714676472083
5.44,0.03588595117809223,0.05562643193810952,0.02979210800267436
5.445,0.03316850906478035,0.05112081231383577,0.014339619039513783
5.45,0.03762196804837312,0.046568826749870826,0.021351071650668865
5.455,0.03155894700307085,0.03758356421090435,0.014698703219574763
5.46,0.048083812808767175,0.03808242652387585,0.012201183193618034
5.465,0.04856626883777013,0.02583485250311716,0.017914540489670054
5.47,0.04988717238321691,0.04110170725760062,0.0007329954827506591
5.4750000000000005,0.04237536161622361,0.03808581770453483,0.012780472073367329
5.48,0.03664084232082171,0.020387444080156795,0.02619679942507998
5.485,0.04516210246542061,0.03912925838305936,0.011001820371560377
5.49,0.032930478003543706,0.05371656042603927,0.023349203595584025
5.495,0.030843541252143076,0.046788022986120996,0.006295757901301045
5.5,0.02608169064561662,0.043584709245234055,0.009199452934196588
5.505,0.04300505172179317,0.022203437569713477,0.00430362842935423
5.51,0.040934998679929564,0.05981552221318298,-0.01405098303201217
5.515,0.02200747060280233,0.019468149652681732,0.0069646472915194
5.5200000000000005,0.03663427405504109,0.04568919879815839,-0.004395831856334504
5.525,0.05079204473286341,0.035833940895487526,0.009582457329092027
5.53,0.03913387235518437,0.025644218936826908,0.016609804662267438
5.535,0.04175236244608849,0.05059884273401316,0.014765348880896055
5.54,0.03157093330805889,0.04088140993904136,0.029370358690361177
5.545,0.04584866829185773,0.03805244826213093,0.026080104376131466
5.55,0.044221942052374445,0.05187002318436193,0.02590109397515744
5.555,0.04404443570665792,0.04462386769749514,0.011470301986879476
5.5600000000000005,0.04595831235410105,0.03378060199964828,0.004379096901312855
5.565,0.029161475165266525,0.03972338066287304,-0.00845258505665723
5.57,0.05544681872208384,0.051736654301221846,0.018635391883816813
5.575,0.046931424345406626,0.038117054608123424,0.008607332258171112
5.58,0.035427994661026224,0.05054476279091044,0.010373531899523744
5.585,0.03068140731199718,0.01474787556391957,-0.006479825494532512
5.59,0.052027446096117695,0.05115197129644885,0.017938908107364177
5.595,0.03321028383805326,0.03309071216100314,0.007217532834891656
5.6000000000000005,0.046710674872427096,0.0517220763019179,-0.0055490757225939245
5.605,0.04489348162054378,0.05907087842872635,0.003951934959674568
5.61,0.04371870292933089,0.04255774176447584,0.011418373387530632
5.615,0.03855352634281405,0.03519567504045499,0.010524408901276152
5.62,0.037426581002961,0.044712972985580274,0.009398398464732578
5.625,0.015748956809441453,0.03177866035463073,0.007955551416156639
5.63,0.04697537768028967,0.023153725510888887,0.00022247116325763844
5.635,0.045097000548101375,0.05390853990666998,-0.007011458021603449
5.64,0.037031070099000474,0.04694327026269672,0.006917557789809504
5.6450000000000005,0.04195557606051215,0.0484765018206283,-0.018156171394196216
5.65,0.05067323437034795,0.02897352380504022,0.007738298383352021
5.655,0.035225129015842085,0.037613293992354864,-0.003048787567415591
5.66,0.04899227545874947,0.054469757825783394,0.014070248503412318
5.665,0.0479859123150244,0.042024938626413134,0.020458372813417634
5.67,0.05244611749146912,0.034989159230700916,0.0007480098380070709
5.675,0.029201755791380617,0.05057128127350949,0.007500247963004039
5.68,0.038202710194223374,0.04941333513227783,0.010621789892239192
5.6850000000000005,0.04076464796938569,0.042813702846196344,-0.005529208308382411
5.69,0.05201924828630302,0.03727284212013503,-0.00555779763618504
5.695,0.026407137003069635,0.026095712583895075,-0.0027914098452025814
5.7,0.053401567442857165,0.03358625532260662,0.027745546257030292
5.705,0.0440060891013474,0.037110642611502466,0.003979533322858879
5.71,0.03750281661715174,0.038537621097466626,0.02393289086268585
5.715,0.05224704706428507,0.05316574212378675,-0.02445774747055717
5.72,0.040386810944198506,0.049319427104030124,0.003972955298585332
5.7250000000000005,0.045748332048265325,0.043373857394992436,0.01091699385504672
5.73,0.041121855921156844,0.043403990356188124,0.00826246464963976
5.735,0.04379129743663066,0.048636725748364376,0.003949428352856953
5.74,0.049612621222596215,0.04134989714815693,-0.004230983645068119
5.745,0.03595882196345361,0.03609249685531954,-0.009490791783562633
5.75,0.033190350289635705,0.056953185663518154,0.002576492647824391
5.755,0.030280146624104772,0.05097859508305557,0.01611813086496209
5.76,0.04154732760780209,0.023599344880900642,-0.0023084438375304845
5.765,0.02781043653113762,0.04690665010771376,0.004198515954386996
5.7700000000000005,0.02296167575803611,0.03592091839877403,-0.0036082402008507774
5.775,0.05573194390778506,0.03723834521821519,0.004042137212120111
5.78,0.03179438406876507,0.04420427874754993,0.011224563295406702
5.785,0.05570141579849767,0.03005951413692736,0.0013378935125448986
5.79,0.03334195117339552,0.03787772265627549,0.015044267395372662
5.795,0.029121552597850247,0.02759922861627998,-0.00209719886213389
5.8,0.04359201093666748,0.024172830059160447,0.001394022813850218
5.805,0.02365189272935812,0.03641289030398278,0.024782898414944146
5.8100000000000005,0.03608316352737928,0.04655774586047043,-0.00485288847985728
5.815,0.049300867175018186,0.03893490912699664,-0.012072897698131838
5.82,0.03815293363048983,0.02706595219085814,-0.014642395641211422
5.825,0.020871904740212353,0.03554188410817746,0.00017451349642845504
5.83,0.04456557612313193,0.036232317851376636,0.004817904357395052
5.835,0.024286918937598524,0.05284657341524923,0.004874588908706758
5.84,0.05375234097177527,0.02753603751718425,0.008379844922598998
5.845,0.02423751368770473,0.05251554146161293,-0.005869202899546962
5.8500000000000005,0.04729502941298605,0.03474291386743713,-0.004834972352294149
5.855,0.04067051726599869,0.016980199779105684,0.0015001010137595076
5.86,0.04870562268071248,0.04099681388978599,0.011281677178319103
5.865,0.029311830068107343,0.019305763736718818,0.002324643111608578
5.87,0.029066555422804806,0.03699586680511363,0.003541508241013954
5.875,0.051663457296917514,0.03652481685169298,0.010167312675184306
5.88,0.04039809980388876,0.0411821547700612,0.019107258286294723
5.885,0.03134595248252474,0.04924530572911283,0.006572386879509829
5.89,0.025907740649792576,0.03730932588925588,-0.008038406810753627
5.8950000000000005,0.021507763884648413,0.028537736680981342,0.010567659763518464
5.9,0.05863038433091898,0.022084496338383667,0.007947942582440144
5.905,0.040282202522646755,0.048210679620282165,-0.004273770566347651
5.91,0.025609215466464438,0.030147719649499152,0.023529186200940615
5.915,0.03661470601815512,0.05342693760321014,0.010761198856803197
5.92,0.020949653976206874,0.04188019740700001,-0.011597652371153571
5.925,0.05342927703812971,0.03830542104816421,0.009615885619865403
5.93,0.03198560305621976,0.03739131865806301,0.021467345669974863
5.9350000000000005,0.03301459430710811,0.010014866973565205,0.0007158272996650693
5.94,0.046766171018680386,0.03666990380213639,-0.01403136615065886
5.945,0.03260579511074711,0.034469965861737575,0.019031703413998177
5.95,0.040739112683240986,0.0392854242212279,-0.006930986047276265
5.955,0.03183647233282021,0.031155989805080664,-0.006362024497598848
5.96,0.04860431080651398,0.054274955211664026,-0.002917342241181361
5.965,0.032498361628480917,0.03783313002262814,0.002316791792399086
5.97,0.04928153041306845,0.053215332170966814,0.027027193672437392
5.9750000000000005,0.05260780473423738,0.04600089380116319,0.018243715419049462
5.98,0.029315209094925954,0.06492366050354187,0.01924121835222762
5.985,0.04697734352819418,0.03866792058453565,0.00877642612545879
5.99,0.03138734444290554,0.029665918268357568,0.013952117675300912
5.995,0.02954880996564935,0.028427054288432025,0.014695175099665517
6.0,0.036530429786312685,0.02880009723106339,0.008478066752077615
6.005,0.03475231233404752,0.05240122666756099,-0.003650485432698811
6.01,0.04373577082555451,0.05170090130544249,0.0218842142949868
6.015000000000001,0.027608721508771243,0.03325394074581765,0.008819880781790822
6.0200000000000005,0.034651965229532795,0.02097179024629989,0.004815975965508019
6.025,0.05155284388724739,0.04549491795885225,-0.002690278669940588
6.03,0.04505155783970092,0.029828841094256257,0.027219886090272705
6.035,0.04628985497530271,0.03580284240386134,0.01659253161698685
6.04,0.041373899171713024,0.038124379160610525,0.018559767874787997
6.045,0.05163780004130668,0.02254590071100927,0.010396180648202158
6.05,0.03459455820727457,0.04807488013100071,0.01601107783836174
6.055,0.04547231572323356,0.03899513291395071,0.013626874186140954
6.0600000000000005,0.0441014589082743,0.03437870703762745,0.01832679176911117
6.065,0.044185929507278024,0.03939817759215648,0.0024389394595955884
6.07,0.0428283850401042,0.03898449557082811,-0.0033780408728649736
6.075,0.052623827335445926,0.024963993717094193,0.03384256967777756
6.08,0.04104002498581595,0.029188985175879117,0.0043618723547710955
6.085,0.04258263535838895,0.023331508506169156,0.01047278213976315
6.09,0.039236612813743056,0.02587093074612618,0.021751252149595557
6.095,0.053925514519461704,0.03678426267024723,0.01660309512977327
6.1000000000000005,0.053433950605085524,0.018485167501825068,0.015431721000500111
6.105,0.034510733194859165,0.03764708002257715,0.01370632247314266
6.11,0.05795682148414001,0.044693597587692604,0.02764076766258111
6.115,0.03404510520553073,0.049647990194449626,0.02211303058705511
6.12,0.029884421180455343,0.031003659672026257,0.021650356425861605
6.125,0.03522773046216414,0.02886129827159284,0.022782239768776268
6.13,0.033239486700055616,0.032988177059133914,0.007316437466485767
6.135,0.03831030141939349,0.03475810336275888,0.004512790676340632
6.140000000000001,0.05626962673459006,0.04163357372631683,0.005826194283640073
6.1450000000000005,0.04456109096337501,0.029893458898011947,0.0013138504606024937
6.15,0.0418727039110567,0.02526735063624716,0.01762172215609818
6.155,0.038795911757030434,0.035929268921534765,0.011668710718947217
6.16,0.032975358242988834,0.044457008102778243,0.02974155219072979
6.165,0.01500773871561513,0.0085401039221027,0.0013144940076517397
6.17,0.049625954855544885,0.032750452999696054,0.030907410110416814
6.175,0.03549246513947802,0.027652180602825663,0.011696952292593866
6.18,0.04409098600179173,0.027242955064728527,0.0035916089777849533
6.1850000000000005,0.029913644274222818,0.0355766578682975,0.02522177521321066
6.19,0.02983764517207956,0.040028676311401556,0.002622536530629327
6.195,0.04802721907224699,0.020610039181233827,0.026326379622083423
6.2,0.027519735981303056,0.028444376085279194,0.011104898355083432
6.205,0.03276768161609203,0.038790016589764595,-0.007891213011473665
6.21,0.03674732855667265,0.029007665808412932,0.03378570758136458
6.215,0.03737605534307774,0.025346622846970125,0.01454336668052807
6.22,0.030070800865286046,0.037617046808343296,0.020995334878792446
6.2250000000000005,0.03595837868391886,0.045745608987492366,0.018471126306302404
6.23,0.03835079795191215,0.02368570645768417,0.02048826407158076
6.235,0.03825029444162421,0.05411165642872441,0.011235036202603469
6.24,0.04484029878629194,0.03454462333001688,0.017144170774730075
6.245,0.02851825251515938,0.04427982283319464,0.005447642166827185
6.25,0.021478235845353622,0.014935573458907322,0.022176060288166353
6.255,0.03985594581226444,0.01577352046366083,0.016579538395365582
6.26,0.04978909224908058,0.009812060391129303,-0.003079238496594386
6.265000000000001,0.043382195633715134,0.003680444349117253,0.0032732696934121893
6.2700000000000005,0.03360915897197013,0.01570087091590175,0.03580971447519186
6.275,0.026962952486329548,0.008967069163418358,0.03906775235261512
6.28,0.04588147259116758,0.026531761036099888,0.022091407494980633
6.285,0.018250040597264885,0.035905106560922335,0.02540125149184364
6.29,0.033979755550499716,0.024472080326719776,0.015239817726413992
6.295,0.026603179468029807,0.005688507657416075,-0.009012953465311242
6.3,0.05135957984398474,0.026138253756652068,0.00933897514892427
6.305,0.03815501183091119,0.030257425799459912,0.023240622023990035
6.3100000000000005,0.057394120999070784,0.028713174512211212,0.002514136173687103
6.315,0.025066844535117858,0.023266956359581675,0.02362053335874848
6.32,0.049970302437434576,0.05753637200489677,0.004886699641218115
6.325,0.02446531926199855,0.03802716682079627,0.009777804505099581
6.33,0.02116566782897735,0.02260980549904773,0.02405442167075447
6.335,0.0425793525838266,0.03863390332750496,0.002939948260507216
6.34,0.05452903400383839,0.04413717810767123,0.01594724183445651
6.345,0.045003496640678695,0.027127810348921116,0.024464368355368426
6.3500000000000005,0.047042988583442684,0.00971386466337909,0.036264721420574846
6.355,0.042416268962628505,0.024845530291286458,0.01800310720520323
6.36,0.02250060072971842,9.074724934405925e-05,0.006980670020226194
6.365,0.04463122069634858,0.03144509043787601,0.01744361166570986
6.37,0.06291796955144177,0.01674309602876316,0.01999877094036754
6.375,0.04670328258977878,0.02353093207568162,0.015071312851461738
6.38,0.048319350744565566,0.028721969597829123,0.0206027031543128
6.385,0.018235016006868093,0.01795563274015382,0.019291501224982695
6.390000000000001,0.020257884617485487,0.020381596334385788,0.0059320043033246166
6.3950000000000005,0.04292866289956074,0.030983477788397145,0.023134972362884282
6.4,0.04552878226338657,0.02247237969283102,0.012834550213529937
6.405,0.03630810614103858,0.005276514471672765,0.016584815171278036
6.41,0.055827799606110895,0.03232660325093091,0.019963544980573122
6.415,0.04650919241776587,0.009253217087601429,0.010066221027865285
6.42,0.04610303354911599,0.0022557248201270953,0.02052679656053639
6.425,0.021589122606856116,0.0039607522337553255,0.016510817331663614
6.43,0.05157522656052777,0.03643982975456474,0.008043060759723039
6.4350000000000005,0.04361031256010088,0.027315518468051775,0.026976184954702675
6.44,0.02667379102679803,0.018266158680570358,0.022735628748185868
6.445,0.041262175826373614,0.016942696401313302,0.018128617043131828
6.45,0.04767178656694429,0.02918545474611159,0.023195221955414416
6.455,0.028734134411951686,0.009601269471983944,0.019792863217701094
6.46,0.041596322840179924,0.017064373396032582,0.016886682836284778
6.465,0.03666821374265115,0.03325161106764319,0.020001067822298817
6.47,0.047698438387343306,0.006165419184254464,0.02796535440863364
6.4750000000000005,0.03628898170037208,0.022365671786761757,0.0044088564321289915
6.48,0.04795143129466869,0.029607071284429656,0.03326228905818554
6.485,0.024106825825280693,0.013209246760079861,0.028057918308858253
6.49,0.031793884728906145,0.03654927465339785,0.013965871625549313
6.495,0.036829744106494804,0.020302912490590148,0.024152401695525877
6.5,0.035324624104288334,0.019905425208797387,0.026058080551107716
6.505,0.020533251918407523,0.014151293049548788,0.0025386585444262862
6.51,0.012502871408725021,0.02951779511145295,0.04054578749546498
6.515000000000001,0.03563033394573466,0.022742620401273752,0.010732953715672986
6.5200000000000005,0.037165247613253315,0.03110264779159423,0.030136901709019982
6.525,0.019983550133561623,0.04139626515325025,0.009259528024199931
6.53,0.036095572779398635,0.032864908509034924,0.014439421460958352
6.535,0.04184795593756112,0.03988081437088051,0.033963483150814905
6.54,0.04119308876988694,0.03334579190052201,0.030876704555354323
6.545,0.03897090212309336,0.04697009812566311,0.020234076055336166
6.55,0.03497970178969949,0.018193178018407793,0.00996219522826805
6.555,0.028618630507787443,0.03422976001834579,0.010217839778044902
6.5600000000000005,0.03315416839142881,0.03090790657280552,0.023794655923915727
6.565,0.04545072251369755,0.03122867685916913,0.02112213413340858
6.57,0.031152737690036215,0.015820623155035442,-0.007352733232006387
6.575,0.018943860825231695,0.019417769786778317,0.014429536451703593
6.58,0.02786754251624855,0.0343571566699364,0.006727675213611132
6.585,0.035108243350340455,0.024255423829832132,0.003700896494458928
6.59,0.022462299189937928,0.05699292996678297,0.02448798757850526
6.595,0.03807501068606705,0.052053387273542265,0.01585014258081167
6.6000000000000005,0.0439202250711788,0.025996824080574923,0.015870459700222675
6.605,0.05362184509621344,0.04685994241762115,0.02279696571083449
6.61,0.033956818901881916,0.014808463974900252,0.017706521267437134
6.615,0.044973743993146936,0.01922101551539968,0.013139382207308016
6.62,0.06924515298360691,0.02383186811487368,0.018259687445425568
6.625,0.026685601757361944,0.027394346140866957,0.0210835361059639
6.63,0.04899382379866143,0.04947222404219094,0.04276918493082509
6.635,0.03215795713929885,0.01960603047244985,0.024871744775655333
6.640000000000001,0.03812511787308196,0.018416993924248233,0.02582742217851734
6.6450000000000005,0.044092312138959186,0.030317141304044108,0.023501741430938024
6.65,0.04546044018783635,0.040135243018367656,0.02200967486292431
6.655,0.0307507727521788,0.03546589000883453,0.0011365245054116768
6.66,0.04852365296891789,0.04772101982840582,0.015415657978436102
6.665,0.03853649558289553,0.03907151514563348,0.010148594742964138
6.67,0.03093884975944503,0.03302354739254344,0.03653572991364648
6.675,0.028205271480225013,0.05294580969983369,0.02153616761258321
6.68,0.028636480237289208,0.059388588843137344,0.00852967406855083
6.6850000000000005,0.04770904872894981,0.03328733823975951,0.0068313273030851315
6.69,0.041081837523486764,0.04033833263095024,0.017477566610110885
6.695,0.04056976392598727,0.057518346054993244,0.030819720614828697
6.7,0.04506871633450601,0.0453540066135789,0.03994631944883824
6.705,0.01554960618259495,0.056403520443079634,0.02555475849289074
6.71,0.040991826857406925,0.0407522751726352,0.019355299133802354
6.715,0.03763684900473511,0.02776562356822316,0.042689026250920616
6.72,0.047179483589125534,0.040556339110008034,0.0501563276361864
6.7250000000000005,0.01897119318784103,0.036701419244111154,0.03887682153902004
6.73,0.04409322941960346,0.044649831141619946,0.017517227180670815
6.735,0.03094189241042781,0.04336224295136385,0.03659910993343293
6.74,0.05686117741374653,0.03752300183985447,0.03332881316720136
6.745,0.03875117254858777,0.04290407299775353,0.055218519714167164
6.75,0.035684150873114606,0.03182377533063027,0.0383040476652906
6.755,0.04246623704096513,0.04555772469240876,0.03321439437559583
6.76,0.04175729161649232,0.04607049547408533,0.03837402633009379
6.765000000000001,0.03283283218845602,0.019207147987780414,0.030606249696933884
6.7700000000000005,0.032984059395594484,0.0376926007294049,0.034616384551327845
6.775,0.029101132426514423,0.04911342846109046,0.03661208721700465
6.78,0.025301988355518903,0.0388229219969614,0.01911608122854935
6.785,0.04265394194407822,0.04796372169070164,0.030449547781507953
6.79,0.027480053762775125,0.05073571109785866,0.017203249714230737
6.795,0.031016572391243898,0.034371876017766895,0.03675165055542029
6.8,0.02795136966233913,0.04941701764321698,0.014404145693679695
6.805,0.022467968817626277,0.03443131937597595,0.021968015575936726
6.8100000000000005,0.03441798031494879,0.026353765401472926,0.02610254117549893
6.815,0.04108375731371337,0.04135890498709095,0.028744446639547117
6.82,0.016653098166348995,0.035826484973851984,0.02793951293559424
6.825,0.013472043003238978,0.0527391200204508,0.03471747559112254
6.83,0.02269845816389557,0.039197457965904015,0.026262695933525627
6.835,0.03653068099555694,0.04469923067377003,0.019445611159140917
6.84,0.036474946804401456,0.0393250374794378,0.015970488098129603
6.845,0.03395531419919643,0.03495297717680616,0.014943418489812964
6.8500000000000005,0.016299435663323224,0.04341228075245508,0.0363478620639107
6.855,0.03622333496614157,0.0412542080257028,0.011035804777371077
6.86,0.027809592323255868,0.03486152797170902,0.02806604283646719
6.865,0.04286175876040517,0.058672605993851414,0.023455157321259544
6.87,0.0316206752511103,0.05146629001430914,0.030879269461132612
6.875,0.027636357072908867,0.03532929917368934,0.039283169101207195
6.88,0.04663964045394832,0.03228205483345711,0.02293988011124079
6.885,0.04233458586515865,0.041708465983929535,0.026231839145691445
6.890000000000001,0.028300573019936243,0.045852354817248905,0.020398622200443514
6.8950000000000005,0.04908347586336195,0.04679757278665205,0.0270406486616441
6.9,0.025105289232470955,0.05343089861115891,0.011712973583054342
6.905,0.0393056506701145,0.03028277679902945,0.026732618209746626
6.91,0.03627846168777844,0.03432087728837534,0.031492073760091714
6.915,0.024650510114320276,0.04105402654497535,0.021479266353054367
6.92,0.030333026556360963,0.05093162341938137,0.03500959150449695
6.925,0.010796220062577683,0.035197759106451565,0.040079982970033186
6.93,0.03358387450996597,0.03113583744342583,0.04430016218679153
6.9350000000000005,0.043253063544571854,0.051604340366595454,0.042488663586911855
6.94,0.02911319211944985,0.03796247897924264,0.04459631038152977
6.945,0.033382399838201404,0.06031300078895277,0.024795982922829404
6.95,0.02365453364284182,0.0425293552352006,0.02486400584579783
6.955,0.04628816395188886,0.028467805651885766,0.04160486092089867
6.96,0.014960219018797901,0.05647566721131854,0.023450435944136143
6.965,0.024562170122423187,0.026675686604620573,0.030857796840330756
6.97,0.02739759100498545,0.03118191235747301,0.04354773784884991
6.9750000000000005,0.03492766609648474,0.03495336734200321,0.025500423156679095
6.98,0.010949311542776865,0.042984110300753275,0.02437424543403654
6.985,0.017645823734067062,0.03622962338185867,0.04243089563772948
6.99,0.04077630819883925,0.03480990072036034,0.03195643189531726
6.995,0.028699079554316127,0.05243056654117941,0.05121731708942106
7.0,0.03525402746619694,0.05140195449675499,0.04541480663203306
7.005,0.020188451601218235,0.031370767579804726,0.053982610516453616
7.01,0.028708267420604335,0.03338986540433783,0.039020138230475995
7.015000000000001,0.03395907903776943,0.025959885038003595,0.06305909539684239
7.0200000000000005,0.039203744919673364,0.03615548055642563,0.055758302160423615
7.025,0.009441050555266447,0.04484688539837429,0.03875378432379481
7.03,0.030954683854704963,0.053757791695929535,0.051601444983280606
7.035,0.02687638123215643,0.03917727987939986,0.03813976121866545
7.04,0.024030762271574052,0.03507400443217686,0.027814570685767627
7.045,0.031162983969313954,0.047894506137701555,0.03559768782688307
7.05,0.031192149758031057,0.03334383487766615,0.022180555777718557
7.055,0.018512276460372293,0.017188593710765452,0.03468652419239884
7.0600000000000005,0.03539043440668592,0.030368758434386252,0.01169943476449732
7.065,0.015747855167720384,0.03239241508893637,0.023329945424949473
7.07,0.021537011442037637,0.03215284495508772,0.03313661742741709
7.075,0.023490903190536285,0.03780998004341952,0.040587035909708045
7.08,0.020307677422094154,0.03619570338318399,0.0227848645006065
7.085,0.029454441266929293,0.03255974164287233,0.03873627018615486
7.09,0.008536764084712652,0.043762696046503596,0.05298986036323494
7.095,0.01618996850502065,0.03151726326222078,0.028383010789763387
7.1000000000000005,0.01973281871881185,0.029348756674856452,0.02901685255537113
7.105,0.016275956261037297,0.042718290900679454,0.04764572924935425
7.11,0.02965302430778644,0.04181912186447792,0.051188591516401795
7.115,0.020550490370435735,0.052747109001207174,0.04950971821444968
7.12,0.02386184614748906,0.050710849832741475,0.03712918378748587
7.125,0.015816825429966458,0.051179717278797235,0.02289129520610567
7.13,0.019593696292417806,0.04804781999280939,0.03973961800398893
7.135,0.02612945338579555,0.05147241918194961,0.029906598313295313
7.140000000000001,0.032312070103486454,0.026726482677904992,0.03749855557583297
7.1450000000000005,0.031233848743401047,0.04052983112975438,0.019115894128361847
7.15,0.020857682998881338,0.04062481148838827,0.024884548302833195
7.155,0.0317428228203714,0.04596913348971791,0.03576560207689393
7.16,0.03412650815328569,0.05539738292570055,0.009269176675051134
7.165,0.012265157491931354,0.039372160104944785,0.023170507625599822
7.17,0.03193858948310223,0.040837672126998376,0.04836200862136091
7.175,0.020222801795879,0.02286278649602571,0.025930144488214832
7.18,0.029622669683922406,0.04819044038323688,0.013263891789357787
7.1850000000000005,0.03788365906764781,0.04758665080894776,0.02794178988374605
7.19,0.0359310776362145,0.025173223126620972,0.03299868272184103
7.195,0.025977697006180363,0.04170283128719311,0.02952027121304452
7.2,0.02701207336026998,0.04843870383526039,0.029751035260861917
7.205,0.023018933816552862,0.037428578727149754,0.03838139161965799
7.21,0.03353467512757318,0.02414919630364344,0.024069978945588648
7.215,0.04169444675316724,0.015468332450339,0.026513469256261378
7.22,0.03602372614122303,0.016551547134556074,0.044361047258674256
7.2250000000000005,0.02891285155688066,0.054862174399850264,0.018201351538032477
7.23,0.021107345899198687,0.022634282870268394,0.025582559696903512
7.235,0.02972563698523154,0.039916018314444385,0.02914708984743504
7.24,0.037444457878453116,0.00870387696127767,0.03872953741785799
7.245,0.017338843118321047,0.03950790595962454,0.02952650720107009
7.25,0.034241573139043094,0.05022727565240799,0.02881880456042194
7.255,0.055142572404277765,0.03818140797637455,0.04573724069731575
7.26,0.016389446098740212,0.055227704927414176,0.055367738899378974
7.265000000000001,0.026305850143473038,0.022519806429705528,0.027861586680222445
7.2700000000000005,0.03009295912099158,0.04517446437955174,0.044645393972426936
7.275,0.04094027498592229,0.03942951781553897,0.03720340879985342
7.28,0.03146092309568721,0.029579147304822848,0.036777375123747534
7.285,0.041488649884002506,0.06822388164363617,0.03426346719556217
7.29,0.01714850297161207,0.04451128418008826,0.04579296908446343
7.295,0.036588579716478956,0.0635630758705817,0.035702367145800364
7.3,0.040749170938636954,0.04781004195513493,0.04274883108176328
7.305,0.03566872337289371,0.058220172869294054,0.039909029175209235
7.3100000000000005,0.043684826361361895,0.051524182638532263,0.04110641201295217
7.315,0.013224522467686378,0.046800405927452694,0.03826358956586591
7.32,0.04011719995059296,0.07101815289633809,0.036279974568232225
7.325,0.03841786534952722,0.03839530469882237,0.036887764524739894
7.33,0.0456962434746572,0.054478104543358136,0.054356759959797926
7.335,0.031173870536477296,0.04977122459038025,0.02987135160015239
7.34,0.043239231172794,0.04708345414904739,0.04230351018090249
7.345,0.04036046611975663,0.041160173614034665,0.04094427748893294
7.3500000000000005,0.04578603022061456,0.04757238192277525,0.03867783154165835
7.355,0.04721733765755068,0.04194700137727184,0.01999412469680887
7.36,0.06067425720100943,0.041956105208347416,0.041042412117595115
7.365,0.03508565645239657,0.029850252721712066,0.03193464697541963
7.37,0.027729986663721173,0.04862854257611448,0.03331918789239467
7.375,0.02542120687981965,0.0555807429883869,0.040506162607367474
7.38,0.03485692310645119,0.05577407337421359,0.023010560504902855
7.385,0.036294833925506295,0.04707315785737841,0.035352902540392736
7.390000000000001,0.03825285600510448,0.04046181295222043,0.0361281984024334
7.3950000000000005,0.05296037366093932,0.026742179106342134,0.021077684105120075
7.4,0.041765980388303654,0.033516754388963975,0.05226048158131802
7.405,0.044515058573491056,0.02734195429580665,0.023869010351519657
7.41,0.04231883784357808,0.042412944658633565,0.03747919148584607
7.415,0.04179053690204791,0.03231320446752526,0.03470705720052479
7.42,0.04439449032254807,0.05517393467020508,0.044917797344659914
7.425,0.05193625392139313,0.026333635394214294,0.039477581857986686
7.43,0.0458000429947661,0.04679767738454717,0.013943723891691354
7.4350000000000005,0.03464716631333535,0.03518168586442573,0.03559934532174197
7.44,0.03858752484053791,0.03698089945359654,0.048142428944636224
7.445,0.019995639267201645,0.03491186031981046,0.05155928468885558
7.45,0.030824579774163863,0.029211819054117218,0.044477150590088964
7.455,0.025897164390775152,0.031475806215846565,0.057893333904601225
7.46,0.039984915316889885,0.025103728979652754,0.020451034547791163
7.465,0.028096766868660323,0.028782304944542265,0.03976052954969045
7.47,0.04825297653384588,0.02658086651818583,0.04256360958081734
7.4750000000000005,0.04227361990939847,0.04468779677004244,0.024137538029501044
7.48,0.048543572138338965,0.025672275831079575,0.034712869479378516
7.485,0.03066052116249854,0.0402749332165646,0.03340730435540223
7.49,0.04802403883547224,0.03666786034090896,0.014887649996243528
7.495,0.04517275954215505,0.03537281789731531,0.044821356481545845
7.5,0.05252646248394656,0.03413049640982006,0.03352947151757976
7.505,0.040171933571368904,0.031848897349138955,0.044207185466455065
7.51,0.036082758465557314,0.04424608410894989,0.04017746240335077
7.515000000000001,0.02713804302118955,0.0242971535162972,0.032081457640884124
7.5200000000000005,0.041088253516585356,0.03861167881557244,0.03138628554208511
7.525,0.03997042754797694,0.03819740961014267,0.03700433899624202
7.53,0.03025096573536048,0.054145780837651813,0.03426746723017961
7.535,0.04018649576621171,0.036262892288236336,0.03345115732509418
7.54,0.04584568688304925,0.03318462110584929,0.03977466447861392
7.545,0.054902835832264636,0.05392339366365856,0.031343007228652596
7.55,0.016645527544792295,0.022527966193136753,0.03308932591033948
7.555,0.05767170017269718,0.03839641868380792,0.034769070613214166
7.5600000000000005,0.057881596090815446,0.018788694854219405,0.03505900397831016
7.565,0.048444687176678054,0.04446572155105683,0.03225264276985899
7.57,0.03609989400419509,0.03671765453326187,0.03272119665347334
7.575,0.04280111292135021,0.05075756588279711,0.0268747775888763
7.58,0.058737227942473595,0.029511430242241617,0.021133316927106
7.585,0.043709775775634244,0.04266477446703412,0.04982392365107581
7.59,0.06935846975414722,0.03715541532162371,0.02462662934488839
7.595,0.04448986715505328,0.033692617213778905,0.043515523560273967
7.6000000000000005,0.04864968072917867,0.03667639012291716,0.024129239911158114
7.605,0.05003628094028845,0.04267338716176832,0.03663984916837728
7.61,0.051274125846473506,0.045120235912597895,0.0377912576766975
7.615,0.039538351196171405,0.018203874769247036,0.021068723958778898
7.62,0.040813216998688534,0.041641311256724746,0.01725968619503434
7.625,0.05171962370066532,0.044515159924411574,0.0375948151549398
7.63,0.049795302224463364,0.048957852107505105,0.02628238077848102
7.635,0.03392313393208141,0.041129064536527996,0.029131086384535477
7.640000000000001,0.05414066960371565,0.04456542892474499,0.02536017789201803
7.6450000000000005,0.0335953009332037,0.02263769079378099,0.03221282013388818
7.65,0.03610419771399392,0.034783490755641605,0.02192759457879868
7.655,0.05473673307634638,0.043792546310807104,0.024043763422436117
7.66,0.055412395265387424,0.03064269781314501,0.027554288461203263
7.665,0.05151530863260975,0.030575719091358672,0.015994051380598395
7.67,0.04921247749416169,0.0010048063294892816,0.03436423678182832
7.675,0.04754706545723373,0.029500005061779144,0.0249064073653675
7.68,0.05779310164305164,0.053485747811879994,0.023854125683808267
7.6850000000000005,0.047941787655074855,0.05921441232199183,0.03249744116377194
7.69,0.05234792523865357,0.06799794833714645,0.02635420694050717
7.695,0.05385520948986423,0.033180032499453886,0.010982596567180362
7.7,0.052066894585518504,0.05469610690362103,0.027999295884829
7.705,0.05406554257547572,0.030659179899661913,0.025045936335790154
7.71,0.06146482356648795,0.036681508124045185,0.032465919242677166
7.715,0.049092528812225186,0.013531243810477723,0.035865733140553975
7.72,0.055690135872276315,0.04806280043384899,0.019169036695695314
7.7250000000000005,0.050236419820416774,0.03863846583792274,0.033200927418361184
7.73,0.05529190361781269,0.044052196981292174,0.023866835763685545
7.735,0.0649729262003733,0.03624561649149426,0.029949711947191204
7.74,0.04801588451933474,0.018145376194078373,0.023053638657396857
7.745,0.043604776776542294,0.03557139634398731,0.02851994930055264
7.75,0.06432995798832922,0.038101826414036484,0.04510746020831661
7.755,0.05800744420623531,0.06176235182367166,0.02384889593700866
7.76,0.055194840575278986,0.036751534716596326,0.025762443284232515
7.765000000000001,0.07631690115742512,0.037138024288728366,0.02158313149571057
7.7700000000000005,0.038296187615490196,0.05616431886731779,0.01872482399083108
7.775,0.0410411146638123,0.05447583105021603,0.0012042798942923615
7.78,0.06819038231516067,0.031634589883448694,0.0053440259921534485
7.785,0.043046247283599966,0.044499434549179935,0.013359894161180882
7.79,0.04853378020938839,0.04765469630855403,0.024324471165246737
7.795,0.046996857278713174,0.03640822975366918,0.019181177885265285
7.8,0.0389852297321424,0.040469455496994204,0.015489558130273098
7.805000000000001,0.05853859288088881,0.051661935627829544,0.02285076667245434
7.8100000000000005,0.052361918819960274,0.05165787464142705,0.01729327979901231
7.815,0.044120073819785256,0.059497080967027396,0.034078724632377634
7.82,0.05771387301147335,0.04686227708017356,0.0025135135143380533
7.825,0.04965913668398109,0.04237017958279791,0.022119213941233118
7.83,0.04531151477557776,0.03870910630720206,0.011830677474544287
7.835,0.05597292711776404,0.053032130039819714,0.008876736245875556
7.84,0.03859996727226175,0.04493686957769058,0.019983986230000333
7.845,0.04889825944508291,0.03005429100594958,0.015368360803040406
7.8500000000000005,0.05100141289955929,0.037827082124831046,0.011166260337859061
7.855,0.06745582832472063,0.0501093792123778,0.019294166005761306
7.86,0.06250312834469483,0.07147704924274534,0.012937298778165317
7.865,0.05161385910449662,0.029246646026608137,0.018184061560496335
7.87,0.05253258395311453,0.029055799576028215,0.023530157862089108
7.875,0.04084108426018165,0.04631013490997952,0.014142576095549225
7.88,0.06049405596173529,0.0464654113812113,0.030905103021054717
7.885,0.04731798441359663,0.05521615921319143,-0.005104264561232599
7.890000000000001,0.03391188664870999,0.04862225437457567,0.018669470725035577
7.8950000000000005,0.04393674362089676,0.051442801939877866,0.01324908449194466
7.9,0.03698994135630047,0.02408675798048192,0.022243517633498643
7.905,0.04725589577861161,0.0480417573423625,0.01803849562482123
7.91,0.041264235812278505,0.046353616508851093,0.011432713050551841
7.915,0.04231124263493139,0.05082968461620264,0.024307521348267382
7.92,0.0392756944819373,0.02105189279156104,-0.01406016070755986
7.925,0.0596343216022736,0.04466458670596489,0.006804851020188532
7.930000000000001,0.04477979507602922,0.03156504787251619,0.02159578326215456
7.9350000000000005,0.05037726471794227,0.04419546352713741,0.011873143504045468
7.94,0.04101491967774315,0.038016768660685665,0.001375847516088137
7.945,0.03121483914744014,0.041631171356880936,0.017890470535981647
7.95,0.028108311682461074,0.04013124046524952,0.029395187905852205
7.955,0.023947937195391976,0.03857808743689298,0.028162501710623043
7.96,0.03427115042207724,0.04958551226118514,0.01943529391668898
7.965,0.023069652324055088,0.04012306768442217,0.0022887095515976147
7.97,0.06776301244229814,0.04034433475907784,0.005382454238419491
7.9750000000000005,0.034858174134198686,0.06944596601271208,0.0235160125479759
7.98,0.04506456570898829,0.038681781269140694,0.003566743425733057
7.985,0.038229924682183905,0.028463615653243925,0.014233935583046024
7.99,0.040250754060954325,0.02130322794676305,-0.0005358417456228816
7.995,0.049350456973483836,0.03801633866835777,0.0069646496830327136
8.0,0.043301990458017435,0.05211197605352467,0.030087118588357952
8.005,0.03634654002477031,0.05646795180123819,0.018269654507837345
8.01,0.05472924313926571,0.04018451042003615,0.018720491721147037
8.015,0.027683829462759046,0.028466734111280756,-0.005619116968878412
8.02,0.05257230208332617,0.04350530821222615,0.013364156825647323
8.025,0.035418122488513684,0.03237477612799276,0.007763623024121601
8.03,0.04262185031509905,0.044657771819301265,0.013305440576436043
8.035,0.04039051512895251,0.02914628343190883,-0.0002617989662579215
8.040000000000001,0.043504748932222566,0.0285617112868104,0.008911341186109239
8.045,0.050040177922312835,0.0536514347483222,0.013639498948288985
8.05,0.04290812970356173,0.038991621957325605,0.0008510074092720962
8.055,0.0683579301230389,0.04741186447975136,0.013809290213136826
8.06,0.05303177094895391,0.03463270752371096,0.003913900901716852
8.065,0.03900989842055167,0.04615952804676438,0.0014999662298643447
8.07,0.06168147807081461,0.04017890385309759,0.008140154987004041
8.075,0.05104648893463905,0.03020162605285455,0.011337595267734115
8.08,0.028825228049147285,0.02795040264866425,-0.004672701178282935
8.085,0.033999420894419916,0.039459810509533226,0.012235346914366493
8.09,0.040784528284881966,0.052857602697949535,-0.00339287827916529
8.095,0.035249685725613523,0.05304074774909561,0.020739170010013765
8.1,0.05192561694036754,0.028282078871378787,0.016349531046769693
8.105,0.031041728783775525,0.04475641881451681,0.007922783615398818
8.11,0.06488260509386311,0.03380716457164984,-0.00757210862835562
8.115,0.046071467295168894,0.044886380674882174,0.01157824761057688
8.120000000000001,0.03909466648285285,0.05409231322375913,0.024602871014901006
8.125,0.04710558653194688,0.04127810755266863,0.006975932752057677
8.13,0.030928669681655835,0.03497710407538481,0.015502615379068191
8.135,0.058059060920069655,0.04994924033979159,0.02984586019288399
8.14,0.04965192354475347,0.029091268114275124,0.010250434597767349
8.145,0.057313280552369575,0.044219156992495956,0.013840898916824267
8.15,0.04305700610625036,0.018440616156177737,0.007668922282021616
8.155,0.036425151326070465,0.047802821233959666,0.005369122056331589
8.16,0.02459278629492482,0.03823576569150411,0.014408483686599957
8.165000000000001,0.04251636743516424,0.03272592156043104,0.028376065609003055
8.17,0.048177574272924996,0.05301983581343245,-0.0007505702255879328
8.175,0.06213045019454226,0.040844039300290326,0.01744749193511656
8.18,0.06009153007727876,0.04914977262894295,0.03187100409034355
8.185,0.04036158891748179,0.04736631161835689,0.011012521844816069
8.19,0.055361580771996585,0.044447498679927915,0.007611551378542893
8.195,0.056237823483160955,0.029877062850143667,0.001545181645505777
8.2,0.047009898564853346,0.06386010663485311,0.0022350403845995126
8.205,0.05909847241485677,0.061481805066074396,0.006688611514191856
8.21,0.05198810575012297,0.06291041439357661,0.017126773026079158
8.215,0.030568747084848094,0.03001114003387486,0.009407558784098484
8.22,0.0324740667710988,0.04488041574121086,-0.00400855699303649
8.225,0.02228451210332445,0.0430861751354329,0.023015062530404765
8.23,0.04153255150529645,0.03990558149061809,0.02982902690374196
8.235,0.03914701450591102,0.03749633276039826,0.01061905198059366
8.24,0.037459533479981696,0.03848386890993422,0.004830686433300133
8.245000000000001,0.028177715241945175,0.041932812048036415,-0.004067564996283
8.25,0.042058584126713046,0.049240878655566325,-0.0033664828832936852
8.255,0.05185621956693877,0.04046951689326933,0.023773113310748446
8.26,0.04203574321749267,0.034213984616529525,0.014461838736027098
8.265,0.03402637588191011,0.04620467928430596,-0.0020838901019711066
8.27,0.044481146701291316,0.033333708479455354,-0.0005369043998900945
8.275,0.038167061660862436,0.039117881685915984,-0.004906197043176502
8.28,0.04130769336893366,0.0583564561979788,0.011366218759343402
8.285,0.034422330317535436,0.022730807989242846,-0.012618256066403549
8.290000000000001,0.03513169055524962,0.05887018859078591,-0.008634003973783583
8.295,0.012704871833816658,0.04646120411494453,0.008602553609818951
8.3,0.04001053250575128,0.037226095961434384,-0.01033924258721074
8.305,0.043079663193264145,0.04679671960418671,0.015435505217698337
8.31,0.04413467868385018,0.05584812241382663,0.0114670132105065
8.315,0.03149020547172504,0.026045944437643406,0.020543606230628047
8.32,0.014846472682752729,0.03871758065149537,-0.01202834880201523
8.325,0.041681735368806976,0.04756720272433077,-0.0023011747511270317
8.33,0.04569246386077258,0.026408145822071086,0.008589043274139244
8.335,0.024622069384591286,0.02998377051924507,-0.0014742155422172443
8.34,0.03802814422857044,0.03413271151250927,0.010399519564655641
8.345,0.01625576286248891,0.05178233849796868,0.016483167118591248
8.35,0.04101269704215686,0.028881795075187768,-0.004498815769393375
8.355,0.04547633928780787,0.03754412360415657,-0.005475590090790596
8.36,0.025930343406045345,0.03630037760639611,-0.01794574607335083
8.365,0.029707893305763244,0.04490763736750449,0.0003538632448696205
8.370000000000001,0.016194611301032464,0.043282214122810664,-0.0006404133381706645
8.375,0.024830005184677182,0.03508298900317815,-0.00821475274898607
8.38,0.033515688412037975,0.0076860314223216675,-0.0029884496169543875
8.385,0.015934581003156343,0.03956740528492894,-0.004261531137108376
8.39,0.02505115409319566,0.03653599349491891,0.005561610253022244
8.395,0.03732337832369887,0.04662898703605064,-0.0074339972961540435
8.4,0.03805873714413105,0.03491547077055003,0.00765675284096641
8.405,0.04447226626519016,0.04041571676713636,-0.009711482695040317
8.41,0.030377830655118485,0.022498676896395068,-0.0027831414675847065
8.415000000000001,0.005227499280736916,0.03673912589863656,0.0007788212001196698
8.42,0.01079524783000856,0.03288826093969116,0.0010736462172208187
8.425,0.035593549688934994,0.050578721938526416,-0.008233362214785066
8.43,0.0285088522057228,0.0364529006987858,0.00462453468341361
8.435,0.036896428333123704,0.05150151017224298,-0.01043771753573813
8.44,0.030202469593377725,0.04470683943237373,0.004612810141156741
8.445,0.017404222877093048,0.04285902658556989,0.000532413287753726
8.45,0.021873603880407023,0.06129493110994442,-0.00715619483612143
8.455,0.02914278503359759,0.040475270930100275,0.00028425686173198447
8.46,0.03166781108943314,0.02984568702852291,-0.0014024556272344696
8.465,0.04516104318238932,0.04460869558278849,0.01758876538778248
8.47,0.04305650068424666,0.030909323828021466,0.009512536303095606
8.475,0.026647198252859137,0.0430630728601127,-0.027553008658982477
8.48,0.02133622149004752,0.043218700367068014,-0.010798378528105744
8.485,0.030486338103127404,0.032435001206349005,0.0037913041078908825
8.49,0.02909400546184186,0.05049187804316596,0.01582916173584288
8.495000000000001,0.044909495299226956,0.04714656333674445,0.0003071914252821273
8.5,0.039096063989317836,0.03515975724315436,-0.0021580904964649227
8.505,0.04354587009688916,0.0371301816086356,-0.0205527571750614
8.51,0.022412087575212843,0.043154527721122146,-0.0049483492789292455
8.515,0.020856213331650157,0.04571199312186992,0.024248922971038894
8.52,0.02445541642056935,0.05604958472847514,0.007421501131042996
8.525,0.047623143632157326,0.040449793366805896,-0.011095051427444179
8.53,0.038348771958231026,0.02065313082219738,-0.013133594297289868
8.535,0.044707299488107505,0.03053492463008301,-0.018887559273817956
8.540000000000001,0.03588775027532756,0.05310537697757603,0.006275842100868012
8.545,0.03155714268705119,0.05105128198834666,0.005727481975107113
8.55,0.04350437810583509,0.06858564070461173,0.010871719526852269
8.555,0.03344716812405002,0.050241491864120844,-0.011351508331642897
8.56,0.034413246803666656,0.03919842998214513,-0.008823571659402955
8.565,0.0367874428200218,0.043108795698325916,0.007571549069166964
8.57,0.029938171960895314,0.05048860418130331,-0.003943260268216078
8.575000000000001,0.047990554142771986,0.06585610677618427,-0.0027996721958910703
8.58,0.05435350710773453,0.04668686511962451,-0.011089967028131812
8.585,0.05611583432211518,0.01687647091414131,0.0038505622482169592
8.59,0.05790920847329553,0.06137704588949524,0.020092530707053496
8.595,0.04351857269214392,0.04292616813637093,-0.009770432844516466
8.6,0.038430531876131824,0.041808899364493744,-0.00899389175144083
8.605,0.04225700203700505,0.019594825226881295,0.0013121197274547775
8.61,0.033649480385877194,0.04060036601873397,-0.025480289299039602
8.615,0.010867627929290538,0.034486589460658544,0.017263067203023327
8.620000000000001,0.04288100655736825,0.04852572398289264,-0.015999237899720575
8.625,0.04445558574823055,0.031482643880597044,-0.011452068442470164
8.63,0.029459866378331125,0.0408801511038204,0.0016400434585865688
8.635,0.037964842589287374,0.024611474792543674,-0.00979278591940103
8.64,0.021972894180894993,0.030245020122635642,0.013002188416800169
8.645,0.024422253299985965,0.046284002082390606,-0.010900287435551156
8.65,0.04122684131230365,0.04951842969185026,-0.003965645251706076
8.655,0.03345801235275654,0.043227516577801946,-0.015368882814400795
8.66,0.02799489925453745,0.04340010893917778,-0.0014546100878703588
8.665000000000001,0.023609269759322756,0.05033897096953571,-0.0013444948852906168
8.67,0.04066704756290444,0.023572521016930144,-0.00625148825623827
8.675,0.032409036872198524,0.03976427256612311,-0.008787197683801673
8.68,0.0174453976964595,0.04707636684889083,-0.005089617919469928
8.685,0.04398579280197287,0.035160218646044725,0.02290593608354224
8.69,0.03770485529252503,0.03036358703022466,0.005279280694372335
8.695,0.04156145999375996,0.04088693274495747,-0.0016782479270374129
8.700000000000001,0.021934592316627432,0.02219324075545757,-0.0035302515873107676
8.705,0.040829503530225957,0.02746355838586827,0.002389445647265863
8.71,0.03480450815871355,0.041246475966146647,-0.0025781448774327663
8.715,0.038044156525137304,0.031219455589656504,0.005394597020761657
8.72,0.052473732862097874,0.04647794253916896,-0.003997989280990207
8.725,0.024105219470911734,0.043602880176612964,0.008319835995978877
8.73,0.017402616755326002,0.034534888999543954,0.01894653763388022
8.735,0.024480337630366496,0.02338503748043151,0.004552150633720154
8.74,0.012058218399198694,0.04396330561536964,0.0019881991448119987
8.745000000000001,0.019708817969403488,0.04514235416727319,-0.013763980524457254
8.75,0.022026445037341406,0.03339358772169169,-0.0008692952241324756
8.755,0.022179021416452425,0.02815370816359063,0.004683910630028581
8.76,0.03457554354552338,0.039894314214265245,4.3595566397883895e-05
8.765,0.02155888873650587,0.024574875425462127,0.014757725702424535
8.77,0.038751135816192044,0.03337601269688281,0.008497720362142445
8.775,0.03303539460961277,0.024788180144090934,0.014745001582681234
8.78,0.045065808560311726,0.00868869522479583,-0.012968586172941055
8.785,0.019048841465649335,0.037021129529974474,0.006352272997323147
8.790000000000001,0.0163029758775534,0.03935609977032858,0.0008790912758980182
8.795,0.027591878461751006,0.04396224752180628,-0.000262975746027308
8.8,0.036624541666907276,0.03181508250781504,0.011789379679337037
8.805,0.026312457812108,0.03521264480484605,-0.00891464039199509
8.81,0.02457979542710452,0.04153322808863944,-0.0018944116649418086
8.815,0.0352734471552505,0.038255102671289426,0.01062334632628488
8.82,0.047665107275091025,0.02923248161725589,0.007667873593334942
8.825000000000001,0.03716896560475068,0.02027683538437132,-0.00565775985325475
8.83,0.03752930462898757,0.022610000947774496,0.00135590624247936
8.835,0.004371190357540914,0.03667878845615006,0.009849178830986835
8.84,0.030346613872859036,0.033626641570585265,-0.014380494663286785
8.845,0.04060183848723795,0.04636877814136482,0.009331503966796155
8.85,0.035517565994984665,0.030487187706661697,-0.000729446982765395
8.855,0.03942809496969657,0.02769562721927624,-0.004939834159321782
8.86,0.03587269424885017,0.032379189909741375,0.005744502218757282
8.865,0.032005262679019486,0.032411801421880715,0.001333052972972211
8.870000000000001,0.0378361373972788,0.03869545277879522,-0.01515370590998989
8.875,0.030481821627474898,0.03272131679128122,0.005037541339022386
8.88,0.03177182883935471,0.02010752746551557,0.005823550495189574
8.885,0.02290113775371939,0.01708486820790471,-6.464860848652901e-05
8.89,0.03180744424738367,0.025358578121999164,0.0016107117439503847
8.895,0.018990137848205826,0.021149145244997176,-0.006987256661641947
8.9,0.02372165898691846,0.01108414611519673,-0.006384570699307403
8.905,0.020413931785169787,0.03334715083292018,0.006300303122754286
8.91,0.037612452811296083,0.02961737432354366,0.0012139770084589642
8.915000000000001,0.05481366493695685,0.031302686800349366,-0.004178361623316831
8.92,0.02108514734734852,0.019248329145333233,0.004215886172560138
8.925,0.03516132251443889,0.008908004240100199,0.0060413126439288894
8.93,0.03241448576525306,0.023299065054482856,-0.0091787736740889
8.935,0.034213681252852665,0.034650590012872046,0.015461231422269236
8.94,0.03388581017519168,0.024553296024448508,0.01422326905202792
8.945,0.0354553290953276,0.022593737725204482,0.002309290326260059
8.950000000000001,0.03903880480660547,0.012581724132563643,-0.016871576024175945
8.955,0.033445440046628465,0.013682190860605252,0.013873476524456516
8.96,0.023569788988881304,0.020898593985826525,-0.011948138596527068
8.965,0.020387062836306716,0.030454340147224996,-0.011571996914423927
8.97,0.030251989709652618,0.010764956448976997,0.003610095569352968
8.975,0.04301307207668183,0.013307807909018652,-0.0143948941256715
8.98,0.015289726185878007,0.02004501418279031,0.0020102594747063406
8.985,0.04555748293825959,0.0179369746796899,0.0023746702071058834
8.99,0.024750025720994828,0.037480801493994666,-0.004433254855694756
8.995000000000001,0.044611354892677174,0.02742984417255214,-0.0014311241485382119
9.0,0.02900849345641781,0.022309302688465024,-0.007026189543995139
9.005,0.053703156440138365,0.024474899792084434,1.7910267281522757e-05
9.01,0.034221023051355895,0.03219318649224946,0.020733955583903303
9.015,0.026455371098311857,-0.004493707279946995,0.0012337864544775395
9.02,0.041017032110317916,0.01608292026150186,-0.020732406280198467
9.025,0.02800385810019572,0.019959243001847274,0.007563629621137109
9.03,0.02331137352853513,0.023718895577496898,0.00027336835619279007
9.035,0.009831505587860487,0.015224711932574367,-0.005599579786731642
9.040000000000001,0.006844132668988291,0.012205437974169332,0.0011017492250207407
9.045,0.05044480109478486,0.016713088135057716,-0.005189095855809567
9.05,0.03872465670216618,0.01931911067971392,-0.0018647986944933838
9.055,0.024147736502816798,0.028906838824835007,-0.01857347838944264
9.06,0.03141933812565359,0.021991313921998414,-0.014848511253519457
9.065,0.01808864530986754,0.026942363404724647,-0.005539759724112421
9.07,-0.01137505645333459,0.0017320438949924178,-0.008078335620667808
9.075000000000001,0.029748668602619315,-0.009740674668294248,-0.026174571708035003
9.08,0.02270461834687207,0.007681495871990217,0.0075256581259238
9.085,0.04028981666190813,0.020056927645465926,-0.021800077697290282
9.09,0.028950855817294965,0.003058732706706791,-0.020034154926849634
9.095,0.03474005914083986,0.02629264159467233,-0.01744543885965339
9.1,0.03551999099657494,0.025693145935684,-0.019407803872765386
9.105,0.035455349135636874,-0.00132934245826297,-0.01639923870055659
9.11,0.011576653249888939,0.008252795896908641,-0.019736216489756733
9.115,0.02668557652226727,0.012217877446336572,-0.019506108407377903
9.120000000000001,0.04011160323583578,0.018037942578978103,-0.01397030425181018
9.125,0.029191899793328854,0.0020754124274554742,-0.002008113449090229
9.13,0.027392161729359824,0.019539469011779085,-0.02027552615627882
9.135,0.007556382828102202,0.029106358059588083,-0.020992173367689125
9.14,0.03241805770201897,0.01587817679831634,-0.01675623707307754
9.145,0.03559880887008044,0.040038369085951014,-0.006652950166074544
9.15,0.03015635233129719,0.03986494942469271,-0.027229376860281162
9.155,0.010959373853240834,0.012067851723441938,-0.016618450180025047
9.16,0.03594919162137589,0.009687386156312478,-0.017153513826878644
9.165000000000001,0.022336079159476867,0.007750715577814796,-0.03586844755660985
9.17,0.019637472886404304,0.02305870722370891,0.0008902228575463147
9.175,0.020496426388979333,0.01612162491587141,-0.011376832199901314
9.18,0.03153065885908608,0.021269536845002334,-0.007657008996450956
9.185,0.009507564383460176,0.017388497033779746,-0.00798137282602233
9.19,0.046229308379464505,0.02129940561058872,-0.013694399437532173
9.195,0.019691765017946804,0.007326344681728702,0.003729753562166198
9.200000000000001,0.031716291596656045,0.03383796803354434,-0.01597774825911147
9.205,0.006421042198920552,0.02650380270150699,0.00483248617709996
9.21,0.021624382011910203,0.031946103169517244,-0.015000884034187903
9.215,0.005608192312471876,0.022430060586723616,-0.0098897509200917
9.22,0.030164237369356497,0.012608818417630837,0.008459671580998113
9.225,0.03127163943532239,0.012897672544852974,0.014423783409690003
9.23,0.02736700997445633,0.025635684657116402,9.091888485482716e-05
9.235,0.028571021687441342,0.024707056664719527,0.0033015341884667163
9.24,0.020332847801970463,0.006225019373064475,7.488412731328567e-05
9.245000000000001,0.0496964536506392,0.013697426178919593,0.00829490612214901
9.25,0.014457100051386042,0.028089854368383127,0.005448075076104012
9.255,0.019013176589216123,0.017848190828829026,-0.01312080181235458
9.26,0.02608295640385468,0.02100693120647943,-0.0041574366363686215
9.265,0.021423511887405926,0.017672218999768535,-0.0034911659718463092
9.27,0.020545841741662803,0.005314812678195495,-0.006814395375532953
9.275,0.015528980390236528,0.0238807133577705,-0.0008792724085835528
9.28,0.0335912079467263,0.015132349941204368,-0.012894658485268098
9.285,0.023368092331553163,0.016258346223004476,0.00411830629848867
9.290000000000001,0.031027703800167238,0.026328223915360376,-0.003875517782085003
9.295,0.030066544504270962,0.0119740461282032,-0.002669681998941204
9.3,0.030754625436813288,0.01372974394389149,-0.0026028595922476944
9.305,0.02866296546255192,0.010474375475030865,-0.0037700483597722274
9.31,0.023329510531113186,0.018569961929210455,0.0027089831030208816
9.315,0.02879788206342251,0.030602597277365542,0.0019890664925648893
9.32,0.026239685147896364,0.03713311656909361,-0.00482516130680761
9.325000000000001,0.026931092138624473,0.026122677868609306,-0.011571981966355593
9.33,0.029038176791253444,0.014734642510644257,-0.011984207843748134
9.335,0.013802803296611935,0.027042392319020933,-0.0037104966892665125
9.34,0.016904179285009768,0.016293506257283936,0.001443025949734389
9.345,-0.005367841322094783,-0.0029001206152458854,-0.02206777014692498
9.35,0.011624172054496992,0.0066411144026887565,-0.006745248132078411
9.355,-0.004626708750995873,0.020118607512843393,0.004917147298381094
9.36,0.013193857594390988,0.01800981062081576,0.002574852918151793
9.365,0.023159243013834076,-0.0038333353296953823,-0.011081061609767965
9.370000000000001,0.009283759509841179,0.01858941473351751,-0.006132689549227665
9.375,0.011597990394374525,0.025408556024023962,0.001981066111073713
9.38,0.024081460380125028,0.024447854369767257,1.6901508204381077e-05
9.385,0.006243888646475796,0.025878544271866186,-0.0002972655306854137
9.39,-0.009892114927100418,0.006906315861518576,-0.0036232319282574164
9.395,0.03266465684774009,0.021151114294535263,0.0022735538014556494
9.4,0.014123849788881686,0.006119843017655257,0.005276059898172959
9.405,0.020474630206184424,0.005225743457470712,0.008197315079177779
9.41,0.03469731337794166,0.00939267592423766,0.01809116581361142
9.415000000000001,0.007770593820087501,0.006913389155458478,0.005169257469075716
9.42,0.005829291427103936,0.007257581368972131,0.0012868258246537638
9.425,0.003088867041786642,-0.005256229356556293,-0.00056927878518696
9.43,0.025693980005766268,0.01913970906416497,-0.01762300928446334
9.435,0.022468357131617257,-0.0050367047813575545,0.002600265932954156
9.44,0.017217831409812232,0.017836346241686823,-0.00357420332983132
9.445,0.01034778412970818,0.023184559107802215,-0.009814510627246264
9.450000000000001,0.02748318446176249,0.011096299655354212,3.3918400282710592e-06
9.455,0.012776532147525867,0.008328991742740552,0.006964542763656292
9.46,0.019615045623897112,0.006473688449218067,0.012425428012276921
9.465,0.025144623573873988,0.019942971069485237,-0.0060184720133531384
9.47,-0.0020881886157990553,-0.011203020511708232,0.008542978343844262
9.475,0.02536068841360674,0.030871422179227587,0.006431422497159604
9.48,0.004062771782709022,-0.00622133796841812,-0.005749167938806787
9.485,0.013798834149932382,-0.005660151639975953,0.007434376191020645
9.49,0.013193864013085088,0.00048389157196145755,-0.004698503845893048
9.495000000000001,0.006098579407492935,0.008017202341891256,0.006938393526798191
9.5,0.009384135239623878,0.019905259319830282,-0.008732489079925273
9.505,-0.0002951757830004127,-0.003929027834468192,-0.011939400340968182
9.51,-0.0035935280619118735,0.0013372942862829185,-0.004326126526873106
9.515,0.021239693087808032,-0.005984674804771773,-0.014357425200894256
9.52,0.007607761280369628,-0.01287639731628927,-0.008216306932762577
9.525,0.01440402800461001,0.0036964536383437604,0.001313362507562213
9.53,0.017901640136073052,0.004801483440827994,0.003610223992678822
9.535,0.0017507595564342955,0.00343737141753293,-0.01967878869894206
9.540000000000001,-0.005776794822773733,-0.00984929763726763,-0.0029491029312015355
9.545,-0.00863305937329004,0.005563845855805036,0.010874526930304834
9.55,0.031140747752876185,-0.015365890281564988,0.0061922274230685
9.555,-0.011302433256866102,-0.011425326150825331,-0.008342598579564191
9.56,0.008684179143507883,0.000293696123005038,0.002535228264382088
9.565,0.015059427298163595,-0.012236104642988277,-0.01805235411564017
9.57,0.00999494453205579,0.010307730227391785,-0.010156546322897423
9.575000000000001,0.009993750940175752,-0.00033588974198682335,-0.005611785180748087
9.58,-0.009654315944580353,0.01633823759170289,-0.0035557698216138744
9.585,0.00024128073655507037,-0.016752964739535553,-8.591899546464901e-05
9.59,0.01582919946802364,0.014346439252413388,-0.0065877867069050414
9.595,0.00297362325161573,0.00852495895968537,0.0020479183559090532
9.6,-0.015037939794131086,0.0007773156649268521,0.00354454609755535
9.605,0.005146086885317362,-0.006028044305589621,0.009391840119006938
9.61,-0.020852789145222917,-0.00266129058918851,-0.03252838727979287
9.615,-0.0029440377870194843,-0.007258000217429625,-0.009842742625864272
9.620000000000001,0.0069408907626192715,-0.013275682707412874,0.006479788991783694
9.625,0.008651153841570319,-0.0042967183649541526,-0.004150009380514573
9.63,-0.004664559246677552,0.014428177541792878,-0.0026092493751173843
9.635,0.003749982778373878,0.006155102882660222,-0.004559485449563144
9.64,-0.007752954118419295,-0.0016500753601720874,-0.013612319562373082
9.645,0.006520778770276844,0.01022946331201787,0.010917365812275013
9.65,0.001189444580495129,0.0026343925875858334,-0.014926102823197222
9.655,0.008667550361840005,-0.013605826150236575,-0.013009351767988692
9.66,-0.0019496652853187822,0.017770989785367924,-0.006854788397506048
9.665000000000001,-0.003129060456125054,0.010018167982184101,0.0024444892126893325
9.67,0.009813580964456496,-0.013494654915072436,-0.006409837064062979
9.675,0.011551036497432669,-0.008722262160780779,-0.010479286520318732
9.68,0.009897362961188903,-0.00976883826041711,0.015290134136656863
9.685,0.0316162804331305,0.006091886472420581,-0.018038762785040227
9.69,0.015713085067021147,0.009596098635740135,0.022412186412708465
9.695,0.010608892879916103,0.00679081536182221,0.004448010911314335
9.700000000000001,0.011757415147862587,-0.005541362426629694,-0.023728627442479867
9.705,0.03306087116925996,-0.003166656911051868,0.0007445452254869773
9.71,0.018406472167885494,0.0009734853036653737,0.003794609803962028
9.715,0.014121495492896968,0.003486293727198553,0.004117655371213738
9.72,0.00995581091739484,-0.015172732067713872,0.009682584134813469
9.725,0.001499544922171539,0.008555097307688088,0.0095914956505123
9.73,-0.00847293040990127,-0.013897639808523899,0.004276802602936652
9.735,0.0081031456176449,0.0017926065942779953,-0.00593111540102104
9.74,0.021820204451449686,-0.00913340246633427,0.006926874255240176
9.745000000000001,0.004655933258966804,0.0035977261348996235,-0.009705313572848736
9.75,0.009772762520366879,0.013776686371308019,-0.004610400549014649
9.755,-0.0023276495045805173,-0.01074578629776176,-0.007109899284253455
9.76,0.02211734789310166,-0.00911807154709691,0.001182050821303255
9.765,0.006724315358839061,0.003509466881792534,0.014467218674332224
9.77,-9.643369587723424e-05,-0.007773078712862002,-0.010356042469136961
9.775,0.004341505713931212,-6.322688818347424e-05,0.002144891359586563
9.78,0.003693657204580817,0.017059690777568456,0.011346335133758467
9.785,-0.0008624361756754753,0.006258186402549692,-0.007955880601650296
9.790000000000001,0.014561130225485094,0.003880663014864668,-0.009632854588547433
9.795,0.023457064110644237,-0.000788257769371423,-0.00475870042132231
9.8,0.016280945348178942,-0.000719596077126048,0.003945287515313143
9.805,0.008997810481675934,-0.0029211772779771036,0.009063684729333924
9.81,0.016035866941758452,0.011695727291651307,0.011735019484157548
9.815,-0.016191990192506032,0.0003436636108954307,-0.009534588046457775
9.82,0.01090125836666941,-0.00285036890282922,-0.006056244343139989
9.825000000000001,0.017853643191418266,-0.008115697997185815,0.001978380085437801
9.83,0.017383785570026376,0.006884663200656772,-0.037917625844877116
9.835,-0.011817402147182729,0.01050534943204567,0.0014115859391857066
9.84,0.016449781047699508,-0.009157843237063005,-0.005620010452228983
9.845,0.01748206114425927,0.0176920319890516,-0.020560503477736955
9.85,0.015516360198013168,-0.005682812524118338,-0.01925021761018164
9.855,0.008862752636255519,-0.007532978658551515,0.01337432117047275
9.86,0.003981550424903158,-0.010653096868323074,0.0027694211195795956
9.865,0.0203927698729351,-0.005162640411710084,-0.002715314693674066
9.870000000000001,0.020490116030284007,0.001111669043561499,-0.0021613124428265205
9.875,0.012914584506116676,-0.013766364964842395,-0.016804654866549956
9.88,0.0012551339967198823,-0.005661427526925687,0.021390198925389743
9.885,0.0037874992725273546,-0.012915094026283358,-0.01936020448625119
9.89,0.010138877787757631,-0.022982260095022043,-0.007104295423099311
9.895,0.006401710414310199,-0.008489287629000405,-0.025005569797739387
9.9,0.003339800238500893,0.0050538184206855245,-0.01988251700332285
9.905,9.314863548928048e-05,-0.0017736885664669487,-0.0113698875545235
9.91,-0.018345735078506367,0.0018440109640562308,-0.016176008086703143
9.915000000000001,0.006469273494947296,-0.005972847632214081,0.0013672130279505333
9.92,0.0019250351024497313,-0.006466381165949142,-0.003352441191142967
9.925,0.006001184489207945,-0.013567388628927353,-0.012153820850100219
9.93,-0.0069736776101461066,-0.020781988441984284,-0.0015280365455021807
9.935,0.011626538700866274,-0.014395873249950605,0.007624118563542587
9.94,0.006013519118892016,0.0020435437005461195,0.001787766757400628
9.945,0.01648802457211169,-0.01580296686494775,-0.002546895786275401
9.950000000000001,-0.0030609368999207666,-0.02500979227437851,-0.00046223689862738733
9.955,0.009263660427229117,-0.030913183031337742,-0.019128002050929963
9.96,0.011583997218205345,-0.009017634238438064,-0.007642093800601772
9.965,0.0006378733986008092,-0.025634496309830807,0.009028020639091073
9.97,-0.013030129016947237,-0.0004487836518529253,-0.008874101032855878
9.975,0.012961729058481426,-0.010783885825590681,-0.0213959810206149
9.98,-0.0012252232880346874,-0.014702868563196497,-0.008404490638531506
9.985,0.01244269487975256,-0.006052491835048561,-0.007000059742303737
9.99,0.024588560878269477,-0.023076035489932208,-0.0033634559944604827
9.995000000000001,-0.010710592718072613,0.003371761240458928,-0.028566502600964987
10.0,0.020430932635014977,-0.0031439296117197167,-0.0036426036875010772
10.005,0.004893649373682071,-0.0014610263391360515,-0.01194520572338673
10.01,0.02609083159791674,-0.0008844153765615818,-0.0015943356547795896
10.015,0.014725690287725978,-0.009060611523229374,0.01061724341974034
10.02,-0.00411880777958613,0.004882849813045015,8.015057022169297e-05
10.025,0.0008265889005691189,-0.005554769112651077,-0.019896776166296662
10.03,0.005767043307492642,0.014608688243285426,0.006602864144750571
10.035,0.02802274062355882,-0.008916345846434144,-0.02066419837152532
10.040000000000001,0.0032900185090597132,-0.001701821500736893,0.0018206854737421781
10.045,-0.005258041272199813,0.009226838226579753,-0.019215206728165547
10.05,0.007916380584351262,0.007010756436559773,-0.004071498174531106
10.055,0.0006004202469670622,0.01908132954228283,-0.01172490063184376
10.06,0.017399507766359852,0.014693550653453898,0.005863132040684938
10.065,0.0008809086162355727,-0.005124306616373479,0.019234597103116997
10.07,-0.009802462759579786,0.01940827152710378,-0.015161431612613577
10.075000000000001,-0.015462418470251555,0.01058601893700659,0.013565981314413968
10.08,-0.0027144592780650144,-0.009819456306871876,0.010398147171896244
10.085,0.013103373140502268,0.007295518223558691,0.00354952856442688
10.09,0.006895779310013967,0.01539358545002379,-0.022455445740707465
10.095,0.01040034478568733,0.01593219890143003,-0.0022770771776177
10.1,-0.01233845454623763,-0.0023767124197509133,0.033525760077964345
10.105,-0.0030308629686682936,0.00594947873620111,0.009647798095182196
10.11,0.005311673334385286,0.013070490502675334,0.0072012164532227075
10.115,0.010624059998370811,0.00902786398281963,0.01261084862633057
10.120000000000001,0.005288581056463605,-0.000760080422773224,0.029949065501073423
10.125,0.0006687670470742965,0.021943161031938187,-0.00957941157849217
10.13,-0.004775433949096717,0.008758578206506449,0.024142844411407724
10.135,-0.011730753182840985,0.004781106405407613,-0.011307169022648556
10.14,0.01565522927616497,0.020458042440869417,0.02382398169473393
10.145,-0.0016495533939570872,0.0005213954780025774,0.016129695025802162
10.15,0.010901033164313581,0.0012169382368980332,-0.013776191290765407
10.155,0.008213115863746009,0.023932745883355172,0.007207108989899519
10.16,0.015041180467488726,0.004112471478840234,0.014143767715720387
10.165000000000001,0.007298865987172422,0.015630074607293175,-0.0008112103094786187
10.17,0.013830901605132763,0.009439539310171274,0.008860644220590241
10.175,0.024844181658876127,0.022804390213787107,-0.007211657847219029
10.18,-0.00494088247419526,0.017594176449086483,-0.00726385301792163
10.185,-0.007410127388030929,0.001959073513595036,-0.001532390733734408
10.19,-0.003064907954842426,0.013753331894291645,0.018710655562444646
10.195,0.00782155674648128,0.01235129116431631,-0.003919648648373105
10.200000000000001,0.0056766783019169785,-0.006812755721023063,-0.0014196831834552967
10.205,0.013214520850867897,0.00014337067742605468,0.019628529678998308
10.21,0.01031007010110719,0.019344842271991642,-0.00347925190130518
10.215,-0.007999274380124575,0.005154364068516665,-0.00240232299872816
10.22,0.014137561920377479,0.019502109693245315,-0.005522782667143798
10.225,0.014611000817687597,0.014370670195965341,0.006149760439638694
10.23,0.016699697409049776,0.021016133733252392,-0.0019860929715309348
10.235,0.017220372563256044,0.01816336315072651,0.02002051372490405
10.24,-0.001083634823999098,0.012225259401864553,0.014030731959997586
10.245000000000001,0.006419097055453231,0.02335827234202372,0.012577939599954978
10.25,0.011600045570691359,0.017179637210915557,0.0007135851521980719
10.255,0.018811377570466137,0.026362982191636908,-0.014910234709096241
10.26,-0.0020081717877948636,0.020286964604079465,0.004080714841459181
10.265,0.008763834366093546,0.016670039906737478,-0.0021968038983590926
10.27,0.010303119704793681,0.002399603024813335,-0.0031317394492386347
10.275,0.01922201745955491,0.02041408173682218,0.002276854570254513
10.28,-0.0002827313221992027,0.005474371858372336,-0.010249682586330622
10.285,0.010961857135911818,0.019625170565322193,0.002535669277251323
10.290000000000001,-0.01660806878661881,0.005694888167225536,0.007808543674923826
10.295,0.016824787066120485,0.006225365746315226,0.005138325710531596
10.3,0.008195189058168571,0.01392744572200361,0.005588837254862991
10.305,0.027646057921202387,0.009345993823873014,0.005250083053135273
10.31,0.008794647963047736,0.031822570276737044,0.014063906318092189
10.315,0.01181779451882747,-0.0026144948691458397,0.011436339604072653
10.32,0.0017100141753943494,0.019649684179108687,-0.01015921383862204
10.325000000000001,0.012261998398366085,0.02419479115890224,0.0088870662353126
10.33,0.019456032588310142,0.015904471309627556,-0.0006065817156527304
10.335,0.022001774146341017,0.0006803188765748128,-0.0069911059322074875
10.34,0.030923549185777388,0.008732669945262625,0.0019072000529104169
10.345,0.027834969931568122,0.022146855177097358,-0.0006196097490935177
10.35,0.017568160648577434,0.021940856637194205,0.003167265778425568
10.355,0.01236229923453668,0.02027345378978987,0.00015153096063989877
10.36,0.03897711651584854,0.015008724794448699,-0.014870729812025424
10.365,0.014298816565120078,0.025005236018158853,0.0003126886972709479
10.370000000000001,0.010750034517447684,0.01959298937431695,0.02145650198860159
10.375,0.019757259171927652,0.012878288934971303,0.0059295337073373144
10.38,0.02081691926381698,0.012343304165873342,-0.0038088639499082506
10.385,0.024899194757943874,0.008186136441416582,-0.004706147814987717
10.39,0.021493085558507173,0.011671286076972176,0.014171628589626005
10.395,0.013317640179167303,0.007413973677039182,-0.00821503306289586
10.4,0.024649584918638744,0.015545890447894723,0.003958395929421333
10.405,0.01256102775606095,0.0017617647102705792,0.0009104020846448442
10.41,0.011976284369528179,-0.004357298438248416,-0.0043550835125451895
10.415000000000001,0.034212520829117084,0.010681808842388535,0.008051175449540031
10.42,0.029948407296560876,0.017385956734866558,0.0023193692290924776
10.425,0.01293333414776525,0.014185620529880996,0.009786985220323466
10.43,0.030663871589484082,0.024084534851951132,0.013030421955610078
10.435,0.014303003219137711,0.018789307330533793,0.015041032594988683
10.44,0.029667906730024327,0.021522978778767146,-0.0017065742944358314
10.445,0.017443173441012455,0.017367121796077446,0.006654282622887064
10.450000000000001,0.012022540363746496,0.015641319440551034,0.0007758343924877031
10.455,0.016304045558955343,0.01283174035417528,0.011216656664810703
10.46,0.017373403234962878,0.0030174309597755375,0.007816699634599689
10.465,0.015144519371623751,0.027221308030006663,0.004830345165898489
10.47,0.009885337082871393,0.02267096931472153,0.007416772054889489
10.475,0.020726892364314783,0.012850187472619115,0.009195919332763468
10.48,0.027930341821069654,0.02537571834008147,0.007052920002458494
10.485,0.01016545770247752,-0.008777291163766437,0.001217098688458249
10.49,0.02121102077297508,0.005440772074895925,-0.006261087838049998
10.495000000000001,-0.001594479624975104,0.014053878763821815,-0.022139381784544502
10.5,0.01979813174751062,0.007561134989433926,-0.012885869326558726
10.505,0.004866993802712849,0.017345652797852912,-0.017214451576723015
10.51,0.0007873220139214213,-0.004324207989005287,-0.026083598795200676
10.515,-0.002219552638549397,0.016701378675058238,-0.021389191651782456
10.52,0.016181761871875398,0.010863910330926797,-0.020843067932235462
10.525,0.0025184625322988326,0.005161358438686245,-0.0146202564288613
10.53,0.01677581306238196,0.001348568498039431,-0.0017976059958292202
10.535,0.03531225013009138,0.002449379963608755,-0.002012292582283434
10.540000000000001,0.02269090799084376,0.0034493381066800083,-0.016737810321911045
10.545,0.012556359646970364,0.014505342396766735,-0.011607131946096652
10.55,0.02280593696195225,-0.00504764456314675,-0.009208178086079813
10.555,0.028567899932140643,0.01866926831077414,-0.016518101065545337
10.56,0.010363137669840537,0.0023599741875893793,-0.004161851010599321
10.565,-0.003858185918151443,-0.019509740030020144,-0.004047274395715347
10.57,0.01962330581869584,-0.001211292325323408,-0.020330970651509475
10.575000000000001,0.03762287339943599,0.008982194692875185,-0.010729392480068115
10.58,0.032012924940457974,-0.00011685880243922104,-0.013402937327023011
10.585,0.03914786439869316,0.01563629230628795,0.0010493520450479985
10.59,0.03413749150377158,0.002041146804435046,-0.012903729581259701
10.595,0.018017146331890208,0.009874960700118712,-0.01657770036759811
10.6,0.023879324579513514,0.014707212705431162,-0.013309733479997147
10.605,0.025346737856884516,-0.002609499213672132,-0.0018027358874827199
10.61,0.013772667815483872,0.008733695432982812,0.0030469883237357657
10.615,0.01951435087488678,0.013208789787224092,-0.006120031335625532
10.620000000000001,0.024597546266472876,-0.008909117988824367,-0.00041901438814593737
10.625,0.007144098526107324,0.0029208717493494135,0.01277032585885907
10.63,0.024480300493446246,-0.001139092491180744,-0.005533258765629982
10.635,0.010566827109514131,-0.0112707865719159,-0.008020780584227593
10.64,0.007887001981065535,0.0030894792036191554,0.013977464776388006
10.645,-0.003096459883791196,0.012431586174052238,-0.0030747296729530466
10.65,0.035064382371343066,0.008904695799790033,-0.011282083277779333
10.655,0.0020047724746386723,0.006383650091315484,-0.026922367064896223
10.66,0.014662275735887203,-0.014228080599532124,-0.026562880280463667
10.665000000000001,0.02071881940365226,9.66039063563023e-05,-0.02486495435695788
10.67,0.0067168025653386206,-0.00786501987824678,-0.004095056219322544
10.675,0.018626294751983703,-0.006169064211985106,-0.015504174585860283
10.68,0.008642641867940764,-0.00573712613940233,-0.01707562080881353
10.685,0.00934264772515933,-0.0015861680969979839,-0.01531693340423935
10.69,0.012524355160912439,0.00604007087142822,-0.0036721803324752693
10.695,0.0016346283913562503,0.013784683776942266,0.002799796821474531
10.700000000000001,0.03561295240868676,-0.0009813781589952716,-0.02523966247118329
10.705,0.010716092914205711,0.0005399697928580235,-0.0051960539475091
10.71,0.016291433835562762,0.027349111515414012,0.00319604551500338
10.715,0.0040687988403313915,-0.009040054286412205,-0.014306369557394744
10.72,0.012747607956266898,-0.005314893660844161,-0.0031563065819993066
10.725,-0.0037073453688574905,-0.01069062900195621,0.01667011434998122
10.73,0.028713004934337483,0.0014934271410540524,-0.03325480261814343
10.735,0.014511262234953654,0.01487832622648622,-0.016782381236383804
10.74,-0.0007993492729194036,-0.014354294865499127,-0.020710163313487073
10.745000000000001,-0.003036669421289634,0.009768688426377486,-0.022657758511264225
10.75,0.00012938707985448578,0.017562329570903302,-0.02205952521093435
10.755,0.008673263128318016,-3.2740957104221034e-05,0.0007207733520303294
10.76,0.011025061556709466,-4.116354126324504e-05,-0.004061251631637308
10.765,0.010812000134751271,0.022738271596515036,0.006814331651100815
10.77,0.02101187754186814,0.011783768163837704,-0.013220298303610942
10.775,-0.008655063682144963,0.008157686865790286,-0.019821017445491786
10.78,-0.001978080134411536,0.009966148186236229,-0.013973989530313466
10.785,-0.012601028248867411,-0.0006697208330977786,-0.0021268551277616697
10.790000000000001,-0.0018298892880196545,0.006931555800085705,-0.022919149075085143
10.795,0.015524631895851342,-0.004685738772195327,-0.020535160441218593
10.8,0.010059831919703673,-0.008232416587737296,-0.021359735872005067
10.805,-0.0010747670266926263,0.014300932560702535,-0.013757210519874346
10.81,-0.0019160593294629547,-0.006249398085942613,-0.0017721216327414887
10.815,0.018298050461172867,-0.019637637553737465,-0.009178233558944636
10.82,0.0032356516380800497,-0.007107573816239295,-0.026041125328866245
10.825000000000001,0.016425712306066764,-0.005272150916233046,-0.01863233762557956
10.83,-0.002656185370747372,-0.012324675524067309,-0.008222319681691058
10.835,0.0034539980184509246,-0.016902862143375493,-0.01652961505414221
10.84,-0.0017275048472846829,-0.010445158027826138,-0.009758796710340484
10.845,0.012009161043218397,-0.00161243120132642,-0.02999686130107994
10.85,0.02785009687462485,-0.005180897220313965,-0.009874646968465687
10.855,0.006357075053876768,-0.009589572734839897,-0.012082084337723432
10.86,0.003453646825111815,-0.004043867013629775,-0.01566589881433117
10.865,0.010347414692934789,-0.010031918009996315,-0.01257411166507496
10.870000000000001,0.012267631462096551,0.00396278942095742,-0.002939529490922428
10.875,-0.009204332112728492,-0.006973652018664008,-0.0058665223465859855
10.88,0.014351868814567816,-0.004785766464847295,-0.025275471029687305
10.885,0.004754715570434855,0.00127822156993029,-0.0030148374148443544
10.89,0.014002579780065813,0.009972442111484127,0.006901022748559738
10.895,-0.012174392606902442,-0.0125664306896348,-0.014465205549713974
10.9,0.004205604469037016,-0.005999497890978753,0.0008507241725675078
10.905,-0.0004998648714379123,0.019764133557303946,-0.01138396363056313
10.91,0.007250898221651902,-0.018273688876503158,-0.024084214522221987
10.915000000000001,-0.0021644273106678404,-0.001153474072471229,0.0018350019755122588
10.92,0.014772753312400792,-0.0009947092331438721,-0.006560878770991098
10.925,0.016173790682836916,-0.014606778947658966,-0.015493522142554974
10.93,0.008953541286979245,0.009132165509901792,-0.0062217825880124394
10.935,-0.0005401312110215259,-0.00031074639731302946,-0.018831677254141654
10.94,0.0031387871332981612,-0.005256893004458314,0.0016548917536225397
10.945,0.02599176852902015,-0.014483864546889012,-0.0039838938791499955
10.950000000000001,0.009905264974832108,0.005483164526066262,-0.003788877878870475
10.955,0.0018844943610106975,-0.008308914807291918,0.00024954992367153244
10.96,0.021966402990261265,-0.010324234953233074,-0.017056473845994093
10.965,0.014416604262302273,0.0015801829789180346,-0.0028822990817852457
10.97,0.013441714595278922,0.0018200541973467186,-0.01531376053373806
10.975,0.0026999050795209513,-0.007776420593174247,-0.007786755170641921
10.98,0.02461515800311989,-0.013209227330702728,-0.005994455765143966
10.985,0.01787371873003292,-0.014011037332526989,-0.018388511660286468
10.99,0.01763118051659921,-0.01395889435179212,-0.019697654587354587
10.995000000000001,0.009333137311775628,0.0050054870314084725,-0.006864828353884218
11.0,0.027038228217555083,0.006134020777538121,-0.0005653904346822049
11.005,0.005270750539846405,-0.007219985785386813,-0.0070699069546448085
11.01,0.016251034068104405,-0.0032076526991007565,-0.009026586103033482
11.015,0.0171316273663087,0.005569900852667382,-0.01557108635039605
11.02,0.018974608207863945,-0.0038482296652685944,0.0009184424224151017
11.025,0.015532009074715327,-0.013399853344894883,0.003195639157613498
11.03,0.02276947267712853,-0.0067513889877830555,0.00838614995124805
11.035,0.0102156611457986,0.0071038347539900595,-0.022549899852676053
11.040000000000001,0.0011930498242118288,0.0032619978075165267,0.0019396715134273297
11.045,0.028546186097624437,-0.007477724518368719,-0.003699822029184527
11.05,0.01996468264105699,0.0039885791749519305,0.006298920870732511
11.055,0.007104578182090697,-0.0015238242934105823,-0.013086557913926409
11.06,0.011244373640358692,0.013772765415712842,0.002157948613164201
11.065,0.0028046910614513317,-0.009374293129178564,0.006984883210993869
11.07,0.018068944226998004,-0.007098011595736601,0.012040020395351923
11.075000000000001,-0.010726277843788452,-0.013012045596787711,0.006211169044578611
11.08,-0.009412188060170124,-0.011818853669409924,0.005913892271708307
11.085,0.010462181995307584,-0.006416410303700477,-0.007535401930509401
11.09,0.026853711945010038,0.011651237908626983,-0.0033115589089912504
11.095,0.022948678274620497,0.02003018455548541,0.006370301330624491
11.1,0.02919346808436464,0.01142015219207753,0.001313162701661067
11.105,0.027138155986885376,0.004185689082151585,0.020184657971154776
11.11,0.011886870023728267,-0.00023775251479997254,0.002250681143716086
11.115,0.009336052217346458,0.004229428718200111,0.005341340658625427
11.120000000000001,0.01397845582971974,0.0028498066738561565,0.005095857277024953
11.125,0.02173799049146407,-0.0009369829983148815,0.005214239373016429
11.13,0.007179086560972806,0.0003862927964021542,-0.002510409972546014
11.135,0.014919385391779595,0.020736834507293248,-0.008200845250637703
11.14,0.01949685430704632,0.010640183067920549,-0.003159014649934221
11.145,-0.01128680929804166,0.00514034544817254,-0.019068804870369313
11.15,0.0031194246855546677,-0.011051071270552092,0.01706794410862997
11.155,0.006555806553034435,0.004967329396440517,-0.005013853467137806
11.16,0.02122454321716858,0.014478620694292793,0.00609327806474446
11.165000000000001,-0.006246678282900264,0.007936299217878886,0.002039437567271417
11.17,-0.0015292843617687527,-0.0015422950300494932,-0.0005036983940475493
11.175,-0.007165854158640413,-0.0012260136135522886,-0.0008573714324010065
11.18,0.030494436317409904,-0.022455316190554638,0.014129747662902838
11.185,0.010757621282425817,-0.003516971000320824,-0.008935430271786773
11.19,0.017271818818651703,0.007580728842932492,0.01618392932672319
11.195,0.012981977124928122,0.00023810969978271031,0.008482396613882913
11.200000000000001,0.011679633644723908,0.007130868813967597,0.0144116400129853
11.205,0.005418074622121433,0.004242752706329926,0.009396108504649905
11.21,0.00709152594324642,-0.008721398252606804,0.0025376189275237923
11.215,0.020358944282391808,0.0043413298426706465,0.00023289125300775433
11.22,0.03181968342064828,0.015959904176798347,-0.0027264483496890323
11.225,0.02156659203713952,0.008023149480173136,0.006140931140358371
11.23,0.002017608778222161,0.0071758936774100595,0.009991798061793053
11.235,0.004802779727867218,0.012386523643139032,0.01867567874485209
11.24,0.012003820547878498,0.0014423907302106263,0.0028696911501087186
11.245000000000001,0.011657500749990425,-0.0009512948377113006,0.013135500465308803
11.25,0.006745427916011709,-0.0025898459021960517,0.0023801638626579705
11.255,0.01507954485572783,4.2564017401746854e-05,0.00021056489827991388
11.26,-0.00785185969324302,0.007171389124754623,-0.00012849281385714315
11.265,0.01796413271886303,-0.01036514498793337,-0.02811691555127846
11.27,0.008301855689271033,0.0034367127713919587,-0.0032009659133046212
11.275,0.00889961375901116,0.0023859325258367937,-0.00510755346970057
11.28,0.0006576589352241223,-0.00719088575819189,-0.0035788102665619166
11.285,0.01983520378462408,-0.018371641902635107,-0.021975272224444217
11.290000000000001,0.01663291323055119,0.000698669368835371,0.011859983797843674
11.295,-0.0012202089045965717,-0.012919933109657535,0.02394154235992375
11.3,0.005228187049679377,0.0014113776851743557,-0.018313467370383505
11.305,0.01577460033707018,-0.018208644024843422,-0.014548558647190877
11.31,0.019664541725639757,0.007474318856559558,-4.995280190167508e-05
11.315,0.03283365941349077,-0.00015394282938843706,0.012590569968511246
11.32,0.01724419406414493,0.0024630839202849433,-0.015859721355642304
11.325000000000001,0.02193930181335736,0.013338891491403233,-0.009497199340101474
11.33,0.020977235981392096,-0.008322305792890623,-0.01518180841244124
11.335,0.02181927443912683,0.028320432100906304,-0.002297703850640842
11.34,0.0151427619523248,0.006462188999656192,-0.0015744697559598795
11.345,0.004943730432679117,-0.005888636907130619,0.00680272016558018
11.35,0.004364010418374375,0.0034610624229130162,0.0018368886343356713
11.355,0.019923324330058674,0.001552554352268802,0.0017443541628742929
11.36,0.016252935800401536,0.0015855748431554666,-0.01179613551344365
11.365,0.014439611484163149,0.012956532347513601,-0.005597598160670805
11.370000000000001,0.008130199723794711,-0.011439150192241896,-0.008065432016726132
11.375,0.02065901255320908,-0.008449731601048298,-0.017495570127476573
11.38,0.01869081854138165,-0.0014463873766065432,-0.004287859911374166
11.385,0.013089465582205157,-0.0010338575177226365,-0.004328401684848186
11.39,0.0286996198749972,0.007972405536866132,0.010512841286427647
11.395,0.006138966758625578,-0.012195220428421747,-0.0008816894653977596
11.4,0.014969973882942316,0.015757981136135586,-0.03071267899785504
11.405,0.01324249525325865,0.004138999850709408,-0.020614601143467113
11.41,0.0048030829370687735,0.010247566979515736,0.0003094957195978921
11.415000000000001,0.0024031783234096955,-0.013926202969212568,-0.007954031353185263
11.42,0.024181325938707705,0.00949362082471443,-0.0061098725997704205
11.425,0.010223647976188174,0.01688741008708933,-0.01592882417848052
11.43,0.0338935888654747,0.013121094277021645,-0.006762700027152759
11.435,0.003966227219563908,0.0008524998104714968,-0.009985269717543712
11.44,0.018375570617700905,-0.006269822999016778,-0.001489046214654928
11.445,-0.00570463059777653,-0.009043046692865181,-0.016858688605492844
11.450000000000001,0.017432291569675226,0.0041038180539143525,-0.013011502144841874
11.455,0.004972402090525185,0.0003032174301756344,0.002079755077017781
11.46,0.005385148431734533,-0.01933202752966639,0.007087439971468273
11.465,0.009392559731262028,-0.012563657127267428,0.01973485430624133
11.47,0.025448893999315828,-0.005188606485297027,-0.012679889616607681
11.475,-0.010758763159176671,0.007048076229787516,0.010150765686541944
11.48,-0.0038433008374276056,0.019030542668810838,-0.005745761397890874
11.485,0.0108316200202784,-0.001568166720032323,0.008914722936524741
11.49,0.01305960324305181,0.011911590725455348,-0.0018145549754584878
11.495000000000001,0.030036097891869194,-0.004863899187026822,0.003533275068928905
11.5,0.019131164813473746,0.014923049179422714,0.0019105884163691349
11.505,0.0024735745033211912,-0.00359933429463089,0.0044479253477558885
11.51,0.023475770933773447,0.004495286127824507,-0.009719786387794563
11.515,0.0005164006721994751,0.003944034478341947,0.01897290810581778
11.52,0.01789648525565446,0.023198914954966857,-0.0025220852533856747
11.525,0.02924178171133798,0.0021522881526963803,-0.0003297071680840994
11.53,0.02284566250840854,0.012872346077468884,0.01030772525704141
11.535,0.017475050058049484,0.0017952193556665576,0.01646827909606932
11.540000000000001,0.01851324336180582,0.002664689825159222,-0.0027352109688283956
11.545,0.027209366257190833,0.007518752953269177,-0.012782661663273291
11.55,0.006371702159623193,-0.0025692226611920763,-0.010795227175169361
11.555,0.03413078088948932,0.006865352666576136,-0.01048156700712492
11.56,0.014463568488087664,0.004894727719789379,-0.01599027641102048
11.565,0.02470319537050082,0.00044827160730140717,-0.007196074935664642
11.57,0.0033490844799400725,0.01051720941052578,-0.017084259083618547
11.575000000000001,0.02227699709231941,-0.0019977354512596586,-0.0014663752564554686
11.58,0.013456237290869762,-0.002724205351349443,0.0022807130312300725
11.585,-0.004243030968748163,-0.0028579325416618288,-0.0044743896661057995
11.59,0.025187477546302347,0.0019490711196855966,-0.009486149615138176
11.595,0.009799131027879094,0.014961410128441212,-0.0028425221737937386
11.6,0.012074267288025292,0.004735650517330579,-0.007473042986699298
11.605,0.016790844551332132,0.017282699529875996,-0.010510693474267075
11.61,0.010304996736135504,0.0032530249507421675,-0.017456129918469877
11.615,0.02698252235684058,0.022138552439248654,-0.01474779096009523
11.620000000000001,0.014318769567697594,0.021902513927445168,0.00738787018303565
11.625,0.03527710025242853,-0.003040605004990411,-0.031166006202327935
11.63,-0.0028507427847759906,-0.0026928733855060786,-0.011708795801642365
11.635,0.015370921889578032,-0.011493665871412961,-0.030160211671353243
11.64,0.0227951849134977,-0.01096436997279459,-0.032754056948251155
11.645,0.011100147927087054,-0.0050444541656225915,-0.012272421925246552
11.65,-0.00510750102983892,-0.01567058218651282,-0.011572594112787746
11.655,0.011960091495928051,-0.015931958339586057,-0.011586651439231873
11.66,0.01656114569366146,-0.0187395053215082,-0.028464747478411163
11.665000000000001,-0.010968034991625453,0.001064422782925548,-0.03861421903405486
11.67,0.011049363996794091,-0.008575298861217552,-0.028391739758743546
11.675,0.007481195975884047,-0.009073962934239357,-0.04699388544798255
11.68,0.0052842702917219285,-0.0049187225164569704,-0.0234331647002662
11.685,-0.004996198027748864,0.0018230359595698964,-0.02820604874927561
11.69,-0.0026234307932332876,0.00129092596352578,-0.015214290335555013
11.695,0.006059646560680549,-0.01032413914162528,-0.038526194497184724
11.700000000000001,0.014617721890899014,-0.0018245981726771748,-0.03791477303172276
11.705,0.005174146277988666,0.009994384406561566,-0.03166535993898697
11.71,0.000486182331085782,-0.003315410648627664,-0.023126480383390404
11.715,0.015242510806918106,0.014155498435683865,-0.03275536077082247
11.72,-0.013411748600553636,0.013693154738130011,-0.03239018301580688
11.725,0.006919575621591689,-0.0014889266380425925,-0.024041743087211784
11.73,0.014615526957376283,0.016789139989109053,-0.011892041545845439
11.735,0.009890345529160634,0.007553313475528404,-0.029447857294463357
11.74,0.0022728650565199057,-0.005103885904512991,-0.023715328214459278
11.745000000000001,0.0032744983244977835,0.011232780246217225,-0.02816891477078294
11.75,0.0062163142372803175,-0.011231525710092331,-0.04221380644525335
11.755,0.007285058911420516,-0.015750436149311434,-0.012432088177327043
11.76,0.013705717430117989,-0.013213955158858395,-0.032485419734477244
11.765,-0.002252224655026523,0.022349561133231503,-0.0031855684459803396
11.77,-0.006519895779533944,0.002457628146204061,-0.015073281832158485
11.775,-0.006433544921889788,0.014603500367780384,0.0030411243240454962
11.78,0.006470168672266057,0.012214822493160589,-0.03387538399176919
11.785,0.007893696362410392,0.006170389512745911,-0.010697027532339084
11.790000000000001,-0.0023337633875817523,0.019265441115211824,-0.03558011872514166
11.795,0.0018996986146386993,-0.006544224466362267,-0.02033316828513236
11.8,0.00968422029684858,-0.0007163338599199699,-0.030204639684952777
11.805,0.012681629645166465,0.010388012424016307,-0.026122247377616467
11.81,-0.006221945262851025,-0.00868685653590436,-0.009450943816419088
11.815,0.00135173432548312,-0.002154203085534053,-0.031632033610390055
11.82,0.02327755522767543,-0.004203668444907319,-0.013108544105838763
11.825000000000001,-0.010547325040782733,-0.0031663617032010065,-0.022756213487835603
11.83,-0.033411843860537575,-0.011811301150848021,-0.029631459287016153
11.835,-0.01438291130453846,0.0012198960398343657,-0.022393430609963974
11.84,0.0033022239187942212,0.012041824165616975,-0.020447037278945635
11.845,0.009627281362472807,0.018940092278771546,-0.046322057001894144
11.85,-0.012278529169102036,-0.0020338546793260987,-0.028527638218305187
11.855,-0.013078793340722261,-0.031080973875677223,-0.02392850935024332
11.86,-0.012186826685355933,0.017011731770241845,-0.014120143235955309
11.865,0.009107519317932817,-0.008840165678954607,-0.027551713734441867
11.870000000000001,-0.014172206688275266,-0.0064102638635445755,-0.022689710127529454
11.875,-0.009128006954104958,0.006020157384475066,-0.0024607870374974304
11.88,-0.013133136239260238,-0.014974429149681811,-0.03647484122535882
11.885,-0.014597906128592932,-0.0026963462699784385,-0.019650798109091514
11.89,-0.01119384826017595,-0.0035992808555497823,-0.01599286963992978
11.895,0.0049307011925699,0.0014162259054053428,-0.05094917975585
11.9,-0.015384317436259858,-0.011287890881238383,-0.0244738678086987
11.905,-0.014251741231949156,0.002093935469786105,-0.021460161571179415
11.91,-0.010318401944331668,-0.01805180083894776,-0.020442668182147537
11.915000000000001,-0.018104284598040657,0.005779338380344048,-0.029907388554145962
11.92,-0.01943136469228938,0.009797290176693528,-0.03008238764581711
11.925,-0.002616127063622662,0.023169865281759437,-0.029567917701879547
11.93,-0.019421526086359536,0.0003630662461074135,-0.01010521604963303
11.935,-0.03551226046022117,0.011732655401720157,-0.04642828794227852
11.94,-0.00010524696827601474,-0.011056778067759222,-0.020846021250207264
11.945,-0.03835496189293096,0.006689806872042325,-0.03537681274218915
11.950000000000001,-0.017035653938768033,0.007238897966882383,-0.018047991418538318
11.955,-0.013747838168023134,-0.00048699193066418633,-0.0013716788684622924
11.96,-0.012486487100601424,0.001850382026347722,-0.03122395552908428
11.965,-0.037450422280166776,-0.016833396163601716,-0.018811802662583095
11.97,-0.010958691600264867,-0.006827468325662724,-0.020031674320215236
11.975,-0.0065978366929879285,0.017018442707347217,-0.03498509798972373
11.98,-0.01230244836175786,0.00039436171291404483,-0.017023869680019236
11.985,-0.005254542720869913,0.013212751508086464,-0.02049543699500925
11.99,0.00673812942159846,-0.006705076553992429,-0.02492468530808277
11.995000000000001,-0.019686544455074298,0.002658122667780676,-0.05585593441639137
12.0,0.010538944460949988,-0.004158647485151739,-0.019482613437480242
12.005,-0.01156485989657871,0.0036137019947380714,-0.03665113492544756
12.01,-0.009254732522694287,-0.016370318198082445,-0.046241655335758046
12.015,-0.00895753576995811,0.005892351008093354,-0.031608227942817826
12.02,-0.004223518340798382,0.007275079484928065,-0.022833457708926093
12.025,-0.021853943840152767,-0.013544580879927295,-0.022110751428449503
12.030000000000001,-0.0032388590629966983,-0.0009568745212924223,-0.01556903309116077
12.035,-0.01224600090910256,0.002531530274036223,-0.03445235311190986
12.040000000000001,-0.0024621862160095556,0.004871741546615414,-0.0477980326409812
12.045,-0.012958165145117276,0.0060691590049264665,-0.03472543919043129
12.05,-0.009339552120992127,0.011637730945988656,-0.03228632549628303
12.055,-0.008207406079454544,-0.0011979388489597505,-0.03651336085660835
12.06,-0.01146960087324856,0.011007386983414694,-0.024046599613420053
12.065,-0.0014311473497646034,0.007056306442151439,-0.03875849394155761
12.07,-0.0006122457667403144,-0.013214845594550245,-0.040507699713488186
12.075000000000001,0.00434517811110937,-0.012406201605497026,-0.029562367236717305
12.08,-0.006266325150555268,-0.005221775278696118,-0.01473181071332353
12.085,2.5257743303881003e-05,0.011268432659946984,-0.02665515314320568
12.09,-0.026707166046256288,-0.018309938272471418,-0.025566982301372925
12.095,-0.014367024305087331,-0.00164931953782467,-0.04181993515444497
12.1,-0.006219514447676223,0.001532796004058052,-0.03438212668492128
12.105,-0.0008827664692543646,-0.008383948379083054,-0.03413440842841937
12.11,-0.005563496261042187,-0.009574918067565868,-0.021214238444993944
12.115,-0.021570975339581733,0.0033964221184633915,-0.025274363790636325
12.120000000000001,-0.011259407812418338,0.008468714892791322,-0.02961983721717195
12.125,-0.02915465565479019,-0.0035793906736414144,-0.04070682878421734
12.13,-0.010448786551286489,-0.010413174635744853,-0.047746137726407456
12.135,-0.0002975833365648911,-0.0004131434729134822,-0.017289095756892824
12.14,-0.02150216610631153,-0.0013599865314241075,-0.020004099675047207
12.145,0.007223529502186403,-0.005653254558197722,-0.03393406901976967
12.15,-0.026408704157596618,-0.0015226297731056352,-0.03323091299361167
12.155000000000001,-0.008162964068082331,-0.001886056696729442,-0.029457033609411373
12.16,-0.010145336331974605,-0.001317025351126981,-0.031033969177700623
12.165000000000001,0.002606582301993454,0.016085968592222978,-0.031083391300097536
12.17,-0.00591191285011646,0.009623006555349187,-0.024734568648505775
12.175,-0.02132563825068427,0.02532199463898615,-0.036043656305594085
12.18,-0.003934926477050077,-0.0021934079246729308,-0.024489660147991248
12.185,-0.008788755468306104,-0.0024893542295643355,-0.02425573265735685
12.19,-0.017134944261631122,-0.006673683352944697,-0.035898590069992936
12.195,0.010113976809737319,0.006271081931071933,-0.04676702796818863
12.200000000000001,-0.00831987907727959,0.008001669052340376,-0.04550714582918761
12.205,-0.015390011153167842,0.0013545644082756606,-0.0373446170857928
12.21,-0.0015407333866037341,0.015704879261515516,-0.032473807551459094
12.215,-0.01930150331551103,0.009567735299679662,-0.04832544212392369
12.22,-0.0024059558463093364,-0.0051626351938379045,-0.025373127155890768
12.225,-0.017687983964048522,0.009650854454031702,-0.0326917753514952
12.23,-0.005005303834932461,-0.0034624078208238527,-0.019555881624409327
12.235,0.0069226459790802004,-0.006880968062883845,-0.05234822212502959
12.24,-0.029649175177844145,-0.0035379028788634233,-0.04458224018157674
12.245000000000001,-0.020398931260657435,-0.01259969076965352,-0.03958625928853554
12.25,-0.007096583075187707,-0.003002977644829178,-0.02790721390088105
12.255,-0.025242128818628713,-0.009897502627099522,-0.016065729346350796
12.26,-0.0233290684724604,-0.003372186034220666,-0.015971649479667265
12.265,-0.02611960502239561,0.001307605692619712,-0.030843592875495693
12.27,-0.009685134793417859,0.018693176863133973,-0.030447594161756998
12.275,-0.007768158173609374,0.00657286460904564,-0.02305961844925118
12.280000000000001,-0.026203154264598242,0.004596116858778401,-0.03842129897895485
12.285,-0.022325061229879362,0.008713510832199723,-0.02575034452613841
12.290000000000001,-0.02783289670560979,0.004285228605902521,-0.026552018177010157
12.295,-0.01666175477095269,0.0023468793582347353,-0.04377624047500313
12.3,-0.03852382534702629,0.007636856342467115,-0.015196292228530561
12.305,-0.029332031917855814,0.022641980753318143,-0.002794751991579564
12.31,-0.025410293559530638,-0.006601741590146374,-0.0392400911351069
12.315,-0.005025161444077657,0.0035003642701936255,-0.02705824347982508
12.32,-0.022054298990295627,0.01703267188588874,-0.01811156923385206
12.325000000000001,-0.03154125236904718,-0.012128007336811434,-0.03378431855238353
12.33,-0.021887382401506745,-0.009854060696664876,-0.02055828967031247
12.335,-0.014626196960883386,0.0032516658909679075,-0.028369423892933582
12.34,-0.018938883289756344,0.0004998182078846515,-0.022876441874871402
12.345,-0.016377443646543602,0.0018973852472396104,-0.0315763531643387
12.35,-0.027089393811179516,-0.003511160094085677,-0.03110549668728637
12.355,-0.010332200540092006,0.0020358262405905394,-0.016929659867887328
12.36,-0.01778578901672595,0.003964830161130073,-0.020711989311946247
12.365,-0.021438757801836215,0.008969426416290055,-0.014844501810331107
12.370000000000001,-0.0037040054285575295,-0.0036192235781154916,-0.03454195839111063
12.375,-0.01325145991603753,-0.0015386432456039587,-0.044266525791619535
12.38,-0.03342204901572972,-0.009012137424419048,-0.012105794305758677
12.385,-0.02295708694629882,0.0028260641687675274,-0.029177050578862104
12.39,-0.03129664742393286,-0.003967400979127043,-0.021804999326752034
12.395,-0.03171414547773105,0.005796708056728121,-0.02513987913303803
12.4,-0.016564636805578903,0.003271819851072561,-0.014935346191195218
12.405000000000001,-0.007428885552686334,0.000270078543372668,-0.020430524335487543
12.41,0.0020309221781847214,-0.009747895725945135,-0.034877740044059316
12.415000000000001,-0.02647418555712722,-0.007033713109862133,-0.03647249794313291
12.42,-0.01967514460629194,0.017773740397223115,-0.036994706970405425
12.425,-0.019412388948103244,-0.005483782172417962,-0.029891321170669533
12.43,-0.014419809802226284,0.0037399400380506544,-0.03617824721261434
12.435,-0.0316736699506199,-0.015312225428306363,-0.04012099593174719
12.44,-0.025003960569045094,-0.014465684415274318,-0.03220539008435355
12.445,-0.020829760406840515,0.009737489373517065,-0.026710185333818543
12.450000000000001,-0.03202717707143946,0.005356398230887118,-0.031244555066868733
12.455,-0.03945367206522274,-0.0003931533010144169,-0.01975165598621066
12.46,-0.02726726468107172,-0.011421307866361759,-0.024551609780444322
12.465,-0.046853946214146486,-0.0011328279786081401,-0.023377953290889122
12.47,-0.04818120364406923,-0.005422148243686778,-0.014255051229097582
12.475,-0.025660924495647393,-0.017455877087916096,-0.03151662909716395
12.48,-0.029308475988976887,-0.006282947174580028,-0.02873780709375307
12.485,-0.020844342431533366,0.013947473224221137,-0.03666976739805821
12.49,-0.031657892630575585,0.005190725991466731,-0.0459517611082873
12.495000000000001,-0.02985494273581973,0.010468157248958351,-0.041452497203962775
12.5,-0.027342250557236526,0.016224154273783296,-0.03401205085041644
12.505,-0.021172855307180674,-0.0044937692729929,-0.03498327516246541
12.51,-0.016944964615075393,0.0031807360969727952,-0.03461809164215455
12.515,-0.03941254416533682,0.006745508657552386,-0.011071581803634063
12.52,-0.03443071851440721,0.0014434051254155096,-0.04949676508326272
12.525,-0.03302819425278147,0.00020474769098880082,-0.005344814556824859
12.530000000000001,-0.03481778656974103,-0.0009840322807822136,-0.03663023367799058
12.535,-0.0359142461322841,0.0034242693629120986,-0.0356970669648031
12.540000000000001,-0.03067002178470133,-0.0033371882891616634,-0.031205596948892425
12.545,-0.02833297423394064,0.008251129103830733,-0.02948629039342845
12.55,-0.022558391790695617,0.006998353170083802,-0.04386008247389917
12.555,-0.02581969352711512,0.010181096937019627,-0.02637386314578384
12.56,-0.03483048569370252,-0.0020908255943311027,-0.03661599216076812
12.565,-0.008327832374152466,-0.0006784254023616159,-0.02559595474458342
12.57,-0.028104376378841903,0.010824865970053488,-0.06128858554676019
12.575000000000001,-0.041027730440267765,0.002235559715932166,-0.03013259088085342
12.58,-0.03829921712922551,-0.013501003900579607,-0.02953380814836872
12.585,-0.04293124637082662,0.008427929034268557,-0.035332661797978546
12.59,-0.05168685616135808,-0.011456349596370173,-0.032119325470673546
12.595,-0.027756244163369144,-0.0005332914246238187,-0.053889076372706554
12.6,-0.01063683909585451,0.005200316401593295,-0.024178160568257515
12.605,-0.03141479805421174,-0.008092812308960211,-0.039480844787683836
12.61,-0.01897632566558152,0.009981363101757021,-0.04131614200809746
12.615,-0.016140420231190417,0.004973813277393048,-0.030094122510375708
12.620000000000001,-0.03386991087719059,-0.008605185623507521,-0.0551441156205177
12.625,-0.029405624942014354,-0.006243656845060628,-0.03903600833269301
12.63,-0.02226556567281108,-0.01310883075181583,-0.0397876637520701
12.635,-0.016902093667706317,0.0010103083518231692,-0.036263065033832795
12.64,-0.01675956267112104,-0.0043162493277441715,-0.05422409924926641
12.645,-0.01698117590990626,-0.013114867755065058,-0.04972119337327863
12.65,-0.024663797105349102,0.0076057566461331366,-0.046625825883965306
12.655000000000001,-0.028340918632988828,0.005242768593422693,-0.04649823345549735
12.66,-0.03089240103351721,0.003545549927048681,-0.03529390183823508
12.665000000000001,-0.033141900178055135,-0.012993483310619659,-0.040486973758095214
12.67,-0.012799666068290715,0.0026441828769909904,-0.03179544621091575
12.675,-0.01780301975174219,-0.018820475786750626,-0.03478679035432648
12.68,-0.02228767257692678,-0.006696920532553802,-0.013976019628374692
12.685,-0.010003668045987197,-0.008862659969912274,-0.03518916577312893
12.69,-0.0095529913478518,-0.014028392659705284,-0.033138983903828474
12.695,-0.02324336184452943,-0.0022045392381131786,-0.047069277719157164
12.700000000000001,-0.02719960670099287,-0.0043705801199932295,-0.03188805342377457
12.705,-0.02464728422567324,0.002493916893802328,-0.037363094303695304
12.71,-0.025484950842713214,-0.015801012046984506,-0.05063483835366703
12.715,-0.020307531196485616,-0.019358203981410575,-0.03848690391264006
12.72,-0.049141420647035146,1.435314328559166e-05,-0.013569181954976261
12.725,-0.019935169234497944,0.014825297599736952,-0.0360752454113618
12.73,-0.021457720249819085,-0.0010491795665011922,-0.04110674546133131
12.735,-0.02365887124529734,-0.004876132497395172,-0.0522420638750995
12.74,-0.02715916464327063,-0.020061181147007924,-0.03336690622094508
12.745000000000001,-0.01884524539849087,-0.00099818517987032,-0.0446662288721511
12.75,-0.02030424366702288,-0.008887806758264154,-0.030853615917663245
12.755,-0.017489449236882903,-0.005925413417576844,-0.035169116411432055
12.76,-0.009066081974074765,-0.005024887968990401,-0.04253860135860571
12.765,-0.025627586463600582,-0.012694148144491801,-0.03610333762483388
12.77,0.012570915951620236,0.015563525075015284,-0.04164890601349622
12.775,-0.01576456306054187,-2.97617376007975e-06,-0.04350885690571896
12.780000000000001,-0.023296757735810754,0.005255775178306795,-0.02906798492560012
12.785,-0.018319444644944928,-0.005660625008058494,-0.031749909214269595
12.790000000000001,-0.03246059073939086,-0.0028073220150216125,-0.033472550924120416
12.795,0.0026686992888702923,0.00820276623843805,-0.03741738556838506
12.8,-0.010445213032178526,0.011073267593805027,-0.04458631426449471
12.805,-0.013212654176187045,0.018678037278836834,-0.02894619604845236
12.81,0.002439509620670445,0.00016121629878819768,-0.04208788435020137
12.815,-0.01077777420715446,0.00848243695917021,-0.03777230182157776
12.82,-0.03384842643411811,0.00907371560849105,-0.0352827468111309
12.825000000000001,-0.0006170501734138883,-0.00380012922846475,-0.019629840674536946
12.83,-0.022868655998989344,-0.007465929016333181,-0.04369487422386902
12.835,0.0041174168932824745,0.007658847503154846,-0.014793566316718736
12.84,-0.015914599620662474,0.017052315664981388,-0.036526054339439694
12.845,-0.016202155068132093,0.014089247158320321,-0.022356917843161343
12.85,-0.03444792057755427,0.013368972848196384,-0.023907271688929713
12.855,-0.023084346079496026,0.021798910617690515,-0.017759144956068895
12.86,-0.02051136959625469,-0.00255399296221295,-0.04230992196451153
12.865,-0.006462405266689637,0.00627425645983133,-0.026976776268745045
12.870000000000001,-0.0009479837401016669,-0.0045800035456952945,-0.040480367154453634
12.875,-0.005419737466787183,0.019198506109675755,-0.029633964457958906
12.88,-0.023613359603807425,-0.0027426550360155257,-0.03750014680013558
12.885,-0.014096867193168695,0.005654548435506286,-0.025502477427268543
12.89,-0.020653482534268693,-0.014113526748510533,-0.02946230322662202
12.895,-0.01086190650060051,0.021889430815066894,-0.014437855744037512
12.9,-0.009846019497969791,-0.010517028078203743,-0.02702041224145296
12.905000000000001,-0.00986903630353285,0.01189375659544097,-0.033065885515567786
12.91,-0.016955187521845914,0.013697128267189178,-0.020387245697036416
12.915000000000001,-0.023520354506450583,0.0093627605538386,-0.022302700722209107
12.92,-0.021936890187180796,-0.0014324202099683134,-0.026804694501309977
12.925,-0.006798817366909973,0.013044740231019229,-0.015954129624707214
12.93,-0.016539658360281914,-0.0008635668634780908,-0.009625133070484489
12.935,-0.029480628333283063,0.008844106474810728,-0.033932843418096555
12.94,-0.02826890114455934,0.00993149078968111,-0.035366645990535
12.945,-0.016238248579074025,-0.0024729065037328362,-0.02011629738906659
12.950000000000001,-0.030957743346424198,0.015782031347486854,-0.03441096504420399
12.955,-0.030321427114061605,0.01204910965912077,-0.039950473691526156
12.96,-0.004191160283225165,0.00615625900279768,-0.03566099330811251
12.965,-0.01784016075686381,0.0018237537870378951,-0.01008839905534777
12.97,-0.031357850846162084,0.0009940712248394522,-0.024211611028826328
12.975,-0.032805573865653456,0.0064368770482742255,-0.050535593507509226
12.98,-0.002193842080783319,0.0018267231381166177,-0.030732685435817024
12.985,-0.03165827746986168,0.0017312303071160841,-0.045548976513221213
12.99,-0.042787756737909806,0.00900588700903547,-0.03948206895218874
12.995000000000001,-0.009510345894501594,-0.010771973128475935,-0.02306855966844569
13.0,-0.027751202058735117,0.006860178353625694,-0.028317120395938068
13.005,-0.009081926427958114,0.009395337733610476,-0.02908680943344511
13.01,-0.009471232436796186,0.0028158707026175586,-0.01934192085617222
13.015,-0.020333760689299065,-0.002484967669178317,-0.032885831087689985
13.02,-0.024623815572802722,0.018961631735288056,-0.03477821571039411
13.025,-0.026222107259630662,0.006139970601756373,-0.02567453520859122
13.030000000000001,-0.028266880684773503,0.009895723350521189,-0.05690392359146812
13.035,-0.03067137375319434,0.012852035694624463,-0.027171336748549976
13.040000000000001,-0.007371237197152124,0.02320458277702816,-0.03531394709733414
13.045,-0.043024654330354045,-0.004796827553541674,-0.03927164291363634
13.05,-0.006764504081190559,0.006310904091852689,-0.02167582648330582
13.055,-0.03244965122608142,-0.0017344936565373264,-0.026401788723325235
13.06,-0.018162672363862542,0.011838627720248567,-0.048352820024413476
13.065,-0.0089912081192152,0.01435356175727827,-0.03504644766467614
13.07,-0.02792789999212853,0.012873313842468169,-0.04501319789464535
13.075000000000001,-0.02898953254277572,-0.011342120157512871,-0.04978588663050223
13.08,-0.030506164925457137,0.020582886046955566,-0.035037665825026765
13.085,-0.029541406261361203,0.013229243504710672,-0.05012984249322705
13.09,-0.03895923638454794,-0.011288762824078534,-0.03820069393122702
13.095,-0.024283599413303544,0.004520740056858201,-0.030011105015707574
13.1,-0.0418152278500542,0.021550242747094998,-0.04468373826229399
13.105,-0.03206329888827123,0.010973643519233581,-0.039702650415619295
13.11,-0.02415920683422452,0.02296241718711771,-0.05178320162644551
13.115,-0.026097309884796503,0.009813751728608232,-0.046721419100039074
13.120000000000001,-0.011174976819298708,-0.004842661196110716,-0.04440841023481776
13.125,-0.022861102772696314,0.003250424891541235,-0.04458742437019654
13.13,-0.03712632834321941,0.010325132821966367,-0.038838676781502074
13.135,-0.020289862099153518,-0.001226231692813308,-0.038686949441132226
13.14,-0.06027065826433661,-0.0015187262919905513,-0.045646884692198575
13.145,-0.036052006223434456,-0.007814798580377334,-0.04423187299768226
13.15,-0.031166184725174274,0.012062266726562266,-0.036837215057952274
13.155000000000001,-0.029188776412546,-0.009881346985545944,-0.029241940447151494
13.16,-0.02720322037622452,0.023498171169055553,-0.03319295738329643
13.165000000000001,-0.03912984663676282,0.0035363427269251915,-0.04728108725007501
13.17,-0.044661731901185206,0.010532391686893964,-0.03918227325042613
13.175,-0.040476763603915784,0.016022303371266665,-0.04800549616835109
13.18,-0.020664390870406994,0.006782337174459726,-0.028328374447107944
13.185,-0.04923321776436524,0.010615482873616695,-0.02620221866594623
13.19,-0.030864262432843955,-0.015615716459374545,-0.04277682044238422
13.195,-0.029052135353968094,0.01767864021050898,-0.04025439070239515
13.200000000000001,-0.04461719860615006,0.00741586386750874,-0.04158790883856796
13.205,-0.02715106347300155,0.02580361220368676,-0.0265607686784367
13.21,-0.028998971606144314,0.004162247255772896,-0.033366676613618196
13.215,-0.04348292419199405,-0.003047334048483433,-0.03698489641822496
13.22,-0.025404922671908896,-0.004465402930938759,-0.020780119207196548
13.225,-0.03299923080889612,0.009554208804720965,-0.04971905134039032
13.23,-0.023740451230596475,0.01327547690906103,-0.04809823177015511
13.235,-0.026747483237757948,0.005443015382453774,-0.048672117492345054
13.24,-0.022916834892176927,-0.01951150796797998,-0.05090781160110318
13.245000000000001,-0.03308729655183603,-0.0027272553235926193,-0.027637972703046416
13.25,-0.029298023550985614,-0.000494774572119298,-0.023171182375107298
13.255,-0.026971601962997534,-0.0006016529355915862,-0.017991085858867554
13.26,-0.03150913474839061,-0.005378327848643677,-0.028251918174695446
13.265,-0.04184534937284947,0.00215417200054302,-0.030121873059760024
13.27,-0.014133284600507473,-0.007978049354925621,-0.024594583439456124
13.275,-0.03460309597898533,0.005919827049427847,-0.019731936107355727
13.280000000000001,-0.03428373562661459,0.003663290770340855,-0.035906218022160666
13.285,-0.019555820754052093,0.013341408710893883,-0.037534661643030834
13.290000000000001,-0.03912325332861248,-0.016827887742869564,-0.048792450558670056
13.295,-0.03821712591664882,-0.01817452686589192,-0.0358586085632573
13.3,-0.02810930906205673,-0.011697852175977673,-0.03642199626751615
13.305,-0.0372897765212923,0.0038858411066966005,-0.02975328271885274
13.31,-0.008792245647040002,0.011186380753103303,-0.048644629401561515
13.315,-0.03629765617921084,0.004018950222096906,-0.024636953192953236
13.32,-0.060139619411445175,0.00662715554760787,-0.044192945150026
13.325000000000001,-0.052587292660591665,-0.004506589598914666,-0.0521219023081773
13.33,-0.020693957092194196,-0.004106496138010993,-0.03190209866692412
13.335,-0.03770998001254664,0.01289883116727834,-0.04531447999124864
13.34,-0.04506235125372156,0.0014801916218144789,-0.026352102963282775
13.345,-0.05685304699573029,0.019341328814775034,-0.03900524144835945
13.35,-0.051365141784242646,0.024494532200113224,-0.007449883096074696
13.355,-0.036993748458190215,-0.006248376829649148,-0.033429778257499806
13.36,-0.034602411161562825,-0.008210150500011393,-0.02425374083112154
13.365,-0.021884937628634422,0.005724095418776486,-0.04556301054629548
13.370000000000001,-0.02607358276263504,0.016557497286347853,-0.038826394132054604
13.375,-0.039651246285134424,-0.0058879158289139345,-0.037839309074005636
13.38,-0.03679295340189677,0.001612264741917245,-0.06256015952239974
13.385,-0.02256714113276964,0.0007112048614807305,-0.043531827511611464
13.39,-0.036239666774698066,0.03582117758100262,-0.04365151473380134
13.395,-0.03984242538820725,0.012880185466208555,-0.04431107838014049
13.4,-0.025992980700921643,0.029127867328494778,-0.0361580035194366
13.405000000000001,-0.04863233628277133,0.022350768505529053,-0.023458485609257403
13.41,-0.03327382080498415,0.00817124186340077,-0.03786762587717299
13.415000000000001,-0.026738499694503343,0.01627025512980952,-0.04789015588457048
13.42,-0.040143687237796453,0.02013574015345034,-0.04250857578980369
13.425,-0.043004317451065026,0.013063870461475877,-0.04136606857615453
13.43,-0.021824532950999856,-0.007762973226169732,-0.03675620822431986
13.435,-0.03211185161213555,0.0035352692113261724,-0.043130286168333386
13.44,-0.04857594175038327,0.00064724873065777,-0.05824475077156849
13.445,-0.03326951482496512,0.014123182140358598,-0.04154138220186335
13.450000000000001,-0.04215602125391901,-0.00025874714197669096,-0.06127451536359997
13.455,-0.022410835832110267,0.0017152822860986398,-0.0252303527120887
13.46,-0.028965552523632247,0.008670346637770922,-0.04286460038188133
13.465,-0.036947090216603265,0.013874073062178464,-0.05140421433026629
13.47,-0.03348652420034527,-0.0018374751680036265,-0.041119092971374796
13.475,-0.0385634059177727,-0.003238596978984199,-0.06216947428607287
13.48,-0.04280771020193984,0.011717362669225566,-0.05348844099493893
13.485,-0.01781060942545617,-0.010542710501318706,-0.04791440512580447
13.49,-0.04738658010291343,0.004511335557957758,-0.04197805935605731
13.495000000000001,-0.028067853495195413,0.006342268095078459,-0.06066893280511392
13.5,-0.034483799802264056,-0.007843222675194241,-0.05767343308966886
13.505,-0.030148230754091336,-0.013330058520965665,-0.04200119846696132
13.51,-0.018515723260562944,-0.00729607688887754,-0.058746205776218766
13.515,-0.025179407866774257,-0.01853341620869456,-0.03523107547079497
13.52,-0.022559422395741553,0.0016707185070552848,-0.054937249754623455
13.525,-0.029425652193491015,-0.0013645763868762317,-0.06759702037664092
13.530000000000001,-0.04219091436598422,0.027617625822311483,-0.04435664979822751
13.535,-0.014757131108440562,0.0003297885278799595,-0.03805381209738239
13.540000000000001,-0.04550622446987264,0.016870181247993596,-0.039110238711006336
13.545,-0.023479834160240316,-0.0039379445705822955,-0.043967226427133174
13.55,-0.018396462144706034,0.01433694827292655,-0.025509566997683534
13.555,-0.02324957341364244,0.00271432291878463,-0.06663240653837514
13.56,-0.020084382021330192,0.006286280777304646,-0.055121942864436335
13.565,-0.028186341640231115,-0.011273551733907972,-0.05153269731102699
13.57,-0.044838601102048764,0.006318633917746001,-0.04973928711761014
13.575000000000001,-0.040797501181471824,0.014223181468127422,-0.048108256863266655
13.58,-0.013153445554027813,-0.0050180074706212725,-0.037851362859310525
13.585,-0.01610390394058014,0.0021244321630837365,-0.05063058569182252
13.59,-0.031848266898962946,-0.01235200868473086,-0.0541196681880506
13.595,-0.0637210563859139,0.0006188330630990946,-0.06947282474511961
13.6,-0.03729675091393388,-0.006428383539966227,-0.026210996562778262
13.605,-0.02830404964035799,-0.012450841024285092,-0.05364996445697054
13.61,-0.048732731471900506,-0.004348831621258948,-0.05511790398839271
13.615,-0.038285230045529216,0.0035819812597271006,-0.052056047468902245
13.620000000000001,-0.06161572569435087,-0.007153013543784517,-0.05720051295319087
13.625,-0.046688056111251,0.00445733596970717,-0.02353743753523201
13.63,-0.05819183217962394,-0.007601071406270556,-0.03989537387291514
13.635,-0.03649474317851956,-0.017323949468627774,-0.0454441012590501
13.64,-0.044485819706787826,-0.0003783225624103947,-0.03933519952378141
13.645,-0.04463532193767074,-0.019388872464469523,-0.041186774853164895
13.65,-0.031032509012314496,-0.029332441069887437,-0.0475959545572784
13.655000000000001,-0.04832163024947239,-0.017502344297827765,-0.04677758190365783
13.66,-0.04434246923192703,-0.0033740945797708123,-0.05459769051807873
13.665000000000001,-0.054852897380558485,-0.020232885137792048,-0.034653435724552
13.67,-0.05443475975023673,-0.016577237073271165,-0.05950517026262863
13.675,-0.04531217873252919,0.004672962748538267,-0.038590516961510446
13.68,-0.019636751650435817,-0.003800196638951772,-0.051065173461777386
13.685,-0.03435695171799779,-0.02439776641593449,-0.052770483920608
13.69,-0.036885001496205064,-0.023086523161523112,-0.03758530866453789
13.695,-0.03554686041204743,-0.0018797990684829846,-0.05028435554236278
13.700000000000001,-0.0282051836920987,0.005573897557059735,-0.04309727527753878
13.705,-0.05402886225498754,-0.020315010328819105,-0.05094389345174026
13.71,-0.046156028643100984,-0.019279022142043505,-0.03382358457051446
13.715,-0.031158899397104513,-0.004958418947205511,-0.04021187176823472
13.72,-0.03455139270030258,-0.006002298522566504,-0.03914924286686551
13.725,-0.025247830453857232,-0.02305645333224701,-0.04614446813626581
13.73,-0.03261408812850976,-1.737049747341582e-05,-0.04586511614094163
13.735,-0.034622874590331844,-0.0005320372335120144,-0.05296456346665306
13.74,-0.03432579107683024,-0.009811633877620064,-0.0536307004756582
13.745000000000001,-0.04736468275104744,0.0010839523640262978,-0.03908597602813406
13.75,-0.04109236639261776,0.007108129295612461,-0.04772076192655708
13.755,-0.0429355793223501,-0.014174269613429817,-0.03970848320688849
13.76,-0.05478128913579909,0.0008588549656518216,-0.04482179632483725
13.765,-0.04329102754780752,-0.0026164988146134827,-0.054860449178404554
13.77,-0.04242470483823166,-0.004269347510473635,-0.05895506834830827
13.775,-0.03486681081964075,-0.01799670113819425,-0.049340349680097526
13.780000000000001,-0.0470860394281047,-0.01663955093749462,-0.06847344670711439
13.785,-0.0400867952506093,-0.005894761579015483,-0.04900344467041663
13.790000000000001,-0.05463294935563394,-0.015274051603455005,-0.057250899843709055
13.795,-0.037790201200375496,0.005979602262482267,-0.059987292462394974
13.8,-0.05501962225851462,-0.002551228017096445,-0.05087144192353808
13.805,-0.048645686102092404,0.0017319363707578653,-0.026903752350717357
13.81,-0.036962764563372295,-0.005651931242924024,-0.05213509025917538
13.815,-0.04693203123211203,0.002439202315670387,-0.0461268535252833
13.82,-0.052283395262811186,-0.013168754249734061,-0.04801340089501338
13.825000000000001,-0.0497479244228186,-0.005359929523314412,-0.033576721529522596
13.83,-0.03826463581782784,0.01727383327113923,-0.02838761386712859
13.835,-0.034071914957448476,-0.011991639966260789,-0.044115571400714065
13.84,-0.040599060040503905,-0.0006560814229010885,-0.06514908013071945
13.845,-0.03536966467730638,0.0015860376177525212,-0.03593681082380344
13.85,-0.03836724655085637,-0.0005184364169371972,-0.05487619974780361
13.855,-0.05339182128333561,-0.009619471331589989,-0.06655865572845338
13.86,-0.04846510625932798,0.009597004692351929,-0.05514261094649033
13.865,-0.029358134920011953,0.014997697348986282,-0.043918514323113875
13.870000000000001,-0.028963817935339642,0.010979081007890364,-0.04279049777279235
13.875,-0.03269771297129683,0.023324117608791495,-0.04311503335456272
13.88,-0.03135949369071931,0.010629811189165742,-0.04364312591339167
13.885,-0.022206331440922454,0.008570385776429976,-0.03463848020831094
13.89,-0.04067409694368446,-0.01475172383371549,-0.03257144779003489
13.895,-0.02852982937105128,0.012149313610296586,-0.04905542023937508
13.9,-0.0349821664036315,0.007717252317730447,-0.044821346722039176
13.905000000000001,-0.033012814220211774,0.0043410468182967475,-0.04831132334876338
13.91,-0.030196690106478793,0.0037517357552069794,-0.043569752327183964
13.915000000000001,-0.05399252980877797,0.011513868403118407,-0.04622755874508647
13.92,-0.027567702161193443,0.0017749065915071693,-0.05647419285771788
13.925,-0.026675928422192692,0.01894389599432447,-0.05472320126166934
13.93,-0.011257922760553096,0.019933812806907567,-0.03822636891515245
13.935,-0.026874107361100637,0.006539678945684208,-0.04992302946825938
13.94,-0.033019058441895045,-0.010687412711881526,-0.02492646863275653
13.945,-0.04856849198019933,0.01114817094899332,-0.04210802785988007
13.950000000000001,-0.027019236182802463,0.017283399302932108,-0.02814231866907691
13.955,-0.016916563811809213,0.01353142368439881,-0.05579449756461355
13.96,-0.03139005620505953,-0.003470354084156302,-0.05181766724316471
13.965,-0.030926514620023826,0.006893299535257268,-0.03541439589651017
13.97,-0.041885510427817116,-0.004318877252342215,-0.05561781846013256
13.975,-0.02728581686777041,0.004779602792352077,-0.02945196009272274
13.98,-0.03006281584524735,0.005048264688498873,-0.04535628827776407
13.985,-0.04068577610277932,-0.002894652416595707,-0.048039148079494165
13.99,-0.03802178533015847,0.030759369315525555,-0.04314474281437864
13.995000000000001,-0.0030573936421739653,-0.00489620215349118,-0.055209860188016144
14.0,-0.049613268919209134,0.004191328917493593,-0.06734384902739014
14.005,-0.028054130008733507,0.00799063758493683,-0.0253121627691143
14.01,-0.0335696475957153,0.008707879573094445,-0.037969270072020805
14.015,-0.018940038096512082,-0.0004513871061142885,-0.026813810628902437
14.02,-0.03587864549507674,0.015982898339209087,-0.0480731712927049
14.025,-0.04012162694780211,-0.0021982328526779435,-0.04406616459603832
14.030000000000001,-0.024558169864605718,-0.00960556179322302,-0.06565470001194423
14.035,-0.0391718597492899,-0.005149989628605231,-0.04629422819808933
14.040000000000001,-0.03193489425760222,0.020853007770793235,-0.031061287740433118
14.045,-0.043303402775619934,0.029947732813146652,-0.04261570364920633
14.05,-0.034877409718847494,-0.0016921363054990674,-0.048072827665432645
14.055,-0.02783458707957234,0.00135009996306628,-0.03899338470736403
14.06,-0.0436241692298317,0.01884729984018073,-0.04197329618657601
14.065,-0.048558555161324235,0.020414836337016296,-0.04526862399910788
14.07,-0.04535981169741733,0.021188133998520316,-0.04804803808750707
14.075000000000001,-0.04303443657498106,0.010420345591680542,-0.04127128048673864
14.08,-0.05816155809392516,0.016214267863856213,-0.03266228511841403
14.085,-0.039717756199135146,-0.00488571976820493,-0.02721450353294684
14.09,-0.029910798979137097,-0.011854406344431526,-0.03754853308944229
14.095,-0.02682875736154587,0.03899493920949475,-0.03768015866511947
14.1,-0.02456214027158166,0.002421236575476049,-0.043875333531862265
14.105,-0.014959740132571663,0.010241117505855445,-0.04103203509591208
14.11,-0.022631449930620773,0.0032399942052948223,-0.04835001031260974
14.115,-0.03240996365765864,0.015289786771876557,-0.031249961927894948
14.120000000000001,-0.03798755086101007,0.0019689775873305455,-0.026662793004177638
14.125,-0.019535144881158543,0.014420917009363857,-0.047231842076626826
14.13,-0.023934361888618447,0.006702217569361971,-0.02239902098579627
14.135,-0.03833953660781215,0.0032214404395435603,-0.040366727528283304
14.14,-0.02140993951665014,0.011327893452217085,-0.04131334390933955
14.145,-0.02729050087133273,0.012679510190556074,-0.04525496491462737
14.15,-0.035748986605240715,0.0020548598284861608,-0.032099981423356704
14.155000000000001,-0.034531433429896397,0.005043894951689276,-0.04653293121817515
14.16,-0.019694560946413746,-0.011162319483257927,-0.0390773002640806
14.165000000000001,-0.031529529862840876,-0.022026743906232323,-0.051661608201210824
14.17,-0.032966904234742404,0.006756189140652475,-0.05142588987276274
14.175,-0.015551635847671266,-0.0004317543279102956,-0.04191873676733045
14.18,-0.029571736179605818,0.0072477655433359316,-0.04511487450513232
14.185,-0.0173405038738711,0.01394829459797993,-0.04694920010912212
14.19,-0.014776312965628806,0.012469122898914924,-0.053700830727662394
14.195,0.007333448064139238,0.00813115191088332,-0.044820675076320954
14.200000000000001,-0.019447838211147223,0.021333503047699102,-0.045053558516594205
14.205,-0.022144267912401802,0.017914439756023214,-0.03322881393001896
14.21,-0.014257591314669867,-0.01432800565977151,-0.04495587122808391
14.215,-0.029414942656105357,0.009264720266567602,-0.03462021981581893
14.22,-0.017306165776482696,-0.0010573663328932344,-0.033875020635300734
14.225,-0.044021002860604716,0.0022937447297174778,-0.04823594671338214
14.23,-0.012136068837619382,0.022056752482873775,-0.03146825030748135
14.235,-0.026554006213695875,-0.009473485240511788,-0.04108652181306125
14.24,-0.024643256200718614,0.008230459511150649,-0.03845740492628101
14.245000000000001,-0.025170683598403777,-0.009006356838025628,-0.0202868046166401
14.25,-0.01665105927061552,-0.0006540648054708664,-0.05497763426890354
14.255,-0.04031555071911033,0.011190304025821976,-0.03611254781648319
14.26,-0.014876917232748949,0.0026384479819802076,-0.0446738868146391
14.265,-0.022119693916669222,-0.013343601822351302,-0.04622464837944707
14.27,-0.03119738713204546,-0.006267384411831174,-0.04764503500825658
14.275,-0.015368600766657744,-0.00847556185298231,-0.038720997474947116
14.280000000000001,-0.017596142854180877,0.0015275627912700838,-0.03934127778157072
14.285,-0.018861271022926014,-0.004181094323791691,-0.060276759963308404
14.290000000000001,-0.028491144133285982,0.009803968846136714,-0.02989639891226501
14.295,-0.015804012173364974,-0.008908599873461015,-0.04562000019891079
14.3,-0.0422520751228716,-0.0008869942856800928,-0.019769389017918977
14.305,-0.02494291820518637,-0.014188452015922018,-0.039305886520697025
14.31,-0.023748210635664617,0.0025531650884462846,-0.03139168884447352
14.315,-0.029789042771051884,0.0027312791034478714,-0.035810930075385564
14.32,0.0028821640519428836,-0.02260403730766828,-0.03884542757275424
14.325000000000001,-0.03978543417322611,0.0014486116603912996,-0.028387979403039408
14.33,-0.03062291343483923,0.0002712384668802255,-0.04940542706350683
14.335,-0.013215566285052958,-0.0033961730934607276,-0.03600423322002786
14.34,-0.022613249580665094,-0.00016187631913535533,-0.04090503469166011
14.345,-0.0116562186002789,-0.022341065084745614,-0.03940925903762915
14.35,-0.020543089800190113,0.0012348684892526038,-0.035131290947086995
14.355,-0.020087776262561054,0.007470640980257036,-0.04479985583072407
14.36,-0.022203777417710388,-0.018345631258330265,-0.03951273504295947
14.365,-0.031676516598255294,-0.0034469776299591373,-0.03188567113151676
14.370000000000001,-0.005737231836653291,-0.01870391496597684,-0.04170825220537718
14.375,-0.01438522507243668,-2.4984263832700943e-05,-0.033013780384109306
14.38,-0.008567488412025297,0.0017931662234177276,-0.04237809652391078
14.385,-0.028920841882924146,0.006887787033140368,-0.03159621416207804
14.39,-0.038751628274671,0.014201653817512766,-0.016205733678432678
14.395,-0.03226961087426046,-0.009439701671497436,-0.021286195687017544
14.4,-0.02093590401975402,0.007221073411616274,-0.02573404968965207
14.405000000000001,-0.018930851720923268,0.0036947869029482702,-0.024611246195621696
14.41,-0.028375595795905713,0.012462492221898176,-0.03307770591884429
14.415000000000001,-0.013134267684586892,-0.0024470358202050464,-0.038730307157404574
14.42,-0.023562661179342793,-0.018776686413220108,-0.028926800871874242
14.425,-0.013365704616783484,0.0017101818932992348,-0.022178895288262925
14.43,0.007180107619896261,0.0049425862387244834,-0.015148098524362018
14.435,-0.019097379944089776,-0.011373189417189622,-0.020340158744456726
14.44,-0.026876399682611823,0.0034805279167488476,-0.017130944093871434
14.445,-0.01585720602163631,0.012783493754332456,0.0014353576426398113
14.450000000000001,-0.0012123198768960036,-0.015183417226335313,-0.021688802601489768
14.455,-0.019110173963480966,0.007935261969139688,-0.02030545429324663
14.46,-0.025952226683586356,-0.0028232730877452705,-0.017769019171722043
14.465,-0.011197899846902616,-0.004447891191648581,-0.035372765345667426
14.47,-0.029327867828075865,-0.0066294113042809286,-0.0369786285763154
14.475,-0.010798006914328468,0.0025909175867384407,-0.017865753762178378
14.48,-0.030299028787058965,-0.011227281679475891,-0.03261142611432079
14.485,-0.02486205984736719,0.014436154674901839,-0.03644508976854247
14.49,-0.010908694346010486,0.01336755700714778,-0.019906558955042154
14.495000000000001,-0.024744898590895327,-0.010782962874407883,-0.019394937704399432
14.5,-0.01185783413035345,-0.007008937907927972,-0.036264892482105265
14.505,-0.017931043242197024,0.0003307410872320539,-0.03923513681161136
14.51,-0.005844160888369969,0.014052116737962889,-0.04935600928234235
14.515,-0.022953336065890787,0.00689158519119186,-0.037393872405059446
14.52,-0.04305539587598288,-0.004953496064024992,-0.02451846316169107
14.525,-0.03382635807407663,-0.011171400128694688,-0.03753362399929204
14.530000000000001,-0.01714593906914303,-0.004358434187433272,-0.017306693455753735
14.535,-0.030919186054479186,-0.012277852082296582,-0.026170396897925198
14.540000000000001,-0.007373169418706867,-0.007328383420153302,-0.03169347411662348
14.545,-0.024878450371491286,-0.002829472372558161,-0.03388811589808357
14.55,-0.03275646827108906,-0.004335172359849936,-0.023644743084573268
14.555,-0.01794762824619246,-0.004582913868017149,-0.053550474659619
14.56,-0.026234583706184082,0.021398338940208525,-0.016351762240013844
14.565,-0.047917981386459446,0.0032034559596027627,-0.021676522340565454
14.57,-0.014756682131099055,0.0013784092312083898,-0.03612406573642902
14.575000000000001,-0.03315078417718961,-0.0058674606939942905,-0.02143935348609797
14.58,-0.028380689244407013,-0.005862786765863746,-0.047649756462368964
14.585,-0.0014678187372117943,0.01750157125920096,-0.03449102849756925
14.59,-0.037063124210197,-0.011452797212104796,-0.024454111150128702
14.595,-0.02157131590078952,-0.0006387367526519208,-0.045652291864822975
14.6,-0.03296597419938193,-0.009388002990596153,-0.04807953711486272
14.605,-0.023147937475091154,0.011560965499862502,-0.045665759587399
14.61,-0.013531040299814976,-0.013592319590515989,-0.04105742340897031
14.615,-0.0412180150469391,-0.027185088540284074,-0.037823637802313084
14.620000000000001,-0.008062763427164405,0.005522033026661899,-0.0432008142694115
14.625,-0.010246701281536635,-0.01024438897991228,-0.04237204130979826
14.63,-0.021787903951745673,0.0030591086188118573,-0.040723285024810145
14.635,-0.035494355199702225,0.0022843767213682475,-0.036926861137913686
14.64,-0.00757010904752644,-0.04387217615719288,-0.03437771617304353
14.645,-0.027542312247070207,0.013119797377224459,-0.06799489026475215
14.65,-0.01778237345291729,0.0012773919260802187,-0.02247273175745059
14.655000000000001,-0.02666079877141538,-0.002412278459574018,-0.05914851848469265
14.66,-0.01630167652481785,-0.02249075912624263,-0.034069466810011356
14.665000000000001,-0.027020528221038023,-0.006602638669739654,-0.03851247831062017
14.67,-0.030727635954196,-0.000491713776546391,-0.04058498678957481
14.675,-0.03739934915158336,-0.009496447987324113,-0.041973190475115524
14.68,-0.04247124600382258,-0.01019751742000094,-0.057360591177339174
14.685,-0.021947892080867077,-0.012077409003919234,-0.05872199630706544
14.69,-0.037126913508994455,0.009911864538013338,-0.043462968785548374
14.695,-0.013304726899282443,0.0016982701647578757,-0.022785653840633163
14.700000000000001,-0.021538578904186815,-0.01072158637421539,-0.03813041158591745
14.705,-0.029719485246112322,-0.008015860802265004,-0.04998475540796478
14.71,-0.031999872978066175,-0.01272959169949477,-0.03527965928305765
14.715,-0.027396976963271435,-0.010643177176335342,-0.038684756806866206
14.72,-0.023030012238803278,-0.018324505093714447,-0.055124772442778795
14.725,-0.02421758807336846,-0.006492561963261426,-0.02802774830879297
14.73,-0.05059707631907211,-0.03605415369691677,-0.054789083902743126
14.735,-0.040093028654902066,-0.01020165147340589,-0.04455940291088427
14.74,-0.041548518826191136,-0.00436727495279619,-0.03577958949989328
14.745000000000001,-0.034416615436427385,-0.017430422536344463,-0.048526942735357056
14.75,-0.048354441682678335,-0.028018182087072633,-0.03956628613272696
14.755,-0.024757981270267043,-0.017753870015793823,-0.03988446612186221
14.76,-0.028398440273136427,0.0004969483295220976,-0.04082795016378909
14.765,-0.051320013295380065,0.0026003628508726798,-0.02201510128707697
14.77,-0.0370801770991889,-0.017981356095569303,-0.04448501751620991
14.775,-0.05172307734348083,0.00229726388298028,-0.05528497755790415
14.780000000000001,-0.03953592675116514,-0.021958695262608807,-0.04387642098532483
14.785,-0.043110068206507576,-0.004785264747014888,-0.058371557912671304
14.790000000000001,-0.04431176724826186,-0.02525057525749671,-0.04411743215667445
14.795,-0.033843287268863126,-0.01080938199688944,-0.041951696629534053
14.8,-0.03511977271924836,-0.018862891556804595,-0.05148311215964968
14.805,-0.04114352835427953,0.0002291783292761012,-0.04314744422900633
14.81,-0.021344494542671524,-0.022346640036825058,-0.04846645826725561
14.815,-0.036945869342906,-0.00502571531353564,-0.03201241091890322
14.82,-0.024985111165250058,-0.023218846574218542,-0.03462440010409482
14.825000000000001,-0.03616997055311842,-0.01885331871568366,-0.032635690608919556
14.83,-0.0309740089474556,-0.03793369517606404,-0.049744671984093436
14.835,-0.014847891464078842,-0.037222908153118586,-0.03040012276551133
14.84,-0.019681001653129696,-0.020126426213824954,-0.03701441985072609
14.845,-0.045424250685398036,-0.02490517904822806,-0.06029845750908546
14.85,-0.025760282030343938,-0.011538653211439239,-0.032345953472170376
14.855,-0.021328755260648927,-0.007530776346338664,-0.038873709610808285
14.86,-0.020371245954115064,-0.02688046398617953,-0.03186676625597074
14.865,-0.029833660432947322,-0.014019148210496336,-0.04785268824369837
14.870000000000001,-0.0707368745296096,-0.0190034146185706,-0.03560447886280632
14.875,-0.0534001645277801,-0.022136509037319396,-0.030182658361627722
14.88,-0.03341348973328067,-0.021833479819179248,-0.04226735491613856
14.885,-0.027729893202451273,-0.04699005421862651,-0.06793279431689254
14.89,-0.05294578639560932,-0.025879915355987153,-0.06010167801218355
14.895,-0.03913036256680588,-0.022403743665301262,-0.04296134892248638
14.9,-0.05753531396151687,-0.01863383719817096,-0.0416831627964698
14.905000000000001,-0.046255175016096065,-0.008811729427942975,-0.05134199496121257
14.91,-0.034459681611959676,-0.015173015292220666,-0.03520648266193798
14.915000000000001,-0.04919130097481622,-0.029831062749992657,-0.035598814785230165
14.92,-0.024715065615741532,-0.024551928457543157,-0.057223328269732004
14.925,-0.041431221300643875,-0.019182702225052722,-0.06272456917823058
14.93,-0.037410216862163975,-0.01290767416408553,-0.04222242296041472
14.935,-0.03411201914713464,-0.017425394404181494,-0.04252280827292747
14.94,-0.03137915458892741,-0.01335609629422949,-0.04560388153081254
14.945,-0.038442657062701294,-0.02345567056337123,-0.054341144641763
14.950000000000001,-0.03746869378866956,-0.020882709865303915,-0.03559848313853067
14.955,-0.052585633790099486,-0.029818907399340615,-0.04426084702483265
14.96,-0.028395174549346123,-0.016009041870618468,-0.054906004065848474
14.965,-0.041506908428101126,-0.013765402953467952,-0.05057894062029747
14.97,-0.03689862078987658,-0.02982673002492716,-0.04809619857883047
14.975,-0.044401093724620394,-0.030816580240598388,-0.038083770228595965
14.98,-0.03890855453807801,-0.008890788060383651,-0.03573482201719583
14.985,-0.06444869898941763,-0.014789689078106561,-0.05633983039018134
14.99,-0.03158414778480043,-0.020843064944057035,-0.040017845215997654
14.995000000000001,-0.04346465745305147,-0.021402375278954333,-0.050787918968778704
15.0,-0.04515342051406903,-0.019904479400141027,-0.04991250892675241
15.005,-0.018536658377833578,-0.03581853884446594,-0.047393979912586565
15.01,-0.03894393008755659,-0.0284328615942669,-0.03982360532372423
15.015,-0.04626794990459158,-0.018308175291231306,-0.031789709899356186
15.02,-0.06373256021728532,-0.0064200105551499645,-0.035204625599152176
15.025,-0.047694933371075277,-0.00858674276141318,-0.06549542588842014
15.030000000000001,-0.03364595169189688,-0.027346483200821486,-0.054688273541435815
15.035,-0.0442271634801438,-0.019485277492396043,-0.039536010002119634
15.040000000000001,-0.022622405525340818,0.004442833795896195,-0.04489647310350522
15.045,-0.04011000084981638,-0.03337512437383247,-0.046561721358751036
15.05,-0.04110835636685811,-0.029696479214371276,-0.0364080963991988
15.055,-0.025374856720869036,-0.029310632031273737,-0.03197123218784802
15.06,-0.04304472887760615,-0.023798736654980564,-0.024722144538258783
15.065,-0.031953976727037064,-0.03085565267100666,-0.04263408010910901
15.07,-0.04753119228154859,-0.02348512882464581,-0.018837738976306643
15.075000000000001,-0.02358507896743217,-0.020081520468485936,-0.057044243363034874
15.08,-0.04001350857906434,-0.011166882686628767,-0.03656826524836636
15.085,-0.06270426828074056,-0.030517360709355394,-0.03955114840102897
15.09,-0.021360783616586748,-0.02435775675459704,-0.053270666322067006
15.095,-0.03987853324774794,-0.028794772277189386,-0.04466879626935606
15.1,-0.03350962452173817,-0.03297204268578824,-0.05428788504244391
15.105,-0.028970585474827247,-0.04863811937095133,-0.028684220391482045
15.11,-0.049131038538228866,-0.0009099164897606125,-0.044073116012599486
15.115,-0.054105838299806516,-0.03329959437091142,-0.038969488954915574
15.120000000000001,-0.01939147032918666,-0.0410248030750745,-0.035927121307958526
15.125,-0.031142280396713632,-0.02655548599920153,-0.03760384169387651
15.13,-0.0489507805370864,-0.01860104028532466,-0.03453032793087664
15.135,-0.047520297328904004,-0.024200394704896572,-0.043825197362787914
15.14,-0.04847592825619072,-0.012580676833988691,-0.037644355822536654
15.145,-0.04382893468116274,-0.025211307784761286,-0.05749589557680842
15.15,-0.04075408576735476,-0.024461553638338032,-0.06701456409183158
15.155000000000001,-0.05111195042146042,-0.029453161498975054,-0.04453339802210861
15.16,-0.05831202529334361,-0.026494612043719813,-0.045874391302168215
15.165000000000001,-0.04592600515007247,-0.036663589385195004,-0.057532345255084535
15.17,-0.04213070195802043,-0.027216728764971207,-0.04151034292639337
15.175,-0.04416723242297038,-0.03234637908117045,-0.057889751106219044
15.18,-0.04513963242307423,-0.04327907278218238,-0.047448848922328105
15.185,-0.048706133762635925,-0.014088390816895275,-0.0488664468595521
15.19,-0.05713318580127669,-0.04339737947978831,-0.050013766873075224
15.195,-0.0529951295713143,-0.0390871093846796,-0.054235658049863175
15.200000000000001,-0.03919960037511954,-0.029944887837150658,-0.04177101130110529
15.205,-0.039818245503043956,-0.0263127145247347,-0.04861093078681105
15.21,-0.02380682531329206,-0.04344721680902125,-0.033378968275143216
15.215,-0.02746769449121912,-0.04067710868142041,-0.04197537345230327
15.22,-0.04777953271118017,-0.017716237289757842,-0.04242230851828645
15.225,-0.047512388384303356,-0.026906547485278938,-0.05836644478826194
15.23,-0.04345848644330509,-0.005366279372098024,-0.060246161995214514
15.235,-0.052716986508305363,-0.0214330286144861,-0.04117335029772758
15.24,-0.04912913550846017,-0.025441229142188083,-0.051763913007526904
15.245000000000001,-0.05331071094119583,-0.04043811593180471,-0.05239913701528592
15.25,-0.05325353773524128,-0.0011658613493218915,-0.056042166665089946
15.255,-0.034233013971394124,-0.02380129204672454,-0.04086055178970308
15.26,-0.05012996484163261,-0.025032007501934798,-0.045820298120083196
15.265,-0.052726114686686476,-0.034620974402581536,-0.03560409881110313
15.27,-0.04751945347729302,-0.01829084462909371,-0.03660611884096924
15.275,-0.05530959381421688,-0.03526353029016356,-0.06071944296814661
15.280000000000001,-0.0496494023886214,-0.01753537362137006,-0.04619180518229466
15.285,-0.042793699759170085,-0.04613282414917741,-0.033294290252401736
15.290000000000001,-0.05516132020375564,-0.037255586109403695,-0.04529966609453369
15.295,-0.07340454892725641,-0.01560466393820839,-0.05455721772530164
15.3,-0.045472843690682226,-0.021639191082404367,-0.05681858159256532
15.305,-0.04415838302354142,-0.03723851891391666,-0.062235732355046654
15.31,-0.05843970515520694,-0.019442913234973592,-0.03393738027550154
15.315,-0.05833513299227706,-0.008737853421163493,-0.052447711141941536
15.32,-0.04928145194940404,-0.04651902638957698,-0.0335682982298481
15.325000000000001,-0.0403770457723721,-0.030721003281768883,-0.04793425619217902
15.33,-0.05367598840985833,-0.029601103160402594,-0.03446559725686406
15.335,-0.05354969563528394,-0.041669647905818036,-0.05034571304589537
15.34,-0.06289399699812714,-0.051640572013499336,-0.04439443884625705
15.345,-0.04826253293455236,-0.011832300184075032,-0.05623040461141261
15.35,-0.05571163569370767,-0.030363128254518208,-0.06357015095658254
15.355,-0.046610716779461284,-0.028052011936404157,-0.043159671650864984
15.36,-0.028908806389736537,-0.019577990965527096,-0.0472147227727552
15.365,-0.044477700286123294,-0.034871363680976,-0.06811168827055858
15.370000000000001,-0.06669148899843436,-0.030787975139394384,-0.04845549172403979
15.375,-0.054634145082579154,-0.042363503366902595,-0.05267143833369252
15.38,-0.040426086462966075,-0.04996193695988933,-0.044215221483215696
15.385,-0.05410748254661329,-0.03322927994478132,-0.03407212370922978
15.39,-0.05557394529799235,-0.028916763952921448,-0.0349476925802893
15.395,-0.0382244363980806,-0.02449348890239681,-0.05570051698861456
15.4,-0.060649735745277766,-0.040697325863694726,-0.05866569030721662
15.405000000000001,-0.05070296361232837,-0.042086470936176006,-0.0475149369671986
15.41,-0.06109479983809567,-0.030055537634144668,-0.042392552401279114
15.415000000000001,-0.05503487405238419,-0.023045936346437153,-0.04005839678623664
15.42,-0.05711077355500936,-0.02128595062315207,-0.05090116238083217
15.425,-0.05038140207207408,-0.025733418330009715,-0.05787566617886217
15.43,-0.04937868345395595,-0.04433634839436759,-0.05446496129895994
15.435,-0.04427740929964609,-0.04398714960490408,-0.05749686682135869
15.44,-0.049039169809533316,-0.0396819607878402,-0.04749702723497727
15.445,-0.037902821001490984,-0.03978031414232564,-0.05748508507927279
15.450000000000001,-0.04119536377112123,-0.05208710235365877,-0.04889238935158843
15.455,-0.08030996623445781,-0.049684064675059834,-0.041612921286147124
15.46,-0.06987039266695301,-0.027339914529307986,-0.02723899798443668
15.465,-0.051334103712745466,-0.03664607349119153,-0.063711115497967
15.47,-0.05337655617150159,-0.04979879122686264,-0.0446756242001924
15.475,-0.03614346866741646,-0.05034661324142236,-0.04594930314006699
15.48,-0.05596088817683115,-0.036092006960050126,-0.047999870907281465
15.485000000000001,-0.05732330729408487,-0.05085692822221205,-0.05264049575058319
15.49,-0.05616500109485945,-0.03426127419103425,-0.05765748753483355
15.495000000000001,-0.06896477601681364,-0.0480713937365832,-0.06413183984673042
15.5,-0.05366326747041871,-0.02467119402029678,-0.05032003470403623
15.505,-0.0476809397402161,-0.05314114574961324,-0.0705751725148433
15.51,-0.05647618134296878,-0.027174681744355972,-0.05619325020116228
15.515,-0.049052869339705034,-0.050647752874664706,-0.05231193749471916
15.52,-0.05807823428668068,-0.04760898869000428,-0.06312230480311455
15.525,-0.05751399247417923,-0.04978169777212722,-0.05469229651105437
15.530000000000001,-0.05890607685752855,-0.033387773262501336,-0.04073899931818431
15.535,-0.0560788740406733,-0.03936653893328726,-0.044405234828501054
15.540000000000001,-0.057851249164852306,-0.0399920018502537,-0.05116720256854977
15.545,-0.07058573845958009,-0.029542697529346424,-0.0767537020643898
15.55,-0.05212184058059856,-0.02278729956482609,-0.06250378247772577
15.555,-0.055860910817299825,-0.05454579527239988,-0.05813191850470169
15.56,-0.044622085909515205,-0.038088271534334445,-0.042499356206961846
15.565,-0.045645933232175785,-0.03594383669205527,-0.046559736042856334
15.57,-0.07486388167602574,-0.02700988075403294,-0.05544135386913298
15.575000000000001,-0.047785542400350114,-0.028423227893884906,-0.04555823720994078
15.58,-0.044730021944147394,-0.01811588488404363,-0.052991529984629124
15.585,-0.03453166855298198,-0.03172160708809795,-0.0442034517079338
15.59,-0.044100726629303255,-0.02974874569304822,-0.06318118891375207
15.595,-0.05560098181754198,-0.026185867781841905,-0.04796496992785972
15.6,-0.04148365923285399,-0.035605667990394566,-0.052395402464796396
15.605,-0.050519721844666236,-0.024023176184366626,-0.04952647299834521
15.610000000000001,-0.05971556621717146,-0.050595419912691245,-0.06332095889993607
15.615,-0.06050590723710378,-0.031923740320616054,-0.05868746045210728
15.620000000000001,-0.0438414134057737,-0.020280594602289873,-0.041033738681363084
15.625,-0.06088720480484848,-0.05706562520300049,-0.06280115705671623
15.63,-0.056468200211461116,-0.04571272093528111,-0.07560445453512314
15.635,-0.0563422485830877,-0.055572630802738665,-0.06233329553264898
15.64,-0.05447569408970657,-0.04396012929186388,-0.06008424706181065
15.645,-0.051338969379621235,-0.04442516189177093,-0.040169559114139455
15.65,-0.05039777230708651,-0.04144621859054317,-0.06705929217658303
15.655000000000001,-0.04335788696264489,-0.03197040525332108,-0.05845907316281157
15.66,-0.037972028741519295,-0.025042161513132856,-0.05376722329242121
15.665000000000001,-0.04503348613776234,-0.02809091826810618,-0.044935528283359095
15.67,-0.04729531681863669,-0.02853602295513153,-0.07068833692710776
15.675,-0.05304307491816388,-0.03330732823803104,-0.052343029972104535
15.68,-0.053839905791811804,-0.024379085535075624,-0.05422054546859723
15.685,-0.04677492859171321,-0.0226587387153859,-0.032408857984753445
15.69,-0.04881362379778499,-0.04657346795761147,-0.05133939910425019
15.695,-0.04219606201282461,-0.022894101276303633,-0.0529681259222022
15.700000000000001,-0.030404611933042194,-0.017131987636752576,-0.0456364557319815
15.705,-0.034632236086008926,-0.03733092402002036,-0.06322250767050236
15.71,-0.047656288095073926,-0.034708790180692645,-0.053680609402311695
15.715,-0.040509543206181754,-0.02450204204291044,-0.029093220816405963
15.72,-0.06940424032994778,-0.03532105442365163,-0.0367444302807986
15.725,-0.03620042386768528,-0.02321994120410391,-0.042469558175879975
15.73,-0.0632814965809545,-0.03242053777550295,-0.03848908174664714
15.735000000000001,-0.042433519334957974,-0.027668538114842572,-0.04533342495524319
15.74,-0.025311745548776295,-0.029622730451852174,-0.05096513523330296
15.745000000000001,-0.0444352013913141,-0.032653151282374296,-0.05860315088213519
15.75,-0.07105061552858125,-0.030085165997719023,-0.05390895874074328
15.755,-0.05507859758036167,-0.027869416148094864,-0.05622116844600354
15.76,-0.027786807184953237,-0.03429216702459964,-0.052835412165888274
15.765,-0.038148251678167905,-0.025204912605800975,-0.07044176107105785
15.77,-0.05327091706776272,-0.01909898631742821,-0.06439268293167372
15.775,-0.05165808398606064,-0.04340427616381649,-0.06379462502981799
15.780000000000001,-0.05972493211331317,-0.04393567657997404,-0.059678383610963316
15.785,-0.06048719673892664,-0.034886766967061555,-0.06309093662121132
15.790000000000001,-0.05773611870028686,-0.03809821349354328,-0.0778812789599773
15.795,-0.049036714454379016,-0.033472908084586445,-0.059210359520098434
15.8,-0.04244048047222203,-0.02724453263239813,-0.050617523447769736
15.805,-0.07416711675110094,-0.04743900018912741,-0.06287624269422454
15.81,-0.05687962097322894,-0.05319649402238676,-0.05968530183478929
15.815,-0.039090895484441474,-0.03080138504921322,-0.06024828971056761
15.82,-0.05210475215632524,-0.03148066700191944,-0.05660704230629012
15.825000000000001,-0.05907969463355639,-0.03940009999447647,-0.05824715402574155
15.83,-0.034556677539902304,-0.024548527195541067,-0.0701376034798944
15.835,-0.05335070232863836,-0.03713925404698085,-0.07283827771642827
15.84,-0.06755969018686354,-0.03157644286590884,-0.057478830414286926
15.845,-0.045748632916194444,-0.026185809169992805,-0.0603896909781377
15.85,-0.04665522133647103,-0.03555941902216238,-0.06489807789694137
15.855,-0.05496848950831315,-0.038500358843262146,-0.07215230012523487
15.860000000000001,-0.05522803578628509,-0.022065469057333482,-0.07543581992880337
15.865,-0.05865512347170224,-0.021100528239483995,-0.06008439632789742
15.870000000000001,-0.0492141465496599,-0.028123789412079967,-0.06824526662247883
15.875,-0.056357586378425945,-0.044943749867022126,-0.04867555592660372
15.88,-0.052769982857825234,-0.03067843695597251,-0.0528363764426137
15.885,-0.05263296136644789,-0.03147530461279905,-0.0605087076577933
15.89,-0.05805540466692119,-0.03376898166805128,-0.059035518113720334
15.895,-0.05133638958004434,-0.03051045828170505,-0.05399206414376007
15.9,-0.0762115166631859,-0.03663483778293131,-0.07286292306476488
15.905000000000001,-0.025518793091431458,-0.03841163672838879,-0.04250108880557458
15.91,-0.04231879009890954,-0.04895514972491417,-0.05400498245182833
15.915000000000001,-0.04540009113086057,-0.029469378671438104,-0.04687906314431035
15.92,-0.020642061375959683,-0.06445696131034884,-0.056870147569365495
15.925,-0.049873187417224144,-0.017212522523169377,-0.04539639987451102
15.93,-0.05077693947094254,-0.029109671665854202,-0.034250803068988
15.935,-0.034894858828891234,-0.04531793285419895,-0.04976581445609614
15.94,-0.03430835592718427,-0.03445323074156903,-0.03958818381404585
15.945,-0.04929419330844763,-0.042667435444297665,-0.0682839375677339
15.950000000000001,-0.03904901168867571,-0.042195877900959605,-0.06434797395711896
15.955,-0.029617340993898136,-0.019089987438445165,-0.044801691316467294
15.96,-0.05616677129568524,-0.03712594732027681,-0.04320427202713935
15.965,-0.06016295564321091,-0.03569936213539592,-0.03550964201300429
15.97,-0.05046662046548779,-0.03831303405425338,-0.059118297505369496
15.975,-0.047152269917903236,-0.033785952267903714,-0.06885351275312038
15.98,-0.05333247084696846,-0.03009466009058822,-0.04894593486989074
15.985000000000001,-0.047608157940517495,-0.01857540595392856,-0.0455931642938707
15.99,-0.0639674750548419,-0.05136122559455086,-0.04111228048760471
15.995000000000001,-0.05145103460375486,-0.052352272827603026,-0.06271203063202963
16.0,-0.04530510159721964,-0.044782914266309246,-0.060114276311992634
16.005,-0.06193420119487291,-0.05656982111060776,-0.03890149722110704
16.01,-0.052721630140653925,-0.05889229770886998,-0.06397667264344181
16.015,-0.04685151972770922,-0.050403634408984724,-0.0366392238678699
16.02,-0.07041669781307494,-0.03507635784123983,-0.0645014648037318
16.025,-0.07575280324055036,-0.05131769208228928,-0.0387145061395302
16.03,-0.06812508347832635,-0.04362013426117739,-0.057086019028348624
16.035,-0.058144187451762835,-0.04354803456827653,-0.0571222218689832
16.04,-0.060038168238987805,-0.04871065191770788,-0.04662761321485359
16.045,-0.05035292170381347,-0.03060106719832058,-0.05446751063603494
16.05,-0.06235509094139666,-0.044845002147506315,-0.08230702408921747
16.055,-0.05796175826564468,-0.057375724323531156,-0.03422798228383202
16.06,-0.054924804480421224,-0.037104108504298974,-0.05805919254429879
16.065,-0.04482188312073075,-0.03396523815886298,-0.07218785933074821
16.07,-0.06409875725652905,-0.054961509747464714,-0.04922739825408972
16.075,-0.05687825001190533,-0.04527752573271283,-0.036850803732774974
16.080000000000002,-0.05263541233748313,-0.027438544358125268,-0.0555214424214453
16.085,-0.0564311493037416,-0.044218284910389705,-0.04632241988115032
16.09,-0.06516176027552323,-0.042987847570715325,-0.06291153566546975
16.095,-0.045535943665352206,-0.032820993732599675,-0.03976679570245382
16.1,-0.05052180858427646,-0.044405620249082,-0.05660392733987597
16.105,-0.03682523402593148,-0.041632249057927416,-0.07109797375638452
16.11,-0.05829070736570824,-0.04634160859342173,-0.06673835651293426
16.115000000000002,-0.039764294724211044,-0.04075572575397996,-0.053456645274098984
16.12,-0.05045555153792371,-0.03601892716571647,-0.04308679396976435
16.125,-0.03798230561793941,-0.05282458097493796,-0.051792647208712905
16.13,-0.053434283410939615,-0.03571303954887234,-0.060961567883790126
16.135,-0.037408798313963564,-0.04357311841654395,-0.060040855405656256
16.14,-0.03617499502649693,-0.03373353641341309,-0.06848806686456568
16.145,-0.05527823156870113,-0.0388842194691862,-0.049281554681373345
16.15,-0.05234008798314706,-0.057189937852016044,-0.03680324388750068
16.155,-0.04520030996162834,-0.05862702847615155,-0.06497763003031717
16.16,-0.05749450099522944,-0.04815332203531983,-0.06224190244482006
16.165,-0.038961254248551284,-0.033098809256805084,-0.059412233846876314
16.17,-0.0668251386625777,-0.04292152474824916,-0.053737793541043646
16.175,-0.04795659423628665,-0.054940384829651134,-0.06002069393801718
16.18,-0.06638713001158364,-0.019270321917953075,-0.05091906423308419
16.185,-0.032093929079666426,-0.036446628580141825,-0.05613682188350092
16.19,-0.031068018678526103,-0.04375397064211914,-0.0680932155103017
16.195,-0.045392277351817625,-0.046940222674305865,-0.05647079186639689
16.2,-0.04749954404110439,-0.053491236005916445,-0.052907978006015904
16.205000000000002,-0.06764909993397572,-0.0650680490122231,-0.05997325967372167
16.21,-0.03686732359548784,-0.04622169912712479,-0.06572910589804144
16.215,-0.05978259729734539,-0.05836735969646922,-0.048218371625902486
16.22,-0.042712017841116695,-0.0256718561976872,-0.05085590421199037
16.225,-0.058162209765199924,-0.04326461812394027,-0.058970545076219925
16.23,-0.045528185391619916,-0.056365981219443494,-0.053485959669232315
16.235,-0.05212423113699666,-0.04556057216856479,-0.05031240861937298
16.240000000000002,-0.06165838813954755,-0.047217124497966785,-0.04024450098629705
16.245,-0.04678137684477335,-0.0433119860575667,-0.05221466080577914
16.25,-0.06350853708122697,-0.04635939382379879,-0.04231386182611836
16.255,-0.0671373120671854,-0.04036756641422211,-0.05411117701507242
16.26,-0.07287331534703094,-0.048088952382553236,-0.06641145977228598
16.265,-0.06780511512858611,-0.05900066729514838,-0.058376221630147454
16.27,-0.052995098138920935,-0.047376852566133,-0.05663319629480603
16.275,-0.05029246509069669,-0.051504665004407896,-0.05743936236717688
16.28,-0.05340658591968385,-0.06912241114539616,-0.04941193119180378
16.285,-0.059202642528285776,-0.040755639945335265,-0.05019862261654309
16.29,-0.0635805264956002,-0.03725425562805606,-0.07355109767458988
16.295,-0.04682503718850957,-0.050816574804566,-0.06883999749512695
16.3,-0.06991953717661717,-0.051277106998923745,-0.05528694425533702
16.305,-0.06280375758401731,-0.05590862857634053,-0.06348970411588285
16.31,-0.058963481937833934,-0.05817511396061349,-0.042996507667262644
16.315,-0.06487469194701606,-0.058896388668281854,-0.05685165025538562
16.32,-0.06743591752141691,-0.05613774403445747,-0.07427107116551901
16.325,-0.07740184588112037,-0.03938973904616232,-0.05071519653334362
16.330000000000002,-0.0480927835736713,-0.034686087431460795,-0.0758346449083954
16.335,-0.07294212274068475,-0.060306619667707666,-0.06393777656240344
16.34,-0.06412745172612241,-0.040560440906825874,-0.05331420880617055
16.345,-0.06560467530997578,-0.05852102373418698,-0.051107213898985225
16.35,-0.06222896086618444,-0.05364136486400962,-0.06660522463128464
16.355,-0.0672126722326378,-0.049281482036920635,-0.048052811552112384
16.36,-0.06275229303560799,-0.05337268789099456,-0.056426633997973895
16.365000000000002,-0.06564502508518226,-0.050974905976310395,-0.06704208957476107
16.37,-0.07043815192343861,-0.048980667938581864,-0.061778392158301304
16.375,-0.060246311204363426,-0.05461745599972863,-0.06074244955043961
16.38,-0.06078094334956345,-0.06228771336768672,-0.058513090436340655
16.385,-0.04782617353920928,-0.050196847200108745,-0.06947882727887582
16.39,-0.06289119783356545,-0.05167144707412523,-0.07263882284532047
16.395,-0.05623690529763632,-0.0721474833742016,-0.049510673161152687
16.4,-0.05611342024206372,-0.0501216804299901,-0.049990989643626
16.405,-0.07008454051969437,-0.05061130075402065,-0.0675574976507537
16.41,-0.06025066163250889,-0.03893187778173636,-0.06132633098346102
16.415,-0.08381475679614947,-0.04844529784890227,-0.03770156672640521
16.42,-0.0688825701588307,-0.07165527915523856,-0.0558186698809919
16.425,-0.06304799727996524,-0.03856776428907226,-0.061892646658025983
16.43,-0.05589639398332298,-0.06004770883335816,-0.054866121786138644
16.435,-0.06772670835081035,-0.05214156726703165,-0.06795627179430559
16.44,-0.048079013166935344,-0.055604196494256145,-0.05596878421937064
16.445,-0.0625721310127751,-0.053801417030414043,-0.0764397557070832
16.45,-0.07525655669163943,-0.05717075014789434,-0.05260518522283457
16.455000000000002,-0.06005399035587039,-0.03674607252784626,-0.0661548670378067
16.46,-0.060019992685214865,-0.04329883694059788,-0.06539267128373566
16.465,-0.043516330520764715,-0.04597993188599343,-0.054101964318940224
16.47,-0.06299787952753769,-0.058549681051088764,-0.05796608775717404
16.475,-0.056319105278685236,-0.05754505278235407,-0.05121700837061644
16.48,-0.03987235230917968,-0.04662215947876177,-0.05885546835490236
16.485,-0.05543000802229515,-0.05823033148303565,-0.08298435248727279
16.490000000000002,-0.05594295347826639,-0.047903902404627365,-0.05455188328917274
16.495,-0.047713186444260876,-0.04829501640979009,-0.05301318708412725
16.5,-0.06998618985087052,-0.03503288763063191,-0.06272413046979318
16.505,-0.07832375473612203,-0.04976379467610037,-0.05410879256207324
16.51,-0.07808395642141117,-0.062305062572599726,-0.06050246353590182
16.515,-0.06713518187570877,-0.05538426863517417,-0.04945733753802975
16.52,-0.06418864585882988,-0.05392460339230131,-0.04812480160604652
16.525,-0.050168694732038374,-0.06277148586836466,-0.0590329605914865
16.53,-0.05444146918000856,-0.06035730459535782,-0.04391204423376903
16.535,-0.04652315720038346,-0.07405570778744365,-0.04443871809256015
16.54,-0.052514120448094385,-0.057562297309153444,-0.06084375524182936
16.545,-0.0605444720642581,-0.06447361412668162,-0.05501913700063303
16.55,-0.061938757067905456,-0.04613723159031351,-0.06815101702605847
16.555,-0.06007381423105385,-0.05209063674338796,-0.07053037785721242
16.56,-0.05587181807466718,-0.055071048898723066,-0.08509019353441671
16.565,-0.06775623852974354,-0.06292959515802389,-0.06606520356820188
16.57,-0.07178418573190273,-0.056579445997447686,-0.0662205870026012
16.575,-0.05429550889890395,-0.060487179058100214,-0.05895092313203136
16.580000000000002,-0.059526874239978045,-0.050988416795542134,-0.051663879043046076
16.585,-0.0674023652828871,-0.0467209447140008,-0.05923369334423329
16.59,-0.06196063445362665,-0.05636681595849667,-0.05821818014729842
16.595,-0.059392089745393305,-0.06354569515573355,-0.06736708805220068
16.6,-0.07271766288858503,-0.06837356781740124,-0.0689550163395061
16.605,-0.06772687630032581,-0.05785291450780068,-0.07459936235515088
16.61,-0.06428937545891356,-0.08984438513096468,-0.07937176449847629
16.615000000000002,-0.054826183861303016,-0.06527814458908864,-0.06618762217135778
16.62,-0.0616912932572283,-0.05101027121555367,-0.06552394427430284
16.625,-0.04938808053932064,-0.05855827813884267,-0.07012474228371406
16.63,-0.04315611653514358,-0.04571269622707272,-0.060046697225197634
16.635,-0.0567685491662189,-0.05266629065738035,-0.05127882769713115
16.64,-0.06152649100722597,-0.059798746258698056,-0.06373415285455712
16.645,-0.06070080320842332,-0.0732905269561336,-0.07654546813279028
16.65,-0.05255744967934608,-0.054884140149892464,-0.054352861265518096
16.655,-0.053105358357607824,-0.0646360429921714,-0.07722321993279072
16.66,-0.0499583014854343,-0.06581250301147781,-0.049905890668126965
16.665,-0.06251675071454647,-0.07172818859309119,-0.05631076748383178
16.67,-0.057150416124901286,-0.07632296639678768,-0.049471932848483995
16.675,-0.043715997723448495,-0.06257756966909754,-0.0873548225980319
16.68,-0.0716005986573686,-0.06618685505866545,-0.06903976582264551
16.685,-0.0567482643658615,-0.0592247959679752,-0.06982230898250526
16.69,-0.05388666312386876,-0.0663574372035971,-0.06450767025958655
16.695,-0.05252376964733814,-0.060181851303641135,-0.07310588024370109
16.7,-0.03888232353786028,-0.05620418550245492,-0.0521531642730798
16.705000000000002,-0.05718062513085223,-0.0670024488396994,-0.06482174657026331
16.71,-0.05475027025027751,-0.06973392449944078,-0.07095673270035051
16.715,-0.06868065849916574,-0.07713049687816528,-0.06744595077701275
16.72,-0.054749737632678624,-0.0638606993120419,-0.05832482500752752
16.725,-0.04888603650054521,-0.05873506991765033,-0.06314898805498559
16.73,-0.05172493519393598,-0.07208647150878279,-0.0706656697117116
16.735,-0.06634487668620101,-0.06278060902114117,-0.06370004662525056
16.740000000000002,-0.05423467357460801,-0.05877624471860342,-0.07543976496387797
16.745,-0.04781541760607522,-0.0536542435768837,-0.048874073271146116
16.75,-0.06167681525856675,-0.06207124191234874,-0.05967429900504539
16.755,-0.0571116179320554,-0.07163364809831238,-0.0648374047468122
16.76,-0.04571968409594238,-0.06311242896227998,-0.059574377294040644
16.765,-0.058134829385160694,-0.04101451919120605,-0.07072347425485755
16.77,-0.06293505496231083,-0.049123290564807645,-0.08260315569594083
16.775,-0.050984060356415575,-0.056621887577852616,-0.06808894440679346
16.78,-0.04004627842914306,-0.058951756012958295,-0.07254767948660494
16.785,-0.06221213618094664,-0.06776342664317532,-0.06302773010458561
16.79,-0.061645430781105806,-0.05319036510368283,-0.08834572115262217
16.795,-0.06331919509188455,-0.05013331912027155,-0.05600293281956101
16.8,-0.05850900145710841,-0.045747018153313654,-0.06901829352510688
16.805,-0.06733735884751563,-0.04499430290926399,-0.06860106013672426
16.81,-0.04263959383758063,-0.0631930345039563,-0.07721717676196163
16.815,-0.060300692267147286,-0.06791521990110594,-0.08072350455120973
16.82,-0.06760797674832049,-0.0767457642152267,-0.06209252435843513
16.825,-0.06111458965812917,-0.05207368230019936,-0.0723329018545987
16.830000000000002,-0.05095620979713467,-0.06144622439399789,-0.07340428467234837
16.835,-0.06538762172013983,-0.06341361065768468,-0.0690059718300036
16.84,-0.06853837690589298,-0.0773049653775766,-0.07924957026695337
16.845,-0.0686550438986707,-0.06495026946742391,-0.08704922518350569
16.85,-0.07754790661380995,-0.08387689498366971,-0.07077871776643418
16.855,-0.056075704934155486,-0.04952640576630819,-0.06444623936521235
16.86,-0.05825264177747828,-0.07118263453963722,-0.06332956392196074
16.865000000000002,-0.0679542689017601,-0.06735743420866898,-0.07863531639750637
16.87,-0.06082426226560533,-0.06463967416385667,-0.06516177932184732
16.875,-0.07648371406650088,-0.06902874425668658,-0.0798435528484499
16.88,-0.0698905116399936,-0.07434018853698937,-0.07928143544978043
16.885,-0.07834357970909814,-0.0596761551806265,-0.08843279633370196
16.89,-0.052159442285919976,-0.0443725405328806,-0.08036639434097087
16.895,-0.057086806609895444,-0.058290816026609696,-0.06422716589638634
16.9,-0.03179760573719846,-0.07142077597898294,-0.06427034849240516
16.905,-0.061541373668614445,-0.06926518887691696,-0.06300147575762258
16.91,-0.06448603986284622,-0.06208188311106482,-0.07602570616622065
16.915,-0.061740233025466745,-0.06367222068181518,-0.08671546306976208
16.92,-0.05566941752470754,-0.03995941405013914,-0.07245541577742698
16.925,-0.07419378098848495,-0.05933682604886269,-0.06171946760183723
16.93,-0.06480661528268511,-0.05554336991194855,-0.08167047200824554
16.935,-0.05474345198230492,-0.06148027696198419,-0.059267490141876926
16.94,-0.04710593417240579,-0.05258087220055772,-0.07148171223115911
16.945,-0.051757948444171725,-0.05229545934603334,-0.08049234649180478
16.95,-0.07132264120701007,-0.08538294771288454,-0.07055395240453784
16.955000000000002,-0.06028956711000792,-0.05538639191317692,-0.05630820916783874
16.96,-0.05531999300876663,-0.060363322713041304,-0.07721547143722714
16.965,-0.06696437480974896,-0.04374105127963287,-0.06461391287181638
16.97,-0.06044999461460524,-0.05338963658498825,-0.06074786488793427
16.975,-0.04955933669113409,-0.05986804074548875,-0.06808388530299503
16.98,-0.04440140573776706,-0.049971417419748566,-0.06212475194143759
16.985,-0.05590661816451181,-0.06972557093001021,-0.051871933384126157
16.990000000000002,-0.05547950696997849,-0.06276449151558174,-0.08800252670120698
16.995,-0.039425787293288495,-0.05147772725952944,-0.04961172843806142
17.0,-0.0480355051387829,-0.05084501514867891,-0.0630628592333111
17.005,-0.04640685686507219,-0.07204933157191665,-0.07270759242864606
17.01,-0.047122906658957034,-0.059541024193438194,-0.06334893357635016
17.015,-0.06618224048049418,-0.06045788714079075,-0.059377320202953734
17.02,-0.05089097958677967,-0.05474687725589133,-0.05620032992100767
17.025,-0.04342627929975369,-0.0634279485258008,-0.06164531689614482
17.03,-0.04443784677847349,-0.06081048133303721,-0.04790728108525976
17.035,-0.025921554247158828,-0.056650450014015793,-0.07043872184321634
17.04,-0.05607443090308453,-0.06819339255450342,-0.05963292722506724
17.045,-0.04521391545383165,-0.05641403006608071,-0.0787910651343662
17.05,-0.04891340930886535,-0.06916002643345692,-0.07305167136479265
17.055,-0.05626194644018223,-0.057715856235533936,-0.08234540728745424
17.06,-0.051040985558571235,-0.0673819267231115,-0.054372180214860504
17.065,-0.05594698968578339,-0.0672954775921977,-0.07747217072439841
17.07,-0.03950790308058502,-0.06975517321746146,-0.05815958654867277
17.075,-0.061306901771809474,-0.07678892324900007,-0.07758780816626924
17.080000000000002,-0.04567861396024207,-0.05879370301588636,-0.05423547512122796
17.085,-0.05227782108415027,-0.053732691568053007,-0.07617923475054483
17.09,-0.0575654199675607,-0.048356237479839755,-0.059901303324088676
17.095,-0.05332957379409528,-0.05213230593698297,-0.05832608169873261
17.1,-0.0630174984845304,-0.0650029661158118,-0.06725884793648312
17.105,-0.04024876584987552,-0.0653877484471962,-0.07810301194353646
17.11,-0.05206034527409005,-0.060757045685866144,-0.06890788195158186
17.115000000000002,-0.039747949843502606,-0.04643766034522934,-0.07151212059271424
17.12,-0.04504370216483069,-0.039981110017545875,-0.06715622549777746
17.125,-0.04603979055670974,-0.06693700793590567,-0.05781629430210007
17.13,-0.028056470769531598,-0.0676314028196777,-0.06381343977971046
17.135,-0.04343937554424208,-0.05560304553894777,-0.0693607059388716
17.14,-0.06447481770851672,-0.05373045625986729,-0.04674251805329269
17.145,-0.0355228358894619,-0.055903605847338236,-0.05051684517173752
17.150000000000002,-0.05029195099955295,-0.06227803053117812,-0.04190147753147727
17.155,-0.05803616949846649,-0.0787443412989046,-0.06399352883857136
17.16,-0.03176224493511469,-0.04924901966471184,-0.06205301444197452
17.165,-0.05165119215267588,-0.05299261978132368,-0.04891914220588385
17.17,-0.041907316544352,-0.05277495937333086,-0.04840902119292681
17.175,-0.04529478724355057,-0.05400169138665901,-0.05390458100922879
17.18,-0.03848111590542998,-0.06342910798441541,-0.04940568487968888
17.185,-0.04124994126344509,-0.051512225497453656,-0.05303687169430489
17.19,-0.05782396922614303,-0.05456554745956547,-0.04997519379242764
17.195,-0.042139885910034966,-0.02925858266061814,-0.04983333702250628
17.2,-0.05684755998069349,-0.045597747921916724,-0.04965864702755342
17.205000000000002,-0.05569975827867138,-0.05317720656620809,-0.0700495803449083
17.21,-0.042999322213192165,-0.06371610418955945,-0.040831798437326865
17.215,-0.0654963190023589,-0.0354290293451703,-0.051417969925658905
17.22,-0.04681289060495791,-0.048362240981288794,-0.06006837289581611
17.225,-0.06104996740498969,-0.046119184263460025,-0.06217573192563818
17.23,-0.04514889573874695,-0.050918175696893296,-0.058672294788243554
17.235,-0.04121014706584373,-0.036887819687531874,-0.04005970542662034
17.240000000000002,-0.04825823983326795,-0.046369975459694526,-0.05858776867298051
17.245,-0.05338907033205645,-0.057560605022763736,-0.05471647049606003
17.25,-0.0470873715194718,-0.0547680521633953,-0.050957467516423646
17.255,-0.034013460144543435,-0.04079915761435951,-0.06489805237771455
17.26,-0.05464755641412884,-0.05177879567224268,-0.05547795408378982
17.265,-0.05448598583596046,-0.051748673375091356,-0.048233568344060056
17.27,-0.034001425216959064,-0.04525478400756931,-0.0548039077700152
17.275000000000002,-0.04174031044159229,-0.056590790957925685,-0.06269878933444781
17.28,-0.03690205112836112,-0.039334689970443135,-0.055560321090613735
17.285,-0.02979545988199707,-0.034019106448852365,-0.03244117364221283
17.29,-0.045535468331313646,-0.06371401390524266,-0.05304979594293988
17.295,-0.048628879395801496,-0.04103886487943841,-0.04931701695493471
17.3,-0.02726620422322617,-0.039347022774373595,-0.04375704146204518
17.305,-0.04059097066150606,-0.025557730898562375,-0.06707521944925048
17.31,-0.04287073520964138,-0.037886680385295406,-0.04800043972937516
17.315,-0.059254186969531566,-0.05134987264757983,-0.046605643554973
17.32,-0.05291111528238246,-0.045429122037282256,-0.06094982686881885
17.325,-0.03598522285485062,-0.04767422905039864,-0.0425880748820533
17.330000000000002,-0.031267856895729335,-0.044573819864707855,-0.04310846027411874
17.335,-0.039658734504236945,-0.0461257702120499,-0.05285694411054146
17.34,-0.043248192265715704,-0.055362621134741954,-0.03933888636195407
17.345,-0.05013847274586039,-0.03570525166385625,-0.053991560630593405
17.35,-0.041736211004325875,-0.04718933852076771,-0.0664801243011232
17.355,-0.02361571220023996,-0.04288203590329779,-0.06734860988087768
17.36,-0.06436368544426362,-0.03949522982685146,-0.056609313005353726
17.365000000000002,-0.04177673796324537,-0.03777376731858856,-0.04480816057675602
17.37,-0.04048219215705983,-0.05642200576438657,-0.060145775119332556
17.375,-0.06444328745557865,-0.05144117605031331,-0.05017679870229923
17.38,-0.01833523428164636,-0.0475475935033536,-0.06124388226584356
17.385,-0.03543905376375857,-0.04108769962269969,-0.052469576527423734
17.39,-0.0347566322857089,-0.047463344748111584,-0.0706618883582621
17.395,-0.03775593019160297,-0.04297570581974504,-0.0405537793681536
17.400000000000002,-0.04077900288035763,-0.04078982369805415,-0.04625384513657163
17.405,-0.029300577827191233,-0.05185180887477579,-0.06904360756759556
17.41,-0.04077598621173342,-0.064199953241758,-0.044152693911210586
17.415,-0.04229720639021347,-0.04223041910181917,-0.059563724828536106
17.42,-0.056807276104980736,-0.05070402869142843,-0.038182252627017035
17.425,-0.04359397952649799,-0.051421160286783785,-0.04944903032298878
17.43,-0.05786237559181412,-0.03526189598630245,-0.07376418224674103
17.435,-0.04024085998287894,-0.04363727632650874,-0.05789515168486632
17.44,-0.04036832216598864,-0.04746877909872761,-0.06475284533963543
17.445,-0.029969504077713614,-0.041682046659668154,-0.048468480500027625
17.45,-0.03993680621066376,-0.03389001991731289,-0.02991656937231303
17.455000000000002,-0.022733968735962694,-0.04651948216847534,-0.04643709396187742
17.46,-0.021196181397400624,-0.03419166290320793,-0.02976179073353188
17.465,-0.03682222596238814,-0.025310810334481758,-0.05209813535789746
17.47,-0.045973669512474474,-0.05440374319736414,-0.05641943642336303
17.475,-0.03913285603673329,-0.03541761651685775,-0.04227518375494023
17.48,-0.03649756929236252,-0.04566326719083403,-0.040343261414821384
17.485,-0.044329517531737514,-0.04289336680779259,-0.01702429294656965
17.490000000000002,-0.05665694958058868,-0.051630300812462074,-0.038805110341272
17.495,-0.041926291535842736,-0.0663009428861632,-0.05590740228594531
17.5,-0.04155864969397719,-0.05542859817348099,-0.028134793803057737
17.505,-0.04058305193928584,-0.053121989649828276,-0.06658706600759295
17.51,-0.05302954283995385,-0.030971500760844355,-0.04459529378328971
17.515,-0.041245487150832524,-0.06695679476807254,-0.05306407417110168
17.52,-0.02819968606226549,-0.05326065008713993,-0.05826397165297074
17.525000000000002,-0.02664607151544631,-0.04004437454751222,-0.022888530666878758
17.53,-0.04497651125320132,-0.06742851173328783,-0.03228539050420104
17.535,-0.044102127829315246,-0.06380158982615793,-0.04067500448424777
17.54,-0.052602507311503566,-0.04141378414866488,-0.03024556521996725
17.545,-0.03865180674706713,-0.04776952393367036,-0.042896917987590065
17.55,-0.042754487138376734,-0.036322068000488004,-0.05548377543873348
17.555,-0.05147523440378149,-0.04654249284627603,-0.04689223566617727
17.56,-0.04630311554262497,-0.03324548037863761,-0.0367767306322605
17.565,-0.053161823757155044,-0.049315755656678825,-0.04240909982741545
17.57,-0.0460782558216225,-0.06018458350312748,-0.0441618914998238
17.575,-0.03225111945663066,-0.05065247620600624,-0.02727667049191891
17.580000000000002,-0.0487954022991236,-0.05547996715618549,-0.05014721098947361
17.585,-0.04360545859708857,-0.044777162151387516,-0.04646395446924226
17.59,-0.02830850554115104,-0.05002903863469552,-0.01551297249052061
17.595,-0.037518643526628884,-0.03819291314734036,-0.05169340620927994
17.6,-0.03215894062747141,-0.04523881237099722,-0.04060574146689766
17.605,-0.02924756727306807,-0.03828669743550845,-0.032749422789813576
17.61,-0.023225013546141662,-0.04259282899085026,-0.03470299489577356
17.615000000000002,-0.03188227953553655,-0.0316370138514643,-0.03339619892227555
17.62,-0.04632323189338519,-0.029703978528069414,-0.04590299603613682
17.625,-0.03285248264812736,-0.043068486673951946,-0.0543316859512771
17.63,-0.014359371896185857,-0.03348680680747554,-0.04844586106648013
17.635,-0.05645956900355399,-0.03542555350975497,-0.02745426986081925
17.64,-0.0555806992088686,-0.036576446593936385,-0.05238419560613318
17.645,-0.03727362709992685,-0.050714522414469575,-0.04360461992546745
17.650000000000002,-0.04578548862651,-0.037793426966293224,-0.05327222903135195
17.655,-0.04492266923937897,-0.050913245093674085,-0.03673372281051601
17.66,-0.03550961747956733,-0.06106954995728385,-0.022926370588404885
17.665,-0.03767869280763481,-0.04284268245482808,-0.028452414901888212
17.67,-0.03273381630037236,-0.04888339970149927,-0.03905860766528298
17.675,-0.04487581953307887,-0.05576855125995157,-0.020213651861456107
17.68,-0.04034395510723683,-0.033551145306401534,-0.022590945738908654
17.685,-0.0413482051574979,-0.05008693968857264,-0.04656505902090233
17.69,-0.05622475995563442,-0.033050237201183205,-0.049831640624171475
17.695,-0.036130509400355934,-0.050569820298521875,-0.03328026745487234
17.7,-0.05167861566298055,-0.03720801692495618,-0.03570298627157452
17.705000000000002,-0.05224914458477338,-0.043273286447118135,-0.05613102061334443
17.71,-0.04199074595847576,-0.044853030317831236,-0.03748411805450967
17.715,-0.06157985462853835,-0.03849177766251565,-0.03593964106794996
17.72,-0.04343734387658639,-0.046594974061371044,-0.04417677640832904
17.725,-0.05557919605767373,-0.04760128346333138,-0.027066168980225708
17.73,-0.04232688263777809,-0.046419087112017685,-0.03719048720692507
17.735,-0.031166681239100727,-0.04997336843038491,-0.04250062337166852
17.740000000000002,-0.02689701227046486,-0.053391321440469874,-0.03449290764042514
17.745,-0.05020286904288022,-0.05419667245154774,-0.027908168350490266
17.75,-0.04539290994496516,-0.04954591409390065,-0.05006153754948743
17.755,-0.03212868823580507,-0.035793308122042296,-0.035344170612171995
17.76,-0.03756492969751827,-0.040717860791355205,-0.04586837069370654
17.765,-0.036805874825166694,-0.03671880740351451,-0.03261178952343795
17.77,-0.047464068297122214,-0.05044461387132774,-0.037387917821994146
17.775000000000002,-0.04561801249084652,-0.046710914843566174,-0.04461998281732049
17.78,-0.034357582081793986,-0.054311012461844894,-0.035440852538598924
17.785,-0.05160293985219793,-0.053914386126310276,-0.041620457016283946
17.79,-0.05525008296747759,-0.04032331763696023,-0.047753209302449924
17.795,-0.03765188829538279,-0.05087431338561721,-0.020943608386123552
17.8,-0.0464345064693593,-0.059203268106184835,-0.03160620874542576
17.805,-0.07351824484030436,-0.050805319009958994,-0.04702663201983988
17.81,-0.04753125762469236,-0.02576469352192637,-0.03656324241700513
17.815,-0.05230866523873606,-0.05008884113577426,-0.034844781575219044
17.82,-0.05967459098806753,-0.05995347068264106,-0.039457906056208414
17.825,-0.05691084895215831,-0.04046575872503379,-0.043907181859219865
17.830000000000002,-0.04331147360540375,-0.04789896624092404,-0.03894435833260167
17.835,-0.045912223578542494,-0.0292522584945717,-0.03604999169052265
17.84,-0.04080992049041654,-0.06273649066218388,-0.02727700458898526
17.845,-0.05276205441764223,-0.03061367122185967,-0.05394554574080558
17.85,-0.06317486711764245,-0.04087193165595261,-0.02783018874672864
17.855,-0.05262010803606741,-0.037642099299722453,-0.045308117026882755
17.86,-0.06421707924528687,-0.0357756627852382,-0.021531640654992378
17.865000000000002,-0.0545171766186403,-0.04855705192038616,-0.041600715423157145
17.87,-0.06096194221135416,-0.04951570426703486,-0.04829950544720045
17.875,-0.04606280146195624,-0.03799029579089257,-0.03036971432409734
17.88,-0.050912034889607126,-0.04543586213196682,-0.021716944412703394
17.885,-0.05208792227416362,-0.04975080136072392,-0.03596962289903515
17.89,-0.0509575167654374,-0.04630426929071838,-0.04319021614272697
17.895,-0.060993511415320154,-0.05601868136895006,-0.03561371050023655
17.900000000000002,-0.04734849469241414,-0.06369179808020528,-0.03221689230826882
17.905,-0.04926273083733873,-0.038235307454010124,-0.02096421263072556
17.91,-0.02353199383612053,-0.056251435351471646,-0.015015811453462632
17.915,-0.0378217070935083,-0.0568103722990741,-0.017945907871560553
17.92,-0.05010680754820236,-0.03332862576161691,-0.04977089216714253
17.925,-0.038225132196430235,-0.054179552187270226,-0.041264004659317136
17.93,-0.04572005550913322,-0.06796170132994957,-0.04042733453410757
17.935,-0.03297556872515248,-0.048047640502102085,-0.02378267836806114
17.94,-0.05050473346245464,-0.03950630962825747,-0.01201458120865857
17.945,-0.05000762074339623,-0.04162838022304359,-0.044840532447616724
17.95,-0.040225579198067164,-0.03793429298681103,-0.03325065640549437
17.955000000000002,-0.03298919268453386,-0.04627429029436497,-0.032060534876484414
17.96,-0.04426318970588357,-0.047694419083679454,-0.04023619471847863
17.965,-0.042497377179987375,-0.041765110786468745,-0.029742635820835927
17.97,-0.04773115182994523,-0.030831456045668098,-0.014639696647791477
17.975,-0.015178417008965526,-0.05556120802137781,-0.018751316087743636
17.98,-0.03675985042070471,-0.03698521479380813,-0.03972294113916703
17.985,-0.0414269985967339,-0.04571871348407406,-0.033688590834887025
17.990000000000002,-0.03573282518221988,-0.046000578220784134,-0.04166742276664168
17.995,-0.047980733316395144,-0.04416717172589346,-0.025214252051004363
18.0,-0.05890087184180591,-0.04556686703560768,-0.012965916748418183
18.005,-0.029769322163812978,-0.036760285673732324,-0.04679578915311527
18.01,-0.025998878687684607,-0.03726419665663136,-0.028701186338056357
18.015,-0.03439639269995878,-0.045684486624468314,-0.04010954131199039
18.02,-0.05754833762865406,-0.019373125529333266,-0.030020991788694464
18.025000000000002,-0.046761950900140764,-0.034411855181230785,-0.036536619834108816
18.03,-0.03455854345410755,-0.018513308030368374,-0.023073159977938663
18.035,-0.030870735968141647,-0.0363703668116918,-0.02927618076059731
18.04,-0.04436844910238774,-0.0365296933014221,-0.025232765453471293
18.045,-0.057297282578595926,-0.01708839144332911,-0.050770617438855324
18.05,-0.04958226542251652,-0.01873757605725456,-0.019593163770141316
18.055,-0.03605848273459779,-0.035710758273210366,-0.02212273914605158
18.06,-0.03660390200370968,-0.02465929983096122,-0.031164535710291454
18.065,-0.03947124542897004,-0.03685110573983562,-0.03958042380679761
18.07,-0.04828092153034486,-0.04798280748544365,-0.030319855919368914
18.075,-0.05716907173791597,-0.05468458837761671,-0.013099764573342242
18.080000000000002,-0.05748464404963318,-0.03361812952622388,-0.02817495711735076
18.085,-0.03702819932830847,-0.03653032886346112,-0.00845259275854527
18.09,-0.030252673781180576,-0.04955343883270613,-0.02937892719475859
18.095,-0.05480535902529366,-0.034629377793312585,-0.02082059508744059
18.1,-0.042679565855962734,-0.06736975775250935,-0.0286856244623515
18.105,-0.04769799816781194,-0.049243166606393766,-0.013427890593827613
18.11,-0.04121701809012812,-0.04716631863976039,-0.03235591695750225
18.115000000000002,-0.057089907493710984,-0.04265074788208058,-0.003287169510612146
18.12,-0.05144802086989532,-0.022764456484876787,-0.017188929259763546
18.125,-0.03925958345436015,-0.04930403017418077,-0.0317168674331203
18.13,-0.040444720134306535,-0.04404923303719408,-0.0170681859485098
18.135,-0.03782607357447802,-0.04891361329755139,-0.01911970722817612
18.14,-0.020951635865514375,-0.03403426650648702,-0.016671531851529364
18.145,-0.054706385504049077,-0.03148011277431481,-0.04698750732505384
18.150000000000002,-0.032233409063994446,-0.03924718529368183,-0.03040468792564794
18.155,-0.03505459902266471,-0.05445394491518643,-0.013129588860844133
18.16,-0.019172362379775272,-0.04305653209334339,-0.05495042839575774
18.165,-0.03261029837226992,-0.04048254737321534,-0.017989986536247192
18.17,-0.04340990835631654,-0.01739790898048387,-0.032098309360073796
18.175,-0.03633907865790212,-0.039813823552254074,-0.02734301694502965
18.18,-0.029907875814777038,-0.013363101614316406,-0.0291013455491795
18.185,-0.025380453338134712,-0.03427924777559671,-0.020394416452325773
18.19,-0.03288863896895232,-0.03275460832814363,-0.008349560236246324
18.195,-0.027690422366453776,-0.02256096136807939,-0.01919596983439812
18.2,-0.03587861850926129,-0.04443187804506139,-0.036539949616620895
18.205000000000002,-0.024008786503452124,-0.06273901967114197,-0.023907588408018862
18.21,-0.0304948401322521,-0.02935301214408423,-0.01462702166722274
18.215,-0.019953998690460512,-0.033529679083401584,-0.00949819614931258
18.22,-0.033910166063800484,-0.023836713473544203,0.0005606312279414043
18.225,-0.030344496472081803,-0.02879806827471575,-0.016660580656339206
18.23,-0.01786379902243634,-0.04776262390829425,-0.04085638343034384
18.235,-0.018908445760656957,-0.016615219029207623,-0.04370773186721007
18.240000000000002,-0.04374730276042034,-0.04416514439428539,-0.029402135442852043
18.245,-0.054777300096725934,-0.025876061886575666,-0.05334605181067593
18.25,-0.033994833575286126,-0.03657445547805139,-0.03603241933632201
18.255,-0.04836075528470819,-0.028382197033695496,-0.02929972079012925
18.26,-0.034254853118107935,-0.027320198904884373,-0.04003083327173572
18.265,-0.014012003143332952,-0.023640526020389786,-0.02309377101635478
18.27,-0.054089844341905835,-0.022489446219861507,-0.0255778298605523
18.275000000000002,-0.04735556735604195,-0.011426542534648471,-0.04601998819256476
18.28,-0.03891135927162444,-0.04199967787458101,-0.01541016052583618
18.285,-0.032511347424153514,-0.02093597172932902,-0.021906877997009792
18.29,-0.04674691482122441,-0.044990497340623825,-0.03858154036987211
18.295,-0.03492800129839992,-0.03255587671295743,-0.03285066690987465
18.3,-0.02923941805265122,-0.04051259494829516,-0.020609393442975184
18.305,-0.04277724757596833,-0.03485552959112521,-0.020209844257077562
18.31,-0.035264880281881086,-0.04234877644851513,-0.017144634270970613
18.315,-0.04968938287191814,-0.03297998775513837,-0.0028910070249638688
18.32,-0.05156379463391896,-0.024254458944380462,-0.01929663996292099
18.325,-0.03382756836494301,-0.036627756050341756,-0.012799243187546903
18.330000000000002,-0.035622806028225956,-0.02234333812336657,-0.009079011823492647
18.335,-0.010804963006327823,-0.037183630434986834,-0.022393346337322553
18.34,-0.03657321211083413,-0.037161771113975534,-0.010953025298438095
18.345,-0.036403132989296406,-0.014793926623531718,-0.024299053318712415
18.35,-0.02261953149115987,-0.057477866825649135,-0.00906234619370087
18.355,-0.027527246488410456,-0.030125543585800572,-0.011923464513659082
18.36,-0.027980742060653045,-0.035740199298133525,-0.023930505252444927
18.365000000000002,-0.03920571600795591,-0.0165534745885728,-0.012019569891323967
18.37,-0.044588430083180156,-0.04444784822329885,-0.022680526723532525
18.375,-0.0159782276899541,-0.039599175990547984,-0.013417345252410548
18.38,-0.03064494740059805,-0.04581587621688655,-0.0328598640238519
18.385,-0.0312530184549897,-0.05265256330100254,-0.022133413212750842
18.39,-0.0337736410997098,-0.03850372195268837,-0.005227698609515222
18.395,-0.033115720553794255,-0.034192135826550916,-0.0005632615979732566
18.400000000000002,-0.026262913505817904,-0.025314516758372478,-0.029991994315864388
18.405,-0.03739740233628834,-0.03615252906597719,-0.03064856319504947
18.41,-0.025449050491055066,-0.01608279383494656,-3.4029139776736717e-05
18.415,-0.014861613432181649,-0.03568484550060362,-0.027665694662462017
18.42,-0.038185005544974074,-0.04940845593808932,-0.02244478649542621
18.425,-0.030855303801827834,-0.04263983817603749,-0.01370469293036606
18.43,-0.04095871875032699,-0.0393696865682441,-0.026288971143650395
18.435,-0.023731592915244657,-0.013715740177796676,-0.0048853077873194685
18.44,-0.007563280268105984,-0.039444798745842495,-0.016777707238166285
18.445,-0.018254626413405993,-0.04733384747171625,-0.003137828159333566
18.45,-0.023519679699127383,-0.041651434044942724,-0.010690120743824319
18.455000000000002,-0.021832513368044433,-0.036000311872797605,-0.04691657886443059
18.46,-0.01781176397339307,-0.033755903631811746,-0.013399348950414947
18.465,-0.028238732068034032,-0.029213773644724925,-0.018327747888885727
18.47,-0.01426681609512541,-0.03564363380735104,-0.006088147033585303
18.475,-0.018323042271648788,-0.01235550714311002,-0.005134084795202241
18.48,-0.030797176925734616,-0.028744234493479893,-0.03181799704596942
18.485,-0.03786198191860653,-0.02345062274969411,-0.01790995287534059
18.490000000000002,-0.015605077260764492,-0.02015408514686337,-0.009746472914745934
18.495,-0.026536943757405024,-0.025250436796660197,-0.015229993073849115
18.5,-0.019223942262504654,-0.023287852367529588,-0.01952004022335702
18.505,-0.026713238925621205,-0.026129019699707004,-0.018928176179911747
18.51,-0.032583263853146,-0.05217030621564858,-0.005413080956306798
18.515,-0.015645734830388613,-0.04465558198666129,-0.0035617052843774782
18.52,0.006074102539086449,-0.03494113861945713,-0.019404242311284358
18.525000000000002,-0.030486263461831573,-0.013698921636440388,-0.037836977896537435
18.53,-0.008211745373733287,-0.01436419371372515,-0.04062150553635292
18.535,-0.01627354896389305,-0.03979889429009218,-0.01650182974760897
18.54,-0.010220877534202366,-0.027660292933302928,-0.010849505943408784
18.545,-0.021953340420002812,-0.0167029264164823,-0.0321132540309117
18.55,-0.032937241520882704,-0.00919011323601098,-0.0409468368773373
18.555,-0.013269301903863663,-0.007676592356735047,-0.022294465457333563
18.56,-0.017729638106788466,-0.024363193953058575,-0.01564056813632544
18.565,-0.017757962896421075,-0.009834195431008205,-0.0026359590374607465
18.57,-0.020701580834325876,-0.027263279587656293,-0.0014716053236384884
18.575,-0.016753497162572933,-0.016854423803827755,-0.009778380896734117
18.580000000000002,-0.010397936675338114,-0.02344977350493937,-0.021996243007009177
18.585,-0.012893658486223078,-0.00396560454526978,-0.026618455711712005
18.59,-0.0058861473687356804,-0.013476508533490429,-0.0031672930884851028
18.595,0.0024278780288065956,-0.012560194796564188,0.0024296614390829745
18.6,-0.022576988163279826,-0.020068345469343378,-0.010043209252010625
18.605,-0.025123495476387966,-0.01308645788639347,-0.023819820416717447
18.61,0.002420505577870439,-0.0050881692322333714,-0.017950600935524856
18.615000000000002,-0.03746341462853393,-0.02786328033940312,-0.03274369217997332
18.62,-0.02101487108489548,-0.00544650278894827,-0.019750416236769215
18.625,-0.013331973746379103,-0.01994981375285448,-0.018682776383417952
18.63,-0.018502710569467794,-0.02389278531959537,-0.03273416494109578
18.635,-0.0027967546963917015,0.0024785802751615595,-0.03477166429926157
18.64,-0.001328458377147788,-0.029902755986923116,-0.01887508014174023
18.645,-0.020598808908120176,0.002487428914825243,-0.028096575617061678
18.650000000000002,-0.032220942541361854,-0.008435248488932092,0.003284048142113624
18.655,-0.009199823795492732,0.0043049711908740695,-0.023409525227688632
18.66,-0.011773370656995389,0.0013164894894901816,-0.0014497741538046192
18.665,-0.0023680243755751992,-0.0007430410695856808,-0.009592867445513
18.67,-0.006217066845157808,-0.023490715007490424,-0.02074688278215304
18.675,-0.011680499816826832,-0.02272123709496109,-0.017546426487926092
18.68,-0.006240789785213615,-0.019350278023781625,-0.019042243417902057
18.685,-0.004130651558491119,-0.012479856458650383,-0.01156294293884367
18.69,-0.010915757580255349,-0.0037229308365624367,-0.010028648096296909
18.695,-0.013531609075330698,-0.027559821768211902,-0.013901916573636146
18.7,-0.011062623343568173,-0.02165472988521748,-0.01260485698354306
18.705000000000002,0.0013265870565762582,-0.008236448379139762,0.008623965561117757
18.71,-0.005172783025980635,-0.02327983458257302,-0.0027759529074990255
18.715,-0.007969984094742599,-0.005812157203722707,-0.009142162325261143
18.72,-0.008808099315235032,-0.02095547382608733,-0.016121629159934793
18.725,-0.007708038044884239,-0.016644470520498653,-0.01801813120122931
18.73,-0.009379525246206966,0.002641395447099539,-0.024032533588592406
18.735,0.0022056044694568587,-0.0068275137173449095,-0.016837107490118575
18.740000000000002,0.006156421535698554,-0.00826432645383511,-0.011488191292093854
18.745,-0.013574850750254941,-0.0210645258495197,-0.02217949349731564
18.75,-0.015402945838852971,-0.024661518455402955,-0.0030875035490390695
18.755,-0.014660579480201275,-0.012470121124711537,-0.021779413318369144
18.76,0.007555432869623747,-0.024179653471279643,-0.011840116717542887
18.765,-0.0039024240441625667,-0.01082732869945803,-0.023733075480226323
18.77,-0.0022633108113422557,-0.020319484933792376,-0.008948086334864856
18.775000000000002,0.006928060610335341,-0.025063523018123486,-0.010005414915170673
18.78,-0.008355341902520139,-0.006687462849017811,-0.01090930163778743
18.785,-0.020770939043967908,-0.0103559359580639,-0.019113157599414198
18.79,-0.017850069566317676,-0.02675862402745731,-0.02071956897338524
18.795,-0.009010769355498856,-0.04004371577987404,-0.001182345670125505
18.8,0.006839698817083255,-0.01564321116895107,4.7725588377491024e-05
18.805,-0.003236234375884039,-0.021973549493401832,-0.005822961327713531
18.81,-0.005687767269252164,-0.0026242842911563743,-0.007831883061369178
18.815,0.0033679656727773665,-0.018984633026772977,0.008611083671468726
18.82,-0.0017136638276457942,-0.009081454993782156,-0.010510273451294794
18.825,-0.008741909876772164,-0.022593536822799475,-0.00369403631487146
18.830000000000002,-0.0065903549410380145,-0.01706891003279179,-0.014690914707224334
18.835,-0.014453437066813579,-0.019308143621146415,-0.012608649719106593
18.84,-0.005215864135194906,-0.015039974500398415,0.005876228181654175
18.845,-0.012368561992334662,-0.0006254151752054411,-0.007654272525616061
18.85,-0.017643256009918184,-0.011888199011992933,-0.0087351384902278
18.855,-0.008858949935509156,-0.03759598184706171,-0.0020605139670691053
18.86,-0.008292555573944196,-0.007440714503330337,-0.0004412778582751631
18.865000000000002,-0.016337818938567717,-0.024572307830703802,-0.014177086166449734
18.87,0.008947280811303861,-0.01967643339336463,0.002590173748904412
18.875,0.004476807448802195,-0.009723991613405213,-0.007650459915077158
18.88,-0.02752337752683148,-0.024401390599139025,-0.011702247335504713
18.885,-0.006431823750804112,-0.00524351826616367,0.007178229652853779
18.89,-0.013128839072664773,-0.005297382527568915,-0.007842365684549789
18.895,-0.005597621780477483,-0.01911450925704223,-0.02739644252738284
18.900000000000002,0.009744570496185786,-0.016649454390463635,-0.0183345234129551
18.905,-0.010491365894845821,-0.01997382392488352,-0.004247594421213953
18.91,-0.04285750528952052,-0.01163381621011882,-0.0019505404072686153
18.915,-0.016109388489974258,-0.02682325520288889,0.004590656644948458
18.92,-0.021952170103742924,-0.005786561434614864,0.004042961715115263
18.925,-0.010242553932115515,-0.027223743755729852,-0.019073714731815145
18.93,-0.015076923696215428,-0.03216731561839169,-0.01824486792460694
18.935,-0.005012971172783033,-0.005039382281091482,-0.005041868802814702
18.94,-0.017448876971771658,-0.01389621870104156,0.0007680332599228033
18.945,-0.03510333632353223,0.009839027316891258,-0.021841582782366507
18.95,0.002234124960976266,-0.011200806020269845,-0.013028357307035887
18.955000000000002,-0.021723990490157066,-0.0284577662781411,0.01010825483228641
18.96,-0.025564089825010072,-0.017859098870544803,-0.007513190541737165
18.965,-0.02857827914616025,-0.01436096337868703,-0.02655062327690476
18.97,-0.018278609316623926,-0.03451593484431657,-0.012380761452461468
18.975,-0.03955197326944825,-0.028186565020932974,-0.017190261005377787
18.98,-0.019754781427030056,-0.03184321437978058,-0.0003391997863480753
18.985,0.0030134228228822346,-0.022069220778082627,-0.00042780362979168846
18.990000000000002,-0.008921158127871712,-0.02228644437173122,-0.016568661176345346
18.995,-0.011456609302587044,-0.014720219991346897,0.0008710774112996866
19.0,-0.009660576559111404,-0.01594361739951907,-0.010730603081750351
19.005,-0.035918784560500856,-0.004489256340286081,-0.01273630911729106
19.01,0.0011926011559803308,-0.019738247664315117,-0.01253116406757292
19.015,-0.018438261214868065,-0.012301167149340791,-0.019581019135647946
19.02,-0.02212757967177014,-0.020324362962293382,-0.0109910972146266
19.025000000000002,-0.024589124415868385,-0.014772963833428014,-0.012725178235904182
19.03,-0.0189943104378207,-0.036164955210913965,-0.0272142545964098
19.035,-0.02546965739162687,-0.006609259021178957,-0.0396016332235027
19.04,-0.027286043637521573,-0.016545129456599496,-0.01661746308172146
19.045,-0.014830566691881061,-0.006144317235833129,-0.008609406526604746
19.05,-0.0073734062960665436,-0.007625115150108873,-0.031147949783681385
19.055,-0.01728684673869493,-0.025620624970968016,-0.010897392349896857
19.06,-0.03590984372451983,-0.03455596626222372,-0.007419388002034625
19.065,-0.027176723565511596,-0.02394564880897039,-0.005332818173308364
19.07,-0.011539214123989696,0.0025804517533828484,0.00015884038372881298
19.075,-0.018652980969591823,-0.047336529132826856,-0.014266698374006515
19.080000000000002,-0.015131829303340208,-0.02211221718783573,0.019154267158791483
19.085,-0.0014763818201693323,-0.02003551444932558,-0.011021833187403192
19.09,-0.02923438172135759,-0.023568097296082655,-0.004766798499144978
19.095,-0.02951841070396884,-0.030189063190174073,0.004615173329872144
19.1,-0.03405258944814249,-0.025491540605299245,0.008171051944674244
19.105,-0.01875654907462097,-0.009676055758593129,0.003534312003415755
19.11,-0.005437029174297501,-0.005354942512824815,-0.011483415098037627
19.115000000000002,-0.018681300840302176,-0.03205136135371971,-0.006295989242474095
19.12,-0.037750343465739716,-0.03220137780464903,-0.01730683765463622
19.125,-0.01786100244277765,-0.01389319480373306,-0.024841092464377414
19.13,-0.01723207476982079,-0.024623147483420687,-0.02252989175862655
19.135,-0.031914190889554814,-0.027045963467024127,0.0018368674652082077
19.14,-0.02051833654988236,-0.008106072990126754,-0.022325613678393162
19.145,-0.024068288084201868,-0.009318143609718107,0.006089667700269068
19.150000000000002,-0.0023105349274722548,-0.021751005500429896,-0.014889251244941268
19.155,-0.013833730566673884,-0.011992173038650779,-0.006918096994590568
19.16,-0.025665049081545467,-0.016868374321540137,-0.020179137274857005
19.165,0.008195877830648124,-0.02419800270256111,-0.00831956963001564
19.17,-0.010642401185471894,-0.015090753862017341,-0.004067431825409008
19.175,-0.019323312581398983,-0.0203511026148584,-0.007723546404446335
19.18,-0.01703863529312197,-0.02735017553902155,-0.01983789502091117
19.185,-0.012310657585567653,-0.013925821576614646,-0.012956420116484721
19.19,-0.009804022757093422,-0.0005541736137794732,-0.005156497473244832
19.195,-0.0025885392254337627,-0.011527622195773926,-0.015212660917371217
19.2,-0.021796916802871456,-0.01269643110517987,-0.021751233410127937
19.205000000000002,-0.007001523668373045,0.001614202808919836,-0.023213681666742595
19.21,-0.011020013032049285,0.009905453220538745,-0.019016922101150417
19.215,-0.014665342357636802,-0.010719098585241772,-0.004845240480593989
19.22,0.0025583150565389907,0.00014712282625976153,-0.003830510251275277
19.225,-0.020799878060191963,-0.01362271235591575,-0.009316997038376223
19.23,-0.016662131141074975,0.019203522215911376,0.0004617350428433621
19.235,-0.023758874525019243,-0.0033799042351021803,-0.0005536341314683751
19.240000000000002,-0.011854310070371696,0.009169892467108639,-0.014368556052595943
19.245,-0.014448818087012733,-0.01486976129043123,-0.007825095427635952
19.25,-0.006842378150276683,0.0016814454243390155,-0.0037410433197867902
19.255,0.005594471364087063,-0.0012598907810874131,-0.015592756698199057
19.26,-0.012486565514719116,-0.019969830654353395,-0.004925983563293088
19.265,-0.012157539901862538,-0.01120634203630868,-0.03155493568270182
19.27,-0.018486093294139395,-0.0107871351086592,-0.0193811845671197
19.275000000000002,-0.031474931803999545,0.008663668050676289,-0.01325365668268547
19.28,-0.0029235052239705156,-0.013069426764999448,0.003978962629771463
19.285,-0.02039287591858339,0.0022348975830514956,0.0001688857138612311
19.29,-0.02895748864273828,-0.007106808898186247,0.0041335706847747886
19.295,-0.020830216497883074,-0.010718857709739293,0.012295624321378238
19.3,0.005880327230119499,-0.0009838723137495058,-0.0008508358917294345
19.305,-0.019081264305227233,0.0043242369671830545,-0.013699743790186826
19.31,-0.013725513045827767,-0.02259172980237159,-0.002003227241256067
19.315,-0.025907775132909976,0.001735966135699745,0.011406835327535055
19.32,-0.021064664796944906,-0.020008398199210353,0.0025814613997288405
19.325,-0.004550374557969873,-0.007321285529718228,0.021774671168179716
19.330000000000002,-0.004575721633428134,0.008636893401858612,-0.005201540768810763
19.335,-0.01364537041223353,-0.007682894824428205,-0.012409186227855154
19.34,-0.004769642700883325,-0.018271576912719828,-0.020003481842318774
19.345,-0.010487504160369334,-0.029397317605096153,-0.017507516136046
19.35,-0.010194197046300733,-0.004067999850393748,-0.019290157571917856
19.355,-0.03500589563687043,0.011495433454495552,0.00812318654859499
19.36,-0.020397650756243342,0.004338838991679746,-0.008940537220719781
19.365000000000002,-0.00859617886448046,0.0037851891027095574,0.016656991818760538
19.37,-0.029175214623766807,-0.006368865025154553,-0.007729479358194777
19.375,-0.049851607174854644,-0.012964447445297175,-0.005958096736015446
19.38,-0.031846979612426225,-0.015951149615028824,-0.012960132308344065
19.385,-0.03328944769026429,-0.013882356678008745,0.008623042973957471
19.39,-0.006658698309831339,-0.010019684210343442,-0.019455625443863422
19.395,-0.02623084217392077,0.002296968427187532,-0.02104544744905955
19.400000000000002,-0.013627060042436977,0.0039915989264988384,-0.011028934129882248
19.405,-0.01849981789819499,0.006462666028177681,0.009071465185533756
19.41,-0.01988473926221569,-0.007388194561853734,-0.00391938630218
19.415,-0.02269504150519392,0.013156162583719787,-0.0032773512345470462
19.42,-0.029400313743715295,-0.0017260967438739554,-0.0013061587423389073
19.425,-0.03225994936547974,0.00888880950098717,-0.022816441943351654
19.43,-0.03307960099203649,-0.0032919786300083798,0.005034092961556172
19.435,-0.028572426056448053,-0.026580117522035197,0.02764210618063842
19.44,-0.03857898886567401,-0.013136444375506463,-0.003011823311495826
19.445,-0.04127463293993626,-0.019416127492274657,0.0038632600662568337
19.45,-0.04076836097203056,-0.0017666925854233698,-0.007646694580286488
19.455000000000002,-0.03731360604165185,0.009931018532425895,-0.015508080286280757
19.46,-0.0375890203759724,-0.011466974568661484,-0.007249240446293902
19.465,-0.03928855875348929,-0.00724745765079951,-0.009386956658606962
19.47,-0.036670063885109946,-0.0017460735476013851,-0.004142039393728085
19.475,-0.03113813165500682,-0.013803940055762066,-0.034459524521475424
19.48,-0.037478068766000155,-0.030967863989929442,0.0034760356245473606
19.485,-0.03218584778153202,-0.01053645349369375,0.0023336208895897576
19.490000000000002,-0.040395839142695525,-0.003753152609794315,-0.017515999239661087
19.495,-0.05116733068752333,-0.0219272668345147,-0.01430821266990144
19.5,-0.03322641300386192,-0.008997837566886234,-0.04211067009868591
19.505,-0.043386571232222115,-0.018074588185826235,-0.0037363254685888123
19.51,-0.020408174722088935,-0.016337999947245423,-0.025563260708932216
19.515,-0.03116577063249951,0.012123070097430163,0.005673176081907226
19.52,-0.046926521193602785,-0.007205141381347532,-0.023227711050769595
19.525000000000002,-0.013928298322970005,0.0015854533553562658,0.0019019384060393052
19.53,-0.02943018711908459,-0.015877303031561575,-0.004267895238827667
19.535,-0.033478529529196006,-0.023179645989673814,0.010520162718431127
19.54,-0.03182717654134606,-0.01787384212220435,0.0008471455057918464
19.545,-0.03370077217940472,-0.012606213832318785,-0.003498494938888333
19.55,-0.048972996488654635,-0.014410287693227417,0.009837697826711858
19.555,-0.048101478699439135,-0.0035986423283058608,-0.013213325065594278
19.56,-0.04043670422201793,-0.02551905945683388,-0.004317840877016935
19.565,-0.02911546752873706,-0.015328321882649598,-0.007539645393312443
19.57,-0.04463501807279199,-0.01069073087319752,-0.010821672932370234
19.575,-0.033335927756547715,-0.025852193895494698,0.011784890944849948
19.580000000000002,-0.03197370642137105,-0.02018987061628646,-0.006519355717869303
19.585,-0.036099786263718694,-0.023468698525090117,-0.007116125172705913
19.59,-0.031050338175310735,-0.011529262850912932,0.002516179421381756
19.595,-0.05018206579558448,-0.01270343981840925,-0.00598637138960606
19.6,-0.03436555040690405,-0.02123542594741102,-0.00018489253320503468
19.605,-0.060426675795789565,-0.021029419202205288,0.004868655824792484
19.61,-0.052142014688026594,-0.028125700768196305,-0.03647616811994521
19.615000000000002,-0.034135838130004544,-0.015056454632600542,0.0011007853943293053
19.62,-0.03427961579044259,-0.015509138521903627,-0.010101874804286225
19.625,-0.04062611929163941,-0.044459564185570115,-0.005803315289872157
19.63,-0.043178149438726304,-0.018451347061880948,-0.02057508557357446
19.635,-0.048041752686163,-0.016948804080889602,-0.009819473458577074
19.64,-0.023780900772355087,-0.034947389438392956,-0.0135541888659697
19.645,-0.021302139478845128,-0.018499161254156005,-0.01606447171912679
19.650000000000002,-0.054153428460687304,-0.006634094409543725,-0.008793953634119459
19.655,-0.04446006921088953,-0.016701906588397368,-0.005763967283733691
19.66,-0.03211208437945609,-0.022777609578403957,0.0031947692663679
19.665,-0.06199266169044967,-0.01342783869544489,-0.017790716404375517
19.67,-0.04774554185245258,-0.012609036088237806,-0.0036357563594437425
19.675,-0.039524590369872735,-0.01230102636277541,-0.009618297887609872
19.68,-0.039259340549871534,-0.03543162049456476,-0.00318129139913835
19.685,-0.030660031315919732,-0.033276908162504504,-0.0064778627770215105
19.69,-0.044417163880466556,-0.03317046316162013,0.011760410562117653
19.695,-0.04260840120069871,-0.013494472411233718,0.009076339952841735
19.7,-0.03095149873892293,-0.010290710215109165,-0.0059575989970505755
19.705000000000002,-0.03511480523290995,-0.021494578551656922,-0.0002587708271128142
19.71,-0.02344176411715567,-0.020084697538231576,0.001583649293240827
19.715,-0.017026783542076086,-0.015204626954593431,0.0063135178301794576
19.72,-0.04110771114422964,-0.01034409925346598,0.012666261496685014
19.725,-0.027771609583178362,-0.005896584662912006,-0.0064155424011514
19.73,-0.03565582649756744,-0.017905092421609405,0.008493041173134715
19.735,-0.03932396212397947,-0.00843290672759446,-0.0014851724760351973
19.740000000000002,-0.03328793722600051,-0.008882103209599996,0.0013288347538872869
19.745,-0.03496007545005768,0.006154871047988699,-0.013929996114690105
19.75,-0.0295619643255492,-0.02015303002967257,-0.0015944185894572957
19.755,-0.019624826343123805,-0.01216276129497662,-0.008839705390156737
19.76,-0.036873180336336,-0.012039921032472325,0.003919100429244066
19.765,-0.02927586620301997,-0.01884513233254467,-0.0063027095631505645
19.77,-0.03432475999815461,-0.008401107529923037,0.008262187991619568
19.775000000000002,-0.02844619036466821,-0.004047193557455503,0.0035907165957595397
19.78,-0.034223128691523774,-0.016807351827455293,8.167876924874973e-05
19.785,-0.02797203237355001,-0.0182480019865775,0.004602108683382657
19.79,-0.031230514728487417,-0.0034000634963501745,0.01899444783532401
19.795,-0.055593473254271615,-0.003096213368774886,-0.019298518509330474
19.8,-0.040681004084524866,-0.0058256282889124905,0.010525240057998039
19.805,-0.030703941897258055,-0.00844566922122681,-0.017029472620328327
19.81,-0.03221098535627244,-0.0004413908032546848,-0.014765344701500926
19.815,-0.027019808858746663,-0.016679872783181664,0.008988985183725522
19.82,-0.031111963754662006,-0.006070803696712434,0.013799366329217074
19.825,-0.034720718206310106,-0.013505033280575836,0.00032337236749707676
19.830000000000002,-0.02388055104617383,-0.00876587078041461,0.0039761679840842196
19.835,-0.027516844148396367,-0.006093868742278748,0.007678306159800072
19.84,-0.03044824094620128,-0.022834041769228028,-0.009669875762099711
19.845,-0.022866123461218746,-0.02043805342988998,0.011582242427800763
19.85,-0.02816452468061112,-0.006450318534636863,0.007375401132781775
19.855,-0.026621621764045998,-0.0005019432240528469,0.005711528536576166
19.86,-0.028577893415200444,-0.019020158808108405,0.014541678584367553
19.865000000000002,-0.01454976286405186,-0.01702434060234363,-0.014378295546975478
19.87,-0.021310172158738903,-0.02058503083960271,0.006221162301290349
19.875,-0.009203280742490768,-0.012072773891095845,0.0009992554799099496
19.88,-0.004595582814008414,-0.008666286167046424,0.013721968104381116
19.885,-0.02309081333444092,-0.007861972451435262,0.015877429043232482
19.89,-0.01749875642068466,-0.010017154121568048,0.015486778535858687
19.895,-0.01862992878427508,-0.030259389467836927,0.01566149599455619
19.900000000000002,-0.017106550437859098,-0.008379213183562646,0.02691282479811622
19.905,-0.009903109307615232,-0.015323025969307031,0.032051670311129085
19.91,-0.020867601002766703,-0.030520182870460814,-0.004643522701033777
19.915,-0.013588312388952835,-0.018366408496590225,0.021872224739888597
19.92,-0.02119820451632766,-0.02395525600200699,0.023478775809888185
19.925,0.0008708750755811335,-0.013046443175990647,-6.818439894350214e-05
19.93,-0.0423799685799839,-0.007638803145161768,0.023237786977887573
19.935,-0.005434454310135525,-0.0035916463627480005,0.007279574182475185
19.94,-0.004321609829096089,-0.023002768116302495,0.013663631712234038
19.945,-0.021314503362965562,-0.018373894104751657,0.008567999053823647
19.95,-0.031349160935191855,-0.013596808626503552,0.004687014883778706
19.955000000000002,-0.004232242413049047,-0.006015827205748286,0.02972708426814505
19.96,0.0002017600613332237,-0.01674628597489612,0.0005230860278105862
19.965,0.0010878205909999154,-0.03287190451939938,0.013789943088942155
19.97,-0.023228306207967113,-0.015949367542914834,0.00652427846251509
19.975,-0.009741401269507037,-0.02540736408732101,0.004143728249477008
19.98,-0.00935709970536178,-0.022877901767785862,0.034917619724973786
19.985,-0.021414896200775642,-0.01995005547474282,0.02418145198413068
19.990000000000002,-0.03352670927754173,-0.017819254646667067,0.0032600638717845756
19.995,-0.010347421372674432,-0.020214195145123463,0.026773203156828365
20.0,-0.027363136151638497,-0.016880196282726734,0.019236363440925025
20.005,-0.00908130098433784,-0.025500549315477607,0.008143110772265448
20.01,-0.02679402390894935,-0.020089641981114823,0.010046460443460144
20.015,-0.023056810223341606,-0.024164325905167663,0.015847129491550455
20.02,-0.03240775073416685,-0.007561825504968376,-0.013258454651972298
20.025000000000002,-0.018955071068081544,-0.010982331251344167,0.012339233528391065
20.03,-0.023751892110056683,-0.017649192875512143,0.0025585117099005752
20.035,-0.016426386286145213,-0.01852756863245016,-0.008883785485434809
20.04,-0.007351790541574383,-0.031579340190324365,0.0067456758733314
20.045,-0.006894503777159845,-0.01083720928022442,-0.009001274498498621
20.05,-0.0022136397479949194,-0.03720071771344248,0.021624387579376986
20.055,-0.024129756238547333,-0.02508280754620351,0.004730935415916418
20.06,0.010060036836208288,-0.019972364599228208,0.02175067841272809
20.065,-0.031543256696547665,-0.0060136194159903355,-0.000391712529297511
20.07,-0.021952761087261734,-0.020798387859794355,0.002162767796446953
20.075,-0.017194800614847038,-0.01685124528442787,0.022355799492482092
20.080000000000002,-0.02404600161201926,-0.025758184934067806,0.013567130234969985
20.085,-0.018632039475236874,-0.018498716325951507,0.01800954330584013
20.09,-0.00857515255516975,-0.020800950670648945,-0.008833379106977957
20.095,-0.027255112138927305,-0.030558649364753068,0.02164948472230926
20.1,-0.010046132070462841,-0.023992548330387144,0.01842050599370753
20.105,-0.02155335536935103,-0.02340967928335691,0.025908189749028854
20.11,-0.005895916974938409,-0.03275411805988096,0.01365912980918936
20.115000000000002,-0.01553119339747549,-0.01793862382929088,0.023730684344793807
20.12,-0.0005786315143573896,-0.008730251882647975,0.018037225020672842
20.125,-0.0014510855394622019,-0.029045845300473605,0.0102921657176848
20.13,-0.003201304785956302,-0.032139379173071525,0.009486236919057867
20.135,-0.025004601734634764,-0.030308425016148815,0.00879523274755585
20.14,-0.020405078969029027,-0.0018517637270433103,0.01580152804121842
20.145,-0.009360794115285617,-0.020013585970792006,0.01359922361534913
20.150000000000002,-0.02535691272848739,-0.02008571990773171,0.017668990076936807
20.155,-0.0005827576323649292,-0.01915290788615907,0.023774687068242626
20.16,0.0021648569362327265,-0.031489620231595614,0.013317005241511061
20.165,0.0011188386163543534,-0.030249717167331082,0.01711198146932949
20.17,0.007283729032496314,-0.02223072137174461,0.01765644164025711
20.175,-0.01784966509282438,-0.007227810837339834,-0.004406312462183683
20.18,-0.021428029978395262,-0.02482680218158358,0.027064387316269617
20.185,-0.016489603898836958,-0.022796267014172148,0.0037961062943804164
20.19,-0.011485612937026388,-0.02949735584964636,0.017204674438097794
20.195,0.004713419736508767,-0.044731749669886,0.030731301584187132
20.2,-0.03500319087740648,-0.017275116923493903,0.0019413538374127917
20.205000000000002,-0.0029582067075807107,-0.03386409455254204,0.017029627103363067
20.21,-0.0321357410687472,-0.01829191102892729,0.021123902571081415
20.215,-0.0071587324442539246,-0.031957705760164226,0.018877562171322013
20.22,-0.002155306042089071,-0.030299436137183573,0.005379378615271026
20.225,-0.0029840170213856314,-0.027779376491322786,-0.005212387026061374
20.23,-0.027732544623355213,-0.01937146008717764,0.007705375197829954
20.235,-0.02180063203086668,-0.029970774706216955,-0.0007529232657400992
20.240000000000002,-0.0012308851182513958,-0.021972787106061136,0.03558673669558654
20.245,0.003545221188052696,-0.02529296604978263,0.025878291212278783
20.25,-0.01740774129816639,-0.02755402866860547,0.014914688558784469
20.255,-0.028641151238683743,-0.02993575973342743,0.02224011329692487
20.26,0.004070832117319893,-0.01567815565441137,0.016548264910681322
20.265,-0.006757475072383175,-0.01630789557819972,-0.0002360170275432505
20.27,-0.007947504174810358,-0.03401512745114402,0.007496909305250328
20.275000000000002,-0.01696773846720248,0.0030395631049703366,0.02818675249393445
20.28,-0.01619049541484875,-0.03541058266587615,0.03133943757923182
20.285,-0.04039607060243011,-0.023504038035912195,0.009597172580024307
20.29,-0.02025368310759305,-0.032533485627718906,0.01480837528349951
20.295,-0.02876673137510273,-0.020840620580640814,0.01583151262204238
20.3,-0.01168660415645629,-0.01840163370254143,0.011161905034227683
20.305,-0.02195406579287836,-0.026481919773883734,0.011284051449645643
20.31,-0.020798792425261205,-0.03620743423252415,0.02786685938346889
20.315,-0.024466366167768715,-0.027252550675887343,0.015235165285914818
20.32,-0.023224118318695863,-0.02675402777796343,0.002782173209177896
20.325,-0.01021499238397656,-0.01263086969098549,0.016576584455392906
20.330000000000002,-0.03514886910323205,-0.014948223693449562,0.025287110667877435
20.335,-0.020226929534560584,-0.03224989182633849,0.011909392892355878
20.34,-0.019385555715394548,-0.0193729661091899,-0.00653635674633242
20.345,-0.017983794225779254,-0.022945955853160085,-0.003364639522049455
20.35,-0.020784084035484495,-0.03282693849385063,-0.0019551199170602315
20.355,-0.011080039049486335,-0.039789926249395265,0.017314827050819714
20.36,-0.013414864046687862,-0.02551874060636146,-0.005118538759549741
20.365000000000002,-0.022278155677810066,-0.008552898737923685,0.022068778819587267
20.37,-0.029897650072734473,-0.04391323492059081,-0.0039032154254106943
20.375,-0.02611511514668455,-0.024381201677426138,0.009187425947351578
20.38,-0.0395682246619069,-0.009761942442758038,0.015831362855668784
20.385,-0.014948945734896624,-0.01713224116093229,0.005443628492810028
20.39,-0.041647127071478704,-0.013691979360840819,-0.012184484504569236
20.395,-0.04337331934468402,-0.018616825496638872,-0.010660701714805106
20.400000000000002,-0.029086033520535074,-0.023985880696472655,-0.0031344721879314683
20.405,-0.0395128915102964,-0.006881748841088171,-0.004137247014569578
20.41,-0.026987360097801266,-0.03119789094956368,0.027986922698682255
20.415,-0.03398539373863519,-0.036739577108517704,0.020341137767188943
20.42,-0.024660396801817128,-0.010248031202114257,0.016348395128090398
20.425,-0.04055636941716695,-0.02705256059508162,0.0332546319316532
20.43,-0.02645888045125955,-0.015744315044027526,0.007283696772379861
20.435,-0.023477037758512648,-0.006776365225053427,-0.0017848974062555228
20.44,-0.026919883640948713,-0.03001670680693829,0.006016110350717793
20.445,-0.017495894211520552,-0.02540361509011934,-0.006678714073596978
20.45,-0.03586835743499103,-0.02548116974837656,0.015527435973869352
20.455000000000002,-0.0191883853743631,-0.007728132505194487,-0.0004147484440548341
20.46,-0.01946153749255342,-0.010051178106030617,-0.00465612497926942
20.465,-0.013539181691142202,-0.024074381586841248,-0.018057577007710504
20.47,-0.017264945855468138,0.0010589257400303032,0.00872360622939682
20.475,-0.02247603239256491,-0.0068293210936807534,-0.005196849107340813
20.48,-0.02550439862264569,-0.02105655760021556,-0.003082489381884289
20.485,-0.025737725941429784,-0.024751499435295275,-0.002637488205716569
20.490000000000002,-0.02859367014113193,-0.008969937481730661,-0.0070983661157575165
20.495,-0.01935265102740394,-0.02027223956059358,-0.009066193486212494
20.5,-0.02816653964987458,-0.01568688968597568,-0.007738488650462262
20.505,-0.012737516356414257,-0.020962014677142378,0.005164343538393363
20.51,-0.021518620133507863,-0.021212355419406657,0.009223459963813876
20.515,-0.004402620474110297,-0.017551150686079778,-0.0030235772205274916
20.52,-0.01358715532459796,-0.0288320940032773,0.0011682925626562563
20.525000000000002,-0.03228084720251746,-0.0036325062954141625,-0.019034638598394493
20.53,-0.006456445515841814,-0.020081680661591633,0.005275348078309525
20.535,-0.013253968825288332,-0.017585477602108147,-0.001791754872544557
20.54,-0.004819170209219237,-0.01758082576671408,-0.0050003775859985555
20.545,-0.008139131527027514,-0.03752143951607187,-0.002851024019835363
20.55,-0.027603335276642882,-0.01971002229006094,-0.01180753470807729
20.555,-0.016619154306870946,-0.021623086484076105,-0.006816905627468204
20.56,-0.019271437702091488,-0.008014606794528598,0.0012653001649942063
20.565,-0.00551257866063099,-0.011444231607035227,-0.0007492822585437944
20.57,-0.04133226959009687,-0.009093392172045573,-0.01608382785595116
20.575,-0.00718054763140674,-0.014057422231799217,-0.0042335729298257005
20.580000000000002,-0.007845581592852546,-0.026901115601681923,0.01164712739868207
20.585,-0.0043413208226547925,-0.015919524866098135,-0.00948528814376013
20.59,-0.015252228157606816,-0.02679280308276344,0.0017963918280909166
20.595,0.017089800651874466,-0.02710640415719199,-0.016550314629636385
20.6,-0.021751557748798635,-0.03220992534937907,0.0011308235485207492
20.605,-0.009461033385608183,-0.02205784281688135,0.006920665810971803
20.61,-0.01823373675190864,-0.028420185475604647,-0.0013230729713636959
20.615000000000002,-0.0007362015302514752,-0.010178587715686681,-0.00878651662056765
20.62,0.006775903072155615,-0.025942733367202174,-0.0065992841744742445
20.625,-0.014166433866083804,0.002139676880050151,-0.011469671219954434
20.63,-0.009671718543465718,-0.015304337444428464,0.020445378442340983
20.635,-0.026264888264600567,-0.009864896870059633,0.0062693427823680495
20.64,-0.01914014238530392,-0.006315883728206528,-0.00994762291094119
20.645,-0.02113269225534565,-0.004879984626725668,-0.007995560137603861
20.650000000000002,0.0030401531799405714,-0.03238016843911075,0.0019029071428450228
20.655,-0.024636997397778422,-0.009936031570573222,-0.02245243739820882
20.66,-0.0070137149176328455,-0.0037502226525195203,0.01593626307743816
20.665,-0.021057328243892177,-0.0391759921298386,-0.022955239855860562
20.67,-0.025918881558702207,-0.019356109386954402,0.018892167813152658
20.675,-0.03414305936343127,-0.0003661148859045397,0.012523578065579914
20.68,-0.003751786348933363,-0.03510276250849612,-0.0074799487416554455
20.685,-0.030583925331726082,-0.015088279628400276,0.010698780604956739
20.69,-0.019377890140566102,-0.018066582416578172,-0.006795014315807535
20.695,-0.019884017297421893,0.010890858208622525,-0.0012554294806502511
20.7,-0.024598451444618218,0.00039550330388829144,-0.003703194783405788
20.705000000000002,-0.0366917016709198,-0.014658320126169369,-0.011190286415198598
20.71,-0.01971329507843522,-0.017767272121816988,-0.003822585982954766
20.715,-0.030236322908997124,-0.01735017964986487,0.006977813193084395
20.72,-0.006104473417916966,-0.000251828180588198,-0.007567549354809595
20.725,-0.03195304589799496,-0.011830227359127508,0.0009550947732008472
20.73,-0.03167186775710542,0.0022533847474743886,-0.005013845839659022
20.735,-0.01637353797910327,-0.004228802345717696,-0.014450192358579524
20.740000000000002,-0.02375043507710478,-0.03367168137985917,0.017048411155512977
20.745,-0.016983830477789476,-0.014963097505580315,0.023847782242646318
20.75,-0.026255515710468892,-0.009606141718884732,0.008048456588115045
20.755,-0.005121053158371119,-0.028543595671009198,-0.008531865897371944
20.76,-0.006881679710553644,-0.014896452414127277,0.01160038015478774
20.765,-0.02353798374472167,-0.012213378879301764,0.01241394973107081
20.77,-0.011194161116744455,-0.030922175200913178,0.002166771685361571
20.775000000000002,-0.015334909176023218,-0.035250979871411584,0.00291738185822258
20.78,-0.026154687875569304,-0.026455072444098032,0.00893813498318178
20.785,-0.004871018519419939,-0.01220876069563763,0.004595614599793699
20.79,-0.021121773755549748,-0.025649633524326823,-0.0007958449464619023
20.795,-0.025455961048607624,-0.005708456541218142,0.0009147119625940899
20.8,-0.0107887530738111,-0.01101386194179586,-0.01670619865833622
20.805,-0.024949231697263208,-0.00963889760248912,0.0009807537872155159
20.81,-0.01240896937051862,-0.01386934335191567,-0.0046669162523317285
20.815,-0.019033999133252006,-0.009966721804043815,-0.00017924298954419618
20.82,-0.015991616287016862,-0.006218889543526465,-0.0011282559343669535
20.825,-0.022668355835097433,-0.005416612756989379,0.007422271636309437
20.830000000000002,-0.004386515521986049,-0.004901349077544255,0.00312206783564788
20.835,-0.015286815729515147,-0.0023087058283967968,0.0009058330439067133
20.84,-0.008488630957111576,-0.011338682673557256,-0.004167531233754206
20.845,-0.01013098468010257,-0.01025661001653754,-0.0029180872486474635
20.85,-0.00299769558089261,-0.01890170966515331,-0.00678333637019423
20.855,0.00258831380211412,-0.020661010196382654,-0.004901657530773776
20.86,-0.016319787448226132,-0.03248748665481525,-0.006929443207428533
20.865000000000002,-0.014829229692052491,-0.007880467950925694,-0.006555185036378346
20.87,-0.015259598951203834,-0.021634362754732274,-0.010419971081801399
20.875,-0.009065296698036827,-0.011832765046442229,-0.008095992800813207
20.88,-0.010217980920176794,-0.009762078217330227,0.002709742576469047
20.885,-0.02012167288134381,-0.03550588990891559,0.009804807807764986
20.89,-0.006891339028354851,-0.03306104403249294,0.015560892074780806
20.895,-0.031242029628107376,-0.011614111005146019,-0.0034889661007104673
20.900000000000002,0.0022886964672434347,-0.02184705346021748,-0.0002876831314061641
20.905,-0.01694546384033222,-0.014455074082168146,-0.02034920409440677
20.91,-0.022525464411534198,0.0053225127344276296,0.017333548212990144
20.915,0.0011113592641333655,-0.010680652979222344,0.002903771566826821
20.92,-0.01788832090543992,-0.0013727926232567564,0.0038689362687191683
20.925,-0.005149695619221059,0.009508255601068234,0.01643454520803509
20.93,-0.025943806094634203,-0.007335672150895603,0.0036264652259245314
20.935,-0.023783440368420703,-0.020881799316276806,0.007775503938153929
20.94,-0.013252866758551484,-0.006589793349404474,0.009615637444966851
20.945,0.0011266862538359228,-0.009364559493503495,-0.011194085474124031
20.95,-0.015178192985080313,-0.00904826406334825,-0.00032153290864854814
20.955000000000002,-0.015356218267559535,-0.025649396228386433,-0.00479924882794739
20.96,-0.017767937160765586,-0.02585059611536558,-0.004885760086252976
20.965,-0.0079055592068619,-0.007786341555343811,-0.0033477439465312286
20.97,-0.0055577066873711296,-0.015677626378179238,-0.003508746657687932
20.975,0.013935252729380726,-0.011591187676423857,-0.011394632269948454
20.98,-0.005924409394939022,0.005873254243505809,0.010317789604866352
20.985,-0.012258013788236983,-0.01491002239291957,-0.020238027854365716
20.990000000000002,-0.01439754851276948,-0.011038438836987833,-0.004470934964250547
20.995,-0.0014013834214214888,-0.018096848848101997,-0.0009898986961463588
21.0,-0.0034653712258341327,-0.019929743782727043,-0.00047302718172150676
21.005,-0.03531994739105036,-0.028416576431416728,0.020364621749431853
21.01,-0.014090557063605715,-0.0019685264581777665,-0.006337051145061286
21.015,-0.0025081822612146847,-0.02297670256983782,-0.0022562470126778165
21.02,-0.004350315196062368,-0.02712333579859519,0.001923495571002038
21.025000000000002,-0.020846278470200433,-0.03650841318587354,-0.0008071947617204409
21.03,-0.016949342444310848,-0.033947084918561105,0.007817878357739807
21.035,-0.02448356895740444,-0.027762045747434322,-0.007723940600619837
21.04,-0.017738604241918032,-0.013159871629232395,0.008949720540808635
21.045,-0.014083366193813222,-0.011588408986413902,0.015215080195276228
21.05,-0.010242465541931289,-0.01357520276746891,-0.01352251431778087
21.055,-0.020123355791465684,-0.01230307857179363,0.005654847505138189
21.06,-0.006174844620123465,-0.012379163001608188,-0.0037735838811158405
21.065,-0.0011527873786783029,0.007417889986412079,0.0014459366762623362
21.07,-0.004383066329071273,-0.017238253140315886,0.008435100802660092
21.075,-0.01337007819053796,-0.013068450012999673,-0.0004228373821762374
21.080000000000002,-0.022190435830130254,-0.016229683458080617,0.011417870321319083
21.085,-0.01598596398027935,-0.0070752253444893495,0.01905428821769093
21.09,-0.000984313745525909,-0.023866327622124848,0.006704941218311982
21.095,-0.01821402155040565,-0.016316963960358394,0.016198114642813795
21.1,-0.022202990052157874,-0.014794464454084355,0.003181861102806039
21.105,-0.022273075500512003,-0.021875252575773614,0.0064290354582568
21.11,-0.010002422999159068,-0.007823303777391065,0.017196500553383842
21.115000000000002,-0.013379847919753,0.0006158486674547169,-0.00413382775726194
21.12,-0.01080146964443053,-0.01910929115334505,0.016828158015235697
21.125,-0.02159247357136856,-0.02781782718497991,0.019441606573874327
21.13,-0.020960447762201885,-0.023508869004798885,0.02514792510577753
21.135,-0.026020570141000378,-0.0051106156139023515,0.021198450095298135
21.14,-0.01468403327535934,-0.018058304631312486,-0.008139806245604633
21.145,-0.008295136281777464,-0.028362851171863396,0.003316756906539823
21.150000000000002,-0.019128052018001954,-0.019166972067883238,-0.0007413386848462711
21.155,-0.008405251252000593,-0.028959806506474367,0.002701510074602769
21.16,-0.015239424395782828,-0.0325399731251828,0.02185816197864521
21.165,-0.0136357612578439,-0.024847772750987224,0.0072319023762474
21.17,-0.01428644114574756,-0.021796798943209475,0.004590948668923778
21.175,-0.005589947819178738,-0.023673963638601997,0.00537164403178933
21.18,-0.02165401339209568,-0.029378726505374066,0.019907321043240677
21.185,-0.03600147692756668,-0.02487501293718014,-0.0019894056694746837
21.19,-0.022707435190583956,-0.0342350866850256,0.01101362236228343
21.195,-0.03641168611357534,-0.02230417563060432,-0.000814140533121524
21.2,-0.024291860466388822,-0.02840577240433281,0.020710068279309497
21.205000000000002,-0.030287892696644475,-0.027572772464617375,0.007364386187875067
21.21,-0.04441462055797754,0.0011787837785955258,0.010139337001851215
21.215,-0.04000704737504518,-0.028162958280602564,0.014045217173514046
21.22,-0.032982898403307016,-0.005282605771869016,-0.000884857817659318
21.225,-0.04094208288902189,-0.03193574140746677,-0.009290008335838224
21.23,-0.02060003703340509,-0.01670134479490201,-0.001848777609163698
21.235,-0.021210475366031288,-0.027786389831530367,0.0020925124694378856
21.240000000000002,-0.04253652197289734,-0.02620788114121595,-0.0007917032291873127
21.245,-0.044110721192175004,-0.005150153334915289,0.0010333270913265268
21.25,-0.02817358189234763,-0.027764301588637394,0.011786616569758806
21.255,-0.03446079853993819,-0.01965456272246463,0.0022687193321764346
21.26,-0.03455100260883841,-0.029820236722688562,-0.007099514910317559
21.265,-0.03481695837374375,-0.02820133219026292,-0.007961674818743814
21.27,-0.024066826645888634,-0.03414163419222417,-0.01754670626172177
21.275000000000002,-0.03583137604081131,-0.022435582405148362,0.00025386993051595974
21.28,-0.03622748507194379,-0.040334957498894874,-0.004148256189151336
21.285,-0.04505212837654005,-0.03596130438010688,-0.006840896278612139
21.29,-0.030386947865059237,-0.033587616748481056,-0.0013444089374578388
21.295,-0.030363050460457175,-0.04107784865024852,-0.013682080424797849
21.3,-0.02972794951090669,-0.01681108688018193,-0.010486536442581497
21.305,-0.02670518017266004,-0.027442334241694392,0.009671931231011632
21.31,-0.04306065351700597,-0.02622229397373932,0.022213873158845664
21.315,-0.028730574426065872,-0.0395560469720987,-0.006499234399449716
21.32,-0.024657208101476605,-0.033043456350735134,-0.01059933618280693
21.325,-0.052332870105334696,-0.021930142921457556,-0.009713333107043379
21.330000000000002,-0.033402156921920424,-0.04200513124022155,-0.010609763804337126
21.335,-0.033265395749808094,-0.05034477014428643,0.00030817020797424197
21.34,-0.03583550996727219,-0.02599058436028049,-0.019382309826458246
21.345,-0.04923669968310747,-0.054984028190134614,-0.001885482703801733
21.35,-0.046442739902138916,-0.05830881525683297,-0.01152203140547186
21.355,-0.044708536071640305,-0.020927029567478828,-0.012563745417001681
21.36,-0.03129174907408731,-0.05123845222962306,-0.007980056730565198
21.365000000000002,-0.024903590424713715,-0.036553123971878196,0.0021823967832702365
21.37,-0.031772155820479125,-0.03079398054061365,-0.011523817159186833
21.375,-0.02689931305480077,-0.05377246728592508,-0.011610112047986051
21.38,-0.0305958390000459,-0.04170637826733458,-0.01119776415554511
21.385,-0.0640808171846439,-0.038548939953274464,0.0042758280903769826
21.39,-0.029486517148372283,-0.04065284437063387,-0.019195195708488648
21.395,-0.03580798308498086,-0.03794543841285432,0.00015793298167349895
21.400000000000002,-0.05480555472603285,-0.05417233768072152,-0.00982512856149171
21.405,-0.03977414747851907,-0.06360784804453738,-0.011991672699752265
21.41,-0.035032745613617786,-0.04723973282692694,-0.013255289283507506
21.415,-0.053034292978539795,-0.0532644340206401,-0.022765210000365008
21.42,-0.05223809441530121,-0.037629330814916206,-0.02664682115059041
21.425,-0.0328196073787886,-0.035985120652252026,-0.015361874475435432
21.43,-0.04048332331178915,-0.0251156652825863,-0.016001817558614125
21.435,-0.0528155355309573,-0.0425331413510303,-0.01230254093898403
21.44,-0.038659324722137095,-0.05184198988873299,0.01050365369856135
21.445,-0.02753283761884266,-0.0344856496242375,-0.018010160328369072
21.45,-0.034006510736458835,-0.038286741648965575,-0.018665465030964903
21.455000000000002,-0.054910758944570086,-0.04758473812215866,-0.010678276250037297
21.46,-0.03945053963137153,-0.020438009451025686,0.001047840916987508
21.465,-0.0474821476596522,-0.0696392287400647,-0.009859852587178718
21.47,-0.04575355816318087,-0.04095229637530684,-0.012434708311749462
21.475,-0.03342504455148452,-0.03145693104973673,0.007922312162282261
21.48,-0.044117795986778896,-0.04047487941185054,-0.005583665794056995
21.485,-0.04360536486584172,-0.0422669515529059,0.0012777367373200954
21.490000000000002,-0.05602638886211303,-0.036983496085592475,0.0005066048095299161
21.495,-0.03001078982586478,-0.0311044755359035,0.002617919409732883
21.5,-0.03947035198351711,-0.030980731902215182,-0.012688420450187587
21.505,-0.03476701609045984,-0.029522934148218515,-0.008155688448826123
21.51,-0.039944816514911455,-0.025824372109373675,0.0068711160846854635
21.515,-0.05100279357847187,-0.03993402171484524,-0.006390220297938599
21.52,-0.05420977308804584,-0.03166218172114788,0.0007355334647345668
21.525000000000002,-0.04266294138206285,-0.040491647179729445,-0.009901026962356854
21.53,-0.04428415727952628,-0.0368254030422547,0.0007946312597717289
21.535,-0.05055520320907661,-0.021709335820120107,-0.005685382485210028
21.54,-0.023845666430990578,-0.0366336509578596,-0.020502777948294228
21.545,-0.054050351507324616,-0.046842680023830276,-0.004173435184534037
21.55,-0.03725017077141206,-0.0626665808105737,-0.016469718260729432
21.555,-0.0508215396382482,-0.02688392572838874,-0.008999482822069596
21.56,-0.06209440138662993,-0.021967495544264092,-0.010579319965746535
21.565,-0.04138280325866088,-0.032279406555532984,-0.02321077081509898
21.57,-0.041012239685698046,-0.036858051238180714,-0.008153074821519488
21.575,-0.02967343597677073,-0.05033970105736878,0.006242778692198761
21.580000000000002,-0.03443474347240359,-0.04154343618752286,-0.011801167596815827
21.585,-0.056136129681580695,-0.02561065664516251,-0.01600254706654754
21.59,-0.041727010340050184,-0.03229427821792746,-0.010281650189027047
21.595,-0.04472369370014671,-0.023799273737718243,-0.02577123254866054
21.6,-0.022999771626887225,-0.04305377505864518,-0.012748113075624123
21.605,-0.061320934256419865,-0.04026434007831044,0.00029272383856123255
21.61,-0.02737855184423146,-0.03164243038395558,-0.02513366811357487
21.615000000000002,-0.05160631315921449,-0.03736857592772903,0.012913351696770214
21.62,-0.030763079969639662,-0.01902785007218407,-0.0017322181887202345
21.625,-0.041730874742881514,-0.03750227244096031,-0.006270009328590131
21.63,-0.05836893765431056,-0.04934914871408728,0.0013076691721879904
21.635,-0.03545460143433666,-0.0436447489994305,0.010388479315248682
21.64,-0.03619246998898253,-0.029760532149914653,-0.029663578571978065
21.645,-0.026171552495099417,-0.03451168834596942,-0.011804216612680309
21.650000000000002,-0.04016996285776424,-0.03194236856410271,-0.0011995490480561331
21.655,-0.052821735812384,-0.047454928509577055,0.007934139069068103
21.66,-0.033241477311587456,-0.03918028087531454,-0.0006722333996145857
21.665,-0.03862964749330469,-0.04561719462097616,-0.0015322336610805697
21.67,-0.05050300216163406,-0.03726217192062895,0.013177285070865078
21.675,-0.02091499834346748,-0.03262163313268161,-0.03410720057921024
21.68,-0.047453151250008305,-0.03597390572097679,-0.022764094621563365
21.685,-0.046378563755004626,-0.03883866850300509,-0.018386243553807708
21.69,-0.03771835450252489,-0.055077635189880875,-0.011936997451546503
21.695,-0.049278186620483715,-0.04292268948646637,-0.015599650602505444
21.7,-0.039927581009682044,-0.04798920586385625,-0.013521404661262018
21.705000000000002,-0.047301894611181186,-0.03590534586615083,-0.0001308037506382552
21.71,-0.032533861419484875,-0.04119229612702148,-0.004273661219805259
21.715,-0.053289941508446514,-0.04941674256898611,-0.019132196388199494
21.72,-0.03091975367948248,-0.05515808455216406,-0.011931243313645971
21.725,-0.027627020738376418,-0.047174519777022125,-0.026384742638410175
21.73,-0.05234197110239444,-0.01818865632665545,-0.02279108587589491
21.735,-0.04167033268655578,-0.04009716683027238,-0.010781876205834078
21.740000000000002,-0.049687002145118335,-0.031267636297349806,-0.012807374681161707
21.745,-0.047019518436427835,-0.03971746288076144,-0.016358952175681105
21.75,-0.05464957008022611,-0.03377478612303772,-0.01982179837051316
21.755,-0.04155036036103249,-0.050584126815669955,-0.016935708790079787
21.76,-0.01533816065964996,-0.05441601246385627,-0.041964773663581756
21.765,-0.02223939525696597,-0.03380857309830224,-0.009361798597199787
21.77,-0.05226217739067589,-0.03971628240280537,-0.01608507555875942
21.775000000000002,-0.03902862361094135,-0.018361683477547873,-0.014637873291150228
21.78,-0.049456581568548194,-0.03912337884891888,-0.018156574739816952
21.785,-0.04065193453419752,-0.04583008642063216,-0.0038443160749693332
21.79,-0.04583135958526742,-0.04618384318941784,-0.01941662083394488
21.795,-0.059565375858115804,-0.04639547673755372,-0.02747032359913043
21.8,-0.040823877074161616,-0.022619145541392105,-0.010145241166978746
21.805,-0.04403192087332682,-0.02544494244849603,-0.017216014813350944
21.81,-0.03279584968137211,-0.04661483514522272,-0.014444044914548648
21.815,-0.04388560889051102,-0.03669774831631686,-0.024972934834696446
21.82,-0.05191829662487528,-0.04554923326033205,-0.00662326998679897
21.825,-0.028287594592321785,-0.03019823967916914,0.0015461462270489196
21.830000000000002,-0.04108108911576529,-0.03087376629995741,-0.016609812598908678
21.835,-0.03150367517603479,-0.06532542218938081,0.006199521682372491
21.84,-0.04339367368484661,-0.05263823573365722,-0.004308406069892485
21.845,-0.032622763833676835,-0.04125076586111055,-0.017886301325525687
21.85,-0.024458658791039003,-0.039313218231897186,7.411705477167185e-05
21.855,-0.04947313279479456,-0.04496167503552955,-0.014523042903514555
21.86,-0.03073434132540414,-0.02626155970523883,-0.007650312249284485
21.865000000000002,-0.043778798963615875,-0.038866187391565936,-0.009912024714567227
21.87,-0.03430505252887704,-0.02953448676148826,-0.022479511538712568
21.875,-0.04335391080443447,-0.04408078763371537,-0.01801445852445734
21.88,-0.040540575987132316,-0.010845769408573264,-0.020153694174051426
21.885,-0.045846268725426444,-0.02918285218863212,-0.01679666442820044
21.89,-0.051982943014236,-0.04107487810396198,-0.011971693534968807
21.895,-0.038414131640012304,-0.02437893390710752,-0.009722943236482724
21.900000000000002,-0.05049612059266359,-0.022328769299779904,0.007863916444416086
21.905,-0.045448919879074824,-0.019310674310207214,-0.006422264819997591
21.91,-0.051959158571328386,-0.04123188513366688,-0.014884188300538507
21.915,-0.023498790758748875,-0.03702268497788986,-0.0015984070061421975
21.92,-0.03884046476035159,-0.01774218816524835,-0.022720356658898336
21.925,-0.03161426032168601,-0.023606023808711553,-0.004807485876951897
21.93,-0.03617607332481885,-0.040319880993121525,-0.010140891429345721
21.935,-0.03302600137868596,-0.014283309245412058,-0.01871922262788894
21.94,-0.04465021049226908,-0.020819270310391123,-0.015311757514755598
21.945,-0.023535239834652902,-0.04054668529042882,-0.009975573939496659
21.95,-0.028667334369999388,-0.03493466581094694,-0.029859857465370083
21.955000000000002,-0.03521129755210741,-0.012529494662104252,-0.011170847380531045
21.96,-0.04688608085766817,-0.03522861448130915,-0.009154296153821392
21.965,-0.05217427393781593,-0.03730552245805147,-0.0023435276238327127
21.97,-0.06133951068383785,-0.023847960269142033,-0.030994041078790235
21.975,-0.04304848684585957,-0.04502620359606572,-0.0045377128632950806
21.98,-0.007194177332147202,-0.058241575155248776,-0.010638868443555077
21.985,-0.04399193016148137,-0.0366347169122327,-0.004647918206640629
21.990000000000002,-0.03662996938654583,-0.054081943375884484,-0.011114715733848441
21.995,-0.014212129285397076,-0.02597435848536418,-0.019218134177846187
22.0,-0.03695284013199138,-0.038501974091951496,-0.017569496951738
22.005,-0.031041445352707316,-0.015300267248349746,-0.0011551171561459406
22.01,-0.049924711822451916,-0.03325719153352297,-0.015553259518060518
22.015,-0.023633503385358745,-0.015307295215943383,-0.0031062425485262855
22.02,-0.02904392843410442,-0.03599770373098858,-0.015089734482032987
22.025000000000002,-0.04526222012111403,-0.030353534800713504,-0.0029512335100326838
22.03,-0.03523273958971501,-0.021736857674580008,-0.01418664802460214
22.035,-0.03399784908266951,-0.030668050081026483,-0.0072196565159379535
22.04,-0.019957309410669012,-0.021047363997731907,0.01010645710304236
22.045,-0.02778027247351285,-0.038124447420940816,0.010304600352176589
22.05,-0.05370123111349505,-0.033673692634851066,-0.023526263492218282
22.055,-0.028150097583291046,-0.028891226867233222,-0.007613677571173719
22.06,-0.04742232434023643,-0.01618292554340465,0.004055639837042747
22.065,-0.04697285898563223,-0.010939481366261465,-0.018768605119206992
22.07,-0.029795354920627865,-0.039414817629771996,-0.008031268459679414
22.075,-0.04769152269540646,-0.017891634256011195,-0.0018251202773640791
22.080000000000002,-0.051185959416623794,-0.04037913971090967,-0.009504215252423481
22.085,-0.02198703750562504,-0.022862962584262327,0.010292034981860758
22.09,-0.030597096212712026,-0.0280365986746893,-0.01473878990382688
22.095,-0.03435763528027392,-0.022304448374985412,-0.0020576896331552033
22.1,-0.033612471712125044,-0.02035529929997199,0.0015918370199442186
22.105,-0.05263445874530586,-0.03512717046632101,-0.0006655538747369176
22.11,-0.032968179550051636,-0.023042431994589732,-0.000577941482805041
22.115000000000002,-0.04301284388915218,-0.031457916306648355,-0.00021714324938288537
22.12,-0.02465236701036697,-0.028258970022064935,0.012112111484031136
22.125,-0.03965923245657334,-0.006345403608272253,0.003578284964039769
22.13,-0.03390608041994343,-0.010395286186856232,0.0026098411130312422
22.135,-0.028590954573800034,-0.012486752712713921,-0.0022265657233996455
22.14,-0.03647999000751085,-0.018797916519599008,0.008760972581535555
22.145,-0.03544738713387573,-0.027951689241559642,-0.010149926128484237
22.150000000000002,-0.030488054477952393,-0.02893558349376816,-0.00837082257001431
22.155,-0.035068659083008165,-0.03720888810338404,-0.0066564826742030875
22.16,-0.032815203240042126,-0.04575836282352565,0.0046909101551846355
22.165,-0.02726210499241956,-0.02336113619213903,-0.014067969960151153
22.17,-0.0386903222107713,-0.028081483620873687,-0.01675629933248816
22.175,-0.024955000058067795,-0.02358016862530748,-0.0018293816813486248
22.18,-0.025388229046948894,-0.03413845589525269,0.009769180221799012
22.185,-0.03849508311651307,-0.020538557429907085,0.005832176534398249
22.19,-0.03179866614757633,-0.039265697927238594,0.006230989415756918
22.195,-0.025123030882694217,-0.02894989198008177,0.003044632326106446
22.2,-0.04138276899904908,-0.029133810553499267,0.01217184027193544
22.205000000000002,-0.024741278692977844,-0.022123923088872434,0.008152756012223667
22.21,-0.015893349235781475,-0.025261188299137288,-0.013458413797883574
22.215,-0.0298483088274394,-0.03590802170938763,0.0024527275698793816
22.22,-0.03469043535394297,-0.02583021950468197,-0.001832738698587199
22.225,-0.03471739807731769,-0.025484061843837492,0.017018369995630347
22.23,-0.02363280462684962,-0.006833332356192507,-0.006655643133657348
22.235,-0.023652099678648286,-0.011093336307264633,0.024981387753209534
22.240000000000002,-0.040500708402326335,-0.018035188097915485,0.004299848896604435
22.245,-0.014027759395353868,-0.015842116390823002,0.012116037066704697
22.25,-0.017810164095479194,-0.020294233604991815,0.01185996613881368
22.255,-0.023802433793484866,-0.03060407982515562,0.0009747357124705557
22.26,-0.030276518124079846,-0.0319353045490331,-0.01148385809723496
22.265,-0.03309260957591684,-0.019800888691918244,0.000412624033838644
22.27,-0.046584685686375235,-0.04842390822980715,-0.01264605937279192
22.275000000000002,-0.0223645316578993,-0.036951007430619236,-0.004811914950800376
22.28,-0.032565592503527724,-0.030542899438967798,-0.009646167091483256
22.285,-0.03384416262141217,-0.04812599479273933,-0.0006029742430257966
22.29,-0.02814563864427091,-0.024683171230504224,-0.005898046866524537
22.295,-0.012676225842460831,-0.03455060782602115,-0.007087732507004431
22.3,-0.03937510825380918,-0.03727233730617263,-0.004003967586048922
22.305,-0.03621127814049249,-0.023928256836297138,-0.010630278286754929
22.31,-0.005105412051223038,-0.042112163254037056,-0.004000875039660325
22.315,-0.035766226052627505,-0.027929022740985195,0.01329407130990328
22.32,-0.021808311284167214,-0.02786501186543633,0.01520529865049623
22.325,-0.02940439838784512,-0.03668935986182652,-0.0025771242920345633
22.330000000000002,-0.02754397783383874,-0.031731667257443266,-0.001080559972280428
22.335,-0.017449260396822798,-0.03714980592475504,-0.006894013342470029
22.34,-0.02149904433779565,-0.02346560935430588,-0.014486585690419891
22.345,-0.02409527828618885,-0.036666259967736155,-0.0073167542399887354
22.35,-0.028458898929170726,-0.023447229559264884,0.012614179987168926
22.355,-0.005514092917927659,-0.0365761407853492,0.0005986050229514553
22.36,-0.030225558640986985,-0.01767595868299079,-0.0011039492857443933
22.365000000000002,-0.015989046218272168,-0.03154072623046463,0.002602497351383355
22.37,-0.00879004821776896,-0.035412625714549784,0.0009213825676101066
22.375,-0.0069680926897770935,-0.019229745649352335,0.008930137023166581
22.38,-0.010539366132890325,-0.026669473817035744,0.021445212002076934
22.385,-0.028006186657506822,-0.05442248069112008,0.013357329615962619
22.39,-0.027374044641318873,-0.03203108248406926,-0.02318759814485937
22.395,-0.026204169037357616,-0.02875441518812062,-0.005770337928929052
22.400000000000002,-0.03442858699413264,-0.03608585106472998,0.014794836214346027
22.405,-0.028952267085968715,-0.03822448151341317,0.0030099423533686866
22.41,-0.032722903418135864,-0.03879616020336375,0.021561879592796554
22.415,-0.016668253346151813,-0.049683385722536666,0.007383072208305818
22.42,-0.009207297372708197,-0.03737272115512648,-0.01018040931724496
22.425,-0.042265003615729616,-0.02998697552051202,-0.008228001785730462
22.43,-0.009254293019848895,-0.058802777008577195,0.00037736971890101056
22.435,-0.03787638398028098,-0.019234169594591823,0.014122100482961999
22.44,-0.01230450685084046,-0.022896838425125386,-0.03518265097948789
22.445,-0.0314857459073394,-0.035680469000592394,-0.016069221962926157
22.45,-0.023055995091131928,-0.024123285291116327,0.01128617701902223
22.455000000000002,-0.027246603148646537,-0.027559848086967553,0.010304285438837997
22.46,-0.04127142452118494,-0.03348746184418766,0.008755518814817242
22.465,-0.026512330700009263,-0.04090105653821736,0.004117155476123822
22.47,-0.019051331191550343,-0.032710508827395915,-0.01249012470691525
22.475,-0.019481145526409574,-0.031721912468058056,-0.010861100986718688
22.48,-0.012994485439734874,-0.026969514726743516,0.016468767202938345
22.485,-0.04224907781074827,-0.03293787908384415,0.005750112571471375
22.490000000000002,-0.047081846272028785,-0.017275616693027754,0.009573354481649105
22.495,-0.0484486267323788,-0.04927656075005461,-0.026739381244693695
22.5,-0.03479692824887784,-0.04200290442164896,-0.005704242823316677
22.505,-0.03338168562911921,-0.04194924534855626,-0.001125843123222895
22.51,-0.02087446740165826,-0.029359208151696944,0.008843436928485455
22.515,-0.027417925850246647,-0.032900556420270496,-0.007555064540967077
22.52,-0.022689363964069464,-0.028318636221250505,-0.025257961824395016
22.525000000000002,-0.00512982424392759,-0.028995844287099885,0.0007099610231692428
22.53,-0.004390060658666857,-0.014417425599254597,-0.004790175088755927
22.535,-0.01956514750857056,-0.01606654280233111,-0.009409807734900678
22.54,-0.01907238250924941,-0.0052264379211050364,-0.007460465330564332
22.545,-0.017951160504030738,-0.005947338434314322,-0.0017702941300280148
22.55,-0.023099510519713172,-0.03066504102384205,-0.01729170621361575
22.555,-0.022980815869052776,-0.028453109920848235,-0.0035557401243573802
22.56,-0.027272582344016486,-0.033705798346104286,0.010758375675842433
22.565,-0.01774324717275721,-0.012301776507928344,-0.021649018951404156
22.57,-0.023250896541894904,-0.006659592537939381,-0.020983084867241254
22.575,-0.011926682681591392,-0.013914640738095717,-0.004736346495753836
22.580000000000002,-0.02532167710699485,-0.030696168116450893,-0.004298295615520791
22.585,-0.032313713252205556,-0.03311463132841187,-0.0004902402447749393
22.59,-0.016269141837731083,-0.02688884787639301,-0.013929797710390799
22.595,-0.035309955956739976,-0.02066842944215577,-0.019901293283346246
22.6,-0.028637636967439595,-0.01573371835350515,-0.003962292972339
22.605,-0.009672805842801942,-0.03782961638979567,-0.026069649166223417
22.61,-0.022829089618471826,-0.021472204014383687,0.00019523771953645214
22.615000000000002,-0.029693023170396095,-0.02332035782332521,-0.008112637022462066
22.62,-0.014661996384298465,-0.0286435539168041,-0.005221429647908095
22.625,-0.028771658120574077,-0.030559196041214442,-0.014935532904868957
22.63,-0.024382313622341962,-0.01886928667060269,-0.023246563198970883
22.635,-0.024678118908803087,-0.014737494289008208,-0.02861453849857266
22.64,-0.024211910510573482,-0.01772538484142272,-0.00748202223764248
22.645,-0.020660025567174008,-0.04975975692438829,-0.020221174603177627
22.650000000000002,-0.02592748970144052,-0.03881677092257903,-0.002871709622707174
22.655,0.004608762487121557,-0.01302981496200034,-0.00484575276293012
22.66,-0.027742684158984496,-0.03420022456900652,-0.011936758966420529
22.665,-0.030880417264906444,-0.02395820780005081,-0.014603629683537029
22.67,-0.025715445257717275,-0.04585009962077585,-0.023187836534939055
22.675,-0.023413428558452753,-0.026839041898912584,-0.014832832430093305
22.68,-0.02370439024756422,-0.011385243167350465,-0.0046997493440461315
22.685,-0.023890620027541505,-0.03003503110568994,0.009888258674661312
22.69,-0.0052214353406831795,-0.027539682407977436,0.0008880300609438625
22.695,-0.016497623703403193,-0.0343619335759988,-0.0021015372898728936
22.7,-0.012967055623457872,-0.02415025837004149,0.0012004238907868288
22.705000000000002,-0.018088859677389244,-0.02549240041266651,0.008382504601159278
22.71,-0.006120874226419614,-0.011156608903872597,-0.0223222209734716
22.715,-0.04107478951859854,-0.0451437537362508,0.014194048618089943
22.72,-0.0353789871114641,-0.016043353506383137,-0.008940957595757307
22.725,-0.026005270115498354,-0.010436073541537675,-0.0009083826525808983
22.73,-0.01896855969558042,-0.02138146443521663,-0.00804897162481141
22.735,-0.029410196027686058,-0.00504542755983305,-0.016036593647979096
22.740000000000002,-0.034225761682381145,-0.030134909281916512,0.0032820744229268874
22.745,-0.038954614633382026,-0.0184753310815207,-0.007868229051406252
22.75,-0.014002729372056905,-0.04039275553933915,-0.011664556062659582
22.755,-0.038593061023020625,-0.016030262652846027,0.0034008461199393596
22.76,-0.03161387207252071,-0.028894529317395133,-0.008263392170780402
22.765,-0.01761737666390733,-0.023209419518830054,-0.010118349815311567
22.77,-0.01658570343693377,-0.018509567100033757,-0.018525188702041926
22.775000000000002,-0.03467475637208981,-0.02609813247683883,-0.0066187753948633715
22.78,-0.025595197207531287,-0.00877978296840936,-0.015336825480716958
22.785,-0.027355981143358608,-0.045580282805306,-0.0030750821207599227
22.79,-0.024676321888055193,-0.017004212527114107,-0.02326434431426096
22.795,-0.037987386487875065,-0.03636883577655792,-0.005876552212492569
22.8,-0.03910435622981351,-0.03216971754918083,-0.010488488563896638
22.805,-0.019246017086969557,-0.02808015800538537,-0.0027727017913626063
22.81,-0.02725258434822836,-0.03873109319115326,-0.012469927859435789
22.815,-0.024647556470485648,-0.03567625799395256,-0.02979999292060522
22.82,-0.036737072270944346,-0.027049517924409985,-0.00016583131005069862
22.825,-0.038042199371153246,-0.027081629629306443,-0.010859202867200792
22.830000000000002,-0.04292702846809159,-0.05650507861415041,-0.008002961894794255
22.835,-0.021836241897321283,-0.03445661012873987,-0.010580782231156854
22.84,-0.02966873285721533,-0.02806285812603992,-0.01277019847415315
22.845,-0.026153570365303316,-0.030926783168604633,-0.017809781684617016
22.85,-0.03713292223814198,-0.041039368093340405,-0.008952553511034352
22.855,-0.026735808043513238,-0.027415880938919675,-0.023510088994926227
22.86,-0.029798088396969034,-0.055860552396878004,-0.009713110633473136
22.865000000000002,-0.03215036927148001,-0.04887935766417246,-0.02100866873992923
22.87,-0.024267345894978504,-0.041428073445532065,0.0036726477118745465
22.875,0.0005476643980275898,-0.05335267783544336,-0.011607063379459368
22.88,-0.022600509304130264,-0.0412525674708157,0.009770783393904945
22.885,-0.02191075117041345,-0.041474295445412125,-0.0045626941598314805
22.89,-0.03364213334411531,-0.03691549774102793,-0.006864639086003682
22.895,-0.029141394869148164,-0.021188749253512728,-0.010874696875870674
22.900000000000002,-0.019618521988224683,-0.04254601681637827,-0.0007036294865396947
22.905,-0.015417661655731892,-0.02964647521177504,-0.00844827011824089
22.91,-0.01868356817205006,-0.060614202786128606,0.000303601218988446
22.915,-0.020147075147381902,-0.04237163437269206,0.0040900995519195585
22.92,-0.03427877398646533,-0.029124655506213147,-0.011442120281736804
22.925,-0.023896020668211174,-0.030403121503144358,-0.01700086818890013
22.93,-0.02633412679280701,-0.047111673646138164,0.0011222386410934815
22.935,-0.023650691017502883,-0.038418173920461346,0.00039409727699032254
22.94,-0.023499377262065864,-0.0250309604596727,-0.004611284449907729
22.945,-0.004902179928200915,-0.03197182370184438,-0.0020063751421736976
22.95,-0.032625743160336694,-0.027674649772033207,-0.004273327215370413
22.955000000000002,-0.02081753936167413,-0.04260315557994485,0.0035913468075695447
22.96,-0.001331801944552933,-0.03812647812311532,-0.00952992736782379
22.965,-0.007708076982613808,-0.019945226337050967,-0.0018913725185530778
22.97,-0.021402278472330283,-0.032959401629330705,-0.0045081837370971566
22.975,-0.025628187996781744,-0.05138990843661824,-0.020979994123682958
22.98,0.006801644340797304,-0.02471592420865759,-0.004444610500217577
22.985,-0.016193190680398813,-0.018863829456352354,-0.00024168967366224384
22.990000000000002,-0.013702264824625065,-0.03749504912690009,-0.022287693893425893
22.995,-0.04295389030126049,-0.019608029789184456,-0.019789327308296828
23.0,-0.02102477582187589,-0.0366354596429179,-0.004967045210072841
23.005,-0.023432942227121594,-0.04197103489016184,-0.015442074394739332
23.01,-0.015104058087926652,-0.04259851749928632,-0.001925588426390186
23.015,-0.0031644655341730842,-0.020654640142887388,-0.011204997414879087
23.02,-0.010770057810044337,-0.03310560134180459,-0.02277470001804636
23.025000000000002,-0.02522232094688561,-0.02671960215515101,-0.025493608605815347
23.03,0.0012779209206058816,-0.03106727787364284,0.0067973105775306734
23.035,-0.025148598771143834,-0.023472332649131206,-0.004955670525553492
23.04,-0.013938098381589381,-0.04230251387737054,-0.032487097940261944
23.045,-0.02955120286480159,-0.03127700044019997,-0.014381094586702517
23.05,-0.02840544149387724,-0.04511178338117541,-0.022285283636951123
23.055,-0.01852485833308686,-0.026981463610331033,-0.015026184793555632
23.06,-0.02632038237905728,-0.03271453016027226,0.0016342340281784475
23.065,-0.04230781079888217,-0.037772221754855936,-0.002855340161451638
23.07,-0.01907053226229047,-0.02784758479482099,-0.014715632473546719
23.075,-0.020619969995649634,-0.04634795222845756,-0.014355626000035447
23.080000000000002,-0.025352017693037868,-0.027647545173130075,-0.02097071812104036
23.085,-0.03744790880136248,-0.022330313477602566,0.004382168463038641
23.09,-0.0208215173907916,-0.02728820897586774,-0.012299213120713064
23.095,-0.03192338301669992,-0.03680253335383174,-0.0005372317198957047
23.1,-0.014956332911329908,-0.023482464253526236,-0.01880907773016944
23.105,-0.02664639988249251,-0.025828461299897056,-0.02069843719962379
23.11,-0.01007554466929632,-0.014031413992854139,-0.0050263290412850825
23.115000000000002,0.002265507608354974,-0.019639091998130877,0.0046706978158141225
23.12,-0.006455955595338347,-0.011300674500596193,-0.0012454837454980473
23.125,-0.020990592458306444,0.008687881793029557,0.0002122455997181083
23.13,-0.023466286081072433,-0.015445121653966146,-0.007387679729530278
23.135,-0.03258512465060564,-0.034203226375587883,0.013338040666587139
23.14,-0.024771979217472918,-0.027685674803064296,-0.00024672886086674756
23.145,-0.0062523253995585264,-0.02721530053802511,-0.00020922917418177492
23.150000000000002,-0.019402329939692153,0.010984441525762247,-0.0016613979422520145
23.155,-0.02837764788386177,-0.01407331580266566,0.006533813613022972
23.16,-0.017108320221226533,-0.022131103245651696,-0.003066896585050237
23.165,-0.008522338269050505,-0.012372233394344475,0.0017966655728294187
23.17,-0.009866868340494581,-0.0223591968248865,0.004075689216146677
23.175,-0.029509727487533666,-0.01261163632404768,0.004784220744008296
23.18,0.016415367618541524,-0.01905233178736898,-0.011867681702440038
23.185,0.01845194124655149,-0.019579813468327465,0.004099635309182214
23.19,0.008061004855515232,-0.007277326976439144,0.004505399739120473
23.195,-0.007683385317489695,-0.012410953715248443,-0.007042107205922299
23.2,-0.0034693074220788923,-0.027784265984501285,0.016866780908504755
23.205000000000002,-0.0067040744600717316,-0.010702073070242726,-0.00153350827755213
23.21,-0.0009156666070953955,-0.0014892252760557905,0.010063497672733748
23.215,-0.007555146319453845,-0.03133887364701224,0.015278521127708847
23.22,0.007027658322542275,-0.016510272549265827,-0.005945834232253158
23.225,-0.010191696805774527,-0.019306445241488633,-0.0055367477194467885
23.23,-0.0018150667381435469,-0.007759829315630263,0.01124571589650542
23.235,-0.00042456193729166307,-0.018301677282814247,-0.0012676011503904676
23.240000000000002,-0.030084127751538476,-0.014786769417407968,-0.008238446176440876
23.245,-0.0095929206801068,-0.0276521479877288,-0.017906949961915452
23.25,-0.03160330035015635,-0.009923796224886152,-0.0050604790071101455
23.255,-0.019180042393823888,-0.010135646850361781,0.02024470780579844
23.26,-0.015138428921867886,-0.0172383594360822,-0.004360292163548864
23.265,-0.008193543844737656,-0.010537392636913952,-0.003859815325243425
23.27,-0.008428459905083504,-0.018337268607411597,0.0055202997981143274
23.275000000000002,-0.021855688725782096,-0.02285322684359525,-0.01409432521192151
23.28,-0.0007251976769452346,-0.0217875232286946,-0.0012591349363616743
23.285,-0.009119055318884378,0.005757376818540508,-0.004637135967204744
23.29,-0.016955169854195436,-0.021092831715621735,-0.009568911768587575
23.295,-0.009188981071688074,-0.025717392645885906,-0.012569847316603794
23.3,-0.006176787129442599,-0.014298867916724339,-0.009798263596033838
23.305,0.006392407636374787,-0.016777739978121688,-0.0009578423350236655
23.31,-0.011609365363294365,-0.0030216310807699275,-0.012530666787614723
23.315,0.008775035985606175,-0.01999473032236306,-0.017268910555964453
23.32,-0.0022957278835115894,-0.008940154006411632,-0.012965186509953503
23.325,0.002075296211123784,-0.009491887862009085,-0.017699594395720972
23.330000000000002,-0.011698235088982581,-0.024267241871669683,-0.0019778208983632257
23.335,-0.010850774923553649,-0.010835315049651564,-0.011682609446363436
23.34,-0.009181124498196424,-0.0055757291069041745,-0.014028514507701867
23.345,-0.005828597237683003,-0.019850455210153682,-0.00496086169655152
23.35,0.005459068641251959,-0.018222997280609433,-0.0031890274566919972
23.355,0.004365552560383935,-0.014126782250933454,-0.02536351910855188
23.36,-0.01053915747072813,-0.007067434237118446,0.0053264616157631724
23.365000000000002,0.0004980158696202882,-0.018372547182655977,-0.001587343942052441
23.37,-0.012609021036704797,-0.012604161113103831,-0.0064054017585047016
23.375,0.008991434431028254,-0.014211984385722135,-0.01790064805751374
23.38,0.000623493134850963,-0.025216346717437603,-0.01299381403964475
23.385,-0.014045228675367227,-0.004119861692708138,-0.0027762975550132372
23.39,0.007119812475533586,-0.008445346256046728,-0.004212415629333459
23.395,-0.0064155885397445015,-0.010776504926055898,-0.02321562111797143
23.400000000000002,-0.006230927016441537,-0.02702080221625585,-0.02450736960498492
23.405,-0.0005614234609154379,-0.020871397393645512,-0.01329449743997137
23.41,-0.0176220757218541,-0.02917837405655271,-0.008057689786609173
23.415,-0.000924815324243081,-0.006131135026232241,-0.018947816222299484
23.42,0.0018997955977439352,-0.016630950353108336,0.005248224737251422
23.425,0.0026730564138640733,-0.03551390540828883,-0.02235269089674189
23.43,0.00048442946265843563,-0.03178480387771403,-0.028039684165969747
23.435,-0.00022962130025653942,-0.012475111074241905,-0.016121352772195147
23.44,-0.0010543849717736115,-0.02707049856978324,-0.022864503604078955
23.445,-0.025625796422841993,-0.03362321354113424,-0.013460264772792593
23.45,-0.001535774751061491,-0.0046832724332122105,-0.01580025012838921
23.455000000000002,-0.0015376473203957148,-0.021353633163007684,-0.015308251717671011
23.46,-0.017873637657028204,-0.020795401219878173,-0.01431684196435912
23.465,-0.02381233598459341,-0.037851413420128883,-0.020200275700096557
23.47,-0.02241046635800044,-0.016888824111133054,-0.03299239677791568
23.475,0.00018662290674735516,-0.00806274904150351,-0.00975429952689538
23.48,-0.005923470182888168,-0.013901309125381688,0.006316342980589779
23.485,-0.010418325280212566,-0.004106779275770462,-0.013194895075675034
23.490000000000002,-0.01776721824923151,-0.01978362975218795,-0.01616612386200332
23.495,-0.02289500150400035,-0.01921620430027777,-0.028175799163775828
23.5,-0.02214489962176934,-0.015326655280746088,0.005344790713060244
23.505,-0.009110700319693795,-0.03359385097179709,-0.025413739604782222
23.51,-0.005697238786481961,-0.023763574716011558,-0.01864018163527531
23.515,-0.013372577201386703,-0.010862961784513882,-0.032858676674903275
23.52,-0.018196877225148775,-0.017915156032140004,-0.02403952834214565
23.525000000000002,-0.013717166378996776,-0.009295973349484787,-0.0039649308264200715
23.53,-0.014622570525973162,-0.011881079750402196,-0.01112131721157739
23.535,-0.02481934169083015,-0.006272053007033471,0.015180034067541832
23.54,-0.00810832887201929,-0.017230563206988583,0.004378884996608712
23.545,0.00046255660612712357,-0.020249247783379817,0.005105460325144294
23.55,0.014320669733845494,-0.012697834705879405,-0.03295418143001205
23.555,-0.017166821699853986,-0.004044527381543232,0.011499985822048999
23.56,0.009038140780463513,-0.00889226234567219,-0.008275838606552517
23.565,0.0012728186399484035,-0.008505951204438481,-0.012541634932567571
23.57,-0.01585391980392125,-0.02200386346033694,-0.00849734735459548
23.575,-0.0005706252765333587,-0.017012437135188865,-0.008115696710225582
23.580000000000002,0.0006426548894154279,-0.015616007277463031,-0.023353163963576926
23.585,0.004907979392528664,0.012602835847968705,0.001071037247396255
23.59,-0.013554538514091392,-0.004661732893825012,-0.0159567916424167
23.595,-0.007339821937159352,-0.021774434468156956,-0.01505717602982681
23.6,-0.0127869747868435,-0.024481199269419218,-0.025877260605954574
23.605,0.0044332735894935076,-0.035863767268092775,-0.010400197709972976
23.61,-0.019129181132922814,-0.018283363892466875,-0.009896260351503417
23.615000000000002,-0.02922501581893073,-0.024767585337686096,-0.02465382455086018
23.62,-0.022435089755586314,-0.029219666605194945,-0.0058799905735562145
23.625,-0.024555491316911204,-0.019630924581971083,-0.02045140089208182
23.63,-0.004222677293273292,-0.005525683406735105,-0.0024330394160615373
23.635,-0.00533751098285167,-0.013966772491704797,-0.00879529878523358
23.64,-0.009783299627802406,-0.01873203350793022,5.4577633785420077e-05
23.645,-0.007152215610298325,-0.017812837831247024,-0.013265041834017305
23.650000000000002,-0.01523398220968778,-0.014804678472471392,-0.009358422054151792
23.655,-0.0023347140570143914,-0.0018046194159569593,-0.0004367892177780351
23.66,-0.023695811600040875,-0.003542840480508325,-0.013860258021144684
23.665,-0.01928821760434808,-0.0036617072663756595,-0.0091381238788238
23.67,-0.010964630396271973,-0.021550096502507013,-0.002164243708660675
23.675,-0.006896030406798678,0.012098925419413872,-0.010250667720929179
23.68,-0.012233821425485505,-0.008140479542021246,0.011768653108427736
23.685,-0.005286280764102596,-0.009661939691620115,-0.006776291723523231
23.69,0.001989673431685386,-0.009391703406427712,-0.0020020719830450284
23.695,-0.01277512002468011,-0.022942093452886097,-0.007599962824354246
23.7,0.014977979934375451,0.00123684660089066,-0.005195882369174924
23.705000000000002,-0.01019680282618721,-0.0182754101840436,-0.022825344918752835
23.71,-0.006485795615761129,0.0005923392791720985,-0.003939668186397667
23.715,0.003498058857197138,-0.019202224731833428,-0.004031363439651919
23.72,-0.013988448813012755,-0.026036888623944234,-0.009363504797178613
23.725,0.008458369564938614,-0.015534805196074919,-0.01109419833033134
23.73,0.002496739919954508,-0.011350431770418454,-0.014776076101376672
23.735,-0.0017552507775433295,-0.02583965436257038,-0.00782778049361829
23.740000000000002,0.0030470395853347283,-0.009398055029942174,-0.013769884950349873
23.745,0.0032919696411337403,-0.018610183368518995,-0.008867340869575165
23.75,-0.0018631397639576486,-0.022470526940566907,-0.0012775045495475087
23.755,0.011297282534732408,-0.005161817649070313,-0.024396946893047854
23.76,0.026686774100202818,-0.018490690249365446,-0.01153290890406167
23.765,-0.013606770940588722,-0.010304610058936058,0.00252729400055819
23.77,0.005829829379075127,-0.017879170381100384,-0.02692990654480792
23.775000000000002,-0.011288573275163855,-0.01773261028087067,-0.023544123556198296
23.78,0.007902025847229023,-0.01441878728469936,-0.03110088133658715
23.785,-0.004122894806163446,-0.003941605665409282,-0.002426315583629754
23.79,0.0036308753731431427,-0.011112659414681737,-0.0021121563833946984
23.795,0.0008857250473381078,-0.010860600952527635,-0.014357542859604337
23.8,-0.003458565373210329,0.008288936333835113,-0.01305824526710444
23.805,0.0010976745599482248,0.011617042259846947,-0.010426372506494646
23.81,0.021103251686351878,-0.009443502021326298,0.0031809473288668183
23.815,-0.0006489104630384166,-0.009497430715625869,-0.007972058698448239
23.82,0.009074127310729856,0.005185361086023443,0.0052965967818372406
23.825,0.013205903990014183,-0.001381634631854066,-0.005892402343542174
23.830000000000002,0.000789080890722384,-0.018179525122992167,-0.010887015130971164
23.835,-0.00453821709173631,-0.015670468740037777,-0.011849871091170834
23.84,0.005091118340684917,-0.011977934579012422,-0.0015663313491102587
23.845,0.013740608041906976,-0.025270034916055374,-0.012730678226230734
23.85,0.010359201032454787,-0.016300190852871085,-0.008067754739549803
23.855,0.020826928023508665,0.005143709450379589,0.0006854945387180095
23.86,-0.013265106456280524,-0.0006884908864078949,-0.0127282321124214
23.865000000000002,0.004990684657079394,0.0017139760110585107,-0.018626151679579903
23.87,0.013048717013251401,-0.015115929716196226,-0.017044631166270266
23.875,-0.003223222371497216,-0.008627001442049118,-0.011251986667999907
23.88,-0.0021578703752531377,-0.004117300388223291,-8.626727431446796e-05
23.885,-0.012332524195287232,-0.012056803343992142,-0.008475582038657977
23.89,-0.0020616065505986375,0.00043500981524703317,-0.007698304000981279
23.895,0.011424677371903978,-0.019234156004359293,-0.0013178498336767624
23.900000000000002,0.0047120380973940095,-0.0009518703668014838,-0.013828779289766726
23.905,0.015096222801413105,-0.010710125183740746,-0.00043321390996356457
23.91,-0.004557519172773376,-0.0121780376484464,-0.009775796837354469
23.915,0.02394399406578429,-0.00955663984547294,-0.006450857071211617
23.92,0.004859767342678626,-0.022043136025186958,0.003297467037891246
23.925,0.006094094413778908,0.01173578217563451,0.0028172695763630917
23.93,0.013149022112405675,-0.01221717035065259,-0.018796935564847427
23.935000000000002,-0.004170597894660938,0.009220308782272542,-0.011709743300356684
23.94,-0.01083229666773645,-0.0010052334104952796,-0.011341454672284592
23.945,0.007262052213859097,0.0036883439574058336,-0.002763591904821068
23.95,0.01946124322184609,-0.009286470225870484,-0.012421960877436074
23.955000000000002,-0.016577193127730313,-0.013862596952016918,-0.00783610699891399
23.96,0.016717298287145223,-0.023407187240778053,-0.013423758761289378
23.965,0.011686107651643808,-0.016465954702861198,-0.016342314894292817
23.97,-0.009443274722956384,-0.0076494607395412376,-0.020402757295744638
23.975,0.019494213618122504,4.370434766146937e-05,-0.02028861410858058
23.98,-0.007540641186831964,0.0024286878014066265,-0.02517632204464763
23.985,-0.0022529145086930312,0.0008530519724457963,-0.0290683485153628
23.990000000000002,-0.003357099339330124,-0.013178279670841921,-0.022916166637970727
23.995,-0.0019878175644949736,-0.0005109154715347286,-0.01869690195908274
24.0,0.005141915668687145,-0.004759111050853012,-0.013130190427939021
24.005,-0.0020038274297737592,-0.009682347578467644,-0.023076433548611497
24.01,0.005454745432076444,0.010764882583733463,-0.017649387266891466
24.015,0.007769131673036955,-0.010042237749763138,-0.01629751077883011
24.02,0.01273408069885651,-0.0014575462031534885,-0.012629070355742938
24.025000000000002,0.031060759329899774,0.0025245942987347763,0.001540463114094866
24.03,0.010951797541963269,-0.004602138479063473,-0.0065030708739566385
24.035,0.025535688439691853,-0.015571321656464465,-0.029861012639535535
24.04,0.008417477544335127,-0.012102802687810294,-0.0237874059816467
24.045,-0.0010650182436165489,-0.010714834454829562,-0.026902646735421414
24.05,0.00971490879674956,-0.01634180622166448,-0.018356483752102172
24.055,0.000598661039938623,-0.0067377118519260665,-0.009248285436858416
24.060000000000002,-0.002604101917163977,-0.022213668639051106,-0.010898332738137635
24.065,0.00890196421906213,0.0019489330549825332,-0.0004526200875209505
24.07,0.02662147649076581,-0.032453383299898705,-0.012584423457111197
24.075,0.030133221682270627,-0.012767274166119398,-0.01600464096229623
24.080000000000002,-0.010667098362089726,-0.008366612161106629,-0.01778764690362092
24.085,-0.007129152554627965,-0.007645280093114926,-0.01844020443431488
24.09,0.0029095926544169095,-0.0004016598656159569,-0.0010673742444449125
24.095,0.0033134874750536765,-0.011881824514931406,-0.017610961421167352
24.1,0.009920914815701079,-0.004445112031654831,-0.02195142393659541
24.105,0.008848026353781175,-0.0046005716129532415,-0.024215833976518823
24.11,0.00028313754767484225,-0.010091668021158334,0.009274221594255673
24.115000000000002,0.0067629402473237,-0.010734111776589061,-0.0038646373669970584
24.12,0.012510444100354703,0.007305734883938376,-0.006883184326862083
24.125,0.015008931430852924,-0.008122440830559439,0.005494811921296118
24.13,0.021549394601126242,0.010319350667792212,0.014488864322468651
24.135,0.022385413820625092,0.004712594214432084,0.0073997896951052715
24.14,0.03776798863622057,-0.001540657703073994,-0.01788561777850939
24.145,0.02858274511336745,-0.0021598899399671214,0.009329274025233557
24.150000000000002,0.022624311221555355,0.02308652160918994,-0.0014338083755701253
24.155,0.020011762008615312,0.005509665838184417,-0.014339395680425648
24.16,0.02442632987326599,-2.2245705712162916e-05,-0.005624179798710037
24.165,0.017807962557545996,-0.0003191199718570216,-0.005161579521626856
24.17,0.0291422542952358,0.002945808671512753,0.004699084470529267
24.175,0.02535490350781435,-0.004734774198466315,-0.012252749501825668
24.18,0.025830327771802497,0.016568606172462284,-0.015273960883774175
24.185000000000002,0.0035033748046530045,-0.0028251864574209452,-0.03139704166567361
24.19,0.02491956391674693,0.002478721272061441,-0.03126928356077481
24.195,0.006447369643273984,0.004819540211306353,-0.022812794507684225
24.2,0.005727859189088921,0.0022001805655472405,-0.021368167938659706
24.205000000000002,0.0021680940339387908,-0.0036388935958090226,-0.012894712890658341
24.21,0.0032081546915789672,0.0021350595172377734,-0.013980189382454489
24.215,0.0018999133272430612,-0.007305642717581908,-0.0018434644251320359
24.22,-0.008615872415543005,0.008906175268920057,-0.005036850252600462
24.225,0.03730737969534469,0.018380306775599684,0.00013680793009295499
24.23,0.010621679154677549,0.006576295265476234,0.008075583805624426
24.235,0.008931019414830876,-0.005913000033288577,-0.01634459968744518
24.240000000000002,0.023964105273550106,-0.003233309902126209,-0.014673334719424247
24.245,0.016923581056579394,0.015937928284443275,-0.012222029103576379
24.25,0.008034731124735224,0.00867169924102681,-0.018023160514728583
24.255,0.019047070514706978,-0.006733324435428107,-0.0009334527873574774
24.26,0.010086315135935964,0.009723493940545041,-0.025884947437788443
24.265,0.0035747769353433228,-0.00437922010284846,-0.01654384412869315
24.27,0.024639430290023596,0.005050219040725301,-0.01902227385019047
24.275000000000002,0.005862332541852861,-0.0031745027012968375,-0.025413265928202356
24.28,-0.0029644166742467505,-0.018816721785174434,-0.024573300136312707
24.285,0.023897689825950946,-0.007821041827192097,-0.006735996967968855
24.29,0.0173085141499499,-0.008064437531859257,-0.001834195703937151
24.295,0.009222552402593181,-0.0026924172776492464,-0.005904219559983962
24.3,0.0016059616605618426,0.012738374559907915,-0.023525176752938765
24.305,0.013304968307565739,-0.005161409148075153,-0.018598017692318558
24.310000000000002,0.005588866776324953,-0.00407127756733674,-0.0021535385038014537
24.315,0.01867822638841638,0.016501972925244045,-0.013718593433380085
24.32,0.030136480636858337,0.008782079256753792,-0.01863174716424646
24.325,0.01910281458470896,0.008846854815506264,-0.01199513121225034
24.330000000000002,0.015250100908840492,-0.00490906777255566,0.004123748804653061
24.335,0.012777394096692433,-0.01667893314532058,-0.02226706700078316
24.34,0.013833125254413874,-0.017237579309664297,-0.020900436898855203
24.345,0.009532585088588945,-0.030007375996896898,0.0011309882605526431
24.35,0.01146417888603253,-0.009188802595351769,-0.016471564315454316
24.355,0.006510557939287805,-0.0237264774778449,0.006415482531269544
24.36,-0.003218986811806282,-0.009397424865654718,-0.007319586454015221
24.365000000000002,0.0021162312124269785,-0.0015666946759386024,-0.010625752812675452
24.37,0.020096178371581473,-0.01244711482145703,-0.02680638241566266
24.375,0.020534728860038466,-0.019951636462040654,-0.022834341587520936
24.38,0.0054812740818216375,-0.016839408972427843,-0.011821525520530923
24.385,0.019108350703424808,-0.013139447630016444,-0.006353726729520637
24.39,0.011676555780949015,0.020095999194634773,-0.00898125469151869
24.395,0.009597955051277736,-0.004869774888366429,-0.008854859065017293
24.400000000000002,-0.0012944795416275565,-0.008982848951490114,0.0006742554522995319
24.405,0.020299073302653507,-0.009801657826393875,0.010900645691654637
24.41,-0.008304704839173241,0.013544963544765212,-0.02607104759341826
24.415,0.0026653772179882065,-0.011959682119401037,-0.013231270374327836
24.42,0.0035880561856473456,-0.013225210463888757,-0.010790863485977884
24.425,0.02331627260622405,0.010033360940191732,-0.003465712668687752
24.43,-0.02146653197297232,-0.020140681322391316,-0.008435926316951758
24.435000000000002,-0.0021862851836800022,-0.021144553841134218,0.00033874261482743154
24.44,0.003269986715070622,-0.004134608477881136,-0.01598017215201903
24.445,0.01793040261163727,-0.011912591514462265,-0.0045824893990616625
24.45,0.018804664368907605,-0.01154481034934291,-0.01140770102913988
24.455000000000002,-0.0013076145339100086,0.003739607677583645,-0.011854089508137777
24.46,-0.0002727770585563283,-0.012276600697531816,-0.029958631912163868
24.465,0.009888736135926184,-0.00037518320585208306,0.002206344758067951
24.47,0.0096093864676895,-0.025346990437134842,-0.010398008341135214
24.475,0.01597546616621558,-0.024333538655778714,-0.019196087011884223
24.48,0.017093758264696907,-0.005260368999872298,-0.021197304872376418
24.485,0.02012748397582354,0.005292273765206237,-0.0059799251995669815
24.490000000000002,0.012012179070053256,-0.016478126362010806,-0.016507353102966086
24.495,0.005313355769044565,-0.007181271872403128,-0.005425699465217657
24.5,0.022177270856150816,-0.01733123038745267,-0.03270685220085632
24.505,0.014137204368758712,0.0015096339536026177,-0.023681053262150628
24.51,0.016698304412927856,-0.008964888263961376,-0.0058465233249266006
24.515,0.0225667734298301,-0.00191770457099023,-0.011536818133728668
24.52,0.01941424865710947,-0.009889337439090765,-0.018573132551372225
24.525000000000002,-0.0009008480140567862,-0.011690119527737757,-0.021326806470876307
24.53,0.0026506726199368967,-0.02135233216364404,-0.01697745369842099
24.535,0.011540601768351868,-0.03400796535117374,-0.007406609559335453
24.54,0.02481182704374326,-0.013573506579195291,-0.013128499561687091
24.545,0.007296932172008791,-0.026056776575319136,0.010104880706155856
24.55,0.014782957320106278,-0.0075932193966171966,-0.003982693419276215
24.555,0.021138876027185945,-0.007864483713314267,-0.010485300987922299
24.560000000000002,-0.004199619709053596,-0.012895661565298666,-0.006554198260177245
24.565,0.020877944914152048,-0.0002893455616817548,-0.0036076268143273964
24.57,0.01088620221799592,0.0017827259816061867,-0.012453057247020576
24.575,0.02161906534287901,-0.010255250295698622,-0.00871713537610225
24.580000000000002,-0.008909966072821724,-0.020139744653072746,-0.006992315610935697
24.585,0.009632469471321058,0.01715129437658022,0.01649762156689906
24.59,-0.0019855561254371592,-0.00823298399773701,-0.014556797740595206
24.595,-0.002945319214955773,-0.00042124641861684964,-0.0143191937547704
24.6,0.009429571927763634,-0.00887656385015917,-0.010284037768330381
24.605,0.006079808144739831,-0.016132991641743137,-0.005247396454391127
24.61,0.008228193187695913,0.007605462692153751,-0.001821241746502434
24.615000000000002,0.017945327397373534,-0.0038186653831755657,0.003969618228867254
24.62,-0.004673019956337307,0.000974416815993407,-0.00953432897685612
24.625,0.015627494193260108,-0.0026361335473040837,-0.010153214904003078
24.63,0.006603134433429472,0.0032290165784086573,-0.00919631353905974
24.635,0.002889197684785744,-0.010498546894206567,0.00014859863021605794
24.64,-0.005429052748945645,-0.016985358937995354,-0.026848271776335766
24.645,0.01651705682053279,-0.02055873923836711,-0.011088497338779585
24.650000000000002,0.006866460416257895,-0.026946043544535205,-0.014283499367181764
24.655,0.005628980324349619,0.0035826363677353163,0.010595470416807543
24.66,-0.016816279203330873,-0.013252718848832988,-0.014681525489709836
24.665,-0.004602319305734833,-0.0006341164959668324,-0.017003178872873188
24.67,0.017572427576643134,-0.0129834055544718,-0.01997235140524576
24.675,0.004026208965509156,-0.029467553283019383,-0.02315291234029964
24.68,0.009835532918314816,-0.006578277421585215,-0.015041109861767526
24.685000000000002,-0.002205385976479148,-0.014730833774788399,-0.007487244130393015
24.69,0.0008125297457328893,-0.013363329751889386,-0.010046038750589204
24.695,-0.00016036781602331253,-0.012036548796631331,-0.0028682812389189648
24.7,-0.012336958859405082,-0.01377198776621733,0.007790827212951541
24.705000000000002,-0.008783902288612307,-0.000544963813283581,-0.013225523152855401
24.71,0.0037840954234718994,-0.0026089571862129906,-0.0063564306053530625
24.715,-0.011313014006826026,-0.0001924063694971152,-0.00597566095282321
24.72,-0.015525336968059914,-0.0025528110531187927,0.0012336071724011466
24.725,-0.011128992891082178,-0.026823673362025683,-0.001580053778118897
24.73,0.0005024927413573438,-0.01176666688903989,0.02290586356225719
24.735,-0.0025403958882615338,-0.013561442804993199,-0.009833196286111009
24.740000000000002,-0.005450775210026813,-0.025458392611122982,-0.0049536923276376835
24.745,-0.0025201889792844535,-0.0312415001802236,-0.0008698868287243151
24.75,-0.017433315664334315,-0.01018375542471647,-0.014858389243169484
24.755,-0.01662167070291687,-0.01121156677454907,0.0010280476681695846
24.76,-0.021243714374947136,-0.021761300517630883,-0.00790110404171632
24.765,-0.01830539997812935,0.005034511969190733,-0.014655933535396074
24.77,-0.001771145150083101,-0.015142283333773376,-0.0003921823323614314
24.775000000000002,0.022784557042888873,-0.016064296442797162,-0.0027340071386884428
24.78,0.013406358578954496,-0.01889432160491549,0.0028021573641640457
24.785,0.0003926862708275875,-0.03126532600886579,0.0018234467072196052
24.79,0.009855138255392783,-0.01078729088660439,-0.013822286031043674
24.795,0.006405647931966301,-0.019051754363032355,-0.0017229842017717732
24.8,0.009345068913327523,-0.011286071931983072,-0.013235191555082685
24.805,-0.0005241216238292693,-0.01693079212053033,0.004235328208508027
24.810000000000002,-0.005676719740454026,-0.016586913053142936,-0.006068164761466939
24.815,-0.01567922673270547,-0.011618507868648072,-0.017648212169567343
24.82,-0.0059571064914836335,-0.007823890625112071,-0.004498578808867053
24.825,-0.01987068686298221,-0.03241900423456454,-0.005486153678638025
24.830000000000002,-0.008363234161784158,-0.010624754819957706,-0.005580457329664824
24.835,-0.015144388306189704,-0.026028966297015434,-0.014678673422287025
24.84,-0.005389527274460645,-0.036554019823746564,-0.012730075238668325
24.845,0.004660133185817358,-0.02587899708418152,-0.012226054535511136
24.85,0.004420356234355816,-0.014278227801604013,0.0074746866939235344
24.855,-0.003959722188434014,-0.011192102773718763,-0.006037240667799516
24.86,0.012924398935154372,-0.023545477464758355,0.011610230697906685
24.865000000000002,-0.004325620035403014,-0.025604094550852156,-0.002611194034613542
24.87,-0.01123683832450216,-0.03581347185840849,-0.009054149502030286
24.875,-0.021182404133948014,-0.032856846063342764,-0.010253567779110833
24.88,-0.01363453225718218,-0.02092019325545205,0.011405722792626966
24.885,0.00165956643560397,-0.013553051093822127,-0.015666933275502972
24.89,0.011138772226851407,-0.02915528304230709,-0.0012073930086674602
24.895,0.0012585918325932893,-0.028200308233761393,0.0044682823407164625
24.900000000000002,-0.00035803708318297165,-0.0061604332697046136,-0.005483991515928981
24.905,0.01499300068488554,-0.03688100806868021,0.004198309447856003
24.91,-0.029444337369381277,-0.03581235083114312,-0.027228965089863638
24.915,0.003136961823901546,-0.019229148699198388,-0.011881107931968667
24.92,-0.005527583736321312,-0.019730102390382923,0.007617901545089588
24.925,0.0012569229964670705,-0.024609213220553903,0.0004623892658971729
24.93,-0.013080643864330211,-0.024035583305498938,0.0035915673949156457
24.935000000000002,0.003023381412285119,-0.03177795029567729,-0.004901628182001714
24.94,-0.002606191449274274,-0.027709929275864645,-0.010321581880940792
24.945,-0.004747442338798209,-0.023499485465444708,0.0009443521988357316
24.95,-0.014500252321938701,-0.027573609168438193,0.004980247126950915
24.955000000000002,-0.02804340566332601,-0.020877875929361987,-0.02455911149278371
24.96,-0.008101313063534269,-0.004979625131963789,0.00879574349231356
24.965,0.012593154916238638,-0.01945724732709949,-0.009386910659495873
24.97,0.005341197626235904,-0.008648779390099082,0.0024899951670892227
24.975,-0.004550327200557043,-0.007286688175509003,-0.011673038224860544
24.98,-0.014202136060516159,-0.02729924598386462,0.0018094613634866662
24.985,0.019203317927515458,-0.029270972004725365,-0.011254195511723498
24.990000000000002,-0.004164159041461077,-0.006250449845075878,0.004864808742498148
24.995,-0.022473903681533913,-0.04148152441837904,0.006239864573088776
25.0,-0.008304057219874802,-0.03216066330892432,-0.015455065259526161
25.005,-0.018668211050301444,-0.022321117790902192,0.008964129859870551
25.01,-0.02250448083427583,-0.01481136292685686,-0.0001502355062476396
25.015,-0.0043903526146818524,-0.02181356152840729,0.008104878904197501
25.02,0.00029239235831554156,-0.024865708375944165,0.0035196689738702658
25.025000000000002,-0.01588823027250573,-0.02265529126328676,0.0055484687891326386
25.03,-0.021180419716394203,-0.01869700923818383,-0.006346326828533463
25.035,-0.02075885971342721,-0.02980891234490602,0.001842976206247609
25.04,-0.009393337703157506,-0.0219265946683246,-0.012359503986796222
25.045,-0.0014807820326832905,0.0006871999755725874,0.03139975690056559
25.05,-0.0035124016146682617,-0.025141008646172316,0.0043263200755274366
25.055,-0.005649132042595437,-0.02023900497284301,-0.011988008628902768
25.060000000000002,-0.015526520433010919,-0.02053103455243436,0.0029230862147738984
25.065,-0.03284603761826385,-0.006669185680680166,-0.008241343003282511
25.07,-0.00784348024051959,-0.037386727280813555,-0.006242139101873184
25.075,-0.00767634618586681,-0.026689024966454446,-0.008997298623635772
25.080000000000002,-0.009849626034734434,-0.016354864398659744,-0.011680451113763486
25.085,-0.022819692469065223,-0.03319703525074259,0.007679650356332005
25.09,-0.002286895396328288,-0.027301231611654646,-0.001686846793414007
25.095,-0.013828852044087124,-0.04172202992694119,0.004974899696963561
25.1,-0.01827286515959599,-0.029314026963180067,0.00716858925235345
25.105,-0.014748481440799144,-0.026055886515943084,-0.002722718264704164
25.11,-0.006553221626589111,-0.024970156039785005,-0.017745030052620334
25.115000000000002,-0.007030121395632227,-0.0002675949949681273,-0.02638094229412933
25.12,-0.03055636007602848,-0.011847681188392894,-0.019762248294206114
25.125,-0.02019565756965932,-0.020691250671287846,0.003637953862535577
25.13,-0.020142975896411272,-0.030924900969810206,-0.016750916612800766
25.135,-0.014405407585585337,-0.020891776876202015,-0.017704868302825087
25.14,-0.015249258246859555,-0.033573746942858654,0.007898143644378918
25.145,-0.016061796789570225,-0.04042650886914376,0.0001302077326353554
25.150000000000002,-0.011599021355405022,-0.03292044930482744,-0.004886383824529408
25.155,-0.003287091230004038,-0.02832306327391661,-0.019286827576931415
25.16,-0.026500991185036894,-0.04302919394401878,-0.02293972187482004
25.165,-0.024729059437815115,-0.03665798611174402,0.002245482076123583
25.17,-0.024727351486835695,-0.03935144136676634,-0.01131747044233242
25.175,-0.019353010877761964,-0.0383687265640963,-0.007155539858573232
25.18,-0.010612430677556264,-0.030491369469944324,-4.556557959224314e-05
25.185000000000002,-0.014576908017918814,-0.03487657890927658,-0.004742380597735053
25.19,-0.030769021142587106,-0.014807812992933319,-0.007989308033997916
25.195,-0.016159415996783395,-0.02662664513301192,0.003852941610236034
25.2,-0.032572499147608715,-0.023698842973566316,-0.0078120536403725495
25.205000000000002,-0.026011362419101795,-0.027053116138635154,-0.010651358581851827
25.21,-0.03180226819145261,-0.0492508411605563,-0.0030895745569135408
25.215,-0.030658744003790504,-0.05174059193900054,-0.016693871464479617
25.22,-0.023399646544211936,-0.03222609079324409,0.008948947007668916
25.225,-0.014716525318239247,-0.04715347486994251,-0.003581274843566861
25.23,-0.023562119539149433,-0.03807349209660825,-0.01524423416419032
25.235,-0.031185981540697988,-0.031357647305456704,-0.024327116846359853
25.240000000000002,-0.03574713586484295,-0.05577047487616059,-0.030340852412029048
25.245,-0.02141238135805451,-0.03787680562435181,-0.0037294657989133673
25.25,-0.040373416630824915,-0.031027938162094752,-0.011335323701263812
25.255,-0.0396652919838727,-0.021292196854247877,-0.01251332053586222
25.26,-0.03836762207570482,-0.0453749201789622,-0.02813795929307599
25.265,-0.006878003516774898,-0.0249953289883895,-0.03966536134936431
25.27,-0.017997494933942107,-0.04992422793093442,-0.014442422274260926
25.275000000000002,-0.024800695563573234,-0.029165825119653765,-0.023467495475558323
25.28,-0.024954664865091687,-0.02150804041792522,-0.01526414485561129
25.285,-0.025868170611210866,-0.014041062680721476,-0.026581447738434155
25.29,-0.016233279055683086,-0.028068315159651743,-0.036668200081707805
25.295,-0.02073803336586992,-0.02835326958003502,-0.02870077975976189
25.3,-0.029402441146776634,-0.024872711678148418,-0.04061059885313201
25.305,-0.02417985085379576,-0.0218994782017522,-0.019623241336593045
25.310000000000002,-0.014778092019422958,-0.013482800068559427,-0.03302298025112442
25.315,0.004426594788495421,-0.015069728621216364,-0.013329815403887866
25.32,-0.021289513844712657,-0.03562900977343264,-0.03407413140899859
25.325,-0.029799785730451122,-0.041402595357865314,-0.022635552586655696
25.330000000000002,-0.023025803571118175,-0.028793436830650172,-0.02966355126585804
25.335,-0.022041006158821597,-0.03493355428038825,-0.022275525988228625
25.34,-0.003564344120586952,-0.015463679697925654,-0.030938083058001147
25.345,-0.045041239723114086,-0.029457500287493034,-0.018904862480733933
25.35,-0.024812156957634036,-0.03526036192566815,-0.022917920565457463
25.355,-0.0058596481437890955,-0.046815816630419754,-0.008308945376370447
25.36,-0.008479458248350622,-0.036315403741923435,-0.025750240643362687
25.365000000000002,-0.008401775194584184,-0.029719174858200834,0.003809086138489369
25.37,-0.028894297374735613,-0.04350129994616465,-0.01374466596563945
25.375,-0.017302483404541207,-0.04374156510867759,-0.009516780723754014
25.38,-0.024047231991373545,-0.027971197137401427,-0.01566959912512352
25.385,-0.012480754434077817,-0.0401733745255869,-0.013180713908140355
25.39,-0.003745915289160672,-0.019478420511519944,-0.014252209348185291
25.395,-0.012344768492967792,-0.020643880069243177,-0.018611767497388
25.400000000000002,-0.008967799552171482,-0.02314285941084351,-0.01084507826898895
25.405,-0.024921086025451226,-0.016602372229955406,-0.02272439885126427
25.41,-0.006969122396667365,-0.030090929546872088,-0.015063183282604226
25.415,0.0007618344399794898,-0.047942545024118786,-0.03318403763516318
25.42,-0.01657894952352374,-0.024877740890123616,-0.024113591079054197
25.425,0.007144204125393947,-0.02090911511696372,-0.006346128172841284
25.43,-0.030106730765679674,-0.03352545439478401,-0.03325758088620369
25.435000000000002,-0.012906309079858375,-0.020649790861092563,-0.02512946571675297
25.44,-0.012781651455225317,-0.028525043271757873,-0.021453642141959266
25.445,-0.021430801109057117,-0.03087950497408188,-0.020328519254287157
25.45,0.010865366327972527,-0.03207372905474877,-0.041182353450383576
25.455000000000002,-0.020483621377822718,-0.01570058639213386,-0.01990842072135666
25.46,-0.02086050130794898,-0.04884009739641557,-0.03948210756646406
25.465,-0.01984479199239001,-0.05350076370479212,-0.03350583422289735
25.47,-0.014215558232505905,-0.038179068530023286,-0.02878068961514094
25.475,-0.013558800268848398,-0.046615148221778785,-0.01505524996074499
25.48,-0.0354073237548796,-0.024259823686586933,-0.0513181265128501
25.485,-0.03483038814105993,-0.032392220067436486,-0.005550218281108129
25.490000000000002,-0.03126036641668841,-0.022698039826510023,-0.04716654390494714
25.495,-0.02092860729026087,-0.03906924471899685,-0.02225103449772161
25.5,-0.028660924012319795,-0.040771053990560274,-0.027172134633432
25.505,-0.038472900445353814,-0.04520426460531887,-0.045166428339221985
25.51,-0.02580419281270442,-0.025122507915995584,-0.04099599299357547
25.515,-0.02736009367804622,-0.03987440933614046,-0.041295358898904476
25.52,-0.009146911468791935,-0.03544319415982848,-0.03996270939130167
25.525000000000002,-0.014826458366713367,-0.02739623886826009,-0.0346222313731516
25.53,-0.03195426869503008,-0.04973044135603855,-0.0335264498793901
25.535,-0.018952919027810013,-0.02073978586202205,-0.045299603535292665
25.54,-0.00744170719004714,-0.045204608438139594,-0.03535359795834911
25.545,-0.02007578390883529,-0.04083433999313119,-0.048995502822929374
25.55,-0.005263269970924787,-0.026778449676461143,-0.04557154395127238
25.555,-0.004870423418456963,-0.03520459758292781,-0.025172125236857613
25.560000000000002,-0.019177830092677088,-0.036813647666733666,-0.03807224117245943
25.565,-0.022300141028269452,-0.0296888438230992,-0.03550687041102631
25.57,-0.020917394885618862,-0.026264504647985912,-0.02707364814348458
25.575,-0.017591419508575443,-0.03805947921806513,-0.0423762871823965
25.580000000000002,-0.02488880014160487,-0.045170401136042385,-0.02970320682688552
25.585,-0.018653792125710725,-0.05283767331477186,-0.03950522683200097
25.59,-0.014897903864396562,-0.061693988125389905,-0.04370578395088014
25.595,-0.005524725801230725,-0.049925584959329625,-0.03792364837159258
25.6,-0.00048481895782473763,-0.042977857784647404,-0.03986295059197043
25.605,-0.02036663697496159,-0.04663099655824195,-0.02669105604149524
25.61,-0.009386587189247567,-0.040193171375223935,-0.023833425279328115
25.615000000000002,-0.03028643046292422,-0.03240068071090631,-0.036134326301362665
25.62,-0.005579124970557578,-0.06283466567199422,-0.046823062982095306
25.625,-0.01694779482046057,-0.05971076924601153,-0.03136517633031852
25.63,-0.00531528402335571,-0.04652146209184542,-0.036771603786794615
25.635,0.0073853846619786195,-0.03844918119933347,-0.020803762712896155
25.64,-0.015672380745155815,-0.05152634783146929,-0.056663605163774666
25.645,-0.013834943439289413,-0.05938829077927718,-0.04213384795198285
25.650000000000002,0.0034821555949676964,-0.049786425252060604,-0.034740617452431025
25.655,-0.014155144461647756,-0.044157109643122736,-0.04227118942109914
25.66,-0.009265076457208091,-0.04570017827648885,-0.05001208071711998
25.665,0.0035067994372215538,-0.06884041849174838,-0.03465905066825087
25.67,-0.010125474794413326,-0.06149579880840185,-0.04291528662752255
25.675,-0.013720054127829777,-0.047093107575318045,-0.047457095708006165
25.68,-0.014447831107303338,-0.06138103916655036,-0.043037297095149446
25.685000000000002,-0.02987855299228525,-0.05735649848280572,-0.049822840420312146
25.69,-0.021498871765323536,-0.04444269611430124,-0.037147248915701106
25.695,-0.01524432680493003,-0.048267727340676185,-0.04244265793192781
25.7,-0.02645952029868283,-0.04601208306550024,-0.031936042209298104
25.705000000000002,-0.0010867729327145338,-0.03302077736193448,-0.027580749810381028
25.71,-0.03451711677592521,-0.06001899054293143,-0.029116539358589356
25.715,-0.01616364036435338,-0.02598314944718269,-0.039570001080344884
25.72,-0.0010957751170760852,-0.03454065335429493,-0.04886991168276542
25.725,-0.01799621419944816,-0.03981416987362074,-0.02655664873649182
25.73,-0.01302627182695595,-0.04628657528635208,-0.041181145225593546
25.735,-0.018244157177592882,-0.030449975522160173,-0.03289587833734814
25.740000000000002,-0.007038441144679254,-0.04250492544536607,-0.05131446919278119
25.745,-0.029778945143433957,-0.034980192935870284,-0.04219342983332089
25.75,-0.03946364269727541,-0.04978711859293905,-0.04150800111624686
25.755,-0.04292911055418917,-0.0467467796828956,-0.02415944571766978
25.76,-0.00487183864517074,-0.03281833441973852,-0.06509698404263708
25.765,-0.007556966250073081,-0.04216917562664435,-0.0423247163433239
25.77,-0.02246101415711429,-0.0596251680855571,-0.025337193954018126
25.775000000000002,-0.010913712600853434,-0.04273844470509369,-0.046874496312962755
25.78,-0.031512710597785605,-0.06396842379265939,-0.03241308805819705
25.785,-0.021649711532881304,-0.02119672411835984,-0.04831327442058246
25.79,-0.01995748556050963,-0.023143949093383125,-0.02198935795265819
25.795,-0.0033033509687287396,-0.038413792049573896,-0.04144188899688038
25.8,0.001286391230885164,-0.036466133209349876,-0.030396129593624713
25.805,-0.0034721670059834927,-0.0315252660146224,-0.046023847146434545
25.810000000000002,-0.030858893169051098,-0.04596189593573874,-0.03041481421364838
25.815,-0.0033572852341267638,-0.03507791770825687,-0.03962455708883916
25.82,-0.0022419105961049334,-0.04734269987183479,-0.07122710855041199
25.825,-0.004112313830887901,-0.039199899297961846,-0.026901047943510784
25.830000000000002,-0.02795231607917837,-0.033252813003506014,-0.027777198076350842
25.835,-0.018011770479141716,-0.03581854454924393,-0.034154773878032216
25.84,-0.00743132347787301,-0.043764461694397065,-0.0392007613084648
25.845,-0.005409179059639915,-0.05385625985044219,-0.029235842261433245
25.85,0.004837870255615872,-0.055245168945134294,-0.04574811809129107
25.855,-0.011032009213301566,-0.057609922836735016,-0.04800872955543284
25.86,-0.010632015447834492,-0.04534537992116789,-0.051484946659387285
25.865000000000002,-0.026135558827139877,-0.04041940203461273,-0.03874553219582759
25.87,-0.02839958305062663,-0.06279356234333902,-0.06946174409528036
25.875,-0.031576338621690514,-0.05926752395396774,-0.051968940782246245
25.88,-0.019583550789453858,-0.07890017753186684,-0.04517475128843889
25.885,-0.02887006920163946,-0.04155615428409216,-0.050944128985438764
25.89,-0.03852348600889826,-0.06572094556493768,-0.047998115612246595
25.895,-0.026790388996062207,-0.057084457661419216,-0.05297713593134899
25.900000000000002,-0.03754927467616914,-0.05120163468974598,-0.05844855498301818
25.905,-0.01874189057216032,-0.044185715142859405,-0.03836428114887002
25.91,-0.02883369564885448,-0.05930411116274738,-0.050227626121105665
25.915,-0.023568870926189846,-0.06764711732291953,-0.05333219758444662
25.92,-0.030912235233017872,-0.06773756449703053,-0.04375785733766829
25.925,-0.031826201341076714,-0.05870453291294637,-0.04791206567640932
25.93,-0.025364285098276283,-0.04462805403442687,-0.06610077993496889
25.935000000000002,-0.034957839136928605,-0.05131709427900265,-0.05378329111185078
25.94,-0.04797972803040114,-0.06449581336152602,-0.06305691119240069
25.945,-0.021971742559257403,-0.05497493155587272,-0.04389695104441182
25.95,-0.03414731508110614,-0.05171768400793197,-0.06864058694535285
25.955000000000002,-0.04225858671718151,-0.0598844044646398,-0.04955145735559246
25.96,-0.03392580752587117,-0.07895960080715683,-0.042340777777858975
25.965,-0.02410972154985573,-0.07433016296425936,-0.051297236115162306
25.97,-0.030081898861542423,-0.07619889766471949,-0.047309672463148864
25.975,-0.021673879795868503,-0.049827170963185355,-0.04177537925073406
25.98,-0.04240113595102962,-0.07135243548296659,-0.04869258855732755
25.985,-0.027123203429575204,-0.07334135401020707,-0.04547899054231582
25.990000000000002,-0.046724132588231174,-0.06498997784812831,-0.052440922382446284
25.995,-0.03677958845843795,-0.06976998345905384,-0.05341961511832173
26.0,-0.02111162359710718,-0.05075070999968852,-0.059128451782436836
26.005,-0.02829605067318836,-0.0745826775232833,-0.051173462752425125
26.01,-0.02859381424840919,-0.07799292577624817,-0.04768931225062734
26.015,-0.030081203152287548,-0.06151551916253448,-0.046876162959830714
26.02,-0.02597920024298463,-0.07328619254183541,-0.04325905785923667
26.025000000000002,-0.03053450134226194,-0.06787976264791731,-0.054020683260598626
26.03,-0.026007587371812687,-0.0663367611726107,-0.08496285795440413
26.035,-0.019962673886556884,-0.06371326676454839,-0.05290026677399427
26.04,-0.03785762759991673,-0.08983612667555883,-0.057292566970839884
26.045,-0.03432260751547682,-0.0688156136743449,-0.046548030259038115
26.05,-0.04299232450453162,-0.07820813486856854,-0.05410056235391966
26.055,-0.03969014848877415,-0.06952605637741631,-0.050968710963790166
26.060000000000002,-0.02607542681015903,-0.07521175975736917,-0.0685226665396941
26.065,-0.021854940395458336,-0.061402772498348766,-0.0475696989843485
26.07,-0.03560015219246047,-0.08334614217998085,-0.04915894640698926
26.075,-0.0435876893224632,-0.07336777953031198,-0.06040214667186041
26.080000000000002,-0.039284872884493706,-0.05924915645968805,-0.06470081656340458
26.085,-0.027680308807609848,-0.056182375548763,-0.03578329734107091
26.09,-0.021417390558489638,-0.04949276221003821,-0.05158418428145946
26.095,-0.0237222435126155,-0.05876274827880185,-0.05565508680354999
26.1,-0.03200266845748261,-0.05828827761907507,-0.04160833447460845
26.105,-0.031063423551244522,-0.049309200488812405,-0.04557577491341881
26.11,-0.019808920468331468,-0.05305847519472449,-0.05698850937384544
26.115000000000002,-0.019141683809183217,-0.05179227159641156,-0.05868873343785564
26.12,-0.020912997004691677,-0.07493146627669592,-0.046228770581654005
26.125,-0.012038138301664659,-0.050751724473799595,-0.055251464289086366
26.13,-0.016351988962904435,-0.0645308210451552,-0.05867495144614742
26.135,-0.0448158409184264,-0.037405835433013686,-0.04449077535529067
26.14,-0.008928903484893056,-0.03031841107659998,-0.07066142764606181
26.145,0.0009049463210227954,-0.055564094618931095,-0.033285867646251396
26.150000000000002,-0.0036597646048192834,-0.056530565731378865,-0.0359144003718037
26.155,-0.014446508608674979,-0.0766320898760689,-0.016850461036049532
26.16,-0.008754434950146528,-0.08069715397430371,-0.043301651322157096
26.165,-0.013257831682806365,-0.05382488764929036,-0.05061059985472625
26.17,-0.015776437715299494,-0.05451573435554159,-0.04406146637912613
26.175,-0.007688314620185851,-0.03771695975466745,-0.052404041559755254
26.18,-0.010958866017731668,-0.04825067756611947,-0.04906486274072269
26.185000000000002,-0.005557346029756634,-0.07120730075126236,-0.05802870646732176
26.19,-0.006116245784631378,-0.06325558277841321,-0.05185972449596548
26.195,-0.014900335477471268,-0.05820848113486527,-0.043288345397893724
26.2,-0.01195787406788924,-0.05055107467454171,-0.017522611198938515
26.205000000000002,-0.02154960346059805,-0.05288228621079913,-0.03676751874331306
26.21,-0.011045821868846804,-0.06374031112654005,-0.044514171996226023
26.215,-0.012280731423236187,-0.06780140917140658,-0.06901757981694477
26.22,-0.01075489829119796,-0.04565819676403707,-0.05473236764019319
26.225,0.0037797068795976177,-0.0647973418268743,-0.04576234965020957
26.23,-0.01200305465525224,-0.052758165519229114,-0.05015736155248617
26.235,-0.007659612094632048,-0.06606737762419419,-0.04307667659959074
26.240000000000002,-0.023633185646139324,-0.0640499006645723,-0.040612443396408016
26.245,-0.007783269966103814,-0.07089188232562235,-0.02767013034837765
26.25,0.001860642013312203,-0.0691528836861814,-0.05517206324505015
26.255,-0.01528019899586842,-0.05597532683471345,-0.03518302117637509
26.26,0.00609462442095661,-0.06252421391793365,-0.047528690475981065
26.265,-0.015714696041956848,-0.0663570944505591,-0.016974924394362448
26.27,-0.016091656477651508,-0.057259258546393556,-0.04631256620975173
26.275000000000002,-0.017817017205205794,-0.0515480124095012,-0.049789790775780815
26.28,-0.011246464265890743,-0.0662418619193503,-0.049203813317265324
26.285,-0.006598612903701014,-0.0634849973163317,-0.03528204209197868
26.29,-0.006466976764730314,-0.0424166565754325,-0.04265945608001191
26.295,-0.02743690439285875,-0.05981176746124113,-0.05097542977951546
26.3,-0.005053135772754514,-0.03550749102418212,-0.03472912294417208
26.305,-0.011625956188205135,-0.051735942284491854,-0.03093856850024774
26.310000000000002,-0.015624436648880975,-0.058552018566077724,-0.04707773899908996
26.315,-0.022546249499250118,-0.06472085149383827,-0.03810258258351428
26.32,-0.010222837977319071,-0.051199125066732,-0.02555058934018791
26.325,-0.011979764206019346,-0.04106215775089801,-0.04516823419721057
26.330000000000002,-0.00871206144186746,-0.045303522918098936,-0.05255933976547224
26.335,-0.010667277554178643,-0.05612806553340005,-0.040481320548772855
26.34,-0.01592869834539657,-0.0421426521987388,-0.029224657773118157
26.345,-0.010206168868236176,-0.061359054793151666,-0.0298538769108624
26.35,-0.01715333415190054,-0.06611225278244875,-0.039931781175732615
26.355,-0.020058723537598907,-0.06552710758253069,-0.04107354707681654
26.36,-0.031114218399221613,-0.046827872059475556,-0.02702159568445919
26.365000000000002,-0.025728080750453068,-0.03269548558599014,-0.04667349069749842
26.37,-0.0229443373498655,-0.05890383813096935,-0.04344558554181003
26.375,-0.009724107223063005,-0.0482738095931672,-0.04163551268426084
26.38,0.002272697173411363,-0.04330468859048009,-0.03960932289932266
26.385,-0.001432695708664315,-0.06277729903599753,-0.03749084236226992
26.39,-0.019462029412135533,-0.05263590260752448,-0.03770475961238523
26.395,-0.008621421421773945,-0.04279032941708581,-0.0345399218922358
26.400000000000002,-0.02018281984914322,-0.06579790761530431,-0.07239786843512586
26.405,-0.016270881444006277,-0.062295229753553075,-0.06093997301820102
26.41,-0.013236058007312786,-0.05631119904392502,-0.03975632598061866
26.415,-0.020733079327911866,-0.046799871442726404,-0.05461131556244199
26.42,-0.007520233434788447,-0.041630174843008835,-0.02468338285087171
26.425,-0.008420867120394634,-0.04886432660218835,-0.02777110072249534
26.43,-0.021261493813630898,-0.050146457834949455,-0.04953549074622286
26.435000000000002,-0.0023513528740877233,-0.06478311203134009,-0.03708459282330072
26.44,-0.029091874214454253,-0.05220287876782706,-0.04574832298667322
26.445,-0.01800101337426713,-0.06888141866777148,-0.052664341618525255
26.45,-0.013011878359039903,-0.05601031743219764,-0.03739931460400196
26.455000000000002,-0.021126705082959597,-0.0332389885832564,-0.051028040333380695
26.46,-0.012159148114465662,-0.06109072374467106,-0.026365267464468826
26.465,-0.02921717930199414,-0.054781721116737826,-0.032832134873931954
26.47,-0.018185235712442068,-0.057391633187979574,-0.04623363064648097
26.475,-0.034197619419175915,-0.06557792680001627,-0.05042640155379806
26.48,-0.008918137964049024,-0.05373694724024368,-0.06670091923025816
26.485,-0.032763622911595354,-0.06707852075791287,-0.025361185041463234
26.490000000000002,-0.01574299066417059,-0.07992855385146298,-0.06029031697528864
26.495,-0.017613387103539293,-0.06676814438770337,-0.06415726003025983
26.5,-0.027041433517502406,-0.04362715045117415,-0.041712373966340796
26.505,-0.01510970762462196,-0.05335353449958801,-0.05431567686663318
26.51,-0.0214065929898334,-0.06144771798235697,-0.05970571448912673
26.515,-0.03629181338404676,-0.03732625001082115,-0.03949933429508114
26.52,-0.02105926480199822,-0.05290094605802826,-0.061792689712916696
26.525000000000002,-0.029424231107732415,-0.0652111596616774,-0.04742084838161713
26.53,-0.033979592422630954,-0.0661226558596018,-0.03998551235476885
26.535,-0.05198420324213955,-0.06758941747355575,-0.05204677684065451
26.54,-0.04524588959449512,-0.04627843215465032,-0.04989147303998643
26.545,-0.02440936943937052,-0.06334813029356676,-0.053908373145616084
26.55,-0.03535800981998383,-0.05750701024172333,-0.05124029451178466
26.555,-0.04927348875234651,-0.05832260035562582,-0.053184279429599135
26.560000000000002,-0.06395389823340865,-0.05853858519058486,-0.05084961158512343
26.565,-0.02014449256966904,-0.040978049791389394,-0.049843023721612686
26.57,-0.01579214506290795,-0.06001545827665664,-0.048938765597747014
26.575,-0.04006883245398273,-0.024620509834913137,-0.04593080251506282
26.580000000000002,-0.02381180069504301,-0.04430079148138597,-0.05635683350643036
26.585,-0.024499989498689943,-0.055011165968390716,-0.04631812119083699
26.59,-0.02137586474927879,-0.051414567578010946,-0.05048059954269203
26.595,-0.022071022096800532,-0.04952423880755932,-0.0486920839040141
26.6,-0.01977673246240973,-0.05186329401865312,-0.03214482901715155
26.605,-0.021833235146459826,-0.058235775894010224,-0.04349789699603622
26.61,-0.04370583247330306,-0.055490951639606864,-0.03987153962561603
26.615000000000002,-0.035800463982190125,-0.05411682538494743,-0.042667110428738324
26.62,-0.02418486596266852,-0.05045653418930941,-0.04830949107417393
26.625,-0.0356587448437343,-0.03276899182405456,-0.04083686205033182
26.63,-0.008494189551966277,-0.05616775753435623,-0.03493072408669988
26.635,-0.03379204857519481,-0.04904285442310326,-0.04169161422502286
26.64,-0.029891821304014143,-0.06326726685850263,-0.03391984809840291
26.645,-0.027778957160224136,-0.04537709939522769,-0.04654275153005925
26.650000000000002,-0.03299837914993642,-0.05361953008249758,-0.057299741047766056
26.655,-0.010989818727743095,-0.04604068099888537,-0.06287102032345857
26.66,-0.02959443078613863,-0.047172885569069935,-0.05791518102633212
26.665,-0.038931055098796796,-0.04692530115560749,-0.037235415420339146
26.67,-0.021398009455052526,-0.05175890107088556,-0.033480381804324756
26.675,-0.03620848666612417,-0.04809680600441629,-0.03642885004761236
26.68,-0.02571957479031172,-0.0544831868839038,-0.03595824225238583
26.685000000000002,-0.015052042092349989,-0.058034754859567265,-0.0686642762824686
26.69,-0.03929753015958182,-0.05377305594136749,-0.03823756731424321
26.695,-0.010715059817793129,-0.04174775966782133,-0.04698967301580561
26.7,-0.036954188519221394,-0.04546892899496495,-0.057524886691229626
26.705000000000002,-0.03796856590881168,-0.05576750420504953,-0.040710579344926855
26.71,-0.00787961012686573,-0.05014546549904122,-0.04227443346509965
26.715,-0.005931459713609357,-0.018093864727750143,-0.038715030176264896
26.72,-0.041168732120006206,-0.05828874191848123,-0.03258153147867096
26.725,-0.003537848338045986,-0.039404283000236365,-0.04456442108025369
26.73,-0.018009853115135345,-0.045134504263816946,-0.02964926747706153
26.735,-0.013115764178505077,-0.02804077616470967,-0.023010078106205246
26.740000000000002,-0.03015907949860877,-0.04395421593770177,-0.05836432576824947
26.745,-0.021284255282009206,-0.03278276247732617,-0.039956199685466744
26.75,-0.027530758472005618,-0.049507803979170935,-0.04368581719835418
26.755,-0.013826862274326536,-0.03634648562294826,-0.040785464310142704
26.76,-0.024016155269763903,-0.0375110811650173,-0.04263222888036083
26.765,-0.01671707189589096,-0.043968195273441556,-0.03771020964202054
26.77,-0.0407149181715847,-0.039485147870227784,-0.04453217020073425
26.775000000000002,-0.03509588681747084,-0.04773621276134735,-0.019172726415245006
26.78,-0.029832979672224078,-0.057068395728049226,-0.05376678161808722
26.785,-0.03013103704125622,-0.046582172727909855,-0.0687880239678602
26.79,-0.035433758075017745,-0.07676579496299643,-0.0421750802974377
26.795,-0.015214177349138585,-0.06242529194890986,-0.05064787326545387
26.8,-0.02948756157562887,-0.04387385640066645,-0.0545196255357769
26.805,-0.011916151421796677,-0.058484289174855014,-0.053050866339699417
26.810000000000002,-0.019197764187653378,-0.051668555673084975,-0.04100395545900359
26.815,-0.01922683622472725,-0.04446536080711799,-0.041183090324831494
26.82,-0.03377324296256425,-0.0424109616238,-0.04713954657447832
26.825,-0.035279712749546145,-0.055334930182723244,-0.04192976642620705
26.830000000000002,-0.03444715434399881,-0.03801603905483229,-0.05859454726748392
26.835,-0.042420935012250874,-0.046136335049574706,-0.0424893944581166
26.84,-0.03328570921489135,-0.03369182067428125,-0.053962630874329114
26.845,-0.030400805244560233,-0.03427619559385579,-0.030187256257163633
26.85,-0.036056230782638685,-0.04984786188618741,-0.044736103441126496
26.855,-0.05097191152853145,-0.05033015341692419,-0.04188547616216482
26.86,-0.029288877689888252,-0.04947503314230027,-0.05594458254629713
26.865000000000002,-0.04762855176378587,-0.0318186226017737,-0.05964123120938317
26.87,-0.04351348452069858,-0.04567840472441455,-0.05214601825872271
26.875,-0.01896773228920545,-0.050501030895284064,-0.05094270539470585
26.88,-0.036689633555992536,-0.0567988255659006,-0.05666965791679502
26.885,-0.020354565180141677,-0.03471542551762336,-0.06577082277177623
26.89,-0.03272469491035457,-0.037217276044562965,-0.05721989055377304
26.895,-0.04427217218849035,-0.03367281302912465,-0.06662514097393879
26.900000000000002,-0.029964411003803995,-0.045953046131856454,-0.05965402875522483
26.905,-0.01873199158652028,-0.04939373699456619,-0.05433183600243032
26.91,-0.03791556752917644,-0.054462798490870656,-0.04968196352888597
26.915,-0.039559018092340664,-0.03602285866615222,-0.04976779828495202
26.92,-0.035327268416281865,-0.06595118790636657,-0.05653917959419515
26.925,-0.04509786395916496,-0.05534198653877009,-0.06446129641416427
26.93,-0.053202776342985564,-0.04330350166649611,-0.05331538825924648
26.935000000000002,-0.04723170930835299,-0.046414564876148603,-0.05135897394630792
26.94,-0.04215982834124765,-0.05713850578657284,-0.049190832031349066
26.945,-0.050447217012226195,-0.05129009921079013,-0.05657760149053885
26.95,-0.04063564051498455,-0.041073379226251795,-0.037861120804042706
26.955000000000002,-0.05191263980984596,-0.042103683039216105,-0.024650237722768663
26.96,-0.036052528035566876,-0.056315853940485605,-0.06278554882586793
26.965,-0.04831951999568217,-0.03813544007604458,-0.07494436774720523
26.97,-0.054616884296903805,-0.056382955329041425,-0.03876884864981668
26.975,-0.03372712170514268,-0.05455239685267142,-0.05121162960114314
26.98,-0.026261900057244547,-0.036866202088242095,-0.06854840012255489
26.985,-0.034858522759299196,-0.03199968155353356,-0.04026795518697052
26.990000000000002,-0.01668507991199627,-0.04884043081064894,-0.0407001280134794
26.995,-0.02424871498440309,-0.05224660779501572,-0.05784395997715078
27.0,-0.012723757471960943,-0.047979819973931914,-0.036858646618938486
27.005,-0.05042516248271935,-0.04146907110498063,-0.05033513185225121
27.01,-0.02500909839802966,-0.025518345678562565,-0.05341764295569951
27.015,-0.040224406338475356,-0.055560977322018666,-0.043657942686708154
27.02,-0.02927984670237426,-0.056992723046863356,-0.04530042848629624
27.025000000000002,-0.04769860447084446,-0.03895027998299619,-0.0528684053543736
27.03,-0.04610815464375034,-0.046492564558036305,-0.052349612317707
27.035,-0.027873335543061636,-0.042728257902786906,-0.061924302471172185
27.04,-0.03873646018471911,-0.04711565120225938,-0.06801413362098009
27.045,-0.03810932138046579,-0.0546754786785076,-0.05311583976735004
27.05,-0.02916468414323119,-0.028044653979561747,-0.06772563820612179
27.055,-0.033286686542389,-0.039540626429203134,-0.04264991238413475
27.060000000000002,-0.02843523703435654,-0.042846994136152186,-0.0556604073414114
27.065,-0.03390892515186797,-0.049326968482080936,-0.06467162005175395
27.07,-0.028052360859466996,-0.046550876798234275,-0.05167174715402008
27.075,-0.047519510857194025,-0.035949428709272355,-0.04094899211385453
27.080000000000002,-0.0405551811426032,-0.050477453758516075,-0.03385445291237552
27.085,-0.04050996775780591,-0.02545981185930542,-0.06345313366475627
27.09,-0.03207391114926715,-0.0223147760891477,-0.04798933289211079
27.095,-0.02542664819167991,-0.0375241289449479,-0.051725955186390726
27.1,-0.03883224050805133,-0.026743149242254995,-0.060002461235594204
27.105,-0.03740933778411978,-0.04836905512389654,-0.049884317739113254
27.11,-0.04481369819425197,-0.05771088184094689,-0.03675192938922392
27.115000000000002,-0.03343311095206915,-0.04245121914971598,-0.05699348210377221
27.12,-0.02813292088692968,-0.05138361982614926,-0.051559413839844026
27.125,-0.02642347202100383,-0.032091011393477614,-0.042463049641987355
27.13,-0.03622054463549043,-0.04143603736661458,-0.058929833871738196
27.135,-0.02762129721760663,-0.03341677052082433,-0.05052597439261014
27.14,-0.03336069869851315,-0.05103999215384748,-0.04622632875013361
27.145,-0.02976238893008073,-0.03962991079674117,-0.048959415658664455
27.150000000000002,-0.05261174869041315,-0.04944916885527101,-0.0486625090143594
27.155,-0.035882590864746954,-0.059219754876761864,-0.051961854233403965
27.16,-0.039282806200031384,-0.03685574821069517,-0.057385259396750835
27.165,-0.04412108505171581,-0.04234725978048991,-0.056685459551837576
27.17,-0.045981076100329206,-0.03130391167906422,-0.062483689947208876
27.175,-0.028379037407793364,-0.033722137920241924,-0.03561257416736599
27.18,-0.05540470617611643,-0.039362749162973464,-0.059472726406245006
27.185000000000002,-0.05865307287379712,-0.03726245253127412,-0.047640643399073875
27.19,-0.046019413619077784,-0.040753598094222195,-0.03046132209599435
27.195,-0.04224083423263924,-0.0632613379136703,-0.05974972404122399
27.2,-0.04997319590945383,-0.03405756775703407,-0.04332634804727485
27.205000000000002,-0.016046151951924537,-0.03741911860960537,-0.0601348784425123
27.21,-0.03243540116568565,-0.04094038008510923,-0.032725617460035425
27.215,-0.03768624949803363,-0.03708725151429881,-0.04745367753377483
27.22,-0.05354800220393839,-0.0443604050303595,-0.05630317516085853
27.225,-0.04102215185522419,-0.041185225526414536,-0.04871737767373955
27.23,-0.03767599380721588,-0.04784904099962543,-0.06100032786770358
27.235,-0.051369165464315705,-0.05309008132827434,-0.05643994278638156
27.240000000000002,-0.01936172365978011,-0.038175931792987436,-0.05610958342432012
27.245,-0.041053603680750166,-0.03972874180100352,-0.05085370102324709
27.25,-0.034463743198628424,-0.03581619199240255,-0.061480330990373935
27.255,-0.022574370217188333,-0.04914900472728287,-0.03531070069763162
27.26,-0.039793389612963734,-0.03283198420552641,-0.045197219500093026
27.265,-0.028015696256518896,-0.034563043767686874,-0.0609186214798039
27.27,-0.04944089394114752,-0.03535672526387719,-0.044940952503184674
27.275000000000002,-0.04459602148080182,-0.034869438783500184,-0.054641202764793576
27.28,-0.03647560472241995,-0.038717777951571636,-0.06099130676340585
27.285,-0.04564836318961142,-0.03136984867848044,-0.048490198537122255
27.29,-0.05391200310774227,-0.02644637384011432,-0.050241489625531884
27.295,-0.04954550684290282,-0.02673266213527383,-0.043666820236483335
27.3,-0.04134419856833443,-0.03125005886541865,-0.053430755476606195
27.305,-0.04908548389674345,-0.05811371507354114,-0.04546711766472039
27.310000000000002,-0.025719560753799844,-0.03532162116925208,-0.03777251761460469
27.315,-0.04102814432680816,-0.03312246014731199,-0.04439521268399456
27.32,-0.04204360998050929,-0.03542735277437475,-0.03555126846191613
27.325,-0.028769600937383358,-0.031029755281723394,-0.05325459680671953
27.330000000000002,-0.032881398388989104,-0.037213006242079905,-0.048305757264853366
27.335,-0.0372733729920456,-0.03108077371122138,-0.0299911686097647
27.34,-0.02923553460777418,-0.04293017213033401,-0.04680731676951095
27.345,-0.030293828087147104,-0.035735731241375655,-0.04961843296409493
27.35,-0.026363560428420897,-0.04256930734983548,-0.03952362825230929
27.355,-0.033065575088473825,-0.041645507658126045,-0.04629419658449741
27.36,-0.03854296399809024,-0.03535058297427239,-0.050688953138972405
27.365000000000002,-0.05724479555509861,-0.03004497834645637,-0.0580113271233642
27.37,-0.04562604835678404,-0.03083955612909682,-0.046421969277573395
27.375,-0.026877877493429438,-0.0359114303790173,-0.04648647066763853
27.38,-0.044827654781783216,-0.0330084420586713,-0.044878798524326885
27.385,-0.06662511847334546,-0.04657357419523698,-0.06459347691335462
27.39,-0.04137640182292055,-0.030041361055472646,-0.04704594215086597
27.395,-0.027199651325028964,-0.03681125789080974,-0.03769858826907611
27.400000000000002,-0.03334237377224397,-0.044287568856447905,-0.05329923409743367
27.405,-0.03736189366530856,-0.04159991633526105,-0.0484435347997012
27.41,-0.028391183716965997,-0.025163153399024495,-0.04024642847867953
27.415,-0.05000179701562628,-0.02922343095715161,-0.055681691424087965
27.42,-0.03898634447261997,-0.039344901577698675,-0.0530123168850475
27.425,-0.04566221259632605,-0.04528276009958608,-0.04944022741405032
27.43,-0.0457411180198686,-0.03129052883516688,-0.03808713423425102
27.435000000000002,-0.04378242305709962,-0.05740405821716861,-0.051077655607133406
27.44,-0.06822811272556827,-0.028149773455338443,-0.07152781951687304
27.445,-0.03274140359855146,-0.03972214732842985,-0.07338471497825315
27.45,-0.05240074523302425,-0.028664890813385392,-0.027257092279950747
27.455000000000002,-0.046862691016089905,-0.035076515691466366,-0.04838225483675437
27.46,-0.040905460734139615,-0.03675594427025042,-0.07148783972844401
27.465,-0.043075573464889876,-0.03984768408321914,-0.036690551262472185
27.47,-0.05823247354944758,-0.04105361238913518,-0.04576698795928258
27.475,-0.04216855187121549,-0.05333735687817691,-0.05300973238780758
27.48,-0.05562211259320076,-0.04206883124623458,-0.048947339914671935
27.485,-0.04303936191877952,-0.044263047974653885,-0.05513424214254985
27.490000000000002,-0.06890273107567717,-0.04552203351442212,-0.05270380102493504
27.495,-0.06125669194938113,-0.04008831592066721,-0.05384409301837749
27.5,-0.046963059464545966,-0.04047469775372429,-0.04121537615080455
27.505,-0.050483010733789746,-0.03144526903707715,-0.05450753338225154
27.51,-0.0674350382561456,-0.033082034069525174,-0.08324214394313295
27.515,-0.04191397112445644,-0.03755587022679291,-0.03605339761089246
27.52,-0.04444784112882161,-0.03565633841854924,-0.057946440022151345
27.525000000000002,-0.057114673974792654,-0.030159678683896487,-0.04181337519626942
27.53,-0.06513741211262439,-0.045573612909002956,-0.054547140142492075
27.535,-0.058895572848523245,-0.048118364513777115,-0.046477695112595065
27.54,-0.061567294206930814,-0.02984145653333771,-0.05399825882503674
27.545,-0.07290487016415449,-0.03532635683015126,-0.05920036846168819
27.55,-0.0679787169532581,-0.03817588174427596,-0.0537439919470207
27.555,-0.05392128195220235,-0.018843385220376284,-0.040608574094597456
27.560000000000002,-0.024932989794125966,-0.04049044248312017,-0.05979418800819099
27.565,-0.05631326955464211,-0.05351445687049459,-0.06371973232336631
27.57,-0.06591812135850973,-0.03757927591082083,-0.053310435779132734
27.575,-0.04733850021155035,-0.047768577259613434,-0.059230324814228366
27.580000000000002,-0.0477226360597198,-0.04484303352604132,-0.05603458068611285
27.585,-0.07054713662087873,-0.017324695543768052,-0.05046132114731771
27.59,-0.06367166218767416,-0.03656959758946867,-0.07967122726260399
27.595,-0.07207254245330126,-0.016130653840714642,-0.05041014191672849
27.6,-0.04318609395423466,-0.04199765141963169,-0.04715483180610906
27.605,-0.0645046341121012,-0.02849081239023871,-0.05234442852849546
27.61,-0.06570835326408365,-0.028326898488650762,-0.05781178919530635
27.615000000000002,-0.06257886441245925,-0.050740224603169654,-0.05053378153460798
27.62,-0.04735160789481592,-0.04142470732831348,-0.05597396773007114
27.625,-0.05864695008846413,-0.04470511523432909,-0.05724743405576922
27.63,-0.06186163191063418,-0.028316467649113726,-0.05072163640494832
27.635,-0.040490286019579894,-0.044234973468716965,-0.05457516580335248
27.64,-0.07074188877222276,-0.03478066908600839,-0.04568102080229651
27.645,-0.06382198600863263,-0.04940701634102501,-0.04743051246659111
27.650000000000002,-0.06315391713131258,-0.02107147673280875,-0.0655992367749136
27.655,-0.033755437101545785,-0.03552953726793556,-0.0611957036776201
27.66,-0.04054450262053712,-0.061515212548329444,-0.04572233105671494
27.665,-0.04375869569302379,-0.0387243473537437,-0.06276146483538471
27.67,-0.046808879391681116,-0.02260613841887041,-0.05932604205370678
27.675,-0.07156323779181828,-0.034821423135945224,-0.049916029259710476
27.68,-0.056784338556735516,-0.033034269176047765,-0.05027862111506703
27.685000000000002,-0.056666862008406385,-0.035608420825850584,-0.04653089518433934
27.69,-0.0602207250722263,-0.03927558848572954,-0.052989910699893575
27.695,-0.05169203582935996,-0.022304584428930012,-0.07013289335801365
27.7,-0.0504971552732445,-0.021252939119180414,-0.05438011932129972
27.705000000000002,-0.06641933222585464,-0.031316885928911894,-0.038318422272155477
27.71,-0.05138027410552667,-0.03936369492252144,-0.045706348464634755
27.715,-0.04935878470683909,-0.033093985353898986,-0.0476123882865354
27.72,-0.057539062903805144,-0.027835458097716596,-0.032117814999801805
27.725,-0.044067397204790054,-0.039957290441041786,-0.03769567432148265
27.73,-0.05496354906015473,-0.0415491998090132,-0.041456159617170016
27.735,-0.0682631455226152,-0.028186035917828214,-0.03521462353252747
27.740000000000002,-0.05988298276437985,-0.04111039182757145,-0.035296983728331156
27.745,-0.04121668146197667,-0.02135136889642928,-0.04638423025405239
27.75,-0.062359610223687134,-0.0375259563643967,-0.047794798675486645
27.755,-0.049678061719503654,-0.03272680758768134,-0.05482175945640762
27.76,-0.049547919123907505,-0.038296187086327906,-0.04774003677016571
27.765,-0.0421798781971619,-0.021629076613610916,-0.04363111533038509
27.77,-0.06623210357591584,-0.0141154111306576,-0.046941040722202246
27.775000000000002,-0.03511926002397653,-0.0011515708923484948,-0.018188345851367606
27.78,-0.036667688877325064,-0.03433991321236564,-0.02270610268936199
27.785,-0.020478500017701122,-0.034320840906563815,-0.038107074665394244
27.79,-0.03884242980800535,-0.03062453869818304,-0.060307584220272485
27.795,-0.036198043610848656,-0.016270240865657665,-0.03875423463933167
27.8,-0.040450174589124616,-0.03294627815155615,-0.05591598478443408
27.805,-0.03634148295337932,-0.027790838896586442,-0.037478461504561224
27.810000000000002,-0.024267647061709807,-0.02361942602609119,-0.04870548097565276
27.815,-0.035635999978391376,-0.04647749162534798,-0.04789453773421398
27.82,-0.05022131540786631,-0.03872941662289103,-0.04404179907552674
27.825,-0.044345024717358364,-0.025709608625282765,-0.023755765898695512
27.830000000000002,-0.04751907619739026,-0.03774027971931692,-0.04043712562432335
27.835,-0.04258487532325331,-0.01989036855476332,-0.027652312979924338
27.84,-0.04565874104330546,-0.027854013391040617,-0.03344649990753552
27.845,-0.03089844098358769,-0.029163995768645888,-0.03386980614580155
27.85,-0.050857230669173754,-0.019291219523020604,-0.05548143194096432
27.855,-0.040920700844774,-0.03978809026284986,-0.04860695103497675
27.86,-0.047843356560324346,-0.03824176117424403,-0.0361357315378487
27.865000000000002,-0.036022637133372185,-0.03186846391618518,-0.03405687421347836
27.87,-0.05429675306269842,-0.03280777909048137,-0.03642386094351315
27.875,-0.056771542492062926,-0.04996937717353471,-0.04592116159334836
27.88,-0.03543664909509528,-0.01969063252238912,-0.03882201427806961
27.885,-0.03166305892412349,-0.03369056115026966,-0.052545239597039835
27.89,-0.04111300292088864,-0.02349555694856472,-0.023510820309561625
27.895,-0.03169841008801727,-0.01800223699043997,-0.03847516516978875
27.900000000000002,-0.02899299840353466,-0.024626932263670062,-0.04237579263304562
27.905,-0.052977891492237195,-0.026245784941829567,-0.04682768397382884
27.91,-0.04966160792745398,0.0006957450395902384,-0.024299101710825388
27.915,-0.053864396701043114,-0.027257098472338356,-0.04436925092016897
27.92,-0.036005495242636305,-0.018221102524542915,-0.033373153198179
27.925,-0.05165748927080002,-0.02360086947329988,-0.04428210176198871
27.93,-0.047778038432227124,-0.02151382651639983,-0.04429639297107027
27.935000000000002,-0.028020252485061892,-0.034281615265263854,-0.048170366546404664
27.94,-0.04191355464017412,-0.025606761399841853,-0.05681984017652802
27.945,-0.04620839634647403,-0.035309216362461315,-0.041679783967891376
27.95,-0.0477874634301373,-0.01651363984449666,-0.04245956975049173
27.955000000000002,-0.036623367529100906,-0.029648951658999317,-0.03617437816647301
27.96,-0.05160215241448071,-0.04133587309393735,-0.028569368766426052
27.965,-0.034897906029967285,-0.02045551575704998,-0.018448441910001417
27.97,-0.030046163546702406,-0.04222461447496499,-0.031312017599270534
27.975,-0.04127622651307686,-0.006809520813292197,-0.04215487825016811
27.98,-0.046990992592953695,-0.026458089945707166,-0.03418933411038115
27.985,-0.04498760262377212,-0.01781200649864473,-0.06097657993419417
27.990000000000002,-0.03893673606036639,-0.027530304031996234,-0.03634205858131703
27.995,-0.0577331277529597,-0.04115876035414365,-0.0403489877814331
28.0,-0.04269386810395215,-0.012849196150021084,-0.04917971366485269
28.005,-0.04659003949917749,-0.03156360213408832,-0.07123606128710944
28.01,-0.040901209610495495,-0.024623856164117087,-0.04218594909394123
28.015,-0.035580644444432256,-0.030570433947581084,-0.0558078257231212
28.02,-0.04018329361036413,-0.01594073344269335,-0.045230259800050056
28.025000000000002,-0.0348158703546238,-0.03045569800441597,-0.05071131314723958
28.03,-0.036768598638532254,-0.0425429849516141,-0.05619971846234239
28.035,-0.044641703299414096,-0.0171233989534163,-0.03494077727049792
28.04,-0.03310482120076244,-0.02266253063326052,-0.054475147532503376
28.045,-0.01929622351033904,-0.03693328295428293,-0.053556457089194334
28.05,-0.0416274189772312,-0.0349318611180447,-0.058526795817393326
28.055,-0.03918000390929052,-0.017869752928149154,-0.04890700955334654
28.060000000000002,-0.046377746288724764,-0.03950204035592188,-0.051920036651180015
28.065,-0.03197008536649259,-0.027125378655126733,-0.04361909264892831
28.07,-0.039466172129409005,-0.02753316099587754,-0.05210368855353432
28.075,-0.05258014822818365,-0.023553723403028533,-0.029066363947316674
28.080000000000002,-0.043732663924718765,-0.033362336032313825,-0.042649752556290776
28.085,-0.04071221245309512,-0.013075708166004351,-0.044727658468315286
28.09,-0.04146565384997053,-0.01954561805371829,-0.04893089662774601
28.095,-0.04576008056214363,-0.027922378670551244,-0.06294855097669927
28.1,-0.043567354554316734,-0.02451560051016835,-0.04449407147886875
28.105,-0.05817317787723015,-0.009344964514911775,-0.05449210838225113
28.11,-0.04729015231590604,-0.04309929192639784,-0.053712210909444384
28.115000000000002,-0.05615327639626372,-0.005897438306295586,-0.06142873602772968
28.12,-0.04937072236876549,-0.04050490639931756,-0.0662844268052211
28.125,-0.047867257577434943,-0.019224588388261625,-0.06566084435698748
28.13,-0.0632379844415247,-0.019686155249350717,-0.046591229153435096
28.135,-0.052886454252775474,-0.03455214256526875,-0.054846953566984775
28.14,-0.04391833451989728,-0.0353598571317875,-0.04541290256040077
28.145,-0.056532606411063474,-0.03276242417431587,-0.0699445221314059
28.150000000000002,-0.05397864547603254,-0.0197469225210031,-0.05877174793341925
28.155,-0.030130067126820904,-0.033802424624560484,-0.05663914926813915
28.16,-0.035930873567103686,-0.030014524608937936,-0.041059439204369
28.165,-0.04747817529440948,-0.02641785282086799,-0.042975298322394245
28.17,-0.04238972917528471,-0.03088917959495288,-0.0513865799702902
28.175,-0.03379456833734081,-0.045358260000692686,-0.04682679050885542
28.18,-0.0426400646173241,-0.030407022153444083,-0.05181921718904784
28.185000000000002,-0.043480433841301694,-0.02674350999079963,-0.048921810128320115
28.19,-0.03683098060409826,-0.022468754655536397,-0.0653710780882459
28.195,-0.039344495570364055,-0.02475059117632282,-0.06141570361665948
28.2,-0.05562313828618587,-0.029435861030071515,-0.04238669821117895
28.205000000000002,-0.018473724296152037,-0.03285305854870992,-0.025394419297824565
28.21,-0.026803910744143403,-0.0343049151133017,-0.04791687146725675
28.215,-0.042203020485498836,-0.02457506513559385,-0.06279020215345404
28.22,-0.048722540943869845,-0.03339206270096367,-0.05875888172580066
28.225,-0.04209790150911955,-0.03823973298121906,-0.05062915888789081
28.23,-0.04723398601095283,-0.04551822072722661,-0.042774250058123645
28.235,-0.05891029681186036,-0.03636245264529755,-0.06752033354704078
28.240000000000002,-0.04155937607715189,-0.03701023452431559,-0.06254396812253675
28.245,-0.0507878241305804,-0.028338519897209334,-0.059307018768454595
28.25,-0.04989989280741971,-0.025496511084278525,-0.06123203942788079
28.255,-0.031048677366500257,-0.014647721421991867,-0.04579756453554847
28.26,-0.042802407523333266,-0.027128147060240488,-0.07105954725252368
28.265,-0.04512642007426087,-0.04792084219432876,-0.05768831452991725
28.27,-0.03560359694065882,-0.03497718842198326,-0.05097488617627141
28.275000000000002,-0.04867393400512006,-0.027153092187902912,-0.05114104987570353
28.28,-0.02199349396483922,-0.028427497878438193,-0.0607463320970983
28.285,-0.048299920820215045,-0.03436433127998151,-0.07978031825014889
28.29,-0.06235150868771876,-0.03504621421830703,-0.06347415069610661
28.295,-0.040715568672427344,-0.03773568236618476,-0.05641867546697351
28.3,-0.03629137730096797,-0.03444018484443594,-0.09457643200717347
28.305,-0.04580132483570521,-0.039148545144840834,-0.07452177994164685
28.310000000000002,-0.04349621188239891,-0.031226794960696604,-0.0596295819226718
28.315,-0.038200566114281895,-0.022901425424710475,-0.06906391909998577
28.32,-0.05830133834506741,-0.02695737814699455,-0.05378685174846821
28.325,-0.03621550963725844,-0.03574718664791414,-0.043048173733778373
28.330000000000002,-0.05751133040739402,-0.03561602373223679,-0.06111148925179703
28.335,-0.04360417819416877,-0.035448981090387265,-0.07056372571890684
28.34,-0.039106016575586586,-0.028226052728264485,-0.08000873226521661
28.345,-0.04007148688912036,-0.06543369032711373,-0.06058174149346963
28.35,-0.05240898819900385,-0.04157003862654039,-0.060469836047617735
28.355,-0.04823351772296343,-0.02936157856613885,-0.062041364206416504
28.36,-0.03967461719315615,-0.02122667216048108,-0.06398217085852978
28.365000000000002,-0.0505606940397173,-0.044356433968052666,-0.05517506782362793
28.37,-0.046265408023464426,-0.04888398453962436,-0.05245340852810686
28.375,-0.056883957495971624,-0.028579159605303023,-0.05292899397008905
28.38,-0.044726211084886,-0.05372945559471634,-0.07135140557478158
28.385,-0.04858200268572263,-0.043213814479386714,-0.06988580200832528
28.39,-0.04937818549676361,-0.0514829810455129,-0.07904681933054841
28.395,-0.05968872147157856,-0.05428655576010109,-0.06369326669530517
28.400000000000002,-0.048484962298138146,-0.02617144061468606,-0.06553314991298662
28.405,-0.049255532963083784,-0.032549295940031066,-0.07243252292065636
28.41,-0.026301307188442407,-0.044111400050275605,-0.0804310150805017
28.415,-0.03855861192330177,-0.02850654257801879,-0.06125670242620709
28.42,-0.04729491035709376,-0.024393761775704986,-0.06356198688691404
28.425,-0.02900493296420574,-0.03362265446090172,-0.07334003110241889
28.43,-0.04583531754432817,-0.038175528734666966,-0.06622794829143097
28.435000000000002,-0.05168703321452085,-0.028443732126812563,-0.07927604502624579
28.44,-0.054284828809071574,-0.04189676164598334,-0.06943042965500348
28.445,-0.030228242076951725,-0.04742742420408515,-0.08773518709546166
28.45,-0.04634251900432271,-0.05886878441903909,-0.07435968025746154
28.455000000000002,-0.04497271684376731,-0.023864981397470196,-0.06637015029294989
28.46,-0.05602840003264307,-0.03059153905111501,-0.06465006311576714
28.465,-0.0443939524537409,-0.0433658069227483,-0.06034247265251109
28.47,-0.03642448773361624,-0.043323194810523956,-0.05996739541486895
28.475,-0.05315056307321924,-0.029411774497683944,-0.0658638120937146
28.48,-0.04404168797609496,-0.03712779013228094,-0.054682235014518125
28.485,-0.06351004826734248,-0.01870393332091752,-0.06666107118464959
28.490000000000002,-0.030097976155427843,-0.04161721625673392,-0.05077040710832696
28.495,-0.04474970341461786,-0.041414272615305656,-0.06678639210139056
28.5,-0.042672683550667584,-0.0439837110841364,-0.0757029089361031
28.505,-0.04341747745566822,-0.041338937655721095,-0.05664304955254405
28.51,-0.04760106559880669,-0.053319742887060186,-0.07520658473171954
28.515,-0.03989383757828355,-0.030197577456028236,-0.07900840995296209
28.52,-0.035717222136793673,-0.05831388362393501,-0.05700764842263166
28.525000000000002,-0.043650463573147655,-0.05047439445839087,-0.06080884308473776
28.53,-0.06389979849243274,-0.05986639274760072,-0.07827102655219051
28.535,-0.04819173622363428,-0.054531183155673256,-0.07262986990836764
28.54,-0.05252649572479814,-0.03349998945037817,-0.07776682440090968
28.545,-0.05685554254021338,-0.05258607101680987,-0.07300531026940088
28.55,-0.043104600343308166,-0.04916734411046942,-0.052264598859884624
28.555,-0.0470049447180547,-0.04601897882439039,-0.06861495880438241
28.560000000000002,-0.047781096192270715,-0.055414684003956986,-0.0610281062543795
28.565,-0.04725149759850065,-0.04637325503020266,-0.07108289609699263
28.57,-0.055815315134161075,-0.046857478043854116,-0.05030618072798549
28.575,-0.058342245851939666,-0.040242156530481604,-0.05397010552456376
28.580000000000002,-0.06786506756124346,-0.060155316987521315,-0.08114461487886579
28.585,-0.048546946017944397,-0.06199419350643657,-0.0752846995388351
28.59,-0.05479041511851648,-0.027386175812352958,-0.06943628671782931
28.595,-0.052584769971301654,-0.03854379548746697,-0.0671702061402011
28.6,-0.03495423197205904,-0.05217561809522689,-0.07086609381909793
28.605,-0.04609816107231975,-0.04160530167502365,-0.07485725986738072
28.61,-0.04814916752847946,-0.03251871591246625,-0.05701859615694797
28.615000000000002,-0.06438350423761077,-0.04265273290667636,-0.07699278482449542
28.62,-0.051866235463364,-0.051992155115758054,-0.07471832663348345
28.625,-0.06240456096151019,-0.0685978070738233,-0.058102694425746455
28.63,-0.06245180795980912,-0.0584595983014324,-0.05595985585250653
28.635,-0.05883483173170604,-0.05106451184712966,-0.06135697876010227
28.64,-0.03780746418621625,-0.059231444359229446,-0.0688509771846943
28.645,-0.05144290285676023,-0.06378476290636374,-0.0665585614184029
28.650000000000002,-0.04727278534699996,-0.05336246631282497,-0.06525636174101716
28.655,-0.054530887914995954,-0.06176415956021093,-0.07846738512426871
28.66,-0.04300137624528942,-0.048841785772855376,-0.04113255018798487
28.665,-0.03422313252016456,-0.04010077014686323,-0.05367212016808924
28.67,-0.03567981547983735,-0.04908260681307747,-0.04751496248069596
28.675,-0.04173769751916439,-0.059672455631990494,-0.05868395043355938
28.68,-0.045294597087235176,-0.047471057675837224,-0.057551169478553106
28.685000000000002,-0.04630797761471834,-0.06780860884687816,-0.06651374278234896
28.69,-0.06047633239162272,-0.054372281104930704,-0.04499983554584923
28.695,-0.059925909249817486,-0.06016261994583644,-0.06564009491008263
28.7,-0.06379242613585723,-0.06412048905958663,-0.059067484867842746
28.705000000000002,-0.03795415287685233,-0.05754340061196892,-0.07693030611809959
28.71,-0.0439973095857875,-0.06872686814856944,-0.050854412065142365
28.715,-0.04606954478985704,-0.0491065695580096,-0.05882791878436556
28.72,-0.062393993592062116,-0.06728880537032661,-0.07846176776259928
28.725,-0.05313111296572628,-0.05348698230319763,-0.06312215306061421
28.73,-0.04238053491428642,-0.04406751330861416,-0.05734623914705228
28.735,-0.04907551080955543,-0.05847011941383979,-0.06570436045591599
28.740000000000002,-0.057003955137174364,-0.06467098604615595,-0.053210691323766754
28.745,-0.036999164960665326,-0.054258107336831896,-0.06689923101764754
28.75,-0.04806450635636795,-0.06784281577343157,-0.0794943969743549
28.755,-0.04263674073213634,-0.07410636510062375,-0.05688346727227206
28.76,-0.030631442205317487,-0.05176712212992681,-0.07498813337622937
28.765,-0.03998792903295114,-0.06913874105640794,-0.06957061644614718
28.77,-0.05199392217422941,-0.0589704175099401,-0.0621540993877478
28.775000000000002,-0.05079573690708841,-0.0731388526797909,-0.05312146321011041
28.78,-0.04212486151681756,-0.059064584213275394,-0.0521252207847779
28.785,-0.060368713133615644,-0.06511866652164756,-0.06571951013410325
28.79,-0.04866826886428539,-0.056332691720769726,-0.07244950234636302
28.795,-0.059153478165066824,-0.05889346726099749,-0.07496953007297019
28.8,-0.02502870894700459,-0.045223584928242,-0.07073835528826906
28.805,-0.02213769854405907,-0.04261677753849634,-0.06484248077066607
28.810000000000002,-0.03863796967175215,-0.057011726894130754,-0.04482098112331507
28.815,-0.03364313262679852,-0.06000023154016001,-0.07790152716829285
28.82,-0.04572096265936332,-0.04761554421317928,-0.07714286227552768
28.825,-0.0536759615512196,-0.05561838219486448,-0.07823744086259367
28.830000000000002,-0.04108137092938444,-0.055517214792573426,-0.06841057971865928
28.835,-0.031019363130720616,-0.06625833081746206,-0.07050557049001957
28.84,-0.049734796022776556,-0.0646977016237085,-0.06837289970942045
28.845,-0.03601964438317158,-0.046328304463382444,-0.04964341668210889
28.85,-0.021871996200415265,-0.05968745975793399,-0.07629950491121941
28.855,-0.05249896912381749,-0.05805518660517157,-0.06178770475453172
28.86,-0.05371293934075905,-0.038459298274563486,-0.04696209416016119
28.865000000000002,-0.030705853032771527,-0.0441852096304471,-0.0675983947632998
28.87,-0.021332646767776513,-0.05269283828515803,-0.06229004424382392
28.875,-0.02644689677406826,-0.05056163905328977,-0.04702551592639723
28.88,-0.0354981841159298,-0.05343899215498847,-0.05703283268589225
28.885,-0.041263287111807156,-0.04962944227520184,-0.06528228356635869
28.89,0.00012011502052196657,-0.048918412502668276,-0.06638035907085835
28.895,-0.04859853655841939,-0.04657314554104351,-0.05760092972753185
28.900000000000002,-0.039752661645006515,-0.05236159896911952,-0.06181016976052675
28.905,-0.036462739114984,-0.052101458381343585,-0.05173793055532491
28.91,-0.02375857959978102,-0.05316696958985166,-0.06856640762231869
28.915,-0.04435492850954466,-0.04387526780492777,-0.07139806612665857
28.92,-0.03344965542093986,-0.05544853516199435,-0.06403836380247187
28.925,-0.05941207660253299,-0.06567264641268543,-0.06506073075041308
28.93,-0.039549470192562955,-0.060006607867802875,-0.05040615486535623
28.935000000000002,-0.03580815668082591,-0.03971665074032399,-0.050699244656383514
28.94,-0.04275407640961047,-0.06290405716844635,-0.047641029309347944
28.945,-0.03247296629819462,-0.05039325227388189,-0.055520788647194855
28.95,-0.029660875278288392,-0.04956664818780515,-0.048388727552134435
28.955000000000002,-0.039137137718830685,-0.05949246295475825,-0.06997927098895203
28.96,-0.02640905987695575,-0.06731170984094062,-0.07420127652817733
28.965,-0.04500508125866595,-0.06449609729670132,-0.059955479122158005
28.97,-0.04778917121617818,-0.06080492544855454,-0.06625887791920074
28.975,-0.026516197676541647,-0.07019760490507758,-0.047815586716418175
28.98,-0.03200023055564405,-0.061890377435171125,-0.06178290075086235
28.985,-0.03433188768604093,-0.05863884544762103,-0.07294770783058223
28.990000000000002,-0.027830600578612988,-0.0767839050744051,-0.05050224747177534
28.995,-0.023943955191247902,-0.05908498247230229,-0.05237292471183917
29.0,-0.04024698324545224,-0.05983011578408619,-0.06680391076221379
29.005,-0.026601683172082956,-0.07065321117328449,-0.06737900491215518
29.01,-0.033366149347426474,-0.06649496549596548,-0.06594337403201682
29.015,-0.031261083611474325,-0.05906528587754609,-0.033533073190382984
29.02,-0.036809877511494955,-0.05480857377370085,-0.04599717101031667
29.025000000000002,-0.021714531063658234,-0.05452534618342877,-0.04985069612401655
29.03,-0.029324046035927837,-0.05993231253043728,-0.06174340661449447
29.035,-0.026937534515844682,-0.05198894584672036,-0.05981473070931963
29.04,-0.05053873945746713,-0.05476795755745256,-0.05844925721153538
29.045,-0.044952431746402954,-0.06060140269302544,-0.07077290552193005
29.05,-0.03537095349024265,-0.04980701244942719,-0.049746711744558456
29.055,-0.021064731759216762,-0.048184263968397284,-0.04500651493313771
29.060000000000002,-0.034703062806262557,-0.04914544477916699,-0.03313746622842769
29.065,-0.044905172406063926,-0.0618672914801949,-0.062402184848467934
29.07,-0.03959564045393658,-0.054917881487849776,-0.03441775920949076
29.075,-0.051334746401985924,-0.045068755125186016,-0.05800237752168952
29.080000000000002,-0.04432363789350901,-0.05340566714513529,-0.04233061202447211
29.085,-0.049121915555514394,-0.058094829500332984,-0.061045370576912436
29.09,-0.027225699087966578,-0.040594332958149064,-0.050955716660240805
29.095,-0.037106046181112975,-0.05983098557805715,-0.0545080517126279
29.1,-0.051802730012295475,-0.04618239096508066,-0.06070344791713918
29.105,-0.044939676495089065,-0.058830051971892894,-0.05913176042668807
29.11,-0.05224265181566812,-0.062330723305338565,-0.04955408488918932
29.115000000000002,-0.013979865713449408,-0.06057894116195733,-0.06662895735648583
29.12,-0.05161755988467254,-0.059351863489384635,-0.07196765322266875
29.125,-0.03894032305678308,-0.0868599079074457,-0.05364668338310735
29.13,-0.05847208827855146,-0.042607014465437465,-0.06411840232709651
29.135,-0.041534126364871554,-0.0688824207203163,-0.05867187104349067
29.14,-0.035460815144788396,-0.05895383209612269,-0.045286638943227125
29.145,-0.019299377732990782,-0.06717378605299235,-0.028716626797330915
29.150000000000002,-0.035532383579409396,-0.05754523971195713,-0.0789998858849331
29.155,-0.0479819895304708,-0.06189791807098771,-0.03760259849628784
29.16,-0.05645454754344214,-0.04579089467024752,-0.05747540704909496
29.165,-0.0497665295627857,-0.07085274909770647,-0.05485600312835613
29.17,-0.04990629388762782,-0.05125905747800994,-0.04964622275270864
29.175,-0.04911860370607846,-0.047726797993058206,-0.06697868825942821
29.18,-0.034067410212792255,-0.05884571106151967,-0.04924169114821038
29.185000000000002,-0.032190542139964924,-0.060938375322236456,-0.05514495757795348
29.19,-0.03151207535930628,-0.0502753872427675,-0.03934058810346087
29.195,-0.03834274481539941,-0.05442172795436385,-0.04534146259595524
29.2,-0.011329551539235816,-0.05894761242747506,-0.01541641784545012
29.205000000000002,-0.04665531946157005,-0.05537831558329552,-0.04860988150839995
29.21,-0.04108579863573768,-0.06206070471682318,-0.06075242128691456
29.215,-0.052039611946989285,-0.04356626407256753,-0.03498582043669806
29.22,-0.04438832152467449,-0.0675711949577816,-0.0501876834871569
29.225,-0.03724670739783757,-0.0523146979554054,-0.05400625881966687
29.23,-0.025948659845947367,-0.06229140527419823,-0.05162608072438502
29.235,-0.03968283536395358,-0.05593884080184493,-0.03500408085481032
29.240000000000002,-0.02923419565316651,-0.05414353973138347,-0.040372329574205085
29.245,-0.028012289787664374,-0.05923435947552112,-0.03918454950585389
29.25,-0.022170335105801776,-0.05180456701167099,-0.048225054855902505
29.255,-0.019773546588639345,-0.06619084557672891,-0.060247183668201365
29.26,-0.041733112996709766,-0.06638690135677744,-0.05175741676734026
29.265,-0.0561899805197638,-0.05276593517504927,-0.03964171971680299
29.27,-0.030296214081389966,-0.07321294206015408,-0.05828993387350147
29.275000000000002,-0.05070014584164288,-0.059659449139863555,-0.045219164228698476
29.28,-0.031048000223077604,-0.06853861920522791,-0.030926438641861682
29.285,-0.032466889003109935,-0.06314968493914927,-0.03261759270662037
29.29,-0.037381597632369076,-0.05054173465217782,-0.03743008021109883
29.295,-0.036098230655669576,-0.06449945369301993,-0.036453024553994365
29.3,-0.03965233043262184,-0.052028904684000295,-0.03882339942285805
29.305,-0.037790959747773176,-0.06888789077559089,-0.026829260003369784
29.310000000000002,-0.053472840953370876,-0.061053575058099704,-0.03373410152009897
29.315,-0.029432505195705304,-0.059819863821703026,-0.019824861961141176
29.32,-0.05508067442539802,-0.05760630107670138,-0.05450571448767481
29.325,-0.013104536049214258,-0.0783510833905787,-0.03959622431391959
29.330000000000002,-0.04071093314430842,-0.04920052573966109,-0.04266945538530768
29.335,-0.03514164710748022,-0.06179549478036332,-0.049204613032240246
29.34,-0.03285859411454037,-0.06058152309763094,-0.027402969239641552
29.345,-0.04160852841181062,-0.0619717848799782,-0.04284977894898682
29.35,-0.040946626794723134,-0.06071591668117733,-0.029795718038807907
29.355,-0.027857592913268718,-0.044339382652759995,-0.03661995644279234
29.36,-0.0428168640653363,-0.049498263291827424,-0.04193948236397975
29.365000000000002,-0.039697132552505045,-0.07105837700468862,-0.03489922273321749
29.37,-0.03235500707568998,-0.08340536084694936,-0.050611615477942115
29.375,-0.02610226812811661,-0.06341600799666768,-0.04446422923845621
29.38,-0.02079444180923741,-0.06778918742098053,-0.05375796880941693
29.385,-0.0259612470870694,-0.07043994566607824,-0.023288727260605307
29.39,-0.0436424951042154,-0.07438632670719875,-0.018475431651079288
29.395,-0.03182106909482942,-0.05972674398584222,-0.056122070331266344
29.400000000000002,-0.0313519023879833,-0.06726625007081216,-0.061488060381268146
29.405,-0.019917464138110304,-0.05705935677978808,-0.044996186704563026
29.41,-0.04410160673404282,-0.06879008520762805,-0.02646321309949315
29.415,-0.036563288343722085,-0.06637940442094412,-0.02670105779679238
29.42,-0.02371154362881471,-0.07898520105867309,-0.051259731062766024
29.425,-0.0574279367484288,-0.06139058728870486,-0.038043547877949016
29.43,-0.014776961845710748,-0.04215233050038572,-0.04333084585218416
29.435000000000002,-0.027031016614287674,-0.06298384972143417,-0.04177352162934501
29.44,-0.021712188603701384,-0.05682923665735358,-0.026649408702645046
29.445,-0.042112079904174746,-0.06390494197872078,-0.04319568405607963
29.45,-0.02675764615601075,-0.04485795960656952,-0.037838272529930404
29.455000000000002,-0.032552924470960566,-0.04045782795991873,-0.028608370098096976
29.46,-0.03671133744336157,-0.05788616391462436,-0.054144818115579675
29.465,-0.05088032916480212,-0.07941107741326328,-0.0440889379751334
29.47,-0.032401657733360026,-0.05463040403469044,-0.03900631944658834
29.475,-0.03667315214465661,-0.062394664392030286,-0.0549484537015911
29.48,-0.014174295687394277,-0.06565899927501895,-0.04687605514515986
29.485,-0.020632467806228343,-0.052294394249441996,-0.03119509379023753
29.490000000000002,-0.0250618586149774,-0.07307394297871471,-0.036991502878754315
29.495,-0.03039398932674009,-0.06547788946879868,-0.050671718039806704
29.5,-0.0364846460716024,-0.06311007913899547,-0.03496473333588277
29.505,-0.03256123721911952,-0.07194099429590016,-0.05134007650863331
29.51,-0.017441675214600157,-0.0801145336915704,-0.04817592820441728
29.515,-0.02814744125224672,-0.07240049309297261,-0.05566377391036378
29.52,-0.04092750158966463,-0.04594786157969351,-0.03204915945035455
29.525000000000002,-0.025001785141018414,-0.07263994620323071,-0.04082087807019147
29.53,-0.04245759594556253,-0.06757902513470088,-0.053976931282336785
29.535,-0.02407123730369779,-0.06555226655814392,-0.056902460952098985
29.54,-0.014728506288892548,-0.08989047452150822,-0.05426432956349399
29.545,-0.030722676245531665,-0.07625586643170906,-0.04796715172900019
29.55,-0.05297817878412646,-0.06463712567918484,-0.05691784563713745
29.555,-0.037510995913586066,-0.06495360274764429,-0.05164304344151035
29.560000000000002,-0.025278604170456083,-0.05600146245813959,-0.025667658964302488
29.565,-0.022819305674875202,-0.06036729506902169,-0.045275630851728275
29.57,-0.02799990337670419,-0.04149394257432968,-0.04088866995134226
29.575,-0.05132186109561282,-0.06662835453863993,-0.03310497422662562
29.580000000000002,-0.04296579659270072,-0.06727905895490856,-0.042655915982850345
29.585,-0.04475156412394122,-0.07920890522944601,-0.03892234445255441
29.59,-0.034861301091009725,-0.0663080911829588,-0.04437672131224151
29.595,-0.02753697617664577,-0.07467930358418083,-0.02454864227025869
29.6,-0.03290220599251778,-0.07306548731808964,-0.041975262560687454
29.605,-0.029807205078406188,-0.06526558419657903,-0.0519384960857318
29.61,-0.048452780936038435,-0.05622452487688993,-0.05110278682575209
29.615000000000002,-0.04609098303632861,-0.04231997730615004,-0.028413926473107472
29.62,-0.051167096191155004,-0.06844191771324293,-0.036027537987536315
29.625,-0.04207422758709855,-0.06837883994823393,-0.04940483597084528
29.63,-0.046896870845633314,-0.0679081015815927,-0.04136010748746489
29.635,-0.05306775982302572,-0.0774684915207367,-0.04631602091729009
29.64,-0.030013426727834427,-0.06166206189974071,-0.05765093388824426
29.645,-0.04404641113557532,-0.06822402436650075,-0.03824874642193134
29.650000000000002,-0.0424646955523004,-0.054086410582810884,-0.02802729601780126
29.655,-0.051695908411904926,-0.054651906098606484,-0.06538660229202614
29.66,-0.042569855625269534,-0.05477054873137878,-0.046126316479264746
29.665,-0.04829303944400259,-0.08091167236191285,-0.03762128662572402
29.67,-0.03921347012187404,-0.05541208163535173,-0.04438779253586509
29.675,-0.026072713837697242,-0.05792480450702675,-0.045254340757904826
29.68,-0.03508260596557351,-0.054963433890704724,-0.042235550861640284
29.685000000000002,-0.03918326151523379,-0.08367284232823402,-0.053674389303876746
29.69,-0.03002285998051446,-0.05597509331134977,-0.036014666292240836
29.695,-0.0339874950173338,-0.060569937390624926,-0.02953710636294798
29.7,-0.05697128969836095,-0.05871006072674656,-0.036785204991381916
29.705000000000002,-0.04085523154742479,-0.050756776889748126,-0.04990284681158993
29.71,-0.0393287996556503,-0.07073389729182815,-0.04694455104668628
29.715,-0.06950427087337967,-0.07716750283242986,-0.04486725233573793
29.72,-0.05950954296107029,-0.029335330979183807,-0.03805750795149747
29.725,-0.04204532763426373,-0.06805564159268994,-0.021748811413641066
29.73,-0.04005955203421975,-0.06672222293631445,-0.03527209570192681
29.735,-0.03492439647414064,-0.05749434665411811,-0.039220875741706324
29.740000000000002,-0.03027165770512838,-0.05879696677141238,-0.05521546728510432
29.745,-0.03972745060201186,-0.047586806069118304,-0.04721430089378647
29.75,-0.049256095210012577,-0.06829043272876932,-0.05080138204005508
29.755,-0.04760850054348087,-0.053216975242134194,-0.059229524450855685
29.76,-0.06724019079242169,-0.055890397768168024,-0.02950095986517428
29.765,-0.03418730742548064,-0.0525040450046954,-0.0378468045722802
29.77,-0.04532338892051242,-0.02368121180228247,-0.03679172827606241
29.775000000000002,-0.056355778069998363,-0.05882459415616753,-0.0418282051059085
29.78,-0.05387795000419223,-0.05023682154759553,-0.020845916186898236
29.785,-0.05134652320434413,-0.0524268830365722,-0.05191089938610377
29.79,-0.0208112188708788,-0.0391106374396186,-0.022615564601027056
29.795,-0.045700765740468,-0.051188814217534157,-0.021120909225326022
29.8,-0.05796785442789015,-0.03735074542385817,-0.04849631078841929
29.805,-0.04838111194370183,-0.06366393008120476,-0.05113640924917809
29.810000000000002,-0.0463026689294817,-0.061086174761992275,-0.030471127761829767
29.815,-0.05069569952698853,-0.051998723971060694,-0.03997006314892971
29.82,-0.03689330616081996,-0.06268917681411945,-0.029561668265891655
29.825,-0.05866202387452242,-0.06849546356836149,-0.0278606520423993
29.830000000000002,-0.037489989334149265,-0.04746502887652951,-0.037205086413978385
29.835,-0.03921678435711315,-0.03153972065672224,-0.029629126951114148
29.84,-0.04899266920344013,-0.05085976900107895,-0.034311840353655934
29.845,-0.046690450307314266,-0.03438318123415779,-0.03500364286134355
29.85,-0.038364065267058614,-0.04854720189264788,-0.060803118414427565
29.855,-0.04858231026922421,-0.04236657747941966,-0.02735707924109108
29.86,-0.03499977127368344,-0.045268938661063726,-0.035871936247736276
29.865000000000002,-0.04908377747841545,-0.05840244739269565,-0.0421947144376718
29.87,-0.03969432102779217,-0.04438335136022078,-0.03405421126450526
29.875,-0.0369927684732438,-0.04841440860135908,-0.03700278624680476
29.88,-0.032301440457846727,-0.04615135607845372,-0.015835081818994373
29.885,-0.03722240692927209,-0.031628043669645424,-0.030058170018660908
29.89,-0.019940948412599035,-0.03822507569093179,-0.024264892445502364
29.895,-0.030198801252197177,-0.040492420262167074,-0.04354143322415111
29.900000000000002,-0.042458328596686246,-0.04506373557122389,-0.02529847919352203
29.905,-0.03930559386693881,-0.05472329322908584,-0.05265273943926605
29.91,-0.02437772506247135,-0.0638642649453462,-0.017833628085484336
29.915,-0.04282034513549971,-0.050442693136183415,-0.061419251631159445
29.92,-0.0437686613810806,-0.030157990620861143,-0.030754108815451157
29.925,-0.025549132341721067,-0.058446361669869946,-0.05007831969265525
29.93,-0.017330121037846456,-0.053066300604870296,-0.04031810998194547
29.935000000000002,-0.024035219013246095,-0.040356883088695755,-0.03481951209660137
29.94,-0.03981566464749535,-0.0514306002454375,-0.04284815787122477
29.945,-0.052264682332032755,-0.03879596813060268,-0.01649891297246968
29.95,-0.02922462657082759,-0.048126984164316884,-0.02223144713640707
29.955000000000002,-0.04519606440702645,-0.06342744777141872,-0.04571642139359779
29.96,-0.03797924321409091,-0.056991428762230616,-0.02409191323046559
29.965,-0.0446725561388185,-0.038126175999248536,-0.04636813906521987
29.97,-0.03565378165420394,-0.04610438338544835,-0.04503332359442336
29.975,-0.03972418302534315,-0.037690408705698286,-0.02961024963174731
29.98,-0.04110300646541244,-0.04327000354354406,-0.030324293545383026
29.985,-0.044195681460028446,-0.053426276769263675,-0.019060118431222503
29.990000000000002,-0.0399155816001808,-0.037680020456383134,-0.043637323391438235
29.995,-0.030534151759981275,-0.04243353300770723,-0.026383945941811152
30.0,-0.029103369193506187,-0.034017442888218626,-0.027043479013343814
30.005,-0.03185673857564455,-0.04038174195640392,-0.023355278266573114
30.01,-0.014381341037181819,-0.026218613665942386,-0.020943937318165413
30.015,-0.04552789385843228,-0.04757104342809488,-0.04140199895358844
30.02,-0.03763976228789804,-0.0481780450167123,-0.03902295885264953
30.025000000000002,-0.0332222620462623,-0.06008971649894519,-0.04391148442473511
30.03,-0.042494142983876756,-0.06556104669678478,-0.04054727568445936
30.035,-0.044044131231347955,-0.04716357451678588,-0.07372856760680635
30.04,-0.013265233790080754,-0.04768894736939314,-0.04588095202546092
30.045,-0.02307654221900625,-0.050048195054919795,-0.025626665753378238
30.05,-0.029015127322035865,-0.030504205778053885,-0.03247362523726051
30.055,-0.036789820037329814,-0.04351224459639999,-0.031125314550149406
30.060000000000002,-0.022559801908904234,-0.030613843324493288,-0.039220338737979546
30.065,-0.023210330877905524,-0.03307497557273419,-0.017390417340686727
30.07,-0.04440164205125141,-0.027633847750124115,-0.03729726390847861
30.075,-0.029583115989533403,-0.04463170897799364,-0.03041908438603572
30.080000000000002,-0.01627956032824505,-0.041502172025435824,-0.04491167881425586
30.085,-0.0407843821659126,-0.0385236486731579,-0.037109514991502876
30.09,-0.020026145549038175,-0.040021801080902496,-0.02670025711194678
30.095,-0.019930998444448175,-0.04160074700287102,-0.018939459219952142
30.1,-0.023011111129899155,-0.025435326267218533,-0.03332202185000897
30.105,-0.018122469798291203,-0.038413446445726265,-0.03353201302567176
30.11,-0.02137126565262118,-0.0460201595042535,-0.02933640110775124
30.115000000000002,-0.039251453469596194,-0.026262889305133628,-0.04741913371222737
30.12,-0.02956350344227717,-0.04186951641050421,-0.024292645588324818
30.125,-0.04218794170666527,-0.020871710675095804,-0.022459793811884253
30.13,-0.014592971850012688,-0.03693458534510312,-0.02609342959695373
30.135,-0.02535146795722826,-0.02559315966757851,-0.023986739781656524
30.14,-0.006757047013906184,-0.02954905729061751,-0.014522982566143504
30.145,-0.0165248014985778,-0.04684694911392803,-0.030955794301082848
30.150000000000002,-0.008870027813621435,-0.045576707856646664,-0.02659035797787094
30.155,-0.023488957175116964,-0.03584516989198816,-0.03721831331436111
30.16,-0.030163533634592225,-0.03723009045802735,-0.01505215246825533
30.165,-0.022807032319088125,-0.03865400444448342,-0.018293893563228424
30.17,-0.04650575850387783,-0.040968756409166925,-0.02791194509047156
30.175,-0.027888731385335118,-0.05424929407447634,-0.0403974480645187
30.18,-0.026089229101982574,-0.0405790724857072,-0.03373884721692644
30.185000000000002,-0.024559543743853947,-0.06584498304811291,-0.03186564632823967
30.19,-0.0234715339685212,-0.0449807644329853,-0.022859687236267186
30.195,-0.021162591706744126,-0.03857082233965853,-0.014155382933068946
30.2,-0.0156398339458723,-0.04508844534400471,-0.028318443481699016
30.205000000000002,-0.010499091913524838,-0.032956955483558766,-0.033944767986451276
30.21,-0.03202977945771316,-0.05011706117467157,-0.00013245012471205502
30.215,-0.025297147973511847,-0.04482520043710313,-0.020609841908111073
30.22,-0.043417307593618455,-0.018450089417438933,-0.03486305966904968
30.225,-0.023719136849212327,-0.02183347954306717,-0.011292101427410852
30.23,-0.03497641993619964,-0.02380322616770647,-0.022992029223245423
30.235,-0.018264474649279796,-0.03243981957008562,-0.026647099212909718
30.240000000000002,-0.02842292539810265,-0.04549468581669723,-0.029125197377205585
30.245,-0.04191447841096482,-0.021493987230495865,-0.02011152264964352
30.25,-0.03014883489206152,-0.04490345529208527,-0.04586030733119356
30.255,-0.013899302087891025,-0.03840038007191987,-0.026098277472359196
30.26,-0.02727227783913206,-0.01904278583459834,-0.02883314776701834
30.265,-0.01473819220923267,-0.03715844609448023,-0.017329884639312877
30.27,-0.0057568668458166244,-0.0404215573725068,-0.01311756986216596
30.275000000000002,-0.023587440074713785,-0.036164837035824744,-0.01615285070440917
30.28,0.0005100960064450821,-0.028426786209443188,-0.03587702048885155
30.285,-0.048150326642875406,-0.03928567898740636,-0.021655696302319484
30.29,-0.014121850608520286,-0.05682120797019676,-0.03952100218235179
30.295,-0.016072651571467502,-0.04086481853238478,-0.037451965287290494
30.3,-0.028343668264544444,-0.04498948135064624,-0.051768108839025107
30.305,-0.021571041909869824,-0.04554706969753183,-0.023115130077750855
30.310000000000002,-0.030977606931176613,-0.036845568171741776,-0.00957426315373657
30.315,-0.013184602373385475,-0.05465738470244333,-0.04360218173334196
30.32,-0.024226804106743695,-0.03427023048396144,-0.012654589547588076
30.325,-0.04404037997304479,-0.04920814639131125,-0.032635928379140484
30.330000000000002,-0.03617326143635701,-0.03757518752345215,-0.02210413976209255
30.335,-0.02378700230863474,-0.02831195313264332,-0.013457382993710243
30.34,-0.04471734176735913,-0.03176207709256752,-0.03202871279834637
30.345,-0.023950998333834076,-0.03428135237039395,-0.016332932525433715
30.35,-0.020501769820305056,-0.02999703138664144,-0.0036708054713450837
30.355,-0.04396682832238815,-0.034116537345577735,-0.0300611854642496
30.36,-0.037737011395902326,-0.05115408399022919,-0.01888263127752951
30.365000000000002,-0.032288260721308165,-0.05435691582503521,-0.017519327461569468
30.37,-0.0484082827500686,-0.03800538895040493,-0.024996473584393428
30.375,-0.025598440826846886,-0.039888949760048684,-0.015861169624757133
30.38,-0.029918322230027057,-0.060031203264484016,-0.027976789576283922
30.385,-0.037686949862452544,-0.042230284004386505,-0.024953653171424884
30.39,-0.03795803153797356,-0.03162080576165553,-0.017773643341052848
30.395,-0.03458928889634869,-0.0395960058286602,0.0005724782584162688
30.400000000000002,-0.04874549846826573,-0.03488013163629871,-0.01255374304068682
30.405,-0.03700231277011359,-0.04921621961285011,-0.033226723984830044
30.41,-0.030653297171361036,-0.036143094708018214,-0.018868743548207008
30.415,-0.031056216577454887,-0.03983362649021713,-0.022218907457957585
30.42,-0.041740721139979606,-0.04943153976894435,-0.011368069679880785
30.425,-0.029712109651926333,-0.0373646537675054,-0.03703948926783852
30.43,-0.021886190655437076,-0.04479719723145106,-0.0048986048938746245
30.435000000000002,-0.02737277864753301,-0.04011926677221551,-0.027902406018381985
30.44,-0.026447678880633027,-0.029790920475545997,-0.00539451276473712
30.445,-0.029568758732552172,-0.042237728241133476,-0.04272521751685866
30.45,-0.022164920175033253,-0.06145564836246773,-0.03295615268379077
30.455000000000002,-0.025461857294123806,-0.043846449749819195,-0.026789844929938862
30.46,-0.03697171263501627,-0.04636347007757598,-0.002957367944252519
30.465,-0.053497534789177036,-0.04445512953933733,-0.020373558532671074
30.47,-0.021604170166301832,-0.04359110689665181,-0.02288028116483848
30.475,-0.03624844774088508,-0.021232566966696533,-0.012787741266831121
30.48,-0.04898541345526098,-0.03188199015608533,-0.020353523197013387
30.485,-0.04408246629877304,-0.016183772774030637,-0.03428840556532828
30.490000000000002,-0.02880652581198936,-0.03441244304346955,-0.022268341670006096
30.495,-0.02689421608814232,-0.04358316443012921,-0.021239850583629497
30.5,-0.017685150467469067,-0.02411801414357602,-0.018789418598990384
30.505,-0.03475854266760874,-0.04921702846071798,-0.012838496270599383
30.51,-0.03904142318148334,-0.04893862678499163,-0.029614527001726256
30.515,-0.033892236696487735,-0.04733842719354102,-0.025606628792153446
30.52,-0.04430626633167777,-0.04014906678104552,-0.02729456147448591
30.525000000000002,-0.02981708772922475,-0.05837672610505569,-0.009773682092157702
30.53,-0.03241379888390451,-0.050260319713947496,-0.02478724498535543
30.535,-0.0370241618542646,-0.03099164844879506,-0.028061735589428934
30.54,-0.03448877212779757,-0.036302099558235434,-0.024546635813655352
30.545,-0.0410816408756566,-0.03670256605146073,-0.018448583295647778
30.55,-0.02646555128782542,-0.032477495772218416,-0.0268238935824955
30.555,-0.018325342678477186,-0.03519297345922169,-0.023832230293354333
30.560000000000002,-0.039415511847157116,-0.054585683122426065,-0.03239132174197444
30.565,-0.01800025462453792,-0.049870587256382284,-0.040624248315453734
30.57,-0.04121308234068667,-0.039377253553905,-0.02455540755860744
30.575,-0.05686175125001619,-0.0683943207898661,-0.04061898551404549
30.580000000000002,-0.04239726453199151,-0.042499356179051845,-0.0068531984298887075
30.585,-0.04120025891314686,-0.04766205460152778,-0.0337789834376758
30.59,-0.026311184557276646,-0.0377608331943175,-0.024797216937244106
30.595,-0.03394754300408672,-0.04331984443359231,-0.03957578971267149
30.6,-0.03508689868284341,-0.05099240203486742,-0.03169026211856235
30.605,-0.025363591161379723,-0.04823927641909686,-0.024905903275255527
30.61,-0.031297611204551025,-0.031715493385672686,-0.030193403577658637
30.615000000000002,-0.03685362628593834,-0.0393671062525548,-0.014741734926951652
30.62,-0.03571737353104541,-0.03932255969559656,-0.023852662540639155
30.625,-0.03779729140088702,-0.05675540458768249,-0.024781356214111164
30.63,-0.015429043616799571,-0.04223341354464148,-0.03914445248141628
30.635,-0.035756114769637304,-0.04328992714711994,-0.03697866212308193
30.64,-0.03040110373176886,-0.037178721497768685,-0.030295233387087908
30.645,-0.020648945850727858,-0.030445325741028043,-0.03478528235207016
30.650000000000002,-0.0254882917978914,-0.035977026695222056,-0.042925821879658536
30.655,-0.03615757380667878,-0.036488939722299524,-0.03364033930981125
30.66,-0.024844640919829034,-0.03344937411193465,-0.02963076460230383
30.665,-0.023619420871432022,-0.043804665107353855,-0.033781299060220225
30.67,-0.015621264775569787,-0.05056815023453293,-0.013691728171704495
30.675,-0.026385302002449287,-0.039841969927814205,-0.009307310499346508
30.68,-0.03965978156670075,-0.026015930688122503,-0.013142856836062936
30.685000000000002,-0.034923622154490526,-0.045798330206719834,-0.023171221562136475
30.69,-0.03633780630748873,-0.04257548782422762,-0.04322612601448052
30.695,-0.032338121102954955,-0.03577200853448276,-0.034833492229992935
30.7,-0.017754092726509907,-0.04327336556428489,-0.018388459983263123
30.705000000000002,-0.017434066280411793,-0.032421133124071966,-0.04020882786069438
30.71,-0.043575401080781936,-0.022426396664938848,-0.03700316548695215
30.715,-0.027135745644941044,-0.026476463300509876,-0.027642413267168375
30.72,-0.03039459546742493,-0.030030063024623358,-0.024899003085537975
30.725,-0.022849403154212838,-0.0452731223120902,-0.023658511989126996
30.73,-0.026605047703240535,-0.0651509489120253,-0.022626948716242035
30.735,-0.03568632703033703,-0.05146012742444634,-0.03045352528727705
30.740000000000002,-0.027683075541196707,-0.037150618284904534,-0.025845096501997886
30.745,-0.02316257771894732,-0.03277990864178444,-0.018054790966575453
30.75,-0.03577472038037696,-0.02851629102292757,-0.0340728609041157
30.755,-0.018814102692280097,-0.05126324520040039,-0.0045718196820742065
30.76,-0.03497560155828702,-0.027354919012622263,-0.02011228309948869
30.765,-0.03135038864935102,-0.04166927283070919,-0.014049100050611515
30.77,-0.024270014238436693,-0.03788247686139153,-0.030711220519286292
30.775000000000002,-0.02269532753200666,-0.04592938029415783,-0.025976322846934366
30.78,-0.03178213249488697,-0.020487110864701338,-0.03608418818782056
30.785,-0.014165660213420172,-0.03510172723035218,-0.0196652504023616
30.79,-0.03920269080331558,-0.03741390828727892,-0.02280911852152738
30.795,-0.04086467734990984,-0.033716286801183465,-0.04915997618304862
30.8,-0.013058130591951555,-0.03556183414686668,-0.018547712803696294
30.805,-0.03270135489620819,-0.02912808042593259,-0.03150620434493674
30.810000000000002,-0.02244653677349896,-0.027013210303237663,-0.04478061795095868
30.815,-0.02897880193187592,-0.03463173812992908,-0.011605539814279836
30.82,-0.02336217542360379,-0.041970447917251776,-0.03238756880872626
30.825,-0.03107439238457711,-0.027974389825333318,-0.016867306976666482
30.830000000000002,-0.0437417377828426,-0.024226937208260187,-0.0334271484962961
30.835,-0.05142213974949836,-0.04319934124580053,-0.03377512412376525
30.84,-0.0180428407914933,-0.04866891671056905,-0.022155674326967287
30.845000000000002,-0.036284367135207975,-0.031635922502768934,-0.023377279100516814
30.85,-0.03755841761963975,-0.043902200769296185,-0.03479741969292534
30.855,-0.03021274209512048,-0.056906829852717444,-0.02065853515954882
30.86,-0.046409374899259184,-0.029132820547225914,-0.041951652662505105
30.865000000000002,-0.0365623764905271,-0.025831374227020233,-0.03988747770122798
30.87,-0.03250822595518668,-0.03879605828459713,-0.009316286954071936
30.875,-0.017151632740587876,-0.033799955925119994,-0.02117963420595489
30.88,-0.03107788725359823,-0.03989179274912126,-0.022362976355312144
30.885,-0.038321136903903416,-0.025192739900201204,-0.019873487389929757
30.89,-0.023977356881456722,-0.03994858722455312,-0.005123900396040119
30.895,-0.04253693237566831,-0.028172034622031154,-0.021718394239682085
30.900000000000002,-0.03352247859002727,-0.03685863219443622,-0.004584979630123236
30.905,-0.036179364928348355,-0.040225800853758084,-0.0190134706795866
30.91,-0.030484881822992874,-0.024880568850409537,-0.021571705696148507
30.915,-0.021724841158223186,-0.022091656458816018,-0.044051674736815274
30.92,-0.05047115844155367,-0.020024498188699995,-0.015158294997260638
30.925,-0.044099861255028176,-0.05309982157137999,-0.019536449438659106
30.93,-0.02347530849535971,-0.03261111788438676,-0.01685210028535518
30.935000000000002,-0.03432533584391888,-0.02596470125675665,-0.03963816697342944
30.94,-0.017070089945065245,-0.023852642643282636,-0.04067597668491078
30.945,-0.025412233141052173,-0.025251961924709666,-0.028271729745891132
30.95,-0.04204198396484184,-0.021951401181194444,-0.024057833893900635
30.955000000000002,-0.05253312891984206,-0.020727044352411496,-0.019854764635386987
30.96,-0.026914562333178068,-0.02719425457555115,-0.01124248287320213
30.965,-0.01762698118390107,-0.03133612386097413,-0.02031654402035153
30.970000000000002,-0.03751528661209817,-0.03355443834425876,-0.02213174582243064
30.975,-0.03738032280410668,-0.031872196933676114,-0.020063288563399322
30.98,-0.014205016551782483,-0.030072762061578006,-0.025985964452737324
30.985,-0.03398565667580162,-0.04002045851629709,-0.015237775392112182
30.990000000000002,-0.034155371024314644,-0.00439562064548815,-0.020658692492539103
30.995,-0.03211960639334839,-0.02607704262940334,-0.033438285584299565
31.0,-0.037009036406778786,-0.024564178774435005,-0.028137998881426426
31.005,-0.036897878879105915,-0.026064143242674465,-0.02106617944142256
31.01,-0.037379157836534484,-0.0341194444433195,-0.046358206169945834
31.015,-0.04684911323230763,-0.016834824067173865,-0.03278451367664627
31.02,-0.02912154129026273,-0.03475646888828893,-0.039207092586333044
31.025000000000002,-0.0344819724983491,-0.019342035490726772,-0.02598291112220852
31.03,-0.038979427711996056,-0.01742018540395055,-0.033548173511462775
31.035,-0.030827613366975853,-0.03419302447009791,-0.032574865173100334
31.04,-0.043512984238123255,-0.028366010127280926,-0.02625648682790884
31.045,-0.03350853839813718,-0.036033340508716004,-0.033156144443354955
31.05,-0.03233067343357849,-0.02322714519580872,-0.013292974137167794
31.055,-0.02542199955495498,-0.038729775006088735,-0.04694628115804096
31.060000000000002,-0.035514822130451575,-0.01722455510582783,-0.040751737690188174
31.065,-0.0474978816597206,-0.03041327317254711,-0.03950716389221143
31.07,-0.04140228627218993,-0.01812601939497271,-0.029921247205294495
31.075,-0.036428038602300636,-0.042733616715784434,-0.0219634410035707
31.080000000000002,-0.03669576280571896,-0.026099838726239246,-0.03082384716497403
31.085,-0.05320374152766319,0.0023868446062539576,-0.03392380559980775
31.09,-0.04874600730762356,-0.0278728773122581,-0.03231475749940019
31.095000000000002,-0.033872778271105325,-0.025446236251264624,-0.026319891769797522
31.1,-0.05186724265128643,-0.026831297864899857,-0.027537631540175096
31.105,-0.017840270931605975,-0.0308606276272773,-0.05328839327479227
31.11,-0.025477636282039143,-0.03937474725308368,-0.022346493058551
31.115000000000002,-0.038569952265379785,-0.03410184907353683,-0.033369532317635536
31.12,-0.03437199737096841,-0.027780374792471835,-0.025630753831967182
31.125,-0.026736237537984466,-0.03479775718490423,-0.03186061283643133
31.13,-0.037902096951383156,-0.024962221651263893,-0.0317476743775611
31.135,-0.051391686035825564,-0.0484364606890933,-0.010844571608710897
31.14,-0.018214911862372726,-0.017086804545714672,-0.03666473740344727
31.145,-0.023079170377691857,-0.02852610640400992,-0.02466595160770852
31.150000000000002,-0.01595166677882693,-0.02759137219918021,-0.028643144603680153
31.155,-0.03591278462286797,-0.037966130251979625,-0.030823021782417973
31.16,-0.03272329118736798,-0.04790161816360236,-0.02090853572624992
31.165,-0.03391111045608589,-0.03603176403278036,-0.02969976636321226
31.17,-0.03344948049560108,-0.040465043031132894,-0.01932190264556022
31.175,-0.04956448502994617,-0.04143317929334665,-0.027901242267403648
31.18,-0.016818745280788666,-0.04927917170069701,-0.0332306114988527
31.185000000000002,-0.04370597766653851,-0.03112277795861613,-0.02991627247841954
31.19,-0.02878986350665254,-0.03554489682559148,-0.02510094921005746
31.195,-0.04825858611178559,-0.04028121009846256,-0.02222921148513938
31.2,-0.020071228993819447,-0.027871877228162832,-0.014303526090638273
31.205000000000002,-0.038505768234432615,-0.02977426073004419,-0.020525086235738395
31.21,-0.04194795449688215,-0.045457591831243524,-0.027636768667399586
31.215,-0.0378810721978934,-0.041530881791085814,-0.013566700128128925
31.220000000000002,-0.04737623778962292,-0.030487096649210326,-0.0375962229442357
31.225,-0.040805658990757734,-0.019599934483070413,-0.03167151884943645
31.23,-0.03136620375859084,-0.03990579476922203,-0.012372454430427147
31.235,-0.050905526675334656,-0.029725146829126747,-0.04796230874600507
31.240000000000002,-0.038491810750507144,-0.045217892450038384,-0.027557074046112896
31.245,-0.041528253922460096,-0.03108111903447075,-0.042113642835747686
31.25,-0.03416698813578686,-0.0467268028343823,-0.030411291207986694
31.255,-0.04589274529079686,-0.04131665465485661,-0.03834549178211279
31.26,-0.025795776948272363,-0.04656240728109094,-0.03363947169250778
31.265,-0.02555272254330556,-0.029028817655909537,-0.045661353374002435
31.27,-0.019885936629792975,-0.038374958263862974,-0.03339009820274921
31.275000000000002,-0.032287559903723985,-0.058678149570006624,-0.0391791639975195
31.28,-0.035367770695460085,-0.04777693715227667,-0.03645106869709874
31.285,-0.02844506094693733,-0.031068315128550125,-0.05461750709807569
31.29,-0.02807092251772464,-0.054520271351283595,-0.04937613287909752
31.295,-0.032137255833516995,-0.031837035148910925,-0.025522293369414147
31.3,-0.02126672138022324,-0.035037039030308,-0.051269549815665914
31.305,-0.02547456844396301,-0.03961254428556712,-0.02510733987429184
31.310000000000002,-0.0411346909281103,-0.04353402363717979,-0.03120960390651198
31.315,-0.038649327890234016,-0.04189439624822862,-0.05578610007577353
31.32,-0.019658879158081732,-0.04130386790946986,-0.04330890957873916
31.325,-0.04705653244393823,-0.05604114853640384,-0.04720670172809652
31.330000000000002,-0.019147576266637427,-0.051118689478728004,-0.05708748035803518
31.335,-0.04509837726192823,-0.04637277291856714,-0.046801483661691026
31.34,-0.03074274761966629,-0.04029005999463643,-0.03555521562705423
31.345000000000002,-0.025672530463604883,-0.031989547928691596,-0.03684713540026434
31.35,-0.033205228996985664,-0.0635047822372256,-0.043392672830419726
31.355,-0.030036704021790418,-0.06432063228117366,-0.02939655886089112
31.36,-0.018395448567368054,-0.06128455512377272,-0.04703356596196794
31.365000000000002,-0.03085642615358481,-0.041850980808253876,-0.05034464605642006
31.37,-0.02775469147248044,-0.042015051220683816,-0.0432946905577467
31.375,-0.03438157513363619,-0.052869650361211475,-0.03162740642125912
31.38,-0.03695778481451807,-0.05567345716212189,-0.046069412824466055
31.385,-0.03671490032994452,-0.05964997634021209,-0.055028784332346106
31.39,-0.04164873925057323,-0.04187808154187038,-0.03186222859253684
31.395,-0.042428465457238565,-0.06529837071582689,-0.04753867842932825
31.400000000000002,-0.036161548537673865,-0.03637673922794943,-0.042880801602291053
31.405,-0.036705374397442245,-0.04570724657435429,-0.047743723897293644
31.41,-0.033594472960782766,-0.060961767160531526,-0.048262466072801546
31.415,-0.038032138650450506,-0.03574480587295402,-0.06116382345903645
31.42,-0.045199005871592896,-0.04203830073624061,-0.043060277769610605
31.425,-0.042066808790125455,-0.04219072607426676,-0.04447389495157559
31.43,-0.052508987133751545,-0.0561789696843291,-0.03888071941878382
31.435000000000002,-0.04044560121809994,-0.07307079013844604,-0.04366215219829029
31.44,-0.029753951119920956,-0.05346866832892476,-0.04898064376501824
31.445,-0.02651420995998843,-0.03708505977392958,-0.05319284589016
31.45,-0.05029380452427919,-0.06799504052420782,-0.03580639014404551
31.455000000000002,-0.04736495223018324,-0.05092497573605009,-0.06072620742556836
31.46,-0.03312279091886056,-0.05763334682624307,-0.040825037889312604
31.465,-0.03219177312981178,-0.0335230420747946,-0.035501932935704625
31.470000000000002,-0.04128222190661312,-0.048432921326832204,-0.046373457236721836
31.475,-0.04724068010181523,-0.030011456793936693,-0.032402887022592704
31.48,-0.05380681969651929,-0.045062411628938995,-0.030874334328471073
31.485,-0.04776325169453337,-0.05767855611823884,-0.03731862810336503
31.490000000000002,-0.0469450251979466,-0.04913271374167803,-0.03321838548190969
31.495,-0.01932934984218214,-0.031092147850657323,-0.0452410550037077
31.5,-0.03011327455762478,-0.041578200435525056,-0.039912721614762385
31.505,-0.03677894079506423,-0.060051401396056164,-0.047240808651927924
31.51,-0.026569782970987166,-0.04518180070427527,-0.012297792351315713
31.515,-0.03967396274489833,-0.03766602530490158,-0.030109794802704377
31.52,-0.03868164687706708,-0.04781252218857248,-0.029148998385068146
31.525000000000002,-0.02913311342826923,-0.033022630366257084,-0.0285409052768398
31.53,-0.04006437976436857,-0.03446279461733799,-0.041066155047390314
31.535,-0.030254390770617007,-0.046982754478096925,-0.026408036894975714
31.54,-0.039596674341423874,-0.03628304941986376,-0.015652087977060386
31.545,-0.04172253087052366,-0.040571730265674094,-0.0349198893900219
31.55,-0.026004379554679144,-0.053899821335206544,-0.031456406995495685
31.555,-0.03170958745016931,-0.045157214834916096,-0.03303323659273031
31.560000000000002,-0.024886040243379738,-0.033775022866458046,-0.03870649895793677
31.565,-0.03524862736830668,-0.06923428075824467,-0.028536743876038224
31.57,-0.033473331619774345,-0.04594392381922565,-0.027787527502029646
31.575,-0.033702298144586314,-0.01996813504077194,-0.023246695852366207
31.580000000000002,-0.030645830963118494,-0.021977670108845007,-0.020651516559521556
31.585,-0.027375209878786715,-0.04317425903833287,-0.013026537094504284
31.59,-0.03133215874325447,-0.03608700049761646,-0.029826987530844812
31.595000000000002,-0.025542093746979397,-0.03813186312168548,-0.023554811669782186
31.6,-0.018060768069752983,-0.027365397265566686,-0.030351254171421704
31.605,-0.013976340604294861,-0.04886667471499487,-0.035806373667299135
31.61,-0.018203385235544982,-0.059130204957319625,-0.017365546120796882
31.615000000000002,-0.0057753463767560125,-0.042662488191473065,-0.019720527982174243
31.62,-0.031134262305456604,-0.03197377425565613,-0.010773090107161183
31.625,-0.02888802111115149,-0.03358698531586958,-0.03996251189206369
31.63,-0.029524576550635194,-0.010343462974263726,-0.01910865771657438
31.635,-0.03108478829101005,-0.04463529368823699,-0.020589184931944497
31.64,-0.021159068654197418,-0.04003690534944472,-0.017188171887225767
31.645,-0.015667611211336804,-0.01532110027320929,-0.018089328910119846
31.650000000000002,-0.034593428798037174,-0.02755367516187284,-0.019874021748359626
31.655,-0.019516328124725816,-0.016616936902248386,-0.04353028593861329
31.66,-0.009845070839490459,-0.03598813958047113,-0.04161627238069252
31.665,-0.02745952204918689,-0.037261856742962875,-0.011434613919678097
31.67,-0.02705787404760519,-0.01738442823780628,-0.024751903748295664
31.675,-0.019048273549937045,-0.02407168875977779,-0.009571944842091357
31.68,-0.026956786574611466,-0.04395007056119023,-0.02215522705178942
31.685000000000002,-0.011992837799721276,-0.0282644545246298,-0.027055586013180876
31.69,-0.025876757485241778,-0.04653531044630113,-0.01961174258572455
31.695,-0.023926435915056873,-0.05171101521210419,-0.017059980232537655
31.7,-0.03140467526297701,-0.055260667488973236,-0.038369255912149
31.705000000000002,-0.01491163836289746,-0.033297642275729025,-0.03354712465330474
31.71,-0.02568529830433308,-0.028205327802901716,-0.02734448570893186
31.715,-0.016962236399343748,-0.02640349545434953,-0.032429221451648865
31.720000000000002,-0.026003392060763127,-0.032826980592347746,-0.022857948478082434
31.725,-0.027808985706090805,-0.04226223038496492,-0.025298385743537554
31.73,-0.01326488603850247,-0.02996764560672797,-0.0321166400323758
31.735,-0.027264349129864984,-0.05641452238734118,-0.02153340857240906
31.740000000000002,-0.03230632076141854,-0.02721611988118927,-0.040555634614736755
31.745,-0.013280414402873475,-0.04218271099824802,-0.028910500091515738
31.75,-0.027213699617754456,-0.03232368569386019,-0.025992481493011216
31.755,-0.01505670583828249,-0.01434603038063996,-0.01666285379854851
31.76,-0.028130313442852557,-0.02619738198342663,-0.02575890447899757
31.765,-0.021130427697782,-0.02268420968705727,-0.029547876594429947
31.77,-0.0316005243549914,-0.03007675184065238,-0.027730832071504743
31.775000000000002,-0.013879858675046909,-0.035473052224354464,-0.018338056926912268
31.78,-0.029009780343029937,-0.011096539254545276,-0.029192731349115642
31.785,-0.015874233015827174,-0.011650057444592432,-0.041256855193046366
31.79,-0.022553206218512326,-0.041908817810465834,-0.02016432826020819
31.795,-0.023496530398897954,-0.0292103049683517,-0.026511686510024085
31.8,-0.02995673183354681,-0.026324791638932244,-0.025817741643024056
31.805,-0.010848690487415697,-0.037986882755531304,-0.025580107926935776
31.810000000000002,-0.029877174430386257,-0.03809859229778053,-0.03262954642511058
31.815,-0.018883198514350736,-0.032704699133865235,-0.029895168672148288
31.82,-0.02718429505148377,-0.039157773719999685,-0.027016769073826098
31.825,-0.04636425529499326,-0.03238063969760753,-0.023118356929905656
31.830000000000002,-0.030830854631537095,-0.03355422679248143,-0.019390069774281767
31.835,-0.03916372078420839,-0.02555691093475583,-0.02922283261175502
31.84,-0.03632368901684284,-0.060275496218625206,-0.036826180441184415
31.845000000000002,-0.03135307078694687,-0.036818383270528506,-0.04860448817647753
31.85,-0.04378765817542825,-0.016367116054534964,-0.035777043452664234
31.855,-0.04889418487775353,-0.02776221196301333,-0.02776259794813862
31.86,-0.02038584157400197,-0.05391551276182804,-0.02743254445842335
31.865000000000002,-0.03243730660718751,-0.04271885739254296,-0.027003380645252047
31.87,-0.031977902233455285,-0.041932425443895756,-0.03640598308762118
31.875,-0.02706962701992083,-0.027543436808213008,-0.013683862176815097
31.88,-0.05304361852706421,-0.017890620416621334,-0.03866031043076926
31.885,-0.02706683215800012,-0.043602976807267116,-0.01937084843418598
31.89,-0.027376173814702816,-0.04673053148334659,-0.032574090831408345
31.895,-0.03830925587222517,-0.03801350490378549,-0.02010118927620893
31.900000000000002,-0.041596634300713795,-0.02470513261117042,-0.031240533780549088
31.905,-0.02705614711912953,-0.051679759005480504,-0.031269175396408534
31.91,-0.05713202504128335,-0.06951398461530345,-0.025494555605184214
31.915,-0.024722088436420125,-0.047608090281943884,-0.04189501754099707
31.92,-0.03814481209272921,-0.0411284401515069,-0.04378168398636409
31.925,-0.04312145503543006,-0.05116903040315394,-0.04811384953582801
31.93,-0.030855585698558365,-0.04597198151055695,-0.03896370204535305
31.935000000000002,-0.027381786210062712,-0.04560405712418239,-0.028229681877957095
31.94,-0.028363506612646056,-0.03592001118871921,-0.02763431397655165
31.945,-0.027865883866470553,-0.04618431480904499,-0.03126097647289074
31.95,-0.020678543586422776,-0.04961395641203045,-0.037360324971170186
31.955000000000002,-0.03944000148559612,-0.049697488400094275,-0.03541911856849371
31.96,-0.02176563985550011,-0.045952518546313464,-0.031316869500704246
31.965,-0.019689063724886952,-0.0358426234707549,-0.042240157536045576
31.970000000000002,-0.036342191057764615,-0.028770793563396898,-0.031288921966757026
31.975,-0.017980671139573537,-0.02074515759073299,-0.040281035087948724
31.98,-0.035775931143707265,-0.03150935503637976,-0.030925466607097905
31.985,-0.026838782705751317,-0.016271128770117594,-0.04008853997363953
31.990000000000002,-0.023553115790856748,-0.042050284866787746,-0.04429222669323182
31.995,-0.0241026558536275,-0.01569694197614834,-0.0383280965195438
32.0,-0.02781202039528836,-0.045619254321587484,-0.026772897032694067
32.005,-0.028955554868720017,-0.05265278102131823,-0.043680331638025954
32.01,-0.03125552764476436,-0.02693089229873142,-0.04951055724828866
32.015,-0.03803818036986314,-0.025176240947895515,-0.04240242425699598
32.02,-0.014739292477655826,-0.04001340406188983,-0.055541342509848865
32.025,-0.033753789080971444,-0.03162764614501935,-0.04102252068183461
32.03,-0.05180187704687231,-0.022711114812332678,-0.02581278663410467
32.035000000000004,-0.03181338419044454,-0.04606254905527632,-0.03548736601202836
32.04,-0.038195610595120374,-0.022857878634696772,-0.060744827172247134
32.045,-0.012502525827330368,-0.041042065075739,-0.03232437227791893
32.05,-0.02641294495798507,-0.04953818241683356,-0.02921068466668676
32.055,-0.019067323477067827,-0.03722218165753914,-0.0392664297026237
32.06,-0.028709935402415808,-0.02426532073636206,-0.04392419098544896
32.065,-0.024838790673108326,-0.0418812229174224,-0.037704867960287325
32.07,-0.034312842315410236,-0.04238178471580478,-0.04029222675061739
32.075,-0.019120554549820354,-0.032271738322473216,-0.03688124033445819
32.08,-0.017457663119275595,-0.035692064347315526,-0.04377752025124915
32.085,-0.03801750256725042,-0.042951667534357627,-0.04565038387558895
32.09,-0.04055617127002205,-0.04342570261765264,-0.03260914833833929
32.095,-0.03760731734435267,-0.027774292660388146,-0.036818381174237864
32.1,-0.035837566270093976,-0.04221521061378867,-0.029987040873777723
32.105000000000004,-0.04835862840921147,-0.03654994784017416,-0.05181977051159606
32.11,-0.025668804454183326,-0.02849760603412066,-0.03191960157426374
32.115,-0.04085272441432585,-0.03710124304840645,-0.048566588544864064
32.12,-0.0347910085918091,-0.039244109965098396,-0.038027174979520295
32.125,-0.04896174511747334,-0.05560788254468857,-0.04848758090476441
32.13,-0.029586295470568718,-0.024525724437070247,-0.03428683572113564
32.135,-0.019888583715333287,-0.03117823989873387,-0.047749407443937505
32.14,-0.021387287105055358,-0.027735605475456074,-0.04247842170453655
32.145,-0.03989734520788757,-0.04318045204555876,-0.050170715190329736
32.15,-0.036159458518018515,-0.055502211432635826,-0.0410035548523526
32.155,-0.03570890316962663,-0.03066839128426151,-0.052624248948121066
32.160000000000004,-0.0306731573910991,-0.03879498844318017,-0.01504218298601761
32.165,-0.032986801524229406,-0.04860327464758395,-0.03845721058853923
32.17,-0.016606243031072068,-0.027415717017734653,-0.02189277760763437
32.175,-0.009526643404822392,-0.022043820446099677,-0.03970046634039509
32.18,-0.023168136330181145,-0.041131313476869,-0.03242260889836945
32.185,-0.03601216334737162,-0.054490608288582286,-0.03268801188880139
32.19,-0.00885942812113781,-0.0338357744350965,-0.03899714854868494
32.195,-0.02095129389594727,-0.046608840092289126,-0.03146418784099752
32.2,-0.015575452545759275,-0.03965505332146382,-0.031155964205308587
32.205,-0.022988406618311814,-0.04119294614019128,-0.03357623378797403
32.21,-0.02379584068999723,-0.04580963544663711,-0.01838024390699805
32.215,-0.017644495700776523,-0.029625752696477197,-0.038700201526913475
32.22,-0.03056469559030055,-0.048642577377393394,-0.02744043861052523
32.225,-0.021900887049739717,-0.03729570646105783,-0.03483764738540074
32.230000000000004,-0.02601419255799383,-0.04617538573198346,-0.02444604254153476
32.235,-0.024630362071010114,-0.03071712054617933,-0.03172512549075042
32.24,-0.02449214319373169,-0.026105670226621584,-0.01755830695210461
32.245,-0.049677433991080475,-0.017974913767513437,-0.03942410121709448
32.25,-0.034517298284554326,-0.043003479836600696,-0.05005937950709488
32.255,-0.03805002729714899,-0.02571246523535215,-0.04848297317682575
32.26,-0.02540869122967555,-0.05078808997150427,-0.03292202949928085
32.265,-0.04895643201239583,-0.04121562302205802,-0.038819524356526025
32.27,-0.04595040019653814,-0.0569487668056153,-0.0362049871344281
32.275,-0.040751367023682,-0.03142520446373764,-0.03951878348235477
32.28,-0.038021331091455744,-0.023537831211382622,-0.028375760424165314
32.285000000000004,-0.03419290598826422,-0.031548024613049896,-0.029344157324336706
32.29,-0.022796784819211553,-0.03176570795098243,-0.04022845803623229
32.295,-0.03542854109393605,-0.03048768580550786,-0.03879412977212482
32.3,-0.034016772444674395,-0.027167018691437637,-0.013469516083443846
32.305,-0.027195774842224015,-0.039191454801687696,-0.013217095166286231
32.31,-0.032529025832027526,-0.023114160641545378,-0.011432229663850539
32.315,-0.035184497838962214,-0.025712398479122694,-0.022269647152403774
32.32,-0.027295809750787537,-0.025917966140572773,-0.028894106121245863
32.325,-0.025328101963647914,-0.03894122518591052,-0.009676974686642748
32.33,-0.024789811828731537,-0.03743630753773471,-0.016915938246104736
32.335,-0.028130288178161225,-0.007098527789118709,-0.0269177134195375
32.34,-0.023486155508526483,-0.029650287963391392,-0.019298396003760335
32.345,-0.05209376227274599,-0.026745599478432015,-0.03241929000189853
32.35,-0.021498621843770004,-0.029771298430680923,-0.013030110682338211
32.355000000000004,-0.03347322066472988,-0.023940276645375742,-0.01957304139073032
32.36,-0.03389914162262002,-0.027766672577386704,-0.004623179474067123
32.365,-0.02325257598881611,-0.01884136424179288,-0.033936861276705865
32.37,-0.013799653636415003,-0.02088800446700851,-0.0025106412892647893
32.375,-0.023281618196158815,-0.03006005692699918,-0.011922200888620949
32.38,-0.023432912451848826,-0.03029922111940487,-0.015155060824872668
32.385,-0.024519122228821664,-0.028820167078506074,-0.02199591921850401
32.39,-0.025928760419722613,-0.05209281092646803,-0.005545957335316083
32.395,-0.011401046075576612,-0.030511885092008702,-0.01857237357466763
32.4,-0.031916733417041904,-0.026260115778292542,-0.0182233894546351
32.405,-0.010691419682136386,-0.047328779642239624,-0.015580587933069932
32.410000000000004,-0.018244264211175067,-0.02701143519618587,-0.024945772979854133
32.415,-0.029462713740551292,-0.020559804323964533,-0.017696484329727803
32.42,-0.03309253603151931,-0.026567450394137895,-0.028546235574268372
32.425,-0.029096884587996908,-0.03028039989599775,-0.020631888630731753
32.43,-0.031398393907141095,-0.041060305120102836,-0.014796355030426589
32.435,-0.01739941822033554,-0.04095938269760238,-0.02358192136362166
32.44,-0.05128715541449955,-0.027749347056310377,-0.014009573777925187
32.445,-0.019865264064042466,-0.04588416837405372,-0.005606401970798742
32.45,-0.02782309125514562,-0.04070910610687808,0.0006602068041795788
32.455,-0.025017760415171987,-0.038294119506974554,-0.0063740693001955555
32.46,-0.027116232970774277,-0.03245950203264669,-0.010703874701100896
32.465,-0.030572532112638325,-0.03096740971324758,-0.013539952380119109
32.47,-0.039500580808014454,-0.02379388316890608,-0.007889247586719723
32.475,-0.037128376815325825,-0.030339270708030816,-0.0208984050409417
32.480000000000004,-0.04060387277600009,-0.031644235074884675,-0.017421215080963594
32.485,-0.012456200187636567,-0.032547031453556016,0.011823981064193159
32.49,-0.022802434655330894,-0.04117975336816898,-0.003596531566777826
32.495,-0.029421277024082027,-0.02563308582071039,-0.020541438802283582
32.5,-0.03336519119983096,-0.04516030505653259,-0.011294900548386376
32.505,-0.025576072769040607,-0.023083682968149666,-0.0306272191991665
32.51,-0.028872815105490477,-0.036787456916348604,-0.0006318220584164182
32.515,-0.03294285419580189,-0.028175164419129838,-0.020821089880154922
32.52,-0.03152384429023879,-0.019795522566156794,-0.02562158286746518
32.525,-0.03815569665826299,-0.034996856506296026,-0.021039605823792818
32.53,-0.03383560642259881,-0.025958317487839874,-0.028608659236389118
32.535000000000004,-0.0397517497444091,-0.025215024360944874,0.006683948572615779
32.54,-0.02229151138731726,-0.0189974448324742,-0.013487763569942732
32.545,-0.023572173427697202,-0.034862542566820746,-0.0181982084132707
32.55,-0.0189229850420278,-0.03888422075199298,-0.015230406818219973
32.555,-0.0388325091952771,-0.03578074690120246,-0.016138382369819078
32.56,-0.036351727313251994,-0.021108449911442624,-0.008691522237585646
32.565,-0.014106974657029307,-0.043945356489222764,-0.01463640408631271
32.57,-0.025764793691991604,-0.015577372384623998,-0.015809054466581235
32.575,-0.03709244326932027,-0.02560792606158019,-0.02007882329255582
32.58,-0.02813634521977346,-0.02857848567610503,-0.023720606004560003
32.585,-0.023247510382178628,-0.042742641293927866,-0.002108583895184939
32.59,-0.02048367538644596,-0.024552200971862614,-0.029956712837946865
32.595,-0.03216799836377728,-0.020537076683982226,-0.012385565904141832
32.6,-0.02390608814461754,-0.009217209251931636,-0.01892369490921384
32.605000000000004,-0.025404561741498,-0.015230904509989771,-0.01720244694952555
32.61,-0.012064583314300596,-0.03762412551895731,-0.02007183497181598
32.615,-0.047984395250595877,-0.03281806500686008,-0.017660058655889016
32.62,-0.011970799750665787,-0.04096272609213209,-0.01039523340251302
32.625,-0.039415658506576044,-0.040649295904641614,-0.02559570976996741
32.63,-0.018407567933795797,-0.027741733180621796,-0.004354207466425137
32.635,-0.029056535210624707,-0.048036219223294985,-0.013770835282146244
32.64,-0.03982777309138528,-0.03369058368449738,-0.02543432066059919
32.645,-0.014796121951360914,-0.02347617727515628,-0.017158754313097074
32.65,-0.016904619623871454,-0.01747884026583337,-0.019080398883938927
32.655,-0.009714262310136265,-0.03682826706764968,-0.009249600048733953
32.660000000000004,-0.01062368594127756,-0.026894447042177718,-0.01928449983755634
32.665,-0.020208742992632554,-0.03382850736976324,-0.015171849486923624
32.67,-0.025260795882097547,-0.03247775932797273,-0.009055675323164916
32.675,-0.006599634406610613,-0.03732364753662614,-0.012771033591948552
32.68,-0.019602863280031257,-0.03176101458169475,-0.002819475170674223
32.685,-0.009976191940593057,-0.025512431258747297,-0.017966706893653747
32.69,-0.01120713759804564,-0.03828443938819491,-0.00824924299746339
32.695,-0.00705449422977426,-0.025544266765683568,-0.009305340032083182
32.7,-0.013550368320506401,-0.02936063867583831,0.003570179312751693
32.705,-0.028297603457242658,-0.025008817646922095,-0.015966814071007356
32.71,-0.015749111828699053,-0.02882885304801447,-0.029001097185977723
32.715,-0.020896533211368744,-0.007488136074488451,-0.010518738323240611
32.72,-0.02667107375075478,-0.01385951308457283,-0.008745956941713944
32.725,-0.0073599179492996256,-0.03978122168189982,-0.04287834993606596
32.730000000000004,-0.02101565322260552,-0.01987512876641676,-0.024318057603145107
32.735,-0.024645280487290915,-0.019985917096921848,-0.012426283637488912
32.74,0.0014114090968454021,-0.00242820261689867,-0.02512308708474342
32.745,-0.020082547558651815,-0.021052692814415568,-0.022633871676551766
32.75,-0.02935025117307936,-0.041955150582985185,-0.021871222539733105
32.755,-0.029621487714736182,-0.03639384272792579,-0.0054934293709614605
32.76,-0.04171537530921816,-0.03357169194059936,-0.023815169018663845
32.765,-0.03992858131007286,-0.03998820882454935,-0.02041047379796931
32.77,-0.014595899370703064,-0.029024732541783033,-0.010053422053312567
32.775,-0.022284643775924498,-0.022930990210949867,0.004483865304273795
32.78,-0.015988312895552338,-0.013516708342223079,-0.01840940199529181
32.785000000000004,-0.01694106540562643,-0.025073566191657293,-0.025214741035844306
32.79,-0.03842000625326363,-0.030898887617686457,-0.019948671663206723
32.795,-0.03316828941919041,-0.019843979301294223,-0.022911817612603937
32.8,-0.02830694336557745,-0.011716175418072596,-0.015060204642708314
32.805,-0.02804023726959102,-0.015792624680845246,-0.027993822881420632
32.81,-0.016162536013618122,-0.028009116636239267,-0.04150685876856504
32.815,-0.03779075422510018,-0.01838064947063855,-0.012796381762658614
32.82,-0.03639212429665856,-0.026553721186372874,-0.03863236461059871
32.825,-0.017922784341800342,-0.014381913502186764,-0.03638371385697035
32.83,-0.016089444481317938,-0.021918754507835647,-0.013076710336612351
32.835,-0.03081759688097468,-0.0408584845330123,-0.027478765863701456
32.84,-0.03700241194328251,-0.020609975090258553,-0.016316073026396635
32.845,-0.009194843200467637,-0.05040301113117261,-0.02033377996585721
32.85,-0.028937434379065406,-0.036555164112628456,-0.017860803184684634
32.855000000000004,-0.016654361737528333,-0.04491787794578722,-0.03405399319756501
32.86,-0.009855125166884093,-0.01683352895773008,-0.03440147213742626
32.865,-0.015111687332616357,-0.027204174877173103,-0.019938149322578345
32.87,-0.004909060375065673,-0.02517963717742412,-0.022104248128297102
32.875,-0.016128348299480105,-0.04214173176287224,-0.047633950232564726
32.88,-0.016073065070477788,-0.024561617497532252,-0.034879064318297424
32.885,-0.0239113296277989,-0.025951682135754515,-0.011944457389206922
32.89,-0.025066938651895708,-0.04003444555276747,-0.02890956788989573
32.895,-0.019782730932723844,-0.028110783340899934,-0.024965491471367892
32.9,-0.007049621667225697,-0.04378536013914834,-0.027917527033012157
32.905,-0.04239958823228355,-0.027628630278857258,-0.04124234127463299
32.910000000000004,-0.02215433342358362,-0.042861309855442946,-0.0059814850440066385
32.915,-0.027280773655189147,-0.04260354626584799,-0.0232289105640146
32.92,-0.01972897065665049,-0.02372020484321453,-0.0333794044030857
32.925,-0.020117945857639923,-0.026774929201461215,-0.037299563098162285
32.93,-0.012895494663952085,-0.022267102751185854,-0.019777367629268294
32.935,-0.026474312773707726,-0.022563728264793255,-0.04947626953744008
32.94,-0.03613964051467241,-0.04292348984456133,-0.034503863785656785
32.945,-0.020115240799296774,-0.04062015166065545,-0.03224745557489811
32.95,-0.040516190159985324,-0.031326447617647836,-0.008231796623090381
32.955,-0.025740641033992682,-0.033195552018822495,-0.012689764041294275
32.96,-0.024666366556286665,-0.019499564052354423,-0.041146178164788674
32.965,-0.022757764482274647,-0.01833848177050669,-0.0223515684411364
32.97,-0.020480221602736888,-0.013766618227062627,-0.03014327946584402
32.975,-0.024986785069996208,-0.03219269649993502,-0.03979439058403691
32.980000000000004,-0.03886962313236043,-0.029900140894200806,-0.0355955797751381
32.985,-0.0190465188584155,-0.031770527533993544,-0.028447614497053353
32.99,-0.02373319448494559,-0.039852765942307085,-0.023894540217530562
32.995,-0.04738831841465957,-0.02420341573567986,-0.006999959045646909
33.0,-0.02496910731448795,-0.023960191755687213,-0.03391646567012372
33.005,-0.025994718887711016,-0.012092232169223378,-0.04469367249347846
33.01,-0.03550998218173997,-0.027962573652312903,-0.02693380999236316
33.015,-0.03685256788206753,-0.03038812189787122,-0.018091408052575256
33.02,-0.026803968811949935,-0.0223112247239804,-0.032362249324175356
33.025,-0.014230874503039292,-0.062094919895238014,-0.024881022128831972
33.03,-0.028773741344738486,-0.01796615442086423,-0.02224182475762173
33.035000000000004,-0.02940777849802722,-0.023236322303305232,-0.03313107265103429
33.04,-0.016730814872707254,-0.018344126444400935,-0.010305252853650412
33.045,-0.01126276103666626,-0.03028025372967556,-0.014659821916763597
33.05,-0.03974141211347618,-0.0236391591110971,-0.029202343689682
33.055,-0.03929360739338207,-0.03094223749974049,-0.020641634932280186
33.06,-0.04088657594764139,-0.04158853369028568,-0.02328119568403274
33.065,-0.03853551289807784,-0.025145132307588317,-0.03346856867376255
33.07,-0.015153876051430894,-0.037523451483497845,-0.02343682962162139
33.075,-0.018180319258445803,-0.016682959462081818,-0.012128847176906451
33.08,-0.01685035136154851,-0.014782859816727927,-0.018335136210052935
33.085,-0.039769981133257526,-0.021614297162678205,-0.027283338517339082
33.09,-0.036586429694446546,-0.043975749717011375,-0.03705336894026731
33.095,-0.034235741591873786,-0.0222656835594442,-0.0269189793801116
33.1,-0.04208233351039212,-0.05134133110560633,-0.03504947438092836
33.105000000000004,-0.014932190733932895,-0.030375553443508778,-0.0383489027213889
33.11,-0.02989468195932517,-0.025174722652872013,-0.0370085614059524
33.115,-0.03456832260385166,-0.025199733963040254,-0.03671868774167933
33.12,-0.02417303017459844,-0.023854380367517913,-0.011905056769231932
33.125,-0.030527863158827107,-0.02360586740651126,-0.031892079727439036
33.13,-0.029896067431909305,-0.04223678321714298,-0.030534669918936035
33.135,-0.028421901331938226,-0.023263300542826482,-0.012263290919868816
33.14,-0.02650231891961515,-0.0405985011792324,-0.024678072954881194
33.145,-0.025183374437811885,-0.03668509377089865,-0.016457674427816534
33.15,-0.03744263045647772,-0.04961113430914867,-0.006538170853607432
33.155,-0.03983605215517567,-0.05292351537351455,-0.04967519475009308
33.160000000000004,-0.04661706502589763,-0.03375635981008834,-0.04430649613936387
33.165,-0.04155170187450343,-0.0555303405665466,-0.03310383137821549
33.17,-0.047867726961921916,-0.04833940837864863,-0.043136961709356735
33.175,-0.03780128014133982,-0.044898125653164346,-0.041099970812750054
33.18,-0.03920774977542981,-0.05267188185846659,-0.042125288804938266
33.185,-0.03381590023413443,-0.032331528928214864,-0.046795559003916985
33.19,-0.018318821611284213,-0.024202466957239,-0.02546125836830004
33.195,-0.03172883339673553,-0.03620569616482948,-0.028520970999722152
33.2,-0.02784241714345391,-0.04688448249052317,-0.018674491708330843
33.205,-0.029258768712436996,-0.04859798350425703,-0.05857765826143501
33.21,-0.02444617656607045,-0.04995440190268097,-0.06521305127944395
33.215,-0.02386925301652517,-0.028116688117981143,-0.02920045297407902
33.22,-0.04332542656999437,-0.02830506592556948,-0.026042842210302758
33.225,-0.027527477496665148,-0.044072637508607196,-0.02529033381327999
33.230000000000004,-0.03909659400429902,-0.037845779507900246,-0.05956835295550512
33.235,-0.020982670601999355,-0.027390131344394525,-0.04083927487625706
33.24,-0.03405311292910532,-0.04256853607745453,-0.02588218619427428
33.245,-0.027963940079337883,-0.02728794910236213,-0.022004066722524578
33.25,-0.02844542214174497,-0.024650840018719804,-0.026459479322912455
33.255,-0.044455506374516146,-0.02230819747908353,-0.01507572560314089
33.26,-0.010092024223141614,-0.031274941224942024,-0.02863023605515231
33.265,-0.04688793865447556,-0.023483984533810846,0.0015587375916256106
33.27,-0.027390980086108605,-0.03531068635055665,-0.03450705183605457
33.275,-0.03068577693262306,-0.0482651533538926,-0.03264595946041884
33.28,-0.009757319293804884,-0.04034401141584938,-0.04423241394200316
33.285000000000004,-0.0377993301626072,-0.02936402107880834,-0.04254054838713779
33.29,-0.029624234601758507,-0.03865276949387171,-0.01114636795576079
33.295,-0.02704220144406119,-0.04297322143088335,-0.04476468032548907
33.3,-0.04457647042021465,-0.01798940353744035,-0.02409729885238024
33.305,-0.03266494503843073,-0.036826149232860914,-0.02816871886075927
33.31,-0.045938236934747474,-0.042690341132645734,-0.03903105706407761
33.315,-0.043723716936089715,-0.03122345623080842,-0.026930086012664688
33.32,-0.05491912969335995,-0.02889044474639763,-0.03530050923224054
33.325,-0.06645236526065672,-0.02463428655353671,-0.01551985095362125
33.33,-0.03270720767591207,-0.037633343727008974,-0.02992650681940772
33.335,-0.052902998685083455,-0.03706840796478046,-0.03622401318546762
33.34,-0.029864842299502176,-0.023011513242709638,-0.012465716972808176
33.345,-0.01800980856784886,-0.04625069842220364,-0.016512873253881694
33.35,-0.04341493435617868,-0.044232679591188644,-0.020329870953689884
33.355000000000004,-0.024271003587275044,-0.057612596834774155,-0.03980469480899163
33.36,-0.05104974473301533,-0.040667250788961856,-0.024911322710908013
33.365,-0.042478148683349176,-0.03988756678972077,-0.017053898851959196
33.37,-0.026255153461232677,-0.03192458448200522,-0.03433884244238063
33.375,-0.04172341799009707,-0.0355607652631965,-0.030255128438376792
33.38,-0.03019761978392262,-0.04612618374810025,-0.022017090303421083
33.385,-0.04085061690789986,-0.04952729399497122,-0.029134979821707617
33.39,-0.019068365876163167,-0.05614124460956497,-0.023456028874456112
33.395,-0.02641394057093233,-0.053931032750148156,-0.04457424787935945
33.4,-0.046721282849850845,-0.019983700777623646,-0.028618693889672277
33.405,-0.034237131350922836,-0.03237435660023587,-0.030272442958430953
33.410000000000004,-0.025855049688701823,-0.03694722708394659,-0.024156705981109784
33.415,-0.041307365049111734,-0.03525961122719932,-0.02832567608720537
33.42,-0.0493544111826311,-0.04601187879990658,-0.03983940528815543
33.425,-0.03460346596820484,-0.059424294385591436,-0.029982279077252066
33.43,-0.03658185284051575,-0.030831352007377005,-0.025357960429834167
33.435,-0.034473838694457734,-0.04883836310376597,-0.02166148777749107
33.44,-0.05079485203073914,-0.006873865416297052,-0.029811503681105658
33.445,-0.0685907383551972,-0.036599320260226775,-0.04070067463774595
33.45,-0.07124668080534616,-0.054125563815847946,-0.029841787224858987
33.455,-0.0400364574268665,-0.03796142166505487,-0.02392665441191145
33.46,-0.040068546042862446,-0.041335587019909296,-0.04217665186430017
33.465,-0.05374722685232263,-0.0340934979335655,-0.05350304004750491
33.47,-0.05277379798335057,-0.03543917674278344,-0.021482529632516525
33.475,-0.041401326445161896,-0.0324850562038535,-0.0047631113046344275
33.480000000000004,-0.03625342669320742,-0.030702468546998853,-0.035809794879641206
33.485,-0.050548218048780354,-0.03988286060688701,-0.041280461733853684
33.49,-0.03372689250734435,-0.022416049510710582,-0.0513357026897637
33.495,-0.05099320174498235,-0.0194433575218759,-0.027962687396802202
33.5,-0.03387204691262876,-0.04931104547105164,-0.02761219106772257
33.505,-0.022999334792410453,-0.058576213428955234,-0.03655067579775171
33.51,-0.043354711458489896,-0.057176298410214633,-0.026843250389817754
33.515,-0.0385738237974287,-0.03905107107073512,-0.03272470711206783
33.52,0.011012909344927553,-0.030703279376491952,-0.033611285763275066
33.525,-0.018529372811767624,-0.030120674879649957,-0.0483625498527219
33.53,-0.050413092491315425,-0.02909930400483299,-0.022764284565411935
33.535000000000004,-0.02538969794767794,-0.033940503327983734,-0.03088375280012066
33.54,-0.03589365349913713,-0.034449685664543296,-0.012833210812031332
33.545,-0.024541034137333526,-0.030584564954117047,-0.02929946120604398
33.55,-0.04205893207015346,-0.031898141485746725,-0.03728280994895164
33.555,-0.04433502582401153,-0.018216452737022517,-0.037099809557730706
33.56,-0.03543652224052017,-0.05053555613365799,-0.03622608415522111
33.565,-0.033841551666821415,-0.031439908769873265,-0.04620325043902876
33.57,-0.04579000556786712,-0.02652528591410984,-0.032047496083183774
33.575,-0.03995129331459216,-0.019513530416023345,-0.0159195087800438
33.58,-0.02846327293818962,-0.02071520835060819,-0.04113679659659128
33.585,-0.060023922199050256,-0.03541550206752511,-0.04425160800826476
33.59,-0.051207487719369026,-0.019746326335839087,-0.03205028645947587
33.595,-0.052025730758298624,-0.023054543485299086,-0.050513097143590736
33.6,-0.03913027455072102,-0.019256731403519616,-0.028946281752835715
33.605000000000004,-0.021769199844546533,-0.02163783613814884,-0.03899819946159305
33.61,-0.03597718750611529,-0.03302147973062945,-0.03297996874468921
33.615,-0.02452131513642533,-0.025055101728384616,-0.030415239749937126
33.62,-0.028770438636162316,-0.016288013377325553,-0.047444121088271465
33.625,-0.03462334116089996,-0.02386558767680559,-0.03218061342887467
33.63,-0.02136868850947587,-0.01904606768804966,-0.038124107458654334
33.635,-0.03297263646212007,-0.014801725374298434,-0.016364447452017282
33.64,-0.015528090433864085,-0.01889839471120876,-0.026857108892384997
33.645,-0.043694820691213325,-0.027121786176771294,-0.020110903602363724
33.65,-0.01284168575791628,-0.026056552261820666,-0.03368138783975197
33.655,0.003253995757248107,-0.030608645373457505,-0.023752265834618452
33.660000000000004,-0.0344338674629336,-0.022527098284408006,-0.01483941112702327
33.665,-0.019037277098805504,0.0032084622910482294,-0.026266705789152793
33.67,-0.020484951452973448,-0.012146794217878837,-0.01629581016383607
33.675,-0.0009373826830683038,-0.019702723574589024,-0.026066524881323494
33.68,-0.017737764127527568,-0.015683529009756843,-0.001518307146613807
33.685,-0.03476976179539715,0.00635295376844771,-0.043613541368352174
33.69,-0.022423918730316017,-0.014292281244381592,-0.010114425886814786
33.695,-0.037068510647168755,-0.018799836994615557,-0.013204201674220846
33.7,-0.026878092482209404,-0.008284639947595977,-0.014336754216097057
33.705,-0.029136735324467294,-0.012771152680045908,-0.019342202469013962
33.71,-0.026019210092152547,0.0010654901031477391,-0.033594450568652026
33.715,-0.01890610913032627,-0.02099909203328343,-0.014482338697220157
33.72,-0.04429514536650468,0.0034230910700854197,-0.024713412675141638
33.725,-0.035031777841476694,-0.014835096162451681,-0.012164607646308459
33.730000000000004,-0.00743137054576478,-0.034986366264572605,-0.017538857650353283
33.735,-0.022217529553076452,-0.0201268641862381,-0.03145288077279935
33.74,-0.02235538293150509,-0.013671435045683635,-0.020788525849503532
33.745,-0.0262054749148743,-0.02392634926709007,-0.01776370741020198
33.75,-0.025738566565999557,-0.01722287207141558,-0.01581906831896322
33.755,-0.019852546030561465,-0.014506356921318301,-0.0023122536358829186
33.76,-0.011266294275369168,-0.024198054822741254,-0.027716596661566853
33.765,-0.020314215151752357,-0.002944593096440039,-0.014840875638720597
33.77,-0.003569894254985752,-0.0302478541471523,-0.01229425086295066
33.775,-0.02339282315364272,-0.015707956103889937,-0.005622813826362225
33.78,-0.026478483986375482,-0.017624736273331883,-0.023726051767049144
33.785000000000004,-0.019884945216141953,-0.011206517233376453,-0.034467653226749446
33.79,-0.032896565080567305,-0.033566773726423256,-0.015697553839245634
33.795,-0.00011447952377843795,-0.013387991731797404,-0.009268363350654677
33.8,-0.016427622153863917,-0.006954872151245479,-0.017707916322001235
33.805,-0.018370129439612023,-0.02527162121995407,-0.02838862189195384
33.81,-0.013253165441666305,-0.033678521702515785,-0.02285102065667781
33.815,-0.018810825795449626,-0.024955982633339827,-0.02007654198402798
33.82,-0.02071056351529025,-0.01509518510800427,-0.013956807525068348
33.825,-0.002585282998026503,-0.01796934799530695,0.0004320332496598172
33.83,-0.008114102284871312,-0.008027450821424342,-0.0041914077482672375
33.835,-0.01283454742424834,-0.014368415837288248,-0.013711951238694895
33.84,0.00024001724906158595,-0.002739169847893696,-0.009887560008534501
33.845,-0.008566342181565025,-0.03129253143207091,-0.011741071186787596
33.85,-0.0067170238250331,-0.029215774854595967,-0.021924040961885896
33.855000000000004,-0.004448179180572581,-0.02903957328985299,-0.022831270554214092
33.86,-0.015287640609696215,0.005572233887471363,-0.007676080529846497
33.865,-0.01590724545922482,-0.028996624961202432,-0.014964993662792405
33.87,-0.005424734182471316,-0.0028049019699908015,-0.011676409695368806
33.875,-0.015249270221560071,-0.018871969006914666,-0.027569924632443475
33.88,-0.013344758232225737,0.011342374635292883,-0.015453386759569008
33.885,-0.024720788058736894,-0.016962020908422498,-0.02808888950301377
33.89,-0.0011839767055717224,-0.011487893377146405,-0.03273718781692355
33.895,0.00037279557930855467,-0.008672048261589446,-0.0451124410873036
33.9,0.001413768815971904,0.003169893095342718,-0.023164380311205678
33.905,-0.01133293057524562,-0.007293637468939264,-0.021440403732533607
33.910000000000004,-0.00777486041685526,0.00013884064618501293,-0.015181941556992953
33.915,-0.008748794956529395,-0.00015260897988634593,-0.03558702015744838
33.92,0.006789896184241119,-4.506298808826768e-05,-0.021948110605217407
33.925,0.007214406994699649,-0.006679823713660694,-0.02330042144545122
33.93,0.007883563145149458,0.001574473332429981,-0.03531730941982175
33.935,-0.0163114830741785,0.005763756765032317,-0.021289154200960017
33.94,0.008016608473342832,-0.00598418989605295,-0.022167866742638976
33.945,-0.005132054550110031,-0.007440793632403854,-0.009722179921573272
33.95,0.017827563884242573,0.005272216010506443,-0.017302606935206126
33.955,0.0026119928193400754,-0.0031481024837607882,-0.009766920427503585
33.96,-0.01485464777770655,0.009877956236309009,-0.01715737927604974
33.965,-0.0030740476137874617,-0.0044352561659944355,-0.003238036613827943
33.97,-0.0049886095181237294,-0.01848407427486383,-0.00846111464631568
33.975,-0.016374753119652613,-0.02169150391475396,-0.029806906804739394
33.980000000000004,-0.006598604000575305,0.005917255544650769,-0.022067719971464284
33.985,0.0011149646754016543,-0.01443514904508601,-0.017684003517674362
33.99,0.011798175704933765,0.002912128992852484,-0.012548523956703245
33.995,-0.02195202589758511,-0.015786462423363515,0.0037974876260548716
34.0,-0.0007339937737277091,-0.0055940165735297274,-0.02524331396765987
34.005,-0.007385407603883683,0.008472045089088621,-0.010720945567301975
34.01,-0.004923323130238397,-0.0013628925336203242,-0.01781639078699068
34.015,0.018789942383012417,0.01312243946391428,-0.008933218917122555
34.02,-0.00400951538937299,0.0103956387589899,-0.034066407281474934
34.025,-0.012486799491682694,-0.002498786804869717,-0.02087607780794077
34.03,0.018789404575335754,-0.027146115931395633,-0.030985167174715514
34.035000000000004,-0.010163948276629371,0.010915100723142314,-0.0038875505494405382
34.04,-0.0033846597369222436,0.014177854636129191,-0.028694255368753564
34.045,0.004363396202715877,0.018808846773532804,-0.021151571723643375
34.05,-0.005493108108288541,0.0013959202468804693,0.0023310390301093907
34.055,-0.015318539330517612,0.006739129114372737,-0.005336842289200465
34.06,0.0019117448907771534,0.004119519602356066,-0.011272882961857106
34.065,0.009903696246131473,-0.010401572683529548,-0.020112251880753468
34.07,0.005786515087274131,-0.013288609005240915,0.00041124727195634633
34.075,0.0008259096496409865,0.013069374950583475,-0.02618641964633892
34.08,0.005814696555658173,0.0055148445701880665,-0.019607009732455036
34.085,0.015468670949665801,-0.010810679277132052,-0.019756295114072186
34.09,0.04445394200702961,0.013330809873026313,-0.009435183533220008
34.095,-0.010219552142944129,0.016922520489544547,-0.020946615535351123
34.1,0.006278551833252273,0.010838306979642614,-0.020453575182970286
34.105000000000004,0.02697514634441818,0.01277535137216998,-0.0053464314231729485
34.11,0.015863957318015362,0.03651373502121235,-0.018190895586349728
34.115,0.007390792012125183,0.020712169326036693,-0.0010994697347207118
34.12,0.00947439876185107,-0.00414136498485277,-0.0019240872047684501
34.125,0.01725823353379804,0.011609939972901159,-0.009686418166771911
34.13,0.004169780783963219,0.008401939719374578,-0.016061429703312344
34.135,0.01167381455396474,0.022044529246464998,-0.012167463976572698
34.14,0.010882563027427863,0.016203610402349865,-0.010587746628051065
34.145,0.026429765440240435,0.03343270168924033,0.010736976427145958
34.15,0.012309901848477488,0.018676115831472294,-0.0065685375783856356
34.155,0.017740366291153373,0.02587653364247256,-0.015463390881074995
34.160000000000004,0.005957806629364522,0.02563004982320627,-0.015744586237891278
34.165,0.028420130288614252,0.01953363749175217,-0.00961214016969444
34.17,0.02786367923070629,0.01568300655710555,-0.00383167861403042
34.175000000000004,0.019340432104725344,0.01896660313104462,0.002481523260386722
34.18,0.03234358013773274,0.021273750581446874,-0.0054701353554975456
34.185,0.0263646662511806,0.02791775946118092,-0.01076439736059769
34.19,0.017621405995231904,0.033002037284326866,-0.01549300949942391
34.195,0.013851800548353783,0.037755250978952264,-0.00646166336624213
34.2,0.02262550386877337,0.019971106670212443,-0.0062574375928314465
34.205,0.028731848962955886,0.02601521699748967,0.018086913626607616
34.21,0.014271963936578265,0.012423726125768591,-0.02451610124363604
34.215,0.006939504088453355,0.027779669628938172,0.011373971623147426
34.22,0.0030255345300121764,0.039281352527828876,0.018322328249879234
34.225,0.0131709155301169,0.021890369567162293,-0.00851800599925336
34.230000000000004,0.03595732850235142,0.022957767628858428,-0.0017486172833393217
34.235,0.0162157830871379,0.026553332136479188,0.00787765833682316
34.24,0.022193785938272086,0.04023226766314242,-0.0077395236984418685
34.245,-6.743754775829364e-05,0.04703739315185216,-0.005853891527904401
34.25,0.02197260250648165,0.022878313457853346,-0.005557472225505185
34.255,0.011015242719433889,0.01330725917232708,0.007220149275465854
34.26,0.018952826947553708,0.026503102123593407,0.02252564930080421
34.265,0.012519079137211911,0.04172399694098284,-0.00038672085093384087
34.27,0.036222034079423746,0.028952992023913993,0.02779924169454693
34.275,0.019589124740255932,0.02391580210814472,0.005327742517299004
34.28,0.027385571571049455,0.0054971239043621455,-0.0032244525979889015
34.285000000000004,0.019181430499305895,0.015687198280372665,-0.015035337986025316
34.29,0.017245345057620633,0.029644091841881142,0.008896338587175166
34.295,0.00470012590858087,0.028313646200099154,-0.003443031996490241
34.300000000000004,0.017136776022239918,0.024684581798130073,0.0002639820484868823
34.305,0.0044544351650812955,0.01786486019939395,0.014266907795648874
34.31,0.016006026486400968,0.017365048470607124,-0.003266805758538228
34.315,0.006777908964228037,0.03158965593436875,0.0047823973522309665
34.32,0.00915155485897453,0.016747043074021355,-0.007814120736153741
34.325,0.02969448371719302,0.03139770048377169,0.009770920380908273
34.33,0.018223155529207544,0.014397463930446901,0.0011069044086835494
34.335,0.02434637710609383,0.02823250163763568,0.01924755589618043
34.34,0.01433478013204955,0.015243732129385826,0.009790390257772903
34.345,0.025793302870367074,0.03628371379007519,0.009027693020159905
34.35,-0.00010065275418111308,0.011045236435706124,-0.0032859251099719338
34.355000000000004,0.010202761581857338,0.022420639174138824,0.008168816342640103
34.36,0.026734461480796036,0.02923702697103955,0.0005023639376882825
34.365,0.009559905712431378,0.03407468481076283,0.009119556616347366
34.37,0.005858210513503374,0.02878173837467388,-0.00045822904438462195
34.375,0.012543452875487096,0.03198236366465255,-0.007306993077760197
34.38,0.026575899878752578,0.031074326116902112,-0.0030150531298306143
34.385,0.03640959338781674,0.00980458481817593,-0.003844356907433525
34.39,0.026461044480152233,0.033789668504290445,0.004570279472133206
34.395,0.008354523408616941,0.014507447986915653,-0.00897224834957505
34.4,0.002726071175240617,0.02406075041213251,0.006467785702277334
34.405,0.02642854139803616,0.020768115424613678,0.0007792923873525077
34.410000000000004,0.020989789789897455,0.01773224645522185,0.010275409698329133
34.415,0.03392509910350706,0.04766068679438538,0.008804001415347285
34.42,0.012437285276901293,0.0020041872806811053,-0.004236734942867399
34.425000000000004,0.0021832909584833457,0.004167279656372881,0.022980713788945718
34.43,0.02034223731825882,0.012699481578668296,0.0001131712904499007
34.435,-0.003878391201014547,-0.005216224592361311,0.02109796569223838
34.44,0.004350787736758323,0.0028779443774969854,0.01104341959389015
34.445,0.01026762190972709,0.03253479549789264,0.018836412981615945
34.45,0.017364650593598596,0.03237230655269396,-0.0019458503498434006
34.455,0.01759438630047505,-0.003279845452470667,-0.004861677882818666
34.46,0.026052949544959243,0.027346868592124797,-0.006781260124248846
34.465,0.009021128316599583,-0.007738523577920403,-0.012251895141191418
34.47,0.007118099779420045,0.010740342139744091,0.01911659888152512
34.475,0.004506230491517389,-0.002340396831435495,0.027576068176645915
34.480000000000004,0.0027179826488231418,0.022253115321424703,-0.0029845512616033477
34.485,0.0005102017364300576,0.020495505871075938,0.007161655324726427
34.49,0.005661858450354301,0.023178662218459545,0.005904024279414869
34.495,0.003010736463674564,0.0024240297662509215,0.002523849614380079
34.5,0.02114932010226938,-0.008470896305541403,0.010626666308377448
34.505,0.0050565558514942405,0.0006113070660818693,0.01873360698280838
34.51,0.012641255038640727,-0.006334410823137438,0.021839127432284125
34.515,0.017843683786252958,0.015187332139143696,-0.003404821190877227
34.52,0.012816660168208219,0.035954504994234984,0.007352264626530031
34.525,0.014960577858278278,0.02297726785744867,-0.012095413392374734
34.53,0.008830242929631311,0.009860300259627483,9.110589245998869e-05
34.535000000000004,0.018231129032125815,0.009756554149311708,0.01921057996132041
34.54,0.00278869881024716,0.0020630900648611512,0.01474316381637672
34.545,-0.004523994031403196,0.014559165644264281,0.005801271602705482
34.550000000000004,0.018392598648931224,0.0216919265091607,0.00655656298353488
34.555,0.017452964291094296,0.004947446067146196,0.012348107844276155
34.56,0.016478033688524508,0.0018836898453175027,0.00729710852846459
34.565,0.011229157273178698,-0.0012502435010024408,-0.0018179502275483183
34.57,0.014475482846011807,7.226033550199011e-05,-0.0069866183738943426
34.575,0.008765004373415194,-0.002402553005525129,-0.017122527979702817
34.58,-0.0009100743171477563,0.0030951307157061486,-0.000344541851718924
34.585,0.02141863576050041,0.0026929743310360275,-0.004997273316350408
34.59,0.005727695564373636,0.020387273714331397,0.0014474523189038063
34.595,0.0016384591827766498,0.01260216240319383,-0.007773718132290242
34.6,0.012989134155327979,0.023394153817367216,-0.005951256057277582
34.605000000000004,0.021151021664655538,0.008281433192170166,-0.015701824296110937
34.61,0.01744282208263927,0.007010970325833234,-0.015578544570041864
34.615,0.011536932715698764,-0.009534146277661967,-0.012014711064445361
34.62,0.023351139798780243,0.012065494974151145,-0.006613035639087937
34.625,0.017743797167699867,0.009204673921586085,-0.01612387064242375
34.63,0.03506314987515866,0.0034254114128342526,-0.011982924084051511
34.635,0.015247229882967357,-0.005401355854415104,-0.00729457684582643
34.64,0.022528030770799075,-0.0006462894363741534,-0.001071054583520907
34.645,0.014424372013007124,0.0015506238344791031,-0.027384031047070663
34.65,0.006781960153393874,-0.00032891817512557993,0.00022691618349761876
34.655,0.013447466941474067,0.01603660269126469,0.0067235799659782595
34.660000000000004,0.002894671370738129,0.005451255169218631,-0.005306985194729022
34.665,0.03190192282519627,0.010376416672001312,0.004215132015811444
34.67,0.02355570402165172,0.019922519310659463,0.0071636580878914335
34.675000000000004,0.015687487513748315,0.004696922940298744,0.00040608558142409424
34.68,0.023145181675936558,0.006090723496157618,0.012527160856893496
34.685,0.02133107434376621,0.006880516792411312,-0.0024133345665582166
34.69,0.0034189733317705404,0.011690920015809304,-0.014018443755460023
34.695,0.0021311365479335168,-0.002948990934290338,0.003129595734471134
34.7,0.019036851598185495,0.022652726576116007,-0.002701646917466617
34.705,0.01590358436350461,0.0032324154436553718,-0.005775511028761954
34.71,0.012060814756869966,-0.009401608410814676,0.0009043522900925843
34.715,0.004506638190282811,0.014801551382610937,-0.016194772248618334
34.72,0.01946943948232569,-0.010548088260083232,-0.0032642170026273526
34.725,0.010391633203967944,-0.009782619344711124,-0.0004181604040450022
34.730000000000004,0.004799719008858838,0.01604577954553412,0.0073628512089047755
34.735,0.029334582858634703,-0.0011249326821550533,0.015028542486830183
34.74,0.005849645540507299,0.013595801594539183,0.0026148291745007692
34.745,0.014055811968926801,-0.0022190372699341585,0.0027690070704984703
34.75,0.019817315572009706,-0.004327495723402328,-0.020863893220959072
34.755,0.004616538660180733,-0.0017241088877287154,-0.011603337086552954
34.76,0.04829011597913173,0.02932531026248336,0.009249204446992424
34.765,0.00821661211670395,-0.014314193037869554,-0.0060840558217211335
34.77,0.0053099850868428625,0.02494252095746703,-0.015272349543295302
34.775,0.03129735340894606,0.005374980979671422,0.005929973418656409
34.78,0.018284117186689618,0.013704845846829366,0.0024902246487629124
34.785000000000004,0.02328426878978286,0.017814662972599676,-0.009669322354169415
34.79,0.0038463797090071555,0.015913686600720615,-0.01753859184424645
34.795,0.026202029785945324,0.03289676631912824,-0.0031694840302809654
34.800000000000004,0.027831366045829788,0.004034226820786037,-0.007859797156139159
34.805,0.0216794867446983,0.024070349310883477,-0.013153127727642929
34.81,0.012572868563822108,0.0021715427015619486,-0.007199801535791976
34.815,0.012029011995970847,0.014638784915806287,-0.0010860866403698882
34.82,-0.0021581930899550114,0.0070053318019275505,-0.013653072952922691
34.825,0.006463281890199159,0.032313528133766485,-0.010986184589641302
34.83,0.011021653654852907,0.010085450215903144,0.0017026008364982703
34.835,0.0264169356433883,0.02281444131341992,0.00584564734926632
34.84,0.016303653439056973,0.016316742599043643,-0.02156425393418601
34.845,0.01947472113006793,0.0007699119409296405,-0.01402928968066559
34.85,0.00875754456869406,0.010574143063688734,-0.013680301845740234
34.855000000000004,0.02671316442807275,0.025275945386047455,-0.011551145735687201
34.86,0.012536834349585937,0.020682163491507765,0.020431633710116692
34.865,0.015215412998742947,0.023912282618952695,-0.011882755433989912
34.87,0.036404730629365396,0.017992495547373526,-0.0036385896557916885
34.875,0.01929197177730886,0.01650630123045412,-0.026103421590921362
34.88,0.006840638932184128,0.012146515030534705,-0.0011594953139159314
34.885,0.011883183758288732,0.009480715431111866,-0.011681505186632128
34.89,0.01894553759533174,0.018403090265703914,0.0020610461410522727
34.895,0.036731368944427675,0.022794612964630936,-0.008037410910991326
34.9,0.0031299843751863947,0.025322280254537657,0.001222599030147824
34.905,0.012832995474284872,0.0322665501851227,0.008412779112428798
34.910000000000004,0.023354859174069858,0.01926322756939712,-0.01178221991577583
34.915,0.02725975597258674,0.011733904454220396,-0.0056858612249202625
34.92,0.0030631617119036177,0.006683355198491004,-0.030315888904103125
34.925000000000004,0.044411629821769646,-0.0008282183037302102,-0.013899383798438638
34.93,0.013310659613283437,-0.00016479598781479537,0.0026710654966924964
34.935,0.022675609215891575,0.00896426302991839,0.01389481382671988
34.94,0.009200138217743698,0.013405295423060806,0.0041984120719328315
34.945,0.020332272020267543,0.019943705081301097,0.015033194192488615
34.95,0.025853927714865714,0.024320557273558103,0.0004578788996127984
34.955,0.018706131168471987,0.012512738146223643,-0.012715552263233494
34.96,0.01686501370593901,0.00642318364318629,-0.002145749385568062
34.965,0.011940555810827987,0.005297330472206051,0.008661830184968156
34.97,0.01558049491396618,0.017934234192165693,0.004492593279388672
34.975,0.026935615434288424,0.006612659653711089,0.0007944863091573053
34.980000000000004,0.019718209658178446,0.022707518593141456,0.016608641168778828
34.985,0.019078898747657766,0.014361914563698498,-0.00606325090512093
34.99,0.011775087893966994,0.017720527895502113,-0.008537715277606528
34.995,0.013926470199974755,0.0004428312608257311,0.00025985516018971807
35.0,0.019067180187460852,0.01927873921852252,0.008751449058153254
35.005,0.043038233595173475,0.013323258547115347,-0.008118132248825476
35.01,0.022141096419240388,0.026226346878815504,0.011618884725647247
35.015,0.022546509969636256,0.0327550540391712,-0.013864738416068527
35.02,0.025998379192341884,0.009990330923677057,-0.018947360460849466
35.025,0.006842947264410818,0.008651646964803058,-0.007366877982501231
35.03,0.006619735020292363,0.007754138192861237,-0.004450436313035717
35.035000000000004,0.01435052399400354,-0.009239735604841568,-0.01969491097584665
35.04,0.027470757194812536,0.014577659411819975,-0.021982939562993326
35.045,0.0210657849416853,0.004962650600522195,-0.006334560915097957
35.050000000000004,0.030362119382730705,0.020820107080269736,-0.0055565680791718804
35.055,0.017048847275528287,0.0005505922465561044,-0.00037286841592517554
35.06,0.026886491090110955,0.011676650894640796,0.0001538250645923868
35.065,0.022018165503855342,0.005368312744328294,-0.019871636637624597
35.07,0.018455409297547614,0.021078977111472295,0.005222082783070994
35.075,0.021037351245097674,0.009805844429491853,-0.008030687080180586
35.08,0.030127483154528647,-0.0013311899473747134,0.01231517083519987
35.085,0.0022307706099347277,0.011077841334305926,-0.006682583491936742
35.09,0.025514693740620403,0.012272696434778414,0.001569316611574504
35.095,0.02387115298332115,0.015685209545749146,0.004732066265598243
35.1,0.004975183855617911,-0.006540792633901793,0.0005923762404223621
35.105000000000004,0.020028766569693032,0.013230782573366563,-0.006853684607218337
35.11,0.033448883532259395,-0.001462056058517589,0.0065520747314336564
35.115,0.010362891076239548,0.01672943161543055,0.0054529811191323975
35.12,0.016696116305225446,0.023329811363806068,0.0082697430047334
35.125,0.010245316561485855,0.005985390618945465,-0.013230515931271974
35.13,0.01529667544010354,-0.0017868381444552175,-0.0001467462477469698
35.135,0.03160849668137301,0.008822030841773604,-0.011597947702715525
35.14,0.021913766024045465,0.017347642041797617,0.003185845704713702
35.145,0.01757467939330761,0.018123661113709277,0.006294599857903898
35.15,0.01710404145127235,-0.005638528992458886,0.004001970611737512
35.155,0.006270868996117136,0.028393701775337257,0.00495145356828644
35.160000000000004,0.004525566492347609,0.0052326235608860135,-0.012244796192253047
35.165,0.00371912606469902,-0.0034574944942167146,0.01665643533784128
35.17,0.009481395878001848,0.003988187684917662,0.0011557333297862655
35.175000000000004,0.007452329173241706,0.011227009529637101,-0.010811334395415876
35.18,0.031278011267564534,0.006151938146806078,0.0028198566640670725
35.185,-0.00038454211315910175,0.003933738317963779,-0.01522402106542893
35.19,0.011951396816455795,0.01273713806858147,0.0001873622316433403
35.195,0.006799479870408187,0.0024879642437856944,0.010554844642387706
35.2,0.0050178904089565185,0.007892618685636574,0.0036546030399892578
35.205,0.022222749803399493,-0.013023337370008449,0.01381668699146171
35.21,-0.002486899489728231,0.005226825519991641,0.001605389020232188
35.215,0.014098774629279005,0.020304549724312258,0.005941563993888815
35.22,-0.0014049175281847896,0.003622781233550593,-0.012565479761750785
35.225,0.004660512271947498,0.01375406629929354,0.006530183164121661
35.230000000000004,0.00043804108280779547,0.013041843411301407,0.008481324721533182
35.235,-0.012846716784433863,0.008801866097028512,0.008568716053815626
35.24,0.01657074486890884,0.022760155424027786,0.008701521758809682
35.245,-0.002304502909892557,0.015897073178029835,0.010903907392549025
35.25,0.01590674386547382,0.031838805845211586,0.008343793111824815
35.255,0.022216397687563137,0.009318022779730867,-0.00043369851681936177
35.26,-0.0012576794234647887,0.016530734186384375,0.037615761077431115
35.265,-0.012816640441792392,0.0068117317882504,0.0068227539869462886
35.27,-0.003030471753030159,0.02279257519148293,-0.003808353082706421
35.275,0.009137922540390586,0.022661653792404965,0.02591611754050443
35.28,0.0024301316489361915,0.010546607997707753,0.0017755665164043673
35.285000000000004,0.0013176841594676816,0.011595050046129039,0.01072657952698572
35.29,-0.0018971052092402185,0.004441241015455499,-0.002647104317534831
35.295,-0.0031033521955927124,0.014985644414189203,0.0049450600602076135
35.300000000000004,-0.0006963014023230428,0.007005133112064462,0.012680722435757939
35.305,0.00048509129821608724,0.007601670100401996,-0.019327404101427234
35.31,0.009142363125947815,0.026958396029658438,0.0008816817636734483
35.315,0.03501351839982839,0.012230287211358212,-0.0012745886857181074
35.32,-0.0013512121444029107,0.004314187065550991,-0.0048055822677647375
35.325,0.012155593192415704,-0.00045424018889743054,0.020493776459244984
35.33,0.008183639352833037,0.0028640536472275034,0.0030473643033914724
35.335,-0.001976544805529973,-0.011991044756954889,0.0018135435487458289
35.34,0.011796177308757712,0.0020175398333818406,0.008480444736757898
35.345,0.015042416343858132,0.0010218254172480981,0.0041860175499601774
35.35,0.005092549362103998,0.0028332535943115483,-0.001877022951734693
35.355000000000004,-0.0030888707039043,-0.013922834198114926,-0.007394351444996359
35.36,0.014656809586778528,0.010807170719989545,0.009764651785592111
35.365,0.013269789708135818,-0.00626864084500768,-0.011092803499312373
35.37,0.004495857095792269,-0.011943144926451323,0.00041906321643516526
35.375,0.0022276575954492048,-0.0033335355320185203,0.01282067072976736
35.38,0.006806859529056127,0.0019653533932547183,-0.004024486307254764
35.385,0.015314090358158096,0.007160442248584094,-0.013240250094264466
35.39,0.013179959429790479,0.01430757256191302,-0.0008406309601039525
35.395,0.008437758201613178,-0.0017146986114213196,-0.009391927614508622
35.4,0.0077054830762090624,0.009775735212365497,0.011699612496792192
35.405,-0.0015927454394346306,-0.007475514397256964,-0.02736164774981487
35.410000000000004,0.007075896485640568,0.002163731168893266,-0.0258853585732107
35.415,-0.0044270187399755995,0.003109960473738605,-0.027082658759563775
35.42,-0.005669834886455782,-0.011194159639238165,-0.020887242566859383
35.425000000000004,-0.021469466764449205,-0.005844344347041085,-0.018450622640909516
35.43,0.01222526284823644,-0.009513199388643081,-0.013064275819150104
35.435,0.006136095250430372,0.003963000264014525,0.003236383317470887
35.44,-0.006826067323957283,-0.008344392912970445,0.0022621633958226843
35.445,-0.0038682953131628783,-0.01611275853638382,-0.013849957544420907
35.45,-0.006876907102006207,-0.020919853881291625,-0.020328729435450492
35.455,-0.023786836268820263,-0.012864203913490638,-0.013746505578824222
35.46,-0.00223981497528929,-0.001033617810141559,-0.013703597343752502
35.465,0.015640538012470867,-0.00794582778377823,0.02011903020330903
35.47,-0.0014591151318754589,-0.01673220985325723,-0.012142216971481025
35.475,0.018663342655548053,-0.018153278120048754,-0.0008715861595203767
35.480000000000004,-0.0019161762835840958,0.014260776008491953,-0.00591837081617705
35.485,-0.013423528095601371,-0.00890905943258426,-0.0008401816821693999
35.49,-0.017118803682630367,-0.009033107317256567,-0.0008965134433816862
35.495,-0.012373562347933562,0.003904779943578479,-0.01779901071633909
35.5,0.0002710379440238539,-0.0038026979223778727,-0.012680313833781407
35.505,-0.01948234529733329,-0.011554545267161723,-0.012625582534776091
35.51,-0.012017856557844323,-0.018189684618624698,-0.029054068180840907
35.515,0.0037863746536015985,-0.010391821297959014,-0.0076690855648056805
35.52,-0.007417469882061333,-0.014880915017187857,-0.001848717101592636
35.525,-0.004627673237966902,-0.014759545175276872,-0.009275373398756951
35.53,-0.000350791854896889,0.005721183222722694,-0.012611669045073595
35.535000000000004,0.00836680273693715,-0.0028366918231907626,-0.005344916826445752
35.54,-0.014321772390818461,-0.006698581838671214,-0.014978243578390976
35.545,0.005659939616375793,-0.007592887372393949,0.0010656420923183885
35.550000000000004,0.009928144747580962,0.005222116105149127,-0.005373114358718606
35.555,0.025458034692055695,-0.0037757835823054196,-0.0219601194723284
35.56,0.004295125322063453,0.004351159091309285,-0.011908084465766902
35.565,0.0010765222602794333,0.00981838288539397,-0.01877275260172922
35.57,0.007838810174570603,-0.00020381505612771487,-0.011153733484319252
35.575,0.01051712994967497,-0.011211376202999834,-0.018892334903958894
35.58,0.011365644214081733,-0.014517275513337044,-0.016493662977538112
35.585,0.006919420683108336,-0.0013487281088213777,-0.03403557867014813
35.59,0.030190418354051018,0.017211495148708553,-0.007084627046748873
35.595,0.014466404199449872,-0.0060789506525590715,-0.023175685738520392
35.6,0.004515694507448497,-0.010651277369121009,-0.014999425567001037
35.605000000000004,-0.00219473058502824,-0.012536845697641697,-0.016848798235786812
35.61,-0.01774271226668452,-0.02320957831566735,-0.02498003730959958
35.615,-0.00914715399804841,-0.014292482059006715,-0.014720741697936897
35.62,-0.016580307339199234,-0.0022438685946825276,0.000929066167496795
35.625,0.016476378130795187,0.0011056660854661003,0.0022801536496513315
35.63,0.016619994086839562,-0.027909358146544883,-0.019088715687599896
35.635,0.019259605013396765,0.013246055419580228,-0.006381991431960071
35.64,0.002514979414039706,-0.008292711491222382,-0.0045314488823639
35.645,0.0008746603964893337,0.009931514943455098,-0.01663116438254154
35.65,-0.012308760024857077,-0.01926559844049332,-0.01979924901757054
35.655,-0.008087977145128968,-0.0028721973640717224,-0.006199997683969356
35.660000000000004,-0.008834930485088849,-0.008317129367785787,-0.00578567291126488
35.665,-0.009209963854963098,0.013665978645033678,-0.0037285353640789465
35.67,-0.0014962282256456294,-0.01474810272993881,-0.01341931028392269
35.675000000000004,0.013580194325133764,-0.027501136736015536,-0.0037562487821169582
35.68,-0.02363082616508807,-0.021680456831079824,-0.01954645287329918
35.685,-0.008389666508570481,-0.015372843466825405,-0.01086766962488291
35.69,-0.009423471104519469,-0.018277514786429847,-0.02070360928509687
35.695,-0.012459920897569109,0.010400900107770502,-0.025739276943780295
35.7,-0.0034912732156358456,-0.009916818218361123,-0.004824497926108222
35.705,0.0061308227878208305,-0.01630176308819109,0.01713191824516194
35.71,-0.0018625728105421888,-0.015029868874770442,0.0018522847480740554
35.715,-0.00011302773226748442,-0.007126090523832592,-0.014462597419063127
35.72,-0.007419013250040449,-0.023494226308799212,-0.01978612409039089
35.725,0.0001930398923626342,-0.03428336806157161,-0.0026996199082155656
35.730000000000004,-0.01189840104944092,-0.010978063137081811,-0.014572103905655229
35.735,-0.02021508542754296,-0.014501757807678962,-0.013340674318622294
35.74,-0.00010050134729648608,-0.0067424642292320805,-0.01722964834273097
35.745,-0.0016532583527711434,-0.010879827271311213,-0.022006007524211932
35.75,0.008821930360093488,-0.00739019025167505,-0.022816096679473322
35.755,-0.014098343720989281,-0.008307475102360008,-0.03047166906714229
35.76,-0.013156854140409284,-0.010931911668538569,-0.01640454354509334
35.765,-0.011449121974113286,-0.009983955525888991,-0.0311868554027215
35.77,-0.0229552563688979,-0.012754725182740161,-0.01965212303404762
35.775,-0.020697954488617724,-0.005391080231228735,-0.02129044395033804
35.78,-0.022555454276701553,-0.004979075646698732,-0.012356649700386538
35.785000000000004,-0.011384306187554212,-0.022754847806110277,-0.023932734823607305
35.79,-0.012513692259270359,-0.0014823685242048535,-0.02506212264335058
35.795,0.005198942726563842,-0.004367826080545114,-0.04713586773855323
35.800000000000004,0.004480120381046754,-0.011015488353809662,-0.037282984777883416
35.805,0.001929936036389003,-0.030273357831541996,-0.0371797151991024
35.81,-0.005587124084224199,-0.01033208267317839,-0.0398331466880685
35.815,-0.005705337561560726,0.005555758216618894,-0.02936010573778358
35.82,0.0009490579812966027,-0.006069012020346914,-0.030874657953489305
35.825,-0.011291618744251712,-0.01702790667440615,-0.021485382616088206
35.83,-0.009477357798968938,-0.010222199854693009,-0.02196098698989587
35.835,-0.012189978570032182,-0.004668075109728751,-0.0323726022514116
35.84,-0.014560351270488922,-0.002746504371079199,-0.012374742874647387
35.845,0.002755419104690786,-0.005469720773231839,-0.033168575372403516
35.85,0.00571136702595345,0.0063551989613527815,-0.03298171069895882
35.855000000000004,-0.003760135509380029,0.012303525554653688,-0.016126335552673766
35.86,-0.010692054679634522,-0.017459036618948834,-0.012708553580036646
35.865,-0.028751380476713276,-0.008416619044303495,-0.019544149741674805
35.87,-0.013291629375781482,-0.019426628357242987,-0.009360231888132294
35.875,-0.015280892109243039,-0.01070055596026705,-0.029646775944234614
35.88,-0.0018737885396123768,-0.015312948235558479,-0.02116554024687085
35.885,0.012985619122873458,-0.004559323836176775,-0.012040648835537574
35.89,-0.006190245641035014,-0.01663009937954988,-0.026430255984959017
35.895,-0.019008318725786698,-0.01878102122240319,-0.026931107109043884
35.9,-0.0024185227490237035,-0.020243474425825744,-0.025771608411481448
35.905,-0.010443345948289388,-0.009801058267813304,-0.03426639783218268
35.910000000000004,-0.010608830652962403,-0.011673724275106042,-0.022892235575713495
35.915,0.008741723114168574,-0.021211098137181195,-0.018292954577502924
35.92,-0.005572398414812909,-0.017286218838535906,-0.015668915476641454
35.925000000000004,-0.021965118918455998,-0.015201318987148982,-0.01716650072739122
35.93,-0.00996640739450455,-0.00587590900434964,-0.045664426502519076
35.935,0.002935032947611157,-0.022861368076016096,-0.026210590134286352
35.94,0.013441256042491419,-0.026702528973544783,-0.02334380968164142
35.945,-0.013908321052051628,-0.014906910627190746,-0.025429161820368397
35.95,-0.01067487702436985,-0.018159551766037643,-0.030425705260404782
35.955,-0.01579710695765693,-0.014371331750207232,-0.0216090197180702
35.96,-0.027058171387562786,-0.004201081851615803,-0.01894517827156179
35.965,-0.0011878263522426546,-0.028180655818050335,-0.01578798475524973
35.97,0.018992662817834183,-0.01967713339836368,-0.018167881986791597
35.975,-0.02196963079012481,-0.019005130283236808,-0.03339332430588504
35.980000000000004,-0.007253558904391066,-0.022913743338950146,-0.0249498853277838
35.985,-0.020245442819191425,-0.018367066841525368,-0.039397050247468486
35.99,-0.014586601190356877,-0.032669907745472376,-0.02150306872285459
35.995,-0.0016486106556434718,-0.022234751421679303,-0.009257303539311357
36.0,-0.01775378629687275,-0.03687767338355393,-0.022277348428501154
36.005,-0.017805132559030542,-0.03399981902058939,-0.01532761966459056
36.01,-0.002072831602423379,-0.026026390304562268,-0.024929405542977522
36.015,-0.025247924893269734,-0.019515732856008956,-0.014467882635048859
36.02,-0.025732554558145875,-0.026598966898167334,-0.029193244766045953
36.025,-0.016039716109249726,-0.028106733763367073,-0.022154473557732774
36.03,-0.02831069454396138,-0.030086237566778865,-0.010878248836417765
36.035000000000004,-0.026995618894732447,-0.030241925735256966,-0.04013281056137992
36.04,-0.0188890614045933,-0.03414570937949096,-0.020441617620168488
36.045,-0.019346003982411167,-0.02907356078041797,-0.028409556206072866
36.050000000000004,-0.018249251266667998,-0.0119261928447536,-0.022104700586873516
36.055,-0.012920752481072079,-0.02658483359034161,-0.010555739565803319
36.06,-0.006583024055130102,-0.032409932457245175,-0.037973912753522576
36.065,-0.032608872034086106,-0.029436041118118317,-0.019001904241709597
36.07,-0.03188585514883874,-0.022123901685474952,-0.026078259831432846
36.075,-0.03153017487731852,-0.016842410955347394,-0.02341734468780539
36.08,0.00494651921913699,0.003837580303605332,-0.04121886312990129
36.085,-0.037171515650398154,-0.02971964491329828,-0.022598443555742156
36.09,-0.013982590914273077,-0.01905156435288716,-0.020002137488722795
36.095,-0.010351434263371144,-0.009051117124272515,-0.030332238768281512
36.1,-0.01974729277998064,-0.008071127690862287,-0.033420073803935614
36.105000000000004,-0.012885730710350176,-0.017592464901992004,-0.01887204128209591
36.11,-0.028161724773138712,-0.03022311857205314,-0.010044398308887925
36.115,-0.02406306771957049,-0.01762631050427738,-0.002381130390874773
36.12,-0.008470476803791899,-0.012167980255735409,-0.018559614414125857
36.125,0.005419624226907803,-0.019241232999077422,-0.029792122996772873
36.13,-0.01779787490910018,-0.0016393097150768279,-0.02901076383059152
36.135,-0.009901338712240734,-0.006758381140956419,-0.012136720854168233
36.14,-0.03010477114327185,-0.006299270366601392,-0.02710325769296015
36.145,-0.022641523000093786,-0.018913963523614557,-0.020160737541212895
36.15,-0.008304695521449586,-0.012174569355745958,-0.023154151715394866
36.155,-0.014795976952350479,-0.007558028129829518,-0.02355391232961271
36.160000000000004,-0.00923995907663631,-0.0009062764366019882,-0.005142620228400662
36.165,-0.028971557410838594,-0.01957847029088526,-0.017022248096144384
36.17,-0.029967811990299874,-0.010938916878560464,-0.027263234574126563
36.175000000000004,0.005619061662565532,-0.02040420753466364,-0.015179438153765474
36.18,-0.01642859910077572,-0.0024794446234302787,-0.02319100272242857
36.185,0.001260840667059969,-0.003605038505063664,-0.012597160074018149
36.19,-0.0044679104701405015,-0.021145926739426762,-0.008888589463134835
36.195,-0.03804185900519645,-0.01235791660471259,-0.03259167961962981
36.2,-0.00025998241036131325,-0.0275618570527175,0.0017531775616780937
36.205,-0.007751031851932464,-0.01453064358251853,-0.0063760854138640785
36.21,0.00759447466979616,-0.025850131431698613,-0.0025505824807212306
36.215,-0.014383887808081475,-0.016594371327208833,-0.02990630620501979
36.22,-0.013462336203813888,-0.012791558149079004,-0.025049293580276875
36.225,-0.009966231690155095,-0.00989745904863993,-0.007744102562086307
36.230000000000004,0.01308265236894416,-0.009634771008271932,-0.033471367397320984
36.235,-0.000823096262278139,-0.0021235328705506845,-0.014179158181242003
36.24,0.004060839442135748,-0.005598449347785908,-0.010442817214063767
36.245,-0.03482818774036154,-0.0060093302921272705,-0.023757973622249892
36.25,-0.00594806737349542,-0.02470661945552874,-0.023825757816124782
36.255,0.014446683254039916,-0.020380337736597125,-0.011466680634428243
36.26,0.019548321775384896,-0.018375795772153113,-0.025168764300644984
36.265,-0.012058173155954761,-0.0108518870222017,-0.02978049170063433
36.27,-0.0018266996749190106,-0.020152875564367307,-0.03573224897291901
36.275,0.01725743519042957,-0.002003122854158138,-0.04938369597033951
36.28,-0.010887641283681918,-0.01536666802462188,-0.027739399917787726
36.285000000000004,-0.01105059910350776,-0.03864450219143438,-0.024148538183129925
36.29,0.00245337113766788,-0.013670091456919217,-0.03109146465305418
36.295,0.012970049574767085,-0.003966463058231059,-0.015490539016868572
36.300000000000004,0.0017312482555539369,-0.02112026754907473,-0.017161631637572245
36.305,0.012980031336040664,-0.015126330133278238,-0.01459318433275553
36.31,0.00823156495365645,-0.0029080110366028616,-0.022523395314274698
36.315,0.01362075005642524,0.0009393178909841374,-0.017500888287250334
36.32,-0.007036494685907731,-0.013305971165352665,-0.025915430567858153
36.325,-0.009788964895828145,-0.005002100181849884,-0.012639155066021169
36.33,0.002398406694767874,-0.012818082934594197,-0.01730412291185391
36.335,0.012836483576151206,-0.01102007902931186,-0.038806202873561575
36.34,0.0053276129224107335,-0.028303882102363676,-0.005609066538507628
36.345,0.004098794597763161,-0.0171329164880389,-0.03129302021409767
36.35,-0.003980404953650745,-0.012333481890190474,-0.017180717233121305
36.355000000000004,0.013849460190054695,0.004036094915006415,-0.03108569752984379
36.36,-0.008992311704533636,-0.012072974515574333,-0.020474506230904167
36.365,0.013259541776659056,-0.00691401965173586,-0.01139684623008304
36.37,0.00107009919711476,-0.014894356019583426,-0.030804447776286117
36.375,-0.010114103889855262,-0.002550978626331588,-0.0006141211210812462
36.38,-0.0065440511321748565,-0.005443498421651484,-0.018886271230296993
36.385,-0.018417187283585743,0.01485754523931833,-0.033160901744778884
36.39,-0.008681505562923204,0.025706599706196806,-0.008166447891012715
36.395,-0.0029549794872650442,-0.00520317482461368,-0.02627551735318244
36.4,0.0033229930981007946,0.006267558196602586,-0.03408840363952327
36.405,0.014338850233290602,0.011997504584799994,-0.007023592799390634
36.410000000000004,0.009357971706222538,-0.009282666613481809,-0.0338002014929804
36.415,0.012799798614741849,0.00476929946342728,-0.02689491001770627
36.42,0.0004698354386022188,-0.016134729185550773,-0.022225029807389354
36.425000000000004,-0.004241586122520791,-0.007117206115636586,-0.03490616557260577
36.43,0.003157345793717098,-0.01026130822459977,-0.025506245294955876
36.435,-0.0013388886232371111,-0.016390325743641198,-0.008040059787699403
36.44,0.006780949613890218,0.011030009260293468,-0.025717865075892094
36.445,-0.02100162035873944,-0.0029673413221681932,-0.007686853809909525
36.45,-0.012814601540636735,0.0007725361482772497,-0.02593064052475717
36.455,0.016973152753254915,0.00036355499938073126,-0.007428760369860478
36.46,0.006930186551778066,-0.009710734522954116,-0.026390189885097642
36.465,-0.00840225570834775,0.0061216699878794655,-0.03374583227554091
36.47,-0.00026661041980714784,-0.0019302722697165445,-0.022847824420462067
36.475,0.0023512671481991376,0.00821011769817472,-0.02753884365935521
36.480000000000004,-0.013738797742609239,-0.003094269375202561,-0.011856391613817952
36.485,0.011628235496931566,0.021277165458179398,-0.02740714082772479
36.49,0.0048513296345545145,-0.000585129270484915,-0.04119339134634771
36.495,-0.010674297564183189,0.004193147173214383,-0.048994836149699156
36.5,0.009365386758203191,-0.008375887383344325,-0.03363854466494058
36.505,-0.007773788413850992,-0.0025276550793129644,-0.021902421794683602
36.51,0.0027615445162841867,0.0003042705353920854,-0.034196431893477215
36.515,-0.005322778656888048,0.0036048264619848135,-0.019975932969319526
36.52,0.002615071323970035,0.007133378878209959,-0.0071382079208771165
36.525,0.002037785684963135,-0.010524770008657437,-0.029610683040669578
36.53,-0.002356417448794376,0.00046228888205103284,-0.023563546826571864
36.535000000000004,-0.035695380726856754,-0.01096253104557431,-0.02678473553385724
36.54,0.004031458733321017,0.0057708403386340715,-0.03133584649749697
36.545,0.027651456731385804,-0.005415728810492414,-0.031768180375165996
36.550000000000004,-0.0006617522075176262,0.0010199840465787017,-0.01861697918558852
36.555,0.007437198132979692,-0.0005644684754911554,-0.04469466104454352
36.56,0.0072769756531803065,0.010107937440148037,-0.045339151486158455
36.565,0.010642373486279957,0.0033234035189587596,-0.013285201724320073
36.57,0.015759241137998023,0.008742465866337734,-0.04075945769440471
36.575,0.0032390942528972427,-0.00045602840902505583,-0.028098494688598888
36.58,0.0037955633500354885,0.004911438441932269,-0.019599564051738377
36.585,-0.009844398442804544,-0.009179229652420079,-0.010412307273656614
36.59,0.007912827244816421,0.0012033370702428312,-0.038841760280372443
36.595,0.005744321381669505,-0.004549656668336782,-0.021715823489568315
36.6,0.010617088025241903,-0.007727324150373265,-0.029744065436196038
36.605000000000004,0.010957294769082183,0.0003882371866302725,-0.008158313673661797
36.61,0.01169670701305155,0.014209900321125239,-0.014455113043280156
36.615,-0.012349165661398187,0.003300110417651267,-0.014943021808948416
36.62,0.02849276064589284,0.013297652305809846,-0.019502858338868147
36.625,0.02207061166756896,0.0005854586232917972,-0.02369199705039291
36.63,0.013800275635578698,0.0025937202734659555,-0.03899973635300742
36.635,0.016439077521266846,-0.010747750762889745,-0.031398769071136964
36.64,0.004869146805716144,-0.014741717241745401,-0.02131023151336715
36.645,0.02364677373718449,-0.006480238674006385,-0.025485304567402223
36.65,0.018772168182594154,0.017829978134968807,-0.02752706171356448
36.655,0.02245655084151734,0.00205453339488503,-0.02988580265360625
36.660000000000004,0.0021088054303121696,0.014272451409287153,-0.018820325773209814
36.665,0.020149485744244307,0.034816847665983024,-0.01412899873004678
36.67,0.020848560312860483,0.009396091464659782,-0.030958801276332448
36.675000000000004,0.021981804763592894,-0.00305271255143222,-0.01446170309074647
36.68,0.021437128931466518,0.014169210634389692,-0.028696305881813784
36.685,0.02795392979174336,-0.0007930796023630244,-0.02590285013866864
36.69,0.02699954225903553,0.02669279276431195,-0.028792060999773803
36.695,0.019487162568252617,0.0149451426610189,-0.01496974872399303
36.7,0.012710437931054464,0.019052935141127096,-0.011712648199188151
36.705,0.01347847339696098,-0.007403850184764563,-0.018888628534084087
36.71,0.01106024167552986,-0.002186113430266942,-0.000980713288108108
36.715,-0.0006333849394291914,0.01196559454800528,-0.004164580832948898
36.72,-0.000419512065886727,-0.005486030190051183,-0.01569140006014483
36.725,0.021222156973572805,0.017516707457207324,-0.010752293066422594
36.730000000000004,0.025266486601719037,-0.00482850284440789,-0.015306947485069338
36.735,0.02896569155584627,0.006606965735321747,-0.008744174909852652
36.74,-0.012636121533236372,-0.011851502150461418,-0.019114753131654567
36.745,0.019957417885948587,0.014339476697788277,0.004326340476207608
36.75,0.004950935022238485,0.013391070844006236,-0.02300041248231198
36.755,0.021576202202699853,-0.017897369699040787,-0.0230963507034691
36.76,0.002947363554609825,-0.002146506450267412,-0.02440256087389827
36.765,0.012614005623506775,0.021152137418156254,-0.0017218756366633413
36.77,0.022150013005715792,-0.01422362936853249,-0.009397143322872973
36.775,0.010565028272483491,0.01336918110382174,0.0011155400430020307
36.78,0.006263946214558863,0.023782980733045786,-0.01852077734078491
36.785000000000004,0.021271628778259576,-0.0025336096194309597,-0.025909898116301136
36.79,0.013489408513981123,0.019441140080996414,-0.02669329813738211
36.795,0.0015569469902873313,0.019656191432688888,-0.0292126847496649
36.800000000000004,0.016358661297237006,0.01786328043959669,-0.010925345582605817
36.805,0.017628256216189887,0.016792636252469274,-0.003985007364322816
36.81,0.031747376628257495,0.002471076214667029,-0.012254985990844135
36.815,0.024833197320183503,-0.0022100778191174696,-0.012258870248297707
36.82,0.012022572490002305,-0.0031493243368820936,-0.012965787216336138
36.825,0.02763993937159084,0.007149748761066291,-0.013906247097492292
36.83,0.02473150309232945,0.014948350993917097,-0.007241453228145395
36.835,0.018053040447262386,0.015470292084223578,-0.009276244186102464
36.84,0.026169106428940485,0.011850962862774848,-0.015769460721084098
36.845,0.019647225755876737,0.001536092295093468,-0.03297731138603302
36.85,0.0029712319604952506,0.009328233171406268,-0.03143717947853091
36.855000000000004,0.00900953645385106,0.016673730501718546,-0.02096907062636274
36.86,0.03321270966822743,0.005679333379855083,-0.007681526543491428
36.865,0.013576922266645454,-0.003055392928870938,-0.003581920727781799
36.87,0.010944034622435397,-0.006360978497658029,-0.010468729652586412
36.875,0.014991984667880685,0.0015769361289861925,-0.011337501930417184
36.88,0.019636174346984395,0.007850835766552036,-0.016174830890683715
36.885,0.023950910910157337,-0.0055047460931936815,0.006906997182889172
36.89,0.007966606214154615,-0.01486507548360174,-0.021417827430415842
36.895,0.01197668652058537,-0.0005281849044499326,-0.021908860553350694
36.9,-0.0042300462383490015,-0.009826975856393055,-0.020302278457613194
36.905,0.009647849700864321,-0.02315726060558316,-0.0063492658156772954
36.910000000000004,0.02213365829399453,-0.0030956134713954284,-0.024314390100372327
36.915,0.01866996703833441,0.0008817505603916885,-0.01710909176927161
36.92,0.016273787335407915,-0.008295917557528142,-0.0043955811090351585
36.925000000000004,0.018157456526561762,-0.00580217260484471,-0.02153593532597907
36.93,0.013239852930478104,-0.014518400874316472,-0.030823665695536663
36.935,0.00956044854345699,-0.006945341978782233,-0.035394412494621816
36.94,0.023958918239461627,0.00318973371820184,-0.02821039314590268
36.945,0.03127837206044817,0.018807824498714383,-0.019812791634814662
36.95,0.012602113463951448,0.011725385948642194,-0.026242678056385686
36.955,0.009811543726654066,-0.010573944565199531,-0.025267256690371297
36.96,0.02565725036202234,0.0026733189521763595,-0.03548094048068581
36.965,0.013467999795581366,-0.01165495380315923,-0.02758098343301605
36.97,0.005875551480596548,-0.009826486667631959,-0.022042924758524297
36.975,0.009547779267564456,-0.002088571971603769,-0.019443292395688462
36.980000000000004,0.02697643038540371,0.0029780191226339587,-0.02962417877764923
36.985,0.012119990479437827,-0.010228637751498492,-0.024124164610142974
36.99,0.020430636975929718,-0.01584381533426434,-0.0074638667475327575
36.995,-0.0013782403314565664,-0.006360031386531893,-0.005876739480530548
37.0,0.013113230368091342,0.00407621794581607,-0.018285230236681372
37.005,0.022914683173147734,-0.009273761545033657,-0.024386371222031585
37.01,0.017689944404337462,-0.007333433175648796,-0.021389504312233104
37.015,0.0397791575946854,-0.009016104404655254,-0.036639127476001385
37.02,0.0035287090713628615,-0.008059572745879606,-0.02095841797889297
37.025,0.016490999764436846,-0.013748246685615837,-0.03843972187981913
37.03,0.009132071303979482,-0.023168777424670963,-0.006774171469173755
37.035000000000004,0.020118201233338247,-0.015618671044782081,-0.01331484498576406
37.04,0.01188001561727314,-0.013136507040203292,-0.03982808310275733
37.045,0.009730347398370446,-0.018751458458241783,-0.02313990303137153
37.050000000000004,0.025154894738640528,-0.027809751092528433,-0.034678618008040445
37.055,0.01155475710249371,-0.00987003885904521,-0.040625149012212834
37.06,0.00235169274388425,-0.006240864031394754,-0.027176689561251167
37.065,0.0288035504927982,-0.0013754096160912867,-0.014802407668035623
37.07,0.02123633105040984,-0.013063264069355401,-0.012396375365418995
37.075,0.014796971766468589,-0.014863739152484364,-0.028055315366345313
37.08,0.010418507453071244,-0.007423550282557376,-0.03765346913318996
37.085,0.010591152438124703,-0.01955859157414373,-0.0135137088999305
37.09,0.026506077804133804,-0.0054932154215575485,-0.04702613687680794
37.095,0.0024590810588834763,-0.014357765169257693,-0.01721931817086643
37.1,0.022161842041685986,-0.020176733093076226,-0.01562857926585534
37.105000000000004,0.009926935856644281,-0.025402438016633958,-0.03844665544101903
37.11,0.006034382726444354,-0.015125452144252129,-0.028715154628318147
37.115,-0.0013511866494877525,-0.02103220676874554,-0.012726679007915617
37.12,-9.110685877756694e-05,-0.014425775827656,-0.02460444109061323
37.125,0.011090219545323864,-0.03119693250739088,-0.02577702293423649
37.13,0.03132876900710533,-0.01598555530125987,-0.03476479160183775
37.135,0.012038193174661902,-0.010794941007332328,-0.017742802319641947
37.14,-0.0167311230882421,-0.03621954700546506,-0.037722542167260294
37.145,0.0033095547363080416,-0.018914476282988864,-0.025562939898608313
37.15,0.019066601510863163,-0.01211049106482639,-0.029449681642264226
37.155,-0.002280591487200768,-0.005285972676108634,-0.01898135519940556
37.160000000000004,0.01382024789590787,-0.0295061260007217,-0.012959652650067724
37.165,0.009966066548000831,-0.03336127172573664,-0.005465754277989883
37.17,0.011789978703738727,-0.01664837982423458,-0.026212449462396564
37.175000000000004,0.007036341776222435,-0.015974216561829683,-0.023057600907319082
37.18,0.0013609940594767646,-0.016571817579596047,-0.015274668580858573
37.185,-0.002985050663499248,0.013487519741630375,-0.021998858543804324
37.19,0.014189692157845178,-0.019785884905479455,-0.021791516443817174
37.195,0.0033338431787912313,-0.011048261638667215,-0.006348271569713138
37.2,-0.0017206070096941785,-0.02481308931343172,-0.024946398645032685
37.205,0.019407123553470528,-0.001380160340496192,-0.02001347053887725
37.21,0.014116764722910326,-0.02978290635504815,-0.024692616925327503
37.215,0.009257389710682656,-0.007903563389865545,-0.004279615176815117
37.22,0.01672536308310379,-0.02886826099938082,-0.020520237162259824
37.225,0.024118624148998395,-0.005059207315330196,-0.009445868414997713
37.230000000000004,-0.005459563756548911,-0.015956774725069324,-0.02328520572331068
37.235,0.024285758856712296,-0.017050722923795007,-0.01377873365139834
37.24,0.03146537101581799,-0.007996665471500616,-0.027595793159324408
37.245,0.026885215962049302,-0.03083135016799618,-0.009357132108686819
37.25,0.0070007180051811085,-0.01278853710971739,-0.020897430271280257
37.255,0.008105778778844549,-0.0034663747372922493,-0.027458951557350505
37.26,0.01938176476516819,0.006052878712261109,-0.019691072135783107
37.265,-0.002911542632566537,-0.01574608580516035,-0.02598903762368536
37.27,0.009288921739849871,-0.026445758649897448,-0.013075395606278418
37.275,0.023620677753665876,-0.0055567825811436294,-0.021885046478567545
37.28,0.021513564011067805,-0.009369512190933026,-0.010949538700221206
37.285000000000004,0.014772617971081412,-0.001173640244395372,-0.020188254398093707
37.29,0.019203702319936355,-0.001384083552774664,-0.02156778034915094
37.295,0.024979702819368867,0.01043953279134903,0.011559440526104789
37.300000000000004,-0.010681090390512269,-0.012942456992948843,-0.017665857828053293
37.305,-0.005315998314586394,-0.010536335164437688,-0.019855977008381077
37.31,-0.0018914826413885845,0.008180982058924185,-0.013060086421897198
37.315,0.006082974620662606,-0.019660013628658768,-0.025039219578926207
37.32,0.014377011098803752,-0.010377825622831007,-0.01862452020761919
37.325,0.0011817707714397649,-0.0046671156620026015,-0.023322576754620655
37.33,0.00045354059156570495,0.0038021700981371517,-0.031227544493931475
37.335,0.003827651658824923,0.01237829059433377,-0.02470506615249872
37.34,0.014838572529226244,0.006881367135606359,-0.012345597282329894
37.345,-0.005040990158589491,0.0007819880598308841,-0.028254729480662134
37.35,0.017187962089750337,-0.010731886334451202,-0.01976850628239245
37.355000000000004,0.0041677442157246405,-0.01515055558767087,-0.022352155540619534
37.36,0.012874566063557826,-0.006851700720716376,-0.031968560623894055
37.365,0.0014502442566429671,-0.011677022256072069,-0.023697457890411142
37.37,-0.01174276000635728,0.015851252720364015,-0.02683303237870296
37.375,-0.007442625212340355,-0.011572456128247,-0.009692063362615702
37.38,0.029270107545494545,-0.00810302568102027,-0.027074788126965794
37.385,-0.003418617405162895,-0.0026950404858183917,-0.017101485364990437
37.39,0.010595748415331493,-0.006592505195496801,-0.013435993009620317
37.395,0.014476164931152245,-0.0028028987846863106,-0.03247154342368207
37.4,0.02048290606880338,-0.017910221871151974,-0.026110348550928968
37.405,0.0011519679084747853,0.002831876192457807,-0.022926101074530275
37.410000000000004,0.0041003489118977485,-0.007286964621105457,-0.038087143256238645
37.415,0.00025090262709282635,-0.004286930434374808,-0.014986886385962635
37.42,0.007245665855945924,-0.012372153459940893,-0.026031365062859753
37.425000000000004,0.007157399691574438,-0.0010868701078505273,-0.03078884609877474
37.43,0.009127800676708812,-1.647165945678833e-05,-0.037338853370378816
37.435,0.005262439572468247,-0.0016584040061409094,-0.02896997263379052
37.44,0.006160676048273667,0.020565277117769835,-0.011948607444699003
37.445,0.010729078198507075,0.007505106570676927,-0.02772794301523145
37.45,0.007693282311815798,0.010195130144874606,-0.02750500458635787
37.455,-0.00807018659211542,0.0012242796212841682,-0.020847267940874225
37.46,-0.0030339347419133245,-0.005246992711678989,-0.017782256604175723
37.465,0.025797495240266043,-0.0004944465779737409,-0.012489406109980585
37.47,0.018701983044692762,-0.025020453376605273,-0.03258347790470098
37.475,0.02178284438918836,-0.01997788420504098,-0.024587539200402096
37.480000000000004,0.0005020899760740834,-0.003936515747258541,-0.022258613117728396
37.485,0.007069943376252892,-0.014117115749702718,-0.014167227573189068
37.49,0.007103164218370719,-0.022905342099603643,-0.022816974162143372
37.495,0.004046317218113903,-0.01448774452903559,-0.02087656471023737
37.5,0.026262155428004808,-0.023955883933935003,-0.0437785940927123
37.505,0.0013458994192193582,-0.00978109281671459,-0.014140282678107241
37.51,-0.0025529280301389914,-0.01769357927804118,-0.02420896824190403
37.515,0.009527405424898626,-0.012893827012306824,-0.036128445827767516
37.52,0.0011973738662458405,-0.011152949560249526,-0.04494103622744087
37.525,0.00714844757018597,0.00014430151254624102,-0.04329395425155792
37.53,-0.0035509208925741005,-0.0009797814538442425,-0.02718229534521472
37.535000000000004,-0.005755440116946155,-0.02140176233550519,-0.03100425195332923
37.54,0.010687249601750798,-0.021293227111322952,-0.031993447932470546
37.545,0.0089642674866377,-0.005726048612227797,-0.010862259431277655
37.550000000000004,0.005006500702517479,-0.01555017591121202,-0.044054787668230254
37.555,-0.012093614079615123,-0.002046976410173918,-0.02942038077246349
37.56,0.00370686876961325,-0.014750225515876438,-0.04482884962571307
37.565,-0.015464442094145311,-0.02812081872507913,-0.032849959466898275
37.57,0.00395399115878034,-0.020579774829116437,-0.023204243854386863
37.575,0.0023035682929790427,-0.017810368856293193,-0.041148903532342004
37.58,-0.0007111754684436256,-0.008223369019474715,-0.04977021555478897
37.585,-0.011146426650752352,-0.02309035419270812,-0.026941775342144224
37.59,0.006093643970900193,-0.025105975420881554,-0.03071057592100633
37.595,-0.010485508575641279,-0.023091541391926377,-0.038570614153954456
37.6,0.0013561583098614105,-0.011350596629430807,-0.04154950124620354
37.605000000000004,0.002437545884027642,-0.02259476960302638,-0.041468030319631616
37.61,0.022766283013919794,-0.012431846369106984,-0.04042016879951372
37.615,0.002889180297896088,-0.01697806995094458,-0.03505813266816889
37.62,-0.0011183584506568658,-0.012800764117634613,-0.04198499436163417
37.625,0.013834923157627403,-0.006850540249124109,-0.04689837972953188
37.63,0.0075679074145978895,-0.0038375524386583294,-0.03042127626132794
37.635,0.012475070834253414,-0.01064521450515495,-0.031762582418013066
37.64,0.002198561236668846,-0.028415178530505052,-0.046501810122600074
37.645,-0.002354119076941795,-0.01766248970376884,-0.03489301495314585
37.65,0.014020027177313724,0.014119610040180537,-0.050945817004810295
37.655,0.0031999335146002533,-0.00954814094525119,-0.056551856107959625
37.660000000000004,-0.0037408017331104423,-0.019896113560333356,-0.03706206123299545
37.665,0.0056556420071154564,-0.016883432649080266,-0.05829808473005253
37.67,0.0007078938736636842,-0.005466522599504593,-0.0615728002481422
37.675000000000004,-0.006076697279598614,-0.020578342911291167,-0.0488476795833485
37.68,-0.006393110162052108,-0.017692255158583803,-0.05739060276533409
37.685,-0.004209811428084929,-0.017736166372642796,-0.04283117369907047
37.69,0.001719137656851357,-0.002356039777074277,-0.03917804470013177
37.695,0.021594444413575636,-0.013383463970557749,-0.025311090304063345
37.7,0.0199292894361247,-0.0028717794964498514,-0.03763639781841298
37.705,0.0028132783812662918,-0.010267275850378212,-0.044553574900042296
37.71,-0.010430082309570394,0.0004611660270223243,-0.03995451578579804
37.715,0.0015051047569777168,-0.012579748933274243,-0.03693217935720742
37.72,0.001515961307898099,-0.007447036944982093,-0.026643009507891592
37.725,0.012069155407869105,-0.01705728241790902,-0.02881327991643623
37.730000000000004,0.02221353689630113,0.001309128269470567,-0.03717330675437103
37.735,0.007241257817643398,-0.013997659830691211,-0.04166008093434221
37.74,-0.0068733273445271,-0.0048250620829366625,-0.043435291537223406
37.745,-0.005790711227340605,-0.008356004919297909,-0.047680544136348466
37.75,0.030894234235870635,-0.002903572661234699,-0.05122619467271343
37.755,0.005624558173296046,0.0014116644718889376,-0.03171619751557362
37.76,0.009654728597687755,-0.017932551779720717,-0.037772291264768325
37.765,-0.0018396069037775256,-0.0009079742159961539,-0.04077649668864227
37.77,0.024800807395398798,-0.005741584861016603,-0.034445983152913126
37.775,0.023904913678608093,0.014050178972057705,-0.04870729720890655
37.78,0.0029615307290013493,0.010738900033619707,-0.031434570596951865
37.785000000000004,0.016946472547845683,-0.008666671181496964,-0.04965365861496527
37.79,0.014534559499563546,-0.002985059416325448,-0.03873090545533788
37.795,0.022916380487995644,-0.008035322268072725,-0.03552239092774507
37.800000000000004,0.003134905140347838,0.005356318179180305,-0.04714508973006556
37.805,0.024600385889110496,0.023700192980208888,-0.04958344801035795
37.81,0.016520212892364806,0.013348927972995084,-0.04577632727889384
37.815,0.007734056012450939,-0.00518133713177951,-0.05033625235110557
37.82,0.020058078328047048,0.0038590562817286504,-0.03673686743468029
37.825,-0.0041112266123202595,-0.012600082444161314,-0.052262406219738836
37.83,-0.008783076014921235,-0.014437556574694987,-0.04879122198535189
37.835,0.01012489003946962,-0.0015529171947510079,-0.05080737456005066
37.84,0.001670629426493396,-0.0024105196902860053,-0.06240994573397055
37.845,0.004311616912296541,-0.005956632914474165,-0.04162512770134318
37.85,0.024127741847018,0.000937842640636663,-0.04532073558436648
37.855000000000004,0.0029302460747253276,-0.002603751752730799,-0.058212143844213346
37.86,-0.012719798425011999,0.003253856730373983,-0.03627859775299951
37.865,0.0036339645705789764,-0.006762030007114473,-0.024959048036847904
37.87,0.010422474299180438,0.013793695028898056,-0.04802106267780925
37.875,0.005540204366362746,0.0011029480502834643,-0.030786739142872485
37.88,-0.0007050547504279595,-0.0005508098135484467,-0.027631867106272363
37.885,0.02075514038842472,0.007535639889645805,-0.0246153316568493
37.89,0.008153884113063045,0.004563125712616262,-0.022945228932274492
37.895,0.014084497760611166,0.014644931763981472,-0.02329466585316169
37.9,-0.010301751315124934,0.008810377152840537,-0.02529807302478792
37.905,0.030642554862076246,0.02287077742703794,-0.024287555985196378
37.910000000000004,0.014882181276046999,0.002742616658000494,-0.023340498564702005
37.915,0.012803243916138143,9.00242257218277e-05,-0.04658988578273124
37.92,-0.00270921131852183,0.010202808822571768,-0.04051619541673639
37.925000000000004,0.011346700568828624,-0.010414889731563634,-0.014871413375197387
37.93,-0.007237160516457047,0.010525491900306602,-0.027972398212974457
37.935,0.02877550161943116,0.008647451704751685,-0.027737179593370315
37.94,0.0057761493710124755,0.0008914156159821988,-0.017073865348792152
37.945,0.023364926474155175,0.013488886717627237,-0.03918957300330107
37.95,-0.0043072724660124136,-0.009283758021606296,-0.04501519615952975
37.955,0.0017131016534906937,0.014112057613443193,-0.04744019643781838
37.96,0.021898580467444327,-0.005488029067305795,-0.04526406321474878
37.965,0.015337090125824081,0.009926370484027905,-0.04026439336691672
37.97,0.026635083235000225,0.0075639977515624575,-0.02240645465962557
37.975,0.008116708802168457,0.005474096537366042,-0.037376643833035086
37.980000000000004,0.016259028162032618,-0.00042419248359126804,-0.04858364764155502
37.985,0.016575509585158986,0.015905050725495598,-0.036698759644916444
37.99,-0.001439479534673476,0.003668204514284776,-0.044587118826644775
37.995,0.02218237305822192,0.0007861973504959055,-0.039197001512168296
38.0,-0.0007330947528165835,0.009688575187061312,-0.037889530663286326
38.005,0.012805235398150823,0.011839742986796797,-0.0337916151338418
38.01,0.01454466020170983,0.0039888298250640546,-0.04469146579807004
38.015,0.003788861263864192,-0.009880986960757359,-0.045847513957231176
38.02,0.0059433210185464574,0.008352988719225147,-0.05072232849667689
38.025,0.016365770888509275,0.030188666690692693,-0.03977753733752705
38.03,0.007495124326207893,0.01701429151420976,-0.035375227155204046
38.035000000000004,0.00925921981949742,-0.005785655199436695,-0.032594080544167514
38.04,0.0014971257233904536,0.0011473598116146736,-0.029495519853080923
38.045,0.03354813924725813,0.0018172089476660436,-0.03807362259830492
38.050000000000004,0.01887159156600561,0.002558332709704913,-0.04894256097401648
38.055,0.014433392299430761,0.022662158627040487,-0.04900389153402942
38.06,0.006315988459202421,0.006953807802759199,-0.033321454473600944
38.065,0.016657726852108708,0.01664079118349905,-0.052010473008949995
38.07,0.005020234369531404,0.015884843509609274,-0.038800334848642176
38.075,0.007421603959784903,0.006934718134714631,-0.042133326306997745
38.08,0.004033395398859024,0.01856714787822872,-0.05616922273870811
38.085,-0.008904505594992576,0.013695287685018018,-0.04334740908391959
38.09,0.005736454991091662,0.022395042420723977,-0.05530940145397624
38.095,0.007021639316718287,-0.006141623094443465,-0.034572135686897425
38.1,0.02341336017583681,0.008081286697005918,-0.05026328662774017
38.105000000000004,0.0080687225425667,0.0017265009517823601,-0.04637488428567884
38.11,0.008414923769099282,-0.006821995933088985,-0.0528520234885141
38.115,0.007130020581482488,-0.00061068714336498,-0.03817607457688841
38.12,0.02747568307289299,0.004034561360624311,-0.03417872854436473
38.125,0.007237188248757027,0.00470816417463322,-0.03703766118507772
38.13,0.007296711004120937,-0.005384668290096806,-0.04193142448234455
38.135,0.000988161255207079,-0.0036779864154479914,-0.035571972327599996
38.14,0.002490603747392635,0.010564856559552758,-0.047802174751782806
38.145,0.009610845460223123,0.010814479715352458,-0.04903321637784686
38.15,0.006831521426748519,0.0024882187875135634,-0.05009881053761155
38.155,0.012547829507965645,0.009717105877335465,-0.03535614460085607
38.160000000000004,-0.01235508606592817,0.0022411229059608045,-0.03217791471751946
38.165,0.019982063454924412,0.008984859528135398,-0.03969406118553963
38.17,0.013203759840467538,0.019497845771618366,-0.04473958505461073
38.175000000000004,0.009974824787700495,-0.0044540285025702255,-0.03419490440680839
38.18,0.020073214236429715,0.006886251353803571,-0.048628044161037325
38.185,0.015495339976122624,0.015913698194847323,-0.04265423517226201
38.19,0.020706893143693277,-0.009053002229722154,-0.040711856650509866
38.195,0.007812065634166289,0.003908474191472661,-0.043519164743328745
38.2,0.01400751100662874,0.01839366016386231,-0.044839593591459795
38.205,0.01174528275942801,0.016144603076258576,-0.029047173256237416
38.21,0.012525821649247329,0.018490929539505627,-0.03858877387787401
38.215,0.014680830016799186,0.018712689075470523,-0.047381783170905176
38.22,0.013560895618819735,0.0307948436664573,-0.024214233576280768
38.225,0.02469674801889135,0.009628182922791445,-0.04895492058251573
38.230000000000004,0.012317736706040375,0.021788953299954603,-0.03417495763619876
38.235,0.014329838376603246,0.010295948954604986,-0.046875033648666686
38.24,-0.000681933311806146,0.0020344248489951797,-0.03429544025373701
38.245,0.015788459209668183,0.02860038595174902,-0.0321539672683417
38.25,0.006351481095792373,0.01891814239102476,-0.014501919667979809
38.255,0.021552833058072485,0.008320435026815861,-0.026468185847694434
38.26,0.012805171299148363,0.006420215537107648,-0.024558393047963284
38.265,0.015715970733091153,0.025265942839128502,-0.015441789135802303
38.27,0.011755812956636011,0.008869237502456603,-0.03290520729050248
38.275,0.005442425551386555,0.019697310305759823,-0.032393050798037545
38.28,0.015105203283063348,0.02155940727538451,-0.026459794620238942
38.285000000000004,0.022421513183581952,0.006786671966058129,-0.018159920758372763
38.29,0.0038464337381852245,0.02562185550938536,-0.03585741697358486
38.295,0.006208429104758849,0.02377315741514152,-0.04095973336982335
38.300000000000004,-0.013831259116997459,0.02907349665263792,-0.025008559142119705
38.305,0.03810324694605336,0.01667653744172621,-0.0283900763525501
38.31,0.019366946954351455,0.015421125459610113,-0.027480704100886308
38.315,0.010298683184071691,0.016299333417756145,-0.02514876753402195
38.32,0.01587019130575123,0.022335467574689044,-0.03835321411657516
38.325,0.0075300348277225,0.02797225871781555,-0.03263439151442417
38.33,0.0003335325807931888,0.016821496357648225,-0.046241475908352585
38.335,0.00382314057346142,0.0427829142422753,-0.013018729228521058
38.34,0.026049159417805216,0.015738207445237747,-0.02985435793863684
38.345,0.005256906256885879,0.0144181425822458,-0.021412489853073178
38.35,0.02687361875953044,0.010151977478449958,-0.004860367698075491
38.355000000000004,0.0036350190544166203,0.038291583303334195,-0.036156562306394725
38.36,0.015769574029414334,0.01648892664835238,-0.029641284267058896
38.365,0.012449691196964319,-0.004249477718125692,-0.02813353900514746
38.37,0.012418891844769672,0.013503487842361555,-0.031359535753727213
38.375,0.007936723524581656,0.010273849768063767,-0.032962324884013856
38.38,0.006676269238559893,0.019190026262172585,-0.0270760566358527
38.385,0.012794206218619326,0.02257322699188563,-0.03340044419429993
38.39,0.01919132728522662,-0.0044882329478840785,-0.05238705931690768
38.395,0.0064087489312270735,0.01425788353930078,-0.04456174096955363
38.4,0.004777438405151234,0.0018662448393547935,-0.050721796840134815
38.405,0.010570446009252228,0.011500375693154492,-0.028066895139775738
38.410000000000004,0.0025890394349991075,0.014624203514880363,-0.030745604116106055
38.415,0.021658171796566088,0.025342755340868977,-0.03432990847191739
38.42,0.019629911562284004,0.007343015139237966,-0.025406444872757613
38.425000000000004,0.015396336333948352,0.02797612694221301,-0.03540811108601783
38.43,-0.0010699203579784544,0.016546928018847988,-0.03435082216370361
38.435,0.04167231340833178,-0.008239332054444234,-0.05040606601369428
38.44,-0.0014127668344989866,-0.004605221188979346,-0.027159268104076328
38.445,0.005862451610303361,0.026415750210086963,-0.027551605291173068
38.45,0.006323517138327399,-0.00478426840993057,-0.035391495459446067
38.455,-0.0059019439600227,0.02667501922964306,-0.034473413040507384
38.46,0.02149845268355515,0.016785669149817932,-0.030542601573840093
38.465,-0.004896194893784643,0.006769423761931192,-0.031083058608358822
38.47,0.0029308533535333595,0.009485330967052064,-0.03006296499815881
38.475,0.004388852188511601,0.013376580862128947,-0.03705801405907108
38.480000000000004,0.006726593067773401,0.006629892453515321,-0.027397926693214603
38.485,0.01774419978765073,0.028604747335331485,-0.030892522809495355
38.49,0.0001749713351718099,0.01630468234719603,-0.04855486525340452
38.495,0.009011731647918048,0.006225781179134235,-0.04331861056938848
38.5,-0.01080871395069228,0.017354730355329126,-0.035766060825863866
38.505,0.006548039038636544,0.004601063734200977,-0.04477132992028879
38.51,-0.009470060477243677,0.018575743021079644,-0.027623752848893353
38.515,0.013705817083273009,0.012231243032282648,-0.03331913889304457
38.52,-0.00709809153904362,0.015759741844377256,-0.039747941882831365
38.525,-0.011739610125119912,0.020537766296121522,-0.048300706909474536
38.53,0.014574498807449508,0.012451030719127615,-0.025424474423420083
38.535000000000004,0.0014204174465981684,0.018524781463971414,-0.03935004747745326
38.54,0.011345455084838016,0.031964306697178466,-0.0320129677672551
38.545,0.012097064085458353,0.013365471270381775,-0.04065122585683284
38.550000000000004,-0.0001383282816933354,0.004913840855330795,-0.04311879679578565
38.555,-0.012192327523007689,0.005676102558084574,-0.03135622017179973
38.56,0.009219036519902739,0.022145757384512788,-0.028294530686724065
38.565,0.004240349614810096,0.029948879928783163,-0.0314036062355069
38.57,0.018026937527663205,0.029193746076915907,-0.037566425525166584
38.575,0.03488113540106718,0.013310816822960727,-0.026617555774339118
38.58,0.010994596123498838,0.011340726676637741,-0.018931662854097024
38.585,0.027900109463032327,0.02259710669285665,-0.020652484905347674
38.59,0.02566275290499167,0.015075423811755662,-0.024146872829925514
38.595,0.03548473138085725,0.010420969524868633,-0.02966850518796345
38.6,0.008967492275681,0.0126423052277625,-0.024925700138520558
38.605000000000004,0.03292029068580383,0.04841593678581122,-0.031880676516862765
38.61,0.012908362384687858,-0.0005828152687528503,-0.01942572932886785
38.615,0.011037321953092746,0.025639090703484614,-0.024396895080225585
38.62,0.013510473292859614,0.015593690788643531,-0.02700123060087298
38.625,-0.007318240902133538,0.00852273101871789,-0.02730974182205014
38.63,0.0133611327362878,0.02497111192367636,-0.034742702178204535
38.635,0.012715970874220835,0.026654652597692816,-0.03787559706835198
38.64,0.012601045905596367,0.010336620871045137,-0.027577928647276408
38.645,0.0020607888646256393,0.015947574590831053,-0.0348644000063127
38.65,0.003981703810229324,0.01986458562718395,-0.03595235389951629
38.655,0.012574847216161658,0.020933059437492626,-0.034805081954459555
38.660000000000004,-0.004849942699383974,0.020139911825746183,-0.03515446924873155
38.665,0.00011834731203331367,0.030722202999320533,-0.025352497893202746
38.67,0.011228932109992512,0.030152363208622076,-0.030238088823922163
38.675000000000004,0.014542872105351025,0.023319202232134278,-0.029692729211501578
38.68,0.02426474072981125,0.027636729456652086,-0.023802785895126927
38.685,0.0034921836839842783,0.021738511639850806,-0.042039019182714216
38.69,0.0034870774930045798,0.03830022500476362,-0.018190160154227298
38.695,0.013196352688664578,0.013843062169311814,-0.01647416098304339
38.7,0.029444673748091378,0.019254971969129103,-0.035550170639909846
38.705,0.02420720879022077,0.03486149833733361,-0.03633576469391124
38.71,0.015157633601411657,0.03647802507521558,-0.02964227077428718
38.715,0.03619938130414683,0.03986913432539313,-0.020494100276053306
38.72,0.02284387033995599,0.012461229377093002,-0.024231388818198963
38.725,0.015083858294843357,0.013503164059913367,-0.040600666806701685
38.730000000000004,0.012332175227201779,0.02135819409446821,-0.0345178156103243
38.735,0.009411622604894976,0.03007709308865333,-0.03515753803663424
38.74,0.01974953239692796,0.021966948066703112,-0.020788490435970773
38.745,0.021434478247984234,0.03656728690540639,-0.03623475983728432
38.75,0.01193270243347359,0.023454207060690624,-0.03299778870593738
38.755,0.03323321181416754,0.037773577489773676,-0.012639270738112014
38.76,0.023971731423927247,0.017278927440460227,-0.01523755283475834
38.765,0.020470526341245136,0.036775449037482456,-0.02505626767538171
38.77,0.011646422994208379,0.020495413979064576,-0.030683615135298017
38.775,0.01908093479167836,0.0005738141108610326,-0.02769885844077266
38.78,0.028354711685085562,0.012926129109981558,-0.019423331402964365
38.785000000000004,0.03210872809065296,-0.00134544496002429,-0.02068005226902567
38.79,0.01838654395693444,0.03132171120469169,-0.03263351274253228
38.795,0.026000792449974715,0.020228498436280967,-0.027945024450615873
38.800000000000004,0.021335789527317354,0.03482509325566747,-0.022171866209430763
38.805,0.023176129703661345,0.02811487166878292,-0.02654145786973642
38.81,-0.010842172814911332,0.024470324279310705,-0.029822170825177022
38.815,0.009825260380112867,0.022278593424078823,-0.04462581626018684
38.82,0.029684887191053447,0.029546792172360635,-0.02333479014705625
38.825,0.02503996568629393,0.028063036091476905,-0.02916706982837349
38.83,0.012807003422968193,0.027451509451435402,-0.017419137929879442
38.835,0.012260688209745442,0.022887863172996754,-0.02040867123734688
38.84,0.02151170079125707,0.0329401502508265,-0.03232555806658262
38.845,0.011845258164857729,0.030930807073382985,-0.028446921019733448
38.85,-0.0022378868344332566,0.027456175940690775,-0.02608876322924504
38.855000000000004,0.015950552899135596,0.03084560290446077,-0.025305570876966568
38.86,0.010201350191394714,0.027460775383655798,-0.014999838727642092
38.865,0.005775490291923431,0.025624660488808994,-0.022036184316317625
38.87,0.027553390697970918,0.011622389696556079,-0.021054623970326095
38.875,0.03348715474165734,0.031085584699721846,-0.02188119942241552
38.88,0.014769434883734806,0.026356821993415762,-0.012333609805758969
38.885,0.02244471301763851,0.02243123539202638,-0.028168534406220233
38.89,0.023506746784891806,0.02211969586943626,-0.044274829428987944
38.895,0.016261572540291556,0.030441094114750655,-0.021437770345678363
38.9,0.007050681138915445,0.016595496851641797,-0.014214608225354683
38.905,0.015622080240745687,0.022201706979700843,-0.016877678154000916
38.910000000000004,0.030933426248791217,0.026436774643734066,-0.027953954148479752
38.915,0.014224592145304735,0.02013973543464586,-0.03231360972758133
38.92,0.0191254246123377,0.03091804917107481,-0.020093225616723134
38.925000000000004,0.011254296582269525,0.024604513479850862,-0.007061415753396815
38.93,0.014795165345768531,0.023263304816954662,-0.00558614574712701
38.935,0.022560711420052216,0.023062596371184567,-0.011912958170211976
38.94,0.01723583691495006,0.028310075440639283,-0.03155784912669074
38.945,0.016329229253402463,0.011199702057540225,-0.016834725929167207
38.95,0.028332335994078413,0.040292186371511635,-0.003733404890160559
38.955,0.03568587663080735,0.013995278979201144,-0.005053117101689656
38.96,0.02346934019196327,0.019223727924910134,-0.01600924375816128
38.965,0.04056977922870629,0.013200456940817847,-0.021849752669265737
38.97,0.025146091312955095,0.018811263060816673,0.0019443449575492662
38.975,0.03500182498606421,0.04066284303869284,-0.018109190179858577
38.980000000000004,0.03623878197962335,0.029149224058460627,-0.028461081692425616
38.985,0.02308904140339688,0.028501807042804677,-0.005660396605349317
38.99,0.01733720414224116,0.002897814839978502,-0.021626629378527835
38.995,0.033930308059516794,0.020403199637461268,-0.01864117009791726
39.0,0.017741734394041704,0.029572816280248083,-0.03344096584267839
39.005,0.0193511795443113,0.0403436990018518,-0.014860492782955426
39.01,0.03186062384067913,0.013771089983413108,-0.015201461162785278
39.015,0.021941649393782882,0.04695555088681333,-0.0022783279729525555
39.02,0.033217580199736904,0.015570363175564303,-0.0024406190662505864
39.025,0.02443533528188462,0.018016800359411278,-0.023124853047199308
39.03,0.02849038649232711,0.014420149220604535,-0.01733526072644314
39.035000000000004,0.04935079206725983,0.031003026004933577,-0.01451476842432215
39.04,0.023423967572113194,0.02490234178670366,-0.02519070538557249
39.045,0.028895990261192085,0.018175754630716186,-0.016342746700195674
39.050000000000004,0.04311077557974906,0.03207569679278937,-0.022709594504445242
39.055,0.03490603798474342,0.04575252633723514,-0.018924102042119445
39.06,0.014853129444663809,0.0170560197455127,-0.000639668518976351
39.065,0.02181353677229188,0.019042367974318172,-0.022289686302037134
39.07,0.019846130538970396,0.007005499021361073,-0.007365716284735351
39.075,0.02690016009225796,0.016789630110873477,-0.022836588557535533
39.08,0.033999988191264305,0.007257575808349111,-0.00907713569169915
39.085,0.017424514700146825,0.027694698080854247,-0.010074443862700004
39.09,0.034879644650994523,0.024301026459678195,-0.018518931050745806
39.095,0.021349367248156538,0.02507541637049126,-0.01154635370864791
39.1,0.025075998763095683,0.019933030319634268,-0.015634972485747016
39.105000000000004,0.031170288584775097,0.029020148053171158,-0.02175449068558389
39.11,0.024307068030580074,0.006289134371620972,-0.020413069661300673
39.115,0.024294965249645632,0.03139865427128918,-0.03467948955916593
39.12,0.01776223306093288,0.03876380483537221,-0.014138256949818512
39.125,0.010108845260210234,0.009068560807309172,-0.019519300766025288
39.13,0.0165253065428627,0.03154558305261496,-0.02788262551710391
39.135,0.03255324734259371,0.038162973886547324,-0.021188572791788707
39.14,0.026291195965906948,0.002692668663216491,-0.02718815279552732
39.145,0.02051534542408662,0.02192864405576868,-0.03527046606577743
39.15,0.0018283876540850438,0.0117167778641321,-0.017819991774040297
39.155,0.008876072893410324,0.024380000489976364,-0.021910458904881407
39.160000000000004,0.030934079854155024,0.003928221423725756,-0.027840007364668126
39.165,0.017461770310509245,0.011520462994702663,-0.028959156230811738
39.17,0.013480101974358154,0.04054424732456679,-0.020450152150137832
39.175000000000004,0.028644322817084938,0.020221492480580618,-0.030094179302051598
39.18,0.02551772295348602,0.017731753125084886,-0.03562797840578724
39.185,0.028986451131802454,0.02018806674081918,-0.02947482299448202
39.19,0.01885802715038655,0.026073084599333614,-0.021679469817735796
39.195,0.028554750688093357,0.02284455341558187,-0.038190424195703274
39.2,0.02383167780884763,0.024172773223546135,-0.026197627777795288
39.205,0.01053414810110462,0.024706409864337045,-0.029655171682588525
39.21,0.025978483580858774,0.02510607897093147,-0.0234534781111
39.215,0.019920361554414203,0.01971985887633325,-0.02765235037709981
39.22,0.03800210185127777,0.03256562998668588,-0.025472948424576917
39.225,0.024130648607028023,0.019343045903471467,-0.039277397264933164
39.230000000000004,0.031344143536947866,0.032567893625013486,-0.03436355048005687
39.235,0.019844364511848123,0.0236193645848271,-0.02731599276991321
39.24,0.014846877026437794,0.02483377294531276,-0.04653269866191867
39.245,0.017668279696383866,0.03928938569811945,-0.029387836929286586
39.25,0.04293573107086157,0.027989460183026754,-0.044676824570715014
39.255,-0.010645364607846658,0.015641136573592555,-0.024228090562718855
39.26,0.029449240336998767,0.0158521653076826,-0.05424698781835014
39.265,0.03707386424945171,0.00457836421809924,-0.039452168775201524
39.27,0.03222507837789868,0.02197514072531037,-0.0403884216785677
39.275,0.020226965378702225,0.04187201355571504,-0.0413835616368347
39.28,0.019166856924715994,0.043056789720916165,-0.03718859311706869
39.285000000000004,0.039355870729832924,0.027846432802288903,-0.04954228616816316
39.29,0.0259161279064374,0.026957491224887286,-0.027819050429669617
39.295,0.030785950666434497,0.03361065120086706,-0.019768204727378218
39.300000000000004,0.009986703876315629,0.039514377064342764,-0.016270254325385283
39.305,0.021677067592664148,0.015256813053286031,-0.042671792152073645
39.31,0.030832771467635876,0.023235045807369382,-0.04154812396381431
39.315,0.03290428111201497,0.03328427815007059,-0.028183903220567033
39.32,0.025651111237843176,0.04033704435247743,-0.036263995106869
39.325,0.038403631823608925,0.039675616824638764,-0.025237768385150034
39.33,0.038331360422411156,0.0332806729839005,-0.038610014151617904
39.335,0.026133034791042425,0.044858727090844194,-0.056114675324949376
39.34,0.004998308395654447,0.012267737867236417,-0.036943609955662725
39.345,0.025365409182039955,0.027014857824040454,-0.056861218725837145
39.35,0.022486285280248063,0.04178096580397134,-0.042062031648243334
39.355000000000004,0.02239125006969493,0.021798206135415506,-0.02457544707736023
39.36,0.021445315099114508,0.023052497413351334,-0.05903806615293773
39.365,0.022709051195730426,0.011602281787756196,-0.05424154264086231
39.37,0.007400217850991486,0.05055444058555457,-0.029487231544437748
39.375,0.024742579751153338,0.016169837583997346,-0.04354320216233698
39.38,0.022641619480667886,0.037158819394097035,-0.04063567486498955
39.385,0.015565100391379927,0.028535393014048015,-0.0419836030503771
39.39,0.005692869242711705,0.01752682005948099,-0.038745218243627914
39.395,0.009738780967316885,0.040622362150291996,-0.025215602222082828
39.4,0.013195543212753326,0.02501865602619166,-0.040744889692958294
39.405,0.02157430298942887,0.02051755013762938,-0.029972042391905047
39.410000000000004,0.014843719551357121,0.0330503824503542,-0.049244554116948225
39.415,0.0329175131009286,0.022756637940539077,-0.036990729834997
39.42,0.02049190225210022,0.025454711751915375,-0.020546980378201376
39.425000000000004,0.0245239494422442,0.015725231897581373,-0.051217099489901746
39.43,0.023595272534045343,0.034919517367523724,-0.051711303830198306
39.435,0.02649781892760388,0.02169868797960264,-0.018802653327304967
39.44,0.015078898488417355,0.0450168034844627,-0.04264197159887194
39.445,0.0323886082239116,0.03482349188953898,-0.04429668175205399
39.45,0.028618666009983126,0.025180173781262107,-0.04395493942848442
39.455,0.010867604829016848,0.026005473578584126,-0.04281893494310014
39.46,0.02051800219267267,0.005779997374212672,-0.04892212287794877
39.465,0.03494247712304392,0.01872651146521812,-0.04548840674366679
39.47,0.010066511121060797,0.029976236127670638,-0.0423025922784151
39.475,0.027882233496246044,0.04160877679071978,-0.02035209961000365
39.480000000000004,0.02842544764931916,0.04672540609267542,-0.032070247229392355
39.485,0.021536115207772284,0.03889974567236961,-0.05455050323967824
39.49,0.035638786155801086,0.026497308107566495,-0.048494853498530464
39.495,0.022832302183684847,0.03352213796416552,-0.03948010588775151
39.5,0.01781413653591268,0.040428760163331905,-0.04392145641915805
39.505,0.019366775861972357,0.02940816978166064,-0.03931638455556642
39.51,0.03241724482328821,0.03952215781382423,-0.044386229859175806
39.515,0.010280020837242367,0.03899029007001228,-0.0475275791383052
39.52,0.03089421685514737,0.01721137363168572,-0.03433932698447708
39.525,0.019055203633301813,0.026880112400436286,-0.036223976754573305
39.53,0.026741653476185852,0.03800376899332362,-0.02350056205335196
39.535000000000004,0.026224211258235923,0.022625197290182295,-0.04798489460111761
39.54,0.027528057626124168,0.022558866768113837,-0.030900354596583062
39.545,0.026889577872405465,0.04135270365211109,-0.042464835832983105
39.550000000000004,0.018895476377325443,0.029922229810516975,-0.04874965346178707
39.555,0.01959216691309993,0.01629509755720719,-0.03786922338207664
39.56,0.01617061080232483,0.017956179430223422,-0.058637177054763914
39.565,0.020139778309905165,0.028479738882761632,-0.04550973549465446
39.57,0.05197809404158486,0.03558220575049141,-0.020476509855930535
39.575,0.02017523271652241,0.02030822701170092,-0.03003990983678615
39.58,0.010399165110547864,0.03869023966399465,-0.052729385465396045
39.585,0.017266480771993005,0.024099209016169947,-0.049272867603580184
39.59,0.0292772649906489,0.014412033871739307,-0.04963560559095625
39.595,0.02400065416251665,0.017512421661015062,-0.03366506493484301
39.6,0.02318602653470866,0.02535004596937923,-0.0491560191273314
39.605000000000004,0.03139280027535298,0.021193661864262622,-0.039290354792531915
39.61,0.030448761521541676,0.022858335586967492,-0.047695092229711314
39.615,0.015432071932751867,0.025875219264820646,-0.0399887657041864
39.62,0.028912770050486824,0.0245959689405775,-0.046499556258385435
39.625,0.018860556296309283,0.0266506094686907,-0.04869241905900579
39.63,0.03915628918397312,0.01814739624774967,-0.03322993500402679
39.635,0.012800384535081153,0.03712965750970867,-0.040472587143070504
39.64,0.023828989861013686,0.019251973799194792,-0.03228985719734237
39.645,0.038118265195479915,0.03519299438172249,-0.025018922791583232
39.65,0.0412919658002294,0.027916477370726257,-0.05240034188677563
39.655,0.025872339879158178,0.024795989121448855,-0.03508836029002804
39.660000000000004,0.007372013753493386,0.03776613845042303,-0.044486348624614654
39.665,0.0015674587145522827,0.032251200470904184,-0.03701289515788937
39.67,0.02618588220989139,0.02395919262754469,-0.061886379275676764
39.675000000000004,0.02372449061923224,0.026952523645594327,-0.035285043343225166
39.68,0.024824467724194044,0.0352844252582525,-0.03630722131614969
39.685,0.03183646024275749,0.013186042112986457,-0.05179783269840986
39.69,0.02431904503694836,0.006445198139106581,-0.039276999972100254
39.695,0.029894016084052767,0.01065046455509851,-0.028215039701563818
39.7,0.038891880381133816,0.023869847234033986,-0.048559886092224225
39.705,0.020539825157475176,0.023297826701641777,-0.015592286238773657
39.71,0.03638498132965684,0.011182397007115187,-0.043142025923851475
39.715,0.027697241519514863,0.025092972815625808,-0.04139541665322923
39.72,0.01993417759596374,0.02991182437447668,-0.03466588748766285
39.725,0.02958162165607965,0.010720514950187098,-0.07374993253188894
39.730000000000004,0.031501592435972836,0.005603553943065152,-0.04247035431096859
39.735,0.04161194901172567,0.02718751569841548,-0.04293284378323098
39.74,0.041010931902642975,0.012369744586499188,-0.05455783011873729
39.745,0.02913890271558447,0.02189439124425005,-0.05623211144237482
39.75,0.018711025978578155,0.00823324263362715,-0.047502163334649655
39.755,0.023245981210925196,0.01018192742638768,-0.05203113220163456
39.76,0.0400726108416395,0.003984365084087597,-0.068752527963302
39.765,0.03429650820271078,0.012543260300096134,-0.03946331865650444
39.77,0.02590826199169156,0.015513905289163073,-0.046857772576065285
39.775,0.02352982081361739,0.014929784983468508,-0.052122178792250534
39.78,0.01697810900293463,0.01136175203143778,-0.044551176843759234
39.785000000000004,0.032063832063413365,0.009589952055548502,-0.039513615615146415
39.79,0.020634538252522244,0.028158878162751345,-0.05340940738289676
39.795,0.03571005203617564,-0.000920314405702477,-0.0476387899156545
39.800000000000004,0.017062854673476915,0.011585930847663068,-0.044925208199283785
39.805,0.02729780707545119,0.012577979970305922,-0.034963969372152105
39.81,0.016814410436154677,0.017243612910198255,-0.038607426251417
39.815,0.027557398020277443,0.0030995484258757103,-0.057704890500752434
39.82,0.026142578717359966,0.01869726334314223,-0.0521534090876206
39.825,0.027843224923879452,0.019233407104406006,-0.03463044241040626
39.83,0.02462172452196397,0.01758954225267611,-0.04569682588060357
39.835,0.042865692149054196,0.014061043449279574,-0.04449230181547498
39.84,0.013966452771325548,0.014028364232358126,-0.04950719632930846
39.845,0.00896247691656702,0.01931860158343935,-0.0439527432677985
39.85,0.04067913242963502,-0.0014234851513052708,-0.04774124170829347
39.855000000000004,0.04073745340814872,0.012897188605938905,-0.04772155625321277
39.86,0.034859636143434694,0.01982731255736698,-0.037160735553216646
39.865,0.034043240321789126,0.0022537587082301896,-0.05088652849188405
39.87,0.03418272965482054,0.0016632126354600412,-0.0588894642881707
39.875,0.013228274290530117,0.015949041095185468,-0.035647506581344184
39.88,0.028713672296082935,0.01723361443784922,-0.053217235344109826
39.885,0.0362632260353445,0.0011346047708296874,-0.06141562364211699
39.89,0.021580811066373155,0.01350549556966468,-0.05240004873414149
39.895,0.04568924460855473,0.021019345504870494,-0.0527124294998438
39.9,0.03840900669519491,0.0218270896342704,-0.06225380690894183
39.905,0.031841786748333004,0.015745058426888767,-0.04623573588877421
39.910000000000004,0.042983482613294294,0.011970520688448774,-0.056526109193016996
39.915,0.024740422502204425,-0.0023051117794060678,-0.0343923745211031
39.92,0.04842927258857801,0.010326107922229402,-0.03654211852661104
39.925000000000004,0.026873438407967486,0.013092259119800352,-0.0509017667023535
39.93,0.02470766067060967,-0.0027133984855465133,-0.056089422643856475
39.935,0.025243676700584725,-0.008330611365609367,-0.05189371221342792
39.94,0.022506527473988985,0.00752810825139159,-0.04707395393094993
39.945,0.037845075148860444,0.015049433166420918,-0.05110625009171507
39.95,0.025076030902082512,0.010212289944867394,-0.05852899353491326
39.955,0.03425929675568004,-0.01093244050622191,-0.0755147784127479
39.96,0.024584987575268072,0.015054211581724318,-0.04462495898714442
39.965,0.04066042185920696,-0.0038134941639378864,-0.05082931975971961
39.97,0.043939516025239336,-0.0033114101985236895,-0.05157175522432353
39.975,0.02166587703486761,0.011779534597780094,-0.06252146439936512
39.980000000000004,0.04193800162513413,0.0026712993760319957,-0.05784746848033496
39.985,0.024054475018560603,0.0038415010786238823,-0.04200781850871431
39.99,0.040614186194938576,0.004538470540120205,-0.06700811050793094
39.995,0.010284290956828403,0.0048851505383724,-0.045801267527992365
40.0,0.03292483842257056,0.018448641813525523,-0.06358695166035624
40.005,0.046721244310271665,-0.0004251529389415129,-0.041344864776886404
40.01,0.042801876451921995,-0.01273526461731039,-0.044664770232266775
40.015,0.041683419764838456,0.0006096569485484551,-0.056101115835656364
40.02,0.022879459278779574,-0.02125444144462583,-0.04003519126194605
40.025,0.05130226666616634,-0.0016441990528213903,-0.057817871172767515
40.03,0.025302997835883537,0.0035849433512268342,-0.03311701781839115
40.035000000000004,0.019608686539177286,0.00630736430148522,-0.05025050868270969
40.04,0.030877511943087584,-0.007464680853719925,-0.05830304295884935
40.045,0.01158620807527201,-0.002837228513984177,-0.05418792649102213
40.050000000000004,0.03132935274432561,0.010410360971052966,-0.04708707356726755
40.055,0.03065367845325352,-0.002626023557307523,-0.06018220747958222
40.06,0.017781355447016693,0.014706017563080768,-0.05035200785830631
40.065,0.013222912885160884,0.014841054720633814,-0.042497640776141744
40.07,0.02570426433789866,0.009168196319587665,-0.046627126896709205
40.075,0.008625166560115527,-0.011555330550770284,-0.047607463417313894
40.08,0.036080897106334386,0.013153595754182353,-0.05190060839758305
40.085,0.037153533316477666,0.0085383924902674,-0.04642954722038215
40.09,0.03663528504873128,0.010653745636890338,-0.04344307662089742
40.095,0.028526265461338313,-0.0008548994354890867,-0.035294820543495725
40.1,0.02856882232332303,-0.007837607026340922,-0.05697516801496874
40.105000000000004,0.029572316608579393,-0.008668439183050974,-0.04086326812498143
40.11,0.023022102887410845,-0.01992021705807267,-0.06199575860503875
40.115,0.038382545202960146,-0.013591772448692842,-0.04631424744783433
40.12,0.021543744584398943,-0.01948651762718965,-0.05873635472458223
40.125,0.022102006044144317,0.006274570045436604,-0.049269376054554975
40.13,0.03976590114809701,9.927486429630802e-06,-0.0491695551743688
40.135,0.025615400300366967,-0.006674537487084801,-0.07789625467748088
40.14,0.024213390380833862,-0.01667305196264892,-0.04936868477003462
40.145,0.04021727575734246,-0.024781478485321425,-0.05673145729385846
40.15,0.024291250725119656,-0.020220201622525844,-0.05651979342585363
40.155,0.02784050800822247,-0.012322905625585185,-0.07242218406714951
40.160000000000004,0.029053352177587956,-0.007092687344096549,-0.05341745866546385
40.165,0.02307128423388041,-0.012665682891117584,-0.05433736680784956
40.17,0.028410249198035267,-0.0033131407646000265,-0.07167830275994218
40.175000000000004,0.030064239416183646,-0.026868655835720047,-0.06440467812555914
40.18,0.03592008929446133,-0.001058118063532969,-0.07305464831157951
40.185,0.022427355577362112,-0.015439040676473711,-0.05747568250457492
40.19,0.0256923503376401,-0.012775544933424206,-0.062005020604050665
40.195,0.021615544327474496,-0.024985424798451006,-0.06322522232596552
40.2,0.03984439371738507,-0.00400177827891974,-0.05981814824270293
40.205,0.02095115875387326,-0.015516714098929678,-0.07093543063220184
40.21,0.011855114691192863,-0.017034076659864807,-0.044090701632190636
40.215,0.043964645379167576,0.011193987691311238,-0.044212956530637074
40.22,0.025836025481174203,-0.024999443330313027,-0.0568674468836219
40.225,0.025634862206166193,-0.005642536729899742,-0.062479246319110775
40.230000000000004,0.02367751078194212,-0.00968271952912551,-0.05209456920248516
40.235,0.01380482532563693,-0.012015699900851249,-0.058851182516522396
40.24,0.018651740707807545,-0.018350729512870326,-0.07261335910119154
40.245,0.007612735298834928,-0.004917660250074694,-0.08433054235364874
40.25,0.02928523886034554,-0.017576884312311573,-0.058643639136307865
40.255,0.02112372730471473,-0.015110145190906088,-0.06907056576066373
40.26,0.024844760998168007,0.008460688412848017,-0.0622077663677582
40.265,0.03169836595967551,-0.020705230468828655,-0.06975634450413451
40.27,0.02387242007577191,0.001412988284761955,-0.06355218493144996
40.275,0.043461364000293864,0.01283471467888793,-0.04033162033558296
40.28,0.03163880494157596,-0.003766155998739066,-0.04248709537060621
40.285000000000004,0.020561122701882827,-0.00284477863006176,-0.060458765940468895
40.29,0.04875926975508873,0.007874473823753243,-0.05032558096013458
40.295,0.02635136048887856,0.001879089402507096,-0.07235352187578012
40.300000000000004,0.03714923233653024,-0.015454887152181233,-0.048207261350795484
40.305,0.04002610758996658,-0.01768522674877174,-0.06709949415162748
40.31,0.035649199668150604,-0.013224976146812442,-0.06315039906686526
40.315,0.033072942844007365,0.012330242758223371,-0.04332257647701059
40.32,0.0366658863729976,0.002100229235420142,-0.06323895583570295
40.325,0.019574635419007225,-0.007171417011600147,-0.059526586834885944
40.33,0.033258485047324725,-0.029342594404761557,-0.06982825152249764
40.335,0.0409898228520529,-0.014988850560421176,-0.0687312777995557
40.34,0.03917448937832746,-0.01509027940977211,-0.057484927120419346
40.345,0.030120426765916267,-0.0028727812940859887,-0.045389712343182516
40.35,0.03896393672177813,0.007691779688802754,-0.06378092864478958
40.355000000000004,0.03928707828469146,-0.006326112526561418,-0.05187705536560741
40.36,0.040257598859775104,-0.021901314493626086,-0.04642948840614377
40.365,0.043156090072159,-0.028785055034874066,-0.04685558994551589
40.37,0.0345703083690761,0.002665137212489915,-0.04612758738432943
40.375,0.036870305844656864,-0.0036852883933167317,-0.050429212314662686
40.38,0.035116449939330184,-0.004269615738730614,-0.053542123027410654
40.385,0.03842207747159859,-0.018192733104183047,-0.06864199588191074
40.39,0.04089503929859889,-0.005494077915385316,-0.059725491708621084
40.395,0.021573401888261207,-0.008671013331408784,-0.05761633402272198
40.4,0.03477507556567146,-0.009182613112036709,-0.05788140798182896
40.405,0.03452301213123924,0.0013277801209918352,-0.06205162084323817
40.410000000000004,0.04446184705475581,0.01892459269695857,-0.07204222947261787
40.415,0.040993623128685194,-0.01610655037783972,-0.053996487898618634
40.42,0.03857667070376411,0.013217804855065894,-0.06815949014034575
40.425000000000004,0.029282815068598103,0.007012922267850014,-0.05701465705586788
40.43,0.045862999672609095,-0.01086775529228379,-0.0770599950825834
40.435,0.03508680633597218,0.012291088143366234,-0.04776721584741497
40.44,0.030926298760607894,-0.0009175747252239182,-0.06588825861866762
40.445,0.0362063392906503,-0.0015913486491411272,-0.06237983036059855
40.45,0.04818358847975274,-0.009202996887236903,-0.04821392939769595
40.455,0.04309044933968997,0.0043944953827134954,-0.055300471343767484
40.46,0.026824995728953985,-0.0007238233447564059,-0.07213794411271075
40.465,0.052685596926050376,-0.004943955599160918,-0.05919818830700038
40.47,0.03910773838457305,-0.004781195343293677,-0.05124915074904111
40.475,0.029292041267352378,-0.008825425708392542,-0.05968821645665761
40.480000000000004,0.036130640534130634,-0.005184844358249609,-0.06356798017617238
40.485,0.048238216162859816,-0.008160943537133942,-0.054505990392955894
40.49,0.03217310285342064,0.008309899087816357,-0.04178112005206969
40.495,0.04030080222084563,-0.01902616329427047,-0.04617298916908766
40.5,0.0159888787762521,-0.0038310218779862787,-0.0692262012835052
40.505,0.026798148702245988,0.008001530811158042,-0.052543211634876144
40.51,0.05428904321290223,-0.022503814026556532,-0.061108171514743743
40.515,0.049227124652152544,0.004840043697142955,-0.07217056566931365
40.52,0.04027133966755171,0.015770024962849516,-0.05910423625911057
40.525,0.027014056337114345,-0.013895909948076548,-0.052703817741068165
40.53,0.028499834543541065,-1.6544156132515184e-05,-0.06721229694756453
40.535000000000004,0.047191390952252665,0.01134490040793666,-0.054473747059496994
40.54,0.032896843140017284,-0.008409196753596419,-0.05642534465962712
40.545,0.02561325493197462,-0.009485694238744645,-0.05857665836882102
40.550000000000004,0.020053241865469064,-0.010438748316814529,-0.040955785762633305
40.555,0.01608381607719067,-0.021240657288708425,-0.04289051193765472
40.56,0.025563735076853715,-0.0025862207046446345,-0.06435624740032517
40.565,0.033701749377059775,-0.01058596608978921,-0.050859902247328385
40.57,0.0371336083136227,0.0030162639614270447,-0.05334494907074326
40.575,0.039171354032849985,-0.008697614152182304,-0.07180188964210682
40.58,0.036193898137504524,-0.01657367001893688,-0.06237326258739115
40.585,0.019884646257765218,0.012327089843308915,-0.06336486053801899
40.59,0.04065950372947302,-0.012816323974220195,-0.05789703880743499
40.595,0.04183696389879845,-0.013897687393929221,-0.07595190350540122
40.6,0.05059676698669494,0.0009544381902114579,-0.05139949295012515
40.605000000000004,0.023826099167931665,-0.006249906170325146,-0.07756450287186645
40.61,0.045721455729583006,0.009423616303733822,-0.06704658499079988
40.615,0.012996544668786369,-0.014311548314609911,-0.05755627438700009
40.62,0.03191759249627739,-0.0017348665064448802,-0.053651477614698045
40.625,0.03276934943004422,0.012936991616595893,-0.04385206746072873
40.63,0.03656131873356423,0.002694890260007298,-0.055306089247729506
40.635,0.032437002260182785,-0.0006922024589692457,-0.06634224140447087
40.64,0.05184815753628464,0.002503236836800647,-0.054931179098804184
40.645,0.02331495784094027,0.007340976184522808,-0.04832309629086829
40.65,0.02331285614944317,0.010879983777381442,-0.04870475327904852
40.655,0.03202019582151391,0.015808169990164895,-0.04472247474099011
40.660000000000004,0.03515410908755071,-0.0029942739247348507,-0.01802059670820024
40.665,0.05011492798313493,0.008180171401117011,-0.07100013427824879
40.67,0.030549389500126634,-0.012712357043258463,-0.04547699565389256
40.675000000000004,0.033527778462179234,-0.008913207075671436,-0.04754279576278633
40.68,0.05043539026018049,0.007818879850875392,-0.046930294190422654
40.685,0.043268065018908265,0.0023871424533631613,-0.06278611832041708
40.69,0.02504139238909347,0.0014573682226196394,-0.0640809554680542
40.695,0.03572841409444401,-0.013010691728787575,-0.059101951461513653
40.7,0.03886764547215053,0.010073678492275355,-0.06074435729978739
40.705,0.029619833818219372,0.03898873745037692,-0.04883707253287635
40.71,0.022590733746691675,-0.005073334605229371,-0.05794833356462083
40.715,0.043646401927101015,0.00450863783483684,-0.042720868504062474
40.72,0.026751073557259596,0.014618661958724275,-0.059539844826643366
40.725,0.023248122673780437,0.013500018491399332,-0.05436432218270465
40.730000000000004,0.05304342216251656,0.0019358684097824088,-0.05027846348145885
40.735,0.024543112530200396,0.015205595386765896,-0.03809147149246138
40.74,0.050058718837342794,-0.0017474311034403603,-0.0481758041727971
40.745,0.03495481835839537,0.0012708795944025742,-0.05374081748034268
40.75,0.039014598056408785,0.008265708577616835,-0.05303579569815721
40.755,0.0391447974735556,0.0031583904493200274,-0.032356490370811265
40.76,0.04036674019587172,-0.019135560881059832,-0.045872765426476905
40.765,0.03640666573958761,0.016953194729816396,-0.037181789507138414
40.77,0.023928747489077227,0.00923158698469011,-0.038100350686390616
40.775,0.05655364122844217,0.016407578938275193,-0.05719877672277364
40.78,0.049225597378001314,-0.006509091851172249,-0.051117132544934184
40.785000000000004,0.027074990853037738,0.006546323927918145,-0.036176808028533486
40.79,0.030964681518953954,-0.0029231862538253613,-0.06992495518109357
40.795,0.038276477462991024,-0.004979375869939441,-0.048731149227112164
40.800000000000004,0.03220610632556843,-0.006771612989810187,-0.039172780342176264
40.805,0.046642994780700324,0.014199413705718509,-0.056741506880678985
40.81,0.03211287237210108,-0.0012958215810595596,-0.058768627648159766
40.815,0.06003135620779179,-0.027002938908206334,-0.04877123651658652
40.82,0.04909475838035913,0.011167272720608287,-0.023347509559804473
40.825,0.04011697123584898,0.021677720466013527,-0.05763831296787669
40.83,0.050282958746620754,-0.001901653922589386,-0.04705652495671507
40.835,0.056912909161320496,-0.00039759686134443475,-0.03942260579028783
40.84,0.05348885869407814,0.011447607237982544,-0.04437811468966287
40.845,0.06594423803781851,0.003519102709709948,-0.05245719382125623
40.85,0.04784004933742149,0.0009662601392804887,-0.04900072863424793
40.855000000000004,0.04689738833838877,-0.003456148867207077,-0.03997546788566138
40.86,0.047599675040314884,0.008205159217822677,-0.0293928476580303
40.865,0.02875933856591112,0.010551720400012884,-0.03188340070799094
40.87,0.061740248536765296,0.013156353180718852,-0.04368473214565
40.875,0.027795485762636327,-0.006356432642836828,-0.04459611100173203
40.88,0.06533242679516911,0.010917700352775643,-0.055278538478983445
40.885,0.03142353305026672,0.008386350264011522,-0.05697204290143239
40.89,0.057244866825994466,0.02898164923110955,-0.025114633157127957
40.895,0.04220075124210605,0.01061856026344008,-0.04055716092950267
40.9,0.04605620145442776,0.030270196227282987,-0.05020873203475682
40.905,0.04121588382579907,0.00865027264762187,-0.038394622717100285
40.910000000000004,0.044655373243844235,0.012553962738241664,-0.049651141887343826
40.915,0.06508244074493194,0.008218462452907162,-0.054703850355460965
40.92,0.05181433450545364,0.009885927494187359,-0.06733565305177347
40.925000000000004,0.04692999129303664,0.010158917402148226,-0.07326198566360341
40.93,0.06883148504377401,0.0235177423744903,-0.05113625593310264
40.935,0.038190111266869345,-0.005197117602049613,-0.0452275521706636
40.94,0.05866822274673489,0.006967380355499714,-0.052593595519039193
40.945,0.043621685642112246,0.0032333128257190447,-0.05271184120367606
40.95,0.042927270894558806,0.016134781993362372,-0.050508944780238305
40.955,0.05398504160509614,-0.008528540640985257,-0.05669583928626481
40.96,0.04381739159918125,0.00457351832403685,-0.036496060410980045
40.965,0.052095569542325415,0.0012377612733884132,-0.03932450232134464
40.97,0.03580223421337082,-0.002044050264115545,-0.040735958915568575
40.975,0.058367090052304935,-0.003089478923361878,-0.039016600005447405
40.980000000000004,0.06524534660348044,0.02237518516486702,-0.04968076567676725
40.985,0.04508077028667442,0.014870364205341692,-0.042968020784461616
40.99,0.06303008728211182,0.0029248553358867586,-0.03740367101193771
40.995,0.04791447109639592,0.0156073251423581,-0.05286349708161216
41.0,0.054106308347728276,0.005070423810049128,-0.04427603943664284
41.005,0.06535210212970449,-0.0029406195145685278,-0.05242287134082003
41.01,0.042397605960476786,-0.000992187031751857,-0.0584635784750704
41.015,0.045342239006247266,0.0029833251237131875,-0.0633673063240974
41.02,0.06543446634842458,0.0011310011491222263,-0.052329617967625024
41.025,0.0832838526448625,0.00825733646051905,-0.0756946637421515
41.03,0.055233760305132315,-0.010035272458616145,-0.04400418830073521
41.035000000000004,0.04191130838283043,-0.014617485422154259,-0.06422304267938592
41.04,0.0470997639353826,-0.006638218114221462,-0.06703516883524467
41.045,0.05905121516078282,0.013182494550116075,-0.0628046710426765
41.050000000000004,0.03495007289789863,-0.015406542392648572,-0.04471146514195565
41.055,0.03217762910575853,-0.009485836949060206,-0.06138165356246115
41.06,0.015932122899649813,-0.014801042820526415,-0.038711489000403325
41.065,0.033416115820370615,-0.009094435084648111,-0.05540350588530321
41.07,0.04296806413063169,-0.02170708818754305,-0.04685242897135259
41.075,0.04097118699785718,0.004406161172845326,-0.0519497958558354
41.08,0.05428669168481946,-0.01110802636508192,-0.033009764168520854
41.085,0.0391610102279177,0.00969984070504354,-0.04315120189402917
41.09,0.05879877484351033,0.0019083962284477275,-0.027432161311392114
41.095,0.06381834066899165,0.0069299142234430355,-0.06772476524724949
41.1,0.05129217458874224,-0.004512126838150255,-0.028782879271694393
41.105000000000004,0.048329740431044446,-0.009306142070731145,-0.04199734265401983
41.11,0.052472900140772216,-0.006571119992927087,-0.04755642436206042
41.115,0.04219297720417129,-0.002691935771447025,-0.048470905139279874
41.12,0.045461949782615904,-0.012018246018608618,-0.039352383355757546
41.125,0.055685200631003434,-0.0068008069540309345,-0.03326421093901839
41.13,0.04709351967703795,-0.0024160618692068868,-0.046267857914023824
41.135,0.05044014216008673,-0.005685550957633997,-0.04644360677740382
41.14,0.04393214859354648,-0.0013262263055247529,-0.03689294987400848
41.145,0.01881374227829428,-0.0010303286279971999,-0.03509743883256857
41.15,0.07413889974178428,0.00842062842647022,-0.010735016567032055
41.155,0.04269534383751182,-0.005107872020731579,-0.04236132970160712
41.160000000000004,0.04497687381233456,-0.0027752448767572723,-0.05382411622728263
41.165,0.02812719137683259,0.012523672904026062,-0.03956640534673137
41.17,0.033005888390812976,0.0068184644227308015,-0.04221301391905016
41.175000000000004,0.04445952847769437,-0.013566532376981622,-0.042349483235464176
41.18,0.0478379635147199,-0.013563758174433001,-0.03291794411074813
41.185,0.06547381809024344,-0.00665005833295247,-0.030752549237340755
41.19,0.0590091174152821,-0.004889806996861063,-0.012262394305677302
41.195,0.04357133957865826,-0.007883863321854114,-0.03670532071774549
41.2,0.0504232310769132,-0.00329081391954268,-0.015627621949279073
41.205,0.05877905034139856,-0.002312901302742752,-0.034409759243350206
41.21,0.049725297905549304,0.01837311466223323,-0.04232599499545924
41.215,0.0587700155667899,0.00038807678578123284,-0.03623123680088296
41.22,0.059021128421276825,0.03133210917589148,-0.017813229081910752
41.225,0.0564353690154594,0.0015104008594987823,-0.029826136438789886
41.230000000000004,0.0502264653016217,0.01551857525505912,-0.02407702164519875
41.235,0.07288493049137972,0.007886224231551423,-0.029672357202676206
41.24,0.06854853875229319,0.005850087558161354,-0.04834602265694328
41.245,0.06309024686259529,0.010551912200646059,-0.02955183266388102
41.25,0.047848539686510164,0.02340352731275938,-0.030670874619305878
41.255,0.034493393420783544,0.009753580951805257,-0.03842504594127392
41.26,0.07573659292383161,0.004479072758842273,-0.03871604929676274
41.265,0.04754195433112351,0.0038702256029866065,-0.051876941250418765
41.27,0.0812555640835217,0.015846786110857543,-0.012855081250285366
41.275,0.06610208622681012,-0.010279898269445127,-0.012454519307280223
41.28,0.06424409956976905,-0.0009524246632418862,-0.0259843541083358
41.285000000000004,0.056595536607059904,0.00929538436459785,-0.007796757467227687
41.29,0.05529588266495411,-0.0002668250329999882,-0.01995213649150414
41.295,0.055611090208772716,0.008031976175605297,-0.018844337750806635
41.300000000000004,0.043272245730896525,0.006891533482099893,-0.018463285813854147
41.305,0.05152559912177894,0.004482833765174626,-0.04985384608393917
41.31,0.04649614308309165,0.0005823089532498715,-0.03467960894033543
41.315,0.06001209452418217,0.007847798048004435,-0.04649209700128709
41.32,0.04518944867347472,0.0028472196255859327,-0.024770185034463002
41.325,0.05757697331824226,-0.0141263246401327,-0.027732890426649448
41.33,0.07286317991656407,-0.0021393244554452464,-0.02043467403364173
41.335,0.04765034612035033,0.0025099914408978847,-0.025513532322202572
41.34,0.06420771696363614,-0.017530726003069295,-0.01696793839281613
41.345,0.04595381602223204,0.00792109079616851,-0.014601932783959852
41.35,0.051439046954719736,0.016072927909689335,-0.0301065629859897
41.355000000000004,0.03579753489644387,0.00289370612704305,-0.043890485366530035
41.36,0.04653234846079152,0.00422198000287343,-0.03921843734957382
41.365,0.04473985599312493,0.015555128428635873,-0.015074907942652907
41.37,0.05591440475294326,-0.01708456166707111,-0.01595196104420314
41.375,0.05423744137795222,-0.002150082761895442,-0.03016006885507693
41.38,0.05880778747934849,0.0024066952618881964,-0.0337740460722893
41.385,0.06496141710557723,-0.008353203578091736,-0.04001736735499531
41.39,0.05774644221746209,-0.0038538669766578553,-0.022896014506081988
41.395,0.040945969407365404,0.009057597138273327,-0.04692229512657961
41.4,0.06305140659828615,0.014443098007042925,-0.027263643715454026
41.405,0.0608218754776931,0.022417257610933026,-0.019353306595803435
41.410000000000004,0.05092118660950337,5.821854484506107e-05,-0.02497869452895978
41.415,0.06498778079113426,0.002615405890351077,-0.01218729336275293
41.42,0.052869832397488645,7.049889703860529e-05,-0.03947298970256233
41.425000000000004,0.05014550663932156,-0.002858799321104775,-0.021668772055865138
41.43,0.05416620410804087,0.02395438528390459,-0.015680675912326855
41.435,0.025264636255837053,0.01217680401158758,-0.015286218063020262
41.44,0.056225321353219976,0.00296756514753685,-0.03755810100597895
41.445,0.061047226218662626,0.020926767207403805,-0.032598982205172225
41.45,0.04371585824148081,0.014374602002895396,-0.03568787097595352
41.455,0.04876386373590362,0.010378167012138647,-0.019276012415039838
41.46,0.05777329771434238,-0.008211740910579284,-0.04046744354006561
41.465,0.07029817907726676,0.009614717235349778,-0.01315694564296467
41.47,0.07275867582634142,0.02191227219710917,-0.02905472121423533
41.475,0.04878134153953524,0.030276544457881124,-0.032689959607643475
41.480000000000004,0.05475735728343286,0.005277304130811991,0.005223955155796437
41.485,0.06289762261732573,0.012428010124190083,-0.008104445251584503
41.49,0.09240956177797063,0.020549785885727166,0.0018729081031881659
41.495,0.056893281471024015,0.012643245985079949,-0.007758331830721171
41.5,0.08099745841963998,0.0258276211301566,-0.026905569392730255
41.505,0.05888117826757164,0.024536288542354137,-0.0027601712023258024
41.51,0.07311763478446369,0.011090529661782839,-0.0160774246316381
41.515,0.058384513590144585,0.028299310425495123,-0.010104372393568869
41.52,0.05793292388031489,0.012622461228248862,-0.011550796768697483
41.525,0.06845761297722175,0.007612972968606076,-0.013895745810027182
41.53,0.055806215722366326,0.0014450003387734504,-0.007612889018331009
41.535000000000004,0.05688850971380829,0.030020469773850762,-0.02464748438687623
41.54,0.0442387384141954,0.024273381559748418,-0.008149640823712195
41.545,0.042625995974821834,0.012963385956249783,-0.023645573771802722
41.550000000000004,0.06553440989591008,0.02509111615379662,-0.03136699122485746
41.555,0.049439283747390136,0.03041246156308131,-0.025463989448430518
41.56,0.04671250203700757,0.015953202705883553,-0.014963694705202596
41.565,0.04616565293146446,0.013915064114156907,-0.017245145954584803
41.57,0.07057327424442761,0.00701295169550307,-0.008953508164539133
41.575,0.0812536848778034,-0.002760053845470816,-0.022352583998874256
41.58,0.0582705864710141,0.01763183736212734,-0.013713719370600412
41.585,0.048795283331200846,0.02586538082873851,-0.0005976222407689091
41.59,0.0693813107395093,0.026894141038734016,-0.01581213812751829
41.595,0.05648180739091356,0.01550600278775708,-0.022238784101623908
41.6,0.06081174344414778,0.0008675227303588879,0.005627969664314628
41.605000000000004,0.05046813072308225,5.481670722859086e-05,-0.009744791725345625
41.61,0.04595795766937763,0.024183518893961184,-0.005845089733598419
41.615,0.06704659213378518,0.024371831711190863,-0.01013497467976219
41.62,0.04362953623209708,0.01840174238374954,-0.015273337319930823
41.625,0.0491854696289335,-0.002607367186647667,-0.01785133396458503
41.63,0.05053279565906856,0.011112816414294707,-0.007316944985443505
41.635,0.04396455730900602,0.017219355657292865,-0.008874259339847177
41.64,0.05367780043131192,-0.0016018642595259426,-0.005420405625199576
41.645,0.06738334857813932,8.75321671682484e-05,-0.014526953509777056
41.65,0.07297924268853605,0.014893451818012191,0.0022910465142107605
41.655,0.05749085362195569,0.011785013124708416,-0.01644178743371419
41.660000000000004,0.05574266610405182,0.016477447280672183,-0.008086038516082247
41.665,0.06491329703617914,0.013431959920241666,0.0027786309102234806
41.67,0.06889176568002181,-0.015795568305880428,-0.013721913599563498
41.675000000000004,0.03873594601264936,0.0034511064458669282,-0.01768359687884668
41.68,0.06668655501240768,0.02065539668532458,-0.014159214551323204
41.685,0.051024744651390716,0.01010326073393056,-0.010386031588330267
41.69,0.06679806601947312,0.037289957886675155,-0.007595353122864391
41.695,0.052367645139886496,0.03475913771348949,-0.012737317475878585
41.7,0.044164560133535764,0.01350698019970926,-0.01419531404138138
41.705,0.02950180682745882,-0.021101580559791545,-0.015608793062515208
41.71,0.08941663068090193,0.0034837355381580138,-0.02106331904800109
41.715,0.05804643235287106,0.011806090431473421,-0.019134868691968135
41.72,0.05204932093572485,0.020724141109389096,-0.011556101632482559
41.725,0.05393484930032036,0.004526605918088686,-0.013548680357488423
41.730000000000004,0.06556093900512534,-0.0071603773539656084,-0.02020491385858651
41.735,0.04892009002209052,-0.007863042719561833,-0.011420697353262312
41.74,0.05848634666313522,0.023119555882697266,-0.0025269843597523697
41.745,0.03546637386659761,0.005820964959782107,-0.021384256521498217
41.75,0.056398415146462766,0.01963595033249467,-0.02639094945113972
41.755,0.055316160338338874,0.0017100335070972719,-0.018566782357238718
41.76,0.0429931275769297,0.00845742101537043,-0.024083412251725354
41.765,0.05091370639655424,0.00942013697724467,0.004197852103723412
41.77,0.06738403713024217,0.01632515983214465,-0.0179255972710281
41.775,0.04084853744238302,0.014796032009271319,-0.01544265841021823
41.78,0.05178506791119829,0.00350304118065866,-0.020403998630043906
41.785000000000004,0.04004907416618024,0.012073275384681144,-0.004928028241329313
41.79,0.04244054832938496,0.008972201726964531,-0.02413008511713971
41.795,0.05953134145898875,0.0024779438717031435,-0.01643796176417595
41.800000000000004,0.03851108205844314,-0.0018717141579965057,-0.014446282107349592
41.805,0.048367531848810194,0.003904563041524451,-0.0045841857157619395
41.81,0.05446513857465621,0.018414538684321375,-0.01194321570999194
41.815,0.057672114361658824,0.014682451000291329,-0.012112864270740632
41.82,0.061867016353977164,0.002351411127910867,-0.017886519803909363
41.825,0.04814744658694708,0.012682928746353551,0.0023986998449765633
41.83,0.0777361250198452,0.014855061660208524,-0.01331395598225129
41.835,0.058966254574584084,0.014031934368787139,-0.005655433435676839
41.84,0.054079462893571933,0.009390076600280323,-0.0044939303136839635
41.845,0.05503526051405754,0.0035086095679349796,-0.011894100166490942
41.85,0.043825862225479593,0.009150792356489546,-0.0136389076632683
41.855000000000004,0.06753624816995454,0.005042323657455111,-0.006291680114922631
41.86,0.05787514091374056,0.0018284347870703103,-0.010637803714857317
41.865,0.04087581142565013,-0.00017447973670617171,-0.014909044326650373
41.87,0.04923581649211294,-0.007706654306544964,0.006615273397514641
41.875,0.05687873339624593,-0.00849427909329194,-0.01795207619061851
41.88,0.06454755134925289,0.014067417869642222,-0.010354270033712972
41.885,0.06874700295416555,0.013801839219221238,-0.009324133702062563
41.89,0.07002812254753753,0.006330532730666971,-0.012752461736913998
41.895,0.04790153244880234,0.029660095792000313,-0.00875118271432426
41.9,0.06782489731480645,-0.007499456705708084,-0.029588288023510767
41.905,0.08807213962200032,0.012554789977005812,0.00806037761270873
41.910000000000004,0.06284337595062219,0.0019404447463649815,0.005185937238393365
41.915,0.04904904833246537,0.00866027588044446,0.0016707045477499446
41.92,0.052388235378585044,0.019873814484063626,-0.014083576449886604
41.925000000000004,0.06283488287876471,-0.00883932932301043,0.0008556878868581923
41.93,0.06395815030783047,-0.0073645338827048054,-0.007774365526925715
41.935,0.06581601999137121,0.01104603916403082,-0.00846980672283314
41.94,0.07343797205853073,-0.004785368687077447,-0.028276199452348945
41.945,0.052352019581659304,0.0005173362376413877,-0.022152228249578253
41.95,0.06624473603521691,0.020397009939952988,-0.019476945576861172
41.955,0.08176015557016376,0.007823864623317958,0.012628453726032865
41.96,0.07753916629034173,0.004671241494214314,0.0016531787127022101
41.965,0.06432927667680453,0.002604823325556017,-0.018561133072246876
41.97,0.06125426052581258,0.011380322611027931,-0.00595844790854835
41.975,0.04616146871662946,0.017152503728048968,-0.005256907513473463
41.980000000000004,0.05621713086516807,-0.0017347057723851073,-0.008336849447591515
41.985,0.06192551397370114,0.020786777678168913,0.008176093013745786
41.99,0.0526318906291273,-0.00669955552671425,0.00503153516817504
41.995,0.06377532291677976,0.011865660281254728,-0.00846116838168549
42.0,0.0497850731850987,0.014546913727331579,0.007255182478211943
42.005,0.06907186021617984,0.0005698098291149391,-0.02734533384379867
42.01,0.057776193684471164,0.011013378351831834,-0.010895535658768003
42.015,0.057837230825172004,0.012547953031329575,-0.01171020725273877
42.02,0.06590596192454187,0.01594164838741074,0.0014605900489750878
42.025,0.06075767645388902,0.02325051176226145,0.0016056640067760673
42.03,0.06172488389113377,0.0254552522902618,-0.007761042831990231
42.035000000000004,0.050912311336482254,-0.009314633564977704,-0.0005024383715742852
42.04,0.06489106268275563,0.013670505574279108,-0.011450624313233983
42.045,0.04821200034093195,0.01275819485868479,-0.021029991629973238
42.050000000000004,0.05342865553703936,0.009230958868272842,-0.0007821863577746574
42.055,0.04656317806247075,0.00460216273102381,0.0053875708020569586
42.06,0.06343398594746034,0.026868579970762578,-0.0072360088175794585
42.065,0.06712053466214657,0.010367399719274,-0.007922223795075864
42.07,0.04915155337208218,0.01213117439041541,-0.026631612134555536
42.075,0.052044034342494314,0.016185692916043423,-0.002384917610381615
42.08,0.07227861740406512,0.016225966786234294,0.005009069400007591
42.085,0.05942692550841463,0.009650730429602105,0.007116042264521841
42.09,0.05474590895079698,0.010766767591514705,-0.007642101454221211
42.095,0.0783862302768469,0.03112853920368325,0.004745876407991542
42.1,0.07490297883471476,0.01648967734344524,0.011524598169316206
42.105000000000004,0.06214367646287293,0.023763406837143616,0.0016040174893416918
42.11,0.055494575807604876,0.012604347807980058,0.0015134516632744957
42.115,0.059165815752184936,-0.003811984396809787,0.005494891474875936
42.12,0.08072526468930687,0.009475616400297968,-0.017230250849328152
42.125,0.07230549150080916,0.01927735409567205,0.00941046804431929
42.13,0.037970325164051424,0.026002874024565276,-0.0075289148304959076
42.135,0.06391743544933387,0.011751860024069473,-0.0024086168179620845
42.14,0.0642869801897673,0.018044342678816244,-0.004368321864950554
42.145,0.0670459326570932,-0.00015646424968551807,0.004877164771620611
42.15,0.0684879828250492,0.02607898789615105,0.024897491719042687
42.155,0.06048681670721501,0.007396328276689757,0.013630380604913318
42.160000000000004,0.05759897941005723,0.017947928042555943,0.024470073470337684
42.165,0.058288107599828935,0.019033973952443238,0.010197563426765258
42.17,0.06437241456490296,0.0309844979477941,0.01939943187897317
42.175000000000004,0.07341895597707879,0.016778062739965717,0.009861214790303267
42.18,0.045215477172923915,0.008867005050858651,0.014149663513437077
42.185,0.05947980263278542,0.006590676379425162,0.019557223939884332
42.19,0.05615997892702527,0.016833471124822728,-0.007290886325342897
42.195,0.07357711324313035,0.003070598895538796,0.006485192775296172
42.2,0.07454629403179353,0.027726722552848873,0.023799209672369474
42.205,0.05839863457008805,-0.006943847123388395,-0.014129724906824003
42.21,0.06806046881852039,0.011195850966395634,-0.0027627827287157016
42.215,0.0619564375783992,-0.000959489257959967,0.0006656433094788753
42.22,0.060234121363043604,0.013368541459248401,0.002777045497731822
42.225,0.062310392167457165,0.00516710501813645,-0.0034622497421391667
42.230000000000004,0.06145523600315975,0.003924905971233741,-0.0021413014529249354
42.235,0.05808321379329551,0.006609616050293437,0.01670659512370342
42.24,0.06541223167961795,0.027828646015529118,0.004261074292892094
42.245,0.050878901994659526,0.008094162137651087,-0.0019463084994664386
42.25,0.05012951196820785,0.002064540309731326,0.017675853651686085
42.255,0.05930612751514289,-0.015109922364011305,0.007441220196563062
42.26,0.08055745640215108,0.01934916004062808,-0.002917729162149706
42.265,0.07221788921505479,0.01064220618975566,0.0031891232891606003
42.27,0.06719588955328576,0.023119995507992215,0.01831793635119387
42.275,0.06560917602404563,-0.00790723692471939,0.01367607196136621
42.28,0.08383541008521303,0.01315298825279061,0.013633279747428827
42.285000000000004,0.0584900970533305,0.0069002284220948725,0.018232158571806056
42.29,0.08938947769801034,-0.0019822790322678013,0.0024381063044326464
42.295,0.055077344137496966,0.011523974599132483,-0.01014452786620802
42.300000000000004,0.07096280548797206,-0.006796168790515864,0.02390983186484967
42.305,0.09107659557146527,0.008080889897311563,0.02181137517577411
42.31,0.08386658079781908,0.012714029241478424,0.015154921052285733
42.315,0.08074601493664595,-0.0037497532390559384,0.0021913930482325046
42.32,0.07077525620418093,0.019597597672182027,0.01581400659765169
42.325,0.07930422024325338,0.011030604469478454,0.017560943757274152
42.33,0.07019244033038817,0.013392158426711983,0.017584411025587002
42.335,0.07698291705893287,0.020724813070743323,0.0054013731260233715
42.34,0.07995768974183085,0.005477798002828903,0.021182766248280138
42.345,0.07386215952694049,0.0061578584103044514,0.022519291007292056
42.35,0.07208644357373856,0.0065721254838859,0.012825437244281231
42.355000000000004,0.08801284434736618,0.013701861118113742,-2.4815823646646626e-05
42.36,0.08745271109284548,0.015070483816698628,0.012386019039513101
42.365,0.07661202357389665,0.03290709795260465,0.026280914722972323
42.37,0.09237820566996109,0.012103001597802306,0.010059018817045741
42.375,0.08102753804288945,0.01739360884216522,0.0254515428263673
42.38,0.07366446811122582,0.027000117596449946,0.0208764014961327
42.385,0.06387472622577967,0.030154096821847595,0.0012628135275977934
42.39,0.09637043670518453,0.029210167385727064,0.02618686303873874
42.395,0.06386285654647421,0.019158977229416067,0.01760957336062134
42.4,0.038118830546846554,0.019143366219563224,0.013954778632083997
42.405,0.0611662569659882,0.00513564145517172,0.023041785907334862
42.410000000000004,0.07654985212092086,0.027238750250647138,0.015975635409966438
42.415,0.07464828297862978,0.01587682205014032,0.0169998216145761
42.42,0.058282588962514426,0.03527689969929839,0.02118772162519455
42.425000000000004,0.05961620800650097,0.02947308955565739,-0.017122326964040833
42.43,0.06279875659089569,0.023058015446838255,-0.0026617193288699407
42.435,0.06792124817883854,0.040223331373197606,-0.004640206810317854
42.44,0.07448465464230486,0.014298667937551367,0.011908195257916783
42.445,0.0846469175810103,0.01510232239038398,0.03934502130180715
42.45,0.07775384554855502,0.016636958710933507,0.01606258822901276
42.455,0.07585663205529708,0.033130372757636084,0.007403739385815934
42.46,0.061998880984732344,0.022528559234449387,0.03308945705818471
42.465,0.0773878797364768,0.015110947443287705,-0.003030111111170197
42.47,0.07851492575141902,0.025916036942922202,0.01247433421371932
42.475,0.08703365899897897,0.016570219450663448,0.003532270400081895
42.480000000000004,0.06793803881404005,0.012462028083048075,0.011655046320106955
42.485,0.07920571564908237,0.03453941400101421,0.00821129232788482
42.49,0.05918911880954415,0.00573851657469898,0.005987777232055623
42.495,0.0641482330789436,0.02786428667211731,0.0059994579995630935
42.5,0.0636231379169929,0.01735028569053259,0.021150805040297194
42.505,0.07326271070662546,0.003079687053392609,0.018302326766104035
42.51,0.06413124260108988,0.014767130292395696,0.016472213586968917
42.515,0.07173663247303698,0.011387253727471883,0.005249995979461962
42.52,0.06529914512314383,-0.004125863212694794,0.02502116264928159
42.525,0.07885110605157905,0.009673803643846101,0.033011767403991345
42.53,0.07678307043076367,0.01748565038049086,0.01692054071995877
42.535000000000004,0.06091383123748585,-0.005691797696403676,0.03674321741063576
42.54,0.06401926434886607,-0.0022690453826507296,0.019330874305223105
42.545,0.07879669638191161,0.027362037810678835,0.016070960765315362
42.550000000000004,0.09604987814093617,0.01941798576063496,0.015302193029614056
42.555,0.07725637699969896,0.032101924276776016,0.01687619056846637
42.56,0.07343898559944494,0.012536477805974925,0.013671749418689049
42.565,0.05753408626826459,0.03133141095441381,0.013466055896133134
42.57,0.06913038233179736,0.0020781371548548866,0.014199894907736238
42.575,0.062108982066355796,0.012664324162946822,0.015676494494949404
42.58,0.05993294489928493,0.02046901624806297,0.01637843726104736
42.585,0.06522667071726446,0.026916549353485284,0.023140729490726757
42.59,0.07787535881366443,0.014849313441738904,0.01892012406889437
42.595,0.07279320027475329,0.015228388014179525,0.01748865393905471
42.6,0.07592363048957199,0.03917315935714951,0.020710778525407064
42.605000000000004,0.06154756513322617,0.03065307130338945,0.0048782936014810764
42.61,0.06441713328277868,0.027737912650448147,0.021285381684159905
42.615,0.07780658816085682,0.0215163828257903,0.01734126101786551
42.62,0.061527950380884766,0.016325258721273186,0.0038350923816558692
42.625,0.05858793544536525,0.019192006886896346,0.01920337150493517
42.63,0.06390269282417163,0.024147682785386496,0.007509129523840169
42.635,0.05710451823125196,0.016391916733787502,0.025134307770753803
42.64,0.07614441629523738,0.026782768361035252,0.008114197925879602
42.645,0.0856703235345739,0.010101410520855253,0.0024330507767490526
42.65,0.04461074503976233,0.0071248272333241935,0.0063497661351051005
42.655,0.07140145797698338,0.008772789507770103,0.02678977933727315
42.660000000000004,0.07407448528571275,0.018332274883322893,0.030811113899348118
42.665,0.0494656553734069,0.03902329552929893,0.0030179946129704556
42.67,0.06865054327537216,0.01497731953013036,-0.0018933225926796079
42.675000000000004,0.049356928801889396,0.021609639835056874,0.005183367442268788
42.68,0.04159683692966854,0.02201216186537544,0.0264954974165199
42.685,0.05254020585135924,0.023483116960678795,-0.002887495284746011
42.69,0.056284346380147135,0.02559254654389998,0.013014970353956478
42.695,0.05056275912667821,0.009584860462231804,0.016513840786760072
42.7,0.06006942359436678,-0.008485860370340707,-0.005880477237061291
42.705,0.07930539574978503,0.004146720569014725,0.0032348103553136703
42.71,0.0664428890204676,0.020869213265436462,0.00420785841121841
42.715,0.059388879433610105,0.015282554338789035,0.011171061821529635
42.72,0.06344174851316797,0.02826435734279527,-0.005121684153598607
42.725,0.05912930140843348,0.00380834355025485,0.014780694041999895
42.730000000000004,0.06769965061214656,0.016172829407357085,0.011707089906212581
42.735,0.05049334950256059,0.010230303634391544,0.003289868866336116
42.74,0.07068466414769461,0.010832955654633087,0.003540122210624756
42.745,0.06468310282765966,0.01293734303086765,0.020410787345806324
42.75,0.05519688008126973,0.022045758043863623,-0.012959973925046601
42.755,0.05215866776826244,0.022131603470012976,0.009580396446251803
42.76,0.05828113597887982,0.01791968433487154,0.003237074583013845
42.765,0.06165249994077698,0.01820215395061783,-0.00039949103652045384
42.77,0.06520091257891525,0.011560408327129169,0.005444664159465758
42.775,0.05590540456980837,0.017454791626972804,0.00036102119531985057
42.78,0.04833399909632443,0.012122639447079663,0.009814463366551403
42.785000000000004,0.06792983684866348,0.020137105249812725,0.013583104026885992
42.79,0.04595723711813366,0.0051082161190438265,-0.01176115276685082
42.795,0.06604266639930875,0.02321017721970144,-0.024533927916381502
42.800000000000004,0.05950900358495346,0.02214847094568638,0.012497377484680963
42.805,0.06745141643278152,0.012292341425148963,-0.0026108699239397286
42.81,0.05584870373221508,0.006135022391669786,-0.003281413871751996
42.815,0.06587013149984972,0.014955230773768731,-0.011035898141897791
42.82,0.05819039326420239,0.0023077774382866626,-0.006270047918133562
42.825,0.0775894793615074,0.0024671439542784026,-0.007034679051420943
42.83,0.06995949697558446,0.01803402521871665,-0.03049300965322886
42.835,0.06499364213964595,0.006054973597009925,-0.006025876215760345
42.84,0.053712175113744445,-0.0033346086320088036,-0.009522800376536128
42.845,0.05382031976315071,0.004591551057329519,-0.02462373377892692
42.85,0.06120455744945685,0.014509180842096401,-0.007823808770113056
42.855000000000004,0.05204972887723626,-0.004914843085638457,-0.007143215264826563
42.86,0.04487304870982822,0.0015583903459283931,-0.0008866327607131956
42.865,0.048663972470763095,0.014066297448605538,0.001388265802878745
42.87,0.044778717719454755,0.01900947651707851,0.004434489058176406
42.875,0.03983885046601575,0.004598741776753706,-0.015754560485918313
42.88,0.060658645582791035,-0.010124056582221784,-0.0018732695582385456
42.885,0.048223583338279204,0.000394755219527536,-0.011811431767676047
42.89,0.047459856046722426,0.005672303747890503,0.0007722006619632488
42.895,0.049104577936004104,0.011114949452638792,-0.017696142894408268
42.9,0.048236392266945954,0.00014241057246372566,-0.014880446387681129
42.905,0.04881529126206751,-0.0014974490889325186,-0.0062530429182524536
42.910000000000004,0.05367742869669741,0.007548455079709367,-0.0002906173335016887
42.915,0.03604055028137934,0.015557482062672563,-0.007769359253437547
42.92,0.0498866775052995,0.0042644292287847985,-0.025256157665801672
42.925000000000004,0.04921723299494417,0.0030826363759672197,-0.013241707777109337
42.93,0.05259546374526646,-0.005917535927124531,-0.00025724656283289665
42.935,0.058571321936119705,0.043016814871403714,-0.011025655731253301
42.94,0.057760359127921004,0.014897119113634578,-0.01488390983745173
42.945,0.06655546505664209,0.019112503766708824,-0.005341593211433906
42.95,0.062456348658679106,-0.009424376409712696,-0.0075095797103798155
42.955,0.04296919593845254,0.019861781251856486,-0.010366866470215324
42.96,0.05456112160800956,0.0038184487357878416,-0.01912823679228569
42.965,0.06995603207771667,0.0060372406204515115,-0.018589312654690465
42.97,0.03786547515477082,-0.007701088800105449,-0.0017449438687780969
42.975,0.06856615850983262,0.0024878009020337347,-0.01932505464911427
42.980000000000004,0.05544958964489692,0.008597068534766765,-0.007416656856185919
42.985,0.04801612158212969,0.015641597784709145,-0.021479001719987553
42.99,0.03950664719215712,0.018163766183874386,-0.023055469506221823
42.995,0.0563168196592556,0.002769086619377227,0.007278948616994678
43.0,0.04468370142987497,-0.01208263795911007,-0.015469234288901713
43.005,0.057983293072271416,0.002935696607509225,-0.028466074276157174
43.01,0.04633480730551164,0.011777379741996406,-0.012619997708012313
43.015,0.034168971921908035,-0.002844354984810455,-0.029828248476403217
43.02,0.049319144874968,0.00911717479713087,-0.022341825916698893
43.025,0.05939516806743783,0.028829530270135996,-0.032163692850645006
43.03,0.05295855906988231,0.009945138780347727,-0.004721134872930551
43.035000000000004,0.05456472432467754,0.0009853736945726783,-0.015565086266287633
43.04,0.031882340176208654,-0.005295028032470535,0.002676013830700005
43.045,0.048838962315728936,-3.1223030449674394e-05,-0.0412383536425244
43.050000000000004,0.028437809072565826,0.01622286425883698,-0.027546746515737408
43.055,0.04951645052171316,0.008260262671740279,0.003896803879741754
43.06,0.03815855992562279,0.01742603819921244,-0.015896303905423046
43.065,0.050158458180015165,0.023977459502236065,-0.004986103082111529
43.07,0.05852003862395375,0.009751868338278197,0.014192279935600068
43.075,0.03304028157328064,0.021279630420089513,0.0017737330720342236
43.08,0.0543334128836627,0.0038407442200540255,-0.009523033172443983
43.085,0.026800902238789143,0.016930765949955975,0.0037000215912712103
43.09,0.047799709309590155,0.008613067282093928,-0.012939688385528513
43.095,0.03681461034811257,0.006759649500173311,-0.018369525942024036
43.1,0.058650578716310554,0.008828505533303225,-0.04109595085429997
43.105000000000004,0.028786207913027342,-0.002595533945176932,-0.024898276922287542
43.11,0.04170567141341941,0.017074134069612033,-0.011312673446442352
43.115,0.03040139702949514,0.023137202117912023,-0.020127398126213
43.12,0.02008150082148057,-0.009826249044879855,-0.02743377010592163
43.125,0.048892589709725244,0.0187602792465482,0.0013324245399097953
43.13,0.07501176084511192,-0.002048301671140184,0.0037121789414888244
43.135,0.04068160039162429,0.007504797139049014,-0.008627510078651299
43.14,0.04036670465126175,0.0029320839345170872,-0.008019781061620958
43.145,0.04270831631932277,0.021726686359008957,-0.030561295805528597
43.15,0.04499264488710559,0.021107513278423848,-0.02366422071848154
43.155,0.042310136982377254,0.0003477458659171019,-0.011560732353465558
43.160000000000004,0.04270209384691227,0.002317830916694896,-0.030111641339519976
43.165,0.04849777550640991,0.004009906730618589,-0.02471088608344764
43.17,0.03099757826565438,-0.010428270017854962,-0.024830425700918694
43.175000000000004,0.029717086360502593,0.004774731035182897,-0.044801255208873306
43.18,0.05581775643470383,-0.00042792143346130455,0.0005061535187016789
43.185,0.046131633373180984,0.00212393605648866,-0.008463965351323266
43.19,0.03959067883162634,-0.005514560013507725,-0.01328263795068128
43.195,0.03121743781358432,-0.009159768485058183,-0.04163922996449432
43.2,0.05305750575430225,0.009617963672239764,-0.01044862987175481
43.205,0.043494151424444745,0.0004410386246233326,0.0015081707224201281
43.21,0.041910928538739955,0.008705271720062836,-0.00791345791540821
43.215,0.039170095788034195,-0.007108405165755487,-0.002250682817659039
43.22,0.03428282599633141,-0.005700133389209376,-0.029922197361796826
43.225,0.040519621753923145,-0.012821999574196429,0.0026233053070942114
43.230000000000004,0.04453423185973717,-0.008570310609883032,-0.019084685307621238
43.235,0.012817543243552013,0.014182863331916772,-0.008503767408368636
43.24,0.032062761219680616,-0.008806474744637492,-0.02236234004104011
43.245,0.03742971128355219,-0.006709383330453449,-0.008159401878256443
43.25,0.05547476975756613,0.007462463107476976,-0.011073904955493713
43.255,0.0318852148813632,0.006965816355897343,-0.024960770441869066
43.26,0.0542414996717072,0.004623274883949232,-0.022597437546555577
43.265,0.02680868763303985,0.01602077714336865,-0.026535167845964908
43.27,0.03223679082068097,-0.004590805527783608,-0.014943213397182187
43.275,0.023071664571406254,-0.009341531406130494,-0.031806803712501934
43.28,0.036811807785344874,0.01264720216420492,-0.018506074810618084
43.285000000000004,0.030052841753899273,-0.002453281473049601,-0.042872678850655085
43.29,0.04557435134074451,0.010213651646230226,2.5723606869374263e-05
43.295,0.03762258340481786,-0.002676950688943698,-0.021865227384036148
43.300000000000004,0.05394003265846067,0.010339717204038718,-0.007420036907969545
43.305,0.035154878913963274,-0.005278222361147942,-0.003185659129579985
43.31,0.04353429751774518,0.00018158084395756592,0.0010871900743146929
43.315,0.049522330893513086,0.01711825442619135,0.006551177846761545
43.32,0.03162538478532002,0.023318454045283623,-0.018813701281656398
43.325,0.039546436707166,0.00926981105712322,0.004058168834857563
43.33,0.024786972218138775,0.007169209063192136,-0.013532786453887405
43.335,0.0473498785892394,0.005806160161735368,-0.009012704155410223
43.34,0.03619738596968814,-0.014645344302236886,-0.0027213325574075645
43.345,0.02919383124727118,0.008218708066232878,-0.0075178367909710464
43.35,0.03925721073804116,-0.004386941621905125,-0.018169527442830173
43.355000000000004,0.04170299070029174,-0.002764938135561802,-0.015429185990028765
43.36,0.03057004330639176,0.009952954327452947,-0.01602267684318553
43.365,0.04189258637855896,0.009576555401815748,-0.015752729688484464
43.37,0.04262792010100827,-0.012151194923022211,-0.027729938765713214
43.375,0.043128570109712605,0.008311313246562937,-0.01048530841079974
43.38,0.020649596402391928,0.01191013958191112,-0.022600165049856548
43.385,0.034459614961287285,0.014283804379037248,-0.024740678744023133
43.39,0.022085156486166425,0.0072112447998188434,-0.019772525493048858
43.395,0.038210926217282795,-0.01370343012755364,-0.006539540874848153
43.4,0.05128544455646369,-0.01866677758951754,-0.024677209011113935
43.405,0.04574425469670683,-0.00038164008332589776,-0.022985643979918063
43.410000000000004,0.051107674140432754,0.01367509049071659,-0.02205239742949369
43.415,0.020253299576452305,0.014268738052990476,-0.02183054662521012
43.42,0.04381417590054417,-0.008153197606999757,-0.02619027048651921
43.425000000000004,0.037180897160367786,-0.006970171630417632,-0.0021962944631592493
43.43,0.03568300976550176,-0.018225657785255908,-0.005937342644297629
43.435,0.05325390983268621,-0.014691944296774931,-0.016580624892082785
43.44,0.03198981291772438,-0.007782325417058603,-0.03498317883712649
43.445,0.05116132458918914,-0.01608881999284417,-0.018472509564053052
43.45,0.04966035714002438,0.009979116578997032,-0.032901999638311516
43.455,0.04754635698627747,0.021175536621179464,-0.029332516961433207
43.46,0.02864550910805728,0.006656934419788107,-0.02064223216836513
43.465,0.05065234188614719,0.0011811477254374497,-0.0035782432853673366
43.47,0.04061434485563657,-0.018056057190114078,-0.01980240783741325
43.475,0.044811250117323106,0.001265307464887609,-0.03721597062979522
43.480000000000004,0.04352203466324758,0.018661524129100514,-0.020581224135818865
43.485,0.055750532409565685,0.0158499136403365,-0.017719475267376744
43.49,0.05005652916467977,0.006096962081726324,-0.03446060849968442
43.495,0.035365041296767465,0.001844836499213496,-0.030500991156864568
43.5,0.05666215180138651,0.006963552916144211,-0.014068272062450492
43.505,0.04262553208301293,0.010398252114957074,-0.004618757252240774
43.51,0.023240849718303026,-0.006344818022746435,-0.028639177442952413
43.515,0.03727633859507437,-0.0024175208269303174,-0.004754922393230151
43.52,0.026480036151731483,-0.0016066382001412702,-0.01364234292272264
43.525,0.0559869972844373,0.010173155071218706,-0.026408331586381104
43.53,0.03711218857333341,0.0016051539838236799,-0.014523802661898552
43.535000000000004,0.03245861919005894,-0.00048046520898463235,-0.016232364027558226
43.54,0.04911969460122493,0.01602701285312064,-0.016682989067467333
43.545,0.023199486925258164,-0.004028048535708645,-0.01708544935266883
43.550000000000004,0.03694189653305289,0.010250163252778943,-0.028142096883750585
43.555,0.04800435781264359,0.016779546221864578,-0.025257107013106933
43.56,0.0477450386884998,0.002381695387950902,-0.01568982915350365
43.565,0.03478194844368408,-0.007027941555985877,-0.01508454425094738
43.57,0.02989938291150634,-0.004859220089243266,-0.021436886071497574
43.575,0.048231633580242114,0.01487457484449942,-0.031372193917049186
43.58,0.0383574768277835,-0.015902625283118952,0.008659710469950765
43.585,0.034960819084780104,-0.014419964684338524,-0.02485370235209233
43.59,0.04805995524955304,-0.008601776103361354,-0.0031900184939077317
43.595,0.0504477118102268,0.000750231850370575,-0.010358456225933494
43.6,0.02689462067807702,0.020514569255061368,-0.020276946459091012
43.605000000000004,0.05312199769696935,0.011404935970607632,-0.0017048402879783356
43.61,0.05215127798623911,0.000324342008528912,-0.02132905758083475
43.615,0.04232023079575422,0.0007570940178864218,-0.017321792900114805
43.62,0.044159686991101295,0.011130975258983208,-0.02108758947743636
43.625,0.05675529457806875,0.016685256956191725,-0.01583515118536296
43.63,0.03503235660446025,-0.01195555883569845,-0.01880483511564899
43.635,0.05049340990266091,0.00830358816894431,-0.004484193818641716
43.64,0.03208406086894878,0.00904899196870413,0.0016081061308014675
43.645,0.05151163006604872,-0.0024131567340330493,-0.03649287799054217
43.65,0.046052218213143585,0.0008724486006957111,0.0017515651535478707
43.655,0.056216743386394916,0.029119563938191366,-0.016982645912167867
43.660000000000004,0.046215540923590905,0.0002128398091401423,-0.013022771017184053
43.665,0.050940926826749486,-0.004517284232118632,-0.030052691377084346
43.67,0.039586786580340594,0.02846518735285404,-0.021785165312124967
43.675000000000004,0.027953285561179854,0.0073925312736108795,-0.017797643591262992
43.68,0.036147059266235376,-0.005146184413146866,-0.01314862735309821
43.685,0.04757601545200263,0.013892272831131867,-0.008897641422057278
43.69,0.043548396888379436,0.014996244943599288,-0.01714908889413229
43.695,0.039431457926418056,0.002810550634159629,-0.015826308708672538
43.7,0.039452279873256314,-0.0016741754034929005,-0.02056058516205399
43.705,0.04651169966527997,0.00019362487193201171,-0.007140623866291987
43.71,0.042882771459714836,0.003671511881326522,-0.00936291804030672
43.715,0.05273179769929018,-0.0056460946469725146,-0.031483980800532996
43.72,0.04600388973650412,0.0016844085491978741,-0.014416470565536868
43.725,0.05817798462327246,0.0002572257796899348,-0.022369905612372447
43.730000000000004,0.04256909208474094,0.01871985732045854,-0.015192139214065859
43.735,0.029416527508053198,-0.014261815006653543,-0.010947374223158935
43.74,0.04971146544554286,0.0048834558134364485,-0.0002191557040710976
43.745,0.03711028871021424,0.01726928507151552,-0.020632414294791426
43.75,0.033510397078350886,0.004807871927223999,-0.010999638073744687
43.755,0.027942472972626656,-0.000461750334150194,-0.013168086476529978
43.76,0.03369878286484773,0.004363105589576636,-0.020253766315746477
43.765,0.048198516256564856,-0.0006175553803022421,-0.015238348645367102
43.77,0.04164534534412899,0.010159235963311539,-0.01812579626847869
43.775,0.04296320623276573,0.011858225131072278,-0.03476362334291011
43.78,0.04749144809936519,-0.007928240725237934,-0.017918426594058172
43.785000000000004,0.04045515820845039,-0.004809606431683228,-0.019345130537797073
43.79,0.04099657322378793,0.011169586590323164,-0.021987700920324534
43.795,0.04387087782600029,-0.00687034469138907,-0.019100980217433176
43.800000000000004,0.055657400258811315,-0.0034237229154033904,-0.029495779294234543
43.805,0.048758737580860904,0.0030922797929571707,-0.01807418215403639
43.81,0.04443009000856994,-0.009549881791500844,-0.006431090105253884
43.815,0.07718183072303125,-0.01222808274571805,-0.02213727429037196
43.82,0.04270518899377818,-0.0011131888632938897,-0.010577262269740647
43.825,0.04138088277610828,-0.0025793504153548467,-0.028632949693766136
43.83,0.0522671707062463,0.008270708140141702,-0.017495131241883063
43.835,0.05300374517790356,0.007956507958943988,-0.013589222178871964
43.84,0.048562223451874664,0.008771402043807133,-0.011844312602794525
43.845,0.03378119199489008,-0.009823217754905047,-0.00651655473462376
43.85,0.03735994691217195,-0.005549402517254467,-0.03890388539927273
43.855000000000004,0.06661894059292842,-0.0165862190093928,-0.016622840186165656
43.86,0.043058858694277335,-0.0046965745410716304,-0.017118732116646215
43.865,0.040926506773202705,0.009506330072021165,-0.016126247522254153
43.87,0.03713305629138717,0.0025634798342416038,-0.018563093020420675
43.875,0.029191583480083178,-0.008169504535445652,-0.017186518093827853
43.88,0.041144155490365604,-0.004350580381116356,-0.017597231616946204
43.885,0.0549914754771363,-0.011970223215049902,-0.016144679349044212
43.89,0.04104480092915315,0.0016994424402272594,-0.01362095681762297
43.895,0.03299019995962374,0.014275271632850401,-0.04032237693165024
43.9,0.03686085717188628,0.01873907621546601,-0.012351493988147938
43.905,0.06799885866923806,0.02242780174927983,-0.015266227039260996
43.910000000000004,0.051865401237618694,-0.004407871819417066,-0.013142874292014666
43.915,0.039903913476987074,0.0054627919503926065,-0.015039132660270066
43.92,0.03769841257636056,-0.0019891692817652746,-0.0255380854895031
43.925000000000004,0.037333090134485554,0.007876533447957712,-0.014712320248035395
43.93,0.04474025555245715,0.018958699266653254,-0.019879344777782446
43.935,0.030445503017502304,0.016749461339524697,-0.012325545477111696
43.94,0.01655760363851109,-0.005471752614186717,-0.013403308691025394
43.945,0.05828387143528911,0.005965917691096768,-0.023121228731778715
43.95,0.026131065584037973,0.009823706846120875,-0.009082318106143485
43.955,0.022764201104917954,0.016361568719551314,-0.005230752353698014
43.96,0.026731964831779836,-0.008706303913919487,-0.04166660423976628
43.965,0.020598127278611364,-0.002397074046920924,-0.011955389341991206
43.97,0.0362335637029477,0.008176906449074206,-0.01965290926101163
43.975,0.019408071846737384,-0.001012564076244451,-0.026985606596833578
43.980000000000004,0.043304719766997964,0.00810142426012581,-0.017973039749709426
43.985,0.03496935526207798,-0.01154328174420966,-0.01747182712393426
43.99,0.03848377978537231,0.01108016488587411,-0.019678630921680578
43.995,0.0180416272755016,-0.0030909131786582885,-0.014820541436850417
44.0,0.0371457757944913,-0.005008690866175991,-0.014040566230925894
44.005,0.03074852705609182,-0.0020893371968252676,-0.027055539741381997
44.01,0.043362309567535146,-0.0007507257677990501,-0.043393738492547206
44.015,0.02264284370760124,-0.009223845670087907,-0.01318578831592411
44.02,0.029882405521411314,-0.019277662247560976,-0.03179616456791574
44.025,0.02984286204227636,0.00823799949587958,-0.01701748577093503
44.03,0.024491781337029814,-0.0004606806067681488,-0.033173686853865625
44.035000000000004,0.03242568757767574,-0.005697516765069133,-0.04017869457732358
44.04,0.03321410913598832,-0.003027571682476923,-0.01542220741341918
44.045,0.02902323155720872,-0.011929220684823789,-0.027141079455310975
44.050000000000004,0.023246635952088802,0.008730266844960354,-0.007076794270863928
44.055,0.03791381692373673,0.009686209340618767,-0.02929346012351554
44.06,0.030086406416508733,-0.013791342936508728,-0.028887961898792423
44.065,0.033268764507103386,-0.002215619732467344,-0.030211537753738065
44.07,0.025663168511022853,0.00046105871195098827,-0.02183837806633896
44.075,0.0410486799205741,-0.030926996552840143,-0.014118929976148664
44.08,0.039235074708076474,0.025145306670274228,-0.033209746128963075
44.085,0.025492931084192184,-0.020195544326960725,-0.024640565591246222
44.09,0.02981641600340177,-0.008261552049682276,-0.037447972822622834
44.095,0.02723295098414851,-0.014145457924252109,-0.03066467325386861
44.1,0.027434120531615695,0.013782851460820669,-0.04574503522479348
44.105000000000004,0.017208264016387486,-0.0072418521920317135,-0.033347733883037634
44.11,0.02019474735171723,-0.00985271520026515,-0.028580929303126557
44.115,0.034510449765665606,-0.011754389264956006,-0.05168619888278962
44.12,0.040173833643197834,0.00602109964907864,-0.02800720640173076
44.125,0.02801156694804137,-0.009019626883898941,-0.0436856864872177
44.13,0.03940116661612322,0.012501114466206014,-0.011465128343110144
44.135,0.03736755753339639,-0.00014124595468893502,-0.026524170832462498
44.14,0.023818895154756537,0.0031604880555245575,-0.023069817147818403
44.145,0.028034149329967294,0.00778472194658624,-0.009006534954647932
44.15,0.023932174250994045,0.007867035682000372,-0.03960975688766366
44.155,0.042355297564510064,0.007400257675069556,-0.009479629847009823
44.160000000000004,0.04840441666474381,0.01664583789527312,-0.02200566344707277
44.165,0.0233827548689576,0.014723007301943935,-0.036700065142818414
44.17,0.037637394469501644,-0.005103660943678597,-0.04139983134627313
44.175000000000004,0.03269386330424384,-0.003252740831817089,-0.0237221852291274
44.18,0.026787438121500994,-0.0011285555408400202,-0.036189941043701816
44.185,0.048515833109468574,-0.002393854388006319,-0.04823000277693643
44.19,0.03835894725832897,0.008297170148663843,-0.030949911616361687
44.195,0.028048888381461155,0.008812832592521535,-0.041496381449270744
44.2,0.0337687959074435,-0.001124974371249414,-0.047250119643271304
44.205,0.03842649615918571,0.012529132314531195,-0.0434865665941981
44.21,0.054476862594121434,0.0023697924991178797,-0.025781576993360734
44.215,0.026019539464783862,-0.0006831093843177758,-0.02421536195417695
44.22,0.034076186901084445,0.013621932935418486,-0.02815006295344518
44.225,0.04586912450729692,0.008078439643035163,-0.02253343469308158
44.230000000000004,0.036509580284669337,0.02487710531860964,-0.03239161122162317
44.235,0.0467668013586407,0.011280934974893275,-0.021979972570750694
44.24,0.027565597405849917,0.012099745563430037,-0.02330107630664078
44.245,0.04411777430541217,0.014064196070756797,-0.023894510261567296
44.25,0.026580355331579424,0.011045000063202547,-0.033553560550248954
44.255,0.04791484123707303,-0.00445815735466224,-0.03198915971536407
44.26,0.040255868832412334,0.009406642730336267,-0.03609330426494006
44.265,0.03623448561029636,-7.714185405788797e-05,-0.02089265061365208
44.27,0.05007163008234439,0.010788835429238901,-0.010052954008848357
44.275,0.03490876918968519,0.011187883324823168,-0.025897249048264754
44.28,0.05709840332810106,0.008701149330848725,-0.022880215108681295
44.285000000000004,0.04896427033141841,0.005855297653752061,-0.016296784671592783
44.29,0.04951006074042777,0.007794314908561492,-0.0367560991189249
44.295,0.03662459930282208,0.024209644432946615,-0.034616240823679714
44.300000000000004,0.053470564821768346,0.006169295201977286,-0.01538161720908962
44.305,0.05165927569437705,0.018344793541189033,-0.017269788266499664
44.31,0.03140906525839399,0.038057374183631365,-0.024150136543812407
44.315,0.03216841494609708,0.015336404674534777,-0.020944015614841396
44.32,0.030857700268011847,0.028330061667302748,-0.012349538898718045
44.325,0.044461080664013504,0.02881478873821479,-0.013923463861459375
44.33,0.044134746447001175,0.014853679010806125,-0.025867946227250034
44.335,0.047681082478751295,0.008463317779638954,-0.01808984001189977
44.34,0.053785959929650046,0.01666141213665314,-0.01827965047688522
44.345,0.0501114115473744,0.0014446037703408458,-0.010124059607708322
44.35,0.031132196248492318,0.03378191175502448,-0.004187005072026881
44.355000000000004,0.06084395893423582,0.0019277324751000124,-0.012562965410728833
44.36,0.05145112161487462,0.022820047068776862,-0.027852724364356214
44.365,0.05539249933167875,0.007253676970947215,-0.004456869509028132
44.37,0.04585738290822994,0.032240397644057804,-0.0038467435203098583
44.375,0.05008510510891398,0.007184063330428151,-0.0157872928872727
44.38,0.0588275591187718,0.01882448457374608,-0.033572758455078885
44.385,0.042935488866556626,0.014088721833729917,-0.014119307826075036
44.39,0.04640708096092113,0.017751540484233868,-0.014354101494541683
44.395,0.045501377768632494,0.011951902687590124,-0.027344432405549637
44.4,0.037281092162933335,0.006624762363795578,-0.004541264540837243
44.405,0.02895339534350651,0.017094637053759257,0.0017071212416601023
44.410000000000004,0.07492809211488902,0.009425525500465116,0.011283707227334313
44.415,0.05965272213963155,-0.001304077812088811,-0.021576559988454903
44.42,0.044801472911218054,0.008609495728211566,-0.025948776260121428
44.425000000000004,0.04049476400758727,0.022377941864108526,-0.006823963455393328
44.43,0.04431253284191092,0.03448344331201525,-0.014641968729288017
44.435,0.023814793416897923,0.021527929932350184,-0.016385838714722132
44.44,0.0350248252130302,0.017131874231264558,-0.012535723002353371
44.445,0.03226042950323444,0.006690451614985276,-0.02621569663605742
44.45,0.023967821550722728,0.012340588783499612,-0.0005612847355266001
44.455,0.03825750431782881,0.014825755185446918,-0.0314088858461052
44.46,0.04003564622942898,0.022754660543098226,0.017608825690219657
44.465,0.04392566026177051,0.005425151310669375,-0.007598392791242993
44.47,0.02770488874246299,0.00992726337031634,-0.02416419647348861
44.475,0.03356023002212562,0.01131439734429736,-0.018442125147401116
44.480000000000004,0.04825695495518373,0.006303560165373718,-0.0024000641825394796
44.485,0.02421945929389322,0.015831449755608906,-0.005871306832288533
44.49,0.03689919069563296,0.022255106888078954,-0.010153582587876585
44.495,0.04266366666224988,0.007196539319218245,0.0017141961344602124
44.5,0.035475496887573434,0.012963038609167268,0.004576532521601479
44.505,0.03317404911072337,0.02287408142292987,-0.004638032321526413
44.51,0.038135267927311325,0.022299664561822242,-0.016791332428958604
44.515,0.035415638120477426,0.00882222362915777,-0.012097163345691116
44.52,0.026931919927403195,0.042334016583436614,0.004051452885658868
44.525,0.0452320813519192,0.034753902214923554,-0.010504813363566793
44.53,0.031435418133473364,0.017504399642411204,-0.005054568007120807
44.535000000000004,0.02946224695255507,0.015566313661749452,-0.011086567077855164
44.54,0.05108028497085108,0.024288959403413662,-0.01846264921813308
44.545,0.029556089971434135,0.02075886380990552,0.003652695056469096
44.550000000000004,0.036982270324902866,0.017821186579001842,-0.013081598665201515
44.555,0.02915512476097825,-0.003919816023119678,-0.011821643786542324
44.56,0.023879591378813535,0.03130688747018563,0.00020317747196059617
44.565,0.021419998616551424,0.02244266090185147,-0.024894743747941626
44.57,0.06137875637492078,0.025859976765691673,-0.018849407760176982
44.575,0.033307517390419025,0.02203178853818727,-0.021037962411245587
44.58,0.035273166281990315,0.04485412876610993,-0.006439610428468563
44.585,0.024045569021635294,0.016796825416237463,-0.017570009350081517
44.59,0.027528032124309806,0.02192261716740584,-0.016598931590730302
44.595,0.043572730067618894,0.024065617919819933,-0.009415746554073066
44.6,0.028578136702826936,0.02889428347808764,-0.01573021972940798
44.605000000000004,0.043579760294644436,0.030703221384584967,-0.003172683773077783
44.61,0.03112465226528935,0.028112878778076007,-0.0213086344010677
44.615,0.04977786530423578,0.046195440897992435,-0.011432600404028503
44.62,0.03777668694923777,0.03316940482610124,-0.014534880788795241
44.625,0.047236210405727404,0.017946243111637374,0.014068259393435577
44.63,0.02711134089103772,0.013017254270268373,0.0044574458675997256
44.635,0.04252057124419836,0.02390095854108859,-0.02624148456061047
44.64,0.05664410317320101,0.03595001337943197,-0.02167986723676807
44.645,0.045476513844494054,0.040389241192452234,-0.015295679024564442
44.65,0.048736158214654574,0.029199249587621497,0.010464584929806878
44.655,0.06880226850719195,0.034022139441853186,-0.00858340336318161
44.660000000000004,0.053507387799798786,0.03966975568677069,-0.017261782382510527
44.665,0.04712244977954022,0.036568099082871355,0.0024654453295703364
44.67,0.04893347411721404,0.03481121988229735,-0.012838917894484127
44.675000000000004,0.05410306514563861,0.02809892757905931,0.01085357171777972
44.68,0.046886133948849114,0.03526989748360738,-0.010632231417072285
44.685,0.05437591390475523,0.04453127095257929,0.005143550088781517
44.69,0.041969067667504814,0.03571574883583392,-0.012396974588663486
44.695,0.05620231129457541,0.01746627636630908,-0.01332658793393227
44.7,0.07746173740745628,0.008582294798925118,0.003252442636289883
44.705,0.0553496987955017,0.027911123847094578,-0.0058482416183007055
44.71,0.04760232479942047,0.028587758527905526,-0.00963840157791116
44.715,0.039010993203987654,0.0310724334201398,-0.01868479583021138
44.72,0.05960078329669701,0.018552156514107732,-0.0016298012735246961
44.725,0.05096914086685443,0.02133716421888027,-0.010129466752356613
44.730000000000004,0.05329822769729882,0.01662971748743919,-0.038823733817787365
44.735,0.04669614807397396,0.029759249889807493,-0.003981357317912732
44.74,0.02138407032154669,0.02887830812385732,-0.003861620485795688
44.745,0.02380827353847129,0.03920171530036151,-0.004348526249736674
44.75,0.0461850189256408,0.01925846525081393,-0.007050734684319577
44.755,0.04171304862458314,0.006287779481278493,0.0004800315829040277
44.76,0.03294408084700287,0.014525690852490572,-0.022444381834869333
44.765,0.03645268168808667,0.011408985086378196,-0.02881378224229815
44.77,0.03320636728159436,0.014358956073069487,-0.02491389554182716
44.775,0.029216816250450993,0.023043242498759258,-0.0036041568285054004
44.78,0.03735568521214319,0.007608497296899297,0.006584022248518812
44.785000000000004,0.0291011248913501,0.035090951755994,-0.03248392947184192
44.79,0.018348755078197172,0.023549120959914443,-0.007832817396322115
44.795,0.03929149521759895,0.020847667009975444,-0.011722962954202156
44.800000000000004,0.012464452874505198,0.01811205429012911,-0.009032301393611072
44.805,0.03314887045511375,0.03582751118249927,-0.011431839047117257
44.81,0.04100588188195169,0.011085407327112504,-0.007786163874536431
44.815,0.05212616833547328,0.03754569405097764,-0.010434334266373718
44.82,0.05440199003700444,0.037310674323204694,-0.011384288179280442
44.825,0.03376386500987972,0.039552446578364,-0.0008929260036163143
44.83,0.049372282287305884,0.015462065797539474,-0.011286999857298256
44.835,0.03995772713486912,0.04332906501030537,0.0053384269548645644
44.84,0.047854820683779824,0.022829617866699625,-0.0025240044510533646
44.845,0.05393767641927931,0.039477451277756634,-0.0015713070987583063
44.85,0.04840990788267846,0.013457315275011334,0.0024860621094333086
44.855000000000004,0.04352744381658539,0.051106938302426276,-0.01742065089105439
44.86,0.027123044204233386,0.04147757075761549,-0.021545266028236212
44.865,0.026639388448693277,0.025342555884968573,-0.012910191534143026
44.87,0.050503299144118045,0.027472166662273097,-0.023233514813587538
44.875,0.04011606658605696,0.04560469858410591,-0.025394112225698352
44.88,0.05026085696390191,0.04200413020054336,-0.0007817463623136841
44.885,0.030763550646465767,0.03871847978792093,-0.006053164620432202
44.89,0.03703380190182909,0.034482832775744925,-0.015964865402313552
44.895,0.02825547052787595,0.04015511560044464,-0.0075029519897608435
44.9,0.03628198452412469,0.03833032819953576,-0.0024209220062647325
44.905,0.03717764518465862,0.061965959469569745,-0.006837339965414293
44.910000000000004,0.014974528597179973,0.03358528550748746,-0.018083665083055107
44.915,0.057271617161219625,0.02416228731380588,-0.013297470249620847
44.92,0.03307047397561151,0.043257706644682925,0.00659559263967301
44.925000000000004,0.020152565516940033,0.017177297841179148,0.0066335926169138765
44.93,0.04327297305517943,0.036311252217357363,0.001949823265320394
44.935,0.015801027585678383,0.014277481397298869,-0.018461114875109482
44.94,0.016507461797820228,0.006667288129356677,0.009138817542984996
44.945,0.03689294434955354,0.015356681672825967,-0.006594041267689428
44.95,0.030151496408368384,0.038052730852178134,-0.02305747871642659
44.955,0.0431752599265612,0.01702751412910069,-0.0023786261646565887
44.96,0.03485151420507111,0.016816625449614084,-0.018411076270054335
44.965,0.05230990373653961,0.029703923646621794,-0.0005374644986442315
44.97,0.020253035174658544,0.01816280300082307,-0.015627805192932023
44.975,0.057438154578804086,0.02317429154676794,-0.00844316660784093
44.980000000000004,0.02879200338720895,0.018447305762145056,-0.032121359611541084
44.985,0.024757476836896858,0.018717286009841454,-0.024438888499615355
44.99,0.024962764262914147,0.018533852767665858,-0.009975491232375507
44.995,0.039371950249645404,0.014588631345630326,-0.0136620132925327
45.0,0.036326291920147365,0.010453395657273766,-0.01967967079358807
45.005,0.027049336385227257,0.04095427436499135,-0.002263942755646904
45.01,0.0430123172675035,0.030887169639579,-0.020030748219744588
45.015,0.029751189620537855,0.009949376618651775,0.0064967867302591145
45.02,0.03375714748439204,0.02336947421598219,-0.0105522935574081
45.025,0.041990975776980174,0.026586235416144115,-0.030168068666581054
45.03,0.03369056551711293,0.03528055263114167,-0.001331188803614389
45.035000000000004,0.031867577595956556,0.053417516129752415,0.008772007787194065
45.04,0.03684761776056026,0.037839549388332255,-0.0036098164815502216
45.045,0.04617694865550443,0.03068745866830187,-0.0026901895083853676
45.050000000000004,0.03009689249001157,0.031398348924108505,-0.0004373470576258705
45.055,0.02790316717522897,0.03866320853231767,-0.00762971524836358
45.06,0.03495993957366708,0.04458750188604983,-0.015009061629071719
45.065,0.024322943487618494,0.0318796347011948,-0.006480593726131341
45.07,0.04496507930487885,0.021786670274693817,0.0057117798762882505
45.075,0.021344863945576588,0.03753127939698055,0.013240643601464683
45.08,0.04258747156899091,0.029243487771199304,0.004898267059465689
45.085,0.04474289963947373,0.02325939443425983,-0.006004475519748161
45.09,0.04342823706870974,0.04398781791612874,0.0068943874697966236
45.095,0.02771313271321909,0.02971391805411639,-0.015740618054888897
45.1,0.03287443550174705,0.04032763590734761,-0.00711762306043411
45.105000000000004,0.03590802262512073,0.03061894639406263,0.002948851893029512
45.11,0.026276119177918174,0.03649330305175683,0.016697636876330073
45.115,0.034233446484124644,0.03606304629654099,0.0036443574295227654
45.12,0.03416847794031433,0.041764297912971746,-0.002045628183800435
45.125,0.04509149054054245,0.029851253183262996,-0.024466733764351586
45.13,0.04077442778471149,0.019963828764477817,0.003517016289087142
45.135,0.03874327594408349,0.02303709717191428,0.002147856890716523
45.14,0.03073365630600356,0.053147131809233326,-0.0038635917571044794
45.145,0.05177933528909076,0.021962551486051075,-0.011984209640804294
45.15,0.033364425967934076,0.04109490036655124,0.003196010954927513
45.155,0.05782683128581506,0.04175909197385935,-0.0062071736788904906
45.160000000000004,0.029462858110378028,0.04015164007603336,0.004005581338354675
45.165,0.031037396844762286,0.031201425541872017,-0.016774144064677775
45.17,0.021505791391157266,0.03176603707739904,-0.02478406070950476
45.175000000000004,0.026963325256836913,0.017269737107187273,-0.008535793849819335
45.18,0.04085325751236264,0.024913505241752135,-0.010940831140608193
45.185,0.04546937586151792,0.03171960981802521,-0.006828127272435136
45.19,0.02532040157625767,0.0350018809351306,-0.0022674111231898225
45.195,0.02788211543005388,0.015788193750536656,-0.007124245936617678
45.2,0.0268896399602955,0.015453235370419002,-0.017333275159563375
45.205,0.035038616139683613,0.023028348561572685,-0.00293200986635872
45.21,0.02320630013313968,0.026255471955329526,-0.012650053816439733
45.215,0.03075003423662462,0.01261953849117296,0.009056104633326182
45.22,0.03763587354889354,0.02524623512326423,-0.0041965944240306904
45.225,0.04084014585217208,0.044097531409319546,-0.004553734229123952
45.230000000000004,0.02261436928816557,0.029859451111688157,-0.021089496284998198
45.235,0.025233456103692042,0.032039401582921345,-0.00030046180170839945
45.24,0.03549861362036329,0.02675515441481878,-0.008870983382704277
45.245,0.035711570217770106,0.038945370264171365,-0.01116433344794827
45.25,0.0215169313031688,0.02909896066038451,-0.030206798134213814
45.255,0.0433747946277879,0.026898653706809515,-0.006445768266950518
45.26,0.011498563781377754,0.0241145634363196,-0.02038771459888137
45.265,0.03329372462128531,0.024116424711269346,-0.011825045259281682
45.27,0.009706930592965311,0.03759990063770076,-0.02410803692647165
45.275,0.024204906284335654,0.03541282662514026,-0.025586787733361954
45.28,0.0261623528186256,0.03627886539599521,-0.024884146904311295
45.285000000000004,0.013802123865689644,0.036274478165547505,-0.001487703643584446
45.29,0.0466217224044707,0.018410563789556918,-0.023782134184777926
45.295,0.014704903201331783,0.010921543948118194,0.014093890405656959
45.300000000000004,0.0281061604973505,0.019946720403965876,-0.024552894904738082
45.305,0.009540910241137658,0.03889162629688212,-0.013222252297886875
45.31,0.021119407895253,0.010382802174001136,-0.007790144148066258
45.315,0.01410284797645862,0.019440069413244897,-0.03359517936605944
45.32,0.018307811120252735,0.012005724707856361,-0.01649985370766093
45.325,0.014045502553977653,0.024582980999953333,-0.015952567466104864
45.33,0.03941019661077651,0.03002414209830226,-0.014205125595206522
45.335,0.030178821279265137,0.02363919346427736,-0.026567538504051677
45.34,0.012762158933959135,0.013390175579591917,-0.02445745751372316
45.345,0.031963651547646826,0.02187738710687795,-0.021054676261248715
45.35,0.0329641059614315,0.019301370336803302,0.0006884051920109015
45.355000000000004,0.021906484256812665,0.026437827781430223,-0.01370355230949765
45.36,0.021311757795876695,0.014112592594640452,-0.024969618453351487
45.365,0.019386648006986973,0.025795779734120065,-0.02419894779960629
45.37,0.022853009229797293,-0.0014083320664173803,-0.00889742577037117
45.375,0.01040069740394994,0.02669970566376957,-0.024758516609268
45.38,0.031130893685529057,0.03652465668346906,-0.0013193596618320431
45.385,0.02349269037384561,0.04589708797165512,-0.008483956357010887
45.39,0.008865973332940008,0.03395939584952521,-0.007803373102247244
45.395,0.016017444678826914,0.019122256901653225,-0.019057763995175614
45.4,0.03716807916098702,0.020404673526013883,-0.029096268570667362
45.405,0.02639109690766838,0.04042848410007973,-0.018825426143625673
45.410000000000004,0.01495399788051351,0.028356837369328793,-0.01879119762955165
45.415,0.024843863083898098,0.027148500763833405,-0.001506485115160659
45.42,0.01646245056936018,0.027222924161421816,-0.009477687358515657
45.425000000000004,0.027265888368508698,0.03219038379087793,-0.017819286706915557
45.43,0.02463296694825108,0.038845729736648786,-0.0005073262313480768
45.435,0.0353753282527877,0.0304156841726768,-0.009878737453582292
45.44,0.03232524865337975,0.026066037624940436,-0.019965553178008084
45.445,0.03766827714739544,0.031814169738862245,-0.019293674287742493
45.45,0.05012429676500889,0.027679764538687743,-0.010259345923345518
45.455,0.02194511488780495,0.02483383988705587,-0.03377443374285907
45.46,0.044898415824010246,0.014228493778222641,-0.006278069083211633
45.465,0.0559282880442228,0.02793222748354668,-0.025479671045980912
45.47,0.010988969888198783,0.024789918221657166,-0.004022695375609521
45.475,0.020843873949860165,0.03977053705113947,-0.022106426523113048
45.480000000000004,0.009949404954557518,0.02476814657562912,-0.00823285733338652
45.485,0.024152943825687032,0.012125682468874873,-0.03068330600154944
45.49,0.012073792833402479,0.024702180155951402,-0.02294648730735941
45.495,0.018605583829378252,0.03204107699584983,0.0038923875169825685
45.5,0.007920728800858864,0.02576773852890369,-0.008880718895586837
45.505,0.024989508801793077,0.02300206442923361,-0.009381383672813874
45.51,0.03535544515691366,0.028696668855265405,0.0037834220626067443
45.515,0.013054753491428345,0.03535599683165163,-0.014501850024881354
45.52,0.034002128640362624,0.009847564431108376,-0.013412694075966194
45.525,0.027498785274500764,0.025372173204270522,-0.027703936508160353
45.53,0.015041638832516201,0.023321411541872762,-0.01007581902947712
45.535000000000004,0.007834345153374042,0.010730236494775235,-0.016598614618759087
45.54,0.01934258398170892,0.025246043832033382,-0.021621526278633868
45.545,0.012150355739855921,0.013851413143439403,-0.013221545344999102
45.550000000000004,0.00843463163589549,0.020690750401488607,-0.014759580862642948
45.555,0.028486182116543336,0.02849891143511113,-0.017880968434614886
45.56,-0.0002781410625921389,0.02639854731386228,-0.01952425784361424
45.565,0.03136314150710599,0.020668867514659232,-0.015882095784361998
45.57,0.028189671428175998,0.003641332115172963,-0.00010177450814962893
45.575,0.044549988313215175,0.01575388947410242,-0.030582696632109593
45.58,0.025768789896751527,0.021776795410814703,-0.010458168707385624
45.585,0.021116407154242494,0.015355379101731209,-0.017967486006627974
45.59,0.027808850026529604,-0.001975509232171383,-0.03498886718793709
45.595,0.010816681981059024,0.010655304729984733,-0.014718312312125253
45.6,0.022166438608455075,0.03537336862084855,-0.00727771697278487
45.605000000000004,0.01592849524608226,-0.0067450124459502,-0.02843085894171314
45.61,0.027402161102960128,0.019943239785584745,-0.02323571867246934
45.615,0.018248551997423895,0.02538364990291672,-0.00920176602075851
45.62,0.02904963943000551,0.02618984995948833,-0.017039583224294955
45.625,0.03136756627848918,0.03039334277683074,-0.012197083035616122
45.63,0.004986862829097948,0.0025921930612412634,-0.0020393351173180335
45.635,0.02064355741545536,0.016224199090923642,-0.026579173977296214
45.64,0.03620116496685555,0.011819698785774416,-0.007466981090138252
45.645,0.01111529929381393,0.02473371040998041,-0.015004321889824984
45.65,0.029522126070829074,0.02839897974799297,-0.01788867641181641
45.655,-0.0011332261321130715,0.018836532216758746,-0.01183441864246157
45.660000000000004,0.0191799996323411,0.0038931057289769465,-0.01456789865489871
45.665,0.014247135740071491,0.035702291399551035,-0.026433827896536616
45.67,0.03537384525860116,0.025171531083343066,-0.008741893232132114
45.675000000000004,0.01771881760887427,0.02609931739627666,-0.009191285780749597
45.68,0.014981210271884926,-0.001236509490959119,-0.016424420575164557
45.685,0.005572999829711659,0.04246168212054657,-0.011261353296900749
45.69,0.019773861948469206,0.00589212082988259,-0.003509766811715803
45.695,0.019452087535694912,0.02402807665051715,0.007553659814998188
45.7,0.020667980406827078,0.021665203425569234,-0.009640512116215395
45.705,0.04465781447585615,0.039517977943428824,0.00840146069153341
45.71,0.009025061584449132,0.037283972354903376,0.008761108904811816
45.715,0.01524719035273741,0.019538778931316447,0.006198090493941426
45.72,0.03226431790426841,0.02144202096183484,0.001335605992861786
45.725,0.042447571842173445,0.02275346218565579,-0.0017755366986595394
45.730000000000004,0.009336363348417035,0.03049595763532372,-0.021296384625343077
45.735,0.024906233188120505,0.03000999285404573,0.0020325193527442956
45.74,0.032119947961120866,0.008658846989442325,0.0009278924382086443
45.745,0.01888290427163723,0.03702960810402385,-0.0029645931663404923
45.75,0.022011429732811023,0.021495134706129078,0.0009087195597210253
45.755,0.01765439332229621,0.0301509516185757,0.0035365344151101555
45.76,0.03349213038752216,0.027367687747392684,-0.0018086604457643735
45.765,0.03156694535498725,0.028665249900060218,-0.0031007574594614715
45.77,0.021150486442335296,0.0284844930496223,0.009739234377810376
45.775,0.026343448329194698,0.026292972468372377,-0.006696307355348555
45.78,0.007151987469114739,0.019438535883611552,-0.008350547308417054
45.785000000000004,0.022025058001498253,0.03443675418626024,-0.007103904283283601
45.79,0.03804416031477049,0.013788723179791306,-0.01573454692718535
45.795,0.0261318318916251,0.02285823150027911,0.005177487314392706
45.800000000000004,0.02669595604012931,0.03867996274198011,0.0022896299667955287
45.805,0.03469119170583639,0.04183610180507363,-0.02280292674296175
45.81,0.024216188604298746,0.020139711957264765,0.009016377326722539
45.815,0.03112217541049052,0.04122567101826263,-0.001923969571133938
45.82,0.027938297537513125,0.021531147304700873,0.012929203487751216
45.825,0.0362565415698287,0.02378987443280959,0.015115201228887369
45.83,0.017195839908430557,0.014003513775564311,0.014548874810434959
45.835,0.032661180375858176,0.026789325289998812,0.01335013374720108
45.84,0.042666819771183064,0.030264750560134807,-0.016293279610439634
45.845,0.03145822579811345,0.03217555888573838,0.00325382170793999
45.85,0.031110676600526684,0.026097306524038112,-0.009292848980730933
45.855000000000004,0.036311148822233644,0.03634686198699009,-0.004837067516184119
45.86,0.03972529700753449,0.03302762820785649,-0.010918995372800963
45.865,0.02630515602308657,0.03256840075544936,-0.014403435592988019
45.87,0.028285806964758565,0.032355520439122244,0.0004965891888879439
45.875,0.024973574588482615,0.031846966759025236,-0.00873924714126208
45.88,0.03942814304216895,0.04628102452604632,-0.020064447161723443
45.885,0.01523487190717892,0.030591284093405537,-0.02145827601090776
45.89,0.04059150877767903,0.022277281373561962,-0.019610262531702248
45.895,0.02504167590099443,0.03986167552886933,-0.010040949383223306
45.9,0.02730308604573093,0.044530859523528726,-0.0061169711074685286
45.905,0.03109942417148743,0.04059322294547203,0.00920234024421318
45.910000000000004,0.03346903717380419,0.023301950747273453,0.008000055140912813
45.915,0.011300168857277526,0.011936124850576631,-0.010199050899624425
45.92,0.007342023249030431,0.029429237720034127,0.011475528068499002
45.925000000000004,0.03135960827951176,0.039539551855882815,-0.012922131473259239
45.93,0.031089881473965016,0.031037665389975558,0.009411519183694669
45.935,0.03833425349683196,0.021870368707446144,-0.009369300316418009
45.94,0.018938389904093494,0.041692154006731166,0.002271491551959548
45.945,0.03576034584413563,0.017780461337603602,0.012964956928166092
45.95,0.03554335912898112,0.022170619616698493,-0.008164058287608423
45.955,0.026106516856975598,0.019570381019775946,0.014014109017615382
45.96,0.04128534631266327,0.03086311383017589,-0.034782957604055295
45.965,0.0118059236621607,0.0072662883509295815,-0.008504149842339636
45.97,0.05028715448407863,0.020365173949304698,-0.008668847310761226
45.975,0.02470995121806433,0.034818836727723776,0.002822611930754248
45.980000000000004,0.03764154535220335,0.03255165763152697,-0.005201575370412987
45.985,0.01649651718170015,0.04156105089965011,-0.003449529484268756
45.99,0.022127378842914058,0.020839962620009374,-0.017744334855576114
45.995,0.03373937122019167,0.010007369730952271,-0.0157069400868468
46.0,0.03494844147274751,0.005620560816269534,-0.005096155352320759
46.005,0.04375071340590245,0.04570363428650998,-0.004051104507383163
46.01,0.023481436652554966,0.011514517918917331,-0.010135054337000914
46.015,0.024372452529128154,0.028119338714953153,0.0187373345486437
46.02,0.03911094604988925,0.017930946735570275,-0.01300908236953031
46.025,0.023472826050327664,0.030680040708927207,-0.010750384837355915
46.03,0.024647209462153225,0.02433938912569439,-0.00023552996621486674
46.035000000000004,0.018034740470650856,0.035381217238701204,0.011173074469035362
46.04,0.028806881183182184,0.004378526863615444,-0.003088482752560719
46.045,0.028676479626996494,0.011021241782701599,-0.008438399591341494
46.050000000000004,0.03489083305905714,0.018792963325199474,-0.013312476548412382
46.055,0.018090738912951664,0.02081075558054888,-0.005818441598245967
46.06,0.028588304098512356,0.024420125560905503,-0.0002678654728460418
46.065,0.017476057183631398,0.0363937844378048,0.004779955126536845
46.07,0.03613758355528431,0.02174052475008019,0.00114010539753975
46.075,0.03420531896627867,0.015448330099675956,0.004755936713757552
46.08,0.03349775128525893,0.036006423765456506,-0.0030678784170752923
46.085,0.028098283300059614,0.013718306346634348,-0.00023814463423187972
46.09,0.036530291164767956,0.02865789022490046,0.004154644418079144
46.095,0.04374223070197948,0.019352233690889502,-0.0017167453669174222
46.1,0.036870338787228896,0.03212914865712073,-0.006165487030975878
46.105000000000004,0.040460058987523376,0.026134163730896883,0.013689756771179284
46.11,0.05966501136329001,0.03219371957136164,0.0032056151597750805
46.115,0.02088495880301426,0.02202253018470706,-0.018642034348524017
46.12,0.03490604400627471,0.013862630341723328,-0.0037329642137796377
46.125,0.042882689520866664,0.01378242140116534,-0.01786864841811794
46.13,0.026749715984745726,0.018595706108250423,-0.005741953149429134
46.135,0.040214844133386995,0.02804716559872457,0.006324242096559536
46.14,0.021863777328016087,0.009171329464095511,0.0004177556007062453
46.145,0.03588630040598543,0.0036649988025759537,-0.011724580214765065
46.15,0.03880308873156582,0.016917603750597143,0.005272888858828128
46.155,0.015053972487573017,0.0123883583429058,-0.004433136588781888
46.160000000000004,0.02222876457787959,0.012083320757105633,0.0007451474735387767
46.165,0.03395472176496844,0.008406312662537727,-0.004021452710492573
46.17,0.048797180006590425,0.014107560385768818,0.007047590620044341
46.175000000000004,0.02805286834976549,0.012927681441157048,-0.006326921398061882
46.18,0.03962653483995428,0.033045911380083934,0.017802861737854087
46.185,0.04337882197340811,0.004500815218385592,-0.0008140251257719028
46.19,0.03114400854031143,0.029705130586644223,-0.02094658442419463
46.195,0.029169958179565865,0.014605515874723946,0.006288790718998293
46.2,0.043789685314072214,0.013923047391469295,-0.004772673841688557
46.205,0.04584483696246788,0.016356698630001627,-0.013586023827768658
46.21,0.03575913309382016,0.005735775694438629,-0.003852822908438398
46.215,0.021055845999887707,0.02613905678168307,0.0057978931484202805
46.22,0.022933270781609387,0.022902560038377786,0.005740084871621394
46.225,0.045749967999288016,-0.00026902977677924385,-0.00551623383400085
46.230000000000004,0.043382599644875314,0.018386568198435302,-0.0017198724558157193
46.235,0.03320329914875605,0.007851242203385005,0.002941463447941918
46.24,0.017939698901065546,0.0029691755030797993,-0.018305235312993665
46.245,0.034079732214711306,-0.006231873612075173,0.011510616721912037
46.25,0.02133703471215816,0.03676009028343159,-0.006077781978740111
46.255,0.040774509601553696,0.0027609804283233712,-0.009963883720904995
46.26,0.038210645693017714,0.021703478923936596,0.005143316694995298
46.265,0.017345387314840425,0.03044328622589433,0.00497779692906487
46.27,0.035752661144834635,0.012463199943831186,0.005084387907975807
46.275,0.030447182293406976,0.007315659600079119,-0.009821480017064396
46.28,0.007283194059714939,0.01484008241969085,-0.01805140757524123
46.285000000000004,0.04940118396714366,0.003982869129759153,-0.004467565702549494
46.29,0.02875584356764925,0.02751991616787328,-0.005105393756657535
46.295,0.02785724746643315,0.010633701306356857,-0.011222297334603865
46.300000000000004,0.04628732377277273,0.021562839936873204,-0.0011430066900745797
46.305,0.03253809354830361,0.0032726848792735907,-0.008213044614880576
46.31,0.020556748750502892,0.024165403581141193,0.004346087135510803
46.315,0.034356397120286535,0.01796648523911539,0.0009086451111182869
46.32,0.03723078480216825,0.006217077831397211,-0.00821650197615763
46.325,0.062449612963504354,0.007463702603709661,0.0010776204519891848
46.33,0.03172845058589292,0.006381980500650573,-0.00257906529037702
46.335,0.015778460306138976,0.024695239353304164,0.0030708725061177936
46.34,0.033233906547682254,0.01464979241456376,-0.005001954696874327
46.345,0.04532961103228078,0.035050822517221955,0.0022216763228938437
46.35,0.04604599281841192,0.008716813065201922,0.001946981437339358
46.355000000000004,0.05309580021252795,0.033793299377089484,-0.020171615865123484
46.36,0.04515584419248447,0.012714141116496602,-0.01411899892981284
46.365,0.046454482540974146,0.01784429773349716,0.002272780773273909
46.37,0.04833580971991056,0.01793700494211388,0.008594114135010926
46.375,0.04566635145818877,0.023883842163534567,0.009645127141954854
46.38,0.03829604556465879,0.018900133716356987,-0.004939546419935141
46.385,0.04715176543279696,-0.006761965896756461,0.018434246806017344
46.39,0.04431696475032975,0.009661923455532077,0.025256629749052135
46.395,0.038022734242238135,0.03901730343157078,0.005007629501412088
46.4,0.05479223999169246,0.02891771968256625,0.020502606292808312
46.405,0.03985843316554527,0.026983618956678737,0.01157646823662424
46.410000000000004,0.050356007261436866,0.021780820476193827,0.0022854129090432848
46.415,0.029442075982826603,0.026975739781337525,-0.00044139201074463313
46.42,0.032673205734388165,0.012852750373259773,0.01758867722000151
46.425000000000004,0.021054112842617267,0.014877471595721668,0.006320389206830819
46.43,0.037536655865340135,0.020867009861527654,0.01060449091024686
46.435,0.04769496039090214,0.009770460971593488,0.022979014470592883
46.44,0.0365658427149609,0.01877114523676995,-0.003298773792615712
46.445,0.04429249369541923,0.012081736753760577,-0.00037625450871761655
46.45,0.03308969445265876,0.008152650020047402,-0.009222336144707261
46.455,0.0305393214337999,0.009046685208544054,0.00032914396418959476
46.46,0.038209303235670504,0.022224223940679706,-0.0026538562284712216
46.465,0.041781271247298635,0.005727677669103854,0.008304635508205472
46.47,0.03474596671297862,0.01960743509842446,0.019077101070170927
46.475,0.03520653799402854,0.012940975074507175,0.008539690586885536
46.480000000000004,0.035366132497371784,0.008371569074593065,-0.009331378879342564
46.485,0.04984189358153054,0.017429742741350854,-0.01874470040565842
46.49,0.033019902661957826,-0.0019058049989478087,0.008236581094092525
46.495,0.039439531759546106,-0.006998172672267014,0.007953918109661139
46.5,0.03435306066247917,0.01437497568120637,0.015510578217444598
46.505,0.026142268712012605,0.015420458880389669,0.004961095195314225
46.51,0.022779785379040154,0.007842263628114536,0.008665373588723485
46.515,0.031177157830006172,0.003041347017027042,0.020463289979103107
46.52,0.0203568143524352,0.0015198397561893256,0.01231515791472005
46.525,0.03571426703996015,0.0024575964676705974,0.020342923371696724
46.53,0.049017095916934594,0.005980443375625899,0.012631088154190088
46.535000000000004,0.03324760017206516,0.010697772271093864,0.0203921718762972
46.54,0.0443210867949034,0.012768953725547651,0.0002737359276618438
46.545,0.03177681602188561,0.005108883018380574,0.010432067612081748
46.550000000000004,0.044233551128402465,-0.006367851213503202,-0.008752932100461516
46.555,0.03422204661611244,-0.003711365402274771,0.013372242880723969
46.56,0.043734888839013324,2.2232717366139595e-05,-0.0014878144267943955
46.565,0.019769041606334137,-0.014471838452695599,0.006156171718954707
46.57,0.05894897309833379,-0.010085177432765786,-0.00331972551151871
46.575,0.03728998863477452,-0.006726856905046154,0.017052406449331824
46.58,0.03236370527491509,0.020636565672696235,0.0010058560453674315
46.585,0.023885556150795413,0.010042420733491675,-0.009727290099674315
46.59,0.04201639210613521,0.022953182723664874,0.007295480389344426
46.595,0.04063169429684391,0.0037299081731095333,0.008016128858202078
46.6,0.04251857487337816,0.003836685285647517,0.01698167197529064
46.605000000000004,0.03609989318668112,0.03456896862997892,0.005233107074773074
46.61,0.024980832459657216,0.00590380189824373,0.0029691997110801015
46.615,0.03306137477776535,0.013088571621673912,0.005226710953060198
46.62,0.045014640010105196,0.007007873623986766,0.004129931178873586
46.625,0.06059790607746803,-0.00534284532113132,-0.0006941046685557716
46.63,0.039617622547406674,0.015432958829948424,0.005967441188432858
46.635,0.05403943437790037,0.00263504898468074,0.0014452785908787716
46.64,0.04006033988501194,0.009853043864907617,0.008151672399623347
46.645,0.03751859167518461,0.0016060884553257809,0.0010581333918910276
46.65,0.03342501777820554,0.0111621286561389,0.003352311396816873
46.655,0.03900155394156297,-0.007164839196676642,0.015263923544382661
46.660000000000004,0.05401315620221431,-0.005881843796254588,0.0063330173223479285
46.665,0.024267149321245674,0.0035543861592693005,0.0001639808747027037
46.67,0.05354214309986366,-0.022179727152966615,0.015731362857718104
46.675000000000004,0.053567639375582426,-0.018059256464066073,0.008645191302162385
46.68,0.031980895825568983,-0.01163658661327582,0.033273215490919786
46.685,0.018394129070055415,-0.014126355621106942,-0.0015070752464024471
46.69,0.04262701940810876,0.002661790203474096,0.003853633235004367
46.695,0.051754635672422854,-0.0014721050008605647,0.004506488646822547
46.7,0.030393104422263593,0.012385827741696923,0.006787985369471144
46.705,0.03463890802114034,-0.004350858457586284,0.02004529581160714
46.71,0.04358847527401149,-0.011208927986778866,-0.0001209469809497158
46.715,0.03454188367837505,-0.011063294632462577,0.008451300958157174
46.72,0.04621196001565267,-0.004773691341315599,0.01415543093872217
46.725,0.0377304300116487,0.010852710708705148,0.025375955294338854
46.730000000000004,0.04926372549600713,-0.006021767791971984,0.03358702470527
46.735,0.04583218870856962,0.0003788988751729297,0.02009678566785546
46.74,0.0478998917159998,-0.015743973541555403,0.024886664873934435
46.745,0.038058420699265266,-0.012277188632446576,0.025988397313559945
46.75,0.059331446227267555,-0.01282099777841788,0.021127157002945318
46.755,0.037254151638916926,-0.005395655482750712,0.008388160126027323
46.76,0.06894957766496407,-0.006415045346587874,0.02550580832188899
46.765,0.04295269788871044,-0.005539461171654367,0.011509126526893041
46.77,0.037238726394285916,-0.0020709783815550074,0.016707947043489185
46.775,0.035824531688603924,0.002844824430454331,0.018920247663293727
46.78,0.04200697224209917,-0.0009564036960054111,0.005111008420477422
46.785000000000004,0.05731047573084075,-0.015489871215019527,0.032501400479897725
46.79,0.047152723795265396,-0.008338258633889298,0.028841078940370864
46.795,0.05496600000671194,-0.0086782785462309,0.013599950196297906
46.800000000000004,0.036651622031955856,-0.007668997467706849,0.018696697578863646
46.805,0.04856844159980678,-0.010312814566094943,-0.010477820451603975
46.81,0.055182410634919465,-0.012437243825498843,0.03821984005026077
46.815,0.04626696453013973,-0.006204380305394778,0.0034542195266972046
46.82,0.05446090141872408,-0.01446354576541854,0.011811206006780926
46.825,0.052468334648533725,0.00565221321912009,0.015685947203789064
46.83,0.054029137622968425,-0.013454134872229163,0.01823370214135765
46.835,0.032514126673092995,0.005172758467444322,0.018014585201034324
46.84,0.06763302431632268,-0.021933861101846,0.007586326876367861
46.845,0.05704177681971928,0.006639214317774759,0.021565852977295026
46.85,0.05458945829678223,-0.002996667681595684,0.013331592210326423
46.855000000000004,0.053228708590811524,-0.0039444929849763825,0.004845313674603941
46.86,0.04674337884883593,-0.00794735584441044,0.013563001076994652
46.865,0.04869268367772452,-0.009761361273140477,0.03308045047728822
46.87,0.05941832628543961,-0.010880454784600063,0.03324179408078068
46.875,0.05466142967772088,-0.011665004012813519,0.01879987494025084
46.88,0.06738447328464292,-0.017373252216635188,-0.00918098874510483
46.885,0.054814247933665905,-0.015554465595267866,0.02068137937846201
46.89,0.03790905128708808,-0.003292665681262401,0.02659588522675653
46.895,0.06922783377201745,-0.026159594812900745,0.02542865807830695
46.9,0.06305844936827956,-0.03392804611687308,0.008462836160944546
46.905,0.08383191021324836,-0.01925165322857917,0.027458209004186884
46.910000000000004,0.04077007902728019,-0.01078549202111824,0.018199201532412695
46.915,0.06907999241810597,-0.012800480623901,0.024075142687012184
46.92,0.0519007481660381,-0.02758442879504741,0.02272289750130075
46.925000000000004,0.07737464045328882,-0.0029734044873237914,0.03464320043998888
46.93,0.06325253330918686,-0.0077632803501272475,0.01850786357383694
46.935,0.06604928254592143,-0.029062787725760684,0.010778152937927367
46.94,0.06430768863037167,-0.004618190769100226,0.012092021110443676
46.945,0.06670512545116017,-0.02179703917937055,0.02412329315842717
46.95,0.07267219982452786,-0.03160151768915197,0.020209316125398016
46.955,0.06291796542940985,-0.0012664257559643448,0.011099086641738403
46.96,0.0739551026401793,-0.0201321188997904,0.01858356739130217
46.965,0.05425830665782551,-0.022279522669675214,0.011845732395807811
46.97,0.06426645776147198,0.002563033349586283,0.02688061220757201
46.975,0.06552432107136526,-0.0029362620039384765,0.0298729529026098
46.980000000000004,0.07326992768696602,-0.009133628130833224,0.011073591243657612
46.985,0.06070104025642743,-0.012102264157672134,0.03129421197178184
46.99,0.053550130732608614,-0.01633084275633115,0.02130286709794094
46.995,0.04044162755796808,0.0005891455577927487,0.0144616017251427
47.0,0.0568766167626876,-0.024435663341526772,0.016789431883903968
47.005,0.066668111606605,-0.024618746897553105,0.014170602107303889
47.01,0.07145510888730917,-0.02374802317845284,0.013868393795112496
47.015,0.07040324308736733,-0.02278386331461369,0.030851153893256947
47.02,0.057417483851046704,-0.0200580874350796,0.03772601416306205
47.025,0.07951881889482852,-0.013252177703823021,0.020868412568673344
47.03,0.07410549549039269,-0.007727587445372063,0.025036974427879114
47.035000000000004,0.05825366350000061,-0.01949601680733436,0.020558387886766675
47.04,0.06268245722075111,-0.02007182096790524,0.02008914541493739
47.045,0.06732593937462528,-0.03250565082583593,0.00825967671359624
47.050000000000004,0.07335393574417104,-0.023966821095261083,0.017591638925892022
47.055,0.06916068726934589,-0.016473150410745853,0.01425824208984506
47.06,0.07069063092378747,-0.01857324699284383,0.016634358832490988
47.065,0.0625034217254828,-0.006045193621019466,0.007636722160620382
47.07,0.07782905395926283,-0.02395209268860666,0.014996244821207134
47.075,0.05995356041685292,-0.008723949387740876,0.021090540959633454
47.08,0.04697075573654693,-0.022650139227542575,0.01885332338995686
47.085,0.06334394758633856,-0.02693091655333048,0.016587703793349225
47.09,0.07179289614363216,-0.029964399003144133,0.016228169583067286
47.095,0.06197400094339881,-0.01781953413373285,0.012565987466322696
47.1,0.050463918415772205,-0.015534531944031652,0.006885326052856413
47.105000000000004,0.08037315730971956,-0.0099974915173783,0.037020784047428625
47.11,0.07167938421924598,-0.01862530518347418,0.0007787727475216909
47.115,0.054208809567435366,-0.019302065684622487,0.020723994841426393
47.12,0.0369553313717367,-0.024413519945124904,0.006933012953513494
47.125,0.0594299590852774,-0.022861727388385197,0.02032408774308076
47.13,0.0628847086057358,-0.033932826343050136,0.009128059789929466
47.135,0.05103375447770486,-0.015004228437721073,0.022439102723999703
47.14,0.06577840535898882,-0.023634510314386042,-0.0007295982769309033
47.145,0.07000999499906435,-0.02636766212982586,0.021201348973068423
47.15,0.05381281239306951,-0.026000557142028004,-0.004635745030869153
47.155,0.0501811146631019,-0.01215667691247425,0.0158667832833173
47.160000000000004,0.06460144959229361,-0.02410012762777574,-0.0173099058812776
47.165,0.05820347184098061,-0.01320960159204779,0.015409186014690872
47.17,0.047677593616523815,-0.01048943862996866,0.010233386604830275
47.175000000000004,0.054769381935225805,-0.007308785631358207,-0.010323147067340275
47.18,0.04281145946430774,-0.022546603118749755,-0.002330531163612048
47.185,0.06445545967911598,-0.03412256273503401,0.0037765168011457883
47.19,0.07050157567434745,-0.022960852286412047,0.01160669369352321
47.195,0.06535286502510859,-0.020943005741337853,0.008797413247223065
47.2,0.04853766073605143,-0.009938314967551962,0.019662015548378993
47.205,0.046101908577291975,-0.005468815501510127,-0.0036738426634106893
47.21,0.07262011683271438,-0.013959429987653423,-0.013083505955184236
47.215,0.06176073681145574,-0.02293334679900973,-0.00493646184773042
47.22,0.03955221762559794,-0.013409579054930135,0.005713893123455627
47.225,0.058343297470836344,-0.018274746152097888,0.018497693694436518
47.230000000000004,0.05470862702266434,-0.028956306396935992,-0.013554016944265333
47.235,0.052244289026933254,-0.035010809027117604,0.012055247011637512
47.24,0.06070657855610952,-0.01375359867351738,0.007254065276738757
47.245,0.05506797833170792,-0.021955544585732987,-0.0040365647619413116
47.25,0.052104172280238455,-0.02442138328174186,0.0303686478706626
47.255,0.03364395754747256,-0.03773784127309185,-0.008948173772102018
47.26,0.049119266821916134,-0.018760423278114523,0.0031507987194926814
47.265,0.05190059867456873,-0.02067990578046804,0.004564797168158174
47.27,0.06581840515031886,-0.021535997680564578,0.004055447827263409
47.275,0.06584843612577514,-0.010682795421961749,0.0022562434467092085
47.28,0.0685844693380129,-0.03643899772014487,0.008407141509619347
47.285000000000004,0.057999163174512966,-0.04421337141780987,0.015590231571344225
47.29,0.04943302687186546,-0.004184861341558939,0.008874823267335772
47.295,0.05189851202744856,-0.019447585838044436,-0.008562265196166945
47.300000000000004,0.03909352451899771,-0.0229420247424729,0.010591422243103865
47.305,0.05617337146069695,-0.010411672764761605,-0.006219570267797216
47.31,0.06529822778992803,-0.02033074389579953,0.008392132638406925
47.315,0.0691417066489015,-0.023223945631846595,0.014988294083969138
47.32,0.04748311781153442,-0.02291993864509862,0.005063355368142026
47.325,0.056655505772621226,-0.018828315447201243,0.0011942850028311093
47.33,0.057690583578363916,-0.04057793639338481,0.013406610842593491
47.335,0.04807424901857219,-0.03360563165748045,-0.0012616480933220972
47.34,0.06721646846720628,-0.03453368999475965,-0.0015547249717258304
47.345,0.06548618526317554,-0.01755697266170407,-0.00726852623690987
47.35,0.05396323276632274,-0.024984180679033956,0.0009477999736061682
47.355000000000004,0.06168651751796339,-0.025212942856001987,0.001816295125712599
47.36,0.03462549198395183,-0.009218366147650515,0.0003677742396513393
47.365,0.05396462066750177,-0.021679316215291268,-0.028173569560825108
47.37,0.05572165559774236,-0.035672529320544856,-0.008219653282725826
47.375,0.06073936581883793,-0.02943284614372991,0.010936513386009575
47.38,0.07238359687279168,-0.038910622281837594,-0.005749830013906096
47.385,0.04597891067456714,-0.026725854938216723,0.008662119737229367
47.39,0.05350729942857555,-0.04022707150450417,-0.018176631532733044
47.395,0.05140045582737171,-0.027557324929733513,-0.004830356636646173
47.4,0.07254882171601414,-0.021864334367064767,-0.024504561948418373
47.405,0.08048925929935408,-0.03408771183310903,-0.006569713189094971
47.410000000000004,0.07229991630378851,-0.0318869983249624,-0.0045505401870991865
47.415,0.06106647192432256,-0.019943790717828258,-0.027344689581335582
47.42,0.06855838552531035,-0.006966801853649573,-0.004976762032845758
47.425000000000004,0.06685494126860485,-0.05077154442328262,-0.013938636732222991
47.43,0.05647098019139687,-0.03347040627632164,-0.01564192526672915
47.435,0.07815113236409588,-0.03599984124021066,0.003483459097053404
47.44,0.052978210725926615,-0.017240121909223475,-0.021051737042506312
47.445,0.06284969454562381,-0.02776081133310769,-0.009809247610551214
47.45,0.0620566306800506,-0.02659895067716525,-0.013628097999744482
47.455,0.09395915329883628,-0.022585892581727544,-0.01729242147905924
47.46,0.05435768374569015,-0.027385373645352932,-0.014217048548202093
47.465,0.05612047595009301,-0.021693289760164887,-0.0014268983659983395
47.47,0.07967777195140434,-0.020004415601530177,-0.005598519551845903
47.475,0.090071890838493,-0.03509563637773665,-0.015442700769953716
47.480000000000004,0.05897571877819845,-0.00892087528905803,-0.0013967177070280373
47.485,0.06178692733649155,-0.022886398578618947,-0.00992612386639388
47.49,0.06264029684868165,-0.016975295572273653,-0.009273334885264385
47.495,0.06722914451296606,-0.03126857137571735,-0.004488384044397262
47.5,0.07045832834176483,-0.007160949877862706,-0.008768714937662863
47.505,0.05539402944918591,-0.032351382731677925,-0.018523838624514493
47.51,0.06796523664199,-0.03540331397778326,-0.014247446209985842
47.515,0.0475308711602598,-0.021205515662107568,0.008119073091352251
47.52,0.06810449457374246,-0.022957911878957408,-0.008355348539265998
47.525,0.06394768102580475,-0.018442535495131182,-0.012024772725114732
47.53,0.04564167615616757,-0.01658142473796039,-0.0019519941368112037
47.535000000000004,0.05970185558871191,-0.02766469944434992,-0.025318259142767974
47.54,0.06213550556870275,-0.030936471419653392,-0.014637997346696775
47.545,0.0655045215531168,-0.020031760367152533,-0.005074953002179888
47.550000000000004,0.06126529131702476,-0.03152004008431229,-0.0022235858055285234
47.555,0.0313525903365152,-0.015061900022791527,-0.005412969998337995
47.56,0.0604695734013487,-0.011343725165226453,-0.004994171460666926
47.565,0.06748449634988965,-0.043254449035231374,0.004942551134864318
47.57,0.0540101082718542,-0.016914611131055746,-0.013825779573295196
47.575,0.07529230826257644,-0.03334463647933143,0.0011255401153317988
47.58,0.05388267549390821,-0.03872906149247854,-0.012198258124784625
47.585,0.04650204734168894,-0.020102742416661795,-0.016749587522032802
47.59,0.07297970647803981,-0.03753601027831049,-0.015455373783576754
47.595,0.08526004847382469,-0.020692311716335496,-0.013028151595150618
47.6,0.08000024766117002,-0.02794320220310088,0.0002568855736050362
47.605000000000004,0.05406823672276677,-0.04541969707520093,-0.01769167544804761
47.61,0.05863092818113651,-0.033432539982655295,-0.00722436733335764
47.615,0.05935732221515669,-0.030680506068697922,-0.017634577111809848
47.62,0.06227765675409519,-0.034204354445784436,-0.020140629713563403
47.625,0.05058124223939615,-0.022211264230738426,0.0038915695364288762
47.63,0.0632665051371836,-0.008876429902695725,-0.013874538029787583
47.635,0.08187352134912138,-0.022271911294439728,-0.020000445992913344
47.64,0.04897146004561468,-0.022018671980717948,-0.02120268847775899
47.645,0.07579943963778663,-0.041316955049981924,0.009901153991082521
47.65,0.06597926089716646,-0.018184956228044877,-0.015473353162861673
47.655,0.0643933408941924,-0.019392920829387164,0.0018169071993916447
47.660000000000004,0.06178621728975542,-0.03553517998239498,-0.02190137280191698
47.665,0.07755483184638223,-0.04555557735838679,-0.010855820604095592
47.67,0.06382297842251405,-0.03946382561758986,-0.00328017269953577
47.675000000000004,0.05603942357834929,-0.009977541388545522,0.0004155049911274836
47.68,0.0589449282270247,-0.019099999474101924,-0.000551372239563027
47.685,0.08354264301913962,-0.03929056173106469,-0.01483792814455338
47.69,0.06308489593255645,-0.028467407297252334,-0.011638066693144787
47.695,0.07820412405830185,-0.024175610062733936,-0.012478357883567449
47.7,0.05114363911059862,-0.028479950183960448,-0.0027940408813243852
47.705,0.07591776704515307,0.0030453500376923792,0.008965075364937592
47.71,0.0831128003123973,-0.04119772265712136,0.003335517744007307
47.715,0.05585615106735445,-0.016416169988486586,-0.006029855002285929
47.72,0.09018817449292335,-0.01993434226212481,-0.004019217842743454
47.725,0.06107490375927098,-0.023512957806576425,0.00511122146959452
47.730000000000004,0.047541450868899465,-0.03230463271961053,-0.008292277759635053
47.735,0.0811765969793683,-0.019165153646258086,0.013363285580068218
47.74,0.07251727767139747,-0.03457551228763315,-0.003151778534846582
47.745,0.0669832301099424,-0.026161005833695593,-0.000387301500446963
47.75,0.07636875701879575,-0.03518644968044437,0.025106361352338076
47.755,0.08183038763203436,-0.026685094687302693,0.0131687456092827
47.76,0.07663319947658252,-0.02643739493962134,-0.006255665861591188
47.765,0.06748932028052433,-0.03149650232318915,0.013246335723945561
47.77,0.07063188695799358,-0.028602512514162754,0.004876289628989432
47.775,0.06073170359810287,-0.03576835601593247,-0.005634540523615331
47.78,0.04858292552983145,-0.02347355525835216,0.008003048721550807
47.785000000000004,0.06800337056430028,-0.029654186349507367,-0.011224047312347642
47.79,0.05485592361668255,-0.03319154204622206,0.01771840670697658
47.795,0.08688670368676871,-0.019987918148612754,0.011272792061005519
47.800000000000004,0.0733452132658441,-0.029736285194717847,0.003806395014698616
47.805,0.08226514676419264,-0.023408986688389064,0.020244003708919107
47.81,0.0877583244169376,-0.02425288933217941,0.012229659137666358
47.815,0.08559922433479447,-0.0330164344306304,0.008354277569668882
47.82,0.07724463513775791,-0.029417105768835786,0.004273646062817414
47.825,0.08076711782930947,-0.02503674333030069,0.018126186580398874
47.83,0.05685672693821604,-0.021439556246692422,0.021872853623524705
47.835,0.07480000747233714,-0.03182817262020784,0.0024095587511924277
47.84,0.07746556005511218,-0.03468399989308513,0.011241043501127573
47.845,0.07372474554006059,-0.02766805984794243,0.009259695613092284
47.85,0.05303347042523726,-0.04215898268842577,0.014524128885156595
47.855000000000004,0.04889618990457172,-0.006274346037767116,0.006301193199302652
47.86,0.06561907216591724,-0.029396776125890957,0.00098928585497999
47.865,0.0757134941222794,-0.030711549633338248,0.006513181063577118
47.870000000000005,0.05479229495342289,-0.014624010483881941,0.02515820572465127
47.875,0.08934480555573182,-0.033388030402535185,0.010841004089305082
47.88,0.09458238433240757,-0.03947590706759732,0.026636214586202113
47.885,0.07810156800508244,-0.00981108825998165,0.015705172115836854
47.89,0.07222461496939123,-0.012838784673397951,0.021910863776685892
47.895,0.08609954113949819,-0.026154833274953104,-0.00032886692729807397
47.9,0.09430661955181421,-0.010836796402956782,0.02123594119828398
47.905,0.10388332608530021,-0.027722461213114533,0.003400702724796044
47.910000000000004,0.09382979206393315,-0.022971368840555843,0.010997723219708717
47.915,0.08284261792452985,-0.01936869508886979,0.003196747966118926
47.92,0.08878350215953801,-0.052708424362256076,0.0079863122714931
47.925000000000004,0.09003868999343624,-0.024595266394323523,-0.004420469667767832
47.93,0.08579311541172438,-0.04696446418101994,0.012536620154847383
47.935,0.061161030529229644,-0.028129974494053182,0.011512897906999511
47.94,0.08693763823518745,-0.014206284884743119,-0.0008262983762165887
47.945,0.08908704966606573,-0.02328462924130922,0.007006936826520561
47.95,0.06666491458937407,-0.022705331228457533,0.0036700894594106004
47.955,0.07411781279105782,-0.034782012990970085,0.01080279588614685
47.96,0.07137254872984822,-0.017393931427334166,0.000988400209825546
47.965,0.09276174269823136,-0.030709025308230768,0.0007802211971974602
47.97,0.07953434439886983,-0.025959316405068364,-0.0020518774646553343
47.975,0.07958442235256354,-0.020852680819849544,0.00575442258341911
47.980000000000004,0.08548306206262649,-0.031301805996747735,0.005133695730095068
47.985,0.08001634220336068,-0.025934396391777158,0.01687054002084945
47.99,0.08020319925349079,-0.03809977255477329,0.011038598472432565
47.995000000000005,0.07953795763575919,-0.01678772019800161,0.01888148041931829
48.0,0.08580999833061971,-0.02086936786963713,0.011195537598718693
48.005,0.09458896543049572,-0.02767989271900326,0.005835970841019479
48.01,0.10334518263923406,-0.03367039640296656,0.016668307400744226
48.015,0.0793081237111718,-0.02866842874076151,0.01877200274936151
48.02,0.08625151951227278,-0.01300374515568302,0.031406938314745024
48.025,0.09685262885085508,-0.030073476552246216,-0.0009773714003120373
48.03,0.07511439085439231,-0.014030873012996974,0.001610736909052592
48.035000000000004,0.07249974772913577,-0.023760402057976318,0.008941542142802522
48.04,0.07633199822650791,-0.004073229982413384,-0.0023539291442295595
48.045,0.057680801579051214,-0.024875078848970025,0.004696772343661341
48.050000000000004,0.06882459368730373,-0.044230559135152794,0.010742932511811553
48.055,0.08749701301026554,-0.025447940735280027,0.024472530663669695
48.06,0.09718414542155647,-0.01653722951490612,0.02293249052055343
48.065,0.0862223747454017,-0.020707719706299667,0.04750979091251087
48.07,0.09412103517557949,-0.024411445540076845,-0.004485748557976771
48.075,0.07889005813492175,-0.02326017500587848,0.013953606437690464
48.08,0.08845666689221265,-0.027972995141084173,0.013421118969178011
48.085,0.09377761750416216,-0.05165357652723536,0.019412512805775155
48.09,0.08580733451855221,-0.016015489778239522,0.017949338478728313
48.095,0.0878771606853003,-0.018341059468769235,0.03985002852113536
48.1,0.08247531503675495,-0.02241496355627187,0.014167912467070755
48.105000000000004,0.09220831222493892,-0.004526874670021733,0.02297377314281388
48.11,0.10158159126571074,-0.029719463233787203,0.0355915007333097
48.115,0.09086761667989068,-0.0029147344602455036,0.017039660211642674
48.120000000000005,0.09286599679832855,0.00207259311165775,0.011403097062577005
48.125,0.0987392465822462,-0.009347921205724499,0.017932604364198183
48.13,0.07281783705510947,-0.023423566075950704,0.027569700841349624
48.135,0.08646427646356035,-0.013474371429602297,0.005466625518273151
48.14,0.09798434890952784,-0.006743500268651198,0.010755036690097877
48.145,0.08394998535054687,-0.008396204455890826,0.02368780667150603
48.15,0.08762993404098683,-0.002393807303951438,0.01618114702037905
48.155,0.09388957397614547,-0.016150190750351075,0.035418166021300504
48.160000000000004,0.09987119528567368,-0.004973578535134596,0.0157772661145801
48.165,0.05922567809759795,-0.024952810585190884,0.015500373746110314
48.17,0.10797007471596445,-0.02509056244619206,0.027636919051709095
48.175000000000004,0.09515991233233444,-0.0055151931294800186,0.03805584991728066
48.18,0.08651808334527242,-0.022063371662491237,0.03496178816128821
48.185,0.10308425326130158,-0.015098384903683638,0.04318821762178522
48.19,0.11454065004646113,-0.011108166012456646,0.021272444067849818
48.195,0.09313984173353715,-0.02673338326253936,0.025466210464580072
48.2,0.09884244467720522,-0.0255149822079197,0.019625572752294887
48.205,0.08753926975508222,-0.022897570846080035,0.022430750965607076
48.21,0.11203447425452462,-0.024659894333110076,0.017975235207593376
48.215,0.09534980179251519,-0.02371203195333405,0.024140321583900108
48.22,0.09525418864909287,-0.013594691491613731,0.027375409539648544
48.225,0.08971481270691482,-0.012511737457258983,0.015583955335439697
48.230000000000004,0.08529062293303,-0.012889414433830244,0.015861334624264405
48.235,0.0837290878301889,-0.02032235492130136,0.029224632541545368
48.24,0.10959440912500559,-0.012762807358434387,0.03922039391157927
48.245000000000005,0.08392743439273193,-0.023756566123333475,0.018414250515401003
48.25,0.07857802073609801,-0.009368759071979732,0.02170537405743158
48.255,0.10723783925129174,-0.012738686620341992,0.03582339036055693
48.26,0.09185543024675849,-0.031072627395949275,0.01712615050389609
48.265,0.1044226079271662,-0.00905226668766056,0.014049575573596347
48.27,0.08440349123864249,-0.018379561103860548,0.021612042641403033
48.275,0.10095231362598328,-0.015208881207889081,0.023059722288525163
48.28,0.09589541194878928,-0.015122049695605402,0.03040206560060837
48.285000000000004,0.10128005693471745,-0.01787608483610865,0.02330190925287159
48.29,0.09400081091944676,-0.00810206288812405,0.011336583324904496
48.295,0.08708327434629028,-0.024513917133831383,0.020678428844232856
48.300000000000004,0.09601129401536171,-0.003146490704684396,0.0305458100018429
48.305,0.10354562866372698,-0.006207786657890502,0.005983137245675142
48.31,0.08331996126707253,-0.010201114296426155,0.0009507430020286286
48.315,0.09881774995615271,-0.029674935279208357,0.0217171003891048
48.32,0.07709400059265671,-0.03471468082930038,0.02516988181184964
48.325,0.08612207836313783,-0.0280919690633306,0.02400350103537122
48.33,0.09066854628808275,-0.02150664350342895,0.023780635191071976
48.335,0.09656163530507886,-0.01197659694431294,-0.0018188400472420327
48.34,0.09606226170041197,-0.011085866935035684,0.002244470663182608
48.345,0.0828092168369913,-0.004809692302848223,0.009395790486800604
48.35,0.10570949081045095,-0.018400597084209436,-0.002689873304846743
48.355000000000004,0.10124600679049814,-0.004373174249137347,0.006811828552749057
48.36,0.08848087716427591,-0.013209026928552359,0.004991574251735814
48.365,0.09501865548652116,-0.011995042565595717,0.034975082767068566
48.370000000000005,0.11516140491911571,-0.010249631006230553,0.029188589806058887
48.375,0.10442037912257682,-0.001082090795409385,0.008861063873912639
48.38,0.07946526864993762,-0.006354162156477161,0.03523964981084117
48.385,0.10197648635734875,-0.005641362014111299,-0.00029350934073702796
48.39,0.0847678471132002,-0.02611335935047878,0.013075479420026646
48.395,0.09821358296377548,-0.01297297779463119,0.023207029622278035
48.4,0.09970560548884563,0.0028224285994355933,0.031476167265568365
48.405,0.10674192570565239,-0.008731136999747358,0.028492813584377375
48.410000000000004,0.09825897877247088,-0.028449050673396117,0.012382856863531803
48.415,0.12077047286837192,-0.00649576527020462,0.015508704356463017
48.42,0.11358322137288612,0.005269005473968174,0.01539231849599104
48.425000000000004,0.1025611209945459,-0.01709113810088781,-0.0044063583432375625
48.43,0.10313138702906241,-0.018998707792960135,0.012224028538491201
48.435,0.09146337984705298,-0.016644998157438737,0.015331678825356283
48.44,0.0970471271644218,-0.016501991695568076,0.02551191030621794
48.445,0.10328946321078321,-0.00867282409250223,0.015105458502672779
48.45,0.08538268705206972,-0.008736978350999375,0.005445897603788235
48.455,0.09831237392855621,-0.023686137453248407,-0.002058807868516368
48.46,0.09953276708983624,-0.012318273732464177,0.0142687172654696
48.465,0.10507951454162864,2.0313850392791877e-05,0.0058365292350414395
48.47,0.09016994154710159,0.004556761409338677,0.007376846090856297
48.475,0.10713539756982413,-0.004825051043193692,0.009662458453758405
48.480000000000004,0.0920968256778753,-0.010990092175120404,0.0015083676481659977
48.485,0.1029823138924934,0.005457488298903097,0.011797195517754072
48.49,0.09582276519809092,-0.023037487397820806,0.015298123865247554
48.495000000000005,0.09873364608386051,0.001336025428143265,0.004420832066394343
48.5,0.10086290730613118,-0.00029422012467553854,0.0028504539474136304
48.505,0.08256649615296491,-0.01848385467999835,0.002517995685074735
48.51,0.10069755551704077,-0.009613517036947634,0.0078461698670485
48.515,0.11140799718506705,0.0030191439101541623,0.015560865218485497
48.52,0.08463615796514529,-0.00920668341156922,0.009927333388629342
48.525,0.08078917740540026,-0.021449456486862473,0.002054768789713754
48.53,0.08640916554580211,-0.004384656885556244,0.026106295680984683
48.535000000000004,0.08853424792723283,-0.008758471025566247,-0.0006921831301545717
48.54,0.07112436646236756,-0.025451779978525043,-0.015364874511650712
48.545,0.10610197009026129,-0.01991288534187527,0.005749940741082683
48.550000000000004,0.09131818140518763,-0.02579761650683112,0.012381201151299011
48.555,0.09637519085704177,-0.02473765689959791,0.01970361969968461
48.56,0.0916113850847884,0.00204601920484071,0.0234015719668099
48.565,0.08452110667193474,-0.018070564464256207,0.004322489886330555
48.57,0.08171527821068936,-0.016153349374025544,0.0019109678813765004
48.575,0.09197285107202084,-0.007688687983562877,0.006698891018708201
48.58,0.08523518618652814,-0.00070647158375323,0.00968157400056335
48.585,0.10510298912818983,-0.004462882612807494,0.018051487611899966
48.59,0.08765313813293663,0.0007687623298702415,0.012982162630303662
48.595,0.09012656764609905,-0.019790913588092207,0.016554665590894753
48.6,0.09094675120321208,-0.026810666893246498,0.018792577458348073
48.605000000000004,0.08009007017803775,-0.019808789046867937,0.0006564588840043224
48.61,0.09257371493084617,-0.007893419269411617,-0.0009186606383561977
48.615,0.09482996288028994,-0.008674296115041499,-0.00959382822465942
48.620000000000005,0.09745037932498053,-0.008381464593824658,0.0021402735623992073
48.625,0.09423128848682137,-0.012857835882523773,0.0044109463910412695
48.63,0.07961842387438806,-0.020885328959233472,0.018722149367336214
48.635,0.08081691098315713,-0.004187362421978064,0.013803049504452979
48.64,0.07659790896834123,-0.021198125215511357,-0.005731705274025195
48.645,0.10316604153805121,-0.0052495033629922395,-0.005907147065381337
48.65,0.10017196525161243,-0.00393334219357282,-0.006941079887548959
48.655,0.10139863996817702,-0.025313255740583993,-0.002972154863781751
48.660000000000004,0.08715994108950856,-0.01313136700642791,0.0006357606265620184
48.665,0.07682463499902961,0.0018907128183417686,-0.013593399870916631
48.67,0.08969736910798506,0.0002909085329061978,0.00259962769004265
48.675000000000004,0.0955783407869614,-0.010783006959461246,0.006997120572120465
48.68,0.11203847220854016,0.0010056673219730368,0.0016305967261558037
48.685,0.0923028397267743,-0.0036667001823659645,0.004709213295646561
48.69,0.10808702487210656,-0.0011913047324568285,0.011706236507894104
48.695,0.10223242762370746,-0.003693575072668303,0.002975244231590273
48.7,0.11047902703919352,-0.003394460356281794,-0.008459782705786888
48.705,0.08848669835645408,-0.003567431400340975,0.0019314249505157652
48.71,0.0998274669946619,-0.0018539959944924474,-0.0029887954183842836
48.715,0.08279999053649786,-0.0033910502414869585,0.010421203077442903
48.72,0.07647294507370248,0.007017752103522637,0.03450603900513655
48.725,0.11159810834516734,-0.015355198862631014,-0.0006909020824270957
48.730000000000004,0.10224720527658643,-0.009553067801350682,0.0037208162304669164
48.735,0.09043286393246247,0.010014826077196348,0.010177931485252477
48.74,0.08957369202743849,0.014631469354220387,0.002986718538184347
48.745000000000005,0.09537357799184168,-0.005860762159135627,0.006944683542784817
48.75,0.07956814906519508,0.00989345771996595,-0.004718135409321042
48.755,0.11429058348501413,0.0007386347320422759,-0.002201692239687314
48.76,0.07979601393841207,-0.0017724724490795277,-0.007288470506112037
48.765,0.09452418943489133,0.010520201772684333,0.008478452107202671
48.77,0.11124682641949701,-0.003106199839018633,-0.00895625828465299
48.775,0.09436364138659936,0.016155662042785686,0.017133770710447496
48.78,0.0988647934869334,-0.00694087693445003,0.016668753046874884
48.785000000000004,0.08678820327109048,-0.015929133599389755,-0.002502645862710752
48.79,0.08893484195281855,0.0030051951399349686,-0.001583087369454111
48.795,0.10816092809916428,0.007067913292350951,0.013225020307506111
48.800000000000004,0.08916796932223423,0.023709016558703284,-0.0002205596797915342
48.805,0.08332700753079117,0.003482095569307342,0.0020672431985645067
48.81,0.0940522069592804,0.010838593736361434,8.16826351491759e-06
48.815,0.10328628295126688,-0.007247029992690959,0.02655438123100274
48.82,0.10115827639262978,-0.0030485607692386334,-0.0009206516051051767
48.825,0.08721919287712723,0.010879707508320263,0.01259693936852882
48.83,0.09502849992151756,0.006581734540286779,0.011939377981831971
48.835,0.10376764637816088,-0.0031388527651689084,0.01854417160270217
48.84,0.08267225188784608,-0.002365146823567185,0.01838814481969435
48.845,0.08865402927770213,-0.005321937620144851,-0.005625237787384442
48.85,0.09651558975955134,0.006997272162103722,0.0010390387577120025
48.855000000000004,0.09378347681981153,-0.0008334920972325952,0.0009084998180633966
48.86,0.11333185380653918,0.0015999212980601675,0.011306247937978034
48.865,0.09052840397016057,0.01840380091000796,0.01652816827164173
48.870000000000005,0.10321109483108112,-0.02600869690461135,0.01654424210210013
48.875,0.08587422895297589,-0.011239757124137066,0.0022312833660324332
48.88,0.10191315882949722,-0.008879664407678973,0.007465489327106294
48.885,0.09005862939994923,0.006307660644333135,-0.029009831714993526
48.89,0.0977798980361104,0.005857306024075727,0.006156037196856979
48.895,0.09184764315810819,0.0014580120407509632,-0.0038641524187590505
48.9,0.11570765021675977,0.007193409755191345,0.010124731394300089
48.905,0.09392267837581653,-0.006185014816291745,0.0013581632518294548
48.910000000000004,0.09458907101217462,0.012192324289636639,-0.01756567388800323
48.915,0.11553836860917857,0.013191640402176453,0.007984434076915585
48.92,0.09120031839340614,-0.0028018876528539682,-0.0038090681416832733
48.925000000000004,0.09732320352169507,0.00411375854567899,-0.010888246290760911
48.93,0.08023022182945366,-0.0074848641967384145,-0.0009255609716310419
48.935,0.0877986031694743,0.0024337278392179834,-0.0020348623372611193
48.94,0.09818568247960191,-0.004997464009730272,0.0021945023716528167
48.945,0.09571928443254632,-0.013880097946305474,-0.006116685575655761
48.95,0.0758448956584434,-0.021400411537827277,0.0004333637900736228
48.955,0.09188231427562263,-0.0059682797740250315,-0.0011017472263192291
48.96,0.07996707670794147,-0.006665779461775174,-0.007830036618017532
48.965,0.11105172468373192,0.0028817492036943386,-0.018469249230769334
48.97,0.0843108043741177,0.0044493885693478695,-0.003011900673222544
48.975,0.11168349239999253,0.0015211109621589732,-0.004119973731473191
48.980000000000004,0.08679333185062901,-0.023916600216958735,-0.010368926531679373
48.985,0.11973705644397764,-0.014369043988326103,-0.02337839723440364
48.99,0.09741824321220391,0.006937016022860842,-0.0028842769281884374
48.995000000000005,0.0973888832739927,-0.006929809161712052,0.0029557554723946104
49.0,0.10907215734789238,0.008849701405704437,0.007113355940142411
49.005,0.10706960441628043,-0.0016397945942269766,-0.0188408074802206
49.01,0.10881685499554045,0.002352408502011901,0.00506213733176214
49.015,0.09405080218119949,0.01191866820874566,-0.018475522774911633
49.02,0.11247029572445166,-0.006688744064897386,0.006155352532959381
49.025,0.10471732548457248,0.002590479055352611,-0.003854870647591829
49.03,0.0911999367124451,0.0006761275905621984,0.004528793995333846
49.035000000000004,0.10132290544301542,0.007742632365504466,0.00953814291886477
49.04,0.10239997311693477,-0.0023551035069504546,-0.008299073560759741
49.045,0.10053023518855575,-0.01331121326449186,-0.0023431710647113593
49.050000000000004,0.08906171105354439,-0.005197320204695877,0.012308424666618384
49.055,0.10752049513281534,-0.014943667153996257,-0.001431853626357696
49.06,0.09837213785640023,-0.005970396279269957,-0.009044465550975954
49.065,0.08736246251339891,0.01583007825422313,-0.005109533387963068
49.07,0.09828050949077918,-0.00934025167750715,-0.016703617473602363
49.075,0.10475040049329903,0.007936560668271076,-0.005955405437143339
49.08,0.10123873557243408,0.012102674556288735,0.002752072685234544
49.085,0.12220997563087779,0.00900310112655749,0.0061809830117755
49.09,0.09751014644895498,0.010701898331961772,-0.0074795478051931244
49.095,0.10095722812107308,-0.0031360970043492475,0.013195275795552032
49.1,0.09458407607785671,0.002231899976550336,0.011692973750867235
49.105000000000004,0.0923709996510261,0.0029117236409037343,0.013532926269392597
49.11,0.0955507550446708,0.014145294392276731,0.0019390197496702496
49.115,0.09893297913493783,-0.004956133449598183,-0.0034928262370508808
49.120000000000005,0.08905995325908128,0.025121729058948765,0.007356437506440797
49.125,0.08797914608246907,-0.001777239669644248,0.0020516526914025994
49.13,0.11027933446979192,-0.0026910061558131776,0.0006171201936956694
49.135,0.09138150688870439,0.006242166848657093,0.004361844638631114
49.14,0.08664427440479633,0.007272351981609158,-0.012765847759884152
49.145,0.10419570482773502,0.012436681489194037,-0.01924905235950167
49.15,0.09226595041270166,-0.0013337381911504315,-0.004075552736246253
49.155,0.11468636128596674,0.006208417641531943,0.0046175999733777656
49.160000000000004,0.10995148831216095,0.006428905272190585,0.020418530374602586
49.165,0.10313272642312887,0.0396352201247295,-0.006968146584129113
49.17,0.08792116504812192,-0.0026006240982412877,-0.0005147619225306949
49.175000000000004,0.08982980920725107,0.004598638372979993,-0.008674294983237307
49.18,0.09024790750265613,0.0179013970203957,-0.019101867166081275
49.185,0.0961655928415677,0.00672765445318671,-0.016212588066374177
49.19,0.09964326389560155,0.008642895341655278,0.0038865359994943918
49.195,0.10767408376254242,-0.003346947060219617,-0.0031044320723892355
49.2,0.09495637544720409,0.006913535875725196,-0.014008451737384027
49.205,0.10597942760530346,0.011704354451298634,-0.0011769027346009812
49.21,0.09672603020033484,-0.005968966720715643,0.009222644162901288
49.215,0.0977571543343001,-0.006349584023411644,-0.014574465264215733
49.22,0.08555869588578438,0.0085109288085422,-0.008360513475170899
49.225,0.10386146159663123,-0.005731852479352371,-0.009611681549245465
49.230000000000004,0.09021783867234698,-0.0007545409760803916,-0.0212511615574926
49.235,0.08830282923773777,0.002620374961435624,-0.01328148318235229
49.24,0.09692764005248208,0.009551008424557032,-0.024069255239304848
49.245000000000005,0.10182774896568078,0.010899320578327931,-0.01681527091926527
49.25,0.09577999706760297,0.017846309206601435,-0.012801326006670805
49.255,0.10249596972903859,0.0022138304167202034,-0.014220719071958769
49.26,0.1173881592295262,0.017971316922304262,-0.009190549982360748
49.265,0.1131009006431611,-0.01195439507636837,0.019882727711785935
49.27,0.10546923436949013,0.00823660723945693,-0.011932552734515826
49.275,0.09635395534880309,0.007855776901550038,0.0020325646867793523
49.28,0.12446020526373894,-0.01975270272790199,-0.013141965873492487
49.285000000000004,0.08841529711828694,-0.0004129892274523598,0.005104236620605564
49.29,0.10188469949203376,-0.009062313747812738,-0.005114217173889681
49.295,0.09943927582055495,0.022993630134787307,-0.004045522001678115
49.300000000000004,0.09267873037365579,0.017266222571173214,-0.005211014424107856
49.305,0.09627108169227967,0.010524970226895273,-0.0026338410893989063
49.31,0.1046198999744635,-0.0011580362056638673,0.010739315053281398
49.315,0.10269017082256895,0.008545576227968999,0.0024302245596930427
49.32,0.10017708034786532,0.019257882850290085,0.003918776734702354
49.325,0.09770234161802892,-0.004062638799129246,-0.012244256880288627
49.33,0.09982145364112152,0.023630494766762745,-0.0026827046317352624
49.335,0.11084632496954254,0.0011300223072017185,0.0010644419203831978
49.34,0.10598654444096184,-0.003636284990006934,-0.008522978592169732
49.345,0.11333736179306866,0.009967778803661231,0.0043023898980530575
49.35,0.08847459918783433,0.010316462770404211,-0.0022143090092511886
49.355000000000004,0.0985631230109167,0.011534665076320356,0.0020513311669996615
49.36,0.0980257532741212,-0.014366386333072325,-0.01315404065001087
49.365,0.1169064302088793,0.0038281135696239706,0.008916445388883733
49.370000000000005,0.08936983072366256,0.002802032742067362,-0.020766483232499227
49.375,0.12182640405537308,0.009445033098823354,-0.005871906095884198
49.38,0.10084415332553745,-0.001595242138719418,-0.015482106536748984
49.385,0.0846945758369192,-0.008349027588698632,-0.008476738465189738
49.39,0.1064740078720457,0.005305229108405845,0.004182525441706461
49.395,0.10185552187698754,-0.002021943683360554,-0.0023505206569692672
49.4,0.0950652073643311,-0.0030689811525351114,-0.004274312919715603
49.405,0.10443133860806358,-0.0007503692516365283,-0.004160211859512455
49.410000000000004,0.09318447994555903,-0.015779930483492542,-0.016416037313447155
49.415,0.09157402771940117,-0.012666492119540771,-0.019623198792539088
49.42,0.08862670605930886,0.011973172918270887,-0.018322096802216643
49.425000000000004,0.09701697839578477,0.0027888032965601647,-0.01039962301459767
49.43,0.10255218257969073,-0.001698564673473086,-0.0131960909165319
49.435,0.09568176808197798,0.006582190331431072,-0.01883493087019224
49.44,0.08165779736588155,-0.006034703908244858,0.005816553492693454
49.445,0.09378496813204282,-0.006658982064974579,0.009731696448695206
49.45,0.10006280871529599,0.018147789704817632,-0.009911574064444682
49.455,0.08275840605036236,0.004119131681361677,-0.006213942098719895
49.46,0.09545826926628503,0.0121360234158189,0.005960251298213695
49.465,0.11463004523284556,0.0043923264105721165,-0.01154314287260887
49.47,0.1062352724459953,-0.0073326284522706835,-0.0135482400744492
49.475,0.10884960767820072,-0.012287688761354904,0.0016215962507308973
49.480000000000004,0.0985312815286426,0.014493762940712147,-0.00293801412486142
49.485,0.09121124154554514,0.006331971964134927,-0.015461492878369884
49.49,0.09394942650803609,-0.01974226096927842,-0.014469901875465315
49.495000000000005,0.11380315640807491,-0.0006562558777619375,0.000980289852502132
49.5,0.13065048071411928,-0.005941428383799078,0.010399975511085777
49.505,0.10667454756306757,-0.008295792835493594,-0.0069356035768521375
49.51,0.11619227708768456,0.02024323722837307,-0.019419050325457436
49.515,0.09144397683362349,0.003621750801456023,-0.0037428647571850337
49.52,0.10126431083261975,-0.0029820035950962817,-0.020168831266629987
49.525,0.10138525801736314,0.0017515248445992143,-0.00908214085928542
49.53,0.11072309193450783,0.015085333634868157,-0.0266762277892008
49.535000000000004,0.10342827978186056,-0.00821636078298658,-0.00986453779921082
49.54,0.08927489260783228,-0.007059876478801918,-0.02547850313969696
49.545,0.11181469139534178,-0.016479202859706235,-0.03743378377116477
49.550000000000004,0.10987833961736246,-0.012443089467210533,-0.008307508683661688
49.555,0.10756332430142654,-0.0017386568483535175,9.421594238552804e-05
49.56,0.09215511472581638,0.001096096746661085,-0.013889471884322395
49.565,0.11295044127512152,-0.01766520145211928,-0.014222697269867772
49.57,0.0922475144469999,-0.01443115375559864,-0.0025996275675282906
49.575,0.0944058358979496,-0.01261885624178732,-0.008955385058208446
49.58,0.08798239196895527,-0.011035261458897763,-0.008948228504491777
49.585,0.09739971326283683,0.0010564414383085544,-0.02173316339359768
49.59,0.09560210183513605,0.0027513282891419126,0.00694016060276019
49.595,0.09748795813239955,-0.0038941603937691256,-0.0038459022635471854
49.6,0.09903221207795193,-0.007977850928692812,0.00257370298542848
49.605000000000004,0.11135701550585544,-0.020622142838203746,0.011376286131244397
49.61,0.1009175743732066,-0.005973870186226471,-0.009197089821073293
49.615,0.10033158824218218,-0.0061919125009946875,-0.023426277946214668
49.620000000000005,0.09599839958178177,0.0029579102446144687,-0.014638058692152647
49.625,0.1075599977728848,-0.01375193710874086,-0.0006863170813017363
49.63,0.09201609847016404,-0.009848432233791114,-0.0032122823947022604
49.635,0.10247720012877339,-0.006672461037706965,-0.02044007364548877
49.64,0.09695191969419377,0.00536564877439168,-0.015174940247652806
49.645,0.10259738683247988,-0.022715761277263227,0.0012925334050543627
49.65,0.10743614511533288,-0.0022466968639360194,-0.014322530401510773
49.655,0.09788444661430074,-0.001550111541593291,-0.013159252593631258
49.660000000000004,0.08961893743300375,0.008802383369816605,0.004522107234523692
49.665,0.09585894432574349,-0.007376161856592,-0.0016479508026173168
49.67,0.10339673864556367,-0.019920525891380943,-0.010903274301929396
49.675000000000004,0.10637585576508324,-0.009385301736106645,-0.000603147575105727
49.68,0.09724497650698194,0.01063029213771587,-0.018952585769287683
49.685,0.0866959809805515,-0.023754159981720105,-0.0006044662942179162
49.69,0.08638883232590105,-0.002384727935507402,-0.006365015023455458
49.695,0.11111379047941389,-0.0056046978882332565,-0.0030850641662983833
49.7,0.09587732417009859,0.0025707650907129675,-0.009213453285035087
49.705,0.09075632331964442,0.02564612330654776,-0.024253930004379563
49.71,0.10086456336267621,-0.003895628945186965,-0.032203289929240764
49.715,0.08042907811566907,0.007625609454058959,-0.0349127489849412
49.72,0.09274995259226343,0.006604752408924525,-0.003801056257366737
49.725,0.08553602461289722,-0.0007752528027657052,-0.007208653893654233
49.730000000000004,0.09278071449568079,-0.0042719271047855535,-0.00984003082673754
49.735,0.10602058713872264,-0.0010315287471532111,0.00021690106375549419
49.74,0.10289269136485213,-0.0062349563537508115,0.001953408248271971
49.745000000000005,0.10088830550412614,0.007604957501069164,-0.009370358973301246
49.75,0.10425826996560442,0.0006499009736404202,-0.013570305608960748
49.755,0.10399319982665803,-0.0008854807022980471,0.003348778406453194
49.76,0.09397300983739648,-0.0007548621160499702,-0.012144257053285652
49.765,0.09481223242414427,0.0063819244317925156,-0.0047520502508626855
49.77,0.07933072011234008,0.010713853967392526,-0.013189853367621907
49.775,0.088609758134765,0.008274963671688874,-0.028179482149856272
49.78,0.09609199203428712,0.0031061245299592657,-0.02034990224448662
49.785000000000004,0.09699011051698203,0.014671814466200559,-0.013650080037979628
49.79,0.08561951644768903,-0.019588485792060083,-0.006102060773791922
49.795,0.07474769265540213,0.016947383469772433,-0.011171065085684894
49.800000000000004,0.08672976656296444,0.0005209957873498795,-0.0017008132685263225
49.805,0.09041825019620287,0.010131920091152595,-0.02203848407232928
49.81,0.07844036285156711,-0.023942019450239875,0.020381797542616837
49.815,0.0999132630627361,0.008519087107811223,-0.0321591718162625
49.82,0.08764990775254619,0.009734215811868827,-0.004719508509117337
49.825,0.09155043345123422,0.00544143192649036,-0.017660868092157625
49.83,0.07830944104083752,0.011350644962536075,-0.011347501703913515
49.835,0.09838223516469746,0.025778990665105143,-0.01758309293122156
49.84,0.10351502136774171,-0.010653180482612736,-0.03194906922424481
49.845,0.07368545291803796,-0.009467219571428022,-0.00032899241469875294
49.85,0.07803452815179637,-0.011505577741621023,-0.028351540042522463
49.855000000000004,0.09795732113690617,-0.003841524109343915,-0.027200837909710278
49.86,0.0912535106034191,0.0083454501702919,-0.033065829545595844
49.865,0.08977282064635554,0.0059877924039383745,-0.031938703109643134
49.870000000000005,0.07850136922677439,-0.0029031647059791672,-0.026355941970704275
49.875,0.09372393515465277,0.009991779784345227,-0.011350982582095253
49.88,0.08155857779966802,0.002694000616309866,-0.00809739964614091
49.885,0.08505041794723034,-0.011362859079168057,-0.0163638859009686
49.89,0.0813072376725481,0.004740828358916097,0.008605619613170468
49.895,0.08344808628582473,-0.01837090284002226,-0.022474005750077544
49.9,0.0994829890898563,-0.00605805459050552,-0.0022922496256266066
49.905,0.09530870323140653,-0.014100947942049174,-0.026001696653412155
49.910000000000004,0.08924227344745989,-0.008679325360786931,-0.006836184747347722
49.915,0.07891528358542707,-0.007625031960084827,-0.02309660404127986
49.92,0.0917569171999727,-0.008506395766745483,-0.028401159566976836
49.925000000000004,0.11026225129607486,0.0031283792119888645,0.002396162703288072
49.93,0.0984771398744104,-0.010643142718548118,-0.012170233604019382
49.935,0.09048314882041565,0.0001192232507500543,-0.013823520734545909
49.94,0.09368574863538662,-0.001839261797726692,-0.030199379736728756
49.945,0.09735951925226266,-0.016146196751147184,-0.014783664188573185
49.95,0.08574229772051746,-0.00800249068225414,-0.014156323507044722
49.955,0.09023950130121129,0.004518513088384069,-0.01782327636780584
49.96,0.09659295864754457,-0.02396559759764547,-0.03038867476838493
49.965,0.08058056009254812,0.008184009784713064,-0.03697275680186083
49.97,0.07482987884800822,-0.009620906949305638,-0.02980360436968204
49.975,0.08794344444672272,-0.015301549202663635,-0.014667957643010838
49.980000000000004,0.08328679451045717,-0.017838635957845104,-0.026025359834835806
49.985,0.0873837240091627,-0.0034452591370147563,-0.028164155746228742
49.99,0.08003833264414736,-0.008336223746563757,-0.005831375792789421
49.995000000000005,0.08982998528560832,-0.004246563128143404,-0.03470277056342956
50.0,0.06786973961363509,0.004256524754547682,-0.023136822404083292
50.005,0.05764521419182912,-0.00806581787561534,-0.01916692115014869
50.01,0.07456460001668644,-0.0026588444191467837,-0.020155495237983254
50.015,0.09183944903799206,-0.003867571943530464,-0.040838052935700114
50.02,0.08934772152855054,-0.006914549625337386,-0.01808593322392785
50.025,0.08808618101813523,-0.009215397232145045,-0.04592684105664767
50.03,0.07764247803057125,-0.00040910620039078666,-0.04361894518698188
50.035000000000004,0.10086274285370254,-0.003722828428156383,-0.03270719049888749
50.04,0.08769686203098609,-0.005914358359573366,-0.047707078991774614
50.045,0.08044966502971905,0.013170440496079018,-0.04348753640273388
50.050000000000004,0.09095630680015479,-0.008417399592840966,-0.022112431200948815
50.055,0.07619580480376255,-0.00665884769868911,-0.02945033056803603
50.06,0.0835339134140238,-0.008745674096549534,-0.028984620584214485
50.065,0.09460780621019413,0.002199678605818786,-0.02537237515169782
50.07,0.08742476011968689,-0.00024315635466191574,-0.05492104336151929
50.075,0.09771398324711308,0.00457801579967727,-0.017512945135777527
50.08,0.08401286992126625,-0.029079492799473743,-0.02070186094784905
50.085,0.0930925865286428,-0.008589015900060906,-0.015721216661242238
50.09,0.09384567783121461,-3.928441740864985e-05,-0.026195112191993306
50.095,0.0940702024106326,-0.006819844686329533,-0.021573363989571222
50.1,0.09757139427633137,0.00042480014100663814,-0.017376619797036755
50.105000000000004,0.09186399808943926,-0.0021062853725117084,-0.016569816317303566
50.11,0.08050664825165095,-0.00363763889733763,-0.022958515214750456
50.115,0.08796925301716084,-0.011482905354242469,-0.034053508815693204
50.120000000000005,0.08047813878426524,0.004078280324708947,-0.03648186102848468
50.125,0.07376997178996127,-0.011654168968279272,-0.04381300095846345
50.13,0.06448375237573799,-0.006671413347755985,-0.020950866065338525
50.135,0.07879149942985773,-0.008730155741856444,-0.02099600486407141
50.14,0.07520791675732359,-0.006391141387706375,-0.042771562499286965
50.145,0.09020653883431116,-0.010280743517623639,-0.029908328046841563
50.15,0.09780158599848826,-0.005244558144156921,-0.018778458404413466
50.155,0.09472485075731776,-0.02613176610121887,-0.017045892628838932
50.160000000000004,0.0646816312628522,-0.014767074888652303,-0.018013165068171702
50.165,0.09085249530048245,-0.014657033164707577,-0.02007768344957686
50.17,0.0762792164479754,-0.01110900707271765,-0.0150232205641137
50.175000000000004,0.07765582707148719,-0.006202371771762211,-0.02603965235198571
50.18,0.07550098455087384,-0.02281994901046137,-0.010150998124239117
50.185,0.08046441036246588,-0.007082069180047959,-0.021860996397776677
50.19,0.08710890681302469,-0.017247120423709465,-0.029349417367800872
50.195,0.06346154955954374,-0.01416475710455447,-0.026072656820982015
50.2,0.05102898063460819,-0.0009372088740212288,-0.019129936393061063
50.205,0.08034972041983116,-0.011962827185188823,-0.03869526725034419
50.21,0.074004168686863,-0.007990616012332481,-0.02213675728376644
50.215,0.0669962563640281,-0.003531405014658394,-0.01932883353289588
50.22,0.06623329955336624,-0.02582370457705402,-0.0210630721758622
50.225,0.05997030587099393,-0.012605579021073714,-0.023629788580678608
50.230000000000004,0.06917768075834357,0.003127801620152547,-0.014685188286519341
50.235,0.06668797014664435,-0.005893633902628984,-0.016896625739285208
50.24,0.06570430242034439,-0.008313548175998742,-0.04240612306413887
50.245000000000005,0.06155892835895113,0.011808735638712398,-0.03746753846371718
50.25,0.08086084590346806,0.00803686788792567,-0.031788277191335076
50.255,0.055403352603328584,-0.0003881815506999158,-0.02311236314031802
50.26,0.08711428835620072,-0.006972168832730115,-0.020963883345611604
50.265,0.0693744153505016,-0.018733903808348815,-0.01569524020435319
50.27,0.05419731664655462,0.011742936337662352,-0.030491656054416234
50.275,0.08173428842941753,-0.018864099722762616,-0.026734338526510228
50.28,0.08529847376620919,0.005354358363377169,-0.029249656614885704
50.285000000000004,0.06565802279330203,-0.0030239975612308956,-0.03228110120701373
50.29,0.06181542553055275,-0.012101789756688847,-0.036734538446607144
50.295,0.07766032030761055,-0.010045364789908159,-0.028449876276041276
50.300000000000004,0.07186957464519562,0.009788420138352915,-0.022966130736107947
50.305,0.07444499223330883,-0.015763634368005004,-0.02487623524458308
50.31,0.07565147567068498,-0.004641936882753633,-0.03349630504143821
50.315,0.08146462114861647,0.001146208352152068,-0.013050529655519488
50.32,0.08567457776630431,-0.004633818241234169,-0.015588216028052913
50.325,0.0731926586651877,0.006590296324894423,-0.02571547652294981
50.33,0.07349785634166472,0.0015422529768734476,-0.018816636832658218
50.335,0.06715612804489524,0.016750242895853945,-0.02332532146093139
50.34,0.09176086821083386,0.006018427490344929,-0.019465057196379407
50.345,0.09297017891950762,0.012113962217071688,-0.026054014355579233
50.35,0.07600194335455254,0.006908838396250328,-0.01749364471959192
50.355000000000004,0.07401318425930262,-0.0056852330017358845,-0.004538972566303755
50.36,0.08851968472173485,0.00046974981608571484,-0.013130793929847095
50.365,0.08265276141236745,-0.005473144951432598,-0.04066000957784726
50.370000000000005,0.08169282851560823,0.012427217700491806,-0.013247528333362235
50.375,0.07271722307184911,0.002612228544501728,-0.019222879718897797
50.38,0.08144314130135841,0.0004952550854740775,-0.03640164978417529
50.385,0.08658030496534977,-0.0060784948375437005,-0.01485692619519116
50.39,0.0786183252745456,-0.0034204649263066683,-0.03294677520023251
50.395,0.08204438227746644,-0.014579130712695119,-0.025589558480506362
50.4,0.09762914685842394,-0.004687609774392443,-0.034591941662288954
50.405,0.08449112939473107,-0.001314407752535057,-0.022890897773863137
50.410000000000004,0.08390356222174405,0.0026155042597749006,-0.02365766400976614
50.415,0.10380103096302122,-0.0036332378450281196,-0.044419067306458795
50.42,0.09858935819643791,-0.015300447040276055,0.004375974592724728
50.425000000000004,0.08863822799491503,0.002258258699290222,-0.034212191968752054
50.43,0.0867523501685072,0.01255010245273487,-0.017908505894235094
50.435,0.09589936989260021,0.022222276080397382,-0.016058207293079694
50.44,0.09569535634431764,-0.0005482335451402112,-0.021096682730159924
50.445,0.09369314304916271,0.006510939295783932,-0.03758361947857783
50.45,0.08411770352587034,0.0013118910968025026,-0.004083954208119699
50.455,0.07782508875088803,0.0005973579812530109,-0.03341325200568952
50.46,0.0692435898682431,-0.017702669481111384,-0.03609469338603708
50.465,0.05495174667199277,0.015409110284977306,-0.013177548198413533
50.47,0.10137041490901749,0.0019892599970583354,-0.0279413155605064
50.475,0.0833259279266371,-0.008254449433669122,-0.03900582042274109
50.480000000000004,0.08741945614096372,0.0027522506410377276,-0.0294419592623133
50.485,0.09269467712917161,-0.012293772243492799,-0.019167395404397776
50.49,0.08565632565441404,0.0033368851921413804,-0.032400251132855856
50.495000000000005,0.09385192057904562,0.0074173920643090495,-0.03953819481546327
50.5,0.09438744100616953,-0.011598496073602959,-0.027574844163246123
50.505,0.07955788374197266,0.011641140457757965,-0.03892280070840452
50.51,0.100075923505689,-0.012770682209685472,-0.030523170730470357
50.515,0.08525870953918376,0.012640114204783712,-0.026714044604107295
50.52,0.07453491247271149,-0.0036181341326029237,-0.032984780312725205
50.525,0.07231708184146203,-0.004181115771969146,-0.02986584499244193
50.53,0.11084315463925735,0.003017955646208669,-0.026642367080719424
50.535000000000004,0.08346501683484737,-0.002095904112013356,-0.028143552879530423
50.54,0.09575173639122225,0.01082057935551652,-0.025246202316476014
50.545,0.07791336880706674,-0.018302656709644604,-0.03896698584515357
50.550000000000004,0.0937649701182961,-0.006614868803880675,-0.031200688877507706
50.555,0.08479562281735231,0.003471044842682713,-0.02277295698731202
50.56,0.08406664295759318,-0.00987876579434542,-0.02385180704913993
50.565,0.07976464600199243,0.007593466769703624,-0.027037367438811646
50.57,0.08655234986760918,-0.0006672638363483148,-0.044864790052737004
50.575,0.0719114851459986,-0.0028290984444333724,-0.012912590384081055
50.58,0.09289643372356482,-0.03046905819445391,-0.03423192843809833
50.585,0.07155450058117982,-0.014379037491544166,-0.05091574025603525
50.59,0.08202543447933215,-0.004731775295151654,-0.003742257547755739
50.595,0.06804017558167048,-0.01301457229069192,-0.019700598010664434
50.6,0.04967514425394155,-0.0028333027373974237,-0.04150450225092498
50.605000000000004,0.07242780756313795,-0.011194304099790706,-0.018597311864769026
50.61,0.08024067406320977,-0.014491996558612105,-0.02959433510098717
50.615,0.06377652447411389,-0.01742669554882767,-0.009752482495899254
50.620000000000005,0.08281152446409686,-0.034385876476391436,-0.016028255779374778
50.625,0.07984740929486127,-0.013559696497486486,-0.011684298582583432
50.63,0.07763173316697397,-0.013687058146672228,-0.020211095480250723
50.635,0.05474071534389015,-0.014822516923189828,-0.01947232597587095
50.64,0.07804190812937155,-0.01518200445813295,-0.03343316587706758
50.645,0.07470695440351507,-0.0025560999120279072,-0.009428754056862181
50.65,0.055649244116367416,-0.010972710719796153,-0.01891583595747037
50.655,0.09654342242647246,-0.020386107795814786,-0.03220260899338585
50.660000000000004,0.05830359208451999,-0.01179013296975628,-0.0369518953082083
50.665,0.08150300474209157,-0.02883882596151264,-0.035530864770950105
50.67,0.07865731521784754,-0.008178530456839939,-0.04119997994926004
50.675000000000004,0.08025482614103366,-0.025750838839229254,-0.03376119328857233
50.68,0.0839137189343561,-0.0229340493006103,-0.02706206942989169
50.685,0.09039234597323545,-0.03635072395728429,-0.026007343074742846
50.69,0.058648339488801465,-0.0089962830334374,-0.03347370278958825
50.695,0.07855422014061972,-0.008465492626055345,-0.02921306409978282
50.7,0.09305569847057558,-0.018644955740940525,-0.016254622168237434
50.705,0.08843536457957063,-0.013024986153189174,-0.017895737871827386
50.71,0.09811274075625076,-0.02520317885686983,-0.015520855771524508
50.715,0.07559217588817578,-0.024485228655716743,-0.036107059390193055
50.72,0.08965963311753322,-0.019554117285273623,-0.01793416663463813
50.725,0.07230614733880769,-0.012040753915219849,-0.03283758266519761
50.730000000000004,0.0789253525946017,-0.008370138029176782,-0.03287512405527136
50.735,0.06343111027068381,-0.0309290071042902,-0.017119212191084178
50.74,0.08300852938684398,-0.02692045562366047,-0.02263343063500475
50.745000000000005,0.08190070003072265,-0.011107664308601724,-0.03224036077753915
50.75,0.0722731797960691,-0.019399641999437604,-0.02660333007801475
50.755,0.08084364716075193,-0.021478103486981256,-0.03493372490709972
50.76,0.07607387481283745,-0.012313494978521116,-0.0380079899671954
50.765,0.09261702299807963,-0.023454825317208022,-0.014852245946211966
50.77,0.05805204494336008,-0.00980939950969897,-0.049839587756523154
50.775,0.07502557060499071,-0.011964228259103139,-0.018266145682621963
50.78,0.061147401837271825,-0.01296065049560276,0.0017669945506411863
50.785000000000004,0.08747403225190699,-0.0176342183062816,-0.013818884380233279
50.79,0.07549932738105575,-0.016878805994177536,-0.03105711394355511
50.795,0.08830231743927303,-0.009808860043133135,-0.011146532247273046
50.800000000000004,0.0733052798072181,-0.0026406746819148917,-0.02753921572566285
50.805,0.0774591834990029,-0.0007347937853352041,-0.007389815814033866
50.81,0.07940824016404036,-9.776568423108117e-05,-0.01678010543788482
50.815,0.08200030188071109,-0.02549962181960415,-0.022748510211622407
50.82,0.09169381452260644,-0.02482908469911387,-0.01793673278394167
50.825,0.06471878798261316,-0.020408890963399703,-0.02628207657715535
50.83,0.08079869258157699,-0.01065496602566959,-0.027837453342952314
50.835,0.067128425960946,-0.016307246988157525,-0.014968768194049263
50.84,0.07575335288126796,-0.02026143494174259,-0.020333272317328274
50.845,0.07487349118642435,0.013405370430533754,-0.020847682390128304
50.85,0.08399490683338015,-0.02692174411579328,-0.026655243633091144
50.855000000000004,0.09143958714531794,0.0038137279969521383,-0.022702681310142137
50.86,0.09081073962089811,-0.0046573550827335095,-0.016783310288876835
50.865,0.07733761620554784,-0.014727083650136122,-0.019320501961854843
50.870000000000005,0.09464420692328099,-0.031156256992766793,-0.026184060006828158
50.875,0.07982849071783686,-0.017300915572765745,-0.03763171172078208
50.88,0.07328610426359107,-0.0022853963766099987,-0.017397909483216026
50.885,0.07228365626834546,-0.014676281923693406,-0.020007197131466613
50.89,0.08675399965912402,0.0025615800228882338,-0.03236226504440195
50.895,0.08294565804290098,-0.011858001569508465,-0.022725855798294378
50.9,0.06980062562582347,-0.004476940465675542,-0.03733059388102826
50.905,0.09059427489666831,0.0012539524999733015,-0.017243074616426907
50.910000000000004,0.09324941080834706,-0.006936542820988868,-0.04595694600539033
50.915,0.09025246588024574,-0.003031146582694145,-0.045317783251333434
50.92,0.0904772831919742,-0.015551962684307464,-0.03290923049792363
50.925000000000004,0.10256982076884409,-0.011284341597872994,-0.015790854477999945
50.93,0.10873768748599771,-0.03208755168482214,-0.024404731732369813
50.935,0.09109416697907634,-0.013918156113214772,-0.011827185139286588
50.94,0.06664596722329857,-0.008146827804645242,-0.016881990141851537
50.945,0.10910501621961315,0.0039272797842471105,-0.03009713234599703
50.95,0.098386576163554,-0.0012489278181973193,-0.0027377360966972224
50.955,0.09967475219520429,-0.003342938977137149,0.003508130693242191
50.96,0.07477539543430968,0.008471126694586183,-0.011621961248589111
50.965,0.09586826420675923,0.003987559895257214,-0.028419003322853197
50.97,0.08740468319023839,0.001657918432694791,-0.01640529204864892
50.975,0.10714757617756271,-0.017351823483295635,-0.027584707790424254
50.980000000000004,0.09619868415952794,-0.008187778653552299,-0.012775297230668375
50.985,0.09922484525474125,-0.0026688519397489938,-0.012121850274725746
50.99,0.0843310426978252,0.008514191300294762,-0.011795021121881563
50.995000000000005,0.10398552450738187,0.016380650242166724,-0.02490393800797534
51.0,0.09258984768356397,0.007266381494422401,-0.012963472934988802
51.005,0.10446873883034545,-0.00953324826450003,-0.01529992322694013
51.01,0.09561954699242169,-0.00011627911187841664,-0.0036421720013359443
51.015,0.1054109117513335,0.010131580982245383,-0.019413218435633525
51.02,0.1259095721957463,-0.013365736908381122,-0.01831118427392966
51.025,0.10375061737613513,-0.01719066193384482,-0.002455949413751034
51.03,0.11813528535245316,-0.003841840168343366,-0.011591982024014577
51.035000000000004,0.11262208272393937,0.009084280547419762,-0.0006781317860542167
51.04,0.11152022112345282,0.004927098888177359,-0.005717735182869206
51.045,0.10552077384748935,-0.0005482408054757748,-0.002661380516928339
51.050000000000004,0.10818754582004636,0.012574480078210031,0.010771120816104212
51.055,0.12020960100666199,-0.019991167526963168,0.004035904251626907
51.06,0.11886026181856917,0.014326326275558868,0.008036553452993245
51.065,0.10109098972240872,0.008057815433013867,-0.007986283339453943
51.07,0.12245757373999559,0.0189499071322605,-0.0011493169114235036
51.075,0.11132332789502208,-0.003135095973264116,0.009408237136049265
51.08,0.11228130856315102,0.018914473331373007,0.00893856392044117
51.085,0.10955383146622297,0.003073117205528022,0.009967500912944018
51.09,0.1009592714585425,0.0020238473536465587,-0.0011625933681038703
51.095,0.11960920230753383,0.01703790444378668,0.0036299005089065854
51.1,0.1076649594862093,0.013441448485791586,0.0003360208595885785
51.105000000000004,0.10173369773330365,0.011552241164260964,-0.005549857582775187
51.11,0.11705834428701949,0.0028803916306589378,0.0028087537555880017
51.115,0.10830981533157968,0.0255499512083036,0.0055718706068735024
51.120000000000005,0.1024781052067316,0.04637993874601373,0.007823770857847447
51.125,0.09375641589816996,-0.008647821788243661,0.015946844486602642
51.13,0.1002473957468085,0.011181916654631158,0.004218855119679468
51.135,0.0996725035273577,-0.0032614981087942807,0.015244220046171545
51.14,0.099229739138878,-0.00111451146324016,0.003953685240856114
51.145,0.10246596611183448,-0.0011849148498925925,0.027726510476987282
51.15,0.09735089312480642,-0.006843811127253553,-0.0012236872459867295
51.155,0.11309014455514689,0.017987892780588096,0.012132042040679039
51.160000000000004,0.1076737698821483,0.005647192573067613,0.0076562497818185495
51.165,0.12099472834601382,0.0003857778011384719,-0.0016343510556211076
51.17,0.10759681684469818,0.012136315071105623,-0.006957254321649885
51.175000000000004,0.0912459736151412,-0.0062756105658704105,0.018350300358525466
51.18,0.1031974427203147,0.010870805766226451,0.006273736482305926
51.185,0.10082189180043316,0.004532235530837082,0.009664074955425473
51.19,0.09500298918842233,-0.010276343369815331,0.003700473750972614
51.195,0.1000130270880583,0.004533194744255682,-0.003578385876329703
51.2,0.10666632619647304,-0.008261726517564894,0.01127090241742925
51.205,0.09498452583574991,-0.0043875185377756296,0.009605326869532242
51.21,0.12832207848847574,0.009738366841151869,0.00791217575855182
51.215,0.09667624433533722,0.01030399861986176,0.003615403388789828
51.22,0.10076505149053273,-0.029622389828753086,0.008158693718404188
51.225,0.09914023826987384,0.006078866938040883,-0.0011326666598834377
51.230000000000004,0.09369325330670474,0.0021950366148115255,0.005354974168381351
51.235,0.11828329414388056,0.006329756508602555,0.008915612438025099
51.24,0.1097370520830067,-0.00206632671002065,-0.007770381299498471
51.245000000000005,0.10944968236474714,-0.014970457447855304,0.0007214394620818551
51.25,0.11477091800334577,-0.003656195782584918,0.0028302642820962325
51.255,0.10956448971149096,-0.02124525059581161,-0.004493617491417933
51.26,0.11129375500493827,-0.010846726070632709,0.011048392675279642
51.265,0.11207441954331551,-0.01869490873029545,-0.0021676890739003615
51.27,0.10861303789614708,0.0009292559727916358,0.008711367907716738
51.275,0.09318890470276539,-0.02371783525523563,0.00876338141063974
51.28,0.10656458729596771,-0.008106490889466647,0.004776763539815909
51.285000000000004,0.09103076659636929,-0.014382759836239857,0.0002962668863374619
51.29,0.11846367155878634,0.013527275527610912,-0.007880553816367031
51.295,0.11359874328961334,0.0027199390414565094,-0.00929318538422028
51.300000000000004,0.10511022345376098,0.003821976348103627,0.006611350956565139
51.305,0.12439984553295301,-0.013237416480734066,0.015202572950502476
51.31,0.11316033403246839,-0.013130589558825012,0.018162624219374163
51.315,0.11699735164761497,0.005381340647688748,0.03529861555701292
51.32,0.09979512217880918,-0.0007626288780239396,0.019026250340645715
51.325,0.0785684588538586,0.011641481949819586,0.0036280919500896007
51.33,0.12955856445945313,0.016764018649047217,-0.0021500714432933637
51.335,0.08762778884668249,0.00013255403640652363,-0.0017567603640195675
51.34,0.11389972510170301,-0.014245125824967661,0.021001526928577346
51.345,0.10415752311068502,0.01620002935515011,0.011540233636411072
51.35,0.09581677620880058,-0.0008066118961851144,-0.0029504081990539732
51.355000000000004,0.11364113461775888,-0.004699221703708175,0.0036216820107497663
51.36,0.09425554873037024,0.02099147873628055,-0.011317206947754309
51.365,0.09966015423562695,0.012429520509722979,0.012790816334330988
51.370000000000005,0.1255906524064328,-0.0003630582047963807,-0.00018199008677573366
51.375,0.1097416027063343,0.0039975794723354045,0.006361258148349763
51.38,0.09126291855682772,0.008391093582148054,0.008460419715631617
51.385,0.10139964717256149,-0.008306760227385069,0.018911571952648684
51.39,0.10136041889955733,-0.011740716797206504,0.009125747028176041
51.395,0.10528423963583833,0.00515237211566013,0.004065684196461617
51.4,0.1174454369106031,-0.016160293911330757,0.013226480086240546
51.405,0.11901255400603743,-0.0082166409710041,0.003106202865253171
51.410000000000004,0.1275136545655892,0.0188921257512753,-0.006112562841029666
51.415,0.1072215364292012,0.01933852244438443,0.0038448432217396194
51.42,0.11309931947075931,0.009085955754300948,0.011591926569246212
51.425000000000004,0.10924472084967216,0.007651508132654021,-0.008501228248126255
51.43,0.09921149060604681,0.002486009260801978,0.006531891040966589
51.435,0.12065346424695553,-0.0077383555508314245,0.0037713115103259476
51.44,0.10960720354562793,-0.000322433812987237,-0.00721373681721411
51.445,0.11171870702570688,0.005999746994735516,0.020164821681822875
51.45,0.10512260115242546,0.0064803909684755315,0.009371645053292202
51.455,0.10097258430476297,0.004878609291283965,-0.0038193593629230914
51.46,0.10691730983233506,0.02119038960212488,0.005087941036380857
51.465,0.12513734650293218,-0.013977977229582082,0.0036021529902026724
51.47,0.10687055756098743,-0.0035450578638512933,0.004589882625129948
51.475,0.11250309492483465,0.012645060436823785,-0.016798254401053814
51.480000000000004,0.1050370333615706,-0.01319860209193818,0.005446873942319924
51.485,0.12083319670957321,-0.00042653567420172095,0.008953811696629621
51.49,0.08847826105446867,0.010381226074040378,-0.005493957664980935
51.495000000000005,0.11660648831619226,-0.015482639691854126,0.006593766538420235
51.5,0.09137717894263399,0.0014634955727581347,0.0036514101728499695
51.505,0.14291660948982532,0.0027680084631301755,0.018474339775205854
51.51,0.11644799548810106,0.004276781196088937,0.005976496195300093
51.515,0.09028900200210414,0.001721103058980121,0.010276990330515863
51.52,0.09742270661704919,0.022324218055088316,0.0008131329645305373
51.525,0.11298716782276719,0.005460918800732725,0.009792687035977958
51.53,0.10637758215910269,-0.008893798898064128,0.008775573926504625
51.535000000000004,0.11301530267207359,0.02530212381920583,0.0032715648659109083
51.54,0.12858591923556556,-0.001595441244291354,0.018252608072640897
51.545,0.12611771242466913,0.004701427683706606,0.022903285260097092
51.550000000000004,0.10224428400395241,-0.015571806719935147,0.002688032652095474
51.555,0.10345466446529397,-0.005182142671593868,0.010036924199976469
51.56,0.10309233766099149,0.012129044570006318,0.005713438969530822
51.565,0.10943693001831559,-0.014786176650488782,0.02795795731500998
51.57,0.10168262591705587,0.013380104128247368,0.010759243472771941
51.575,0.09938747822878566,0.011082806199747934,-0.004144296903893686
51.58,0.10713206422518287,0.0028734494935888436,-0.0034000556070013215
51.585,0.10638364598992112,-0.017483683481644793,0.008067860319391018
51.59,0.10817134596502356,0.0007975201245493946,0.010743047939928056
51.595,0.09000791797233726,0.006447612876598313,0.02302933217437563
51.6,0.10818636205087231,0.012316073759480517,-0.006897553596874946
51.605000000000004,0.10741484402416625,0.0019998772184271,-0.018020949948441917
51.61,0.09918776397986379,0.013817453787552274,-0.010095989663628374
51.615,0.09802791038155122,0.012865336648958052,-0.009165003662997688
51.620000000000005,0.12018999964165587,-0.0017569656182716137,-0.009627805309837723
51.625,0.11135909759146845,-0.008529391717900115,-0.0022342381548575256
51.63,0.10164307635940305,0.013646422844069542,0.02305952047813513
51.635,0.1003162286676951,-0.0038760612743112093,-0.018331171099934897
51.64,0.10782994243281974,0.0010250747975037583,-0.0005404761443231539
51.645,0.11490676667257173,-0.008425286685088688,-0.0013716701640356151
51.65,0.11556902732733335,0.003727381452060967,-0.012742050793530283
51.655,0.10291116141078248,0.020966518040727404,0.0025165923506270376
51.660000000000004,0.1250816580267049,0.0180161229133805,-0.027006690623212152
51.665,0.10518930444210979,0.01669786788789458,0.0017378871745563195
51.67,0.11405417957945849,-0.0036152633170158134,0.002972826261503485
51.675000000000004,0.10567168881422531,0.0001857827296111482,-0.001455564999294598
51.68,0.09208728766486703,0.029478630598914805,0.012039696545131357
51.685,0.11223644300324442,0.0028927573548932287,0.0161677031325325
51.69,0.09740636468331544,0.002077339959048609,0.0014659447233513912
51.695,0.10788870561536734,0.0006968646250023122,0.006009580315192921
51.7,0.1101394621479953,-0.0032663325368404543,-0.002470695141995621
51.705,0.10078208630972435,-0.0022418569669706637,0.010940546362064867
51.71,0.12558205722309668,0.0027920286768568087,0.010343760976329622
51.715,0.1170308255832998,0.016011988202913677,0.01192234105198421
51.72,0.11843667777174101,0.016439051877838506,0.021863507150537673
51.725,0.11265037513895992,0.014429252105360404,0.022677543003154867
51.730000000000004,0.11157601864853967,-0.0005836196218903175,0.022645435646451655
51.735,0.11057076064024027,0.004798051495859108,-0.0005778884318023625
51.74,0.10247778982387402,0.018885395481982876,-2.8409058119500605e-05
51.745000000000005,0.09029524882262982,-0.0032085900131711836,-0.0034335914497506
51.75,0.09166222714980057,0.004708951867172108,0.007314624021505893
51.755,0.09970750751960368,-0.012820588647078312,0.015730971547031396
51.76,0.11302884953282422,0.02058091278533261,0.004855388388584471
51.765,0.10852317453651661,-0.0020126894154745348,0.02771043294956728
51.77,0.0891569619347044,-0.0038078686602664898,0.007283763979914729
51.775,0.11057010947107143,0.012090795578737094,0.03181825064033201
51.78,0.12167583087874252,0.013139811654185152,-0.0007820332638636372
51.785000000000004,0.1062050284717718,0.011343839701861924,0.019474284094700218
51.79,0.09118329694447581,0.01706942554549007,-0.015240650465839244
51.795,0.09212455979518763,-0.00309000369417212,0.023635301927543546
51.800000000000004,0.11505698634737362,0.002145448567074826,0.003418037889885931
51.805,0.12028795186465675,0.011146336605958942,0.012641112759092544
51.81,0.10048219903463829,-0.017944891174538898,-0.005698839382550735
51.815,0.11351263701404884,-0.007725646023679471,0.0032586871016426888
51.82,0.11409457442755011,0.012109363607477094,0.019888815595441055
51.825,0.10466298721249129,0.01149692600979492,0.014679939506752384
51.83,0.11141370980028006,0.005973794316121606,0.009560119690634758
51.835,0.11350760181264806,0.019324938911201045,-0.0002646341840083274
51.84,0.11456225796467284,0.0098941134558728,0.011748003973211523
51.845,0.11343916682998278,0.013327540170535165,0.017420746537441967
51.85,0.09411584120140351,0.004916963026479967,0.015712164604467525
51.855000000000004,0.11265180889648141,-0.0006557828049172688,0.035212359034961026
51.86,0.1108481612107532,0.01449699822848162,0.013699532406787377
51.865,0.08395785383176468,0.0026679421807518124,0.009693780530353054
51.870000000000005,0.11332590593889547,0.015323113590292786,0.007006597383272261
51.875,0.12059019481842652,0.01072635073201389,0.004410407188229163
51.88,0.10597521277002264,0.01706097046721288,0.005034100746226169
51.885,0.11531003266491324,0.016250366950537276,0.012821759547149885
51.89,0.10425355908356258,0.0031382844361915324,0.013520154010355268
51.895,0.1116200820251308,0.03242829965475454,-0.00040088180192693855
51.9,0.12262530010111672,-0.00583257571658044,0.016095245701079924
51.905,0.11418238900851027,0.008099259403453275,0.012907636895569811
51.910000000000004,0.11890476891953956,0.00735307408190132,0.004505907793580758
51.915,0.1041258661575747,0.017077435720032487,0.001585304170280603
51.92,0.10685263500312775,0.017261062068559103,0.007375272594270261
51.925000000000004,0.11304163068660898,0.00534618309802274,0.009475200688196492
51.93,0.10081102672467271,0.026454195454778777,0.007350472252108987
51.935,0.1109979486453585,0.014052864806956306,0.011307052900167817
51.94,0.10604662802893042,0.021501367974084515,0.024186071621338602
51.945,0.11242729794171948,0.004529638392645079,0.0023008609468749917
51.95,0.0976852675816095,0.021675515052171336,0.0032551742529931173
51.955,0.12258240358589967,0.01687662001931671,0.02039223487871357
51.96,0.09877723308476256,-0.002924175547317571,-0.00799050003630363
51.965,0.08811119207970748,-0.005263587785464617,0.012041147597693369
51.97,0.09409386066195112,0.018828026652715386,0.008350750557752846
51.975,0.10345899645718792,0.020337521823315302,0.010130702323630577
51.980000000000004,0.12887372614996634,-0.007414189167791369,0.008946338261893304
51.985,0.10078927878303728,0.008685711881583326,-0.007708684490500935
51.99,0.11327497765443074,-0.0027979555533630997,0.010637370361557291
51.995000000000005,0.09825409217080651,-0.0025067924417302885,0.03173095169868957
52.0,0.11776516017696179,0.012044215465972181,-0.010888835213994275
52.005,0.1114983289496955,0.012316448173141606,0.008984292496056994
52.01,0.11730720929583492,-0.004389943598928303,0.008895687449701152
52.015,0.09588826180667717,0.027785310960281813,-0.0024141781183012597
52.02,0.10569969784149622,0.003729178591195169,0.009516355420436459
52.025,0.11379211496453544,0.010787092779262535,0.010117320330569664
52.03,0.12116621885677961,-0.0023887305453014346,0.0058143810071273425
52.035000000000004,0.10311391890493943,-0.006580997080244174,0.019206065245219135
52.04,0.10443277940756199,0.016370393698888732,0.004324790517778036
52.045,0.11261505295409195,0.04117938889021038,0.03315424576804703
52.050000000000004,0.0972533303114064,0.032049537895992866,0.022633281059048375
52.055,0.10798839177419539,0.014687941251227694,0.02361138188395106
52.06,0.1029574831827472,-2.4726435538593994e-06,0.00394232848467424
52.065,0.1040302361201719,0.011681760831463765,0.0194347387571453
52.07,0.10685492525842288,0.0066052888037602155,0.01803113996895521
52.075,0.10399343327489076,0.004205979920411801,0.023616701672207925
52.08,0.10322436207470828,0.02558575870245172,0.013195486156633254
52.085,0.09113121957807871,0.009857543956258097,0.015786939936370346
52.09,0.11237561338375793,-0.001963802918209464,0.02110733069846739
52.095,0.11492062845413598,0.01840330868807316,0.0065961837805530036
52.1,0.11292703572206825,0.017476671927818023,-0.002549670612695636
52.105000000000004,0.11105681257207252,-0.0015575568225427092,-0.0009265303787282355
52.11,0.10469599789715431,0.023396339695065303,0.006074986949582421
52.115,0.09476424177159612,0.008879284709223965,0.0021698437623041463
52.120000000000005,0.10412868528323689,0.0036097177061185128,0.0006514303354858454
52.125,0.11111137402629905,0.011736092271575165,0.011356647509651138
52.13,0.08244805902584913,0.0017687483147852366,0.008678341423841083
52.135,0.08774973560088659,0.021891398736766994,0.02448520330276869
52.14,0.10402736591810616,0.008055811764570077,0.013743069706897515
52.145,0.09268573211987886,0.017925411968077957,0.008250345762291836
52.15,0.10289297032554029,0.0164955414801273,0.0016793023886790583
52.155,0.09070267822123869,0.022526664743685566,-0.00602453236849791
52.160000000000004,0.11334832406398619,-0.0008408388707213978,0.01123558475076867
52.165,0.1083355921766133,0.030968746646024194,0.012375351720951512
52.17,0.09061863312042917,0.018265504051239716,0.02663805510289973
52.175000000000004,0.10744507199248443,0.03208234985424416,-0.011091645092517697
52.18,0.10258965221094614,0.00638270567787701,0.010591846258064318
52.185,0.09996826972302894,0.011580397869555871,0.017578750646928515
52.19,0.11368290033412137,0.021477362739952505,0.020314975512209687
52.195,0.12251865710306979,0.03243590603661979,0.02180008282821831
52.2,0.12590869090419501,0.027150865515439625,-0.002106224265927527
52.205,0.08837587862631202,0.013606977758215358,0.0025410216357114063
52.21,0.09785243430727869,-0.00516193634946675,-0.0009735466388766396
52.215,0.11438567869996258,0.029490091108287077,0.0079770548885198
52.22,0.09669433197914845,0.015214625083943598,-0.003658334360801498
52.225,0.10446308975823415,0.042762250339983585,0.0010864114597670723
52.230000000000004,0.09769109714957085,0.01935729038265344,0.002981285085389281
52.235,0.1074431966504602,-0.009583419313650091,0.005446373074852515
52.24,0.11115163708505761,0.0025809861661170094,0.016111256200812028
52.245000000000005,0.10236908525572261,0.023233700542834336,3.5488586391067833e-05
52.25,0.10179079671167669,0.013304643897682551,-0.012300586533388193
52.255,0.1044061207363268,0.00474487845071565,0.008712480255421387
52.26,0.08870489454958137,0.009140438238357775,0.02200299454267427
52.265,0.10762969307311884,0.01696304007890785,0.015073847464059873
52.27,0.10250105741194228,0.015559776182006279,0.008870852816285128
52.275,0.12504232571248813,0.018289549228048187,0.008063588319918852
52.28,0.11205991304907845,0.030809029224906987,0.0005719193450699246
52.285000000000004,0.0884434495252515,0.006501053184381239,0.005009264062682206
52.29,0.10371817885302113,0.01376091218778374,-0.0008342275546305879
52.295,0.0847396722694767,0.017647285931689245,-0.0009977212751155241
52.300000000000004,0.08163153919663017,0.011629308607469864,0.002465013667640464
52.305,0.10499255648533366,0.01625695316285928,-0.0006951725540290023
52.31,0.08805630967932576,0.02500038474546403,0.010289216535527024
52.315,0.09498699295032689,0.022078195438130093,-0.00725027675922732
52.32,0.10328972316166798,0.01667404952519848,-4.429967241772678e-05
52.325,0.0823418277548136,0.02322683330800119,-0.0013393626652425453
52.33,0.09962711797663178,0.015269469984044777,-0.0007015862336135128
52.335,0.09500067154729146,0.025724085773782317,0.0033580039715125874
52.34,0.10579307963264342,0.019656895317287225,0.012045194341256608
52.345,0.10407054755644352,0.02300182908835691,0.015075338071512949
52.35,0.1070939539445029,0.027870393638803233,0.027177731897237888
52.355000000000004,0.09339095382634094,0.027624009757729683,-0.004707395467377446
52.36,0.10763338115718261,0.024035926381740635,-0.0007069133357763598
52.365,0.0945734241734072,0.04045974593877734,-0.011940182849568017
52.370000000000005,0.10961397627578835,0.008660756090670643,-0.011699667522340813
52.375,0.10772643465375172,0.025921309799095047,-0.01141093235184614
52.38,0.09390255178725417,0.019306593264781107,0.00950925707094662
52.385,0.1065222700675475,0.032243395566004224,0.003212636381644405
52.39,0.11701532197782172,0.015847150404787923,-0.004724264956229476
52.395,0.10109786603191297,0.035302305780149035,-0.01498343236205835
52.4,0.11227295802633196,0.026068832393795933,-0.0015575836792964311
52.405,0.1290415844762778,0.02379834290362178,-0.005874023873145636
52.410000000000004,0.11222431990870244,0.01820777093872135,0.0027497057912110948
52.415,0.10232055266980357,0.02407058495498865,-0.004657579802779062
52.42,0.09860895894080755,0.02642116428241566,0.003958637086293676
52.425000000000004,0.12582945262729808,0.03422833344693194,0.009053406667144553
52.43,0.10149135763888385,0.013083763651662406,0.011062558962902943
52.435,0.11137353893865018,0.026356332552750973,0.0019878962889662514
52.44,0.09819253334992273,0.011696681198848525,0.01705061540296029
52.445,0.10038932688781381,0.0177671076451852,0.006022377395858371
52.45,0.1156073738186567,0.020228932755435403,0.0035024612062526245
52.455,0.09728649779803726,0.03052427118852258,0.005053716702914856
52.46,0.1109288543680789,0.03732783187675253,0.008185547542422109
52.465,0.12585531958969043,0.030474346860740385,0.006644798693640009
52.47,0.11261970052474964,0.023745041254399427,-0.009935620030442526
52.475,0.10760539024635134,0.01554237232480941,-0.0027134629063267496
52.480000000000004,0.11270552859577009,0.022557688676426164,-0.007736482316698788
52.485,0.08625935805157879,0.031967660056471406,-0.020327934961225015
52.49,0.11405009395815843,0.03708275733607615,0.0034673427091917106
52.495000000000005,0.09996996222818398,0.020992289702254436,-0.00048679824548152235
52.5,0.10520210455537979,0.003943168851409624,0.004234265494078042
52.505,0.10429438507414944,0.0042413486396858,0.013714176512745419
52.51,0.11464134198456474,0.025426989859453165,-0.010339054719341923
52.515,0.09604442438441352,0.029958664408306766,0.0059821784746757894
52.52,0.11158639641342652,0.014147004759769367,0.0021783483924039254
52.525,0.1043434079795402,0.02008837981837405,0.0033133292254499125
52.53,0.09995669697535417,0.010366238495195482,0.001857586833785516
52.535000000000004,0.10718306789449666,0.013499436190204484,0.009356248156290261
52.54,0.10386984613434845,0.053762157024494286,0.005792980957014696
52.545,0.10018093102317352,0.018611788660918286,-0.004225673624823139
52.550000000000004,0.10708562333605202,0.017059476655309977,0.012813883804755961
52.555,0.11055238426950678,0.013933452783692363,-0.014421187105781323
52.56,0.09907170112170063,0.014505919328852191,-0.007169256413783367
52.565,0.10265545874994601,0.01590984464037425,0.01162611365330729
52.57,0.08774408133571968,-0.002771622253963938,-0.011367552412273975
52.575,0.12197989684906145,0.014523348932247687,-0.006980293491227558
52.58,0.10084508780991908,0.015779692114747213,-0.00304938427344029
52.585,0.09739704582354139,0.002628958341606015,-0.005580886528108699
52.59,0.0950150906582022,0.01449154086691153,-0.0026127424863221192
52.595,0.08417064650826597,0.0354279604043221,-0.009816711355289456
52.6,0.08881248293997077,0.015343664129345853,-0.005126480528503364
52.605000000000004,0.10034525002251835,0.03218992562890243,-0.003620734959539452
52.61,0.10037858009369661,0.007184333929557869,-0.010484506824277411
52.615,0.1275500228948182,0.025214140843842096,0.0010080501100535183
52.620000000000005,0.10316104570578692,0.008277043845134897,-0.0117969721815163
52.625,0.08691814839524642,0.014334067216415475,-0.0054772747808470405
52.63,0.11084300424356111,0.020870866553458472,0.007842876522231612
52.635,0.10611627981786928,0.01370564812906077,0.011515613610488404
52.64,0.08790129241350644,0.0031501474986556886,-0.007723655795071842
52.645,0.08827637610313013,0.01834338708085195,0.00887567536105655
52.65,0.08802411368456689,0.01968235135323913,-0.001145431497580375
52.655,0.09500916332838961,0.03233584452864301,0.002175581115820495
52.660000000000004,0.10400575968109589,0.030239209439006168,-0.005551926419434145
52.665,0.12011772272031199,0.023135871043968782,-0.011741547109685231
52.67,0.09794245795762144,0.015577782932420865,-0.005084111039525405
52.675000000000004,0.09393123080963625,0.04533002863138448,-0.014399212144814346
52.68,0.10079667153093144,0.03982456223341051,-0.0029738390238700577
52.685,0.10748002731147266,0.017860545562237012,-0.010887657061028637
52.69,0.08989119399734971,0.03283395472296263,-0.015969112182689017
52.695,0.10644627774275117,0.017856954833461964,-0.010131686638312128
52.7,0.10563273905389522,0.019139367848439948,0.008346967393815219
52.705,0.08857821596622595,0.023375519090033207,-0.015769993028245832
52.71,0.1329814044844788,0.034917262756594125,0.00235511239878595
52.715,0.10123401797253966,0.021406395192175548,0.0016127267728080867
52.72,0.11150062407256926,0.034282248505575694,-0.0029418136333054738
52.725,0.10739900192908186,0.02341570939889181,0.008740685417233638
52.730000000000004,0.101381685563294,0.02657540076493856,-0.007674630107463095
52.735,0.11504583882645096,0.02770864366945109,-0.0029416600272501505
52.74,0.10751149285766831,0.053218964962231496,0.014006709158066372
52.745000000000005,0.09387198903582744,0.020070156337291138,-0.014181235510348474
52.75,0.10908572439032,0.010363134839226108,-0.0084363226564071
52.755,0.09694702468466843,0.028990639414727397,0.002790373869382126
52.76,0.10177806025805167,0.017755018496422602,-0.0028620280991376226
52.765,0.10672829059370559,0.026516790426539833,-0.004738930614944754
52.77,0.11582673447335506,0.02451730628497457,-0.011796650637037043
52.775,0.10470008198797627,0.025577095730436983,-0.007858221623946414
52.78,0.11331673295727124,0.031219929345064658,-0.0016749143911526758
52.785000000000004,0.12444374655898839,0.016018335527164057,-0.006434562127332668
52.79,0.09588120725336484,0.03195067773293804,-0.013774960025559366
52.795,0.10056137293835932,0.04408669520806083,-0.0059212230729664955
52.800000000000004,0.1049629817408318,0.020203753331845785,-0.023813118450670426
52.805,0.11473805219700137,0.024746227111125754,0.0027302850269548436
52.81,0.10826751507979492,0.025937728875271817,-0.005068208870426881
52.815,0.11120220195730274,0.03939295461197472,-0.002126848299093367
52.82,0.10600382856012355,0.037439843739160435,-0.008872724204224773
52.825,0.08397803215136175,0.0333030642126688,0.004150757215999185
52.83,0.12399886762810843,0.04177427475279237,0.001939318181328616
52.835,0.10394830162743618,0.05003571826859667,-0.019046847872288997
52.84,0.11580225143586102,0.037356266781617485,-0.017080574156998547
52.845,0.09597383556603004,0.03776328448760496,-0.005828016055595849
52.85,0.10388681900025741,0.005355287012186724,-0.013786656323001242
52.855000000000004,0.10401294504233131,0.03051552150477331,0.011108731520302156
52.86,0.10411982136538543,0.031558603222024695,-0.013100170982034968
52.865,0.1139658511383254,0.029128082091960033,-0.0046809048141656755
52.870000000000005,0.0938579085961119,0.023932383180895158,-0.008482520938805995
52.875,0.09795748495872933,0.026625652005364042,0.008674510529687561
52.88,0.09367938012200094,0.038624691908976536,-0.004579008335626543
52.885,0.10178020084312449,0.019918233291326845,0.019047594747896152
52.89,0.10701495229545105,0.0340392714590691,0.001236439429671641
52.895,0.10069336352218679,0.039139171202449835,-0.009328440159559198
52.9,0.11851372678724768,0.028152618576696813,0.004997308090851355
52.905,0.11579236367896194,0.02442113695971544,-0.004034881048270959
52.910000000000004,0.10868506816988378,0.03394622344182772,-0.015016794938874683
52.915,0.09937401471005528,0.026632446708003816,-0.011117560590616098
52.92,0.1072491795928278,0.041749130103255386,-0.0019762390373558782
52.925000000000004,0.10729696297597839,0.04051557247479377,0.00857749899035283
52.93,0.1225524752355221,0.02548578234300855,-0.019798360583561426
52.935,0.1032982060955999,0.044463971776411634,0.002257719155015993
52.94,0.10033548815835204,0.026094811859159163,-0.005189319707730797
52.945,0.12106308737157091,0.042354139147119246,0.003765695816518873
52.95,0.11727924905459028,0.02757854407927013,-0.013297635856476843
52.955,0.1259887350051847,0.043411785554597376,-0.009953711081034274
52.96,0.11801122638013342,0.02586901585991843,0.004008242073278476
52.965,0.11261466005583015,0.03352799080492066,-0.02310606951054755
52.97,0.09750760478069649,0.0368365653260202,-0.024505459193705288
52.975,0.11132215579907728,0.03735799112794774,0.015267099671557077
52.980000000000004,0.11196239221992292,0.041307852856179855,0.0038341472658976958
52.985,0.11251864386981907,0.03783539014073642,0.006920710285633069
52.99,0.11797742681888417,0.022164982652996906,-0.02917875967785818
52.995000000000005,0.099052212722279,0.05218056871416289,0.00926135535121839
53.0,0.10948392032957657,0.03360117248299511,-0.020663077026278398
53.005,0.09737884524489451,0.02390804764216011,-0.015162433394825172
53.01,0.11588234428320951,0.060033759048246066,-0.004241918062423123
53.015,0.11487589787526474,0.032941952678181896,0.0052004761082877875
53.02,0.10604904540274379,0.011756745966961421,-0.011470893880246105
53.025,0.10957396394130998,0.020142833192067153,-0.035226084109783694
53.03,0.11708570839397012,0.041377733368516495,-0.0005002440585749873
53.035000000000004,0.1110975972043357,0.037044593988514264,-0.030190714980589027
53.04,0.1181624925718584,0.033528273119577345,0.007066879540655446
53.045,0.11135060174972349,0.03749347464511117,-0.011617140024595459
53.050000000000004,0.1064656323734591,0.04414091110179346,-0.01748277650868234
53.055,0.12045601018890549,0.034245599441743074,-0.02034130276049584
53.06,0.11692105344053652,0.03142743541100041,-0.005070457799453341
53.065,0.12044409305773474,0.022883243722696258,-0.03555271232391381
53.07,0.10122872768946214,0.04289994223804837,0.005362995296668505
53.075,0.10488610204189484,0.022335085255898966,-0.008589059450884326
53.08,0.12090715346710325,0.05057514412457731,-0.00955813690345957
53.085,0.11034007075394799,0.03443151656089757,-0.017055628248806323
53.09,0.11746928417095184,0.03494617930143509,-0.002845391636037732
53.095,0.10672388565071089,0.05087394407450023,0.013738286432610308
53.1,0.12491922485706707,0.03798063808985834,-0.011530308850192442
53.105000000000004,0.11410485018552552,0.040527936375157156,0.008079665726077111
53.11,0.11476242695545932,0.036041760938831276,-0.002925020429617762
53.115,0.0896060274255085,0.038028283433261215,-0.008166872946144117
53.120000000000005,0.11479204255566035,0.045336746098617105,-0.016406141953502557
53.125,0.10102261681286252,0.03757395102070739,-0.04285431615485703
53.13,0.10375053920998296,0.05077943365381558,0.004069307967273467
53.135,0.11187116375260929,0.05643058806436836,-0.0015327002447457494
53.14,0.09959213942630095,0.049408326460693756,0.006220471074828992
53.145,0.1130303532184703,0.03426728722252512,-0.019277982669390636
53.15,0.11193410623455494,0.0297914779436747,-0.013155079074030747
53.155,0.09442499356496253,0.045228681080644116,0.007408093481922753
53.160000000000004,0.11448854401412131,0.03807021312882955,-0.0035121275482940077
53.165,0.11002561868561492,0.05007970926151403,0.006058909465330069
53.17,0.10553784273924216,0.034210170269455525,0.0058628459183725865
53.175000000000004,0.10674150287994026,0.04655037656668673,-0.004977067938685128
53.18,0.1319986610583591,0.05160054069307902,-0.012740134262373276
53.185,0.10798707539529913,0.06701481775794073,0.0028499455297657794
53.19,0.09988627706175798,0.027970962160425956,-0.003888957551460905
53.195,0.110027315844961,0.037859770690091055,-0.016931256139734216
53.2,0.10493700312127151,0.025355001752459062,-0.01117073150120675
53.205,0.11799499251608511,0.04927949863764009,-0.007338168801951801
53.21,0.12155656816554979,0.038892413858273384,-0.0027210865815990876
53.215,0.0962164342895516,0.03659276592274986,0.008743138626161773
53.22,0.09397048108666385,0.025090056326705783,0.015369916890316037
53.225,0.09819334317625841,0.028954799193552632,-0.004571234256067489
53.230000000000004,0.11127383596571098,0.023118648838206364,-0.0024733875493361864
53.235,0.09596392549451224,0.052510395529922115,0.0074562639610936225
53.24,0.09419447160581168,0.0529920902840849,-0.013847827896898883
53.245000000000005,0.11285003441260734,0.017800221269912583,-0.016607727952255253
53.25,0.10599885250708238,0.025151695157331753,0.0019168312158492837
53.255,0.10845010907652604,0.03024214995984486,0.0022564305157279606
53.26,0.11728706570653558,0.03966446149636127,0.0002933088676860783
53.265,0.11484899662028611,0.03330241180024919,-0.009402866828707791
53.27,0.10887558246860882,0.0384146427740346,-0.026886400177939307
53.275,0.09045509868479043,0.03993211167145125,-0.016083439778116087
53.28,0.10975270774902002,0.04718874047255455,0.007606239043278194
53.285000000000004,0.11643709604343906,0.05215671042067961,-0.0003841183678878028
53.29,0.10007646357208563,0.05523302761245294,-0.012460025398766117
53.295,0.08887991466316433,0.05040324064941527,-0.0070302883174115025
53.300000000000004,0.11752645577213709,0.05447061696644245,-0.0019812204968374485
53.305,0.1167467965685361,0.050217869683023025,-0.007892236302250792
53.31,0.11087784028635504,0.03419110840637536,-0.0038357620015045286
53.315,0.11171428972283315,0.03553768897663458,0.008428608834012665
53.32,0.09396714465600468,0.03994830124435119,-0.018276693758021188
53.325,0.12336012357403466,0.05654615312105812,0.0057163156183890965
53.33,0.11077486776417281,0.04815762724078779,-0.005682056200959053
53.335,0.11458166854557178,0.04870697746623503,0.007899984939995684
53.34,0.10603757806616783,0.029111515638486275,-0.018817024414829214
53.345,0.12254734288344472,0.046978509383250946,-0.00963503610163514
53.35,0.11120772803003331,0.040542584129372825,0.0024221279199293146
53.355000000000004,0.08905033878327057,0.03381476049727091,-0.013122372109040598
53.36,0.09809929736887235,0.03943214589741278,-0.013444417735317044
53.365,0.09812674348844232,0.03881650596738516,-0.0198142033468711
53.370000000000005,0.09940813552665223,0.04235709576607181,0.0009158655219907441
53.375,0.10270263783244217,0.044776957178641316,0.02138763587543922
53.38,0.09755969057434893,0.03150189863851028,-0.012980330065220041
53.385,0.1109058038151428,0.05009095734129985,-0.011616148728438877
53.39,0.11230957949418977,0.03623114201474015,-0.006772067607732166
53.395,0.10669641090682043,0.04590304536496211,-0.009198738373624699
53.4,0.1132678544073478,0.05669293298522111,-0.006188204358931675
53.405,0.10020563008659847,0.0489397686591691,0.0013838551934369503
53.410000000000004,0.09820928761532363,0.03987863540580999,-0.004655965266532596
53.415,0.10529823120966648,0.05266424306456504,0.0151595680772737
53.42,0.09030108330292447,0.04056072155958132,-0.0032727903899185066
53.425000000000004,0.11324969166414597,0.04741946500717197,-0.0004486544206362842
53.43,0.11112823859462241,0.05231890624489712,-0.014252362153060813
53.435,0.12538461215137348,0.03198170541312715,-0.014014435388709588
53.44,0.10384802366950607,0.05984140338142973,-0.013943057854491167
53.445,0.11033549396432754,0.05061274851326762,-0.009071710580440283
53.45,0.09665526580144926,0.047020931306947164,0.006125716614863479
53.455,0.10358064623619176,0.044342226180690975,-0.014331377221872617
53.46,0.1199288665114545,0.056754617543635436,-0.01540921420168362
53.465,0.10194649359712976,0.022578825805686015,-0.0056955800697361635
53.47,0.10693417173088648,0.03475122845874283,0.015071283286243747
53.475,0.090068762764755,0.04318456024128808,0.014889738538539254
53.480000000000004,0.1108985017115747,0.04647470791459135,0.005356263440672759
53.485,0.10461261169788093,0.042508663523291475,-0.0032703805189115403
53.49,0.11534234516186674,0.04161080169101096,-0.013262485452890025
53.495000000000005,0.09972633539086556,0.025578149068207545,-0.002679242102535345
53.5,0.11504945202692575,0.039990700869927405,-0.01208853526500163
53.505,0.10365504929905298,0.05136987739144087,-0.026590170078127612
53.51,0.11307962049835134,0.05966812577153458,-0.0058119627764124885
53.515,0.10261227103085085,0.04529842098354191,-0.009517424440681503
53.52,0.11106282343353485,0.028548790855870587,-0.008353007263264312
53.525,0.1348873799337121,0.023209394800401392,-0.013300593014280843
53.53,0.09368079531389095,0.03745725171231515,-0.027708244418497827
53.535000000000004,0.1099794784820969,0.04032469407883532,0.007100107951238993
53.54,0.11285385035598834,0.03537903495040374,-0.015667760769549895
53.545,0.11326900128938894,0.04739574537742372,-0.01758912945514785
53.550000000000004,0.10179628224874397,0.04004614572548621,-0.012777598430026566
53.555,0.1106504628915556,0.029038558019963204,0.004945148121223156
53.56,0.13063936630975448,0.05157836730636458,-0.012728474056631392
53.565,0.11165144722025269,0.037193990389318546,-0.010654823088826789
53.57,0.09984666557423896,0.040291875446083564,0.00407347075313607
53.575,0.12142547354346668,0.04157717640442452,0.006286580319893625
53.58,0.0922801972247266,0.034402353418123664,0.007811085916301239
53.585,0.11335093296944032,0.044151911673981636,-0.007693679672348516
53.59,0.11376744919946762,0.04233581726664921,-0.00570520620013137
53.595,0.09907586267196913,0.04858760945943079,0.002559910833957433
53.6,0.10867228688986648,0.03064138830743606,-0.008107543600929613
53.605000000000004,0.1170276993257266,0.04743264218882175,-0.026038879699755196
53.61,0.10949788304177899,0.029533651740715074,0.0159286650964714
53.615,0.08521548205828813,0.013479630648926367,-0.004906674920050362
53.620000000000005,0.0955720988584369,0.031260424159297945,-0.001246474866480272
53.625,0.1084877340211464,0.0139146998391378,-0.014698747640930782
53.63,0.08857893260779848,0.032160712203104694,0.002286518308360427
53.635,0.10391051818712947,0.025316853098424102,-0.0056843197420200315
53.64,0.11070787459646544,0.017223670376067583,-0.002525105032261393
53.645,0.10764251586522108,0.033005790765398724,0.0071741620429852365
53.65,0.10476699629840756,0.017920294073290457,-0.01288776722048906
53.655,0.08761736552861117,0.021398960082101647,-0.003176107812658646
53.660000000000004,0.1005545434167135,0.04203587613259826,0.0066257810706986334
53.665,0.09030534583995348,0.015502955050283596,-0.014718114750029272
53.67,0.11338837003890828,0.03481645573038074,0.006474694431130164
53.675000000000004,0.09660441098765749,0.0373928750397287,0.0023487093213271967
53.68,0.10026211684161998,0.013243355955206837,-0.01730809126516568
53.685,0.08724950601684965,0.03624687876359134,-0.016928495147596572
53.69,0.08533415461522002,0.04152476621466458,-0.009815287288645192
53.695,0.09483507384189563,0.04130733489872622,-0.013648799992347414
53.7,0.09425818568218602,0.04802795715419621,-0.0003104932597497237
53.705,0.1081211760993459,0.011660557186277514,-0.007054356567786079
53.71,0.09578104731018412,0.026579836887029553,0.012988229790398514
53.715,0.09823649965116359,0.02811167934955447,0.0022569327877023544
53.72,0.10370765028637341,0.055658298785354166,-0.0028494418653670587
53.725,0.08885527990846537,0.037812377904283614,-0.013040533016244355
53.730000000000004,0.09516380922211752,0.03211373927404318,0.0053326756602591965
53.735,0.10411081679200752,0.04776790151100327,-0.0016726357240477979
53.74,0.09284261680738434,0.05181772773645833,-0.004723727395997358
53.745000000000005,0.10525588494353681,0.042987323099893116,0.001256147065608221
53.75,0.08765397978088629,0.04809532954557669,0.011802380082751475
53.755,0.09770630838671247,0.016047050684000863,0.00728783622973672
53.76,0.07852876755766694,0.026848509549878045,0.0028737421307793616
53.765,0.08326863221291807,0.04379364784331781,-0.017361131917118775
53.77,0.10562232934666134,0.04385254606911206,-0.003025135030021959
53.775,0.09073888091198766,0.027022189243145145,-0.008704262162204272
53.78,0.08664591643481925,0.008360663895956705,-0.005122366775029799
53.785000000000004,0.0831120122614048,0.0438341702296008,0.016397205499949687
53.79,0.10178150214317719,0.03951819774569782,0.010156863731997649
53.795,0.10826246657710185,0.040358522449417046,0.007586993358750236
53.800000000000004,0.09598622788768375,0.04157111583026904,0.009138782072420259
53.805,0.08915047895200884,0.03476889260226617,0.0017253269362372831
53.81,0.08731688013686287,0.03494137326174464,-0.0037333097547815556
53.815,0.10272164827314922,0.0281301183707935,-0.016508570862886
53.82,0.09484474733734782,0.029425063018568967,0.013511329340118143
53.825,0.0796807537693243,0.03408598914113078,0.011383277418889845
53.83,0.09253507255676685,0.0497179138384562,0.009547546895498402
53.835,0.08125867422506612,0.02545911716384643,-0.004058952949420009
53.84,0.09069385235693259,0.038622689866588567,-0.00035011791354947917
53.845,0.09673830856415047,0.04492927070754298,-0.0018577859964402652
53.85,0.10191435780359394,0.03894546345156186,0.012619568194580738
53.855000000000004,0.08795200514042141,0.034617560385121204,-0.01549820534236036
53.86,0.09866982657116104,0.047909782840580145,0.010089903671892188
53.865,0.08610711777948103,0.046213303560474955,0.0033947996825689046
53.870000000000005,0.09875147161303233,0.04266251631541815,0.010210607754635122
53.875,0.07261138626734899,0.04396246959173445,0.009618887179070201
53.88,0.09646561877854974,0.013996573652217978,0.01638611750469526
53.885,0.08875216236187823,0.05039570436743075,0.009670794404528327
53.89,0.08014238254997708,0.03663667724383393,0.012192768557656114
53.895,0.11208628915298137,0.028721757222290468,0.001977123419133569
53.9,0.08039887949426995,0.05387925748240566,0.0008373137414628001
53.905,0.09235019967498811,0.0337748010693037,0.008440152858781198
53.910000000000004,0.10246966000873849,0.029780883896339188,0.01082086472201343
53.915,0.08065668658095694,0.03719167626056846,0.014741554221770084
53.92,0.07913145506049739,0.031088525058647613,-0.0029115517902823518
53.925000000000004,0.0860606857362292,0.04654650952122896,0.005655939678002582
53.93,0.10597093001756344,0.05766085204505987,-0.007777673701704978
53.935,0.10326064155686514,0.029384966568244266,0.0030298079253408584
53.94,0.08753327610546995,0.027649839789379526,-0.0008711432480078898
53.945,0.10243570332294036,0.02991260079378996,-0.0011713771935509421
53.95,0.09905127260643823,0.027325836849570895,0.009571853486367875
53.955,0.07683609163814,0.03382474233490092,0.00824351259499211
53.96,0.10294728094207867,0.019067423664811563,0.00879155275177215
53.965,0.10033628858167154,0.03356223764104761,-0.0057830222440951136
53.97,0.09861808049848664,0.03942882586341505,0.00731571918563453
53.975,0.12622156015858732,0.04905313470038534,0.013308995667912021
53.980000000000004,0.08977599084895904,0.019782352041493617,-0.01167430053698617
53.985,0.1045441991042524,0.0032920393913839913,0.019907188107787965
53.99,0.09888479894535232,0.036728055319633995,-0.010124713053745038
53.995000000000005,0.10013624446724141,0.04556312699658052,-0.003370751501825024
54.0,0.10224263982303516,0.05284595304506781,0.01463378676077856
54.005,0.08668074632507844,0.0433923743506484,0.01567795034931757
54.01,0.09295332817709648,0.04538311674643845,-0.011079621906402078
54.015,0.0986547191177471,0.03854177717592695,0.005018603696832146
54.02,0.09024738108168122,0.03026790537082701,0.012900267076712199
54.025,0.09505016644446687,0.027903332391526023,0.01296482439399894
54.03,0.11285701016204153,0.026700528992693397,0.015522380528053475
54.035000000000004,0.10481380948895554,0.03228118692417799,0.0021926556763549494
54.04,0.09611579306193928,0.0378414577794636,0.017740442580375496
54.045,0.11185981138959152,0.0329012899339491,0.012769698800405505
54.050000000000004,0.10346313067512405,0.02572138551948555,0.0027124267167306683
54.055,0.11820565143339523,0.012774901442003564,0.006096550032566275
54.06,0.10057673981224449,0.02829001652949934,0.01036030558896317
54.065,0.11204262649900248,0.01846599815185154,0.014588894486887452
54.07,0.10796918389551544,0.015569768390775285,0.015370617849421961
54.075,0.10315200989980079,0.027058248349425912,0.015718865948962706
54.08,0.10563688030052712,0.03852054142652593,0.001242672059509656
54.085,0.12012227140438382,0.042029974247087334,-0.003207199569793374
54.09,0.11679009274520077,0.03951845866902598,0.03022052075118801
54.095,0.09174006699573233,0.033993164780898574,0.00047753210662598855
54.1,0.12320700409116642,0.03551834478869883,-0.0050461413980783
54.105000000000004,0.10607435895260489,0.023896216690408832,0.012347679266025424
54.11,0.10974677110743938,0.048897031042229464,0.009662491088146236
54.115,0.12785372417779334,0.039564582203516024,0.003333644463516413
54.120000000000005,0.10759954653548029,0.03929212762575794,0.0208343317820471
54.125,0.10564394323358402,0.04254099783767025,0.009098502297844355
54.13,0.10936008354940271,0.034131144330491865,0.01935187061637393
54.135,0.11467610288650985,0.03746036342278172,0.0018805071377433775
54.14,0.11309475364505625,0.03511639877828107,0.023006376512917922
54.145,0.11312066954502349,0.028482445383357043,0.022127514665412417
54.15,0.10409734744845099,0.04038095399860696,0.005556114602410004
54.155,0.11761946269664476,0.0269850194542225,0.020398089361894335
54.160000000000004,0.10518282471251705,0.039032071620601974,0.036408520942610496
54.165,0.10931045982043808,0.028742624472963843,0.016979312611328824
54.17,0.1085065664138383,0.026713222977104184,0.021031684309243154
54.175000000000004,0.11746983809347884,0.032107419811288646,-0.005004486272691495
54.18,0.09748475661635918,0.03688596947826035,-0.0016573158155847858
54.185,0.12551193339479585,0.0304534280545533,0.0032155405841758434
54.19,0.10142497577431597,0.03558890710377563,0.01393209221173386
54.195,0.11695963481951926,0.019550659241403874,0.00030419792754088
54.2,0.11351261503415853,0.035696895565705905,0.009100586369576264
54.205,0.11753723145509805,0.04498487007665375,-0.011773901019012515
54.21,0.1090871374842989,0.038166287870127526,0.007180084341677187
54.215,0.1131786312097986,0.032156090610442084,0.0003887045642161366
54.22,0.11943696186589689,0.01809123956363423,0.01756201893585727
54.225,0.12569957772774065,0.028701464767531798,0.018869192647592244
54.230000000000004,0.11661883958536227,0.018254277891114782,0.010306907240540073
54.235,0.11344548073114945,0.0337600003445704,-0.007231114405170448
54.24,0.10579593868223539,0.023474498760228748,0.019419533446635006
54.245000000000005,0.09910374054703386,0.030593925687248426,-0.00415275186315712
54.25,0.10416887816946307,0.03520109258372457,0.005861220276917814
54.255,0.0973134159939111,0.025240545631452196,0.01495050077657286
54.26,0.11025490795489712,0.020729911732592893,0.00460536586336166
54.265,0.0974884378942478,0.041325687576191136,0.016886657463286145
54.27,0.10720174442185798,0.04032727919023097,0.023236353022867803
54.275,0.09934277224626219,0.03325752862206288,0.00793563451652366
54.28,0.10056641999735108,0.03463677551515364,-0.0018100068470760467
54.285000000000004,0.1066788933211612,0.024924958305638605,0.008336609232694622
54.29,0.10649511453149091,0.03134144855206276,0.011563874602797113
54.295,0.11724093888722298,0.042072609750403486,-0.005698698510784018
54.300000000000004,0.08294505237301111,0.0239740472257142,0.003280938700967047
54.305,0.09938962765566384,0.010904233334316789,0.017766298051810996
54.31,0.11020763252690484,0.0025269648439481644,-0.002048922000222245
54.315,0.08339876864154652,0.024033204042394788,-0.003588274896241978
54.32,0.09925522507100783,0.0231189443610764,-0.015477924519497928
54.325,0.09427861977588686,0.03541499194802651,-0.0019584229515954513
54.33,0.10082895466600908,0.028892117204364715,0.006926744250136844
54.335,0.11258781072299398,0.018396366798924365,-0.00678798773721039
54.34,0.12143828756218514,0.030116777285665475,-0.02033571247384264
54.345,0.11890966933166863,0.04044874931688995,-0.00306594363574811
54.35,0.10199669763154184,0.02661290970461897,0.017785422821218116
54.355000000000004,0.09730797724320767,0.01746478018212917,0.02003576132809009
54.36,0.11242326059494682,0.03820182017090481,0.004548744704439882
54.365,0.09538663430580208,0.026922435296008174,0.0026156030334083084
54.370000000000005,0.10940703810849436,0.036325331844002294,0.0005135553256642479
54.375,0.1103692836378361,0.012331723209057083,0.007028644742442797
54.38,0.11220148029278482,0.015320946911230461,0.0005635035359608607
54.385,0.11214846923562138,0.03292513563481535,-0.009872352186283906
54.39,0.08734080225960075,0.043852714535862966,0.011742620946003604
54.395,0.0940031894365692,0.028932833002964474,0.006171210118697571
54.4,0.10727388335523055,0.03702252043328444,0.0039353247484001826
54.405,0.09563801616983297,0.033645854991844595,0.006707986564640398
54.410000000000004,0.09190380051823446,0.03998449419394505,0.01962135036697028
54.415,0.10290721852038949,0.03617013629645993,0.02542900990353631
54.42,0.11148692995685715,0.03443635296489802,0.023328973870176434
54.425000000000004,0.09181243117811053,0.035372041742272445,0.00923164148824332
54.43,0.09379779210689695,0.037067810633644976,0.028947719721221888
54.435,0.11197051874521048,0.0493873067754683,-0.0035866683011357703
54.44,0.11161637526617774,0.04624702234982178,-0.00041675799949450476
54.445,0.09404109957856323,0.05042930868358881,0.012496048623123111
54.45,0.10683423060458995,0.040128637686448726,0.007631791955408926
54.455,0.08781541075852647,0.01600039824409666,0.00024184813816089008
54.46,0.10571577202497072,0.05018463568590614,0.009581846064818642
54.465,0.10112310346629323,0.041617501561678615,0.009732594019630586
54.47,0.10957369805281275,0.02884092687444673,0.009654822790176222
54.475,0.1088002985025609,0.039424604954998235,-0.0021005093685527625
54.480000000000004,0.11097840633135375,0.05791410924886568,0.010772684969622179
54.485,0.10507882626549817,0.04324319427742147,0.005201927397978654
54.49,0.11052989267383755,0.04681292542249016,0.01915876368484412
54.495000000000005,0.10801891000175322,0.05262158433501583,0.015662387738825664
54.5,0.09940507829894592,0.023435829175737,0.007788510198833025
54.505,0.11218340908061503,0.03319822876790368,-0.00168721622467396
54.51,0.10308357174555673,0.06453092203791849,-0.0031362501171323214
54.515,0.10043646114119878,0.03843346272066814,-0.006759087833692742
54.52,0.11653019462376696,0.04368219203161321,0.004285666151775136
54.525,0.10363631919879428,0.03212477695525314,0.008773615776667186
54.53,0.0784847900133024,0.044179523132863455,-0.0008145152643447302
54.535000000000004,0.10837163084432082,0.05205728364224887,0.005556192512017465
54.54,0.10925620432445532,0.0528393993728255,0.006811334257068114
54.545,0.1011565711068021,0.029507214993203922,0.013770262372917324
54.550000000000004,0.10501942505052565,0.04072765162528012,0.019766177049674052
54.555,0.1168200688473519,0.04644559599791403,-0.010571460635206448
54.56,0.10831404738645928,0.037730800429407116,0.012426654701595683
54.565,0.10487828839187481,0.03829819890124972,0.00521146070586736
54.57,0.11053803785100698,0.042662793803809496,0.012498797915498953
54.575,0.10651169792859064,0.04004561410490948,0.023281011898618892
54.58,0.10401968473115644,0.06045699416406017,0.009251726433938227
54.585,0.1099946152601051,0.039700418388688104,0.00628874764473783
54.59,0.08416198144846398,0.043023700105829704,0.01613672443967051
54.595,0.1046465732824077,0.030368987183131937,0.007574461044003856
54.6,0.09863136491287929,0.03954808663030642,0.022208198404981193
54.605000000000004,0.10943498390817075,0.03883307778414531,0.022759687265006753
54.61,0.0898068618328985,0.019352328702075837,0.01640231328698596
54.615,0.08940740509173742,0.04133376536399257,0.01590708953278639
54.620000000000005,0.09843476164530675,0.04401635807812811,0.0055063651269084786
54.625,0.09813905243655112,0.038533849550986154,0.01118848896565668
54.63,0.10749996710958618,0.053263940386665674,0.00870772569937554
54.635,0.09057624341338869,0.04302246628285136,0.013384275163327705
54.64,0.10799171130670397,0.03772726492919429,0.01506204061976777
54.645,0.1048551159771172,0.06237200186939659,0.0038543483045750124
54.65,0.104210399235061,0.03956868324185686,0.005090319774747932
54.655,0.1020525115730562,0.03382590938648476,0.005712363508804795
54.660000000000004,0.1115183592363807,0.02297520448519173,0.007582842199541415
54.665,0.11253127747771033,0.05000476449039736,0.027377837342615337
54.67,0.10346886037815768,0.03920833353837061,0.008720922223449654
54.675000000000004,0.10776181261790799,0.031152177543574584,0.008548323626941481
54.68,0.11440616457185483,0.03149021192678586,0.01523702088713223
54.685,0.1159590358541333,0.0384041885342504,0.012222392121464257
54.69,0.09464179964745353,0.04071009576037824,0.025632656526366565
54.695,0.11138178977177846,0.055848083060697884,0.013250408525606928
54.7,0.11306927451720858,0.031340520542336436,0.02217742248730005
54.705,0.11259955881342296,0.03955336365503908,0.025837373050466825
54.71,0.10726841547557196,0.07277798430723156,0.01623836609894754
54.715,0.11634705115814839,0.02035311720312183,0.012533254637859887
54.72,0.10510934048312162,0.03807887941061268,0.014563745703469442
54.725,0.12839772435081973,0.04519362369282879,0.02081186593186113
54.730000000000004,0.12681869158123837,0.05024647959475369,0.012900122555193088
54.735,0.1125985878031455,0.02595158555172713,0.025183475765620387
54.74,0.10144762945108163,0.029597174865969914,0.002777780096193859
54.745000000000005,0.1296640123380628,0.03168295731099593,0.0020644108012805233
54.75,0.11221711494426967,0.03889164160877279,0.03485526333683382
54.755,0.11410229185301553,0.05192585568176834,0.033776446822748656
54.76,0.11123837113058034,0.044707815527114114,0.032325632560329776
54.765,0.11700214185235894,0.04372906081692257,0.0252867196413855
54.77,0.1175330777862218,0.041753987338024864,0.023777005696132267
54.775,0.10445029454761491,0.047357118728332835,0.04581440790362732
54.78,0.12229124284041443,0.05017520531814042,0.02554282068765888
54.785000000000004,0.11504604561839071,0.03444158053513677,0.023137972142488847
54.79,0.1083998124511234,0.02146911626847397,0.034653913996103056
54.795,0.09364560992021911,0.035136993184973424,0.010406949813635743
54.800000000000004,0.12629251841955916,0.03088999800864304,-0.0023648993508877773
54.805,0.11369215403679445,0.05527547773234259,0.01965702928246525
54.81,0.10795238759578424,0.03546692047326766,0.015419734475794852
54.815,0.10930428770000075,0.040045133602762295,0.0134915345475901
54.82,0.1375444274576686,0.024922096489279472,0.039821897123226854
54.825,0.11038144397471,0.04990688849351596,0.03681544610791401
54.83,0.12301466516827658,0.06313339051576006,0.023957237571230257
54.835,0.1128852355585351,0.05353110141589168,0.027099717338485627
54.84,0.10874253544953334,0.030924883425618267,0.005471152111682357
54.845,0.11257517009059397,0.0494856773661695,0.0017667025179140634
54.85,0.11695037181146309,0.03736854134899141,0.020675403229893762
54.855000000000004,0.10203427099743526,0.03770362600796265,0.016869463652786732
54.86,0.08946234870335892,0.03228552719032612,0.032206240241196116
54.865,0.10894030479678128,0.03453569215836473,0.012279008129361226
54.870000000000005,0.10813577176734045,0.042813992783821087,0.004323321314602922
54.875,0.1021669274222143,0.046879528347702475,0.008251696414994845
54.88,0.1004040842069035,0.06190617038881413,0.02602466136098356
54.885,0.10885201874727672,0.029615684202627824,0.03677428962753242
54.89,0.10997693256578402,0.03701280051569776,0.006772522534677361
54.895,0.1070912610111007,0.04062724258484836,0.01818670402745867
54.9,0.10284928113543186,0.028406784825353245,0.013149814640066624
54.905,0.11380850782749086,0.0468239240828308,0.011297901129279999
54.910000000000004,0.10903635219090925,0.030990829458248388,0.041174898015842815
54.915,0.11229479075492915,0.046446445283164335,0.0038748094399219607
54.92,0.10605981710444845,0.050581401579518626,0.023449346613124165
54.925000000000004,0.11028269874616471,0.04985002164526271,0.03370025100476478
54.93,0.11347468162510677,0.03145476908274343,0.011867430620583326
54.935,0.10415231614651557,0.04477687438962174,0.012555865671664782
54.94,0.11103110341396406,0.04193387040388584,0.014885973687628649
54.945,0.11065881558561831,0.05215997058127998,0.016093751072353193
54.95,0.09277302404464306,0.03905884745773533,0.018205651035066342
54.955,0.10993347586421551,0.03403504189775022,0.03642848718847019
54.96,0.10435687377965053,0.03762261761862984,0.026960416515118737
54.965,0.10209308657589036,0.038042825195662336,0.013735474305000921
54.97,0.12370279603518679,0.036860255383367804,0.013178181697110707
54.975,0.11658184453107716,0.03294745184450157,0.027610272184758602
54.980000000000004,0.10295213065754777,0.05816832087558719,0.01810988827467165
54.985,0.11783745493204323,0.03393839475858433,0.025389721016228873
54.99,0.10003183021974642,0.051759283318957384,0.028196032757210887
54.995000000000005,0.09774737061519109,0.04049854944801279,0.029297434033189164
55.0,0.10331477010529025,0.05362734288023848,0.016630277943789212
55.005,0.10112576154652221,0.06345285558044358,0.018224386041421896
55.01,0.10675328565585532,0.03109594315886236,0.016629530050703882
55.015,0.0984967025208515,0.03676046295359321,0.0397476524278326
55.02,0.09514691251626309,0.04892438537332737,0.0056875181661471975
55.025,0.1048358081737795,0.04550167562435437,0.02424602967275302
55.03,0.10112155415201379,0.03131469407737607,0.008520475415852241
55.035000000000004,0.0791718430242196,0.023561486899220215,0.00870163362462614
55.04,0.09713667825451669,0.026843866783028858,0.018198244625917712
55.045,0.09365808455946806,0.021115804497530775,0.022255375852351
55.050000000000004,0.0877833933498245,0.03658935898205787,0.014225086609606585
55.055,0.10948338552288331,0.03661659144028566,0.02168204016123388
55.06,0.09408802504264628,0.033696216626683956,0.013978259313247964
55.065,0.11940741948026377,0.03214710676076412,0.0027707373195562527
55.07,0.081793614509169,0.029132909078885952,0.026584716500773656
55.075,0.062448858268877916,0.030503285945612475,0.015361581632166787
55.08,0.08179884351925706,0.03985400971730797,0.005575937994992551
55.085,0.0993985374804895,0.008976651418944336,-0.008513208277569802
55.09,0.0902812071445473,0.03573626358993476,0.028520327613184192
55.095,0.08575303832142918,0.03324272764128944,0.004171956250702052
55.1,0.10008703741958416,0.033413520681396476,-0.0011197019575649213
55.105000000000004,0.09102416391297728,0.021182100325980405,-0.010220030495096847
55.11,0.08201203532450424,0.03227605380938789,0.019217755535863135
55.115,0.09171914075672807,0.019274145488550082,0.01885880066513569
55.120000000000005,0.08407980109276633,0.025128959442638387,0.020640204069294673
55.125,0.10028341891519169,0.04116845319738043,0.020629535567692668
55.13,0.1019214270418386,0.011782587075479817,0.012043845138559457
55.135,0.08144891919519893,0.04170859017958133,0.015123522021166784
55.14,0.09534551376535011,0.02230173573301508,0.01746126912285214
55.145,0.08114753591811553,0.031074333503229478,0.02890260391622161
55.15,0.08957064844610965,0.03401237844943124,0.01804544220719429
55.155,0.10136065850798279,0.01596413568167631,0.043967417778481656
55.160000000000004,0.08180197703050822,0.029331814134962827,0.039512188461705615
55.165,0.10297831740813651,0.0347912225689994,0.031226611142994645
55.17,0.09366960399883609,0.00029277527238265495,0.02732816123814747
55.175000000000004,0.09309392084439022,0.036756045531246735,0.019743222001044718
55.18,0.09500573041781396,0.01496957816236956,0.041242880138676295
55.185,0.1030163520743179,0.017826415818500294,0.014820006854782354
55.19,0.10310927161754771,0.032095220829805066,0.024554967966999554
55.195,0.09814570373447458,0.0369594734283779,0.026444265027084614
55.2,0.0986705638276716,0.021839335342176407,0.01854909628406397
55.205,0.1066030385122125,0.026896996322311163,0.02088159447799017
55.21,0.1060095729691618,0.05030283945605366,0.040648073803806924
55.215,0.08943644549024263,0.04031113299507546,0.027560004890193654
55.22,0.10544313534131752,0.017160334471021957,0.034752391920750886
55.225,0.09517212879986389,0.026008158310635993,0.0157503550499414
55.230000000000004,0.1019051123801075,0.033932944546012714,0.026536753264017603
55.235,0.10388109334572024,0.031090238923811755,0.022625243014682692
55.24,0.09589659388215913,0.013116096058813538,0.021795653658542816
55.245000000000005,0.1081622457801208,0.029944134786848514,0.02282115868108113
55.25,0.10856648705366133,0.04523670303915877,0.027916759618694817
55.255,0.09192539684673996,0.03491899402626453,0.027075343733517283
55.26,0.10108631617183181,0.04509309783934822,0.024486526545951404
55.265,0.11886226804625805,0.027332112302585095,0.02102215748103573
55.27,0.0880652036455357,0.040164204246554654,0.01770763595175452
55.275,0.10497004765440074,0.03998215535020033,0.02081975692935198
55.28,0.12100649944359534,0.04515832049735834,0.02149702633883713
55.285000000000004,0.11734672542055846,0.03534160420707378,0.02254316906605354
55.29,0.12433999850115887,0.05121575092857987,0.02177410741950188
55.295,0.1158008859892668,0.04661217902054565,0.019289417762453465
55.300000000000004,0.11028659665825237,0.029036243046943792,0.024945910774815266
55.305,0.10269923438489037,0.05427603944743675,0.028027988419767644
55.31,0.11341149048388298,0.04590319942667952,0.02337273058735222
55.315,0.10888633707335957,0.027606827916106122,0.02463805656856466
55.32,0.09185127959562935,0.02953576630166647,0.005150564614394834
55.325,0.10402940210572781,0.01680780129317427,0.02374634736066124
55.33,0.10863206660380519,0.03780364341801606,0.035972604874745
55.335,0.1082723465763437,0.027575027867809458,0.03242164342572913
55.34,0.12604035627036939,0.03005053310600449,0.025248850780545742
55.345,0.10931723858378911,0.020926064223641242,0.03090149029663327
55.35,0.09272914828310627,0.05583133150950026,0.022802728163523737
55.355000000000004,0.10444514754471211,0.024717511189860795,0.003328680246407976
55.36,0.09961795363954681,0.03848900879144998,0.029864786925453066
55.365,0.11033909474383667,0.034081117176175166,0.05206270470987923
55.370000000000005,0.10810182367975314,0.03063242059149567,0.030712498209695217
55.375,0.0932613518395409,0.035155265671100513,0.03243868393964314
55.38,0.09870289134233604,0.03169287752598149,0.04043695014059553
55.385,0.10634535202150655,0.021767649333424427,0.04113981036187642
55.39,0.09640843908935759,0.03358316869011033,0.03035474169976443
55.395,0.11103024425753188,0.026909352628910928,0.02844332317354683
55.4,0.10508422782864124,0.015903157748828535,0.04783491893662134
55.405,0.10002683613462114,0.04119893371858323,0.024960706286284648
55.410000000000004,0.11617399487155015,0.03796998475491706,0.03543911721264063
55.415,0.07664752732336474,0.02631810686965117,0.01630178123639483
55.42,0.09670918983639429,0.035461268790594705,0.04042643177041647
55.425000000000004,0.0977852126594067,0.03984653807348884,0.037989779461080155
55.43,0.09601055592957133,0.05494011137464396,0.028821576172460395
55.435,0.10698739165209592,0.03428479831933173,0.03751233863995008
55.44,0.1091918962339904,0.038681966196449216,0.043110066918151294
55.445,0.1144964965196908,0.030923324519664053,0.03151120165672998
55.45,0.09953723258800365,0.03826131986362931,0.026728419435133644
55.455,0.10140329948163013,0.041731893174500406,0.03731103166335138
55.46,0.09547003359651443,0.03132922458000975,0.013080959652122134
55.465,0.1076906118805192,0.02524352188353629,0.027887832854868084
55.47,0.10621241383278188,0.02945143591259182,0.025847450568546336
55.475,0.09721383285188899,0.0319767249920961,0.028460822282191975
55.480000000000004,0.0845446973690355,0.04574146201759112,0.02444226578066683
55.485,0.10212276982901758,0.02056591200597203,0.024632348210084566
55.49,0.11030770698368719,0.0315477108778857,0.04098083190550382
55.495000000000005,0.1000340825617242,0.032774367154515885,0.020123359638337703
55.5,0.0974250488306974,0.02829582965968954,0.03371872012718541
55.505,0.10923656737079748,0.02407172166036197,0.020327472154685663
55.51,0.10735625300591992,0.023476525306415474,0.01850495788162121
55.515,0.11287848951235394,0.020723953424678494,0.03621305457730666
55.52,0.09888489430206085,0.03461416872918343,0.033054744129226724
55.525,0.10019518887089131,0.014236653117893678,0.03271177160856825
55.53,0.12222366597479875,0.02563857511987662,0.02469211521910253
55.535000000000004,0.11163493510735845,0.019883043133854153,0.02501683194572884
55.54,0.10118882515627196,0.029225610753735032,0.02143555725946714
55.545,0.11531314951256053,0.020077690391154052,0.03688064099996989
55.550000000000004,0.11862136216773866,0.021509617239321772,0.01619616049791108
55.555,0.09893058439757887,0.029188343729708355,0.023377502752337062
55.56,0.11908411734385836,0.02296047522754597,0.03167894337736724
55.565,0.10171801361033568,0.01838587227713786,0.027502025926260106
55.57,0.10257500641596515,0.005577040434552269,0.019507485582508435
55.575,0.10447152042749003,0.007630676779985569,0.011733774712487455
55.58,0.11007052090363348,0.03285267969910914,0.033846606676388814
55.585,0.10807945808832772,0.03707123754510377,0.030108934604643756
55.59,0.08182283831091794,0.028776779755154372,0.026203354450024204
55.595,0.0763871694419123,0.03633777632810109,0.03843130816802974
55.6,0.10287258084695487,0.03141892684455662,0.026666705048124257
55.605000000000004,0.09621458106096414,0.021959045585906604,0.02174377191676619
55.61,0.09078691340873603,0.025871457291587442,0.01833756611154963
55.615,0.10007796922044687,0.023689667522389837,0.013395220904544581
55.620000000000005,0.09148576368873522,0.02399942276948113,0.02129611875008622
55.625,0.06852870453551493,0.03355811414209006,0.011462815110472072
55.63,0.08269859468017875,0.019496492103951282,0.015545598633641834
55.635,0.09769573309107568,0.02376907891661723,0.03234360391513434
55.64,0.09336151155699342,0.02742922687298282,0.026709106372122978
55.645,0.08796184684273821,0.017956156813805635,0.008629505503555478
55.65,0.1107396235248484,0.04532919739470056,0.022167748640930685
55.655,0.11379760941034385,0.011179162325586434,0.012473826218974788
55.660000000000004,0.09862042412100289,0.018644106587234414,0.009706726150121154
55.665,0.11079971757299903,0.011148910986990054,0.020401581901943414
55.67,0.09534702074353801,0.020170631741706996,0.004232883421738856
55.675000000000004,0.09679218377744919,0.015414857364342475,0.015412435507090042
55.68,0.10012666723948598,0.013443851146615074,0.010741994877158783
55.685,0.10738905264121569,0.02556923988650802,0.013814270469013236
55.69,0.09344221003185973,0.039063774517613045,0.014961675055641253
55.695,0.07728886687502666,0.03787356278594177,0.001233029905634734
55.7,0.1010720715282671,0.02757251875385156,0.013543683999867917
55.705,0.10395656794622646,0.016815542532187592,0.040394614332261755
55.71,0.08210616245844288,0.012380174252879666,0.017295773163097945
55.715,0.09857012247770895,0.018894277833418616,0.008922806038387781
55.72,0.08443767510706662,0.014193616278510875,0.018160770412061537
55.725,0.08584062743152052,0.029960586744136534,0.03295824229189022
55.730000000000004,0.09122725059146208,0.02892576705386796,0.020569515366779943
55.735,0.0947510882073921,0.017008399333936157,0.020544061938005592
55.74,0.09333167573090052,0.016115057784362778,0.021373458585183986
55.745000000000005,0.10169572239896073,0.019627969111470953,0.02230225804546684
55.75,0.07833630458549097,0.02818242073568815,0.040219764620468244
55.755,0.1083523613544049,0.020258907767855973,0.012187463389436059
55.76,0.09619506238948344,0.013757944755054449,0.015506747679388866
55.765,0.07843325401071966,0.017751213793256223,0.002508888423795026
55.77,0.0835502737882418,0.011138684164896037,0.022835120284868067
55.775,0.09050732537402399,-0.0008152062438336084,0.009030757627627655
55.78,0.09557460819473079,0.01931114322842735,0.024032142033246624
55.785000000000004,0.09034777744658345,0.0025680631169101714,-0.0036163662030951633
55.79,0.08375981110250495,0.026615055042827542,-0.009712237240915463
55.795,0.09660359261439008,0.017880392821995716,-0.008387074374020908
55.800000000000004,0.10176819177708116,0.004590457980764148,-0.0023930285687886518
55.805,0.08128453870735416,0.020462618674218738,0.013768623686845062
55.81,0.08583090984073848,0.017170124554097537,0.02364989634190639
55.815,0.07237391731834662,0.0356789378482345,0.028082315112778422
55.82,0.0991863447835445,0.03111244377388222,0.026548927270819818
55.825,0.0785497162252568,0.011393425081788238,0.016957502356165145
55.83,0.08946150180915971,0.031438721635600284,0.00390813313385268
55.835,0.06465975801956986,0.0017470598139001613,0.017122616383783915
55.84,0.09089442319492354,0.01774920356055421,0.0029884300755058935
55.845,0.0595811654506862,0.02564354849381507,-0.01067101918347127
55.85,0.06618474570926348,0.01418244453935771,-0.0032977264677174108
55.855000000000004,0.08076983692473721,-0.004390542101690147,0.01209752079834222
55.86,0.08431062135063613,0.00976054521875237,0.012544527060305052
55.865,0.08779358198616795,-0.0014997289181778728,0.009212422179740172
55.870000000000005,0.09037206264432389,0.013442218618062156,0.003519804948024164
55.875,0.0776141600226889,0.013443835455622714,0.011990249219223082
55.88,0.0801919033444333,0.01925899759956497,0.004763224921058332
55.885,0.08193634054029349,0.0033453808211083708,0.016684927660214587
55.89,0.08081451311269922,0.010563538291357966,0.026437833120315796
55.895,0.08290330587019483,0.01043209154686725,-0.004372300664715563
55.9,0.07615737004059009,-0.012330081414170638,-0.012808398224234371
55.905,0.08478167488724736,-0.00011410172693588835,-0.006425783296938981
55.910000000000004,0.07257889298514138,0.012724483824752986,0.016558893544225232
55.915,0.05140377955021273,0.012323858753795977,0.014174231178917591
55.92,0.06623164257200653,0.013336259450060929,0.008707496353154803
55.925000000000004,0.09348411944380378,0.0008661919909383684,0.020009423378064585
55.93,0.0783201062393525,0.01704988520348877,0.0008172941865928623
55.935,0.0893671584763684,0.014128563548866949,0.016661626222047955
55.94,0.08188219369982801,0.014848679934304158,0.02457366101622511
55.945,0.09316417988685906,0.0038868087828804777,0.018210219886114137
55.95,0.07665154780564977,-0.007915313834050258,0.01686976471419265
55.955,0.07030829474975879,0.009307990558076344,0.005349410191542301
55.96,0.08148112597932214,0.009286051260891836,0.0092945148370602
55.965,0.09754754915412123,0.0034714759850422543,0.013905836694890664
55.97,0.0763361372592122,0.02255359437472793,0.009216118458566819
55.975,0.08653735490925431,0.011573351086253389,-0.001636743839176025
55.980000000000004,0.07079113516548534,0.010392177663116196,-0.0006010080405362533
55.985,0.06580628912263958,0.02025701537064356,0.00785575088157614
55.99,0.0492164357173357,0.018496389467548804,0.009400725264841873
55.995000000000005,0.08333307186628044,0.010413765252860528,0.023338134933703014
56.0,0.06489681678443536,0.019247269496932257,0.003181675360678246
56.005,0.06232734304526284,0.019436319448597555,0.001497138371116485
56.01,0.0685575344668332,0.026879939715355544,0.029143596122361407
56.015,0.0683193045551577,0.01112630257697099,0.020829802398564475
56.02,0.07693411069529842,0.013794971553791537,0.03633676333843738
56.025,0.07468914888393582,0.028416632833888067,0.02329001331956907
56.03,0.09778619704371426,0.014327593529035378,0.021810706466793593
56.035000000000004,0.078467583569693,0.023653334448922394,-0.00027552401526066694
56.04,0.08968487041032072,0.031063479393848584,0.01554982399581501
56.045,0.06206172540129862,0.01764909399281274,0.019365290584937488
56.050000000000004,0.08098341989734956,0.02896303524151444,0.03476004875159996
56.055,0.08968477472861085,0.02359074231327718,0.006171875651240274
56.06,0.08466013964234591,0.03989782313529651,0.03526992605217376
56.065,0.06493754006649177,0.012904213130842085,0.02160065053597062
56.07,0.06945825795556856,0.02739379570641693,0.03645280396570595
56.075,0.056209229032205,0.03849732401206061,-0.00624228442913978
56.08,0.08141931548688956,0.023402092079535808,0.029416730217422145
56.085,0.11032641193654337,0.028944364319476404,0.044844398887827354
56.09,0.08589871711269183,0.03204882360425512,-0.006724448936679121
56.095,0.07501977329398107,0.02300799794727914,0.03161290549662461
56.1,0.06785449601631682,0.03328170737173785,0.05321501469219363
56.105000000000004,0.07697685503485228,0.029983577852931674,0.037271661799448644
56.11,0.050217697682830874,0.020782233044213706,0.015029397836325065
56.115,0.08628092457747547,0.03450071787635603,0.015612684534616186
56.120000000000005,0.07296098455507746,0.0445900179336514,0.027442617637892495
56.125,0.09329893669302879,0.04279297075019574,0.010416600712653238
56.13,0.08581385065793244,0.03251941099690603,0.0410304008739514
56.135,0.06574652020199964,0.02771266969055106,0.033427667190533
56.14,0.08194660381296096,0.021825140655731094,0.04160133790461097
56.145,0.05581901109633493,0.0331170728986013,0.02678721990266839
56.15,0.0904180928074639,0.0261557187233539,0.03942276653207058
56.155,0.09118454150191241,0.04771425801327889,0.04910791479579513
56.160000000000004,0.07833399603343862,0.04884607173896201,0.03977230014332882
56.165,0.07059706261212817,0.030847500178880174,0.06018862848138781
56.17,0.06714685961060524,0.0187169943842187,0.032806368906457536
56.175000000000004,0.07015965287271883,0.025105712592263588,0.04071842231362886
56.18,0.06628280336723083,0.024757340231688296,0.04254570620717321
56.185,0.06803777108237534,0.030185895192300152,0.04201811471652794
56.19,0.07126878653102328,0.03275576863476235,0.03872702786046879
56.195,0.0860719242763009,0.02670194477101124,0.03493643857425257
56.2,0.05760673417106482,0.026273648330316764,0.04230243450373244
56.205,0.06318535048426249,0.03869224870100661,0.03437843187396346
56.21,0.08765497636278702,0.018759553008532652,0.01757785770882138
56.215,0.085141536616042,0.046040197964230485,0.027256358331290993
56.22,0.06699132635435623,0.03756912897449571,0.02890281754739707
56.225,0.07765486668647321,0.014093879501580467,0.0309169758191468
56.230000000000004,0.07597847276677933,0.024867687858727595,0.046204263872186305
56.235,0.06708004628450023,0.020575747459310928,0.03146604560402833
56.24,0.07372320843453442,0.043574429213075916,0.03029060909515387
56.245000000000005,0.06251511953619893,0.04254291449414857,0.040276194742980456
56.25,0.06073105573821744,0.03373354235573405,0.024703826972621332
56.255,0.061799765917819716,0.04496916799430053,0.0199002805796858
56.26,0.05270283367808369,0.014588766846710951,0.04132147851250265
56.265,0.06646749221478787,0.031555773264409205,0.03482318864601982
56.27,0.06452444444148606,0.02308269223287327,0.04035719079171435
56.275,0.06575572216854965,0.006732256210840604,0.03617459129035209
56.28,0.06447062447711673,0.013316052097325212,0.022814796747228527
56.285000000000004,0.0519559522274631,0.03277133742955817,0.045285342577523896
56.29,0.06401651412362627,0.03587579576021458,0.01895358654852874
56.295,0.08579155549655393,0.03641329654287,0.024985569845540193
56.300000000000004,0.06971464062076276,0.02516470946404567,0.04377000372699686
56.305,0.07003698996042443,0.03741621022266832,0.047251423506709106
56.31,0.0557466831011443,0.047865956864642775,0.03908056121470451
56.315,0.07740766118059367,0.029506362196364155,0.030165224420121466
56.32,0.07481369186493236,0.017158283966426158,0.03023205403188976
56.325,0.06704215220821866,0.022601357874319876,0.03906308197739826
56.33,0.05114740014075848,0.022850013029046365,0.033453928089902794
56.335,0.06283064503508842,0.01826061937604614,0.02636697244851204
56.34,0.07299762257507053,0.04915446593590621,0.032280913259172386
56.345,0.050015399951972336,0.027856183056336442,0.022876513041558834
56.35,0.04750261838167893,0.027132711245774536,0.022494419503624748
56.355000000000004,0.050954939325852586,0.02147548237976935,0.041809893684071855
56.36,0.04098698841002893,0.02294330386956759,0.02238755213801411
56.365,0.04490963769299016,0.04233876954934682,0.016700030510398544
56.370000000000005,0.05911728962874155,0.009730687071498644,0.026718487332130843
56.375,0.047525427963132576,0.027432843677807402,0.010095702343575564
56.38,0.06792182778287638,0.02113612769957698,0.020836777716640324
56.385,0.06390731355584514,0.027835775356397436,0.023378107445835405
56.39,0.04785973700194541,0.017927648210685,0.04200673058613212
56.395,0.049289799578576085,0.022071862373528123,0.04046000413755859
56.4,0.06348264245808584,0.018435526808595153,0.04130586707074825
56.405,0.06770776964642483,0.03011432600575759,0.031520700565638625
56.410000000000004,0.05846774577043252,0.035448404919135056,0.02981991277916638
56.415,0.052282128165328824,0.03556344651422444,0.015630233668839193
56.42,0.06228982090186264,0.018329752997642976,0.04170664180270642
56.425000000000004,0.06942115614602273,0.04287186973095927,0.021436861964075366
56.43,0.06111338837278442,0.02099820396759414,0.018370166835528466
56.435,0.05976689912153711,0.020705591894832995,0.02077175304603935
56.44,0.05462538683760446,0.018255044989832863,0.01789422159790081
56.445,0.06608974514775208,0.029166739755020866,0.026579691950397433
56.45,0.059447519521730614,0.020930546273936493,0.028771607929557158
56.455,0.049569778580538376,0.02481677141655536,0.03854802267851988
56.46,0.06330848174777931,0.03984379219383296,0.014025867785322981
56.465,0.06159112965670965,0.03237155798611284,0.03520054370629749
56.47,0.04618096723505282,0.01893926902830893,0.04244381235577099
56.475,0.061315534130595234,0.017330534224188905,0.031312678045240495
56.480000000000004,0.06959812442924786,0.02940539822280991,0.0177348738265585
56.485,0.05964200050282982,0.017061375946689213,0.02479460500213146
56.49,0.04271893508406678,0.026522956518892315,0.021815134777586804
56.495000000000005,0.0755246992014035,0.03140868282441514,0.012780659740894332
56.5,0.050232804751342994,0.025177510315921046,0.04950124788107273
56.505,0.0641728319261989,0.010459782197724206,0.041871008788425076
56.51,0.05910792542323786,0.03123236187280287,0.017776071560764422
56.515,0.04172428966584415,0.02439915042935028,0.03224943753460531
56.52,0.05569514667207293,0.021789326413844526,0.022592469414900777
56.525,0.06285076357827109,0.032986918970620324,0.0014605220509127104
56.53,0.07510099676645848,0.029404374313428874,0.043954911312063874
56.535000000000004,0.05652665207016145,0.02879226133504053,0.020957371426284448
56.54,0.06848519843398679,0.01891509322097753,0.03571759872683884
56.545,0.06565738248794509,0.021013532560645642,0.006867898208990869
56.550000000000004,0.055721620001569994,0.04453920617003855,0.02829708268975801
56.555,0.03950369795796636,0.028654929188475668,0.013686529355613174
56.56,0.07256449724295008,0.03935660220712476,0.03422221767570534
56.565,0.0598764980954634,0.03557506028688742,0.015358068800611763
56.57,0.05786837751589015,0.008584825336409503,0.017764985652685812
56.575,0.07323455697186236,0.02329554133021795,0.017639245064753388
56.58,0.05634745432253336,0.024996157112226212,0.023173393578601875
56.585,0.07911890683275652,0.02500491288145775,0.03584875749107973
56.59,0.05599343456630221,0.02949035455819028,0.04063549320816852
56.595,0.06896052750521905,0.02248994366864991,0.014552493181992032
56.6,0.04805849186556302,0.020946812181230144,0.028521672273730418
56.605000000000004,0.058001894814335084,0.01970621442128176,0.0217151100401053
56.61,0.06959119094658428,0.029559628036999346,0.029940873309154466
56.615,0.05396392034402257,0.01979503838267367,0.021124835425271427
56.620000000000005,0.052636314099284,0.018715709161291595,0.016919630172925797
56.625,0.06667760112170566,0.017395552148497945,0.0433687046603108
56.63,0.058064514657499865,0.025602684083573468,0.023537248376666705
56.635,0.07160627178499054,0.041572973165060055,0.02557664548477223
56.64,0.04734340916378642,0.03076638373131268,0.02676373297195514
56.645,0.05535119932822389,0.022772071343737495,0.014748022598467622
56.65,0.051152961697046376,0.021007259742340918,0.021077384253431725
56.655,0.05961094443147094,0.013325609291674985,0.014676248709531586
56.660000000000004,0.07608620482957705,0.020562478176283268,0.01647758996972055
56.665,0.07380577596078185,0.025916819998400266,0.019762212106860744
56.67,0.04388834863795265,0.008368423390185158,0.032602714056914645
56.675000000000004,0.05942825312757121,0.03664970647233447,0.005017161024315162
56.68,0.050251016759739475,0.031889825424527604,0.018059644661668445
56.685,0.06500806381613902,0.026812552208079668,0.02656903261765358
56.69,0.05515430253563203,0.02544404534454492,0.0194529708413204
56.695,0.04753548911370169,0.029861542454572763,0.007671570974381442
56.7,0.0704135909700519,0.04587514972937239,0.006826461698171111
56.705,0.0472932492044297,0.03641288881533895,0.014112008578492707
56.71,0.058339292765669556,0.02360264288489533,0.025591239633816133
56.715,0.07017173575083792,0.03674415661941366,0.006121807358010257
56.72,0.07328212760816567,0.018591003575111543,0.029136594480649692
56.725,0.04609602816059146,0.022690336854747944,0.024797896216100946
56.730000000000004,0.06540385626869162,0.02662222087904309,-0.00011845764299149748
56.735,0.045896052050150134,0.044084998287643604,0.01291465816368526
56.74,0.041757383031496675,0.014536511725086628,0.017879567851720422
56.745000000000005,0.06025580637712344,0.025889419369509722,-0.0010966792603700846
56.75,0.059616542000484204,0.022594150505413954,0.011725572966431067
56.755,0.07257101568387501,0.009818958697783578,0.010436192763814307
56.76,0.04618474897953494,0.014048257709130155,0.019257492233846887
56.765,0.07014195552261833,0.03193162987202294,0.01917349672925478
56.77,0.04860752479348947,0.031205297712340756,0.02119599467554948
56.775,0.05090518457135257,0.04765116329629645,0.009568049827964888
56.78,0.05248149186733658,0.039047906580134906,0.004842399443371576
56.785000000000004,0.035660733758709096,0.01906907679234393,-0.012084731037108516
56.79,0.05852237144659231,0.042645803230662825,-0.009659194426050437
56.795,0.06983859397092324,0.021837715100160603,0.0017062604151143021
56.800000000000004,0.052046263500290964,0.013313103837136332,0.014590600364545719
56.805,0.05347931486463661,0.02840485942402477,0.026284809042644432
56.81,0.06398431840844129,0.024113820902262446,0.0027252720263715715
56.815,0.05753136568994402,0.04446775508072925,0.020123867857988545
56.82,0.03487664809443045,0.03440510054849932,0.02435644132879611
56.825,0.06460506543257608,0.03247275894820844,0.0035201975820987057
56.83,0.06694440589759158,0.027610738598348825,0.007271524563468154
56.835,0.0764165052256973,0.031409682490062193,0.006266086257274382
56.84,0.08328991294702147,0.03611016605067301,-0.006723229327909423
56.845,0.06448564363156682,0.0459534595099849,0.01569667432549303
56.85,0.06762552455177148,0.044205035586813934,0.005802122152926464
56.855000000000004,0.06925330643256535,0.03265168140413796,0.02263415985697316
56.86,0.063617063208606,0.033158125526916715,-0.006989290225792657
56.865,0.06508426893067283,0.048545262420676714,0.0015000267564443956
56.870000000000005,0.059848029528094385,0.02577823934190515,0.01956696000796982
56.875,0.05743400330587817,0.018453403289884505,0.024994459261835467
56.88,0.040321671323783975,0.02745931792884275,-0.009225405747950647
56.885,0.054446848617537326,0.03151545797761515,0.009538111294237674
56.89,0.07884763079642143,0.03957088749846278,0.013459227526867717
56.895,0.07138781809873039,0.03109927529756218,0.019300789761445683
56.9,0.07588484668610006,0.04275038088418322,0.02451578405222149
56.905,0.059099577926816006,0.05100837576043068,0.011358902848151156
56.910000000000004,0.06195892215898678,0.04012774384111949,0.0215302789804254
56.915,0.061220469596195884,0.03822502132008211,0.025699080137838143
56.92,0.06554056832712296,0.039851102522547255,0.014311849284194926
56.925000000000004,0.08578885324036296,0.03940358470226707,0.017780846806520558
56.93,0.05749722711889412,0.06020617112830146,0.02359444330796605
56.935,0.06063547396530669,0.04743983239901966,0.02738290006238282
56.94,0.06291389841581824,0.04667522386179571,0.018217148195374372
56.945,0.07637209959079963,0.04250881706864087,0.0044627809981056775
56.95,0.06255583580668424,0.04667526967668158,0.030571680239641612
56.955,0.053758562449924975,0.0340967859624895,0.03314258742736248
56.96,0.07434086297941798,0.03704890752829862,0.003987632070345468
56.965,0.0576006631120743,0.04902037327160157,0.040317378079318344
56.97,0.06957998472201331,0.038542358172077434,0.031077480470351318
56.975,0.05672010748889931,0.05004775448950314,0.024939535281522405
56.980000000000004,0.059837278289640014,0.04820103441203863,0.0306626378250289
56.985,0.07610046876893883,0.025530511341228853,0.005334592315340397
56.99,0.06823884067784916,0.04942905715819154,0.025031909815417752
56.995000000000005,0.07314525182202233,0.03391233611710756,0.022852900215425388
57.0,0.04999058423068255,0.05719875959876208,0.020977147299930894
57.005,0.06798594400051604,0.04071845891380544,0.038347375595403965
57.01,0.05836923430336842,0.039443928823943056,0.015548592509339917
57.015,0.06718628338203866,0.06352197571395903,0.014087401943157314
57.02,0.07103424322114375,0.04107245554767812,0.03187871500310868
57.025,0.07958213234102084,0.03497760437113051,0.019729245293975597
57.03,0.0818097082875913,0.05154367240044331,0.02228587510479595
57.035000000000004,0.07544934463986516,0.0418418365329242,0.01108713031954303
57.04,0.06706915395513952,0.03645173569637954,0.010507049521283523
57.045,0.07858470561725191,0.06136868469387762,0.030959495268445984
57.050000000000004,0.06533183672200135,0.04371529178135692,0.010001573596040666
57.055,0.08267817133552581,0.013313324846696846,-0.003801219505965271
57.06,0.06775825052481697,0.0529870229394183,0.03091918377960851
57.065,0.057686684361302636,0.05461508887061442,0.008667656577337961
57.07,0.05462035814177897,0.031000716360457307,0.019210640065623088
57.075,0.07358240931878185,0.04196940706952168,0.005815009927163758
57.08,0.07567481923611018,0.036239254375246305,0.016410352692373422
57.085,0.07767636736906171,0.04711494610413003,0.012357100764203396
57.09,0.08311561915794904,0.04416450065558847,0.014135185608043745
57.095,0.06662977927290373,0.032234931062036606,0.0157545280582269
57.1,0.05066778086644434,0.0373711724730874,0.01655858392777506
57.105000000000004,0.05500575802198891,0.03564913161530894,0.003924481156053447
57.11,0.0550954955567234,0.03311756636408859,0.03566626435906777
57.115,0.07387433574019658,0.03990129243339963,0.0011391094612455354
57.120000000000005,0.0654488476927422,0.031036492307445703,0.0031682810703481893
57.125,0.06999040366385025,0.04275898598018175,0.01887660216703673
57.13,0.06919990703083137,0.04049356245726701,0.006493849066055359
57.135,0.0635200436091166,0.04018745247796542,0.04107941670380639
57.14,0.07307031811671898,0.03251027193373559,0.00830504670049898
57.145,0.06693999382077574,0.015526730976445528,0.01861126438440328
57.15,0.06705469959484231,0.03711085697484418,0.027832546978285903
57.155,0.07505904104968153,0.026388812751972315,-0.016063812326618326
57.160000000000004,0.07319997011532475,0.03882047306015546,0.00038566633939373166
57.165,0.0651945230799314,0.027611156432717027,0.00016207414429515905
57.17,0.061289572740633465,0.03161707488245141,-0.0074453825670002735
57.175000000000004,0.07215769029579862,0.019019158006387364,0.0057874445595903976
57.18,0.07255641229291712,0.032511245612980195,0.021442625650283025
57.185,0.04605391745368713,0.027591974514494605,0.020178498800573742
57.19,0.06874280057339528,0.04246310116356588,0.021503877361332968
57.195,0.08567451453006768,0.044057594719437904,-0.0055809609358026206
57.2,0.07029835749270227,0.035302503546462756,-0.002613302338855767
57.205,0.07034309436134889,0.03757853169014931,0.013510492658789569
57.21,0.06305253098759017,0.028893361087055754,0.005400289897639912
57.215,0.06506597199206848,0.021145558014396784,0.014704082225747869
57.22,0.07870962121774575,0.034206417731144106,0.002077307993825621
57.225,0.07814000099684765,0.00892791371038779,0.002616852709618158
57.230000000000004,0.053521185279126936,0.03483192192273828,-0.002604936532356908
57.235,0.07276001353482918,0.00603568537048087,0.00284151194624252
57.24,0.06936419772865478,0.016969420194197768,0.015179404333135263
57.245000000000005,0.054538444643030065,0.03352676978089513,-0.0011456517528102817
57.25,0.05767040959369788,0.01015712636383418,0.006015155164973047
57.255,0.0618886562472743,0.010127871542813622,-0.002993730122824335
57.26,0.08101721589471027,0.02686816915794811,0.0006070821818583028
57.265,0.048684878342815686,0.015953718370691018,0.014285998220030651
57.27,0.05839266726665517,0.019331080216736664,-0.011910289737166253
57.275,0.079685677237892,0.014042589387231335,0.0030816418064548343
57.28,0.06959319872658266,0.0037213645172467728,-0.019789786313365646
57.285000000000004,0.06463163398675682,0.013024050660786999,0.0063242187758308175
57.29,0.0662037081735177,0.013104012695876709,-0.01709851372132591
57.295,0.06785290488156112,0.003922557987240051,-0.012566546014743184
57.300000000000004,0.06905656471718448,-0.00015034719686610968,0.02006329931922669
57.305,0.0857545454588546,0.028665761220810913,0.0046238370131313515
57.31,0.05671678036351703,0.007195415867737714,-0.0189079730031151
57.315,0.06737050486089925,-0.003450118851234232,0.0012868601171137587
57.32,0.07011910571870031,0.0036070070320807735,0.006946276567582913
57.325,0.06871837645540468,0.0094364077414232,0.00872718401830714
57.33,0.06571502746036818,0.016600825226213856,-0.008008964075554736
57.335,0.08390197758135398,0.004060543997334542,-0.001096544138895394
57.34,0.0786380596081235,0.029901969541217828,0.001712278347043585
57.345,0.07359084955306068,-0.0003900297312054539,0.002551033118703232
57.35,0.07564056308005285,0.019620333615738055,-0.009325093127289557
57.355000000000004,0.07476516902644538,0.03416708954397651,0.032871801760226776
57.36,0.07838044428265804,0.02603656395121592,0.011303770185957098
57.365,0.06842416385474734,0.007852382501732728,0.0006645289555351234
57.370000000000005,0.0954975831993298,0.007550529608798381,0.020472839984745084
57.375,0.07766497046470909,0.017754333468540565,0.020770298213753795
57.38,0.06854847155224722,0.018678633462528713,-0.00020673202174318651
57.385,0.07963843490229856,0.019075389403088578,0.013530823127703475
57.39,0.08133260550219072,0.011573912950311467,-0.01365073378985985
57.395,0.07573707161496372,0.03202272072771247,0.012300826568532042
57.4,0.07926767897757657,0.023042030085264946,-0.002060435859473863
57.405,0.07393075105645991,0.016932442588503394,-0.0013915351166174303
57.410000000000004,0.06752764153828607,0.024961448235937184,0.01764736123757648
57.415,0.06276937750822822,0.02050428901023724,0.002760729910807231
57.42,0.059672522291832515,0.02303724022104654,0.004202009548996825
57.425000000000004,0.0602502084538624,0.021047793364570896,-0.007882907384321278
57.43,0.07074694526027096,0.01355852526321465,0.020113060934763432
57.435,0.09764984532566418,0.018826195190932857,-0.00799440499713267
57.44,0.06949000738301046,0.013379461227227309,-0.00810205618677473
57.445,0.07842573843642188,0.00587928660952162,-0.00483345807481707
57.45,0.0854075611206967,0.020433308051230857,0.0018465212756989674
57.455,0.08501776069143772,0.02251129845654736,-0.02879527825325693
57.46,0.05154365541549014,0.027344316552299606,0.004053395816080989
57.465,0.06742261971075215,0.035089089382181166,-0.004412226202950974
57.47,0.08174059251225808,0.026485292773768116,0.015001284537129244
57.475,0.07245890095020754,0.010881505454066149,-0.007278769009526223
57.480000000000004,0.07567541347697948,0.0015939525507911107,-0.009079542676141267
57.485,0.05932656836844998,0.023074434844706223,-0.011821230978929807
57.49,0.061542989964189936,0.0277036042497413,0.0018679768119507735
57.495000000000005,0.08928307331618629,0.011819852845417162,-0.004726582230913327
57.5,0.07903243182149597,0.023901320593277556,-0.013076663241928823
57.505,0.07625437693273072,0.012907999047483463,-0.003482541967571624
57.51,0.06986602633913185,0.017668361524376522,0.004060775048391225
57.515,0.09144602372559266,0.006456634466288388,0.004938648987422324
57.52,0.05666906900617204,0.027255380787102778,-0.008885364672020803
57.525,0.08259120263175121,0.017061128810492317,-0.008813047472878581
57.53,0.09128217209010679,0.011685962913925775,-0.007274204157160234
57.535000000000004,0.07822005465927089,0.03631392116371074,0.013207048624494388
57.54,0.07086276906182393,0.03908801786392212,-0.00404155685744776
57.545,0.0844815921363308,0.01262850845711954,-0.00905980591634281
57.550000000000004,0.08715822384100953,0.02949271247786297,0.0021984940112583827
57.555,0.07559849135042372,0.016433613205798846,-0.00023137360732010046
57.56,0.07972334652716821,0.02581405951933394,-0.004205884704818048
57.565,0.09995187339227768,0.02228210684972199,0.00023095490483277664
57.57,0.08814983607816013,0.03308038751575892,0.007710257867678933
57.575,0.06945474015633345,0.004697121959055057,0.018124859653329096
57.58,0.062296055808913696,0.02497931808029794,0.00468874153535807
57.585,0.08312761323558385,0.014672627861592253,0.01149285707162008
57.59,0.08645616990470516,0.024181934783151608,0.0006964435901695171
57.595,0.06384100815926791,0.025708350381970266,-0.018353330640498787
57.6,0.07841795471114875,0.012461415786580617,0.008063470411523508
57.605000000000004,0.09081352929831912,0.01756222726396806,0.013743448542595633
57.61,0.08748055837701173,0.008134179214861759,0.013218716537845615
57.615,0.06199942100546174,0.016527958395768788,0.018072893701448805
57.620000000000005,0.07066696476003168,0.02277466440946142,-0.007050167551229341
57.625,0.06470099417878507,0.020955986686633885,0.003093234230386005
57.63,0.07578636106345314,0.0052784941024372626,0.007256695732111765
57.635,0.10074315171866603,0.02877403665134,0.003137946112298634
57.64,0.08323334079979113,0.006317466516357844,-0.0012065765960037958
57.645,0.086443435364948,0.019106419285099437,-0.008909248963223574
57.65,0.07632336651635353,-0.004715282204245284,0.0002348438469185251
57.655,0.07702289755594285,0.015509008008217754,-0.016518200900393458
57.660000000000004,0.0737917721051469,0.02443048639710532,0.004789347257708035
57.665,0.07431187800866056,0.014140870687226434,0.001446260773457329
57.67,0.0771232963752869,0.019002872229736522,-0.003008258851209096
57.675000000000004,0.06978962885567831,0.021027951290238576,-0.006595813395539557
57.68,0.07757338791202942,0.02214622565899945,0.01754642195166179
57.685,0.09657151835527442,0.02225217779639626,-0.004379239023571367
57.69,0.07086075984496112,0.014083599815489768,-0.002187727209226795
57.695,0.07416063690540342,0.018925771701666528,0.004728848809984159
57.7,0.076114426893019,-0.00364770100102975,-0.005956824036549793
57.705,0.0868788065810365,0.011292131481565288,-0.014112895198377363
57.71,0.0814809337330413,0.019330063234126824,0.0020632867992622693
57.715,0.09432577343986691,0.022701570892151374,-0.006214877609134695
57.72,0.0895877487616732,-0.010358033743661567,0.010601827855134843
57.725,0.10486346967969379,0.03199765692425559,-0.010611735154960798
57.730000000000004,0.08043994542016075,0.02497442740632992,0.002684348813073289
57.735,0.10054788476772569,0.03483149083931735,-0.005766283323028887
57.74,0.08552330285437239,0.023963404431310783,0.009459090197287676
57.745000000000005,0.09109757682637747,0.009085266699717381,0.004312129512636772
57.75,0.07461644407939111,0.026174102725445087,-0.011505193535096506
57.755,0.07384395381586936,0.012879373481224792,0.011250070731780689
57.76,0.0932557188720468,0.016818771431094424,-0.0018519239041810019
57.765,0.1001430324820497,0.035610561367039065,-0.003208629451963224
57.77,0.07425867959585153,0.0288405477395623,-0.022912495834951554
57.775,0.0963585746393267,0.021619009837518688,-0.004312713269167805
57.78,0.08575638092113869,0.019502873411421373,-0.001534969319854784
57.785000000000004,0.093480965285235,0.020082313226040555,-0.02269515508447496
57.79,0.08566341002784955,0.03571285848945292,0.005366359294882031
57.795,0.09533226153535558,0.034627987126595094,-0.008342145174046935
57.800000000000004,0.09090170285507802,-0.002485849514795569,-0.019688465491530083
57.805,0.09208150056649239,0.00903477772975168,-0.0006740375000251356
57.81,0.07220766201295525,0.03410657925412527,-0.0063323465729339164
57.815,0.08875473485766963,0.020666062766144883,-0.003140160815322957
57.82,0.09820817927836312,0.01203627892127898,-0.006901847976634523
57.825,0.08814707787287593,0.017951766501077396,0.006279407256313657
57.83,0.09564831662164823,0.015792745580253068,-0.017274261928020212
57.835,0.0994367049113975,0.01868198426514823,-0.014839598683882974
57.84,0.08916513800400303,0.013871110293095304,-0.015404520702777329
57.845,0.07616876134328142,0.033754767340866805,-0.017152023124837226
57.85,0.1013001708280385,0.013812156411335945,-0.024195595351564392
57.855000000000004,0.07252348129370945,-0.0028835243075247758,-0.007934178796776856
57.86,0.08775938827869043,0.020726170605538476,0.0002131592534773205
57.865,0.07950306812719551,0.027554369170681648,-0.028511149206753107
57.870000000000005,0.06484073631970586,0.027536637989646413,0.00034467755027365384
57.875,0.07433170018994428,0.05795729839049327,-0.017526336611032214
57.88,0.09592453174345426,0.0186646358367926,-0.02357199326533454
57.885,0.08592386344003032,0.03192431556247079,-0.004329586439601227
57.89,0.0772370265817737,0.02613003274570315,0.003926864578135305
57.895,0.07301795551988927,-0.002339059616801486,0.008371111428725911
57.9,0.08184849450114316,0.03471391140552145,-0.01025262398599094
57.905,0.09490386448287631,0.0016271121862412386,-0.0012261685671363307
57.910000000000004,0.08412682635708309,0.04899388613354429,-0.012703248278907245
57.915,0.07752763175116721,0.01328080629864779,-0.02508072006408711
57.92,0.08533312697299744,0.018486629716209478,-0.007623716165060776
57.925000000000004,0.07932043336632891,0.02590572176834273,-0.01821814261231536
57.93,0.0662440567706213,0.0038983735663648492,-0.016816789496585674
57.935,0.08350420267996717,-0.0024017456606449878,-0.014467090898461973
57.94,0.0728354469744612,0.029889181360727195,-0.010513098772217469
57.945,0.08529670464782764,0.00763031159902963,-0.00699173868537319
57.95,0.055662636307542854,0.028425726136696347,-0.022391467594892536
57.955,0.06019452644942381,-0.0034590917071523255,-0.026350926772627334
57.96,0.06799062536725392,0.03374162349412339,-0.026085800413591886
57.965,0.06296429746004176,0.006407110423507494,-0.024710559183765725
57.97,0.07018186137393292,0.02606469709875652,-0.011827623064329312
57.975,0.07400642645096282,0.010922237051694542,-0.04437835172238784
57.980000000000004,0.0849246435391619,0.00843057602148432,-0.0271919409021151
57.985,0.09377122824926327,-0.0016486443413605313,-0.01303057856057395
57.99,0.0839320378592606,0.007927093873389732,-0.037790703216186716
57.995000000000005,0.09246458470956251,0.01518484189773914,-0.0212895596268953
58.0,0.08740505336971993,0.00819709419434104,-0.019018862893116543
58.005,0.08811243212417257,0.021370842357390778,-0.027686191868059186
58.01,0.08455650673020662,0.012314092904896752,-0.012059087554290944
58.015,0.06121575467759105,0.02876031592545679,-0.015514207401758351
58.02,0.05814651232150962,0.021670862853464472,-0.023777404188606768
58.025,0.057403386634010165,0.030186358836617456,-0.005967246727292149
58.03,0.057858486710485706,-0.0020813633551242028,-0.026924467702832376
58.035000000000004,0.06297955805761662,-0.0013721242848105705,-0.01162955907840241
58.04,0.0638116817902736,0.014371342940912135,-0.003912704160593763
58.045,0.07393399749706257,0.0012031781316757311,-0.009790490703598734
58.050000000000004,0.0788117731518037,0.026168922299562778,-0.02505212495215045
58.055,0.06297186112140082,0.003099669192358026,-0.0062133783565507215
58.06,0.08502862615472387,0.024758641200319075,-0.020080050081853484
58.065,0.09407453158634321,0.00041000497708255663,-0.035827539593137406
58.07,0.08904923454159747,0.014614856078108186,-0.021520189910572616
58.075,0.08037921908825306,0.0002546336537291652,-0.011409412770655925
58.08,0.09433458830963298,0.006850090035003031,-0.0003920319998261283
58.085,0.08092505931383379,0.0016195247430153088,-0.009162148054246767
58.09,0.07271935520932761,-0.00204263188217045,-0.021116998614486123
58.095,0.07332006454154268,0.009483828943436136,-0.013831495143898198
58.1,0.07260748813444942,0.0029362055581379385,-0.02407112634933552
58.105000000000004,0.09584724675759052,0.006269692500981092,-0.022357501736521193
58.11,0.08629149171273269,0.0024480307691662137,0.002766158997110399
58.115,0.06993171834084791,0.0038915154291115413,0.003135842866478847
58.120000000000005,0.09823452790219775,0.023233011325498425,-0.00938297402523516
58.125,0.09428698371276512,0.00471624199442197,-0.019098313770653137
58.13,0.0904553780533355,0.03322927090238999,-0.009436630203658144
58.135,0.0938210752682529,0.015753056432521746,-0.013088256061685427
58.14,0.09077220574375097,0.012518640446490165,-0.006625381006140641
58.145,0.08399828465696259,0.015018578821683441,-0.0030159207776760755
58.15,0.07852085492206655,0.023029186859324657,-0.014781160508201194
58.155,0.09428443109013285,0.02290519983257626,0.011295604123684579
58.160000000000004,0.08109283690456301,0.016775958568313473,-0.004588984811939718
58.165,0.07553432452042153,0.01847594708457819,0.005598432616351499
58.17,0.10127386909690514,0.00388481024582547,0.003131631613134167
58.175000000000004,0.07768441428298499,0.015188134631610156,-0.014210019657125756
58.18,0.08570025755300098,0.028652543840818695,-0.016866447362782682
58.185,0.1027547507398376,0.013909308759411121,-0.0035826879394537372
58.19,0.08673020935795368,0.031829010041506,0.03256682855849127
58.195,0.07799364965593351,0.020483469029574982,-0.010565311093326658
58.2,0.09898056363503907,0.013781311728573765,-0.017576277939656257
58.205,0.08960318089785504,0.01866293019529807,0.00031820962273419176
58.21,0.11967364968767162,0.007355073144116277,-0.020581875868360563
58.215,0.08707186645208707,0.011127526683956723,-0.012137773599727395
58.22,0.09564596678590477,-0.0022375830691117107,-0.012646690111612312
58.225,0.10808644312844387,0.01030047050667119,0.0022099565023837664
58.230000000000004,0.08550041882085271,0.02711352837216391,-0.006080587177442193
58.235,0.08716281490713024,0.013773092158864018,0.002471085274835296
58.24,0.10365508369859447,0.03632282170150758,0.006102801250119823
58.245000000000005,0.10010444313701464,0.020177699357674557,0.010368851916983533
58.25,0.08345402691386321,0.033678959288697116,0.00450423345894656
58.255,0.10044745655241134,0.030405798172506892,-0.004297938541518184
58.26,0.10632270029617721,0.02094511936848395,0.01349366541203214
58.265,0.09821019472426096,0.025734866004918852,-0.01741404598215903
58.27,0.10030364436059154,0.018175119270433603,0.013005355038826914
58.275,0.0814812406294659,0.02907574774711512,0.017772338672113447
58.28,0.08870509253869359,0.003465823762855584,0.01109183533610543
58.285000000000004,0.10159207405469586,0.018723316663014848,0.014271650079296653
58.29,0.10018052024898605,0.017230955421764102,-0.003165893475615333
58.295,0.0873234092236384,0.013543474125079757,0.006566151822688209
58.300000000000004,0.09520558043249477,0.02226298543628108,0.006700110865388594
58.305,0.10058654673960889,0.009426107704078857,-0.00962550316758557
58.31,0.09611286177626771,0.027868000481747757,0.005007755022504865
58.315,0.09765357308609206,0.019917857259048988,-0.006762654549248707
58.32,0.09988519676915775,0.013261329104612612,-0.004758307617339037
58.325,0.1182815754132089,0.018936051086104716,-0.00599114019650282
58.33,0.0972331460245823,-0.002444811255805623,-0.0032589962985217513
58.335,0.1172328115205357,0.03501617355362402,-0.00817900366958276
58.34,0.09653297355602714,0.020346592196832804,-0.0004711448869975832
58.345,0.11349092611349663,0.03786386830922736,0.002565848098174355
58.35,0.09937288074663553,0.02275775768543149,0.011011616266827035
58.355000000000004,0.10018033789688212,0.034640787667399156,0.004646878271783825
58.36,0.10847452102947432,0.010909730513670793,-0.0023562764910471283
58.365,0.08728490760680417,0.002908184388188432,-0.013213678292316035
58.370000000000005,0.11352312534878352,0.006901249477027369,0.010205971202866832
58.375,0.10292153910755222,0.01826060048900209,-0.023534502066832157
58.38,0.09751154901167544,0.01592793066867279,0.015114804497931105
58.385,0.1071870201919054,0.009315014730103823,0.00010370472041273081
58.39,0.0942537110900552,0.026962349685346845,0.001669096654090887
58.395,0.10097428951520247,0.028087643961293964,0.0175795772548189
58.4,0.10149169864113089,0.01005356949075847,0.0009556330801047449
58.405,0.09947705896853161,0.008661084891506814,-0.015995073145915605
58.410000000000004,0.10060566793267421,0.007061489446285923,-0.012801392937666184
58.415,0.08354020158082966,0.015768672634772694,-0.007847583522949567
58.42,0.08971261860533514,0.026917865689875826,-0.015385361550916556
58.425000000000004,0.11429147255610991,0.014426596633266005,-0.012965754612629173
58.43,0.08350339308966236,0.022887334216166857,-0.021867437920075818
58.435,0.10088853976051179,0.023628196566971266,0.0037894145737447787
58.44,0.09418105252316693,0.00961806924279265,-0.027389764632372304
58.445,0.07431207798033232,0.02541105438986806,-0.006806495212894598
58.45,0.0999848973655941,0.029210526625552593,-0.014547119897450231
58.455,0.09547483777113289,0.029886205445261944,-0.0013520757730791574
58.46,0.09482720778436177,0.024929829346026514,-0.002811257072459652
58.465,0.07063887068776258,0.03459104981047639,-3.7325940453192263e-06
58.47,0.10016140591068805,0.023614152559562642,-0.018353811531461706
58.475,0.10762748316231642,0.017993545835389667,0.012418121400001779
58.480000000000004,0.09854551272859163,0.013687483358549404,-0.004785341834314592
58.485,0.08793081587709446,0.012100743550528995,-0.001028101587571927
58.49,0.0840910812956861,0.020481090048623394,-0.018406495133242665
58.495000000000005,0.08478682118207177,0.04400718468993706,-0.0025773741170348145
58.5,0.09002189791522722,0.013901165654258894,-0.005586041299750215
58.505,0.10233342916041775,0.0178961238853685,-0.023373716045918213
58.51,0.09377197431315268,0.013623289848618055,0.0052326894145116425
58.515,0.10877029970125478,0.014134293595088259,-0.007124412809236784
58.52,0.09382927377792406,0.018587110433603428,-0.0010670350073214356
58.525,0.10269115689536784,0.01879335393940253,-0.004167447557967968
58.53,0.11356859084759252,0.04233557684302819,0.013249239673444822
58.535000000000004,0.10160086279217022,0.021240866086734714,0.011346670913541534
58.54,0.10283437245974256,0.013648837451152732,-0.0031157213923114204
58.545,0.08775558409674486,0.007096915958139213,0.0018794714743927306
58.550000000000004,0.0666903919600245,0.02234233778260384,0.0007026261451466961
58.555,0.08481179687038806,-0.0006446282645774046,0.009861204791142953
58.56,0.09263532727730152,0.02675359257829176,0.011610154818488547
58.565,0.08077976551593187,0.008802562564701412,-0.023621364455909736
58.57,0.09878406965747462,0.01839576337371172,-6.950908129949843e-05
58.575,0.08436670030016785,0.011289441667394423,0.002602032656167487
58.58,0.0905367484252118,0.03576288857555196,-0.00627306628848496
58.585,0.09662760509931495,0.009570170830567014,-0.004717322692418731
58.59,0.08676883351939228,0.03464053654252043,-0.015783578884260484
58.595,0.08723272709320906,0.028618983835168216,-0.011969381741222564
58.6,0.07787256759112111,0.016875245867195052,-0.02133757198005893
58.605000000000004,0.08836636832211597,0.04464306455855184,-0.011744073172997329
58.61,0.09248612444376686,0.03437727251657111,-0.003524866415880557
58.615,0.10165315162203334,0.0008349340689449512,-0.013134436518438293
58.620000000000005,0.09272226873482968,0.01907204564350484,-0.02132206231848824
58.625,0.09452317219597489,0.021759683434519353,0.005263663642748102
58.63,0.09806296775759543,0.024311174106971613,-0.012545545768153664
58.635,0.10792200665438915,0.02026639930107077,-0.017264280221887068
58.64,0.08876527528797255,0.03457231820548912,-0.01847372453232334
58.645,0.08737231495291468,0.02929857439414834,-0.007356203964931328
58.65,0.10073779711262362,0.01448004861365907,-0.0290796587521435
58.655,0.0944897938009108,0.053285508485694015,-0.0051701053237326695
58.660000000000004,0.09614608580304905,0.021861926185753923,-0.0027390028512476955
58.665,0.09448154897911706,0.03385386850151218,-0.014788095312852313
58.67,0.09986078255855589,0.03680515517137124,-0.01521754175157514
58.675000000000004,0.10370358167641487,0.027379094944393206,-0.013844230539817242
58.68,0.08414730579454717,0.033266141787863114,-0.02796096097566541
58.685,0.10883286271721566,0.027928325369931326,-0.010708330201980748
58.69,0.10584267314720724,0.031207286711197137,-0.007009592662048325
58.695,0.08153344994566727,0.03386635454999864,-0.009800755096197981
58.7,0.09273490177893708,0.03369340589699681,-0.02560625601140362
58.705,0.11980653520239735,0.02582325694181086,-0.00048346461972175164
58.71,0.11365023317197145,0.02518243195364292,0.00385466816469657
58.715,0.1088446992930641,0.03391129138251659,-0.014551763282720299
58.72,0.12404647140323094,0.03156166292045404,0.00175333273983176
58.725,0.10920433447538433,0.04818983344156463,-0.005013201941013946
58.730000000000004,0.10537321150837879,0.04094476761520811,-0.010973159333883788
58.735,0.10688096389335038,0.027897123657904043,-0.008468726290965319
58.74,0.10430697420486597,0.011639500113137264,-0.013824950236255788
58.745000000000005,0.09381415899841422,0.01825333291898678,-0.006368318129465063
58.75,0.10236759282747573,0.019041306767360707,-0.01833388822407704
58.755,0.1020484864011983,0.03277404249344347,0.0001075617472407718
58.76,0.11964998028188942,0.0386204630565126,-0.0016909785885425022
58.765,0.08465380427071695,0.020499120290678102,-0.020400756531125736
58.77,0.1111857345070135,0.031319483892607275,-0.008387705309902266
58.775,0.09474949542603146,0.043032995631369024,-0.022636184709773532
58.78,0.09249581242057447,0.037630787686164825,-0.007597825209070021
58.785000000000004,0.09443242542638397,0.05668931435513238,0.009444546316952821
58.79,0.10033091282496556,0.033378625228010377,-0.01798470560478435
58.795,0.11642950534699334,0.04360713088134051,-0.024942323895319786
58.800000000000004,0.11485535789785942,0.041944517821690716,-0.006577799258260747
58.805,0.09504204854352949,0.035383657096324635,-0.00864399575156741
58.81,0.10784117117937032,0.046350836267469955,-0.014887663418324808
58.815,0.10166952359961208,0.02005917676359152,-0.006919791260930623
58.82,0.12008445523413835,0.033456901413121375,-0.010995906012323985
58.825,0.1092293726513195,0.0333536055090733,0.0018041740278361713
58.83,0.10460447328105,0.03513409814029846,-0.026730280912823808
58.835,0.12099321825576997,0.040105212466545914,-0.005696167362970909
58.84,0.1024854280140827,0.02223186509397375,-0.021297070475223556
58.845,0.1192416329340878,0.03326385005005707,0.003628697223449922
58.85,0.10170044766205524,0.023393084431216984,-0.005251412051321611
58.855000000000004,0.08564650878454037,0.02802725144437961,-0.02522775794832745
58.86,0.09159545749996248,0.03735513248911793,-0.012128047069699402
58.865,0.0830592641233403,0.03199389013819311,-0.01273978375505459
58.870000000000005,0.10993379064262647,0.025243653121346542,-0.0027837464315305263
58.875,0.1026738685028423,0.0460207480970352,-0.008996926091801439
58.88,0.10016592352006334,0.0338820562284716,-0.0002878673631346914
58.885,0.10943057394059455,0.036029667711862445,-0.004571278333498745
58.89,0.10466659424250271,0.04277398221521258,0.0007774529865943666
58.895,0.10540788644654966,0.030797280957346154,-0.015458630194030567
58.9,0.11407376614353401,0.03285287443213439,-0.009801287344627607
58.905,0.11642888034176116,0.03328937703367414,-0.011917619797211464
58.910000000000004,0.10074729066295601,0.04608439993653835,-0.020747031715172122
58.915,0.1085998040495708,0.03436265974303998,0.0007774920172885467
58.92,0.09394339495446351,0.045778931371946226,-0.013519113615380596
58.925000000000004,0.10922584459876812,0.048899453721833706,-0.015287114094993979
58.93,0.09996278265426589,0.024791126545526686,-0.0172099769162389
58.935,0.09687948838853624,0.05323089421978178,-0.018428282145355974
58.94,0.11103794267874437,0.05534308437959177,0.028166978573647822
58.945,0.1075385960086641,0.03964968420501984,0.002031528792683093
58.95,0.10626637895982526,0.030258793037243777,-0.01421987687157505
58.955,0.1109129287972464,0.04944857348838536,-0.01804805377977336
58.96,0.10149864696706673,0.033714011048454964,0.00036650094175847553
58.965,0.11199404123406537,0.05016878745855863,-0.008286145087570172
58.97,0.11788060183512503,0.05405249271762787,-0.00938802538954228
58.975,0.10352217483806095,0.0213088236357227,0.0041466383243682955
58.980000000000004,0.11219344321043824,0.05010500501085586,-0.01573497220970361
58.985,0.1138352294451129,0.015068629294612534,-0.017213947489244062
58.99,0.10375151862369983,0.03705860799336204,-0.0020915223350355906
58.995000000000005,0.1029873866833095,0.01951223795551664,-0.005420082978312218
59.0,0.10432914786313285,0.023766819262444405,-0.011894881476067713
59.005,0.11851106418587574,0.04344876462925909,0.0010409177578342508
59.01,0.10785060184578135,0.031209172111943427,0.0027012243443928583
59.015,0.11237310462449335,0.038568200360703415,-0.021448224577120707
59.02,0.1275687814368522,0.034035695830850865,-0.0250777451995016
59.025,0.12156030542312778,0.051068692928174626,0.007997510683089844
59.03,0.11417627891637337,0.04741849060887017,-0.011763235862193872
59.035000000000004,0.11931731161883474,0.031718442546297715,-0.00423724488653787
59.04,0.10487559159155642,0.04322904651993716,-0.004856994947703627
59.045,0.12126532708858705,0.05211348506320276,0.0019177720317149777
59.050000000000004,0.10548145370848348,0.036641368036144796,-0.005851902225113208
59.055,0.09427591572558765,0.031108115537460082,-0.014126506796916911
59.06,0.1281524325884757,0.03203234757516386,-0.01307948361033759
59.065,0.11759308666914928,0.05284159033537831,-0.009012963950346363
59.07,0.12677270327812415,0.04101208874664878,-0.012243532220747484
59.075,0.11862887299144428,0.05023150350081782,-0.007262876440732683
59.08,0.11399197525058744,0.043257269295370056,-0.007344978348997621
59.085,0.09349943910838235,0.03833622787373893,-0.021013513947981694
59.09,0.12148754160479458,0.04882984764501863,-0.017941256678739567
59.095,0.13312561473920506,0.03177286381566121,-0.019450127009131363
59.1,0.12478755931437077,0.05798815709914881,-0.01917661191652269
59.105000000000004,0.11499558619171342,0.04606509569735794,-0.002731325544342217
59.11,0.12157121456737306,0.051594743047757456,0.006277754192877587
59.115,0.12970036791054176,0.035223539665318424,-0.012084668769328653
59.120000000000005,0.12495709451339433,0.030136888975932426,-0.01887221733304669
59.125,0.11380394861205834,0.028384076075230746,-0.01898950625044294
59.13,0.10970976693738924,0.055269072562945915,-0.006363915168415533
59.135,0.10154739332199963,0.0417739376223251,-0.012485113294527509
59.14,0.11089382583809183,0.044164729286826104,-0.007658366669314943
59.145,0.1342192318134055,0.04979007354044764,-0.01698171413444726
59.15,0.11346623690387367,0.048463590096343004,-0.007160340750956358
59.155,0.11900212113772692,0.040583780006062886,-0.007736362577246626
59.160000000000004,0.14424126240819335,0.04016405403416858,-0.010690762791177661
59.165,0.11815811331741324,0.03957345145515373,-0.006093341386168243
59.17,0.11306345396044926,0.05631961029358061,-0.02019848960159152
59.175000000000004,0.128083789741828,0.041220544323307975,-0.006837556784697824
59.18,0.11482433368630338,0.060222613075935794,0.0013986430992460382
59.185,0.12726702074629204,0.04028953147063097,-0.01351014526892365
59.19,0.135529668296453,0.0386145218221841,0.0018952734223402082
59.195,0.12005854101316243,0.05271097186591421,-0.026073379729011383
59.2,0.13825680384354616,0.03382246943778481,0.005481882396368587
59.205,0.11086721027156457,0.04806261433665571,-0.013132849812652763
59.21,0.11848270774016166,0.04461416699871572,0.005087089173829413
59.215,0.12484560922942005,0.04029079935518052,-0.014817969635006208
59.22,0.12470651864918297,0.044344436673637445,-0.00865758970041001
59.225,0.13120403531312091,0.045110069593118675,-0.03304356036480457
59.230000000000004,0.09232479079028855,0.02881338290537471,-0.024210441316662397
59.235,0.13176684043472175,0.029848667898380768,-0.02768759249027864
59.24,0.10321564620778544,0.0474149299432739,-0.00016476980182857787
59.245000000000005,0.12090362213692397,0.048508180791460145,-0.008031260368157859
59.25,0.12348865385737462,0.029533587924437582,-0.008152976145215521
59.255,0.12654316474663133,0.025605360950874848,-0.009236830588362228
59.26,0.10506234294539306,0.04589925978518015,-0.013490024861959304
59.265,0.12915677115846952,0.04655778369910211,-0.02006688370911041
59.27,0.09663700920933543,0.04206931235533152,-0.0012252348974563041
59.275,0.12304351444173908,0.02791600473508626,-0.0015960875084097088
59.28,0.11967140448502608,0.032163415449048084,-0.02908867219438556
59.285000000000004,0.12913688618402439,0.03832217633568988,-0.016366676995804224
59.29,0.11365281515301079,0.032779440420030836,-0.0030440814713099075
59.295,0.122887295425863,0.041605065564115,-0.025246801947632964
59.300000000000004,0.0982646467579966,0.03208968876250882,-0.016738256651843048
59.305,0.12896120017470727,0.03123464925665577,-0.014384246300538563
59.31,0.12666381692607206,0.04677747934536492,-0.026713852406672185
59.315,0.13887759063570507,0.02189772027306977,-0.0170927447962579
59.32,0.10192854275583893,0.05009701145943624,-0.039539701600341405
59.325,0.12241365879448866,0.05181414429615663,-0.024301609875494862
59.33,0.11744880339475917,0.019261612667099023,-0.008691001315445023
59.335,0.13717379585625486,0.030309980984028293,-0.020988442633557404
59.34,0.11864610695991785,0.022757990948899378,-0.009291470545891746
59.345,0.1300222933004201,0.04643648334773454,-0.027435893208461196
59.35,0.12085260548935628,0.030766397604467532,-0.029024723573996884
59.355000000000004,0.11337149348998755,0.028569211194937473,-0.016557025353870672
59.36,0.10887262824582705,0.020354346695057667,-0.019991717780911494
59.365,0.1104675350930532,0.017521591356837018,-0.010297160443446755
59.370000000000005,0.09895487865077741,0.02453686848982186,-0.022107036882332252
59.375,0.1233172314048249,0.02063812392980476,-0.026916715899674832
59.38,0.11322829184867964,0.027370787648336725,-0.02335790650844131
59.385,0.12248477405805974,0.03590854490398297,-0.024902382624741787
59.39,0.10983182723801688,0.03266234071305417,-0.021577252296345276
59.395,0.1078215745112276,0.026886909424550423,-0.029058815875089624
59.4,0.10682783521330387,0.03654098256390402,-0.015001432650455957
59.405,0.10443255556958611,0.0237315582940855,-0.04151670217691503
59.410000000000004,0.11383458567930588,0.02862577174588897,-0.006539712419838274
59.415,0.10872865810075044,0.04191771055793703,-0.016580002173000662
59.42,0.10849724000190777,0.04845089685876225,-0.012883068631273965
59.425000000000004,0.1013451817921082,0.047388503648232806,-0.021431595571151985
59.43,0.09906498795841107,0.03183984564740473,-0.012683882436593328
59.435,0.111024667773619,0.02096336799427579,-0.020523668861331855
59.44,0.11974234767156929,0.038696838581433655,-0.011376461893662974
59.445,0.11218915627083224,0.02990069613233612,-0.028845217935378697
59.45,0.11742759061104872,0.017171776775537304,-0.023049026734952942
59.455,0.10908821297184187,0.027943998114326574,-0.013366118163342475
59.46,0.09970968626522464,0.02380635046302902,-0.022149572086545687
59.465,0.11202351324455088,0.0305514561744335,-0.015593840268034526
59.47,0.13181753470736685,0.033715447078938615,-0.03126217671008501
59.475,0.12029729784102755,0.020223314888907797,-0.02418550237719341
59.480000000000004,0.11277436716627218,0.03978017729458333,-0.008022245203485096
59.485,0.10177667801019451,0.03793784049841933,-0.03487053609160755
59.49,0.12013639034907998,0.039934488840135514,-0.029742881276680632
59.495000000000005,0.10397110812553043,0.04568736949142421,-0.018417590296800002
59.5,0.12281638578520641,0.022782428505405163,-0.024448692014576605
59.505,0.11406255593672306,0.04972620565166725,-0.03280560091572772
59.51,0.10804625285386558,0.029619203730666017,-0.033162329649583655
59.515,0.10818744256529084,0.03477184143644555,0.0023733640571447813
59.52,0.09844398417864955,0.030191324019333138,-0.01047907529169955
59.525,0.11316198430142953,0.0388585554283722,-0.010806564391980487
59.53,0.10223563401106756,0.05015886935348287,-0.010576467438095587
59.535000000000004,0.10340762482618326,0.03239252702039747,-0.022901059466158093
59.54,0.10094104648444516,0.05226662984688646,-0.024110210593681226
59.545,0.09961973474393047,0.04985877325183039,-0.006920201996058446
59.550000000000004,0.10118793742739449,0.055813691372113144,-0.006577860871475135
59.555,0.09638342201432376,0.046887651988282486,-0.003369251751258643
59.56,0.0796897380607971,0.03131920804788154,-0.01637446945721737
59.565,0.1052453064928636,0.057884037972492086,-0.025645156712155625
59.57,0.10203657660177352,0.047725782750832446,-0.030819265850084553
59.575,0.10623679654439758,0.028964646564041456,-0.02707421954105519
59.58,0.09534072488965295,0.03887435310845513,-0.022213860524151762
59.585,0.1165715919292192,0.019691265405083227,0.005070876544252529
59.59,0.10438247565800536,0.03764054379928214,-0.02285297729653349
59.595,0.09562246071977144,0.0449848897489206,-0.032870370216194406
59.6,0.1277181452048958,0.05742606571110451,-0.027162033556444726
59.605000000000004,0.1034582686971538,0.04294445574764607,-0.02638033242057196
59.61,0.11528582051380375,0.04225370399698093,-0.005782371545238058
59.615,0.09662405363990256,0.030549844233769722,-0.007412928723908353
59.620000000000005,0.11233043008650717,0.020287026054704994,-0.01514035566546278
59.625,0.1259334538776838,0.028386093190182086,-0.017986458393546605
59.63,0.11382169686910729,0.02351301409005869,-0.01725526294443141
59.635,0.12507309914070464,0.05006905379757655,-0.011464488668712754
59.64,0.10133072049894636,0.039167253386573946,-0.023630889699727493
59.645,0.12726747568656196,0.037865095578500596,-0.01723198504910612
59.65,0.10332777612893446,0.03899486973393511,-0.008443211676519166
59.655,0.10752501038224899,0.023572736483828897,-0.010817613053111819
59.660000000000004,0.10307392673465557,0.03336364560571573,-0.02665881524663691
59.665,0.12058601710272356,0.039162024576369095,-0.026291091002214422
59.67,0.11417073435190524,0.044135064239443356,-0.018287200658836242
59.675000000000004,0.12474049940191805,0.022904734006784597,-0.00418238493238048
59.68,0.08806157733389594,0.031061286560230328,-0.032787391456867924
59.685,0.09973860561073974,0.028351783515713082,-0.016361813634625452
59.69,0.11143136672495707,0.023394673237277085,-0.014679786040847968
59.695,0.12075605695356,0.025688362753318105,-0.014339380888046524
59.7,0.09713578162510667,0.017475440290080094,-0.019183549458904003
59.705,0.10794615712847931,0.03340284807894314,-0.02855320223348687
59.71,0.11611898147363922,0.026861282552104612,-0.03177061277006394
59.715,0.10855828476159742,0.01060938995342152,-0.010927227618894647
59.72,0.10637717894244816,0.037983224898998316,-0.024755547067089226
59.725,0.10890363283512236,0.031083138342165542,-0.023432102684074314
59.730000000000004,0.11546442829104062,0.05023649545180989,-0.005110576219240664
59.735,0.10997444983701879,0.03734420878593314,-0.018277365499534827
59.74,0.12104114499074999,0.0402903436759257,-0.0179799584477537
59.745000000000005,0.11119449715964363,0.02659191662823637,-0.018259507473228645
59.75,0.12838654642307873,0.041089723222533445,-0.01052850080536515
59.755,0.11402379121160328,0.03008771116151583,-0.007183188024897656
59.76,0.11573701106583886,0.03541622570403193,-0.023838799992435503
59.765,0.10136091629924117,0.042035794671580806,-0.027768454406151534
59.77,0.10621984107106842,0.0338367306556446,-0.016299817732253634
59.775,0.11911280597711589,0.04552395963984782,-0.01961938239213619
59.78,0.11811548772003294,0.03315438142914049,-0.015748814876017946
59.785000000000004,0.10944123566011996,0.04330581197422108,-0.0181482539399384
59.79,0.10493370781521177,0.05419447014611048,-0.00039065631642680367
59.795,0.09598154885308437,0.0280834564671706,-0.023896357172886858
59.800000000000004,0.11113928118820307,0.018058960681153726,-0.004748270815137945
59.805,0.10409480305997419,0.028148682796909574,-0.0010835203493842023
59.81,0.11629033414157765,0.0174905094804692,-0.002343995157622891
59.815,0.10898052651709156,0.022185076913755923,-0.018101555118176363
59.82,0.12299705597519582,0.03549514285040038,-0.00975447794994664
59.825,0.11352561890551623,0.01638522276452733,-0.012572841871013797
59.83,0.09951404671637082,0.026456370417000875,-0.0058694067331958935
59.835,0.11422351501739805,0.04470040434552589,-0.023086080451984077
59.84,0.10451441874641229,0.04517000874980738,-0.024020794223057133
59.845,0.11582555095070397,0.03700855020165349,0.021375035335796738
59.85,0.10041603912825464,0.04891691929544541,-0.006214485605074479
59.855000000000004,0.125324360059609,0.033093739210397086,-0.02644827290086612
59.86,0.11565236489340153,0.04090907802782391,-0.01534073357086238
59.865,0.1103739409299359,0.03308176251769829,0.013838207677355014
59.870000000000005,0.10425227881141251,0.04622363201517746,0.002718623240329494
59.875,0.10319498191489146,0.0531102329341038,-0.0014601543547963242
59.88,0.11385452190314621,0.04070890334372265,-0.006497369962578253
59.885,0.11848065406281695,0.05293890984469449,0.01036112976967874
59.89,0.10159381127484357,0.04336874756155978,-0.02539155822766566
59.895,0.11626410252877828,0.03917360986420783,-0.004982058720279599
59.9,0.10019399651224739,0.03955362276182442,-0.016172013688009218
59.905,0.1073597645645877,0.020342323623569702,0.00824811302739564
59.910000000000004,0.1051066767981558,0.03520763528114206,-0.0012457172486374443
59.915,0.12870098151119755,0.02499557906979308,-0.014509663691016899
59.92,0.11925821417765367,0.033299457930729054,-0.00608599696399978
59.925000000000004,0.11866860706015117,0.04218409659018048,-0.025244137746376318
59.93,0.10450911442233722,0.034601921742756996,-0.011668660658282336
59.935,0.11359518857510402,0.04530312576234288,-0.02123847055972796
59.94,0.11612368119828939,0.04507353285035433,-0.0018439038415476458
59.945,0.10894613852434554,0.0489614301683326,-0.028283494547598254
59.95,0.11365761281305828,0.03375427439701465,-0.003920690552901707
59.955,0.09750047960866441,0.039943998393482096,-0.012894666754912396
59.96,0.1310528583271861,0.03668041958047047,-0.014739859371429452
59.965,0.10973222123165373,0.02118403975948716,-0.021844394376688624
59.97,0.12879501813457325,0.024969413288232246,-0.013992107823383098
59.975,0.12145206249009621,0.043875981474983373,-0.009796362683927235
59.980000000000004,0.11258619515123626,0.038552457843313334,-0.016008589299632003
59.985,0.10948180726382206,0.025056378548054318,0.003320059090396678
59.99,0.11527268004005921,0.04930204038881387,-0.011784622535676149
59.995000000000005,0.10614589777379196,0.03723654993392771,-0.02474625788920347
