timestamp,baseline_x,baseline_y,baseline_z
0.0,0.0007343364004252702,0.0012142048039621904,0.0001565811843378062
0.005,0.08451736011739362,0.08679504364763357,0.08710169732431301
0.01,0.1197493408527399,0.11829167691080174,0.11759823333540316
0.015,0.10131933999307516,0.09896326383736107,0.09723657378558427
0.02,0.10844748737091046,0.11320974833102566,0.11350235707708083
0.025,0.05436195187836829,0.0560967224530336,0.053946726261644457
0.03,0.06301732930121005,0.06071421556527498,0.06318129006692544
0.035,-0.01760959275476918,-0.01382781376144191,-0.017674020690167096
0.04,0.013035143679255951,0.00930520340702616,0.006512542912278762
0.045,0.08205716129416746,0.0847114969021777,0.0837056067725618
0.05,0.06256045235129506,0.06136903533207253,0.06381404439815587
0.055,0.0236300528643622,0.022757484929729132,0.0206654745400483
0.06,0.04597288544478449,0.048562435155802504,0.04527784569738397
0.065,0.1201771559812465,0.11764498628763814,0.11528376182661665
0.07,0.15021419373108116,0.15136020751592844,0.15442436248255495
0.075,0.12104879863150168,0.12845793838527514,0.12848182463661642
0.08,0.16661510745800415,0.1661632006117329,0.1699881068027971
0.085,0.14511020463325033,0.14305229444464587,0.15252015856239393
0.09,0.14140289922170293,0.13958388908402503,0.1372055922374472
0.095,0.1631415707060608,0.16319435010850064,0.16054573948466927
0.1,0.12223822442611268,0.12410141345616103,0.13011606451480517
0.105,0.10027062207299084,0.097418638436928,0.10155151747232471
0.11,0.10713801160418882,0.10545484908010422,0.10174997591898421
0.115,0.09659627627708343,0.09637443996257525,0.09829901718571331
0.12,0.0861426327840086,0.08940762020209601,0.08432051467555074
0.125,0.07291608854684749,0.0725836346741713,0.0744017797377462
0.13,0.09427700632329251,0.094430282501951,0.09049434759687215
0.135,0.11137003756398446,0.10588771302741298,0.11187252311687142
0.14,0.1283835949133396,0.12693495620414375,0.12461186835839941
0.145,0.14495716634496839,0.14104380295368568,0.1405044289628658
0.15,0.10695219740151791,0.09981015705413167,0.09896212393947401
0.155,0.08448655111708805,0.09164134035878689,0.08603438617708754
0.16,0.11932618949534135,0.11713146643663937,0.1184521160460542
0.165,0.12986141947270746,0.1305167139763926,0.13354812354383133
0.17,0.05986762706686577,0.05543077779798379,0.057658405598155285
0.17500000000000002,0.1511922797413741,0.14785524177398815,0.14926095693491184
0.18,0.18982828565348894,0.1899612002336725,0.18704364933555284
0.185,0.14048467208034202,0.14080843217574432,0.1413118332895917
0.19,0.1297345441258505,0.13634776385609945,0.13061608541648237
0.195,0.13073893512595916,0.13256661130105188,0.1261291525878767
0.2,0.1361931063062812,0.13239443290235303,0.13204819200235066
0.20500000000000002,0.16338356166672108,0.16429533854899137,0.16222219667083948
0.21,0.15277266922336089,0.1533847126741493,0.14947262936951508
0.215,0.11567831427107544,0.1120547430429627,0.11286395846633705
0.22,0.09572471156848261,0.0937592022427266,0.09400187727181644
0.225,0.13755669208318955,0.1347160685580914,0.1329401543900319
0.23,0.14236302409214582,0.1433654955921708,0.1342759296223478
0.23500000000000001,0.14892815346420732,0.1471308776183631,0.14714217126213477
0.24,0.12593416171525004,0.12834642484279773,0.12029546430687495
0.245,0.1157421497447347,0.11678922562951649,0.1096303565090134
0.25,0.0724106535316715,0.0710060648015266,0.0679579542694794
0.255,0.00980539413730716,0.007489078283112229,0.007200417519206561
0.26,0.031164983442075127,0.03965359208016119,0.034400349557601156
0.265,0.07739858642657396,0.07848761507065587,0.07629831678794877
0.27,0.11340988282062299,0.11352982010612135,0.11625053203667796
0.275,0.0344586962019474,0.03832108017163754,0.03649629605730509
0.28,0.06517072630622797,0.06702955370467098,0.06113760649060829
0.28500000000000003,0.0498999687259972,0.04269205153877274,0.04272640085766833
0.29,0.06606118939860187,0.06732970404724144,0.06092582786768484
0.295,0.08012380698956564,0.0721469221262115,0.07884316108706078
0.3,0.049387571834910514,0.05280985065161573,0.050180846086575456
0.305,0.08929400964614619,0.0901020927830722,0.09354903483473985
0.31,0.07520888909360572,0.07518027839936042,0.07146986995854449
0.315,0.06471099017310397,0.06022735063222166,0.06005941264854668
0.32,0.06136161867780798,0.05706368964166727,0.05773667028133241
0.325,0.13003436021728287,0.12767133720275822,0.12904345032754735
0.33,0.12128696918965899,0.12428523218578726,0.12427229125144497
0.335,0.16908940597164548,0.1693499837498665,0.16726239497235787
0.34,0.1687662968995647,0.16401801580029796,0.16386147763533102
0.34500000000000003,0.2094632480238546,0.2105852684263809,0.2057182056180212
0.35000000000000003,0.17963885952196545,0.18145003880503663,0.1851788187454214
0.355,0.16712909270555204,0.1690649287273945,0.1691043679766386
0.36,0.1725617635184982,0.17577295459970385,0.17063767030431737
0.365,0.17062184321503543,0.1679061726905471,0.16897069061857528
0.37,0.15674491512559277,0.15268856070353584,0.15516721047135595
0.375,0.1466170734352117,0.14299917926375494,0.14016643933088052
0.38,0.16558352332100193,0.16730409958566808,0.16223755045384514
0.385,0.18826840168692013,0.1904103549643735,0.18194964509961045
0.39,0.21117104154682467,0.20418256800534212,0.20969618768148515
0.395,0.1978381589544069,0.20036675490780176,0.19479591733746088
0.4,0.24673543394952177,0.24190937787590683,0.23995015887851687
0.405,0.25544080714491285,0.25474220131018777,0.2578766182069409
0.41000000000000003,0.27070512169558536,0.2725931819936496,0.2689497442197604
0.41500000000000004,0.22800453146605507,0.2245695526139089,0.2203888334282947
0.42,0.1948571066224771,0.19372777304044422,0.19665712128738802
0.425,0.24139331757989196,0.23499377664770246,0.23278677922867877
0.43,0.28701008180151855,0.28502823877253575,0.28377188029156974
0.435,0.28273935187431104,0.2802294823820551,0.2816653875324666
0.44,0.2943527634211952,0.28842923271520454,0.29189475473066984
0.445,0.2776836443183775,0.2774464160212386,0.2724286490260948
0.45,0.21950362157223868,0.21328770831676527,0.21246622726030578
0.455,0.20900053078258812,0.20781978761503175,0.21180015734856786
0.46,0.1955687505024438,0.194531368839698,0.19828430664703262
0.465,0.21604611626786788,0.2169851836363684,0.21375915812427387
0.47000000000000003,0.22479585054017667,0.22461298827535964,0.2267239955534877
0.47500000000000003,0.27167368065908387,0.273732410007337,0.2707512636400941
0.48,0.2666984637942938,0.27298677388062526,0.26670958295418923
0.485,0.18874668444814138,0.18428742574054924,0.18805095549428408
0.49,0.15444597916737757,0.14784684184171587,0.15205896819332496
0.495,0.10487466454327019,0.1089297141025231,0.09960020062307882
0.5,0.09659895047371936,0.0939767342361114,0.0952871192128771
0.505,0.06590147995124745,0.059942461243293575,0.06326936326924132
0.51,0.052440926394917445,0.049912513252961144,0.04944854100157082
0.515,0.05017021374487,0.04974281388781357,0.042902416318427415
0.52,0.06231992067896411,0.0579343089202924,0.06443445303625682
0.525,0.04462152110905341,0.04568759561771242,0.03924257541380543
0.53,-0.004766473539800217,-0.008083928947349595,-0.008626578131533565
0.535,0.016641455415421308,0.011100594929413374,0.009524626290400328
0.54,-0.010073140952774107,-0.017283158910277496,-0.014284961550131372
0.545,-0.00014924602066344384,0.0011366077145777268,-0.002489482394531276
0.55,-0.027422229227628162,-0.03306764314268099,-0.0368455822641512
0.555,-0.003337829221833638,-0.008813254172154124,-0.007899265057576155
0.56,-0.0507809307343803,-0.05451056152339729,-0.05632594684071594
0.5650000000000001,-0.11866257859758397,-0.11950736194990762,-0.11761787356567492
0.5700000000000001,-0.1683163428788041,-0.17338548905392515,-0.17115308063182252
0.5750000000000001,-0.18473158398107895,-0.18501240321846216,-0.1870158740461615
0.58,-0.2012138403391737,-0.20525272043295004,-0.2077770212405642
0.585,-0.15549073029623536,-0.16449705035247922,-0.15789838716166416
0.59,-0.1513052782762627,-0.157914639004145,-0.16380784306424773
0.595,-0.17304951449656375,-0.1729852928769614,-0.1741538299635746
0.6,-0.18836762396040777,-0.1888771693510538,-0.19093425718344778
0.605,-0.1603919797492373,-0.1661991175879613,-0.16609169003482685
0.61,-0.15615250975821096,-0.15685692096265383,-0.16008815665077766
0.615,-0.29014636407140576,-0.2991507526810695,-0.295431306549335
0.62,-0.3216937404355411,-0.32628852851121465,-0.32717760620210395
0.625,-0.3171722310265582,-0.3196781492696767,-0.32344326280563346
0.63,-0.2572187796997989,-0.2598386826604408,-0.2639888640199105
0.635,-0.29129814525832426,-0.2883822727919997,-0.29010282639227625
0.64,-0.340185217691407,-0.33933911628614316,-0.3407811208289576
0.645,-0.33493758091587583,-0.3320486626291796,-0.33743623473920636
0.65,-0.30397558727216095,-0.30683146867374855,-0.3071111197061603
0.655,-0.27817077960476194,-0.27082750413780465,-0.2779840697262592
0.66,-0.2539661348217222,-0.26342188577680575,-0.25766238672952985
0.665,-0.1960599627300205,-0.1920274772617416,-0.20003216412578312
0.67,-0.18620351879392816,-0.18527764499337848,-0.18687683515767886
0.675,-0.16947977426862204,-0.166348554150872,-0.17070420499185243
0.68,-0.13483873324821394,-0.1327221690287394,-0.14374866318814916
0.685,-0.10211435818172238,-0.10332393643300943,-0.11026356061243306
0.6900000000000001,-0.10728410370367504,-0.11171331044328664,-0.11393995454411111
0.6950000000000001,-0.08169534187185577,-0.08655091419605167,-0.08767633549240852
0.7000000000000001,-0.07471105659113172,-0.07925702964023251,-0.07935745364642752
0.705,-0.011023794831052335,-0.0115041783816738,-0.011886820403417018
0.71,0.011792630406204171,0.01808872223669693,0.012957754784754125
0.715,-0.019361313188751866,-0.02044528825598319,-0.028912285744103275
0.72,-0.024395098956627465,-0.023168330925245024,-0.021209664155841402
0.725,-0.024300881951014246,-0.020470438330178052,-0.027952858647712048
0.73,-0.025164212249736438,-0.021143213879133496,-0.03038542095236229
0.735,-0.03951639685482546,-0.04160998337293843,-0.04119912138585485
0.74,-0.04230850001825041,-0.044137416166171534,-0.0482757014009988
0.745,-0.06479265724876272,-0.06926966914918327,-0.06299986405003087
0.75,-0.02766713386183281,-0.03159558128464899,-0.02965535430329099
0.755,-0.0408111194374844,-0.04062486284701282,-0.037959921013296094
0.76,-0.05286500479646929,-0.0485517010168621,-0.0503389769677653
0.765,-0.060868135805389925,-0.061213140321885434,-0.06489492628333082
0.77,-0.06629275787877897,-0.06430539498882021,-0.06305351707222953
0.775,-0.003518692890138022,-0.007585431017285723,-0.007278118280101699
0.78,-0.019901694458231277,-0.016788406585089292,-0.02224918150945289
0.785,-0.011490828401467701,-0.011859927243882707,-0.014594565968283903
0.79,-0.015084357221850251,-0.015455407673682212,-0.016298954622368775
0.795,-0.04703420608795607,-0.04117572399669409,-0.04737324826813062
0.8,-0.029013468476829833,-0.02772164312702441,-0.0286149761151433
0.805,-0.05677588116712151,-0.05291785260492977,-0.05281175718775579
0.81,0.051074321569623306,0.04586840838316788,0.046028149733118945
0.8150000000000001,0.02579308417414741,0.03274678383029682,0.02441327656607148
0.8200000000000001,0.04604852341961982,0.047848365671384896,0.04161679471440453
0.8250000000000001,0.01319508606211885,0.01539923986223441,0.008320071542151622
0.8300000000000001,0.05024698032790976,0.04822810021645046,0.0445893562087945
0.835,-0.023081083035645683,-0.01461776076779704,-0.02567361382086366
0.84,0.01734812068010589,0.015728205924892238,0.015386264385660941
0.845,0.027780128062357884,0.027597131110058255,0.02508356692357184
0.85,0.036272753925406395,0.03716674386148358,0.032581839016296035
0.855,-0.003523155152559545,-0.00670162708641821,-0.006112814503078769
0.86,-0.029756305950106286,-0.030685910314819317,-0.030319740800023677
0.865,-0.009613706513141546,-0.006107555626750151,-0.010111291065489131
0.87,0.0411896620217833,0.046266845100975215,0.04054511055897614
0.875,0.03283364829958942,0.029299688625499004,0.029081795087651123
0.88,-0.007722683656350002,-0.011478507265732097,-0.013930583500801157
0.885,0.0052403389299742215,0.003823212207274338,0.0032326083527835616
0.89,-0.027238919635288694,-0.029428293229001097,-0.03425518711328783
0.895,-0.022865796396407435,-0.021387336683157537,-0.02859291784591776
0.9,0.0029622070360194683,-0.002669754368608286,-0.007413164640787992
0.905,-0.03193153760340198,-0.037026467890784856,-0.03792824983642107
0.91,0.013539002026066416,0.015700938589817984,0.013267867983705979
0.915,0.0832293532063021,0.08278249466240674,0.07357307640568496
0.92,0.041659223053891296,0.04008520492152755,0.0319137781268501
0.925,0.03440920454620146,0.027868284430198176,0.023003000476417276
0.93,0.016149920052169146,0.01477081894630743,0.01195289637647555
0.935,0.006197324170833157,0.007314665802195284,0.006679625264500507
0.9400000000000001,-0.02405061750141173,-0.020738299755716,-0.024599342362774744
0.9450000000000001,0.01251273048265651,0.010487424374552358,-0.000992185147364313
0.9500000000000001,0.08613141068511534,0.08169532998238838,0.07557968524130845
0.9550000000000001,0.06950672151632725,0.06942789209998514,0.06904505654506399
0.96,0.009889343106436396,0.009227715467451606,0.006571114593151028
0.965,0.0325156016558013,0.03058132937861727,0.019112258252545023
0.97,-0.004298099945983238,-0.0010308059136273772,-0.008606075955692386
0.975,0.002009133262438693,-0.0006881213763386973,-0.006357073453428227
0.98,-0.008159208807557284,-0.014999008275513074,-0.016999991145190456
0.985,-0.05740307997089534,-0.058413688009588384,-0.062332741693951546
0.99,-0.10054121352639088,-0.09984690377815998,-0.10746679836544999
0.995,-0.0574497002211462,-0.05537697119122245,-0.06417977483466468
1.0,-0.09020762967995997,-0.09067759030049433,-0.0921918052642814
1.0050000000000001,-0.07401178875168206,-0.07949068909726734,-0.08320081330909168
1.01,-0.1027950636491745,-0.10180897141431379,-0.11111182075636815
1.0150000000000001,-0.1319169852605383,-0.13797334857433377,-0.1386849495838654
1.02,-0.15006118081485342,-0.14840852754461326,-0.15034284163949269
1.025,-0.172011431399635,-0.17875119382723836,-0.1786804328973437
1.03,-0.13655491296061278,-0.1382955632909907,-0.13489023215276594
1.035,-0.12187624877757154,-0.12360812918960802,-0.12776425575549163
1.04,-0.09844824301274349,-0.09469512630368192,-0.10010132099594542
1.045,-0.11939446648652537,-0.11716850370401855,-0.12264628301273515
1.05,-0.0773956890063343,-0.08172501734571401,-0.09048573086276997
1.055,-0.08135215811107067,-0.079133414416304,-0.0837143374933952
1.06,-0.06343438467396632,-0.06771898190602857,-0.07311934836971938
1.065,-0.09278110711975422,-0.10073414890737056,-0.0983317180535692
1.07,-0.06225569741714235,-0.06593677212567864,-0.06490316798391518
1.075,-0.13154085358463016,-0.13448274958979634,-0.14013696823430918
1.08,-0.1157382278179564,-0.11842202648987911,-0.1286694869069146
1.085,-0.12603066388647746,-0.1329571357986294,-0.13349993383037878
1.09,-0.13684826961846905,-0.13683721998528534,-0.14626090114412357
1.095,-0.07943846265373068,-0.08102368389225277,-0.0848005320655103
1.1,-0.05759245043176636,-0.06171376626666917,-0.059784196830214104
1.105,-0.01014984808451301,-0.010897400302631656,-0.019672121124754676
1.11,0.024399137143365543,0.020642210654215787,0.01957091932972962
1.115,0.09367680127027778,0.09704403279951487,0.08905599754612058
1.12,0.06954198238349694,0.06247168045472539,0.05801109236726743
1.125,0.0868187057415879,0.08279064507217636,0.07843222410341873
1.1300000000000001,0.09213615595190895,0.08524081269627282,0.07842756206035632
1.135,0.11096695923444273,0.10627895086698547,0.0973595754550689
1.1400000000000001,0.08667302221791069,0.08697400088743969,0.08324449719602113
1.145,0.08733675097508455,0.08744447702250181,0.0825084290089652
1.1500000000000001,0.03181548555589889,0.03513676205781652,0.028926252297490032
1.155,0.02678508896421161,0.023640365267764,0.021414311583061004
1.16,0.031030248399746413,0.028171392716888857,0.025985174532410938
1.165,-0.04586734408584581,-0.049619427529522614,-0.05868493389804816
1.17,-0.05847799257293937,-0.05678414428079963,-0.059861032222963385
1.175,-0.10630585318848867,-0.10672665336920345,-0.11238561732016986
1.18,-0.05988597153738681,-0.05804183825427957,-0.06185637444385468
1.185,-0.013008071209541758,-0.01799448762167047,-0.021269684808340197
1.19,-0.02648007417470397,-0.024517094442232993,-0.03322508728486984
1.195,-0.0024347355980519365,-0.0019154287477098559,-0.00496233649227048
1.2,-0.033641115264438776,-0.0312604499563,-0.039816129917932375
1.205,-0.030595072398388604,-0.03539548752807225,-0.035507991804399404
1.21,0.011742154931582456,0.01394822877769944,0.011439929375844857
1.215,0.046115737177967873,0.04536242052007729,0.04260716454993431
1.22,0.0503641867458949,0.04250128214115522,0.041409208800907836
1.225,0.02496830846448505,0.03266864544992921,0.022082340966212304
1.23,0.05908275388608679,0.061722683189070024,0.0500644779766972
1.235,0.059158543385189,0.05036269128177821,0.04678801901248604
1.24,0.06992677630975336,0.05973509007911409,0.0633482592838558
1.245,0.06662066198405393,0.06637344824366657,0.06327695387972423
1.25,0.018561182904649705,0.017561207377350237,0.013087868139897034
1.2550000000000001,0.006360083281363281,-0.0007154586059348847,0.002529104894293981
1.26,-0.019480705393423156,-0.025143158774368735,-0.025882740360486704
1.2650000000000001,-0.005038359074520852,-0.009605705731777133,-0.010116516972840287
1.27,0.007255298093775528,0.0022693403164366368,0.002917890704628388
1.2750000000000001,0.05157136889432543,0.05352312005280724,0.044505871048137954
1.28,0.045701407623594544,0.042922670391317794,0.03596017889008047
1.285,0.011481770475572469,0.014493456304502375,0.005891132686480266
1.29,0.07451399710499149,0.0708973026228227,0.06868155571123438
1.295,0.07563846755953293,0.07222226310003876,0.0716661815991866
1.3,0.050881469410429814,0.046671335349547295,0.049374559407907
1.305,0.034175426457279535,0.03923281219980914,0.029701947893524785
1.31,0.09747329382071007,0.09073284577385408,0.09081332705314257
1.315,0.09514421567329054,0.0980178208743343,0.08943651729707144
1.32,0.07525859053989423,0.07204953470755913,0.06928000762673081
1.325,0.060135559582636534,0.054416776651335076,0.05027832926459226
1.33,0.06985080497173211,0.06352374388168158,0.05876885024228349
1.335,0.06000269649141336,0.05218553694904049,0.04918555862374286
1.34,0.012247491689009212,0.00856050749342092,0.00544594568537913
1.345,0.03997851399889746,0.038017134799368454,0.035632958582097154
1.35,0.03454109301389345,0.031860928868780364,0.027615820992370956
1.355,0.006373448373931891,0.002249404922814766,-0.0002783252699955184
1.36,0.02451313347302264,0.018805691902585814,0.018060629833845543
1.365,0.11034396976279791,0.10595748095756154,0.10040583189753961
1.37,0.10867370013196662,0.10032377371714563,0.09357350651175278
1.375,0.050376673461984524,0.049451028568749784,0.0380627804466126
1.3800000000000001,0.03299441881862591,0.02742043694719811,0.03091534954868702
1.385,-0.0008719036010660063,-0.0029141063400194155,-0.01075070157853578
1.3900000000000001,0.007984792748885219,0.003048857701718803,-0.0024689615986336726
1.395,0.009009110738026186,0.003960607177622635,0.0037942117292103722
1.4000000000000001,0.020582284123369814,0.016046179626649903,0.011953268878997118
1.405,0.01925194657934954,0.01637547402444031,0.018885100280807945
1.41,0.04938839493969759,0.04178484487689114,0.04259227836713617
1.415,0.052661635315183676,0.04457163581117122,0.04509214244435169
1.42,0.10716343227936585,0.10491831666541705,0.10282557709327386
1.425,0.156777912243879,0.15226131287605033,0.1465294760663533
1.43,0.16710425565340534,0.16011281595574128,0.15434055400669824
1.435,0.17522515369683436,0.17192775492944354,0.16612139382832555
1.44,0.15067257346609947,0.1438081656454003,0.13802702085572868
1.445,0.1708394993452955,0.16029418392413589,0.16365312308023666
1.45,0.15869351940452028,0.15247991144858974,0.15636482915760064
1.455,0.18437340754340148,0.18387710214746453,0.17492759012701062
1.46,0.22198426998861553,0.21370443716504875,0.20994705984718948
1.465,0.261938816758361,0.2601250658710715,0.255781839517015
1.47,0.32355782874715766,0.3189459009035478,0.31471262239304443
1.475,0.3595290385414391,0.35251685700343466,0.35047984111002684
1.48,0.36126451533602577,0.35495381725890274,0.3513938698160302
1.485,0.3532446026838366,0.34930909616311445,0.34656191416788085
1.49,0.3445151882241264,0.34183039023985895,0.3379641456748921
1.495,0.2709166106515946,0.26231680607120866,0.2610593303231022
1.5,0.27179509234775023,0.26310418894479964,0.2602057459773916
1.5050000000000001,0.2777309277887225,0.27447840045514876,0.2754086433142352
1.51,0.25676694483198487,0.24642711884990764,0.24536865705536057
1.5150000000000001,0.23402342208590501,0.22613970031228953,0.22336991966449574
1.52,0.19981214129136796,0.18994056201337253,0.1899916514678071
1.5250000000000001,0.20243277391338704,0.19333655551295176,0.196343385017564
1.53,0.18092056186127423,0.17456259909801594,0.16957899236993773
1.5350000000000001,0.19862041060651298,0.19024611296805496,0.184313209644467
1.54,0.24494038342794333,0.23615908606281288,0.2346590768982298
1.545,0.30529494556390296,0.29379767484411096,0.28675125350632397
1.55,0.3451169787872436,0.33175820331397915,0.3328184571015691
1.555,0.3051247454953947,0.29469295953635755,0.29419151475313127
1.56,0.34484606567638304,0.3287404604427047,0.3329279682023548
1.565,0.35726926098738965,0.3464087964594471,0.3444846699171717
1.57,0.4088460061795411,0.4002113871545196,0.3964526590526763
1.575,0.36535551561940477,0.35516682264455957,0.3564125761642923
1.58,0.35262104654254617,0.3429778670285035,0.3412662346556526
1.585,0.351797910059362,0.34580204224416256,0.3411858955243291
1.59,0.33701126227771244,0.3284386850678695,0.32364782995555075
1.595,0.36089242415115974,0.3499200412669959,0.3492145663384626
1.6,0.35542930624482044,0.34204707541082724,0.3415662003950285
1.605,0.39844985598926685,0.3865501844224182,0.39090131351914
1.61,0.35473918702703106,0.33927308993676075,0.3380973537298793
1.615,0.3627322142623061,0.34919377015958053,0.348252638359615
1.62,0.4106331834818491,0.39011015588046055,0.3952997283691098
1.625,0.3966253579668379,0.38251056512737003,0.38670041808445654
1.6300000000000001,0.42110132274970014,0.4138578981084314,0.4117286731312689
1.635,0.4253086600885339,0.41139390797425607,0.4135887360087723
1.6400000000000001,0.4644360120644338,0.4545515750377946,0.45991696569584584
1.645,0.4636079489475605,0.45310044629167934,0.4540797915861945
1.6500000000000001,0.4319197156835127,0.41669044836700403,0.4182389914430347
1.655,0.3995522059096775,0.38197911121244493,0.38354088978584716
1.6600000000000001,0.3784197608097113,0.36977769228180934,0.3664980010618493
1.665,0.36906583170201357,0.3616689781774436,0.3623011695191539
1.67,0.3725046077241927,0.3587884649243939,0.3614762109516552
1.675,0.40379659959386105,0.39934443271144904,0.396798941113889
1.68,0.4321743937362161,0.4229876855083955,0.42414886348874054
1.685,0.40055987322639885,0.38875509950926157,0.3909331285190738
1.69,0.41595165275837237,0.40330874719703386,0.4010622600982884
1.695,0.4244099414250211,0.40927498905613324,0.40945287238595734
1.7,0.41687514235746015,0.41087782059324734,0.41024402592761006
1.705,0.4257407357495818,0.4155832973008503,0.4134150135004544
1.71,0.4315480981390539,0.41737182906404335,0.4143855445073258
1.715,0.4436175787565675,0.4299211298476197,0.43253395287831864
1.72,0.5148571582030953,0.5008591995406594,0.5025708062102953
1.725,0.5107529068676994,0.5052732051336996,0.5051883017830587
1.73,0.5128265571430606,0.5035993210347808,0.501648786592806
1.735,0.5581498713779548,0.5460541083009581,0.545747920262236
1.74,0.5320014856212782,0.5247430450440634,0.5202755840647676
1.745,0.5797209751080803,0.5672360829253552,0.560248475995261
1.75,0.588210860329873,0.5819730977580917,0.5801058800181306
1.7550000000000001,0.6498059626598837,0.6377822128112753,0.6308923757120428
1.76,0.6525322184538871,0.647122749131805,0.6448060578896625
1.7650000000000001,0.6702949819596169,0.6570484794988497,0.6601562617567238
1.77,0.7736401370893671,0.7589682906299197,0.7593673758619198
1.7750000000000001,0.8005286086762832,0.7876271747615872,0.7884897917771322
1.78,0.8194971727380488,0.8062258683349076,0.8080735545558738
1.7850000000000001,0.7600838918431442,0.7477354395073535,0.7426408296805794
1.79,0.7542879855830333,0.7479085772393754,0.7434057250303081
1.795,0.8247931034236494,0.8164300008801911,0.8166976388601191
1.8,0.79094521395927,0.7784230148006204,0.7794327953326786
1.805,0.8185130397179995,0.8042843920834305,0.804448705844851
1.81,0.8402367013836747,0.8260157098548009,0.8256898150412408
1.815,0.8877584656348666,0.8791572764916831,0.8765739830225359
1.82,0.8602049926369696,0.8507321657783313,0.8454058131366088
1.825,0.9321438963599818,0.9159277239218514,0.9188996342665816
1.83,0.8746482837878415,0.8647910808844774,0.8618177752801791
1.835,0.9148010405737661,0.9083638004705583,0.9102671383563226
1.84,0.9400878442136427,0.9272788352244885,0.9269321969662582
1.845,0.9119620762880695,0.8973135818995651,0.8990203185821029
1.85,0.9058575942082152,0.8950851590094437,0.8983163332265441
1.855,0.9502652062978605,0.9374994374354522,0.9370060140507835
1.86,0.9676304145047585,0.9521249147587414,0.9511191467950659
1.865,0.9610860979294642,0.9489428573980995,0.9470087173314816
1.87,0.9896582418858202,0.9805687068515998,0.9735358615755791
1.875,1.0071658754723913,0.9973367524617885,0.9904899478293454
1.8800000000000001,0.9709150770013735,0.9608598188305012,0.9586631423549974
1.885,0.9514178576040327,0.9494619753403702,0.9461538853919985
1.8900000000000001,0.9147661366427062,0.9024994254556705,0.9050533488510809
1.895,0.9026337635061915,0.8975387191961054,0.8987625317873269
1.9000000000000001,0.8860509315762762,0.8754944284589407,0.8719704412632955
1.905,0.886976194073356,0.877433026340333,0.8698168088514986
1.9100000000000001,0.854670118734651,0.8532888775678055,0.8498214132886284
1.915,0.8401529579830138,0.8386428792281752,0.8341076167531168
1.92,0.8422652198944465,0.8408772762932435,0.834342482832956
1.925,0.8754027457409934,0.8682127953295855,0.8676917735241069
1.93,0.8607151201411186,0.8515585817579028,0.8505197353208006
1.935,0.874216902404243,0.8625580421075546,0.863361687448648
1.94,0.8783236186582455,0.8626461067035217,0.8723300449649299
1.945,0.8738804117660569,0.8690521259832408,0.8719401533944601
1.95,0.8794518751001681,0.8760911995609841,0.8772386756549607
1.955,0.9122073380045953,0.9055837438241264,0.9076117735683219
1.96,0.9653423257928703,0.9593432373314116,0.960417714570568
1.965,1.0135919878081123,1.0005434470639623,1.0042511835747405
1.97,1.0481006190161921,1.0429964597889754,1.0315729946998933
1.975,1.0548690622847126,1.0461174557416066,1.042696718547616
1.98,1.0813035648469282,1.0675981598313133,1.070569442351263
1.985,1.079356485937733,1.0674937497353507,1.0724542820389595
1.99,1.0355116334461147,1.020558585764533,1.0234192415226284
1.995,1.0801578703301122,1.075779058329036,1.077129845762715
2.0,1.0454999120188957,1.0362051057661332,1.0415275438912943
2.005,1.0620477599967233,1.050761565931288,1.0545522619087673
2.0100000000000002,1.0994615642369463,1.087028664238254,1.0903174726109734
2.015,1.078349050867388,1.0697875874076517,1.0727100454845944
2.02,1.052029926511103,1.0431409825437699,1.0433472365526806
2.025,1.0569791466459508,1.0442820191856474,1.0496452068666784
2.0300000000000002,1.0753895104449045,1.0637243284561748,1.0669466353236763
2.035,1.0987049569743563,1.0880171898387876,1.0901814844596927
2.04,1.0893748389972586,1.0829095630008674,1.0882405013586485
2.045,1.060467184638758,1.0554801549443982,1.0525217249163417
2.05,1.0784289038404795,1.0709139175343805,1.073812355240036
2.055,1.0361592786239415,1.0356190514989614,1.0347622416571587
2.06,1.0379916587462479,1.0297634848387742,1.027166640504884
2.065,1.0191856763827944,1.0101228464236969,1.010016394012585
2.07,1.0181454328612685,1.0097553573610691,1.0095954407381549
2.075,0.9718001243437062,0.9623027011467131,0.9673741295278494
2.08,0.9230367585711341,0.9080395547360107,0.9137305428281874
2.085,0.9219983370566792,0.9113200400022204,0.9104101240737794
2.09,0.8969495257178258,0.8876195274337584,0.8893081416691769
2.095,0.8875484213985979,0.872134406562329,0.8755474886365369
2.1,0.8528698250397238,0.838324858309314,0.8399689957986309
2.105,0.8414540471957757,0.8344727274498679,0.8346542267240963
2.11,0.8376882500103875,0.8338552499544143,0.8265286186276067
2.115,0.7881976397249797,0.7809292750464134,0.783183083514567
2.12,0.822259133640294,0.813013945926347,0.8169158065244413
2.125,0.8357042095502175,0.8270284615336714,0.8261067784607748
2.13,0.8808714052310579,0.8727435979754898,0.8705623215705192
2.1350000000000002,0.8180202978299188,0.8007162015648278,0.8095434529109924
2.14,0.8196486729414129,0.8133622826252496,0.8138663973162262
2.145,0.8067495214313526,0.7949748360326149,0.7950653719481688
2.15,0.7934615045082418,0.7891134543176485,0.7909651303320779
2.1550000000000002,0.7757976487696272,0.7659333787447696,0.7673929981764629
2.16,0.7736074524270466,0.7648624490482885,0.765912344936345
2.165,0.7320458629318233,0.7280957394890986,0.7301139089997074
2.17,0.6975781567856982,0.688586440875701,0.6875839962223221
2.1750000000000003,0.7328309067464613,0.7287665590919042,0.7246097454721778
2.18,0.7070499330237187,0.7026291344696293,0.6974059247146898
2.185,0.7894613122469054,0.7858591943164734,0.7888464295560843
2.19,0.8489601136347374,0.8460583493613832,0.8441149178213073
2.195,0.8970372498728181,0.8855423868399571,0.8921116106223913
2.2,0.9358906640062999,0.9291632396589057,0.9280771154722832
2.205,0.9598681834902886,0.9570592450500991,0.9545742794811019
2.21,0.9602284558625318,0.9468022017299307,0.9499045217585077
2.215,0.9876268436759268,0.9747411260057701,0.972995823232966
2.22,0.9170629142814519,0.9069285115303545,0.9115538823509932
2.225,0.9127535619355935,0.9086428980376832,0.9112017836497389
2.23,0.8860169688615392,0.8786388660559956,0.8789027497448576
2.235,0.8724268414588412,0.8659067730166226,0.8670855841438085
2.24,0.8692022163651374,0.8570354038363976,0.8572488078566932
2.245,0.8684867346851438,0.8604982298148627,0.860941619733207
2.25,0.9132518166434129,0.9046878792902897,0.907303888179583
2.255,0.9655670518830249,0.9571968225290961,0.9575226424243121
2.2600000000000002,0.9971209298270586,0.9859245443633297,0.9847780291896647
2.265,1.005093509032166,0.9962550728769195,0.9904421045823091
2.27,0.9824093003845793,0.975639816815181,0.9762079873261823
2.275,1.00674155572566,0.9994424705764441,1.0007554088959643
2.2800000000000002,0.9772332609475053,0.9718815192518084,0.9641264632694352
2.285,0.9493180529384945,0.9389537493763417,0.950064492066737
2.29,0.956334002175609,0.9483123061639792,0.9456817669069676
2.295,0.9353899840349323,0.9260825131374398,0.9270098544584657
2.3000000000000003,0.952245399285693,0.9431427767585223,0.9453225478824885
2.305,1.007374506661843,1.0036949301305884,1.0041824222863875
2.31,0.9368195019490662,0.9362575875933784,0.9324808683484123
2.315,0.9066829365669781,0.9032002858138098,0.9031480532319466
2.32,0.903658063281455,0.9006351463515577,0.8995977554847578
2.325,0.9319618874611377,0.9228925338669429,0.9261427448949849
2.33,0.8821813862502532,0.8714813208178689,0.879527371692526
2.335,0.7991333425261241,0.786170359887707,0.7842875298183432
2.34,0.8308798333755516,0.8186512851281651,0.8205524540761088
2.345,0.8087965180622235,0.8063540151697491,0.8030448841893837
2.35,0.8762983833540992,0.8725992384242338,0.8692768961927082
2.355,0.9111877294302142,0.9029536929239215,0.9045587905819855
2.36,0.9535264815519904,0.9424853757768572,0.950264517011895
2.365,0.9426838655760172,0.9318064857657754,0.9373733246060532
2.37,0.8979651925760984,0.8873966754627444,0.8933040933695839
2.375,0.9070739756658291,0.9013134435889099,0.9016483588909079
2.38,0.9537270570217574,0.943610629976894,0.944855531523538
2.3850000000000002,0.9358818919104406,0.9285925905299075,0.9311007577736556
2.39,0.9964514487268006,0.994085419926042,0.9860264771602756
2.395,0.9822006157836571,0.9703916776508967,0.9699383772893817
2.4,0.9818930721751412,0.9787916895459596,0.975239397512558
2.4050000000000002,0.9724400270580438,0.9571245545277335,0.9625929321161211
2.41,0.9453221211889433,0.9411402404473005,0.9368549697989215
2.415,0.8684061248759614,0.8594491587194081,0.8568291340251937
2.42,0.8368848900352672,0.8282318685664103,0.8276367110148627
2.4250000000000003,0.8442167954763086,0.8366367793214513,0.8377464055494841
2.43,0.8500609747327517,0.841850934621543,0.847607669083594
2.435,0.8061075237451689,0.796340497048797,0.7938909585650011
2.44,0.8016668212880661,0.798310555146156,0.8008467402780883
2.445,0.7700012964273032,0.7562324182213884,0.7562973902766145
2.45,0.7622662801876403,0.7563949355277422,0.7569151270615491
2.455,0.7309286053423855,0.7240143638441805,0.7205913392491161
2.46,0.690905366209349,0.6845013691585423,0.6888842525268907
2.465,0.7032002961091273,0.69823566564711,0.6947726159132648
2.47,0.6916205912651467,0.6875168617984487,0.6896815554930182
2.475,0.7216139665024578,0.7124883725222585,0.7075539486399475
2.48,0.7107989072293072,0.7086359361397416,0.7113001238895033
2.485,0.6538672212778499,0.6540905338734645,0.6522899724158183
2.49,0.6700875052282586,0.6670231030206023,0.6708309980751997
2.495,0.674189746963254,0.6733664821953353,0.6742845721438135
2.5,0.7002589767481356,0.689297539681265,0.6945011417569565
2.505,0.7054434636811118,0.7003132149726593,0.6985191398047137
2.5100000000000002,0.6721372835259907,0.6693126126435369,0.6670319572970796
2.515,0.6124408566536916,0.6087344280128656,0.6069524449202254
2.52,0.6304947230680664,0.6312504986693953,0.6339448217641216
2.525,0.6031879783593047,0.6003042578057777,0.6008964940145308
2.5300000000000002,0.5733295049016687,0.5640632063508876,0.5626445171013426
2.535,0.5472257354298095,0.5377207391262134,0.5418895266102819
2.54,0.5791724678494321,0.5748347750772671,0.5748515177798683
2.545,0.5390741288089222,0.5343487520543609,0.5307239523125781
2.5500000000000003,0.5213402974273833,0.5246407877549355,0.5224163160652057
2.555,0.5070868303147336,0.5062636398204755,0.5010247092851666
2.56,0.5614683494232781,0.5563877548581737,0.5558728463369531
2.565,0.5727187143876997,0.5720095838620625,0.5686089377529709
2.57,0.5465286478328512,0.5404583399121232,0.5427965390418027
2.575,0.6151306299446053,0.6029943795819745,0.6015296908057168
2.58,0.6744306299747241,0.6724890925874345,0.669083073199627
2.585,0.7004982777662998,0.6994191305064631,0.6948391386231704
2.59,0.7179244333304362,0.7121225139127711,0.7103681086261213
2.595,0.7706397711051455,0.7630865309577399,0.7560550303081953
2.6,0.7731044787816198,0.7725616411932272,0.7683313912101954
2.605,0.7843094928167519,0.7825254714476754,0.7841787806565986
2.61,0.7871357767491122,0.7787313780362767,0.7815860170087888
2.615,0.7512473858480638,0.7452678428810312,0.7458993390160399
2.62,0.7328620013065835,0.7247140117754933,0.7283074180096306
2.625,0.7486728347146733,0.7422944185358767,0.7440442712903917
2.63,0.7329651981837019,0.7219340325084485,0.7248374689711579
2.6350000000000002,0.740861344091353,0.7362243908405247,0.7328292172074835
2.64,0.7203573125083287,0.7169440180010644,0.7134201250989861
2.645,0.762343301062612,0.7514953115321349,0.753975123984561
2.65,0.7447965729067143,0.7393377798575562,0.7345908148830886
2.6550000000000002,0.6874863793880783,0.6806403329086324,0.6843834187495332
2.66,0.7312617658938722,0.7234648010365224,0.7270832390239839
2.665,0.7959356577071662,0.786859301087744,0.7886348443086678
2.67,0.8421941130707762,0.8436178599607258,0.8434818380041776
2.6750000000000003,0.8892347724105736,0.8777931924356925,0.8797286975040876
2.68,0.9122438792968578,0.9092704915608063,0.9067199613383099
2.685,0.8875610041848057,0.8786324369223283,0.8776726509075508
2.69,0.8295120161720743,0.8313012083827008,0.8289228512966893
2.695,0.8537888501625259,0.8530827728325698,0.8493294422006921
2.7,0.8772152079269622,0.8758657828546362,0.8743658091634974
2.705,0.8706562233290895,0.8703615349073633,0.8697420241659136
2.71,0.8602148687090337,0.8584172465060096,0.8575116734685846
2.715,0.8808229910655289,0.879811284653778,0.8785229980089587
2.72,0.9246470944057535,0.9185242385161663,0.9216805151511563
2.725,0.9039677805164185,0.8944969488424495,0.8973719059533335
2.73,0.8759224398666796,0.870639190517471,0.8711946586613833
2.735,0.8084388814938739,0.8075340139602994,0.8127409326002554
2.74,0.804653204989288,0.7933187277115831,0.7984015579919412
2.745,0.7284579263099852,0.7222342972464786,0.7243039839282102
2.75,0.6508566637984142,0.6381955033060035,0.6426426166775484
2.755,0.6730644427057675,0.6701201210711485,0.6693655566549562
2.7600000000000002,0.7252585282208511,0.720138536071946,0.7193403327042507
2.765,0.7428062182858599,0.730244654139455,0.7339442898039534
2.77,0.6786114033207655,0.673812976272802,0.6689853149070496
2.775,0.7105133492678902,0.7064254481944517,0.7088075606916232
2.7800000000000002,0.7675267263915599,0.7651574996426637,0.7689074189740907
2.785,0.7820378385421666,0.7794200939986033,0.7844967842009907
2.79,0.8084826967586138,0.8091026843195649,0.80789573025955
2.795,0.8490430960911651,0.8427474016656692,0.8509092882547832
2.8000000000000003,0.8570267815220567,0.8519681864770028,0.8578513799755525
2.805,0.969121461467119,0.9683491693904549,0.9645540513051701
2.81,1.0231825524335185,1.0176343674808084,1.0234258030066257
2.815,1.0336407066290645,1.0310214276158758,1.0324612260908128
2.82,1.015381664606786,1.0056536337416686,1.0078067382916274
2.825,1.047753223843704,1.0456195558417765,1.0421393656743831
2.83,1.0123287433866237,1.0085367719406215,1.0117449025808347
2.835,0.9832929869797201,0.9765971113419396,0.9796243069671057
2.84,0.9948903362230537,0.9908997691240233,0.98675358907054
2.845,0.9626170876632887,0.9541089098640528,0.9613436311010769
2.85,0.9531944002864278,0.9532840632226742,0.9557065981189791
2.855,0.9376773499038992,0.9348936676542154,0.9349575842677706
2.86,0.9619298347092338,0.9607461853958341,0.9596171913565632
2.865,0.9845204437469989,0.9820238588196863,0.9860324082717752
2.87,1.0101505816963132,1.0045096485779574,1.0036220979831505
2.875,1.0256947681639685,1.0183776812127427,1.020604489987014
2.88,1.0236617917323294,1.013409167765742,1.0201736430777415
2.8850000000000002,1.0684175375798597,1.0583990109910002,1.0640954414999921
2.89,1.0736559033329665,1.0682050846747346,1.0736682158901283
2.895,1.0825495769437632,1.0750920093270953,1.0783521630206676
2.9,1.0642565675908577,1.0671864147486907,1.0700958614073255
2.9050000000000002,1.0397291337817467,1.0355888098005355,1.044033419933341
2.91,1.0310824908599578,1.0277227272405112,1.0315901734450417
2.915,0.9931329813564651,0.9901857417826067,0.9936734774122505
2.92,1.0198675775518637,1.0112133414995916,1.0180444841624305
2.9250000000000003,1.0431651186957054,1.0305132313373937,1.0404040869166833
2.93,1.088133366248325,1.0852626767018392,1.0903240066846913
2.935,1.103992188405392,1.1030314994583161,1.1018324519292768
2.94,1.0533630521276869,1.0446173398325247,1.0557121008612091
2.945,1.0431427834924811,1.03244045384249,1.036580750027268
2.95,1.0280305318194498,1.0251187391713705,1.027564900936758
2.955,1.0373503734214673,1.0293256774223225,1.033127098283803
2.96,1.0402226378718302,1.0237617610944536,1.0342338009140062
2.965,1.022875653339884,1.0208994706047019,1.023191130018972
2.97,1.0059079730461662,0.9983111431605899,1.0026886602261322
2.975,1.0687538504170788,1.059330465949259,1.068692208681915
2.98,1.002518217889725,0.9939294823761244,1.0020975891096633
2.985,0.8948210144124489,0.8858111216727046,0.8906461868446625
2.99,0.8357691382834224,0.8263058511763133,0.8302137401773014
2.995,0.8608502546036687,0.8551238050621928,0.8614384667052309
3.0,0.9175935428245605,0.9106452676413126,0.9143814987644417
3.005,0.9083044049971124,0.9037441068418149,0.9071701005821988
3.0100000000000002,0.9339702697625866,0.9263280730852286,0.9281101688828852
3.015,0.9260937326660104,0.9194010194895339,0.9275995764897087
3.02,0.8811087073298788,0.8764241071832444,0.8799830993205188
3.025,0.8551935008651405,0.8501556152789972,0.8517684739012367
3.0300000000000002,0.8040679936805383,0.7925720990067946,0.7959913057767971
3.035,0.7974618287230936,0.7883457978468765,0.7895626203412696
3.04,0.7367990139781507,0.7374866314991113,0.73936532606624
3.045,0.7719478550450661,0.7647663650248815,0.7663731063966591
3.0500000000000003,0.7480410625459338,0.7447887467432204,0.7430645506107396
3.055,0.6977747462080344,0.6922061201130666,0.6955880204564902
3.06,0.6818108770253833,0.6840102527799233,0.6854624562530197
3.065,0.713232176417199,0.70777127647422,0.7076487217689481
3.0700000000000003,0.74363824548625,0.7413525180493414,0.739347440403411
3.075,0.7281739692131162,0.7266525191010456,0.7328770812545362
3.08,0.7124899957703309,0.7020973123805564,0.7117177331186159
3.085,0.6783761042056823,0.6745738166027647,0.6781325583519834
3.09,0.7175336887109883,0.7121709770961255,0.714435248228305
3.095,0.6860662038158071,0.674088955582889,0.6784631750758959
3.1,0.7166756778499406,0.7086205333747798,0.7155195212935255
3.105,0.7076981555064756,0.6989630547043757,0.7064831673925267
3.11,0.7308251956041315,0.719668501466802,0.7265249503149936
3.115,0.688460860017601,0.6829455159724558,0.6935151715571417
3.12,0.685564384757605,0.6793435105892429,0.6829536021622651
3.125,0.7069685311471602,0.7071367799476873,0.7057513754820868
3.13,0.756041069405489,0.753152121251111,0.7538236152833004
3.1350000000000002,0.7949358989962687,0.7884207605537691,0.789167771136964
3.14,0.8027672751498945,0.804729856763526,0.8032214860837554
3.145,0.8201837292442519,0.8151593128612225,0.8202914321402085
3.15,0.7889619573333089,0.7818288750269835,0.7783939472688426
3.1550000000000002,0.7744023685019469,0.764867833014376,0.7623577762476526
3.16,0.7010997788466935,0.7002102260289776,0.6975775793765701
3.165,0.7540719464490729,0.7499990889731951,0.7550792226772012
3.17,0.75900249864067,0.7538868564660577,0.7545722746469579
3.1750000000000003,0.7387856935643096,0.7324389668951958,0.7360937897179644
3.18,0.7128626008454191,0.7053838956672263,0.7067598583034047
3.185,0.6280561489467028,0.6312594036076038,0.6306951384389388
3.19,0.6487227772659666,0.6412997169646241,0.6412158378713225
3.1950000000000003,0.6714891016798077,0.6674484142346246,0.668786891461615
3.2,0.6744042800708943,0.6748405217722321,0.673456781555522
3.205,0.6553545957353165,0.6448209762122922,0.6524979976184118
3.21,0.6546078835518817,0.642572795997866,0.6510862735444909
3.215,0.7121103458456938,0.7065088149216104,0.7115373144608381
3.22,0.6654356762316267,0.6617538156712218,0.661971021957259
3.225,0.6692647277509708,0.6651232525789113,0.6685033474745964
3.23,0.5954390848162984,0.5927205975800354,0.5908848961348586
3.235,0.5336320560439728,0.5341467521945606,0.5322429593723104
3.24,0.5061781525725477,0.5013563881765399,0.5056214843669069
3.245,0.55132925541008,0.5483078906609485,0.5557134812376822
3.25,0.5487118877943082,0.5411018475845197,0.544973826698182
3.255,0.5366970831048443,0.5291420498819871,0.5318033138414444
3.2600000000000002,0.5518442653685119,0.5373971337841419,0.5505883270397938
3.265,0.5889386971434246,0.5841368620263517,0.5880112651574784
3.27,0.6115233427265608,0.600160447508004,0.6068442844811921
3.275,0.6038788753371385,0.5944604918279858,0.5989076725057725
3.2800000000000002,0.6250907600644202,0.6213580436675024,0.6251119502324505
3.285,0.6524311745635796,0.6450926353096065,0.6447984517787616
3.29,0.6370836611224231,0.6300791226958065,0.6297128075175509
3.295,0.5964315687273024,0.5928876024759752,0.5984201100079902
3.3000000000000003,0.5133044646038837,0.5135489703899728,0.5225557421877968
3.305,0.5201201650408181,0.5119455901643772,0.5132018734992466
3.31,0.45217949688903075,0.4472586517810806,0.45606050377734547
3.315,0.4569938584980392,0.44778953119616594,0.45356319053052846
3.3200000000000003,0.4659791422173891,0.4623899481405267,0.4637826204480519
3.325,0.42253236681744916,0.42691395776902363,0.4224582979164431
3.33,0.5289388677454674,0.5293127076574987,0.5349810384494657
3.335,0.6025654865589084,0.5982361527561161,0.6027026300893215
3.34,0.6520490390009063,0.6478310349697641,0.6531247379989837
3.345,0.6291354400149514,0.6304678012888859,0.6369373010430978
3.35,0.6614871055092526,0.6577800246892097,0.6601770226926681
3.355,0.672589474520284,0.667229491718202,0.6682567229539165
3.36,0.6735175251746854,0.6716199869894308,0.6750170064069898
3.365,0.6983433035040042,0.6996928740024843,0.6988133376732472
3.37,0.6983702752556796,0.6937482309114025,0.6934846853931691
3.375,0.6890576499922365,0.6832456746735357,0.6887406532896904
3.38,0.7483547021508046,0.7374856213173425,0.7450341742644887
3.3850000000000002,0.7590752988990379,0.7517779679635922,0.7567864068591243
3.39,0.7440677410301918,0.7398740003838572,0.7468851700705167
3.395,0.7246028614981593,0.7194881900070572,0.7240786486409218
3.4,0.6797123528960978,0.6740325552283909,0.6735465367738224
3.4050000000000002,0.7339680884968425,0.7306989959267761,0.7289031619854363
3.41,0.773746689574428,0.7622832930521575,0.7668697033195884
3.415,0.7632912803763776,0.7555797439809583,0.7657394754011846
3.42,0.8146370364892578,0.8113329055301199,0.8207864026368921
3.4250000000000003,0.8911570249948033,0.8900508737210372,0.8959073916317407
3.43,0.8924347635870348,0.8874366962725994,0.8936948298755403
3.435,0.863173769856772,0.8527646644147487,0.8649653170683891
3.44,0.8846813186317609,0.8845089211174698,0.8884011159712911
3.4450000000000003,0.8560294446524531,0.8586522442061487,0.8615253774456125
3.45,0.786907019170756,0.7803000139773467,0.7879807163307163
3.455,0.7891795494072176,0.7842082679158584,0.7893976685143279
3.46,0.8344276889869586,0.8284145939841268,0.8309553671856947
3.465,0.8394115604441512,0.8416089136358144,0.8469281562739519
3.47,0.8624718755276553,0.8648846281509502,0.8634456577280469
3.475,0.871532230329585,0.8715070901514925,0.8761599737371714
3.48,0.8520429176681217,0.8547975700494506,0.8605897574019066
3.485,0.8559727221294902,0.8550544132514433,0.8645738449205796
3.49,0.8776648969206512,0.8745354556756859,0.8839611970468338
3.495,0.8688401717804902,0.8713525945975006,0.8768349298193252
3.5,0.9001845060439154,0.8975298773672111,0.9008169485246265
3.505,0.8751213252438566,0.8739417428487295,0.877163794944704
3.5100000000000002,0.9188411448098662,0.9206927004499614,0.9303657977446997
3.515,0.9635957111336797,0.9625337105558333,0.9708412815072895
3.52,0.9475363383830555,0.9397847677973479,0.9496174545942567
3.525,0.8936311083424258,0.8915613730082679,0.8986500787286076
3.5300000000000002,0.8524267459369137,0.8530131974061882,0.8641423217607845
3.535,0.8193282285443044,0.8161127617522419,0.8209803630581939
3.54,0.8871971600171431,0.8859184454717709,0.8922646695743258
3.545,0.923712168241277,0.9248540462496422,0.9279061388788853
3.5500000000000003,0.942204296750571,0.9409244110323374,0.945490759280506
3.555,0.8372241494327289,0.8331364858197791,0.834604449304124
3.56,0.8176260176203449,0.8194942530399636,0.8221590292608069
3.565,0.7468118153288839,0.7426747492629696,0.7478874800125949
3.5700000000000003,0.7459696558229634,0.7463450249963751,0.7485919115077951
3.575,0.7616405591441768,0.76265006156256,0.7679834064766798
3.58,0.7686861430490651,0.7729917727975231,0.773574059799285
3.585,0.7760257335323968,0.773493396624756,0.7748737947536193
3.59,0.7526413007040811,0.7523695121215228,0.7552034062775451
3.595,0.7689877938454543,0.7726849483738354,0.7695938215853239
3.6,0.7427657603187477,0.7444692046514492,0.7439091456562367
3.605,0.7526895787487492,0.7546173230373394,0.7522526708393705
3.61,0.7623447570248493,0.7690809192514918,0.7695302622232447
3.615,0.7868046840814961,0.7893603110157249,0.7898574562730641
3.62,0.7422926075826519,0.7422002467637783,0.744737177463841
3.625,0.7609831475928068,0.7571816907568591,0.7545137737373674
3.63,0.7501269184412162,0.7517420103701624,0.7483667870102719
3.6350000000000002,0.7771782889444829,0.7763567376309712,0.7718194730481529
3.64,0.7820989571744515,0.7826562664093832,0.7860279539558902
3.645,0.8215741396995345,0.8248098488637058,0.826807524035343
3.65,0.8083918020042395,0.8075564607509834,0.8071347639425906
3.6550000000000002,0.8338144969717735,0.835989814770087,0.8302993380504361
3.66,0.8119251717812473,0.8110328041765478,0.8150534905884494
3.665,0.8241220761553426,0.8254851130786355,0.8280924476937531
3.67,0.8254507203410373,0.8223696504148387,0.8259806372421932
3.6750000000000003,0.8115127965893494,0.8140249599054663,0.8124815760916602
3.68,0.8566568102613752,0.8519705307172534,0.8601400248735804
3.685,0.8268273361401948,0.8254190094659534,0.8284403329582333
3.69,0.8184786110276273,0.8212525619022016,0.8269379185092276
3.6950000000000003,0.8273573018080294,0.831525359089488,0.8314648818630704
3.7,0.8283924033065525,0.8274787982247903,0.8295662126650842
3.705,0.8313597085449052,0.828689958794223,0.8280787104784767
3.71,0.8915187859160464,0.8884054572132632,0.8930249279012255
3.715,0.9083080207821372,0.9124563541468661,0.915289456280703
3.72,0.944056147067417,0.943237916363584,0.9486310455030161
3.725,0.9116673907874457,0.9130990096331191,0.9126055007219305
3.73,0.8833936302036841,0.8769261336846279,0.8825092586080091
3.735,0.8485940702329019,0.8531108405342468,0.8474172725044047
3.74,0.8208372643252864,0.8244914271518748,0.8196216839903222
3.745,0.766340327964451,0.7687315828756637,0.772643356483193
3.75,0.7561751482392975,0.7559327284184811,0.7599221853501812
3.755,0.7747386229406766,0.7748997375479157,0.7777758282237248
3.7600000000000002,0.7432855171409197,0.7468540357118624,0.7482616510395005
3.765,0.7496100472117443,0.7428665737820824,0.7480130392157394
3.77,0.7679002913992108,0.7633797987803583,0.7654002214565705
3.775,0.789572501834814,0.7846090554880171,0.791765295338108
3.7800000000000002,0.7447791437599307,0.7487668945400051,0.7518111357125538
3.785,0.7546366394110704,0.7526734489163888,0.7547589163152524
3.79,0.7701179023880826,0.7670112439888087,0.770252777010659
3.795,0.7506025464975082,0.7490689291636655,0.7530595754131753
3.8000000000000003,0.7328245309362931,0.7279361064267108,0.7255930758148043
3.805,0.7596053171589592,0.758506446953044,0.7610407089619713
3.81,0.7549679508622404,0.7497773934006835,0.7529428899985462
3.815,0.7480757095064168,0.7489472224321175,0.7520376072420677
3.8200000000000003,0.7831723739832297,0.7831651265941811,0.78865197089543
3.825,0.8410704654174136,0.8450787369591555,0.8434536642460158
3.83,0.8066214467389379,0.8088599454561772,0.8120341947279248
3.835,0.8605550685788688,0.8639751342961571,0.8658596018716824
3.84,0.8343172807906536,0.8357144065962483,0.8428164512431001
3.845,0.8263627578230501,0.8267530164908616,0.8289946785769692
3.85,0.7908708003746509,0.7815564819284445,0.7911150062705161
3.855,0.7964805508370555,0.7966298397210831,0.7968050096264888
3.86,0.7703457801104622,0.7698001713163839,0.7700881620916736
3.865,0.7381849790235092,0.7374663831291156,0.7357738541493906
3.87,0.7060548502510501,0.7097827901596259,0.7138538403486417
3.875,0.6907439859695017,0.6889999354373858,0.6952878727212859
3.88,0.6803534292043214,0.6823148124606417,0.6868753452586228
3.8850000000000002,0.6722275196306384,0.6722655504493222,0.6717355849189846
3.89,0.7161201357441372,0.7130341322645747,0.7194100120484991
3.895,0.7462372247704294,0.7487866363089519,0.7513976971484979
3.9,0.7721912063939269,0.7715517534954751,0.7811427052361072
3.9050000000000002,0.7856543189573538,0.7830805883966132,0.7928888607777085
3.91,0.8342913558280187,0.828543230949699,0.8316136168716683
3.915,0.8716208396408164,0.8705642149429016,0.8710703598146071
3.92,0.8570109703502805,0.858561273948524,0.8599243622015638
3.9250000000000003,0.8666443831690905,0.8655275718504468,0.8726733263731454
3.93,0.8504910201830522,0.8499981528959668,0.8563181319017972
3.935,0.9098447048048718,0.9092714953969302,0.9082458358657411
3.94,0.9047298264290712,0.9022827026532398,0.9114108786014423
3.9450000000000003,0.9276509217469048,0.9250725235210588,0.9340515647568083
3.95,0.9458683753374842,0.9499769633637606,0.9505562969933311
3.955,0.9358256830327765,0.941526100638188,0.9436480533767516
3.96,0.9466182497325284,0.9423257898632548,0.9529666272893073
3.9650000000000003,0.9393085111388466,0.9402473280113597,0.9451436519567759
3.97,0.9097474172412119,0.9105057959329711,0.9189180694711874
3.975,0.9510330073596173,0.9488805128953007,0.9558096380124972
3.98,1.0150640867105771,1.0111914179101855,1.0162676942795585
3.985,1.0009041618045245,0.9969450118231798,1.003459565438894
3.99,0.9987994875816183,0.9941538708810398,0.9997165147984468
3.995,1.0239076688561863,1.024299804003407,1.029985146487749
4.0,1.003491535096154,1.0077194658785014,1.006550873977228
4.005,0.9825948663164168,0.981530767411184,0.9877703032749021
4.01,0.9432801602941476,0.9421916620331587,0.9453320456389633
4.015,0.9191325117629804,0.9197950668056081,0.9252160178337354
4.0200000000000005,0.9211631324744392,0.9156699002692298,0.923372471811835
4.025,0.9194816268865899,0.9140867534176329,0.9204790271079067
4.03,0.8400450356520439,0.8371022243857197,0.8444516752848686
4.035,0.8076103467663119,0.8144103550496711,0.8093929607003855
4.04,0.8069323473835307,0.8098234341092416,0.8123507892481281
4.045,0.896229323294462,0.8934944529392415,0.8961210401099428
4.05,0.8907310415532723,0.8925171022444779,0.8925538609311873
4.055,0.9025414983514092,0.901004069947339,0.9150641009486287
4.0600000000000005,0.9688999799382291,0.9659229822575246,0.972608216714788
4.065,0.9606375763621402,0.9567572310987901,0.9652844832699913
4.07,0.9606374554791807,0.9554139862031783,0.9646356870031875
4.075,0.9835680252141533,0.9792444808827534,0.9891700355612985
4.08,0.942702184099051,0.9397574777814605,0.9439974086439605
4.085,0.9636561460286389,0.9608545010307572,0.9641712985399434
4.09,0.9835216371031381,0.9814455172525924,0.9886585683958726
4.095,1.0119070344923344,1.0116083900904613,1.0180812243175157
4.1,1.011063529621453,1.0073623666845961,1.01665530320676
4.105,0.9866366140315455,0.9792726744236658,0.9854652953175467
4.11,0.9714267304762337,0.9764248750573687,0.9795310735674446
4.115,1.0015513406144674,1.0067462230157798,1.009501680635245
4.12,1.070030520292371,1.0768286408938919,1.0749353940166881
4.125,1.1263381891173003,1.1287766273605284,1.1327057080604341
4.13,1.1364137542901498,1.1326985233774793,1.138140054046277
4.135,1.1246713604823377,1.1244261999901979,1.125311418221459
4.14,1.130501916277834,1.122586679667897,1.1291476509577394
4.1450000000000005,1.0740900660844825,1.0801499851836103,1.0844034191916636
4.15,1.0887659521469095,1.0867868928500168,1.0893822487068587
4.155,1.1233034256117855,1.1106152098361346,1.1276012058732034
4.16,1.1233061102201796,1.1234632085562017,1.1323360832430316
4.165,1.1119024859703188,1.106801472923569,1.1164811943924164
4.17,1.1515664976143156,1.1489820711832426,1.1546852144353894
4.175,1.1679939090953257,1.1651694811972428,1.176287926487566
4.18,1.1691571622370318,1.169308109906525,1.1749373372806802
4.1850000000000005,1.1527377217287431,1.1445408400043355,1.1520095718109176
4.19,1.1605188836498836,1.1494459757807056,1.160907441901927
4.195,1.1715684413167082,1.1667935038432364,1.177046151559143
4.2,1.228656821167973,1.2196722890684069,1.22574320750794
4.205,1.2446329214949579,1.2421057049959883,1.2446931602649904
4.21,1.2518435356953488,1.2472844117475421,1.2537971861253265
4.215,1.2431185734905932,1.2420665409025962,1.2487548662005294
4.22,1.2629199727480243,1.261126393699894,1.2651344147677765
4.225,1.2573837649834858,1.2555958097935875,1.2610980356512134
4.23,1.2939852430683552,1.285192540904159,1.2909245298627976
4.235,1.2788673971504352,1.2761602749557346,1.2782099874187005
4.24,1.27806024424657,1.2830597508790829,1.2819225484748122
4.245,1.2712686419017334,1.267949715381414,1.276373914358905
4.25,1.2160965348124535,1.2145396374119117,1.2181300203797627
4.255,1.2327302082523746,1.2303800780929868,1.242099776478094
4.26,1.228194930718219,1.2242827535673597,1.2376139687392027
4.265,1.183357637681009,1.183136613751086,1.1868310284782504
4.2700000000000005,1.2082355505508127,1.2017558383893872,1.2062320723924471
4.275,1.2591993198386098,1.2592147940978706,1.26160527967688
4.28,1.2630643076703434,1.257825664114533,1.2653263690160785
4.285,1.2544285889378055,1.2492324448289558,1.2562921644625273
4.29,1.2521447334457798,1.2548603921312844,1.2638176161839862
4.295,1.238667517188673,1.2322313381808914,1.2397000430466913
4.3,1.2494190369047573,1.2493714213280396,1.2566097713217705
4.305,1.258938455193553,1.2562775296177207,1.266841233186569
4.3100000000000005,1.2778345496278003,1.2765582949511016,1.2825415273087977
4.315,1.287190616446833,1.2838123505508645,1.2882414087233918
4.32,1.2987825378705862,1.2973902034702098,1.3065425555766614
4.325,1.2517204716343306,1.2470408501559391,1.2510888156129216
4.33,1.220386248301563,1.2204934881279317,1.228617187067377
4.335,1.1813767972553029,1.18035823959797,1.1877723699679723
4.34,1.1244283763633602,1.1221711628595135,1.127381183884014
4.345,1.171327055002557,1.1669604360953667,1.1726280555472006
4.3500000000000005,1.1686325240848037,1.1604361946246866,1.171130519787041
4.355,1.159172346152227,1.1621121020144884,1.1688495421472294
4.36,1.1692533500918962,1.161535360603238,1.172837495055274
4.365,1.2091409651817167,1.2102720735083823,1.216176979091938
4.37,1.2290851550770125,1.2301104190514647,1.24126299340412
4.375,1.2111202250012172,1.2161465080715554,1.2228916200457838
4.38,1.2234103665063436,1.223420368149314,1.2280387188534698
4.385,1.2501763649197766,1.2499006399763848,1.2474001683061948
4.39,1.2829512241681367,1.2805217188503848,1.2903911979283587
4.3950000000000005,1.275101894022723,1.2691567297637874,1.2860763539860995
4.4,1.3078410520402433,1.3046557671041386,1.311021668138028
4.405,1.3486777478629974,1.343717065971568,1.352012887869141
4.41,1.3059767874641541,1.30638294769552,1.3188525621345695
4.415,1.2457517368561657,1.2437882788802095,1.2562637334705216
4.42,1.255732167023011,1.2559451597859845,1.26577093628225
4.425,1.13725347936737,1.1278681004948798,1.141926466758836
4.43,1.1358034303830988,1.1308105748910042,1.1402606494441991
4.4350000000000005,1.1168727528194837,1.1171587324965264,1.1249843212090953
4.44,1.1331630034724685,1.1360680706405193,1.147086184007524
4.445,1.2223159182042398,1.2242849885326992,1.2300190303301133
4.45,1.217685363235747,1.2183758921372643,1.2320525547979992
4.455,1.1858178900143943,1.187733782033945,1.1930050603917155
4.46,1.1855146241177723,1.1867221011714921,1.1895130439619948
4.465,1.2508695995833619,1.2489762749491617,1.254773553026384
4.47,1.25916203638616,1.2576821215934126,1.262898395823637
4.4750000000000005,1.2287815184699682,1.2250477050562762,1.2316681804446719
4.48,1.245703984191271,1.2505121344321748,1.2529415272462598
4.485,1.2210588020690492,1.2226792267484647,1.2321547896215785
4.49,1.2020058796702426,1.1996800114740802,1.2043184925232666
4.495,1.186312628185038,1.191733176056713,1.1938674964216678
4.5,1.2260427504064084,1.2241952642467766,1.227297810637725
4.505,1.2054676789060939,1.2020060156515666,1.2137137894575847
4.51,1.2375167856615106,1.2376570293827598,1.247192548566086
4.515,1.249809081540342,1.2453652120915204,1.244924942819054
4.5200000000000005,1.1922192814602521,1.1918490938534774,1.2016625869591706
4.525,1.2631259443197511,1.2580967533330523,1.2631617154105086
4.53,1.2477198982705346,1.2426753744847818,1.258408071951598
4.535,1.2608000775166521,1.2617380259785003,1.275561947947483
4.54,1.2991975509271156,1.2964079285188186,1.302395357051799
4.545,1.305480732994438,1.305970728440424,1.3144549890840205
4.55,1.2831430082131527,1.2842758726636394,1.2952273388953115
4.555,1.234173074175295,1.230978200675561,1.2440877326602786
4.5600000000000005,1.244026586009307,1.2466889806139896,1.2500176172972293
4.565,1.2202356072072709,1.223585272387946,1.2320946641098582
4.57,1.2826075483009076,1.278895403317863,1.2896398533443696
4.575,1.2150167200141273,1.209009043252117,1.2234528683620964
4.58,1.16447505938595,1.1611074077890544,1.1727395476799505
4.585,1.213624797343503,1.213095759776995,1.2213108990267616
4.59,1.2174426359638821,1.2139336781025063,1.2254181505914898
4.595,1.2230704834364825,1.2353416013110683,1.2367729089427528
4.6000000000000005,1.2421868109929077,1.2401366030046983,1.2546077037900782
4.605,1.2304836577466352,1.2346669774084829,1.2409584597101992
4.61,1.206144410576305,1.2072024063334497,1.2170830067518157
4.615,1.2084749958002108,1.210643660239601,1.2205762872900927
4.62,1.1837192957022842,1.1808161407478477,1.1961827434355867
4.625,1.198202008980038,1.1950329313674999,1.2028689352943571
4.63,1.1470671775236119,1.149730138415783,1.1554576653292763
4.635,1.173484691214155,1.1762221866199873,1.1825704496965306
4.64,1.171734338776598,1.1750771248626406,1.1787596610677915
4.6450000000000005,1.1764138880003578,1.1806964288222197,1.185183391972245
4.65,1.1437694015362545,1.140071581757432,1.1501521839904245
4.655,1.1282829761573694,1.1279062626735092,1.1378912141322552
4.66,1.1444585392825224,1.1493630223553886,1.1547674009754516
4.665,1.0908269776396333,1.0907949360087512,1.0997102361721192
4.67,1.152334046350532,1.1502009243558775,1.1580463025696006
4.675,1.1462838762941627,1.1468928213475929,1.156055715537133
4.68,1.2270644281500203,1.2288851362140671,1.2470836595152326
4.6850000000000005,1.2133926509585204,1.2146448560910619,1.223563202803798
4.69,1.2537039889965724,1.2583272436247668,1.2634880152914283
4.695,1.327202765603621,1.3294951843608385,1.339271977763851
4.7,1.2882786678213927,1.2858534315388919,1.2955195896911516
4.705,1.2983791422829636,1.2962684232943416,1.3087733356247961
4.71,1.250975663934185,1.2520641995752468,1.2636159805539686
4.715,1.3003502504667548,1.299251225726388,1.3078363297445421
4.72,1.1873764238116373,1.1902597210901018,1.1950641234010293
4.7250000000000005,1.1812959357193844,1.1832839814481628,1.1981731471269832
4.73,1.1539049781212771,1.1548381253518014,1.1617006881860221
4.735,1.1682966707739078,1.1760720095679835,1.1831768046555857
4.74,1.1396373219077538,1.140205518644316,1.1484131705571845
4.745,1.1224756024290363,1.1349026537878384,1.1434625770145135
4.75,1.1680755548963548,1.174644651079215,1.1817816526872744
4.755,1.1402527346956617,1.1393542858013976,1.1502804805436688
4.76,1.0933752295965984,1.0973510656106382,1.1046863158560372
4.765,1.1039528845450357,1.1113355081324292,1.1241643232084766
4.7700000000000005,1.1411248898101702,1.1448862571063152,1.1577875858605111
4.775,1.1084391717923003,1.1061118568968253,1.1189234930798317
4.78,1.1370748004374176,1.1443044367573405,1.1550970127918965
4.785,1.1538227482662808,1.1536004510112108,1.1652515586888006
4.79,1.133221566034338,1.1311624362685349,1.1439802184546375
4.795,1.1585491497991594,1.161548293391112,1.1679822638505546
4.8,1.2444311552795833,1.2454459587341233,1.2512181188837828
4.805,1.2247569196294708,1.2275031173686186,1.2379372442469463
4.8100000000000005,1.2349399243246215,1.2381761509422669,1.253677844925704
4.815,1.143104338644276,1.1448675264051347,1.153910511637465
4.82,1.178673204341125,1.1852022251268162,1.1916092078295675
4.825,1.1544347709693321,1.1621521317690473,1.1713916817539551
4.83,1.0982928270846777,1.1022037114380165,1.1163378577889365
4.835,1.0673031735561085,1.077549991614392,1.0854644320187246
4.84,1.0710580255366613,1.0682054902842963,1.0800994228760932
4.845,1.0045958985450574,1.0057268613592825,1.0210189178739466
4.8500000000000005,1.017273373085493,1.0201775786847398,1.0320148433920868
4.855,1.0681977718682911,1.070199032562926,1.0843941615365682
4.86,1.0622702833175715,1.0593250028389327,1.07337901242349
4.865,1.0444047485984336,1.047691789648878,1.0527343183399138
4.87,1.0906727710507997,1.0936973263749177,1.1073851709854958
4.875,1.075634516721484,1.078587070001332,1.0905211672222268
4.88,1.0572709337835422,1.0554572864341039,1.0683257165987026
4.885,1.1004578380699068,1.10237672618035,1.1142493346123292
4.89,1.0544276855842238,1.0589272157422152,1.0724163708364718
4.8950000000000005,1.060307932014353,1.062728721836438,1.0739245459748328
4.9,1.0514792883594113,1.0549890441458367,1.0667021476612157
4.905,1.0343760530304555,1.0396285131740126,1.0550918728210137
4.91,1.0792990687624282,1.079348701923125,1.097620556522759
4.915,1.0808729784578832,1.0809143207246004,1.094703165254483
4.92,1.1277728172033163,1.1265260826432553,1.1382597982102443
4.925,1.1193289005320544,1.1193744437766167,1.1349994243831774
4.93,1.1636227543746023,1.1664336663596175,1.1830054061395736
4.9350000000000005,1.2125604226952675,1.218547815462335,1.2286785600027528
4.94,1.1901224022422332,1.1928737430273262,1.20819860208029
4.945,1.2243708055835105,1.2260417666949301,1.2401045058922893
4.95,1.2663409687516158,1.2679805788073588,1.2792120860022533
4.955,1.2291293948605801,1.2241882763349388,1.245773805734558
4.96,1.2324109909254493,1.2284956059554455,1.2400933636305214
4.965,1.2803652672516217,1.2801217194948915,1.2913504707957528
4.97,1.340402767452681,1.3425568917144735,1.3578281255093687
4.9750000000000005,1.3368460820757697,1.33987162372326,1.3503259040193931
4.98,1.3016569360654766,1.294404116135384,1.3132648039098875
4.985,1.2915563964625116,1.2945544863861118,1.3084106688618524
4.99,1.252345468230225,1.2520506784974774,1.270743612523656
4.995,1.3039516648722755,1.3005279277994177,1.3173262490759672
5.0,1.2963215214786135,1.2936140489088888,1.3073194183063919
5.005,1.2899370455437822,1.2916141200762132,1.3066568429559424
5.01,1.282926155655791,1.2890307831908354,1.299388342411362
5.015,1.2706307742011003,1.2729886169171303,1.2809454390221913
5.0200000000000005,1.2245412711436061,1.2300646895082974,1.2423369347217372
5.025,1.1203327836971493,1.11990431975939,1.1347612539002452
5.03,1.1533961475852457,1.1526457460244248,1.1632183822747022
5.035,1.1794096747850118,1.176404964012811,1.195946426589031
5.04,1.1246967821349743,1.1191593298719738,1.1385772967736483
5.045,1.1218351939531725,1.121024956467166,1.134229352772345
5.05,1.0225946214123511,1.0224337788195534,1.037377255413722
5.055,1.0329702286629188,1.0280995313676158,1.0435751271028353
5.0600000000000005,0.9776303745313512,0.9798746619322185,0.9921182226493115
5.065,0.9952991527249858,1.0027748421170997,1.0145063381205444
5.07,1.0618819350026047,1.064926595238261,1.0781905205409477
5.075,1.1153391148338725,1.1151719686510286,1.1339321749597309
5.08,1.0922019672341414,1.0887539450645403,1.1075741248031328
5.085,1.0531433855230292,1.0551101839182506,1.070949604169603
5.09,1.100238932244525,1.1002637205945602,1.1180487919228599
5.095,1.0888010012322893,1.0882826947420317,1.1060406324994931
5.1000000000000005,1.0044761306168404,1.0038719261201516,1.0177827887346416
5.105,0.9449941148178135,0.943765740416233,0.9625357493762196
5.11,0.9616778623667446,0.9632447277296691,0.9809351751388343
5.115,0.9915745655427342,0.9921273578227345,1.0080825039688666
5.12,0.9431971483166011,0.9489903458088723,0.9599535445969011
5.125,0.9835666848261687,0.981887131123371,1.0038456366718564
5.13,0.9510512704807144,0.9549753799904568,0.9739192124625883
5.135,0.9140119486736739,0.9152517048562825,0.9318181851324996
5.14,0.9078953004281776,0.9101397490147535,0.9210335992842233
5.1450000000000005,0.9057525410593978,0.8991187513142174,0.914440607839215
5.15,0.8945956644078941,0.8943493593112376,0.9101424886666589
5.155,0.9050193734668078,0.9014170485742495,0.9177517704596468
5.16,0.9024534535034554,0.9046778914542583,0.9162592012490793
5.165,0.8983290269519162,0.9033796812640402,0.9079250434815935
5.17,0.9205143319104215,0.9169922950411414,0.9317774998045101
5.175,0.868630702547674,0.868624996219999,0.882858606466543
5.18,0.8745087567272086,0.8698909625093879,0.8884291789228996
5.1850000000000005,0.8994344236432786,0.900716552477515,0.9155256155074242
5.19,0.8555576267424938,0.8505853168392564,0.8671313831501262
5.195,0.8270670839178905,0.8176711193338612,0.8425193141716936
5.2,0.8012492494273026,0.8003241361480731,0.8208150833402247
5.205,0.7493166172205055,0.7466081587653935,0.7582513141114252
5.21,0.7911164348965021,0.7919469975439761,0.8033956886240871
5.215,0.7709419335062684,0.7707915258849999,0.7843874084005296
5.22,0.7554351101607882,0.7602357469205023,0.7696565148655239
5.2250000000000005,0.7716729366018821,0.7717979291298037,0.7883803838023908
5.23,0.7882125476757538,0.7873743735517097,0.8068370505635389
5.235,0.7995587089007559,0.7980385265163691,0.8062850990161441
5.24,0.7954941582441637,0.7956137188189445,0.8110802382777997
5.245,0.7892983968564866,0.7891984226807127,0.8006846852546919
5.25,0.7886046606056887,0.787102106362753,0.8036024054369746
5.255,0.8291711228881444,0.8308226498966643,0.844061078833222
5.26,0.8987735762737783,0.9007773634036449,0.9106574270711115
5.265,0.9056667251207428,0.9001180879008562,0.9108686514740273
5.2700000000000005,0.8816502516954025,0.8865035152401438,0.8997541141756037
5.275,0.9309621496927948,0.9252197080242209,0.9366306897932584
5.28,0.9233336495995029,0.9201479757652704,0.9335570261973812
5.285,0.8579176605802983,0.8570741318798268,0.8673987005078104
5.29,0.8051821672455537,0.8028437663551868,0.8215182202984137
5.295,0.8127609312495548,0.8122894378317744,0.8240680653308539
5.3,0.8275437014174379,0.8283858192053838,0.8363803559239655
5.305,0.8766726757285589,0.8720114845815427,0.8852361154015319
5.3100000000000005,0.8778234295091035,0.8790829042615691,0.8876771049128527
5.315,0.8901653033664838,0.8884459480164283,0.9001131373828569
5.32,0.9181152159192087,0.918529080902746,0.9285205049921488
5.325,0.9242237174046691,0.9226840577860331,0.9327007534648261
5.33,0.9262680930035675,0.9297700438320354,0.9415527217402339
5.335,0.9421973559649919,0.9410295824186363,0.9509334297591551
5.34,0.8806289061287061,0.8779757992022145,0.8917341765630027
5.345,0.8924949273714663,0.8938773445501488,0.8991082940086972
5.3500000000000005,0.9192127702191972,0.9190474287544822,0.932613383942529
5.355,0.9080822400571671,0.9089690192693294,0.9207293646066846
5.36,0.9341777432201781,0.9326775932750534,0.9479779496290374
5.365,0.9341510273060839,0.9370178849011332,0.9483274344704432
5.37,0.9729403677984856,0.9754408081795586,0.9880397420647996
5.375,0.9954074363937347,0.9946541773884148,1.0054850854512338
5.38,1.012977399294779,1.0083596102040966,1.0213825731429673
5.385,0.9872225841716415,0.979501450876485,0.9946577442437157
5.39,0.9857346089403989,0.9827164908816032,0.9985479945381553
5.3950000000000005,0.9773388385541079,0.9711004971486326,0.9835474448920096
5.4,1.0154270625885704,1.0147460594425972,1.0234745033999328
5.405,0.9577388846950423,0.9542473916957962,0.9701212394063009
5.41,0.9290283549025411,0.926608930819993,0.9419293187662628
5.415,0.9142355557116153,0.91251073196401,0.9269347278437882
5.42,0.880030218909873,0.8779991998669381,0.8955945722241223
5.425,0.8953502786180173,0.8967614493899955,0.9089125496757239
5.43,0.9002488782537333,0.9027320158931438,0.9141008090046735
5.4350000000000005,0.9336963007406722,0.9327603231881316,0.9523580919700064
5.44,0.9609275252264522,0.9593468193487077,0.967767097145941
5.445,0.9307058434210118,0.9290912593363242,0.941316896374066
5.45,0.9651305508735702,0.9623700877077033,0.9787918361260908
5.455,0.9610406406254596,0.9617281045654149,0.9703581171107456
5.46,0.9381733329725859,0.9314203938500166,0.9492052947716602
5.465,0.8902435896426518,0.8878204733340005,0.9007619977314754
5.47,0.91626617329518,0.9169665825005353,0.9321136862918699
5.4750000000000005,0.8476660722989258,0.842990310441139,0.8572675114832836
5.48,0.7683594422298549,0.7612585219215139,0.7802633604325198
5.485,0.8219339478928723,0.8166264720368878,0.8275777616100093
5.49,0.8145555826063492,0.8085943244264605,0.8244370937444406
5.495,0.851103727822648,0.8436559749695851,0.8592391213780759
5.5,0.8430440348688519,0.8377857244331463,0.8510163097824937
5.505,0.7863839290197925,0.7810138719974996,0.7944660494708463
5.51,0.8235102719447225,0.8165115254117028,0.8335603562937036
5.515,0.82510112688141,0.820975569764272,0.8288744956948132
5.5200000000000005,0.8583987142056506,0.8575901823913664,0.8662411109215319
5.525,0.8768744579698234,0.8734972101414253,0.8830332535270685
5.53,0.9230754726693903,0.9252388243261709,0.9316660172674232
5.535,0.9380699986111553,0.9411414093436222,0.9508884028808289
5.54,1.016361850827999,1.0124860460929874,1.020762548487529
5.545,1.0029104991477842,0.996028496298006,1.010276737526892
5.55,0.9767375017373497,0.9659838345627176,0.9839520176318312
5.555,1.001698675488422,0.9968432308455187,1.0123493780219146
5.5600000000000005,1.0298702185708413,1.029673355191976,1.0444984643199136
5.565,0.9812335884549626,0.9765289689623066,0.9911354136598686
5.57,0.9213002047643964,0.9180350351626068,0.931327361196473
5.575,0.9320447291077615,0.9302604808138483,0.9413496690770693
5.58,0.8974971498208689,0.8912726189546669,0.908142486300624
5.585,0.8383220717682898,0.8379253676001757,0.8469306676820891
5.59,0.900910733365254,0.8967379061543059,0.9125102289795236
5.595,0.852894739942609,0.8516912364603463,0.870891724448778
5.6000000000000005,0.8395029431217357,0.841038742780307,0.8508166034764508
5.605,0.7998193736128022,0.7986735822934362,0.8101937716311128
5.61,0.8388213571712285,0.8395805353459035,0.8539472742251242
5.615,0.8872648906185883,0.8887388545651169,0.8990310882349918
5.62,0.8412825386487683,0.8424892831263312,0.856784162286068
5.625,0.8327751393578211,0.8308852921136346,0.8465484634608993
5.63,0.8568424458242189,0.8529422899027467,0.864817068428081
5.635,0.8148450828940015,0.811499381096759,0.830479463567993
5.64,0.8295972879208604,0.8299785162173969,0.8418043595186467
5.6450000000000005,0.802385790654499,0.8020637829961144,0.815486518220515
5.65,0.7621001291330912,0.7609769399208346,0.7756208971405973
5.655,0.7782802296810706,0.7771233273272977,0.7897144609229639
5.66,0.8402103769717437,0.8404272769864423,0.8524788073637172
5.665,0.8995327279032946,0.8913395565302232,0.9078492741623638
5.67,0.8579996536397319,0.852162144135858,0.8714113262319274
5.675,0.8768530785612054,0.8723830430704644,0.8820774326994383
5.68,0.8818885903821911,0.8790216538724852,0.8940084318318365
5.6850000000000005,0.8836424284744587,0.8799810205577775,0.8957189515098184
5.69,0.8651745191515836,0.8665214483489545,0.8786583078630703
5.695,0.8563161954284503,0.8526936635031135,0.8698623310135972
5.7,0.8880123094045845,0.8792821076549021,0.8957163704784895
5.705,0.9068392297958255,0.9051001455598533,0.9214490146586855
5.71,0.8833130468566753,0.8825842181507008,0.8996660413156022
5.715,0.8741443916463872,0.8744334435317569,0.8894263724667058
5.72,0.8778628868290594,0.8725211407539157,0.8864733430758633
5.7250000000000005,0.8776728321148077,0.8741050546030515,0.8911946331432706
5.73,0.9292356169584863,0.921823350657693,0.9354695727825932
5.735,0.8750404637713656,0.8704090487612167,0.8878566420127227
5.74,0.9605981026719099,0.9520368181323122,0.9674581826669498
5.745,0.9199640764751665,0.9147314287217934,0.9281315222769241
5.75,0.9060062048636078,0.9012656679406037,0.91858948002419
5.755,0.9313199182891139,0.9221808966603493,0.9423279962947717
5.76,0.9801947387349654,0.9779874164506248,0.994586249559844
5.765,0.9065619616378533,0.9057953274111203,0.9149342720070548
5.7700000000000005,0.895427883761065,0.8911652671613508,0.9030514961125123
5.775,0.9064870860661027,0.903438457293728,0.9163108238212222
5.78,0.9164125571399847,0.910869851902498,0.9258059880586591
5.785,0.9636418655655125,0.9600343124846369,0.9725064814366099
5.79,1.0049180564618134,1.007880746104063,1.0244258496559608
5.795,1.011498915964441,1.0131894774116583,1.0216961958706166
5.8,1.0062552384119152,1.0075321655721239,1.0173122714417129
5.805,0.979187978761786,0.9746708176199302,0.9899053252208794
5.8100000000000005,0.9861298987889846,0.9886370056310712,0.9974087748401322
5.815,1.008778301286382,1.0097093259172272,1.0277047070598853
5.82,1.0543705935121748,1.053951694853878,1.0647508145588536
5.825,1.0148309551381298,1.0129350750917487,1.0268145886716564
5.83,1.0318078541136066,1.0263442249711316,1.040539766460773
5.835,1.0090614690334698,1.0052916329564339,1.0148715856620085
5.84,0.9984825609418191,0.9980239335871368,1.0133068175146507
5.845,0.9536040450821117,0.948882321196318,0.9651701308308102
5.8500000000000005,1.0197010142362977,1.0199334878906692,1.0335490482911498
5.855,1.0098837988528138,1.0122255722241307,1.0273647616585768
5.86,0.9787375882152581,0.9757814177796649,0.9896072074989923
5.865,0.9582822544293966,0.9563051042439255,0.9701171456532888
5.87,0.9435229768437875,0.9372524677199673,0.9557400394351431
5.875,0.9467678504126522,0.9520355882835053,0.9589441302941841
5.88,0.9650805911026827,0.9664636760872365,0.9791581493538579
5.885,0.9221980492802364,0.9197504639878706,0.9312806256660003
5.89,0.9528876754791531,0.9483659607215406,0.959997981668491
5.8950000000000005,0.9447358623720087,0.9429670179247115,0.9573873883422067
5.9,0.9305282784207276,0.9328338019983492,0.9441661690123784
5.905,0.957245288916312,0.9525206234699073,0.9661538285179436
5.91,0.9398378399211634,0.9415676768430694,0.9483456005510686
5.915,0.9948922963431618,0.993209966344423,1.0011032717335044
5.92,1.0403563551355408,1.0404863542777996,1.0542061092772566
5.925,1.1065399760247732,1.1063148975536303,1.1215039974685415
5.93,1.1068947408310217,1.107502321349003,1.1221896893371148
5.9350000000000005,1.1058499028121016,1.1068567242661014,1.1167644664522012
5.94,1.1176795340195596,1.1159294731967448,1.1279306191765819
5.945,1.1939608200721337,1.1986099183008687,1.2099985023479236
5.95,1.1177677170631988,1.1119841770130754,1.1269004972388015
5.955,1.1348902887435532,1.126251653682647,1.1478565016686086
5.96,1.1079893811507942,1.1048755632769982,1.1190055663299059
5.965,1.1261229261963197,1.1208516197983482,1.1352497069999954
5.97,1.1046084448209,1.0994416807089777,1.1092868699234417
5.9750000000000005,1.081911295853537,1.0780248368878282,1.090449062015767
5.98,1.020313607342906,1.0229361106949713,1.0331144561254724
5.985,0.9610708354800417,0.9633825260094062,0.9789467438671655
5.99,0.9637134490635062,0.9638707521936815,0.9672291859916993
5.995,0.8762111268636068,0.876193673172262,0.8908557520203854
6.0,0.8935669239001905,0.8967128280161794,0.9080065571726176
6.005,0.9059208775702722,0.9062565334274507,0.9210630362606479
6.01,0.9236374909895098,0.9198123086054241,0.9334441711191868
6.015000000000001,0.9770804846876706,0.9719629127647041,0.9900090499619872
6.0200000000000005,0.9460599543838926,0.9506602343402957,0.9610967634221537
6.025,0.9347175233168614,0.9343634063872979,0.9504243330480887
6.03,0.9504915479376632,0.9510855674440162,0.9691229317842125
6.035,0.9286260938082859,0.9310861504115759,0.9433070209283518
6.04,0.9207215664921528,0.9110743626278464,0.9270254425709491
6.045,0.9252312105543561,0.9210658304242574,0.9366841234956915
6.05,0.9600056012564988,0.9558606548559249,0.9662258820937272
6.055,0.9370648016423115,0.93502934638663,0.9526856227345575
6.0600000000000005,0.9408585179756318,0.9360343332044591,0.9505977941640157
6.065,0.9329303955893192,0.9340391944807017,0.9489019762516472
6.07,0.8967015707842946,0.9002390580863202,0.9124640066523868
6.075,0.8857110657242228,0.8869917385296328,0.8965176587992623
6.08,0.8694806774527137,0.8715964190395983,0.8791954917014778
6.085,0.9157007766480029,0.9222353857780119,0.9351455409454313
6.09,0.9168444037167827,0.918892623722604,0.9347327365678074
6.095,0.9304374612288101,0.9228078736715218,0.9393630586141766
6.1000000000000005,0.9025697799136756,0.9043444733911814,0.912032255060654
6.105,0.8612463941919856,0.855169622729758,0.8666182158834089
6.11,0.9158026752461873,0.9113267179137917,0.9249421784877908
6.115,0.9333479062713403,0.9272923085619321,0.9447870979158319
6.12,0.929423304340656,0.924124177845939,0.942065816309152
6.125,0.9056822160800393,0.9013447934885948,0.9118533845498105
6.13,0.9153323538352707,0.9132327754395211,0.9225767366028869
6.135,0.9032866377477273,0.9001001260192407,0.916557513973615
6.140000000000001,0.9164894131615826,0.918448239349872,0.9299802840144813
6.1450000000000005,0.8810141627675752,0.8732855765621251,0.892898905979571
6.15,0.8897011502047746,0.8884064044269131,0.9006550860664467
6.155,0.8644346237602079,0.8624642413513198,0.8784520539051103
6.16,0.8752455597002626,0.8791372145972527,0.8925823385387349
6.165,0.9057930400757298,0.906146048919296,0.9175576707768656
6.17,0.9053127371477241,0.9023861182761074,0.9120431576787631
6.175,0.9345532411069372,0.9317270195237283,0.9468178290083019
6.18,0.9730432291267797,0.9688233109929933,0.9769033702396831
6.1850000000000005,0.9615286661253376,0.9598205975040278,0.9729109953471209
6.19,0.9616734693340111,0.9574754728465439,0.9754380006077812
6.195,0.9874867624777005,0.9813460020097736,0.9996363801352275
6.2,1.0084107220491203,1.0048486896579194,1.0177364062024814
6.205,0.9063313019856688,0.9080269993935508,0.9188701671221896
6.21,0.9209486553043438,0.912629828234996,0.928353711791783
6.215,0.9278795822310889,0.9259712494782681,0.9414469965436753
6.22,0.8542100694170713,0.848278939351694,0.8663117910221452
6.2250000000000005,0.8532869829094487,0.8510176531141544,0.8654703144059105
6.23,0.8584239530325765,0.8599136198876214,0.8668787989419016
6.235,0.8438126340108003,0.8490318403317347,0.8622381490022206
6.24,0.8003963160338392,0.8045035126366791,0.8081584742618366
6.245,0.8351974847833815,0.8364900099226933,0.8520373596782909
6.25,0.8154672155068063,0.8148576906961055,0.8292996194887325
6.255,0.8339542814032277,0.829287213162725,0.8385668915968391
6.26,0.8899884427188041,0.8977540652472703,0.904346051578858
6.265000000000001,0.8541153373686681,0.8536867502352559,0.8656010079002225
6.2700000000000005,0.8587307486505308,0.8593412904812997,0.8729599414831957
6.275,0.8934985652195536,0.8962915310584936,0.9096027311510099
6.28,0.8645986331056507,0.8637521686437499,0.8736663147214928
6.285,0.8919510360967039,0.8922642202967098,0.9067053776875548
6.29,0.8207983951060615,0.8186280008699544,0.8282604075076858
6.295,0.8325990885383929,0.8384475179103802,0.8463879164833918
6.3,0.9099803041897273,0.9111352984490227,0.9167003958207824
6.305,0.9222275558789885,0.9238054955055987,0.9373953086473391
6.3100000000000005,0.9633138966228925,0.9679827789423696,0.9745713020963409
6.315,0.9281517454150485,0.9322315898985993,0.9438672498634321
6.32,0.9349718785911576,0.9336645105471283,0.9509647083640169
6.325,0.9842362613409208,0.9865360550412107,0.9971606720589138
6.33,0.9652689475311957,0.9687907331236896,0.9804620435270671
6.335,0.9800050264966991,0.9789354359356197,0.9872996906476471
6.34,0.9909841149590066,0.9915154946918554,1.0025962473746182
6.345,0.9674770360632267,0.9627237617246108,0.9824745760178113
6.3500000000000005,0.9743190916206703,0.9764388027858095,0.9835917075967875
6.355,0.9625542847417154,0.9624456281331711,0.9701573716784905
6.36,0.9104941554140674,0.9086260897128899,0.9269786659494832
6.365,0.8870798287403001,0.8889868573023745,0.8954105125755074
6.37,0.9111475573996339,0.9151274633761939,0.9240248222443586
6.375,0.9003341907675652,0.9050951170237753,0.9117130887629296
6.38,0.9189864235030298,0.9256804191552078,0.9353115900466218
6.385,0.9072710403239332,0.9091076395798369,0.9168118546029533
6.390000000000001,0.9069663791521195,0.9063530838502498,0.917038221128759
6.3950000000000005,0.8536156945777629,0.8565095159446863,0.8648973419057328
6.4,0.8836697404967311,0.8805715142359699,0.8929662177876591
6.405,0.8491523890404167,0.8585660503123356,0.8669004909232474
6.41,0.9157930209685585,0.9165679817899723,0.9327090193019909
6.415,0.9048675576624136,0.9007049254606452,0.9128254367249778
6.42,0.8786066640279696,0.8784233812770667,0.8929350087769637
6.425,0.8842686193775847,0.885000140476069,0.8993593769857292
6.43,0.8520298301600123,0.8567879231937284,0.8700761513247874
6.4350000000000005,0.8829390836853539,0.8875274768635051,0.8970340336382492
6.44,0.8401499678891765,0.8347408764296941,0.8514389241327263
6.445,0.8197890504828081,0.8152955160108171,0.8263046029531073
6.45,0.8253938448025583,0.8252848300596407,0.8344824107433924
6.455,0.7986995929378963,0.7990285628438186,0.8072536847810772
6.46,0.8263163984237955,0.8296028518877926,0.8380113396298907
6.465,0.8320864704645138,0.8419507098398586,0.8454220878202056
6.47,0.9209963248093304,0.9241949783408355,0.9344360611343995
6.4750000000000005,0.8798438760869789,0.8806295929385582,0.8883867239837239
6.48,0.8474363981561441,0.8498963674061423,0.8608252821843023
6.485,0.8874060083238928,0.888873440161098,0.8964804688738108
6.49,0.8253544843133263,0.8294805936258149,0.8351279515016276
6.495,0.7437297981789455,0.744647152860492,0.7551916947635104
6.5,0.7793392015366764,0.7771163082550885,0.7926400746365693
6.505,0.7397088609549046,0.7456178380079417,0.7570979275279527
6.51,0.7095787187663418,0.704098612716015,0.7187130778055147
6.515000000000001,0.6983460258174804,0.6984141794251268,0.6995741463417605
6.5200000000000005,0.7313904126361048,0.7306474200347753,0.7406502375022849
6.525,0.784312821814357,0.791687977619335,0.7990618051443545
6.53,0.8029221847179738,0.8057460895170996,0.8128537225180658
6.535,0.8279019289110752,0.8273612900109347,0.8342621092397627
6.54,0.8348762736494776,0.8362960059358745,0.8488863030041249
6.545,0.8033135572695235,0.8068801947305198,0.8122254219081309
6.55,0.7940723845492892,0.7997752815513751,0.8046257263658086
6.555,0.7403103836595785,0.7389962702491027,0.7464739853947365
6.5600000000000005,0.7223784695308676,0.7259232998783045,0.7258204834116238
6.565,0.7383136494707307,0.7390730232852538,0.7473875974487618
6.57,0.7351210444287133,0.7314134002742402,0.7449343466246467
6.575,0.7823176441455179,0.7779533802331658,0.785969193282645
6.58,0.7957999015441749,0.7983571487318274,0.8094000821697362
6.585,0.8201148539638967,0.8151060117223926,0.8270366862239875
6.59,0.7763282888146228,0.7816090898227033,0.7863525415574503
6.595,0.76158650307776,0.7588832313143843,0.7709399726726196
6.6000000000000005,0.82954922937314,0.8325874460558669,0.8399156925967458
6.605,0.863872064072151,0.8621497456552686,0.8756157779283178
6.61,0.83900790735996,0.8374480937791358,0.84545512520613
6.615,0.8364228684481272,0.8366785041664715,0.8495082200407508
6.62,0.8623207045002017,0.8581798631445182,0.8705304186301166
6.625,0.8224365906036488,0.8222832635396689,0.8286853109811779
6.63,0.8199828582814037,0.8179224406304434,0.8274964580232256
6.635,0.775894907470446,0.7778594339837613,0.78959637444873
6.640000000000001,0.7971966349061372,0.800076314375604,0.8073455628180499
6.6450000000000005,0.8396361118083635,0.8363919563156005,0.8485381025733035
6.65,0.8289418467137074,0.8357302353602009,0.8379789287499111
6.655,0.8535824521636333,0.8530676715219135,0.8692152352891939
6.66,0.9167362957793115,0.9134594371733711,0.9229869179744546
6.665,0.9011195724031353,0.8976522728548094,0.9078858007873823
6.67,0.9249374683390728,0.9237811976113695,0.9331539155960015
6.675,0.9669406981487307,0.960201936497821,0.9703639792281278
6.68,0.9536839060923685,0.9529204546882828,0.9614829141774365
6.6850000000000005,0.8790642104402724,0.8766930041940654,0.8853584663391755
6.69,0.9633529487307274,0.9504508217997989,0.9672912669891636
6.695,0.9942679731831641,0.9931834775221648,1.0008478776978498
6.7,1.0254454442628864,1.0229344060019856,1.0382065607091753
6.705,0.9928854946568159,0.9916732473290304,1.001274468930023
6.71,1.0105003867710642,1.009683728970299,1.015198208777297
6.715,0.9906111009802804,0.9924083785385437,1.0050325742593198
6.72,1.011590271746321,1.0129562156608258,1.0240865819217695
6.7250000000000005,1.002919174896723,0.9920332804490755,1.0102777716880256
6.73,1.0052474595263319,1.003898753972257,1.016793144751103
6.735,0.9456841226556724,0.9481220725510917,0.956620680111675
6.74,0.9736723292658203,0.9703727985800279,0.9850277017173498
6.745,0.9794671917583608,0.9796188218534883,0.9899463288666002
6.75,0.9420170077051625,0.9377334359768261,0.9512318234137564
6.755,0.8949568772874024,0.8936953463795253,0.9023519902578835
6.76,0.8618141478246962,0.8649266103592864,0.8748615454866505
6.765000000000001,0.8515416844146989,0.8479184159617208,0.863428558311078
6.7700000000000005,0.889871385051322,0.8872085634668868,0.8954612493329154
6.775,0.8979806282888874,0.8964833216443234,0.9105601717178314
6.78,0.8890189263051769,0.8910116809036749,0.9012938289108517
6.785,0.8426740820267012,0.8454961958405525,0.8590674281236838
6.79,0.8684179231364383,0.8703519711539494,0.8809930136611034
6.795,0.8700531998969893,0.8677653853113427,0.8828090401922694
6.8,0.9259526636118827,0.9263656429155613,0.9392893678388252
6.805,0.9702755065617702,0.9742980014334851,0.9820306375549345
6.8100000000000005,0.9462327737918467,0.954754490680368,0.9644852955960407
6.815,0.8881705204249055,0.8884030833822525,0.8979031308175698
6.82,0.8250970338712731,0.8280401414692505,0.846031465407355
6.825,0.8579454236506717,0.8554427993721223,0.8736470233966801
6.83,0.8736723066099169,0.8766843524872558,0.8938712629069756
6.835,0.8907194015800712,0.8866802006629149,0.9060933023396105
6.84,0.8976774482337435,0.8944292382223937,0.9092306994786387
6.845,0.9189588925544225,0.9133963763757158,0.9340017019707895
6.8500000000000005,0.9144725000956223,0.922056909882579,0.9378910313810204
6.855,0.9208974779660105,0.9129168775095369,0.9380718830122379
6.86,0.9850005822615272,0.9872336858196323,1.0021175728887066
6.865,1.015841413031257,1.0232633036469996,1.0352578597587554
6.87,1.0119414579947676,1.0190850065537036,1.031432183080439
6.875,1.0168648962488778,1.0168975973055383,1.0288354503981456
6.88,1.043484355020596,1.0420487444469848,1.056703611388357
6.885,1.06732592745028,1.0684672135357693,1.0776100648013105
6.890000000000001,1.0717708256458693,1.073217328388219,1.086052438127759
6.8950000000000005,1.0400520566487246,1.0364143745068692,1.0510753988431143
6.9,1.0283102935698165,1.0219276042697418,1.039772650115983
6.905,1.0236118074077525,1.032089245415541,1.0463316053935678
6.91,1.0015025190999367,1.002692430194241,1.01597658647878
6.915,0.99097006053097,0.9892617250141893,1.0090482851360052
6.92,0.9646492221053184,0.9650071051168337,0.9838607113656567
6.925,0.9711099638799674,0.9770901909023211,0.9856524930683997
6.93,1.0459140165834178,1.045635292751126,1.055549017586888
6.9350000000000005,1.060349415445441,1.0655853374532671,1.076651368825195
6.94,1.0102130036013541,1.0097154515565767,1.023366889931667
6.945,0.9666558974143189,0.9717352123303759,0.9863864562763469
6.95,0.9312443923201046,0.9314873307126011,0.9557479678773919
6.955,0.9869443335782395,0.9846007832907674,0.999394481086743
6.96,0.9892511398909627,0.9922121480771247,1.0077644197574411
6.965,1.0209876058533813,1.0181820565082815,1.0371674085110727
6.97,0.9899629576298681,0.9952104933169078,1.0061491971191934
6.9750000000000005,1.004434987058842,0.9992322146266984,1.0183120345703527
6.98,1.032510159789935,1.0300617810864847,1.0474814455364416
6.985,1.030550644099108,1.0305189476913617,1.0493737613958487
6.99,1.063258633844264,1.0589912088618818,1.0745166648403979
6.995,1.0549719886002746,1.0629989254986933,1.074535524859914
7.0,1.0399131237782162,1.0425437451680128,1.05412459548995
7.005,1.0632399176972276,1.0627526394335505,1.078422953498411
7.01,1.0506669500688024,1.0546594332354096,1.0626942028842579
7.015000000000001,1.0191371358431944,1.0210665747220096,1.0304300893403098
7.0200000000000005,1.003296968817722,1.0052771703191912,1.0208626836571917
7.025,0.9368582949091778,0.9326241805844878,0.9510796643832946
7.03,0.946108706243614,0.9453449182980264,0.9585216518457503
7.035,1.00056042464896,1.0017088642885095,1.016207925291175
7.04,0.9895580027453322,0.9881029771139321,1.0032736889264195
7.045,0.979580445507674,0.9775893249405355,0.9912407979362429
7.05,0.98928583180954,0.9898888675013459,1.0065214957567932
7.055,0.9472301065679609,0.9337385997162602,0.9524137957291718
7.0600000000000005,0.9515187398582174,0.9574955114576971,0.9715239341772424
7.065,0.9961707080517946,0.9955016892914511,1.0042091963553128
7.07,0.9984177670789822,0.9972119669157508,1.0074857019286407
7.075,0.9673998668898373,0.9738444069823468,0.9844739266259855
7.08,0.9696559429655395,0.9648695591895082,0.9816256065609601
7.085,0.9518262347929056,0.9552391326495617,0.9599623043810567
7.09,0.9242404653049633,0.9203494089177143,0.938090934886538
7.095,0.9342213763313207,0.9341902083185369,0.9515136214221088
7.1000000000000005,0.9374358468881144,0.9373731134210385,0.9530911775624188
7.105,0.9069401105719729,0.9080458257345306,0.9215083064822791
7.11,0.8502549568499361,0.8490576894347711,0.8631601900724392
7.115,0.8238007571287361,0.8203751286437311,0.830409588846213
7.12,0.8269227903097145,0.8248727720785254,0.840060835048999
7.125,0.8027911812857366,0.8039220732613539,0.8195818950522846
7.13,0.8244674678458551,0.8165236903821742,0.8451593316387624
7.135,0.8467807750497377,0.8464442367128926,0.8614637518791748
7.140000000000001,0.8535950716997911,0.8492242561550428,0.8651678050358083
7.1450000000000005,0.8486843022953597,0.8459925360167745,0.8580747747808569
7.15,0.7976069141131126,0.7959119415456611,0.8133193103478331
7.155,0.8699826528985833,0.8737409805252058,0.8861203021548312
7.16,0.8862838292654707,0.886783972209873,0.9027962484874953
7.165,0.8633568233373946,0.8613616333064926,0.8780233048435377
7.17,0.8567112168305108,0.8562162737598281,0.8654146565350298
7.175,0.8795185337373764,0.8771707076074616,0.8946517208217085
7.18,0.8755822508269148,0.8758456719974035,0.8895971467044201
7.1850000000000005,0.8716966083704717,0.8803811959224875,0.8933507642594147
7.19,0.9291903761620046,0.9288966482325158,0.9440676500586069
7.195,0.9424549155220785,0.9388089562205886,0.9568075484860701
7.2,0.968534751373223,0.9675592273149766,0.9811182396324505
7.205,0.9611144155346214,0.9620027057791408,0.9765719172711326
7.21,0.9541052993493125,0.9571978479305853,0.9721106299214972
7.215,0.9550474521028508,0.9505763546364291,0.9655217737927737
7.22,0.8725784964263757,0.8692300836726661,0.8880015620371255
7.2250000000000005,0.8794073296485179,0.8793985157768417,0.8928233023297247
7.23,0.8241723632653699,0.8193543796843674,0.8319540282724559
7.235,0.8687451293810982,0.8618930233346315,0.8793132004976233
7.24,0.825376568265598,0.8254394895561047,0.8397064370209594
7.245,0.8137320685108781,0.8154689732435059,0.8304407622476133
7.25,0.8745109964523785,0.879122923620183,0.8925437319700757
7.255,0.8576399941273741,0.8554656009329689,0.8769139679829575
7.26,0.8614793864179767,0.8597713922441307,0.8786565252886702
7.265000000000001,0.9013935481759631,0.900330052605071,0.9187888566437178
7.2700000000000005,0.9132581668564249,0.908243118111225,0.919324265738671
7.275,0.9177078803498728,0.9188262022925039,0.932257648033957
7.28,1.0384107627491457,1.0291740177967559,1.0460231575157501
7.285,1.080567539015864,1.0815216680526178,1.0917382753901563
7.29,1.0880642879477496,1.0787547269967444,1.1010528594203686
7.295,1.127611275377047,1.1278378909236264,1.1370535685530265
7.3,1.1362801526185715,1.135638475338697,1.1464899082262539
7.305,1.0991649357899584,1.1024016319954748,1.1114159131423464
7.3100000000000005,1.1473345102038237,1.1496120218884227,1.1632130699961947
7.315,1.173158762987189,1.1729404900998177,1.189250726244899
7.32,1.2143675026201939,1.2111232925486943,1.2233699076007973
7.325,1.2645271078922486,1.2621051553776608,1.2776055433611058
7.33,1.264278566328654,1.2690136873210687,1.2839952936538845
7.335,1.273161325671785,1.277941872356068,1.2945677191923872
7.34,1.294314376655644,1.3011736069154607,1.3124356132380004
7.345,1.2664967526463569,1.2714342254844924,1.2820080732839367
7.3500000000000005,1.2297079650491607,1.230666499850999,1.2430366086899698
7.355,1.2175118598729175,1.2161467475430479,1.2285983387417494
7.36,1.1322937550475556,1.1351717617769916,1.1463543635971767
7.365,1.1587673849210303,1.1682476736684144,1.1764471323457317
7.37,1.163643398582494,1.163053175273937,1.181155896018338
7.375,1.1759137935431974,1.1798023091884609,1.1906843523310788
7.38,1.1725086412005314,1.1688221174309106,1.1783701098062282
7.385,1.189891025900225,1.1977395567694396,1.2109281631799205
7.390000000000001,1.1373841978462658,1.1442183009044091,1.1580783932860759
7.3950000000000005,1.1252986689985307,1.118268337239838,1.137711687001604
7.4,1.1345984518481378,1.1393261957933085,1.1470449309802666
7.405,1.1511236606237194,1.1521770512733276,1.1709488737731533
7.41,1.1534190054051798,1.1536627404343918,1.1691401811165016
7.415,1.1549111750552359,1.1555953716324068,1.171836412843351
7.42,1.1758986984764435,1.1740903761264212,1.1887917545863433
7.425,1.1108339852053226,1.11633045608119,1.1266269522199037
7.43,1.1669992587885594,1.164948970788064,1.1821889332575557
7.4350000000000005,1.118466627010517,1.1281756266081926,1.1348118313902402
7.44,1.1746070205207613,1.1788590139972766,1.1876040397631156
7.445,1.159916962160467,1.163878366764841,1.1740765790030385
7.45,1.090480411380203,1.0908355495875461,1.1101011311291675
7.455,1.1092093406250172,1.1097464229002196,1.120380157487655
7.46,1.1056067041142363,1.1110791607537525,1.1242729872349706
7.465,1.1012991135319186,1.1077500694221993,1.120441496236063
7.47,1.1326969029776721,1.1398769845267682,1.1495628717108923
7.4750000000000005,1.0978053581421636,1.0976837249585916,1.117574642319907
7.48,1.0805187726354561,1.0817672615279352,1.0918271224633014
7.485,1.0223165929697697,1.0311287415804802,1.0371069309195855
7.49,1.0666213659236772,1.068183921945399,1.0755101952600774
7.495,1.085369577669779,1.0913105284236144,1.1022135360124024
7.5,1.0750686726962562,1.076501626603962,1.0920519547489296
7.505,1.0462890471331054,1.0540285879822329,1.0599277290632203
7.51,1.0339634149131427,1.03251703695003,1.0463058126082516
7.515000000000001,1.0172386898946968,1.021492817685903,1.0302173784765232
7.5200000000000005,1.049027322659491,1.055544038777826,1.0639324781897306
7.525,1.08506568631292,1.0893088889558282,1.099702915383394
7.53,1.0240543115711422,1.031402158195731,1.0437320600381703
7.535,1.0309795348390332,1.0322864738701685,1.042604435608755
7.54,1.0520463310099655,1.0483861730588229,1.0657795599658462
7.545,1.0608615408426898,1.0680591104335841,1.0759869651507363
7.55,1.0345107181477142,1.0367776810973632,1.045975087045824
7.555,1.0752292917150392,1.0795490904934326,1.0874836042175209
7.5600000000000005,1.1293615520977773,1.1306346936611364,1.1413559521150904
7.565,1.1131088841837111,1.1190179084065692,1.1286971307780018
7.57,1.1209257146535687,1.1266515921356088,1.1409900313347665
7.575,1.1477884040850725,1.1523722540335721,1.1585040420782085
7.58,1.1223540642595677,1.1259454995763405,1.1421345940479806
7.585,1.1418149816706193,1.139403227233165,1.1546508838646325
7.59,1.1309455571844496,1.1319713457594738,1.1440045946238036
7.595,1.1281073401469783,1.1352221622720864,1.1441233463523846
7.6000000000000005,1.1239540914128898,1.127076173295971,1.1413690477052454
7.605,1.1437069291821833,1.1530276549182097,1.1612779299092695
7.61,1.107643993091792,1.1153031218447862,1.1217573647645784
7.615,1.1522005197370284,1.154428592350227,1.1662159055397785
7.62,1.1122860906973333,1.1182884084027684,1.1283268403049374
7.625,1.1370582847458752,1.133244158545027,1.1513490912452937
7.63,1.1094189549952547,1.1086541896406237,1.1230109541873894
7.635,1.168283053985943,1.1725057629530047,1.1853788071554858
7.640000000000001,1.1519071889134993,1.1615405848736298,1.1729313036406857
7.6450000000000005,1.1922185393129283,1.1944436581639002,1.2059930278529027
7.65,1.16695604217143,1.1665608470964761,1.1789126146339717
7.655,1.1828938897150625,1.185453035985486,1.1922647773797928
7.66,1.223760970121405,1.2194994199255338,1.237040754829022
7.665,1.2405250685854878,1.2483650823657173,1.255699736534066
7.67,1.2996335207018528,1.2931992666068601,1.3110621408217067
7.675,1.2946117139207831,1.301356654044635,1.3076918612965758
7.68,1.361382394530277,1.363037016599809,1.3726284866885723
7.6850000000000005,1.3769487427355092,1.3837611634796791,1.3951399662808825
7.69,1.3798349056675234,1.3872877980879008,1.4065478958201327
7.695,1.4302654838626676,1.4287148731741801,1.4410372353034424
7.7,1.4601252413773875,1.457604591464544,1.4762370126905275
7.705,1.4556616515185898,1.4544382110241123,1.4696969605422339
7.71,1.4416543405976312,1.4356508191260589,1.4588025487020615
7.715,1.4054660295245003,1.4041647192190005,1.419703287113578
7.72,1.4616747221062627,1.4560194078229316,1.469390414861962
7.7250000000000005,1.458065077308811,1.458096555345058,1.4706049587160057
7.73,1.4649797421184538,1.4645422048109744,1.4843719867622132
7.735,1.3863935199056772,1.3836385265291964,1.4079496557514348
7.74,1.371657719632846,1.368912834304928,1.3832953814431457
7.745,1.3129229094531731,1.3120337298019507,1.32917975283332
7.75,1.3294932885545518,1.3305775096919876,1.3471986930978919
7.755,1.3455780117480554,1.3500258747800151,1.362134410528547
7.76,1.3601326808792693,1.358201576013853,1.373978890529729
7.765000000000001,1.3320636970242954,1.3328422406142957,1.3491409332390714
7.7700000000000005,1.332387847156734,1.334605982823008,1.3524126022804337
7.775,1.413326233442584,1.4120633546375387,1.4260625200636323
7.78,1.383454247818553,1.3859174824417082,1.398505396201956
7.785,1.3056226517159277,1.2988128888659993,1.318654241139075
7.79,1.2810343119897527,1.2714781431184565,1.296040576373788
7.795,1.2717159349796328,1.269771929226429,1.294068733364956
7.8,1.2133931783877758,1.2121333262852452,1.2290179788466913
7.805000000000001,1.265024420841024,1.2653385938300492,1.2741660425109058
7.8100000000000005,1.3057331903794984,1.3029490642155233,1.322296031320126
7.815,1.3297912183030034,1.33199507696649,1.34973843178992
7.82,1.3349509256014638,1.3366706236352026,1.3545987057659623
7.825,1.3314779049408054,1.3317995304020904,1.348568265240833
7.83,1.3012089180416933,1.3046709775332455,1.3175839491560342
7.835,1.341292701377769,1.3384006945960836,1.3576331113922457
7.84,1.3105998736124862,1.3060806921473602,1.3245989200582202
7.845,1.347359112547452,1.3490415861877487,1.3672440936860217
7.8500000000000005,1.3734514596803205,1.3698767168134547,1.386572049873051
7.855,1.3875732942967924,1.3812482500141081,1.4049439946825544
7.86,1.4047699777190097,1.3997594165437335,1.4191902266671599
7.865,1.417050733921088,1.41338154127357,1.4315399698557427
7.87,1.3905207649112674,1.3898716017855601,1.4113713271132973
7.875,1.3287497210988024,1.328181025152428,1.3455286836513094
7.88,1.276881700466057,1.2745253181604774,1.2936936525810896
7.885,1.3242137452379268,1.3178348790726238,1.3344127179029692
7.890000000000001,1.2978194816736732,1.3024196248426658,1.3143793508341113
7.8950000000000005,1.3040508093128234,1.3024765901584776,1.3178311171776573
7.9,1.287891282462723,1.2755059528230144,1.293829860454796
7.905,1.215374191738153,1.2085284772479807,1.230462009562184
7.91,1.2012867738065647,1.1907653500206339,1.2164948955042982
7.915,1.224683556020436,1.2231210627913007,1.2464884789102506
7.92,1.1959919052428016,1.1922385726818228,1.2129193452429428
7.925,1.202735857447419,1.2039451885500598,1.226104119245375
7.930000000000001,1.1150076954464208,1.1200818029838104,1.1360910427315072
7.9350000000000005,1.1376704816483598,1.1317693943913008,1.1524476472380052
7.94,1.1375648930187938,1.1352134383970822,1.1543563768281078
7.945,1.180659109459092,1.1785474612236626,1.1996313915128995
7.95,1.1900351486515766,1.18899848756533,1.202459799186218
7.955,1.1307773970971164,1.127438861141461,1.146049337397951
7.96,1.1480974702918805,1.1477813922721527,1.1620968161781724
7.965,1.123807282243596,1.123197578572709,1.1423089623609908
7.97,1.1449883241932906,1.1439259918034843,1.1602886256983986
7.9750000000000005,1.1648111609671064,1.1571435821845635,1.1757958886582218
7.98,1.1361436441123707,1.127713221053604,1.1458530389590413
7.985,1.0758287162504816,1.0694417184504703,1.0888472509488116
7.99,1.0762397574776155,1.0695293822307261,1.08478248345356
7.995,1.0792094058271506,1.0803378202938396,1.0950034318122548
8.0,1.119500482526537,1.116142715822027,1.1323399933714313
8.005,1.17018620858689,1.1630645448580161,1.1799784332951473
8.01,1.1722277492744424,1.1666233223968157,1.1847321971470608
8.015,1.1444229057479014,1.1418332155301223,1.1630777171446707
8.02,1.1741485168805326,1.1732940845094588,1.1872156712159954
8.025,1.1541073660090542,1.1512430374589864,1.1628236072841862
8.03,1.1209063379535043,1.1129945963978434,1.134590226267215
8.035,1.143165559866177,1.1380137143758389,1.15621216565219
8.040000000000001,1.116067293022998,1.1088073276878898,1.131555385191351
8.045,1.1194103879011263,1.1137080361898408,1.1339508964459784
8.05,1.1476437297582438,1.1442022376380265,1.1594934243402075
8.055,1.0891939925603635,1.081672039066391,1.1034120877036646
8.06,1.1081714583692517,1.1028841769690423,1.1166882049591849
8.065,1.0787273928020829,1.07774327470429,1.0899100400972446
8.07,1.103954209741769,1.1022409278982381,1.1222079649706134
8.075,1.1165464249593646,1.1129419198690862,1.130875205447875
8.08,1.1116314004387098,1.0968914006751678,1.1169850057644666
8.085,1.1163415149484215,1.1168589230070038,1.131236969347139
8.09,1.1544230130539492,1.1539335274825924,1.168197668080232
8.095,1.1787348149890227,1.1747511942149247,1.1885348778382268
8.1,1.1696727122137416,1.1623272335995283,1.182145957751128
8.105,1.215524090737735,1.2122976868083106,1.227998496829724
8.11,1.196316191198214,1.1875557763571352,1.2055798944483125
8.115,1.2701113151611239,1.2648671022444866,1.2823432194002256
8.120000000000001,1.2752229600579137,1.2664379447091663,1.289238463555689
8.125,1.2411289783349184,1.2284594207185324,1.2527647240941095
8.13,1.2232577790304278,1.2263369274015459,1.245805440167053
8.135,1.223816739773869,1.2137863360305337,1.2311122457599608
8.14,1.1536704397391835,1.147570812133437,1.1641866986343559
8.145,1.1661885240361414,1.1619911844286506,1.1761653252269673
8.15,1.2184453174562675,1.2192080861884844,1.238457096815671
8.155,1.245709581639067,1.2404609310894457,1.2552791001760364
8.16,1.2258521297458214,1.2234553787696527,1.2361412290049023
8.165000000000001,1.2827183775576854,1.278026803688821,1.2926198875967636
8.17,1.354664214453997,1.350664244067453,1.3656880118379582
8.175,1.3855654257530037,1.3791663394607219,1.390904996214039
8.18,1.375833131952389,1.3730480000604823,1.3912314335440077
8.185,1.3726923472847692,1.364279752411248,1.384973803751242
8.19,1.3537682903014514,1.3440761373977972,1.361240277698275
8.195,1.3630975371230862,1.3596174395195653,1.3720390416765977
8.2,1.3348770948872182,1.3347211578364753,1.3492848882375048
8.205,1.298571994184382,1.2906412822983122,1.3104458592113448
8.21,1.240896884328325,1.2413027500857068,1.2576214825858296
8.215,1.2273497042829056,1.2174170129986857,1.2380662636566322
8.22,1.2179348431256825,1.2181690335694353,1.233822554251192
8.225,1.2722221562093992,1.2624954391492293,1.2795640136762738
8.23,1.2414738145471769,1.2347917907821968,1.2521108882071117
8.235,1.1607314289913546,1.1481892660044424,1.1634656880190408
8.24,1.122498871364119,1.1170844103067048,1.1346765413011703
8.245000000000001,1.1029406976527782,1.1009760765508991,1.1197223144562174
8.25,1.116884746146263,1.1066791179862108,1.1266531314896604
8.255,1.160656621434033,1.1531265985366816,1.1667995484530373
8.26,1.1326932720556167,1.1286748909896092,1.1394008009526595
8.265,1.1954243264169009,1.1902705929278077,1.2098679037066822
8.27,1.262514107833483,1.2551968577536032,1.2742613887963943
8.275,1.2161270651306784,1.21387699758854,1.2288723764627199
8.28,1.197343830063452,1.1885747647440514,1.2027509855475034
8.285,1.142215379162591,1.1453194262764728,1.1564213841933142
8.290000000000001,1.137057728174557,1.1310857577224211,1.142903572123321
8.295,1.1599776632897685,1.1557974329946537,1.1700134608487152
8.3,1.2018050608424626,1.1952355511135293,1.2073149768441704
8.305,1.188833162195195,1.1889104109357407,1.2006220643646477
8.31,1.190494433108464,1.1839451662938394,1.20041479645433
8.315,1.1938664843311162,1.1823965585255478,1.202233688446308
8.32,1.1413162112370108,1.1372550515424562,1.147051091297924
8.325,1.1682646063616264,1.1618147899227933,1.184574454280405
8.33,1.161031337892836,1.153746692226187,1.1726168262628835
8.335,1.1863448356634374,1.1778612190868532,1.1984933916017124
8.34,1.1760265421488596,1.1650652137102289,1.1880769924312315
8.345,1.1361016303072107,1.1298253940337548,1.1438475076388561
8.35,1.1427306908082724,1.134965058310046,1.1567353740383879
8.355,1.1152507678749028,1.1113787764745409,1.1334589115258094
8.36,1.0701007469816919,1.0656737635446212,1.0832825981878673
8.365,1.1104754335115505,1.1039657050725344,1.1182463775882372
8.370000000000001,1.1378545694489048,1.135499859726091,1.1518303943610302
8.375,1.1162024808607078,1.1151775864879325,1.129908109363127
8.38,1.1260410141638808,1.1183246778168785,1.137471521785403
8.385,1.1642753216971808,1.1572400748416656,1.1772944898623274
8.39,1.1309521534677054,1.1320425487949288,1.1445499981438991
8.395,1.1901292405897321,1.184378121451228,1.204540680409458
8.4,1.2259532829791213,1.2265903361856731,1.2430760786916042
8.405,1.2914868130859474,1.2850794904504215,1.3095131822041048
8.41,1.2769868033632654,1.2717344251913214,1.2917217532952994
8.415000000000001,1.2788848036908154,1.274674160494605,1.2854938424798765
8.42,1.269432726559331,1.2670164207638182,1.279078228141892
8.425,1.2468283598206722,1.2359459117762341,1.2614175940848134
8.43,1.2262858409131103,1.2196995539553612,1.237350156730549
8.435,1.1856756144313279,1.1839697201598323,1.195255825164385
8.44,1.1424958652350403,1.1378246073592784,1.1546330239816436
8.445,1.1530798805187499,1.144884923215491,1.162862862707265
8.45,1.0882198020823257,1.0828053182852064,1.098554397234242
8.455,1.1175370192502632,1.1158715540872983,1.1343696648573502
8.46,1.1067937307741504,1.1094936660030705,1.1205165456788444
8.465,1.108336147792732,1.103061317489664,1.1234254037694849
8.47,1.1037142887125215,1.1000428649512803,1.120321046814389
8.475,1.0962724322774233,1.091767946913614,1.1099136857074767
8.48,1.097197387994946,1.0903734392504456,1.1106457210857963
8.485,1.104689456009661,1.0907206315462126,1.1112198844320618
8.49,1.074356593512561,1.0733110682046074,1.0861352282963372
8.495000000000001,1.083267722980238,1.0777417930207287,1.091997196715541
8.5,1.1057196312392252,1.1008986287656628,1.1193636710865984
8.505,1.0898577325948249,1.0868057236909363,1.1048357160407587
8.51,1.0674890137777928,1.0618031468328821,1.0781895239296966
8.515,1.108662827075079,1.1034747442732786,1.1250701399779597
8.52,1.1560647986614332,1.1517677646713234,1.1684948389435315
8.525,1.136373965916548,1.1244517429109209,1.1380644085155296
8.53,1.1485796047918295,1.146015755647189,1.1585665706464612
8.535,1.1939528129325843,1.1932760026260587,1.2053530320752148
8.540000000000001,1.1803608948645936,1.1725918784778209,1.1895650306633287
8.545,1.1604775988270422,1.1539514417350554,1.17353601983883
8.55,1.152720894414989,1.1525997770188843,1.1661494059416795
8.555,1.2038178631584302,1.2022812566162278,1.221375766531397
8.56,1.1927076140878756,1.1906328754400204,1.2007176332562224
8.565,1.1595325538223629,1.1532323337166916,1.1734947900092052
8.57,1.1478227137246337,1.1436110584171661,1.1584036941242175
8.575000000000001,1.0846847089684761,1.0848756143032812,1.0944498212333815
8.58,1.0973956091373216,1.0947362578020947,1.1098510262168766
8.585,1.0972486408731417,1.0979200447800026,1.1111865133722365
8.59,1.0698678271930664,1.0632696721684396,1.0767765565458611
8.595,0.9890870765380348,0.9875522825936626,1.0030929420048877
8.6,0.9843886992371342,0.969359842332908,0.9949669289527775
8.605,0.9560949329703681,0.9574296978116792,0.9699499372829103
8.61,0.9163460651949251,0.914182260277325,0.9286125605526783
8.615,0.939929180135769,0.9300089115696596,0.9446631213770857
8.620000000000001,0.9630033331656891,0.9569092573145289,0.9711966688186955
8.625,0.9264405526877019,0.9218254012343787,0.9369574425356052
8.63,0.9352945591675789,0.9307841402975084,0.9491145856572444
8.635,0.9003174645015979,0.897780700425769,0.90909795271499
8.64,0.9259793663330007,0.9205365173301625,0.9363997754863475
8.645,0.9636233759191929,0.960375576777219,0.9744584399216285
8.65,1.0032884436316336,0.9976416106508567,1.0160988252188399
8.655,1.0255442720223236,1.0200667069424785,1.0384785314077603
8.66,0.9667160025309328,0.9614805342391903,0.9819957446309707
8.665000000000001,0.9806687491013528,0.9775383540047581,0.9958895227676999
8.67,0.9728991357388813,0.9692513666927312,0.982398049188628
8.675,0.9815424579733554,0.9769821162291081,0.9906643602213234
8.68,1.0077662962714862,1.005900061023638,1.0187897564040898
8.685,1.0293254297535839,1.0236281684105941,1.037201394311047
8.69,1.0075726757550305,1.0078483942066458,1.0193098040800266
8.695,0.9952523821490592,0.9907240007787752,1.0062490182582802
8.700000000000001,0.9801464607406466,0.9793311039797838,0.9892263760661673
8.705,1.042192069214135,1.033782008841384,1.052672985668615
8.71,1.0421393186998178,1.035152567398796,1.0523335986560378
8.715,1.01141935241559,1.0068838883051991,1.0292433353911608
8.72,1.064048754493134,1.0559606527569023,1.0783145014390172
8.725,1.0028855433846573,0.9988339108863784,1.0192263306045952
8.73,1.0042078638156988,1.0030993314656784,1.0164556357865133
8.735,1.0309754717911725,1.0264830945906052,1.0394385420617784
8.74,1.0051577656994932,1.000627632972809,1.0157056950845285
8.745000000000001,0.99171711797516,0.9789477635319239,1.0015564733591729
8.75,1.0331981438169888,1.032664517028596,1.045713494689226
8.755,1.0038800640440277,1.0037776066018653,1.0148031722828825
8.76,1.0383863797109332,1.0382558506347446,1.052615641004738
8.765,1.0561073887843972,1.0506482619875979,1.0699782305102323
8.77,1.070702893743096,1.0663577798566193,1.0772869471472781
8.775,1.1105160347513332,1.1066606019228566,1.1195713461708907
8.78,1.1218012680352714,1.1150382430646157,1.1252558907574561
8.785,1.1359413488293408,1.1248225101620541,1.1422802135386507
8.790000000000001,1.0972553220398613,1.0959466518385161,1.1110436000643682
8.795,1.0988590518395593,1.1002626046692676,1.1133133515029132
8.8,1.0860202003682644,1.0902511356516016,1.1014144849826233
8.805,1.1005704356412074,1.0990842772584086,1.1129399443429704
8.81,1.0770166744197829,1.0755629338911115,1.0904895729647686
8.815,1.1135359767163109,1.106708053499408,1.1271471227496102
8.82,1.066388821318957,1.067411466388565,1.07847165643963
8.825000000000001,1.084674087469113,1.0820037542094416,1.0956870005632313
8.83,1.1026720975032867,1.1013980453804775,1.1130712154630493
8.835,1.1080569523321089,1.099366745022153,1.1171624563895717
8.84,1.1115423354394371,1.1088229199339057,1.1249427052418235
8.845,1.1647252408743278,1.1563462021441269,1.1710420799652888
8.85,1.1490458759914202,1.145396701906513,1.1598930483713101
8.855,1.1500049437688808,1.1510796516073292,1.156584126352676
8.86,1.1476133522283527,1.1473887421959763,1.1524018484162195
8.865,1.1952608642990699,1.1824604470448419,1.1968294912126043
8.870000000000001,1.2094747539564499,1.199824722206825,1.2160289577121928
8.875,1.2374913179891929,1.2296168642302632,1.2486178944625308
8.88,1.2469585294794285,1.2475153300531319,1.2596688265477174
8.885,1.2237042287558204,1.2211083613802456,1.2303222736388923
8.89,1.222209975487799,1.2242109215967163,1.2345488594698366
8.895,1.1943430574268519,1.1849320007979378,1.1934842786417361
8.9,1.1755075153678844,1.169852770360165,1.1824669687183547
8.905,1.1550221073832387,1.1537496072385016,1.1655223952695077
8.91,1.1814949405398854,1.1873874694538913,1.1942270488055484
8.915000000000001,1.1639340565081824,1.1596045714904477,1.1776842720309013
8.92,1.1582896866766506,1.1540318352833963,1.1687769320021755
8.925,1.155773129830294,1.145540020065559,1.1624178565920211
8.93,1.1355960229527113,1.1275710098495444,1.1426254269336291
8.935,1.1846248605321164,1.181783486564643,1.1883966635269325
8.94,1.2395689763678301,1.2338765041455988,1.2481072974255687
8.945,1.2177634811361198,1.2084601166767346,1.2268136082439285
8.950000000000001,1.1876586570356666,1.1859301947545164,1.2001028890825092
8.955,1.1590270040375013,1.1535299890440793,1.1702972119545858
8.96,1.1169184559005436,1.1139293422705676,1.1260723811057898
8.965,1.100429094676496,1.0981946544881742,1.1106663610024834
8.97,1.0911938890309225,1.0878506965492336,1.1054048385046722
8.975,1.0825830254323772,1.0864449560230438,1.091351427368128
8.98,1.0329157810407565,1.0283723225741306,1.0399874646955454
8.985,1.0423328502797509,1.0344936399868783,1.049281313563018
8.99,1.0298637938849953,1.0279978725555006,1.0372912612866831
8.995000000000001,1.0712338880639563,1.0675736557165525,1.0803263877283904
9.0,1.042972493940705,1.036657135806537,1.0483456554869022
9.005,1.0316635214782355,1.0274231633799733,1.0410838418664161
9.01,1.0394673884038843,1.0346493524441986,1.0490864373378568
9.015,0.9448056207036547,0.9416047501623893,0.9569518753179515
9.02,0.9008827871577957,0.9004619862854203,0.9086201479911379
9.025,0.929858026908705,0.9312534378354425,0.9404872084095461
9.03,0.950905408752424,0.9475994535584212,0.9560365809541169
9.035,0.9604036112671851,0.9558308498394509,0.9685163270640228
9.040000000000001,0.9477483000986945,0.9448115064275654,0.9547763750316856
9.045,0.948388996792067,0.9403908866758732,0.9512943448076943
9.05,0.930464353917875,0.9292031582071527,0.9449433962482213
9.055,0.9460007315003278,0.9463153013991437,0.9608584125738846
9.06,0.9653008161665456,0.9591769466229396,0.9729377791467301
9.065,0.8642276829647466,0.8632319018722919,0.876665516591486
9.07,0.8557682999113422,0.8530811408032816,0.8640101731310388
9.075000000000001,0.837665914723203,0.829392624515543,0.8466371781971718
9.08,0.8489711894615617,0.848297088475905,0.8553475624356843
9.085,0.8168828249540407,0.8131007720548329,0.8254598891950066
9.09,0.8260708442398625,0.8245259593801522,0.8300891107670479
9.095,0.8042215884340064,0.8017661850059237,0.8091304916282065
9.1,0.8497091990455222,0.8485304759450076,0.8643403486600707
9.105,0.9500450055502419,0.9413618217128032,0.9572033190884668
9.11,0.9170463882099756,0.9147828088532218,0.9237742228736705
9.115,0.8827455662603717,0.873724316089838,0.889170333902745
9.120000000000001,0.8941949010607573,0.8902784667373294,0.909206123628751
9.125,0.9138272293455149,0.9087779546779239,0.9225596690127648
9.13,0.9522123895292376,0.9443454053206328,0.952884498399424
9.135,1.0020897572915928,0.9968809285495838,1.0036386354673077
9.14,1.0006335548119862,1.0016010744575554,1.0072531518382206
9.145,0.9818836587764492,0.981226275241907,0.9920346372162152
9.15,0.9614878543216651,0.9559198896386959,0.9697163029233624
9.155,0.9046875653329131,0.9031836755523791,0.9183598184554156
9.16,0.9139362366781242,0.9197107186007994,0.9246907082821494
9.165000000000001,0.8980691723097091,0.8920809573502105,0.904718008223127
9.17,0.9113796829228347,0.9111726123787821,0.921100385425119
9.175,0.938855206306511,0.9395497683312288,0.9466954809017001
9.18,0.9625516656696516,0.9607986773380006,0.9718412322274194
9.185,0.9516713671736459,0.9513653676001644,0.9653642578890732
9.19,1.000109635206002,0.9960128878580291,1.0088262288126353
9.195,0.9904186821274789,0.9889698543441667,1.0060843426795032
9.200000000000001,1.0225494144988396,1.019267198070097,1.0316273670094525
9.205,0.9927127682615571,0.9946975974369069,1.004790872361234
9.21,1.006039530828112,1.001189263158798,1.0154786344326436
9.215,1.0024453834914222,1.0037150947932403,1.0239630803382958
9.22,0.9829344023072873,0.9856541092210593,1.0000451196632363
9.225,0.9338242377806085,0.9398799876804595,0.9499865222052521
9.23,0.9845238787234196,0.9835577498232001,0.9980463103457862
9.235,0.9551619932810576,0.9566362069768948,0.9703832298292533
9.24,0.9221139146108499,0.9258665858302494,0.9361198557645664
9.245000000000001,0.9747402110652582,0.9727723991709457,0.9855695711489241
9.25,0.9188238536175884,0.9189648948257008,0.9306699744002778
9.255,0.9138814053100656,0.9146263543113864,0.9235340300668411
9.26,0.905174950861802,0.9062547392950464,0.9186156900411476
9.265,0.8307604280612437,0.8290837708964953,0.8378564016470381
9.27,0.8103818942845494,0.8098859769488556,0.8197029653155855
9.275,0.8784049854741968,0.8794300572189141,0.8915335132707286
9.28,0.8515510869356093,0.8537146147999521,0.8601992907540402
9.285,0.8687891184537961,0.8623173907103358,0.877139108090895
9.290000000000001,0.9124760440354819,0.9136243046578628,0.9213179288298086
9.295,0.8958559479257201,0.8958321967767582,0.9081445377439965
9.3,0.8836384185544983,0.8766597472428103,0.8934880255330451
9.305,0.9362513834882015,0.9353977136444753,0.9451467458810027
9.31,0.8480971870812565,0.8413964961844961,0.8503599355223695
9.315,0.7984694878054152,0.7919085644543185,0.8050318596700392
9.32,0.7545018883744761,0.7492893384440827,0.7600511093802319
9.325000000000001,0.6917639560791768,0.6921463666565825,0.7033750939710551
9.33,0.6871893752222658,0.6841798185716079,0.6952209354779205
9.335,0.7729927984094944,0.7642543331987367,0.7762335514904075
9.34,0.7307278530214597,0.7292972994439751,0.7398444064024402
9.345,0.6747794033634026,0.678379798228183,0.687740170249452
9.35,0.6360594680037822,0.6302485451820685,0.6411069155120398
9.355,0.6122157934303023,0.6098886216550751,0.6213947449756652
9.36,0.6323681330259003,0.631669936955625,0.6448027790194525
9.365,0.6441254000554354,0.650015276335174,0.6604641781450883
9.370000000000001,0.6869502357598092,0.6882122519880486,0.6965008988261622
9.375,0.6927299647070455,0.6946646198949469,0.7048675703221915
9.38,0.6914007206977325,0.6901862199763583,0.6951261520447795
9.385,0.6925936879569041,0.6884041729775826,0.6975519279559453
9.39,0.6979043987193316,0.6951342563497425,0.7043212483494324
9.395,0.6784515552096501,0.6788797051421994,0.6942096169300778
9.4,0.6449793475274608,0.640429463563567,0.6538172335720165
9.405,0.6677647549010091,0.6659328128444046,0.6736000604500769
9.41,0.6586725851489916,0.6600005540499213,0.6695191129515526
9.415000000000001,0.6710869088597502,0.6721749084702052,0.681372432815491
9.42,0.5919818309760906,0.5961619052431664,0.6026581536564625
9.425,0.6287286302711019,0.629590769154809,0.6371013693541496
9.43,0.61749349060429,0.6203858202421091,0.6247910995638926
9.435,0.5893578478323475,0.5874019082115209,0.601401403074704
9.44,0.5892336758500242,0.594476573860306,0.6070269782900194
9.445,0.5950271565898425,0.5911426066083955,0.6018769063263267
9.450000000000001,0.5766459891895812,0.5777263603473197,0.5845840511199373
9.455,0.5625346002096552,0.5660646574117596,0.5758122042812774
9.46,0.5704031124831297,0.5715525137026854,0.5863583449057421
9.465,0.5852551867196069,0.5895860621715215,0.5998701961496962
9.47,0.633826829081948,0.6339083746652849,0.6421906119335289
9.475,0.6030504433662224,0.6033657480782293,0.6156005902334992
9.48,0.5445364399892787,0.5510833922417527,0.5613611260590753
9.485,0.5393722725424963,0.5363214806740768,0.5481793611005749
9.49,0.5607025281414317,0.5571350726586222,0.5747921973137864
9.495000000000001,0.5151199777902336,0.5163183934842694,0.5299790476450879
9.5,0.5159610978844711,0.5184265751492766,0.5291833401290549
9.505,0.5620522392503993,0.5606278552703478,0.5692649971214917
9.51,0.5485903523124528,0.5463589919849404,0.5564299269886973
9.515,0.5390861187896138,0.5370159533974893,0.5535541938980774
9.52,0.5453917206042191,0.5429960528687132,0.5514117502804415
9.525,0.4663806456130719,0.4669863274857528,0.479894469186582
9.53,0.40305113621988187,0.396882187255786,0.41376262560441057
9.535,0.3641870373009951,0.36120080854742653,0.3739605698729423
9.540000000000001,0.3305995900251801,0.332118081841445,0.33836378413418655
9.545,0.35855095077657473,0.35626698831052317,0.3669818971055815
9.55,0.3528943659070502,0.3534872568658745,0.36267786562314436
9.555,0.3489995881916046,0.3499179015877298,0.35886598501855727
9.56,0.34860156164396683,0.3437544849597266,0.3568807718143149
9.565,0.28454850596903036,0.28835700634539224,0.30496396594665476
9.57,0.29764398073137055,0.29392410121571233,0.30728531159403166
9.575000000000001,0.2831120186127888,0.28645576700765457,0.2989230977125457
9.58,0.3222435549938736,0.319679882976557,0.3364168308152861
9.585,0.2892148660852196,0.2880626424462225,0.29373506643940994
9.59,0.3042268407069342,0.300086453891463,0.3168857104801288
9.595,0.2888433145672244,0.2888274064593339,0.29852332869416226
9.6,0.23604466489472975,0.23867161444768023,0.25196854764316273
9.605,0.15457281469798362,0.15093200698970302,0.16001159023996164
9.61,0.15227915819317261,0.1521852882868842,0.1655773687268083
9.615,0.19914043503102236,0.19878621405145025,0.20496114300987708
9.620000000000001,0.19174052793108923,0.18795876920365967,0.19934305257226018
9.625,0.24097999988253163,0.24155054226802528,0.25663178211882903
9.63,0.24599237195318213,0.24634565789132667,0.2524390949847282
9.635,0.20961635065048562,0.2158406797248524,0.2225620541503754
9.64,0.18485092514736284,0.17966315273778674,0.1931199038925055
9.645,0.17609952298704548,0.17034451421957506,0.1808996942309208
9.65,0.23472200315612085,0.23832448443536208,0.24745893496579577
9.655,0.22664741963289034,0.23054534224633982,0.23459161064630474
9.66,0.23359711715550285,0.2329832655725876,0.24394179599151966
9.665000000000001,0.22211252621176403,0.2150669885434735,0.23021536628112096
9.67,0.26270388753105267,0.2639691502769829,0.27460173593082743
9.675,0.2721393876699546,0.25945521795927046,0.27839720680359187
9.68,0.2546099924077031,0.24973083795894999,0.2638300192169242
9.685,0.2633885264517404,0.25835071551786043,0.2808291089809388
9.69,0.25911206110987467,0.25611719192049487,0.2700724366508356
9.695,0.24032571845424588,0.2364608116452894,0.24882990008115863
9.700000000000001,0.31823804013312423,0.31063368057595947,0.3313695766375497
9.705,0.2666143598844489,0.2623558753773071,0.27750501567095076
9.71,0.26741168385039316,0.267566291702356,0.27859294098062976
9.715,0.2876848292683337,0.2885382763638409,0.3062608211021997
9.72,0.3269631360235914,0.3204837617905253,0.33413016633239195
9.725,0.2324955897079364,0.23605479223154113,0.24563702520005723
9.73,0.18695631533435225,0.18891546961745248,0.1980318402816648
9.735,0.21491492723942465,0.21356325624472186,0.228564698560383
9.74,0.2372473918619612,0.23400082141700898,0.25188090135989805
9.745000000000001,0.23592506629115947,0.22550887464105066,0.24290704151542325
9.75,0.2625529376091326,0.2594049638497382,0.27137232402533706
9.755,0.22857221181974646,0.22420781224989877,0.23940504096017082
9.76,0.21390491521179023,0.21496670797684955,0.22799499239063492
9.765,0.21244067136858094,0.21122110182383813,0.22300288559781714
9.77,0.2217357295687819,0.21540532326274436,0.2286250564535803
9.775,0.17974544613423574,0.17612923099969824,0.19167514783208833
9.78,0.1896515240154657,0.18291346626275287,0.1996188771914454
9.785,0.19354736129921507,0.19424666398108548,0.20686136569673927
9.790000000000001,0.21042748801991193,0.2042319456039898,0.2206869411137413
9.795,0.2710175047090229,0.2687133239846018,0.28570545750494925
9.8,0.2849858431278692,0.2805173793674357,0.29321182878251295
9.805,0.2988644040061638,0.29504744651403714,0.3122323535374925
9.81,0.27909934680270937,0.2791546420784323,0.29130215602753073
9.815,0.25949904836948123,0.25983328716784243,0.2730374016206976
9.82,0.21014905930457511,0.2093884039905518,0.22468180497503148
9.825000000000001,0.25320740733230557,0.25273706975341165,0.26413969166433804
9.83,0.2466640980412841,0.24514456380991945,0.25665596866635065
9.835,0.26546556161935725,0.26336749977715623,0.2764519180178776
9.84,0.28716297437821936,0.28418529170685386,0.30088538892121297
9.845,0.27182243411547863,0.266188035740229,0.2824479757341914
9.85,0.2368918956259467,0.23598933923563117,0.2557615996543296
9.855,0.18939968010814637,0.18722896903685504,0.20312543875502398
9.86,0.14871131200392906,0.14246128689544416,0.1608553982912941
9.865,0.14653049575221677,0.13881132798398688,0.15325156054040814
9.870000000000001,0.13431253391640666,0.1379077905587933,0.14792981276206074
9.875,0.06172326738674894,0.05102411220347907,0.0683833369218404
9.88,0.022029775356384056,0.028136263241255233,0.03644145256166086
9.885,0.041174144191104725,0.039924676500141885,0.05225488753509231
9.89,0.006187422744960256,0.00024838359366497875,0.01725225417460875
9.895,0.023844609259032146,0.021648954097337206,0.03639515916053985
9.9,-0.0315756239304332,-0.03120219105004645,-0.022087012180718735
9.905,0.00865664794741293,0.008144593437279505,0.021062682203404605
9.91,-0.035309907332340115,-0.03527002822642935,-0.023482350966103217
9.915000000000001,-0.053599621654436144,-0.05309079292135146,-0.04221944183482694
9.92,0.008724840170496788,0.008943446114967066,0.019469875130086096
9.925,-0.0009328496588103543,-0.005405165078093782,0.0043214384815577385
9.93,0.03546881672448762,0.03169209693030939,0.042331761916029546
9.935,-0.013953909643221442,-0.020700415698886303,-0.004106114567713658
9.94,-0.06706953597385591,-0.06697627342626866,-0.05175473347834486
9.945,-0.08017915898155278,-0.08038361065095681,-0.06279397630804694
9.950000000000001,-0.06338648923398996,-0.06832004853504502,-0.058666899628971016
9.955,-0.0158957941691681,-0.018369524778163233,-0.0053783476353256605
9.96,0.00895715828435812,0.0024523742457845284,0.02168838487348773
9.965,-0.002312834782626954,-0.00691874940899798,0.0035149045664940736
9.97,-0.009768957355093581,-0.013176408868434887,-0.004238046207806904
9.975,-0.05791863916408194,-0.061180594978879364,-0.04419146682140857
9.98,-0.05047852309418393,-0.052156564684927,-0.04083921477842922
9.985,-0.08144635581181184,-0.07816369616039012,-0.06704636402033086
9.99,-0.047030855820511926,-0.04671160195317964,-0.03516293961061917
9.995000000000001,-0.05964931380461662,-0.06415461641122915,-0.05135708414570266
10.0,-0.052305201157240876,-0.04990474463390965,-0.03962280269237354
10.005,0.0041792177103064845,0.0050953951413982845,0.015127480379294423
10.01,-0.03709975874087744,-0.04556137123098559,-0.029162435841270765
10.015,-0.02169487746243037,-0.025377228558975597,-0.013141981461516343
10.02,0.018225161792312258,0.016432727631195583,0.03169579332440095
10.025,0.04503273027911821,0.04752987989907623,0.053079796854165036
10.03,0.032224912918722065,0.02838906201509691,0.04434599049250749
10.035,-0.02712824141614632,-0.0296609630395588,-0.014545877623257115
10.040000000000001,-0.0029266673479725266,-0.014241750932511047,0.009393747510247095
10.045,0.02896969985219811,0.023648721986383535,0.0426286516493175
10.05,0.04173116143839829,0.04371435819275631,0.05606312598874269
10.055,0.02894753726699514,0.026001398534442947,0.03949031419042271
10.06,0.025231169309467564,0.019754494972603575,0.037454337398726265
10.065,0.08727886768638381,0.08878492705953175,0.09605702492887812
10.07,0.0801693870772131,0.07534871451993563,0.08706917129296961
10.075000000000001,0.07879249318139828,0.0764119502133654,0.08771107655320556
10.08,0.17633414400480374,0.1761114810381161,0.1893385013935191
10.085,0.2059866325132242,0.2098920382871929,0.21456663182978122
10.09,0.2107128874896765,0.20789027407518895,0.214288761795743
10.095,0.23826625151581,0.2329230036779403,0.24549867414485274
10.1,0.2667788642725176,0.266289557568024,0.2733626003908421
10.105,0.2950665982241446,0.29623324272414053,0.30375808464370224
10.11,0.30454940877697984,0.3019609298064703,0.3125366250367173
10.115,0.2927043314267337,0.29366939875496906,0.30055201037645246
10.120000000000001,0.261528986312676,0.2575593632016139,0.272755886473789
10.125,0.27855192449195126,0.281093683509218,0.2899347403700173
10.13,0.21037004774269677,0.20878904162418652,0.21811050965349657
10.135,0.202116032915323,0.20282043774616118,0.2151582995098685
10.14,0.15950910601403656,0.15357416818904202,0.16568313493344858
10.145,0.18259437806381526,0.18388843483239734,0.193966843271172
10.15,0.22373796780646307,0.2201646216049058,0.23084948633081628
10.155,0.19502542529200678,0.19658988567180588,0.2085413597439597
10.16,0.1677053745192783,0.1616560370868163,0.17416270970678704
10.165000000000001,0.16658336458515371,0.1657377798566107,0.17853756958125544
10.17,0.16933275371966755,0.16706616633543173,0.1757176590592618
10.175,0.19871493105984542,0.19009031153012998,0.20519830318598098
10.18,0.17737815752089675,0.17689124403023163,0.18616278118002666
10.185,0.14539990476298795,0.14115360838425822,0.1547955713189117
10.19,0.08351491830966512,0.08572133332952071,0.09207611036420509
10.195,0.12216533285985334,0.11802250426735805,0.1274265891695273
10.200000000000001,0.030032109374898794,0.029107429198716277,0.03563539567412638
10.205,0.055672188058206756,0.05329682520886736,0.057283504485766426
10.21,0.10434396791768082,0.1030287548039373,0.10771665905372173
10.215,0.10736680874924864,0.11080907905096352,0.11132238169383923
10.22,0.03773396039283691,0.04181095520298189,0.04727665313726884
10.225,0.07448794616229286,0.07427221678822124,0.08565806534210915
10.23,0.0591832490828502,0.05494173573466233,0.06216749509275763
10.235,0.056714042523144895,0.059846400620747045,0.06480519563502365
10.24,0.011224225734806453,0.014024072995371943,0.014164545632704867
10.245000000000001,0.015600693554343712,0.01851589986244929,0.026911075646954056
10.25,0.02766527380383163,0.02551798440504089,0.036355254786887656
10.255,0.04513561630137681,0.04943225876362732,0.059687880266953694
10.26,-0.012415076907612593,-0.017908956753291863,-0.002954208204111471
10.265,-0.057050011758759483,-0.06496737553412502,-0.05809910766086554
10.27,-0.07785122358935334,-0.07676780376010202,-0.07129934769403826
10.275,-0.09574789005908615,-0.09420931133996654,-0.09044665910164071
10.28,-0.11921738241615744,-0.11859383579470648,-0.10770550330817494
10.285,-0.14620865954059162,-0.1370970615719752,-0.13327794153778807
10.290000000000001,-0.11675383513300151,-0.11242707434564134,-0.10743936373121268
10.295,-0.14281711306738915,-0.14255586750370788,-0.13261235278875602
10.3,-0.160579508693836,-0.1611547319749251,-0.1485275995473636
10.305,-0.19197696773814732,-0.19578652965832263,-0.19127728787201753
10.31,-0.2060936146484861,-0.20920950141991232,-0.1976632147432766
10.315,-0.15878814451978968,-0.16225718457541985,-0.1511254037292081
10.32,-0.12321379146510181,-0.1227266472882826,-0.1122008781839406
10.325000000000001,-0.1735557457996079,-0.1720656992375359,-0.16610993964076168
10.33,-0.11457816442204768,-0.11641360135970324,-0.10967980036384777
10.335,-0.12064176205251939,-0.12147699271247182,-0.11051926228827876
10.34,-0.13206591200344417,-0.14043550118643125,-0.1291363948691511
10.345,-0.14749471429644725,-0.14570021213365403,-0.13606667739865105
10.35,-0.10311837569292327,-0.10564066855443457,-0.0947402079770398
10.355,-0.09611556661674864,-0.09261182877848485,-0.08208659911884708
10.36,-0.1383213223870327,-0.13391356325468404,-0.12286423915734788
10.365,-0.1403240870924661,-0.13459439791807712,-0.13145850558312144
10.370000000000001,-0.09223877122734452,-0.08774389584168056,-0.08329583711446573
10.375,-0.12777047955770532,-0.12615037955280045,-0.11888432276562678
10.38,-0.14966368964593071,-0.15314660563449634,-0.14475880294823468
10.385,-0.1604187514852563,-0.16380020124968428,-0.15123496830428307
10.39,-0.23755383960241241,-0.232137924591097,-0.2202324618903637
10.395,-0.2347985539960953,-0.23449763921039798,-0.22375332197246997
10.4,-0.26273446342634793,-0.2669902795142759,-0.25979938929035945
10.405,-0.28972951558601723,-0.29258129226162877,-0.2832449702177739
10.41,-0.24581944893447305,-0.2421427967469526,-0.23579914559746326
10.415000000000001,-0.15730035708399262,-0.1580041875754636,-0.15021902359850636
10.42,-0.1951044872106473,-0.1989215873432607,-0.191551924304381
10.425,-0.15937929077243077,-0.1619366193525656,-0.1547174182531412
10.43,-0.12207725120019519,-0.12243868675046843,-0.117151903352111
10.435,-0.13623175322621203,-0.13452926372911658,-0.12141395400968497
10.44,-0.1936450925489924,-0.19162004605979344,-0.17980825505005524
10.445,-0.2513353492105919,-0.2566736302537315,-0.2466737210889915
10.450000000000001,-0.25446032452795675,-0.25492624455043555,-0.2468519748758516
10.455,-0.27429099799613516,-0.2767060005399274,-0.26889127354353504
10.46,-0.18816428956902864,-0.19060531001032002,-0.18023341327811995
10.465,-0.14554029823178166,-0.14805019466783176,-0.13781961458997494
10.47,-0.199815604726029,-0.19705163155763758,-0.191164078702353
10.475,-0.25658602214062726,-0.25632254469991744,-0.2476741871106437
10.48,-0.24718488560056584,-0.24855101663906898,-0.24170113639166338
10.485,-0.2911942956551732,-0.29043982035385535,-0.27995792680772436
10.49,-0.28348969414555586,-0.28135408563523767,-0.27597581015504613
10.495000000000001,-0.32429862185805086,-0.3296401304783049,-0.31897063596155023
10.5,-0.3642840939730283,-0.3638542221179798,-0.3613883926785294
10.505,-0.41863907135188444,-0.41249765978362896,-0.4085974179621156
10.51,-0.39293713812640707,-0.3902838362904387,-0.37909408913388865
10.515,-0.3868086709939563,-0.38446516239360123,-0.37698820501769764
10.52,-0.3564748435528056,-0.35267955952792146,-0.34955976372649233
10.525,-0.32714767482376866,-0.33012527972695227,-0.3125539236379182
10.53,-0.36615523681260514,-0.36699705112703396,-0.3581410773331055
10.535,-0.360000864797844,-0.3533008798270363,-0.34612912203251023
10.540000000000001,-0.3617356962881159,-0.35691876258542143,-0.35181223372224124
10.545,-0.3933547528272637,-0.389765520763322,-0.37808643365930916
10.55,-0.3832370079893304,-0.3825715043886791,-0.3713999902449715
10.555,-0.38081101266139455,-0.37981643525242914,-0.37336669577876114
10.56,-0.40453472173509636,-0.40451556782563636,-0.40169944152507026
10.565,-0.4374700923837183,-0.43506998521611273,-0.43061050122875905
10.57,-0.41238287750923336,-0.41234011595359504,-0.40229482457442145
10.575000000000001,-0.31286482542657945,-0.3067939572820321,-0.3016609101194235
10.58,-0.3382375715257511,-0.3323317613874832,-0.3238781660838245
10.585,-0.3042939122539727,-0.3036457410713954,-0.29646425393429654
10.59,-0.33189269216587386,-0.33374037615217916,-0.3213255888177534
10.595,-0.34839758392908293,-0.3515086682364676,-0.33716434482675534
10.6,-0.3591049333791298,-0.35692003640073505,-0.35293762570841153
10.605,-0.36584422661352306,-0.3613693731184863,-0.3537229298776765
10.61,-0.320790540440059,-0.3152360275597934,-0.30835988675112536
10.615,-0.33628880385357707,-0.3330101010500494,-0.3274896496655518
10.620000000000001,-0.3145062962339856,-0.3141876033161593,-0.3097496740374117
10.625,-0.30891576018803935,-0.31253206487895235,-0.29824731163599033
10.63,-0.356152653395465,-0.36079525358877607,-0.35324754096526295
10.635,-0.39629865918411544,-0.3891584866184654,-0.3859396856716405
10.64,-0.37671970605505123,-0.3754062209754956,-0.3640825757623376
10.645,-0.3657344715052449,-0.3658429102852429,-0.3584882759991676
10.65,-0.3910988944990502,-0.3875451821374527,-0.3808599102401587
10.655,-0.4012467861024779,-0.4077147653437806,-0.39254487188093623
10.66,-0.4491635741960217,-0.4459437786397756,-0.43797615057326617
10.665000000000001,-0.42496507055186605,-0.4224999116666492,-0.4180122675312924
10.67,-0.4360232318314222,-0.4340353727954017,-0.42123472405931267
10.675,-0.412533717859213,-0.40840764524391154,-0.40180601332070875
10.68,-0.4406800189609328,-0.43566313680148183,-0.4330449722988689
10.685,-0.42682853569374574,-0.4278104631457246,-0.4215200276460813
10.69,-0.448240028222528,-0.45155216737801523,-0.4410253404285817
10.695,-0.40554125796442486,-0.4065945101819444,-0.39746708991574414
10.700000000000001,-0.387658493407722,-0.38733516190568157,-0.37990894290893273
10.705,-0.34996690553495935,-0.34738444240097194,-0.33965098049628456
10.71,-0.38529003611889917,-0.3932390108903443,-0.3848621089770628
10.715,-0.47663941246614805,-0.4765301793715287,-0.4648702151365051
10.72,-0.47013822175657755,-0.465041676394634,-0.4626737611379196
10.725,-0.49031519440517374,-0.4887560662240829,-0.4816882926715602
10.73,-0.5518999770336203,-0.5537758270793298,-0.5411239089201654
10.735,-0.5302818161553854,-0.5315233254378412,-0.5257201663978813
10.74,-0.4769992741184871,-0.4755079244318363,-0.4639990889733228
10.745000000000001,-0.5410661044148859,-0.5401555023036667,-0.5288327702994327
10.75,-0.5798130440305576,-0.5770946330391372,-0.5679306718511182
10.755,-0.5412738372385171,-0.5439919444635861,-0.5312647062041442
10.76,-0.6252161772324687,-0.6235316895279035,-0.6167803545210147
10.765,-0.5662039739023588,-0.5654340028739028,-0.5522035305881748
10.77,-0.6004861705513967,-0.5998962187110545,-0.5874357700744925
10.775,-0.5770897772771649,-0.5776078354604813,-0.5701350687250789
10.78,-0.6237200316279138,-0.6244411165476398,-0.6125071851905209
10.785,-0.6918170399555521,-0.6869846493193842,-0.6805992985239371
10.790000000000001,-0.6887351980883418,-0.6927009904587622,-0.6808886649629738
10.795,-0.6619868710057919,-0.6594849712543783,-0.6541111215335743
10.8,-0.672192685597788,-0.6695993755824415,-0.6632704798023131
10.805,-0.6653860865280585,-0.665100716128951,-0.6511750426446258
10.81,-0.6830506677630842,-0.6907306048226163,-0.6799744286127357
10.815,-0.6538242479130355,-0.660882141976075,-0.6428033047484645
10.82,-0.69239661983453,-0.6945386709734976,-0.6858765852640211
10.825000000000001,-0.710560502477331,-0.7104206623769466,-0.701740730779765
10.83,-0.7005813443795367,-0.7099263589348291,-0.6985302206572228
10.835,-0.6971578889034081,-0.6925716542618751,-0.6898567057202153
10.84,-0.7107156198716735,-0.7161552072711438,-0.7019914144779089
10.845,-0.646505899911089,-0.6452349668143842,-0.6378906150015456
10.85,-0.6493162458868711,-0.6507529502157546,-0.6397366122766878
10.855,-0.6301222879167675,-0.6288104947340204,-0.6213658256212525
10.86,-0.6496551345217118,-0.6490612797550751,-0.6424128709683887
10.865,-0.692652290343869,-0.6935811106050148,-0.6789481503464329
10.870000000000001,-0.7217655259247768,-0.7146254082212591,-0.7071578723972908
10.875,-0.705699462855142,-0.7067649566524828,-0.6959928088128715
10.88,-0.6880595346934282,-0.6872883964430025,-0.6813486797857733
10.885,-0.684509058792317,-0.6816928193075052,-0.6830172359921933
10.89,-0.7019325390069854,-0.7024646471568164,-0.6902093066505934
10.895,-0.7259493872640377,-0.727729635202172,-0.714177282043941
10.9,-0.6953803906869004,-0.7001672343015938,-0.6935633272039078
10.905,-0.7165935424178363,-0.7214171636498892,-0.7082022842999876
10.91,-0.6810524880481891,-0.6760422409643488,-0.6687952379778661
10.915000000000001,-0.640925932717393,-0.6334938709311122,-0.6323214250954552
10.92,-0.6500706058175075,-0.6480841256519156,-0.6371192050049642
10.925,-0.6372064600552472,-0.6381511039078447,-0.6255490810446115
10.93,-0.6210648729812661,-0.6149191066923586,-0.6103134529650867
10.935,-0.6693571303578545,-0.6673800002961868,-0.6590164048828352
10.94,-0.6637280271714684,-0.6699944731713061,-0.6575593188866267
10.945,-0.636796570290219,-0.6362163429166119,-0.6297751425020655
10.950000000000001,-0.6143684283636306,-0.6163055132041195,-0.6041640588255026
10.955,-0.6236163227150001,-0.6273762376673152,-0.6155573867959439
10.96,-0.6327705091457988,-0.6329213494003771,-0.6229560295398844
10.965,-0.6401227177370677,-0.6346276443224269,-0.6301123268425284
10.97,-0.5999980107316529,-0.5986594369727082,-0.5898112276042049
10.975,-0.5898387590753255,-0.5806569974559814,-0.5787278995776429
10.98,-0.5380862532337927,-0.5397732549432301,-0.5317066768129985
10.985,-0.5204229922919099,-0.5204162976223704,-0.51118015374569
10.99,-0.5145298186046952,-0.5151195094541365,-0.5028081686430352
10.995000000000001,-0.5223462741273058,-0.5218166796835937,-0.510167829783146
11.0,-0.5363489867657382,-0.5346507118364382,-0.5301807017384357
11.005,-0.5458447264921935,-0.5487729999834914,-0.5393033879262233
11.01,-0.48152339273226624,-0.4795784279533859,-0.4767177411920799
11.015,-0.3960008641651281,-0.3970271311008227,-0.3860717497564567
11.02,-0.3950452252244932,-0.3988154887286703,-0.38997866189886127
11.025,-0.43416060413639157,-0.4339639553211033,-0.4264292872097946
11.03,-0.4385652116774672,-0.43908023845858335,-0.42886107077909136
11.035,-0.40748530639747577,-0.4138422083297317,-0.3993992713545843
11.040000000000001,-0.38554935792380635,-0.3905919231942315,-0.379731323109162
11.045,-0.3504177147855154,-0.3507285753611834,-0.340337826224094
11.05,-0.2891222275507648,-0.29280768879877667,-0.28252239953206326
11.055,-0.34150989301208245,-0.3433900523185815,-0.3319457160703312
11.06,-0.3501792915958388,-0.3533539534916157,-0.3451978030857414
11.065,-0.4116271476011322,-0.4187559316691911,-0.40699508613786944
11.07,-0.4015423403558832,-0.4027894074151024,-0.3930809862441521
11.075000000000001,-0.34786735367432725,-0.34668794805348413,-0.3412558847875189
11.08,-0.28417417798531963,-0.28437289895288587,-0.27460987978385837
11.085,-0.24683970332198332,-0.2489768819277214,-0.24094466336506482
11.09,-0.23283890131967983,-0.2345636787900178,-0.22202846022128683
11.095,-0.2164606698898936,-0.21484068226799008,-0.2049953568267295
11.1,-0.16696604077001348,-0.16607067295708305,-0.15736447965816167
11.105,-0.15161708781627123,-0.14553894606611675,-0.14621673946505326
11.11,-0.18686759145721987,-0.18731906541139834,-0.17437833371678257
11.115,-0.22264490661797426,-0.22213355033703847,-0.2157325635868717
11.120000000000001,-0.23892038807673602,-0.23006346872333008,-0.22274053968208898
11.125,-0.22383209729442893,-0.22476456813090046,-0.21536997465976127
11.13,-0.21216299156190577,-0.21326802786408053,-0.20232634503574956
11.135,-0.19575127718738364,-0.19714030263036675,-0.18833355804829227
11.14,-0.2514997544282598,-0.25682688679898136,-0.24764997455131826
11.145,-0.2704999572715841,-0.2663473771185036,-0.264288494689173
11.15,-0.26479010019637245,-0.26886851642173926,-0.2554505047548901
11.155,-0.27002619305361114,-0.26445025637168756,-0.2572699459224394
11.16,-0.25673732681855477,-0.2518501258053356,-0.24358191198660722
11.165000000000001,-0.22643413377538693,-0.2295680908198229,-0.21729777077071175
11.17,-0.23455589445561176,-0.23065294296270347,-0.22603687218029586
11.175,-0.29038624474410846,-0.2860390014040803,-0.2776223540173275
11.18,-0.3206640210668915,-0.31836127047654,-0.3142559522966353
11.185,-0.303110489020149,-0.30197613922489963,-0.28976557610767556
11.19,-0.3131178666363915,-0.30907764474839255,-0.2988741055572573
11.195,-0.3082544932894045,-0.30816363416583087,-0.29769638073471366
11.200000000000001,-0.28860029864567116,-0.2844254862396115,-0.2788405450637717
11.205,-0.29096835951596645,-0.28458521455705416,-0.27749916564119886
11.21,-0.310654494685492,-0.3043201678170379,-0.30050227501176796
11.215,-0.27286232503340996,-0.2749187672717078,-0.2628960409872769
11.22,-0.2980766131311215,-0.2953993529184479,-0.2906977388324155
11.225,-0.3187621103268213,-0.3150620129688758,-0.30585616248769165
11.23,-0.33455572425322555,-0.3283071055517643,-0.31740909953948054
11.235,-0.37706314219378995,-0.37479562524249505,-0.364355399373639
11.24,-0.38917457111184584,-0.38652060146186845,-0.3783411985962113
11.245000000000001,-0.3807217398693423,-0.37765894948603934,-0.3691154126832686
11.25,-0.3695590826499909,-0.3652462889467093,-0.3561964059145652
11.255,-0.3669567748566604,-0.3660992752748992,-0.35723028607214224
11.26,-0.38107463571436145,-0.38127993531550375,-0.37668167770030136
11.265,-0.41105172924497124,-0.40432353035559965,-0.39531677726172837
11.27,-0.41298221092630766,-0.41640293027722375,-0.40383215298808967
11.275,-0.4497436686313293,-0.44749221158949404,-0.4324636809290425
11.28,-0.4024551950990112,-0.4002491772546723,-0.3960856184133272
11.285,-0.4171766176753588,-0.4130576760996245,-0.40518368061535753
11.290000000000001,-0.4285330052640979,-0.42347287629315056,-0.41831040748627224
11.295,-0.39400190123154877,-0.3922860725056841,-0.3847241476555435
11.3,-0.41065370930242234,-0.40264129333275883,-0.38918241586132274
11.305,-0.37812976985060914,-0.37201079874814624,-0.3667230936681183
11.31,-0.3827162031634906,-0.3837174033577819,-0.36701730618095124
11.315,-0.3807177912015444,-0.3768699944898035,-0.3683167550863125
11.32,-0.40843904815845383,-0.40551856513056245,-0.39640828924379756
11.325000000000001,-0.35624841868438506,-0.35447308503889474,-0.348485476270325
11.33,-0.3737307906328333,-0.37012072637667526,-0.36811732528707675
11.335,-0.3730191632330708,-0.37271932963291216,-0.3618927475938482
11.34,-0.31435061463781183,-0.30954998338232587,-0.29745619392088596
11.345,-0.2996660883700913,-0.2975614995727401,-0.2890862702089267
11.35,-0.2541682748594921,-0.2569539429920698,-0.24560671040263546
11.355,-0.28850794496446536,-0.2839652674319299,-0.27486675870550775
11.36,-0.305228637006826,-0.30451801050247984,-0.30031024279948626
11.365,-0.3239883210474734,-0.32439451586022555,-0.31703618924129645
11.370000000000001,-0.3647523415645856,-0.3648153487450979,-0.35503278866468524
11.375,-0.3568486250325207,-0.3468167312552518,-0.34122094120915214
11.38,-0.3651619293643286,-0.36049172444953914,-0.3499053046799458
11.385,-0.369960225357441,-0.3762010836237309,-0.36536474854223416
11.39,-0.37248274521528785,-0.37811038513994977,-0.36742698179872746
11.395,-0.332646059767901,-0.3279046580884127,-0.3198951605614159
11.4,-0.3301962106803253,-0.332177037979041,-0.3258988304071633
11.405,-0.35634338209166433,-0.355687084617283,-0.34953529259297733
11.41,-0.3465036446709283,-0.3494631123543099,-0.336359762067238
11.415000000000001,-0.33789619969927237,-0.3389873550699641,-0.32747223496996786
11.42,-0.3040344476046624,-0.3058991108199662,-0.29643995323265293
11.425,-0.33937381452441606,-0.3417211872052269,-0.33130670601971685
11.43,-0.33651805987737954,-0.33645755524962856,-0.32935165602185673
11.435,-0.3465988358247676,-0.3490091961068526,-0.34440386630801584
11.44,-0.3175242299116294,-0.32232800892978397,-0.3129410969728195
11.445,-0.29321952152225,-0.28798321725497905,-0.27795465564671934
11.450000000000001,-0.27629779263050736,-0.2745912652080428,-0.2727054980466779
11.455,-0.28080109017081534,-0.2831245969468492,-0.2721815694445612
11.46,-0.3260764145253886,-0.3265743991524033,-0.32250908220413077
11.465,-0.2701622706301972,-0.26561520095855334,-0.2575461357630176
11.47,-0.28431705435748883,-0.28552417409759423,-0.27413203991173835
11.475,-0.2448078528332715,-0.24753783093697118,-0.23888475587700483
11.48,-0.20521958966689924,-0.20726963130166312,-0.20216670510544307
11.485,-0.22964559286078212,-0.22739749972349999,-0.21417747609978305
11.49,-0.2223319032317311,-0.2206786549260762,-0.2109208368145568
11.495000000000001,-0.29441838922582836,-0.292067227913325,-0.2849937798920755
11.5,-0.29490423555190687,-0.29431887684113733,-0.28505557704590023
11.505,-0.30918653852422856,-0.3078179584400919,-0.2908588206402649
11.51,-0.24404840531830488,-0.23884998863137127,-0.22875390492232556
11.515,-0.22006867070985184,-0.21946274777247327,-0.2076241235522117
11.52,-0.19566119286160374,-0.19595039634982062,-0.18495623291431565
11.525,-0.1881012608724042,-0.19135856652228314,-0.17280542166760302
11.53,-0.20248372126129205,-0.20685877265726457,-0.19245907865755293
11.535,-0.24385664588059439,-0.2476909888391361,-0.23837947148369645
11.540000000000001,-0.282133858562823,-0.28611483400441623,-0.2719475719564874
11.545,-0.24697504475555154,-0.24674099250408757,-0.23749049569267205
11.55,-0.19337293058369662,-0.19608064096428524,-0.18813860480183447
11.555,-0.22332486079281974,-0.22197103362397153,-0.21140368413380278
11.56,-0.18983628934640484,-0.19220691424973946,-0.18520497487992624
11.565,-0.19741829884798753,-0.20330302155385285,-0.18387315163976078
11.57,-0.200267734514768,-0.1988347193939984,-0.19231417689663705
11.575000000000001,-0.16896546767642862,-0.16936340402931743,-0.15715225409393255
11.58,-0.1464025303613947,-0.146363473310509,-0.13390729275650276
11.585,-0.1488560872310035,-0.1499802639410788,-0.14314477173815326
11.59,-0.13432128941131222,-0.14345186610248942,-0.13325064794714017
11.595,-0.1850701772719749,-0.18238553771629812,-0.17344686379946
11.6,-0.23173064141134347,-0.2300477351226868,-0.22314182970192709
11.605,-0.2845385842034564,-0.2881803797841544,-0.27492776863721247
11.61,-0.2810913872818292,-0.28520713050408286,-0.2734321212494602
11.615,-0.31171801785176456,-0.3105361733965237,-0.30284766775393307
11.620000000000001,-0.3307463946986718,-0.3208546532042123,-0.312939958387278
11.625,-0.3448325335881236,-0.34223062923320857,-0.3401087679346034
11.63,-0.38232634632649115,-0.3735313396857563,-0.3693757275339333
11.635,-0.40651568016955336,-0.40381370727466154,-0.4018743934194094
11.64,-0.45002939757176535,-0.4469714149287812,-0.4451932044501089
11.645,-0.4718762271959576,-0.47073639757151126,-0.46234300869484996
11.65,-0.49719822088427057,-0.494100400130392,-0.4854823163269629
11.655,-0.5610042357338852,-0.5576515813640172,-0.545416258541896
11.66,-0.5844723041498864,-0.5820444183620975,-0.5722103730126645
11.665000000000001,-0.5982391560955076,-0.6007378179098425,-0.5836979300697285
11.67,-0.6187863807288712,-0.6160335003548221,-0.6039741457326363
11.675,-0.634508497674861,-0.6350769035417887,-0.6268652471944967
11.68,-0.6467295491482987,-0.6518304136498473,-0.6438671482068687
11.685,-0.653585774652157,-0.6540784249634217,-0.6473187323946998
11.69,-0.687387526336959,-0.6885723511541544,-0.6793986907983104
11.695,-0.6958716240066677,-0.6973555515470788,-0.6813488506919502
11.700000000000001,-0.6474297561737531,-0.6495813490613728,-0.6386666240705703
11.705,-0.6742173083175932,-0.6722740950827492,-0.6594838262790721
11.71,-0.678873769486843,-0.6776906542051694,-0.6653109877857464
11.715,-0.7038729959712235,-0.7034543064765606,-0.6917595152470181
11.72,-0.6490882755169957,-0.6517078566768805,-0.637214208852141
11.725,-0.5784603465666935,-0.5751589648103865,-0.566249638384301
11.73,-0.5792268649011532,-0.5803322689054063,-0.5672640979277556
11.735,-0.571340794916691,-0.5674874107712632,-0.5561274911404249
11.74,-0.5770438683288864,-0.582029300780381,-0.5665805013591328
11.745000000000001,-0.6023389035605147,-0.6028936656358755,-0.5914718790258241
11.75,-0.6405261105830912,-0.6459150910757028,-0.6310801470896428
11.755,-0.6358383816881786,-0.6391333717345283,-0.626303779413512
11.76,-0.6209351012707397,-0.623194970663931,-0.6129406969120865
11.765,-0.670980347362849,-0.6713363093157805,-0.6564023526186039
11.77,-0.6177321792998403,-0.6190382372257685,-0.6078656476266904
11.775,-0.6528768130973129,-0.6539429335671872,-0.6345552755061936
11.78,-0.6641712795754686,-0.6691034446165511,-0.6601638563834834
11.785,-0.6811814884784874,-0.6833357114662512,-0.673141105856812
11.790000000000001,-0.7174290559195259,-0.725750595521791,-0.710233342740814
11.795,-0.740705114922642,-0.7470132271057134,-0.7370832729037446
11.8,-0.6942576703242979,-0.7032431001514308,-0.6934314196906115
11.805,-0.6660887061263917,-0.6717792057372438,-0.6577204933099754
11.81,-0.7138494170799277,-0.714475023103129,-0.7061774576116674
11.815,-0.7865905054535716,-0.789295778218433,-0.7796647167063202
11.82,-0.814404328752135,-0.8235307619831319,-0.8130636554906767
11.825000000000001,-0.8448600818939168,-0.8512739831861156,-0.8399305655927044
11.83,-0.8826313272846282,-0.8884526289391087,-0.8762378648388628
11.835,-0.8808914243748777,-0.8848619802564849,-0.8699476067648674
11.84,-0.9102517828530103,-0.9078486497197249,-0.9013589701404375
11.845,-0.9296867049931496,-0.9359044990804806,-0.9232737607812255
11.85,-0.914609594714872,-0.9147326771900284,-0.9070174764856538
11.855,-0.9279008916680346,-0.9325967091395708,-0.9240133595869741
11.86,-0.9269597728329088,-0.9294901839390008,-0.9205787679610962
11.865,-0.9433466688239655,-0.948633196751267,-0.9320637781539011
11.870000000000001,-0.9048921158584126,-0.9076129700199161,-0.8966327540044088
11.875,-0.8643801486030257,-0.8620064410241487,-0.8488233644338888
11.88,-0.8319050932640534,-0.8353359928158922,-0.8228394917325884
11.885,-0.8705251471548294,-0.8710508336634017,-0.8618123056816244
11.89,-0.8378620731859416,-0.8393882718560594,-0.8268366978400523
11.895,-0.8539652303226406,-0.856651223039327,-0.8445276927444456
11.9,-0.8532111020979521,-0.8553663719630653,-0.8416363911252933
11.905,-0.9188347393278603,-0.9231584052540528,-0.9114518261450995
11.91,-0.9897128364585466,-0.9868395079873296,-0.9763711599198069
11.915000000000001,-1.002780522491363,-1.0060508670132648,-0.9889823667605846
11.92,-1.0719264259957342,-1.075787656453811,-1.0656431444460028
11.925,-1.0866862945836488,-1.0829415185648872,-1.0753904215410761
11.93,-1.0555397497736392,-1.0540952368157768,-1.042423644982552
11.935,-1.013805953407793,-1.0215377439862072,-1.0059898026136094
11.94,-1.0090767813296235,-1.015918842465057,-1.0014550749099347
11.945,-1.0205734295850901,-1.0218403658493735,-1.0103928114661915
11.950000000000001,-1.051665180071457,-1.0507923593099673,-1.0377861467251006
11.955,-1.0324821067547576,-1.0389793465952055,-1.0207864798680966
11.96,-1.0568498413956866,-1.0590593852497572,-1.042804566647589
11.965,-0.9931987669439031,-0.9973824680275203,-0.9865000828591642
11.97,-1.0004835586869834,-0.997738580753356,-0.9903356867620723
11.975,-0.9933005019834118,-0.994852250157944,-0.9825359069430709
11.98,-0.9507792987922647,-0.950348373735764,-0.9427640115445253
11.985,-0.9698527047177551,-0.9728098771626913,-0.9619809196324304
11.99,-0.987227193406034,-0.9889586799908219,-0.9772585403967908
11.995000000000001,-0.978644924146107,-0.9808297736139335,-0.9700258118141296
12.0,-0.9873441755965688,-0.9922284031567037,-0.9800172023117896
12.005,-0.9939922058577959,-0.9939779495444137,-0.9864842004048837
12.01,-0.9485679482720513,-0.9498373152553256,-0.9414761826179587
12.015,-0.9589953465077861,-0.9566181934572114,-0.9512955957787096
12.02,-0.8868028241314942,-0.8869444258375867,-0.8744577616559652
12.025,-0.8693808371618453,-0.864988202835779,-0.8553422124184763
12.030000000000001,-0.8828592191042115,-0.8815410093273937,-0.8726621274281045
12.035,-0.8842580254118132,-0.8840257752127147,-0.8713915856633956
12.040000000000001,-0.8704103700642343,-0.8677985754933502,-0.851346987058821
12.045,-0.8481831063504415,-0.8501569521100715,-0.8381414535901159
12.05,-0.8751144117629833,-0.8751585997234407,-0.86508913782342
12.055,-0.8452556241189342,-0.8497952128243592,-0.841064627405927
12.06,-0.9130297381319235,-0.9108307466284078,-0.9016603123267624
12.065,-0.9347172830003858,-0.9336521985798723,-0.9240284812619373
12.07,-0.9386999514605583,-0.9408797441604544,-0.9331486894483915
12.075000000000001,-0.9715649754317032,-0.9772023393521247,-0.9710784177343458
12.08,-0.9484102702731037,-0.949581980610332,-0.9366852093808772
12.085,-0.9799089777696514,-0.9774162806481865,-0.9695448830926997
12.09,-0.9863984839666892,-0.9875898889638907,-0.9766126406306017
12.095,-1.0247159141122262,-1.0228227024857701,-1.0134564976281177
12.1,-1.0414015178147085,-1.0405869248933624,-1.025314333178943
12.105,-1.0078050866339787,-1.0100825337866064,-0.99688538996878
12.11,-0.9769629565354998,-0.9811636581552019,-0.9757299761795918
12.115,-0.9537230508434369,-0.9493823015576789,-0.9478491896132158
12.120000000000001,-0.9528231022584885,-0.9491677660649284,-0.944812110031426
12.125,-0.9618697669220938,-0.9620018294486117,-0.9556900819729313
12.13,-0.9472719398066081,-0.9467061551570115,-0.9427046370391573
12.135,-1.0064548622831342,-1.0030508712884536,-0.9981102189353037
12.14,-0.9900525864271816,-0.9855168790744044,-0.9750549845816187
12.145,-1.0528477404311607,-1.0571559878669234,-1.0511592556567568
12.15,-1.0187628055050058,-1.0171709275177894,-1.0027155732361877
12.155000000000001,-1.0092236829167667,-1.0108849105052646,-1.0070312384107907
12.16,-0.9887357087169201,-0.9846976109075523,-0.978392833792513
12.165000000000001,-0.9424860022393861,-0.9341316713686176,-0.9303501455176053
12.17,-0.8897051997970201,-0.8873485262935265,-0.8752555262088283
12.175,-0.9166329019143626,-0.9152728524928855,-0.9024880669099441
12.18,-0.9669379635336816,-0.9614248624917506,-0.9562925409950644
12.185,-0.9562848221098302,-0.9578545203910822,-0.9508958353832304
12.19,-0.8910909224215412,-0.8926144915275173,-0.8815766146738996
12.195,-0.9367076365422732,-0.9331246576923986,-0.9270376066891766
12.200000000000001,-0.9387312850484952,-0.9401527135358011,-0.9254918065175262
12.205,-0.9468808736719815,-0.9433802955495993,-0.9356981881267907
12.21,-0.9727536904145467,-0.9654792526469484,-0.95887385344343
12.215,-0.9661913065630605,-0.965481351189454,-0.9599195391590023
12.22,-0.9398505074164036,-0.9360554198579758,-0.9339281032813073
12.225,-0.9112591070255189,-0.9176429227117336,-0.9064984144769249
12.23,-0.9389694793482806,-0.9353993810630634,-0.927911554470098
12.235,-0.9759168141720579,-0.9734600879028565,-0.9598974431859706
12.24,-0.9984163982331237,-1.0008309440710597,-0.9885675121944181
12.245000000000001,-0.9560449271376736,-0.959120382821164,-0.9469305752993777
12.25,-1.011594818640777,-1.0043843046114487,-0.9963347149219793
12.255,-0.9848598683686869,-0.9805793698065255,-0.9753579253257384
12.26,-0.9845293675698804,-0.9826383768098963,-0.9744256657475492
12.265,-0.9832866191547918,-0.9823518700155074,-0.9735205039531729
12.27,-0.9994284266766525,-0.9958457096768344,-0.9859746551328583
12.275,-1.0130753142764946,-1.0142465264796814,-0.9996158307508451
12.280000000000001,-1.0236657501818374,-1.0221294568908303,-1.0161583369932985
12.285,-1.0468522809638594,-1.0426670039996677,-1.0397453883481511
12.290000000000001,-1.030337292225008,-1.0239778752253454,-1.0129503953733412
12.295,-1.014429490602419,-1.0081420985437082,-0.9954507967564757
12.3,-1.0243380345616748,-1.0208805497041733,-1.0119765128086309
12.305,-0.9943054167165837,-0.9892447390747102,-0.9819504554661819
12.31,-0.9614331208656436,-0.956575608148268,-0.9475164646231247
12.315,-0.9836061559559053,-0.9793019670037306,-0.9718176401340779
12.32,-0.9359564334055839,-0.9363856119771715,-0.9260457454179362
12.325000000000001,-0.9917192053011095,-0.9868547205033829,-0.9810584967282919
12.33,-0.9673959283768897,-0.9683048092745218,-0.9564950482587028
12.335,-1.0088388665873276,-1.0127987615579435,-0.9992213604151533
12.34,-1.0571562104742798,-1.0604540413680967,-1.047851126693001
12.345,-1.0902293563906524,-1.097111304568872,-1.0775265485771666
12.35,-1.0499918523351488,-1.049253275761108,-1.0376405894717664
12.355,-1.0630800482758849,-1.057866987959499,-1.0490950121254106
12.36,-1.0279141853736373,-1.0288610797362603,-1.0168166209013763
12.365,-1.0142734617232343,-1.0098806645883749,-1.009665125936967
12.370000000000001,-1.027657543624787,-1.0269911108287204,-1.0170495505563903
12.375,-1.0352588382630283,-1.035770196591815,-1.0232155040639475
12.38,-1.0637708677062878,-1.0602934528517354,-1.048851960460765
12.385,-1.041651008855832,-1.0434433654758037,-1.0349118081792237
12.39,-1.0767469613577825,-1.079376476250002,-1.0708695119935825
12.395,-1.0805631439192491,-1.077977496137086,-1.0694316766006577
12.4,-1.1005471169527195,-1.1092960704050112,-1.0977384431153254
12.405000000000001,-1.124781787460104,-1.1241411661807805,-1.1117431570754914
12.41,-1.102952401119533,-1.1036190396778436,-1.0957425996673658
12.415000000000001,-1.1406542056447115,-1.1395000176500067,-1.1283823534327122
12.42,-1.1097903129149942,-1.1172554747976722,-1.0982290406622344
12.425,-1.1154962972758973,-1.1208971513759416,-1.1084007517512582
12.43,-1.1931284007942713,-1.1955750818978437,-1.1829653048092301
12.435,-1.2155428017750056,-1.216251645811062,-1.2120340529135214
12.44,-1.2169016001883497,-1.2234103775168288,-1.210813997993412
12.445,-1.2020251547245402,-1.2023241410702734,-1.19259335176551
12.450000000000001,-1.1720308979004666,-1.1708224800648452,-1.1685330233824769
12.455,-1.1883146905436777,-1.1886834415236696,-1.181774724332025
12.46,-1.2078240103483078,-1.2121687698624968,-1.197531602249535
12.465,-1.2046178407340737,-1.2028674572245968,-1.193394708820014
12.47,-1.2491237328590201,-1.2528284497172268,-1.242699298112044
12.475,-1.2102271534922129,-1.2165539482319263,-1.2078796802312248
12.48,-1.2490361532489642,-1.2502664412978177,-1.2368745232106886
12.485,-1.186869169698655,-1.1830349648546052,-1.1757335060940086
12.49,-1.132976271456382,-1.1354833469422607,-1.1197202319242026
12.495000000000001,-1.0896859169554385,-1.0933950137447437,-1.0780365782268992
12.5,-1.0754314122003472,-1.0811467704120616,-1.068660595082533
12.505,-1.0407920427812802,-1.0451539016605431,-1.033613265217713
12.51,-0.9843242462267685,-0.9918624164039695,-0.976206983449533
12.515,-0.9913964405392129,-0.9950866049966035,-0.9809249192962411
12.52,-0.9623011796402953,-0.9676558953171034,-0.9588959817137213
12.525,-0.9656928512107685,-0.9726470899884033,-0.959341777260233
12.530000000000001,-0.9223130107446119,-0.9283185738522496,-0.9122411086186628
12.535,-0.9371349548205072,-0.9392868563463468,-0.9228054411478988
12.540000000000001,-0.9601504668067298,-0.9676417871443503,-0.9525614100585951
12.545,-0.9568459475082056,-0.958705982227736,-0.9453083593713145
12.55,-0.9123148389761639,-0.9065103077572536,-0.8994411664430643
12.555,-0.9130210948672269,-0.9191626920736115,-0.9133406091933766
12.56,-0.9162335654175405,-0.9150037339093438,-0.9078099086817926
12.565,-0.8816937980356736,-0.8850112744943321,-0.8730371063946096
12.57,-0.8760481374443279,-0.8763596564189451,-0.8595966491207065
12.575000000000001,-0.8809982290506289,-0.8823404144329828,-0.8677500452824745
12.58,-0.8997519125186391,-0.9054336386877359,-0.8851892087307817
12.585,-0.8871963706925052,-0.8930871745429728,-0.8807957946397756
12.59,-0.8994639749872275,-0.9004860608130546,-0.889279158614195
12.595,-0.9068466382241264,-0.9016582528296001,-0.8945315424893087
12.6,-0.8023869043238256,-0.8025650058940939,-0.7954859108257817
12.605,-0.7684342844222175,-0.7761324711389365,-0.7655769989105444
12.61,-0.7301454089172139,-0.7284384523978863,-0.7207125068873153
12.615,-0.7797278833102159,-0.7778729173177037,-0.7654248633396037
12.620000000000001,-0.7307525974365864,-0.7374363385989523,-0.7268490798678374
12.625,-0.7429166296850658,-0.7475692376335773,-0.7401733704154652
12.63,-0.7952326469710711,-0.7971017444540102,-0.7838621871367915
12.635,-0.7904478161635206,-0.7911556844052686,-0.7819641607433729
12.64,-0.7281297070220435,-0.7305905079023255,-0.7210484592835454
12.645,-0.7901449652280214,-0.7922713667892544,-0.7803398022912478
12.65,-0.7625425554046004,-0.7675967924629826,-0.7531654493403894
12.655000000000001,-0.814555040263845,-0.8190188599233797,-0.8108353979677757
12.66,-0.8414976443858255,-0.8420413837565296,-0.830618321299083
12.665000000000001,-0.8576332023331524,-0.8580420322855751,-0.8498924543136461
12.67,-0.8863234920114395,-0.8892591975714971,-0.8776738591012989
12.675,-0.8715486043272463,-0.8736433796287716,-0.8648390148925743
12.68,-0.8306336954872211,-0.8289479956139365,-0.8192696543347617
12.685,-0.8452292315762225,-0.8399105907254815,-0.8287020767312665
12.69,-0.8738226368399226,-0.8777017971294767,-0.8649650463858747
12.695,-0.9135905305061504,-0.9140578880696973,-0.9033352120143414
12.700000000000001,-0.9609407494847645,-0.960434364209906,-0.9521168699547911
12.705,-0.9314963770558838,-0.9324183461144688,-0.923646699973572
12.71,-0.8974402249153016,-0.8911988329019982,-0.8871569066607112
12.715,-0.88819138785996,-0.8885763717729526,-0.8843617113189957
12.72,-0.8526764819522155,-0.8477645986136675,-0.8376174134102553
12.725,-0.8307466606935401,-0.8229990615501606,-0.8199348028589063
12.73,-0.8689704751059124,-0.8721216706847306,-0.8630492661012321
12.735,-0.8865189467220453,-0.8882074469761166,-0.8845700799958642
12.74,-0.865368129881441,-0.8585010095042027,-0.8550223796917388
12.745000000000001,-0.8774334141963482,-0.8772713201148543,-0.87088045571845
12.75,-0.8282406336011151,-0.8248326012188392,-0.8126733523023107
12.755,-0.8099555975659769,-0.8108570854538288,-0.804608622512348
12.76,-0.8518379521071796,-0.8522855625543779,-0.8371292441436701
12.765,-0.8201331730812242,-0.8084516446286147,-0.8063789637266335
12.77,-0.7848894966989202,-0.7837902409026721,-0.7763126845190705
12.775,-0.7649377014678277,-0.7669803693570838,-0.7540480574350562
12.780000000000001,-0.7526504018480011,-0.7496929804241498,-0.739507387921448
12.785,-0.8159716211467255,-0.8227780587277581,-0.8057985115469687
12.790000000000001,-0.7745146847462447,-0.7747781472403327,-0.7717438680894391
12.795,-0.7826714811370103,-0.786168928568689,-0.7726631627010561
12.8,-0.7605509433020627,-0.7594479394835434,-0.7538207844998022
12.805,-0.7571101143208033,-0.75696758700271,-0.746991288509979
12.81,-0.7324596868487513,-0.7326107540902242,-0.7264492780301764
12.815,-0.6706269808747743,-0.6752466166726617,-0.66126479627798
12.82,-0.6845591691657198,-0.686598001996155,-0.6795345257043236
12.825000000000001,-0.723298039922836,-0.7199927830207821,-0.7071376692724792
12.83,-0.682766140253229,-0.685632495212918,-0.6679571505589931
12.835,-0.6788093072456693,-0.6811769812085325,-0.6736918765589976
12.84,-0.6444996586391042,-0.6401342049901099,-0.6352382026300636
12.845,-0.6544941906734733,-0.6543495273978914,-0.6468813865285804
12.85,-0.664471347203558,-0.6662156847552162,-0.6605071821464251
12.855,-0.6257859972363081,-0.625692277040618,-0.6182632434991522
12.86,-0.6060743953513279,-0.6082022395880201,-0.6005858207595212
12.865,-0.6143131826998743,-0.6123964023612255,-0.6034335723046387
12.870000000000001,-0.6414256703328606,-0.6403537377266142,-0.6306610662645773
12.875,-0.669577146537473,-0.6698802148229557,-0.6656863989374564
12.88,-0.6679346096017191,-0.6620382794252033,-0.6594160031356593
12.885,-0.6247988393095822,-0.6227461377537006,-0.6105464963557631
12.89,-0.662018919532783,-0.6643369873781032,-0.6561973708449498
12.895,-0.6263622454823269,-0.631072615504753,-0.62120811481205
12.9,-0.6421743485396578,-0.6356029794715599,-0.6335177702050606
12.905000000000001,-0.6246539076190609,-0.6281570096077287,-0.615954547362602
12.91,-0.5754505681829645,-0.5748936699979769,-0.5663130581442871
12.915000000000001,-0.5886051865914376,-0.5864241396603127,-0.5799982728465136
12.92,-0.6404366130030491,-0.6431319209103193,-0.6297772542534424
12.925,-0.6468790990311584,-0.6471212667668041,-0.6430139692856767
12.93,-0.6112586184311649,-0.6164388823713528,-0.5992679429855272
12.935,-0.663415511348349,-0.6696839655614649,-0.6569366801161107
12.94,-0.6663025185991351,-0.66866965749258,-0.6558952124604327
12.945,-0.6557804750320342,-0.6531557559511763,-0.6501898852903245
12.950000000000001,-0.66989063277124,-0.6696520503772899,-0.6568634544615602
12.955,-0.6839005096488925,-0.6915171365114332,-0.688795146411519
12.96,-0.7012254917022638,-0.7023948704743548,-0.6984167309127667
12.965,-0.7361510249840225,-0.7430054491730721,-0.7328934745584527
12.97,-0.7502346584013266,-0.7556517195438408,-0.7402928488150562
12.975,-0.7391418262381964,-0.7345584314794713,-0.7268451259703617
12.98,-0.7076137999978256,-0.7113300376076825,-0.7083050940441428
12.985,-0.7413271519691487,-0.745187063114107,-0.7324587282004884
12.99,-0.7311349407067549,-0.7285073840292532,-0.719287461836814
12.995000000000001,-0.7625470636670104,-0.765408196645928,-0.7611032224419918
13.0,-0.7338460531804423,-0.7357639049950983,-0.7214011900933373
13.005,-0.7545764803836367,-0.7602282037300375,-0.7550817695335584
13.01,-0.7123694799619895,-0.7090141527428123,-0.7033940980522516
13.015,-0.6751535462055971,-0.6806505048525695,-0.6659778366552022
13.02,-0.6950145807827286,-0.6984466026665395,-0.6959057822650014
13.025,-0.7513692111947273,-0.7533018581451031,-0.7445349439822125
13.030000000000001,-0.7712919735005661,-0.7660998324142723,-0.7586812515268905
13.035,-0.8063270107475803,-0.8063751156147497,-0.7987362588755967
13.040000000000001,-0.8272117123826226,-0.8319304414290871,-0.8204199197867573
13.045,-0.8102788772256866,-0.8114057795035969,-0.7991707049110388
13.05,-0.834879196965043,-0.8321242810991997,-0.8214402260205005
13.055,-0.8278747755992142,-0.8301283913422676,-0.8253960959454285
13.06,-0.8087197269432392,-0.8050476555670816,-0.7973276168237767
13.065,-0.8545874826720243,-0.8575030075936643,-0.8464504022020325
13.07,-0.8894631216249472,-0.8880701133606733,-0.8777164229498535
13.075000000000001,-0.9196640736375491,-0.9202065310919527,-0.9134949683119008
13.08,-0.94441929262724,-0.9466781992341252,-0.9401400455137667
13.085,-0.9274461015887411,-0.9313877706511196,-0.9220534076541198
13.09,-0.9529931680902518,-0.9532726405719656,-0.9397198099693171
13.095,-0.9706576005893506,-0.972929885251867,-0.9656871114835825
13.1,-0.9690399004065782,-0.9678823011115615,-0.9613692558680419
13.105,-0.9446450027061307,-0.9422721007261072,-0.9351466818448139
13.11,-0.9033562259617036,-0.9051644082165354,-0.899242397043066
13.115,-0.8632952589809576,-0.86553906713737,-0.8575455003935359
13.120000000000001,-0.8986739643786128,-0.894282148522123,-0.8876502458499611
13.125,-0.9385347655965061,-0.9360673551190208,-0.9320155951644142
13.13,-0.9585997034519405,-0.959983059510404,-0.9545449450019607
13.135,-1.019871474568702,-1.0228145954264976,-1.017576788588414
13.14,-1.0811768571401825,-1.078595668768253,-1.0723725533737012
13.145,-1.1454513067404355,-1.1440013456100249,-1.1325406460388532
13.15,-1.145361434720638,-1.1442312780986563,-1.1386414266528335
13.155000000000001,-1.1222202937112655,-1.1217198321895034,-1.1123829555101195
13.16,-1.1160182036640163,-1.1104829499831517,-1.1052081128123183
13.165000000000001,-1.1570651892047168,-1.1572748424914647,-1.1455759985308607
13.17,-1.153395261283604,-1.1545770628164167,-1.149227784672185
13.175,-1.120115184932837,-1.1191618381959734,-1.1118180895172851
13.18,-1.1185901036304384,-1.1172187365333708,-1.1117962752247763
13.185,-1.1753837870523123,-1.1724941732663963,-1.164738753137893
13.19,-1.0954034895390985,-1.1006683006435436,-1.0887300938147084
13.195,-1.056979209126478,-1.058970485596402,-1.0460780221427557
13.200000000000001,-1.0472202589957174,-1.0472089762909107,-1.038466964036506
13.205,-1.0320802770823216,-1.0302455709475724,-1.0243713251924482
13.21,-1.014999281150986,-1.008662200094589,-1.0036937742061283
13.215,-0.9540484314380224,-0.9485825316201266,-0.9423321965866932
13.22,-0.9337920063767284,-0.9401297038750777,-0.9338674194684033
13.225,-0.9713906545299505,-0.9663748408431186,-0.9656322071381047
13.23,-0.9640656672665309,-0.9697567452132446,-0.9580293035896917
13.235,-0.9448282331094257,-0.9397459240837186,-0.9403162746536029
13.24,-0.994649696040428,-0.9951940356395912,-0.9902583878517975
13.245000000000001,-1.0143592918295046,-1.0119335223342831,-1.007684936094453
13.25,-1.0038649058129647,-1.001364126072827,-0.9927824676476686
13.255,-1.0786507013378,-1.0726473585180614,-1.063882589640498
13.26,-1.0709300363241727,-1.0721704256535525,-1.063694772093214
13.265,-1.0653396883065558,-1.0624003924342365,-1.052380568449957
13.27,-1.0869067937080188,-1.0879695552774902,-1.078049828383707
13.275,-1.078752907843007,-1.0703628220845647,-1.0682444749162985
13.280000000000001,-1.068408704954692,-1.0698682110939617,-1.054426624447028
13.285,-1.0939079625510844,-1.0927814549648744,-1.0859457379136204
13.290000000000001,-1.097419798213804,-1.0968787287522996,-1.0898584889553604
13.295,-1.1424118195937392,-1.142689272273412,-1.1378786349133672
13.3,-1.0656765095272616,-1.0649840403215938,-1.0552007377347905
13.305,-1.0994888392396442,-1.0959655836055706,-1.091966691038006
13.31,-1.0868550701317212,-1.0858376931745344,-1.0744699366399533
13.315,-1.080312038005498,-1.0772476634913957,-1.0642266959094469
13.32,-1.0918188363208674,-1.0897597595474813,-1.0824761252652857
13.325000000000001,-1.07588115339354,-1.0785616513396925,-1.0700470777082158
13.33,-1.0730288839022581,-1.0733918735476369,-1.0581450866153403
13.335,-1.0635521560632477,-1.0628095412648422,-1.0556452314626383
13.34,-1.0714042413385085,-1.0685948750062486,-1.0615747723927067
13.345,-1.056849655474354,-1.0559032866247329,-1.0448058539460987
13.35,-1.0633202903652124,-1.0655124713770152,-1.0576100259083827
13.355,-1.1404540837412627,-1.1489802593270992,-1.1354409578271905
13.36,-1.130869513490129,-1.1309731822088858,-1.1149934248234878
13.365,-1.1880554725585737,-1.193074853285583,-1.1786232296125934
13.370000000000001,-1.235189637265172,-1.23775943585865,-1.223317899526252
13.375,-1.1872023922148482,-1.1872662019056583,-1.1758791138135
13.38,-1.14288543759421,-1.138879201745253,-1.1359916949255244
13.385,-1.1625935369157927,-1.1644989788147648,-1.152044338144694
13.39,-1.1787568645006121,-1.1749115587998253,-1.1639567418516228
13.395,-1.2227366246295146,-1.226593422287931,-1.2146203536083653
13.4,-1.3126450610230622,-1.3190773777380944,-1.2976591301048583
13.405000000000001,-1.332104576011473,-1.3271026856520136,-1.3225197429739721
13.41,-1.3304801405619318,-1.3356161258666022,-1.322978269216975
13.415000000000001,-1.3566672855402042,-1.3606936902507258,-1.340968667994528
13.42,-1.3979619088101936,-1.3945766931426915,-1.381463779851192
13.425,-1.376482790251596,-1.3784745487414372,-1.3670082038495246
13.43,-1.3930081133807144,-1.3876199485416634,-1.3786251279960025
13.435,-1.3571095296473228,-1.353014858365341,-1.3450586954755814
13.44,-1.4114041124049992,-1.4137708403106082,-1.4031970317836975
13.445,-1.399124378095298,-1.3939283675723246,-1.3838384655677038
13.450000000000001,-1.3613657574125975,-1.3566645267087065,-1.3491565563912216
13.455,-1.3913276852338061,-1.3820261822524684,-1.376340909397856
13.46,-1.3717332281775598,-1.365933295445201,-1.3604055990158586
13.465,-1.3563497358031278,-1.3561968845077474,-1.3422023111523387
13.47,-1.2911305734064071,-1.2923804738549098,-1.2829744219594328
13.475,-1.3615679740481776,-1.359497051080268,-1.3562040797037556
13.48,-1.3835790023383803,-1.3827354594596108,-1.3719481994962197
13.485,-1.333772584800471,-1.3336292306101531,-1.3198150622162526
13.49,-1.343957149696263,-1.3453212571573088,-1.331427041039005
13.495000000000001,-1.367457993029423,-1.3640453982049712,-1.3565670984924891
13.5,-1.344941332982133,-1.3494182546378752,-1.3344263504592209
13.505,-1.3704219288159123,-1.3649117865077771,-1.357061772871457
13.51,-1.3115337474717859,-1.310055909292545,-1.3018920354588641
13.515,-1.3445401310562326,-1.3489151117860445,-1.3346442596628438
13.52,-1.3878503185340214,-1.390211865256352,-1.3780052213560148
13.525,-1.4578888945035167,-1.4607963476920798,-1.4449568982501277
13.530000000000001,-1.3781401756314209,-1.3793084727418106,-1.367404536382376
13.535,-1.3803706121791925,-1.3745121009968206,-1.361193912191706
13.540000000000001,-1.3846673343812665,-1.390109162286268,-1.3752839436051356
13.545,-1.405275145548496,-1.3985734642371552,-1.3915442856449556
13.55,-1.3893862972493325,-1.395166248349147,-1.375281608628451
13.555,-1.4283730359144873,-1.4350587770364593,-1.4199012759342853
13.56,-1.4710321447560777,-1.4701313202226476,-1.4618025774917514
13.565,-1.4204351378714464,-1.4169817951304045,-1.4077716508263765
13.57,-1.440985677999858,-1.4436613517925565,-1.427960991035052
13.575000000000001,-1.494522858656081,-1.4972776530573528,-1.4834560127601066
13.58,-1.5464434309363102,-1.546512589110986,-1.5361047851191933
13.585,-1.5637215204469868,-1.56332230469373,-1.5541973258515387
13.59,-1.5235868383626952,-1.5286503548349089,-1.513628802264786
13.595,-1.5764402951786236,-1.5720096764040743,-1.5605648115188018
13.6,-1.5499961616495945,-1.5492255848239715,-1.5386552673406422
13.605,-1.547091549908781,-1.546413540245493,-1.5376321043873078
13.61,-1.5724721442250034,-1.5677420333025711,-1.5549947793163628
13.615,-1.6006829051986644,-1.5985268556439243,-1.5871545784507433
13.620000000000001,-1.5986998125965632,-1.5971966781939386,-1.5872138958615412
13.625,-1.6302243888174008,-1.6270522677659816,-1.618648289316053
13.63,-1.6359163118928073,-1.6315251476222197,-1.6219935720591057
13.635,-1.629543377110437,-1.626128002039226,-1.6165092416265
13.64,-1.6619237966016491,-1.6643634889361296,-1.65474132268144
13.645,-1.7195070411219575,-1.7203216358864957,-1.7039886262357142
13.65,-1.6752721641277943,-1.6729212383576315,-1.6570513138290601
13.655000000000001,-1.59490884815831,-1.5901358913954264,-1.5815255654840064
13.66,-1.6092226685352422,-1.6115030352274928,-1.6019972712421537
13.665000000000001,-1.649950798295164,-1.6461166561853822,-1.6373190746252846
13.67,-1.6755125536187856,-1.6734599282497165,-1.6590647214713683
13.675,-1.6111353196365277,-1.6113474926549807,-1.5962644531441221
13.68,-1.6276569461769954,-1.6224830620251411,-1.6113427736820294
13.685,-1.603948874988422,-1.6052786805794217,-1.5917418121144904
13.69,-1.6288801275391736,-1.631359931179008,-1.6223276634239183
13.695,-1.6141221597229323,-1.6136620553811274,-1.6101200894127132
13.700000000000001,-1.6031091905411772,-1.6003423601527877,-1.5868633779216161
13.705,-1.6342803351498647,-1.6366693806603279,-1.6236549805520744
13.71,-1.6448633745212524,-1.6437196588998322,-1.6332732939389618
13.715,-1.6377835253972073,-1.6349358235986304,-1.6183619110843863
13.72,-1.6058971110378744,-1.6097674424064141,-1.5962534122365526
13.725,-1.5920818592398007,-1.5944686031185418,-1.5797062864377769
13.73,-1.6130125830306024,-1.6164527518271063,-1.6004843114505172
13.735,-1.6728585497643966,-1.6746205988440237,-1.6496663118513544
13.74,-1.6491551674498748,-1.6495256639760352,-1.6350515329350195
13.745000000000001,-1.603939774177285,-1.6061632112455635,-1.5909137063971206
13.75,-1.6285351107812525,-1.6304061852086906,-1.615544600063869
13.755,-1.6430065976594819,-1.644108178360342,-1.6296799652777885
13.76,-1.6418171178005962,-1.6433150903760563,-1.6229357799980044
13.765,-1.6520209459536592,-1.64980935616517,-1.6367003541943062
13.77,-1.6638514356967453,-1.6663877185189686,-1.6506684063522161
13.775,-1.6473929326085275,-1.6434461452032958,-1.6284503655771319
13.780000000000001,-1.6239449925007556,-1.6247040572258848,-1.6129283562557986
13.785,-1.621570909606552,-1.6203060428802984,-1.6074659828140352
13.790000000000001,-1.6246310507910247,-1.625227360176149,-1.6161187854049792
13.795,-1.6362264266725468,-1.637440718771527,-1.6287551816399015
13.8,-1.6321914090712735,-1.6280740370003606,-1.6123243729576375
13.805,-1.6062569966070226,-1.599324064329855,-1.5877859791929751
13.81,-1.6013664127390579,-1.5959556720967512,-1.5847006399086618
13.815,-1.6013690460166108,-1.6052682366909092,-1.5883245885138244
13.82,-1.5868620659110184,-1.58468212611042,-1.5720521155114693
13.825000000000001,-1.6265154365314158,-1.6282275504858092,-1.6080696534457501
13.83,-1.6063464496419997,-1.6025017771723427,-1.5889584950440274
13.835,-1.6011506681758438,-1.6053611300528197,-1.597823582957388
13.84,-1.6223697912097426,-1.6214632390863628,-1.6111082702401
13.845,-1.6410510053310252,-1.6417991743367508,-1.6279774149130832
13.85,-1.6624071694346185,-1.6619144267499517,-1.6557494451305497
13.855,-1.6173129249220202,-1.618188084004521,-1.606106484611315
13.86,-1.5982558858499054,-1.5973979353190726,-1.5817727388054554
13.865,-1.5832058259179371,-1.5832901121679184,-1.5678579736809204
13.870000000000001,-1.5369739719468376,-1.5324580562823507,-1.5237499372728005
13.875,-1.502901902134206,-1.5090733532793092,-1.4990389417844525
13.88,-1.509405883267784,-1.515494043564297,-1.4983546978512083
13.885,-1.4691074704203126,-1.4653583688468845,-1.4552438238207184
13.89,-1.50145638659164,-1.5039621174545117,-1.4891732254266958
13.895,-1.5205505110809856,-1.5162463655031857,-1.506524910615631
13.9,-1.5293395748978107,-1.5345721280930917,-1.5167824349137486
13.905000000000001,-1.510086903245023,-1.507064265824139,-1.4959965697412771
13.91,-1.5696182412413688,-1.5764593889722915,-1.5599709978212752
13.915000000000001,-1.5744772360967796,-1.5753958912081067,-1.5666098896726413
13.92,-1.5217741867393442,-1.5225356674007913,-1.5127052328832573
13.925,-1.4961244549640804,-1.4972420070076746,-1.4820134125032245
13.93,-1.5178435110159907,-1.514139410920471,-1.5070056037001565
13.935,-1.5726509447996806,-1.571049148118399,-1.5685028510042642
13.94,-1.5798498882684064,-1.577319111948863,-1.5682077105247623
13.945,-1.559994037026468,-1.5594671267132567,-1.5447889040193497
13.950000000000001,-1.5683914997606012,-1.5685078826237298,-1.561976614147017
13.955,-1.5528691943370179,-1.5526099425637043,-1.5447780334180075
13.96,-1.5499863434416608,-1.5436253319800786,-1.5379015862746037
13.965,-1.57404578547068,-1.568777523543702,-1.5597985629027526
13.97,-1.6474244795819803,-1.6452141523542725,-1.6390824133537094
13.975,-1.6328477657838891,-1.6311346669672582,-1.625698019595156
13.98,-1.5649027411385161,-1.5672975584682043,-1.5538804436871712
13.985,-1.60225996420873,-1.601114689536228,-1.587980907779689
13.99,-1.604646855868886,-1.6066093387151188,-1.5914496540110954
13.995000000000001,-1.6224687160378708,-1.61845056380851,-1.60917131200802
14.0,-1.650704985075954,-1.6503720324493558,-1.6396859767410645
14.005,-1.6025901178807735,-1.6051044591645942,-1.5925368704560483
14.01,-1.6125144377440583,-1.6099252769336012,-1.6002588352187888
14.015,-1.5926738084486272,-1.5902086142290186,-1.5759626372940694
14.02,-1.6133254427417005,-1.6120106015211282,-1.599723913795629
14.025,-1.5614523456594234,-1.5623792063291877,-1.5527930254244506
14.030000000000001,-1.5736046582588157,-1.57505464718304,-1.5660174661643986
14.035,-1.6402938302239094,-1.6350182444913628,-1.6245255872959308
14.040000000000001,-1.6347787916635057,-1.633938685959785,-1.6236951501302055
14.045,-1.7010845470965017,-1.6968750497828726,-1.6897813625324143
14.05,-1.7122709374814478,-1.7157563276239627,-1.7021553180609967
14.055,-1.7330653848722934,-1.7344023523722103,-1.719601729977297
14.06,-1.6662909363285372,-1.665837627546742,-1.6544696767602431
14.065,-1.5919256624952445,-1.5901496133683457,-1.5828510524814534
14.07,-1.6113896633208922,-1.614791086181812,-1.5977613208225163
14.075000000000001,-1.5714692766301168,-1.5730341984824145,-1.5598640892765718
14.08,-1.535502749178672,-1.5334341833861629,-1.5200379414152045
14.085,-1.518910292447075,-1.5184736146076572,-1.5113189940122542
14.09,-1.5241886174588557,-1.5320806139708067,-1.5149382976044754
14.095,-1.5143061938545166,-1.523587619356001,-1.5021964646308563
14.1,-1.5265453812939684,-1.5183839960585086,-1.5084140232001468
14.105,-1.5642499141746713,-1.5680547015607365,-1.5498875295370391
14.11,-1.5425702619736834,-1.5443652640486367,-1.5339048639406097
14.115,-1.554731999598609,-1.5550673598160372,-1.5396051428801005
14.120000000000001,-1.605769671944225,-1.6058904001105672,-1.5987853378657495
14.125,-1.6481423008178626,-1.6477836605561085,-1.6365691650845717
14.13,-1.646180271469508,-1.6458057203904557,-1.6356107584267834
14.135,-1.6376609821230712,-1.6390726806408813,-1.6344584367891344
14.14,-1.66368739308006,-1.66149112858113,-1.6507603981867767
14.145,-1.6630725239535995,-1.6725350478508088,-1.6586128786298815
14.15,-1.677011928327362,-1.6721413453228022,-1.6641855368868406
14.155000000000001,-1.6908726668671141,-1.6929029207339807,-1.6799396108543865
14.16,-1.639162115136506,-1.6423068160569971,-1.628608156238404
14.165000000000001,-1.6303012136348831,-1.6229980351080084,-1.6211712163406882
14.17,-1.6341424593707499,-1.6381052893008057,-1.6264201448992393
14.175,-1.6258113603832696,-1.6248500817609781,-1.6146512770108192
14.18,-1.573855040893682,-1.5717154651031038,-1.5652431229364343
14.185,-1.5954537382446552,-1.5971773988828728,-1.5839872758418312
14.19,-1.5796394164335466,-1.5777696964454346,-1.570702038887099
14.195,-1.6169346127861755,-1.6180290207038663,-1.6114817458881951
14.200000000000001,-1.582700456665814,-1.5811985328508542,-1.572248326718876
14.205,-1.5704861834587838,-1.5735398386388297,-1.5643842344628611
14.21,-1.5968097530278105,-1.604026603384234,-1.5875502896441487
14.215,-1.6371555685102444,-1.6394866186174384,-1.6272540313910688
14.22,-1.6298749816340508,-1.6252607816283517,-1.6179606025467852
14.225,-1.6302860292557966,-1.6294588706073059,-1.6204238539885105
14.23,-1.6154892905624987,-1.6145880913066637,-1.6001761437538033
14.235,-1.630139685527469,-1.6286551220546055,-1.6199146822480512
14.24,-1.645685474910976,-1.645274970517936,-1.6382749516595458
14.245000000000001,-1.6731127027488994,-1.6751532019832032,-1.669562909338761
14.25,-1.6782300520046372,-1.6763228303897095,-1.6657109786221793
14.255,-1.7277199809917385,-1.729464870718981,-1.7208897380032055
14.26,-1.6958272319589478,-1.6994698757722375,-1.6876801574598708
14.265,-1.710720572726613,-1.7062381376211788,-1.7031615869269963
14.27,-1.6788920119259347,-1.678768013523453,-1.6649017873934397
14.275,-1.6834754396917573,-1.6851199633069702,-1.6737241323982037
14.280000000000001,-1.7059350483446354,-1.7018203419886946,-1.7007131840308678
14.285,-1.6633754524166593,-1.6631430479566094,-1.65129552320325
14.290000000000001,-1.6707178462501897,-1.6689543270618588,-1.6622281479427177
14.295,-1.6489125683376917,-1.6450481833896622,-1.6343046213017243
14.3,-1.655117144874557,-1.652166677749536,-1.637387269072742
14.305,-1.6582492251583199,-1.6638834282981165,-1.6506287295925746
14.31,-1.7159919824986583,-1.7138109984488052,-1.704591171223353
14.315,-1.788592734512152,-1.790883190362442,-1.784575631135132
14.32,-1.7642225546187096,-1.7586589716562768,-1.7493711703091985
14.325000000000001,-1.7493328900118592,-1.7444029085130253,-1.7378367231093241
14.33,-1.733915689601559,-1.7316704392842857,-1.7249241595634148
14.335,-1.682299497087859,-1.6852487714826883,-1.6762877379556027
14.34,-1.6500666190536895,-1.6489526843870974,-1.6390213663389148
14.345,-1.621850743626171,-1.6231527200644489,-1.6076166269554255
14.35,-1.6672921917567665,-1.6595199019437268,-1.6502281807241683
14.355,-1.6559171015767127,-1.6538835374787735,-1.6455764498414363
14.36,-1.6828293729545563,-1.6795922480820433,-1.6686049618051302
14.365,-1.6343415516583895,-1.6265975344945383,-1.6191887911444338
14.370000000000001,-1.6036329515057048,-1.6035901709341445,-1.5888653061133033
14.375,-1.6168522302262245,-1.6083707085275598,-1.6013505642328765
14.38,-1.5861837829340164,-1.5792665446602399,-1.572804920596462
14.385,-1.590872068780615,-1.5875902721757995,-1.5759313466603964
14.39,-1.6043139874376473,-1.600975974390345,-1.5933596985515581
14.395,-1.5971755825182543,-1.598615683540865,-1.5902831511375324
14.4,-1.6244544603385669,-1.6252614346902374,-1.613972769995455
14.405000000000001,-1.5986100100707221,-1.5965628917941266,-1.5901855029515095
14.41,-1.6039547687389137,-1.6018692265515355,-1.599103138918869
14.415000000000001,-1.611305739194973,-1.6139158978014556,-1.6090549163831818
14.42,-1.6659157015750994,-1.661817329860484,-1.6552744373129262
14.425,-1.6677565981463511,-1.665151470135896,-1.6588145049060516
14.43,-1.6476434816521985,-1.6438062792563921,-1.6387906714719966
14.435,-1.6038558002188177,-1.5960781190507949,-1.5929325883458219
14.44,-1.6131598732180024,-1.6083419495466376,-1.6034779801742844
14.445,-1.5829556528359163,-1.5810099687474024,-1.57372089254249
14.450000000000001,-1.5980264944639893,-1.5912975829607494,-1.5856345667777902
14.455,-1.6295400440970176,-1.6302587419378165,-1.6212977908477786
14.46,-1.6985877323206502,-1.6895548739246606,-1.6921346198448282
14.465,-1.73451726815805,-1.7331602546452103,-1.7222784482363247
14.47,-1.7764024858018357,-1.7703984642574422,-1.7628085428145615
14.475,-1.780291876579775,-1.773997127639543,-1.7694974843252598
14.48,-1.7879030072496656,-1.7880379758724776,-1.7759815067591578
14.485,-1.776704978931861,-1.7754720073358357,-1.768017559682748
14.49,-1.7302666998925302,-1.721940712139548,-1.7158848851547035
14.495000000000001,-1.6886196193250973,-1.6865287336588333,-1.6836895839150194
14.5,-1.6963345413822637,-1.6923764890542536,-1.6836024311239035
14.505,-1.7037011029113038,-1.6926247910271757,-1.6872562656946495
14.51,-1.6605368899409974,-1.660662266894121,-1.656292762659177
14.515,-1.671603517535138,-1.66534043510793,-1.6607020238499868
14.52,-1.6680387342563212,-1.6670858771298342,-1.6588999965948517
14.525,-1.647456866362269,-1.6476224874868972,-1.6413971008383548
14.530000000000001,-1.5864148619628466,-1.5845893936869841,-1.5808505759608105
14.535,-1.557986799917642,-1.5541110139009817,-1.5503743976892495
14.540000000000001,-1.5787991875369272,-1.5672069757216327,-1.568105426892747
14.545,-1.570174541602985,-1.570270136613126,-1.5661872156363967
14.55,-1.511878306722884,-1.5057899424055956,-1.4999341300867268
14.555,-1.459659362462901,-1.46199718105486,-1.456914506884521
14.56,-1.4651820394538324,-1.4605985422744097,-1.457582187403315
14.565,-1.450853477309923,-1.4411682841125906,-1.4399543044691052
14.57,-1.4612522126595633,-1.4600845143147718,-1.4517711569478267
14.575000000000001,-1.550648385433088,-1.5553638219803523,-1.5511242251261308
14.58,-1.547792330377991,-1.5508707197822484,-1.5483013230597371
14.585,-1.4907800498047625,-1.4962187989891105,-1.4873864191424266
14.59,-1.470346695002568,-1.464322318566702,-1.4612452154880746
14.595,-1.5060229780122463,-1.5129473037474608,-1.4991179769004812
14.6,-1.629162116441579,-1.6269704227628852,-1.6157077243319067
14.605,-1.6116187097159302,-1.6084229646428077,-1.601316802930712
14.61,-1.655249535447119,-1.6482864580308394,-1.6419371444196973
14.615,-1.6567360003730536,-1.6572962564759826,-1.6494983902031803
14.620000000000001,-1.670271435730653,-1.6659045654023568,-1.6588663489629991
14.625,-1.6402117457851275,-1.6446083764063648,-1.6372382373696373
14.63,-1.6425829497348514,-1.6447387048163138,-1.6408162206829247
14.635,-1.6550929580899552,-1.6527826084618962,-1.6475466126815932
14.64,-1.658708873109257,-1.6565539704267958,-1.6494195791676352
14.645,-1.706200479162735,-1.7001420578035729,-1.6984980036102648
14.65,-1.6438738102360668,-1.6391280457064001,-1.6328959613108252
14.655000000000001,-1.6411371369279406,-1.6398871518915976,-1.6342148995479675
14.66,-1.6688275926168465,-1.6666995538693268,-1.6652525168456893
14.665000000000001,-1.722970978476713,-1.7211443193415081,-1.718246070007205
14.67,-1.7627770666532254,-1.756956737054753,-1.7520134799349423
14.675,-1.7772586619095578,-1.7704716776297382,-1.765708919719361
14.68,-1.8268302062083943,-1.823566075137043,-1.8195598229847045
14.685,-1.8169258734647795,-1.819903340148113,-1.815426173331841
14.69,-1.8054408200211047,-1.8017013545847937,-1.7985479815109484
14.695,-1.7720269040495016,-1.7718096198044768,-1.7640358658198874
14.700000000000001,-1.7762424421304244,-1.777633349296654,-1.7680798511468319
14.705,-1.7653510710101012,-1.7661286433936023,-1.7634052194007912
14.71,-1.7204731034434546,-1.7193159934510494,-1.7140770176104336
14.715,-1.7772770447238577,-1.7748452194068025,-1.771990908378096
14.72,-1.8223236945592873,-1.8203258676842886,-1.8150066009151173
14.725,-1.7774175665475094,-1.7748595913942584,-1.7699912430427909
14.73,-1.8346547463125975,-1.8343490486222496,-1.8296144741571463
14.735,-1.8346941248038828,-1.825671185295157,-1.8279500817323353
14.74,-1.8631338317774921,-1.861429820392537,-1.8576061521998717
14.745000000000001,-1.809842195750399,-1.8111386840516934,-1.8117819100257138
14.75,-1.8624692418817217,-1.861399696630064,-1.850964847160156
14.755,-1.844452910610294,-1.8468694381798558,-1.8360391938642386
14.76,-1.7603276933958112,-1.7581154675662678,-1.7543990227891715
14.765,-1.7367960545334722,-1.725885557956292,-1.726036484799574
14.77,-1.7992339185458406,-1.791990746427074,-1.790210439428944
14.775,-1.8665312265511682,-1.8597897890586355,-1.856364929909788
14.780000000000001,-1.813734720426143,-1.8137335227523361,-1.8122145601108384
14.785,-1.8082674308623194,-1.8047747977754882,-1.8033515420059298
14.790000000000001,-1.8178123057672246,-1.8131792357505216,-1.817123615404826
14.795,-1.8128468583111106,-1.815425946074059,-1.811775699397871
14.8,-1.8383788391886287,-1.830461927625446,-1.8309013561350609
14.805,-1.8024251447749042,-1.7996846060202725,-1.7961066932894076
14.81,-1.8328027372336044,-1.833293328225834,-1.8302219606194328
14.815,-1.8000244206287608,-1.793797554381164,-1.7942038402374234
14.82,-1.7275214476731569,-1.7238555268811755,-1.7229267807813504
14.825000000000001,-1.7744892040040658,-1.7662095050727082,-1.76666349988166
14.83,-1.7256335161211576,-1.7236710766592505,-1.7247209781634851
14.835,-1.7199430782145633,-1.7152683194707632,-1.7144998887446976
14.84,-1.7375715980487032,-1.7391252118636138,-1.7344472124835653
14.845,-1.7793791430023076,-1.7758863698883312,-1.771102710790637
14.85,-1.7542331902666555,-1.7523218561668203,-1.7507601316703323
14.855,-1.7763234410574489,-1.7728533870718741,-1.7673410761844384
14.86,-1.8001177176632617,-1.79572625326991,-1.789304073450428
14.865,-1.7850217668028385,-1.7810897471054101,-1.778132815978702
14.870000000000001,-1.7811034367651117,-1.779548276640766,-1.7737027383024169
14.875,-1.7998741622526344,-1.7976382043852996,-1.792103729813935
14.88,-1.8069115330175602,-1.7985917732511507,-1.7989050508679132
14.885,-1.8370414815415432,-1.8313912581700718,-1.831934073541423
14.89,-1.8719393382849114,-1.8664977201469874,-1.8565341668444761
14.895,-1.8281404137331863,-1.8268362408324017,-1.8252679174370658
14.9,-1.82832144787828,-1.8192400949785708,-1.8205514245968717
14.905000000000001,-1.8024881991518071,-1.8024683503851853,-1.7978677784958237
14.91,-1.8509296021961226,-1.8481333663302226,-1.8368034374208788
14.915000000000001,-1.84175621643476,-1.8359917837254927,-1.835779469055669
14.92,-1.8254730927006821,-1.817426411673763,-1.8146188571387243
14.925,-1.8888711909559113,-1.883511189090242,-1.8801171266090206
14.93,-1.8658222910180133,-1.8594478691034633,-1.8561631035915231
14.935,-1.905707294986002,-1.9057608909689892,-1.901844565298953
14.94,-1.8845985124633522,-1.8798142027213274,-1.881693560228756
14.945,-1.8962442068531769,-1.894793639605343,-1.8967300321498601
14.950000000000001,-1.9030677598840107,-1.89218812411496,-1.8946022548221937
14.955,-1.8226212194984384,-1.8225719352978798,-1.8184492029107573
14.96,-1.851640726969905,-1.8440138573729865,-1.8441292919553325
14.965,-1.8488841513155894,-1.8509078251954,-1.8485794104699544
14.97,-1.8358571089481897,-1.829153084583704,-1.8223133395292788
14.975,-1.8217042314880916,-1.8158036349083917,-1.8109079029373485
14.98,-1.8368696606155637,-1.827411809762408,-1.8243580182882102
14.985,-1.7519520563993567,-1.7541587779576964,-1.7476979404617698
14.99,-1.794385649481416,-1.7911511607551895,-1.787455188762107
14.995000000000001,-1.7683973912879394,-1.7658346512021421,-1.7611039276205682
15.0,-1.7436183161517593,-1.745512167425099,-1.739597594909026
15.005,-1.7195738789638675,-1.7236526637913805,-1.7122222171723385
15.01,-1.7222884199146276,-1.7242479662098413,-1.7177382420972014
15.015,-1.769690824054784,-1.7654339168421944,-1.7560098140659248
15.02,-1.8400300747688698,-1.8316987113752596,-1.8345838832359531
15.025,-1.834450319531745,-1.8318700275510946,-1.825600599853979
15.030000000000001,-1.8022173838161446,-1.7910562855891707,-1.7918207169376466
15.035,-1.7882147251312364,-1.7846136435319229,-1.783620346543203
15.040000000000001,-1.8226280642465627,-1.818766421992115,-1.814928425200308
15.045,-1.8333167689131018,-1.8330239733891003,-1.8277318896985375
15.05,-1.8382788561564747,-1.8404038926462816,-1.8343131123480723
15.055,-1.8673277192733653,-1.8592132183790826,-1.8609538616192012
15.06,-1.8694478973051591,-1.8582018567211587,-1.856306550501103
15.065,-1.90002358833073,-1.8985876296252562,-1.889328329508482
15.07,-1.8444968361083118,-1.8421584381982257,-1.843452952434808
15.075000000000001,-1.845935109296597,-1.8410387048458028,-1.8362024582031355
15.08,-1.8977103996998843,-1.8919445021615322,-1.8918984708629412
15.085,-1.8754326595664896,-1.868888969961053,-1.8701193650197976
15.09,-1.9119302869123667,-1.909760282634007,-1.9088449977106714
15.095,-1.8880704726186721,-1.88154598263304,-1.8725068576322195
15.1,-1.8644936823819718,-1.8555563072582795,-1.8508044725756
15.105,-1.832132322297148,-1.8294689200974068,-1.829120814322325
15.11,-1.841391634297084,-1.8383578422804352,-1.8340280619889264
15.115,-1.8527380334101151,-1.8472045252109974,-1.845880577460876
15.120000000000001,-1.8607583302532924,-1.8546432191753452,-1.8540276017278239
15.125,-1.8551237315409415,-1.8529876233097116,-1.8477614815365362
15.13,-1.8520110299972972,-1.847112117657647,-1.849792519445021
15.135,-1.8863783706427484,-1.8779452531956948,-1.8704424181570183
15.14,-1.9717511977126478,-1.960531121500257,-1.9613806779046181
15.145,-2.049885040608875,-2.044615840308445,-2.040080257656661
15.15,-2.0106597631994405,-2.0056754928998757,-2.003534659529737
15.155000000000001,-2.003896967262023,-2.0006007567054565,-1.9992233236330943
15.16,-2.038982469625108,-2.0352342451097662,-2.0273695983865863
15.165000000000001,-2.0927684402219473,-2.088112046383612,-2.0824526571334014
15.17,-2.1476762540431644,-2.145476770004599,-2.1436462704716686
15.175,-2.1326695029462557,-2.1278547759803623,-2.1251132283312466
15.18,-2.1300257426518963,-2.1251055202870424,-2.1234013628140476
15.185,-2.1399414669620827,-2.13051686119103,-2.1369684777679123
15.19,-2.163156678256815,-2.155780646402511,-2.153836127430803
15.195,-2.166061740180343,-2.1616270407179674,-2.1565871200597195
15.200000000000001,-2.151048693707953,-2.151471201768009,-2.1445951148970814
15.205,-2.0899024654248795,-2.084014929741887,-2.080419267786102
15.21,-2.1404076094935336,-2.133810635002722,-2.1280524199819406
15.215,-2.142839694007442,-2.138168106718023,-2.1332033590482187
15.22,-2.155002440604814,-2.14932692231769,-2.143923334038969
15.225,-2.1748114638800313,-2.1644003286109084,-2.164719761518428
15.23,-2.2386244432669646,-2.2305662897654446,-2.227412146872771
15.235,-2.185512216764427,-2.182973203592348,-2.1797793656426694
15.24,-2.2061959617664297,-2.2014173670410977,-2.198015758504541
15.245000000000001,-2.22960603444057,-2.2253655611415843,-2.221322836991167
15.25,-2.214574503895182,-2.208604875764188,-2.202544872536584
15.255,-2.2080710699802903,-2.1946514747247106,-2.1958482262499692
15.26,-2.1911154208138193,-2.184967529584123,-2.1738936486924736
15.265,-2.1758211981143587,-2.1710180501810026,-2.162753208710949
15.27,-2.2219577808097686,-2.215887692441118,-2.204749864820774
15.275,-2.2630062515630263,-2.2524018887411246,-2.2518753540652057
15.280000000000001,-2.2744290843021773,-2.2727271367452326,-2.260605761504642
15.285,-2.2943876218655594,-2.2868035309446384,-2.2810587407594163
15.290000000000001,-2.3330290896468098,-2.3288923511760204,-2.3178330748219205
15.295,-2.3697258253907063,-2.362170531022901,-2.3537023230866367
15.3,-2.326422495445488,-2.3176083445432316,-2.3128128720365466
15.305,-2.318537712368196,-2.310051905683819,-2.3050097097390005
15.31,-2.261652410669125,-2.2643168803562275,-2.2583366407783734
15.315,-2.2868963379101888,-2.2816127251320846,-2.2740586469708965
15.32,-2.2914122399946097,-2.2858511405129844,-2.2682034937800095
15.325000000000001,-2.26533384007963,-2.2556574360283235,-2.2532199411175693
15.33,-2.330591777176709,-2.3306910545977915,-2.316481551723625
15.335,-2.3203937424375836,-2.3160511379566917,-2.304771536342037
15.34,-2.323257965588467,-2.3238355036186142,-2.3114134844848198
15.345,-2.2988198399131883,-2.2934528869272546,-2.2836356433604976
15.35,-2.3566767936280284,-2.3483354010112225,-2.341118903083171
15.355,-2.320012077725299,-2.318245625912747,-2.3032736196791133
15.36,-2.307912860490688,-2.300668605380441,-2.28876611196084
15.365,-2.293099779594443,-2.2851739620714677,-2.2833195861903994
15.370000000000001,-2.2887060593707473,-2.2864557814695416,-2.27996213096778
15.375,-2.2834626343307174,-2.2756797219173923,-2.269132824354267
15.38,-2.2613601218421495,-2.2567926350469323,-2.2479121615637494
15.385,-2.2274032874116885,-2.2174146723329087,-2.205925726755348
15.39,-2.172779092279129,-2.164452216995738,-2.154957240097128
15.395,-2.150337165643019,-2.148071621749519,-2.1365874466398402
15.4,-2.141023963228452,-2.1361601419048992,-2.1244817102456173
15.405000000000001,-2.139593678362441,-2.1290331865934555,-2.11732987667024
15.41,-2.1761693871195535,-2.1703232016373466,-2.165153444412784
15.415000000000001,-2.224582006440118,-2.2159718385951814,-2.216493589675749
15.42,-2.246766482100856,-2.235356451812274,-2.2298817669171402
15.425,-2.2097945235990712,-2.2040184436940122,-2.1960672732856703
15.43,-2.2582572770143523,-2.2473196665479103,-2.239895636527649
15.435,-2.2755672352792877,-2.2608039455828584,-2.259819734233947
15.44,-2.21089882381822,-2.2023883994635955,-2.199329763131422
15.445,-2.2593796271582764,-2.254569947493121,-2.2463950228863783
15.450000000000001,-2.289887690574001,-2.287039691411957,-2.27814135969833
15.455,-2.316141337836543,-2.305939585650989,-2.297801486188498
15.46,-2.2970751632891315,-2.28850113460184,-2.2819192070573626
15.465,-2.284548024083048,-2.274653003069721,-2.2631988004458607
15.47,-2.30789956963438,-2.303521620266258,-2.2938543330005716
15.475,-2.344024364553018,-2.333771104783176,-2.3243547699018836
15.48,-2.32227131196271,-2.317736839246373,-2.3071053535562625
15.485000000000001,-2.275104604268954,-2.2685931627807348,-2.2594135332717054
15.49,-2.256971475487543,-2.253591191081675,-2.24650010635728
15.495000000000001,-2.2867506718910677,-2.2801340745958334,-2.266832375847506
15.5,-2.335282048471139,-2.3206450523844304,-2.3124769426794036
15.505,-2.332894989040917,-2.3227280434812645,-2.3174852559888843
15.51,-2.3297345532856615,-2.3247555078474713,-2.316019040305965
15.515,-2.3579141867759486,-2.3485712835972268,-2.3381843543271925
15.52,-2.416719995776533,-2.40763720759425,-2.400871905982199
15.525,-2.429977031288298,-2.4215804432934074,-2.417245584149953
15.530000000000001,-2.4351558267496425,-2.429160062765836,-2.4204501741604427
15.535,-2.430946775422855,-2.4225058222703386,-2.4141430769574512
15.540000000000001,-2.39928930897523,-2.389977642805763,-2.375100548004237
15.545,-2.3557393761360967,-2.345768055182411,-2.333664609040891
15.55,-2.312051807513048,-2.304827146484907,-2.2959751759704354
15.555,-2.3169116415700968,-2.3110227310318985,-2.302450256670077
15.56,-2.3005878656368854,-2.293967023913707,-2.2862249842923754
15.565,-2.282386895124114,-2.2740814010473214,-2.264885475747223
15.57,-2.347624778703832,-2.3389258578033654,-2.33120823613015
15.575000000000001,-2.3465301777493877,-2.3449352674225334,-2.3294787069213303
15.58,-2.360346509098313,-2.3520266206687106,-2.3368092576979738
15.585,-2.285032837141687,-2.282140583224045,-2.26729898932718
15.59,-2.2626057410865217,-2.2505369150524537,-2.242734571380316
15.595,-2.234306669609262,-2.22412989643228,-2.2113218851413206
15.6,-2.2455138008475997,-2.2390341587404503,-2.229441103917982
15.605,-2.2591661918806465,-2.253939276694447,-2.2437285343329805
15.610000000000001,-2.251548654154724,-2.242408148790175,-2.2336225418824402
15.615,-2.333626173794321,-2.3274900323699708,-2.315314644295562
15.620000000000001,-2.353662730284911,-2.3471002679567676,-2.3362191119389926
15.625,-2.3401088550712195,-2.333796804549812,-2.3247648214907253
15.63,-2.3609395540586813,-2.352525443222447,-2.3436090793587727
15.635,-2.361341128588399,-2.3550770616788377,-2.3430043607810607
15.64,-2.341967729428757,-2.329172397507185,-2.324428205895134
15.645,-2.323770216035808,-2.3128489515292165,-2.302727474248738
15.65,-2.3496693602825136,-2.34276214471501,-2.3280802904553335
15.655000000000001,-2.3585642797426156,-2.350534623109044,-2.341173850723263
15.66,-2.323046941559869,-2.3141335619847028,-2.3022235694732784
15.665000000000001,-2.2681344578996034,-2.26025076433207,-2.2447612624428337
15.67,-2.254974418372705,-2.2425028176127695,-2.2315319168843417
15.675,-2.2817596367005564,-2.2668285347059873,-2.26265422103165
15.68,-2.2617835526351198,-2.255465816892321,-2.245499744303809
15.685,-2.2045953572525776,-2.2029004456982615,-2.188711612246766
15.69,-2.1707787206525633,-2.1658765476507087,-2.1523668369418654
15.695,-2.150597833482945,-2.1482461287295216,-2.1382347772242407
15.700000000000001,-2.180055919314978,-2.1733521530803497,-2.154412890086928
15.705,-2.1554449178905712,-2.155317862341594,-2.140981646686595
15.71,-2.152881003452102,-2.143120248292497,-2.1342140208333884
15.715,-2.118552484339232,-2.1099814300499844,-2.1003254325025984
15.72,-2.1761354051848585,-2.1638795935497597,-2.151338331386364
15.725,-2.177863496208469,-2.171161584777118,-2.158665270575263
15.73,-2.122612816889947,-2.1180807367031784,-2.101021837593244
15.735000000000001,-2.1732306794932024,-2.1688138504971666,-2.1504692262913996
15.74,-2.156717714379241,-2.1531427757186865,-2.144138393039528
15.745000000000001,-2.163688158230517,-2.1584755892781438,-2.146600010041639
15.75,-2.209812992413941,-2.203887509025477,-2.193190575104219
15.755,-2.2037011735158916,-2.1958258727097917,-2.1802989734643257
15.76,-2.183334761456127,-2.1788596801536486,-2.1600075336915823
15.765,-2.2626785724029803,-2.2535403593724403,-2.242333381773354
15.77,-2.3150371939416057,-2.3065804690884493,-2.293996784629299
15.775,-2.29625806959294,-2.2834565313315704,-2.273379763698454
15.780000000000001,-2.2824012962035645,-2.2853739806293065,-2.2700117982399886
15.785,-2.3636437875075096,-2.353095823630748,-2.3447708337900512
15.790000000000001,-2.3862016836638875,-2.3760954125459706,-2.362883833492178
15.795,-2.3806004853129386,-2.371661683305715,-2.3583870550069665
15.8,-2.443971502088118,-2.435270480777206,-2.4261741491219566
15.805,-2.4493358408124615,-2.440693910389661,-2.4333789273616278
15.81,-2.4210198713655835,-2.4123758014139884,-2.4001095399762233
15.815,-2.44539852363571,-2.43804129775905,-2.4328694344084614
15.82,-2.4400834436956917,-2.432618644849204,-2.421722021803794
15.825000000000001,-2.447148244715179,-2.4369803904366822,-2.4284149275325593
15.83,-2.422521872477899,-2.4115258618924593,-2.3981416826871467
15.835,-2.435679017131247,-2.4347677893314974,-2.413799089916893
15.84,-2.429096136316157,-2.41963163110877,-2.408752011896683
15.845,-2.4272689579889204,-2.418598558631522,-2.4033987562932952
15.85,-2.4070830920552555,-2.40399265800944,-2.3931123096031155
15.855,-2.4051271713209434,-2.3985207686935817,-2.386517701395755
15.860000000000001,-2.4051629635582255,-2.40053035116127,-2.3904525552843547
15.865,-2.3993769156283555,-2.394727724703818,-2.3840890763881197
15.870000000000001,-2.4147759284692407,-2.406170949050137,-2.39643339311215
15.875,-2.3739017045052115,-2.365619450294448,-2.346642557356015
15.88,-2.3607036415795366,-2.358994521738927,-2.34551206956861
15.885,-2.3370733846935807,-2.3330089207848306,-2.316961631729319
15.89,-2.3620151714992237,-2.355030207741574,-2.3501235413436805
15.895,-2.368475552061984,-2.361066476532063,-2.354566775409882
15.9,-2.3666828421689927,-2.3587607481812674,-2.348703309399264
15.905000000000001,-2.28900331293754,-2.2792482167036625,-2.268290692956215
15.91,-2.2677844524327666,-2.258939141463565,-2.24733360522509
15.915000000000001,-2.2143746550079997,-2.2110152296654753,-2.201546588828213
15.92,-2.2146211506745543,-2.20613124871033,-2.2004752279183237
15.925,-2.1851913278942936,-2.1697216233360335,-2.161191466080607
15.93,-2.225347760626269,-2.2153526614533003,-2.2068574694026792
15.935,-2.1883292158029377,-2.1778831702394696,-2.1647965388539694
15.94,-2.1772002770104413,-2.1678783897703235,-2.1596466687516673
15.945,-2.1772527960132044,-2.1618595202967907,-2.152360981338638
15.950000000000001,-2.1517956754131853,-2.1347561437607423,-2.127438533937135
15.955,-2.160726923398789,-2.1506491951996765,-2.139648894275587
15.96,-2.2308204102268467,-2.222177064973475,-2.211854441300655
15.965,-2.248548383331737,-2.2350828787751142,-2.2266976264756164
15.97,-2.248814347159664,-2.239135598025713,-2.227164426096613
15.975,-2.2964799258263664,-2.2927475237167667,-2.285965592674808
15.98,-2.27862464850894,-2.2715799862559143,-2.2576500759808518
15.985000000000001,-2.265154206855613,-2.2578900347612265,-2.24551487932726
15.99,-2.284848759801963,-2.2779138600995292,-2.265824770952508
15.995000000000001,-2.3402008460325434,-2.3321546462671674,-2.322264915624271
16.0,-2.318121850981138,-2.3111346049450114,-2.3036849726706796
16.005,-2.4080698907735205,-2.404680379704588,-2.399262940450361
16.01,-2.4630575315379817,-2.450493741824153,-2.44407893261742
16.015,-2.4982890742251667,-2.4971631735410216,-2.4864788891377305
16.02,-2.452251461503647,-2.447226859654167,-2.436418688526687
16.025,-2.5098858025748894,-2.503006526899396,-2.494650367479099
16.03,-2.460054304288018,-2.4490734178543536,-2.444715131823669
16.035,-2.448042939632979,-2.445185488715126,-2.426495846250758
16.04,-2.4415444285896166,-2.4385867392102436,-2.423597367321161
16.045,-2.4446478032725976,-2.4359968044506726,-2.4257634073476226
16.05,-2.461109820036825,-2.453391419364267,-2.4446345609801945
16.055,-2.419885176429772,-2.409720117235482,-2.404666601999809
16.06,-2.476761885965869,-2.4687987032215375,-2.4599031374581584
16.065,-2.4675999440741196,-2.4599366193289804,-2.448584948775881
16.07,-2.432085678320218,-2.426704723730082,-2.413880765924693
16.075,-2.45927429844624,-2.454249908897344,-2.442718554008221
16.080000000000002,-2.412692154489541,-2.4038857443080683,-2.3918803653372422
16.085,-2.4083914140407794,-2.4021088129881396,-2.3985988550598827
16.09,-2.3696186555223098,-2.367855082194471,-2.359337295346724
16.095,-2.3341976099219868,-2.326088849037311,-2.31470468275726
16.1,-2.308459912618947,-2.3037451913918945,-2.2979459406856004
16.105,-2.386793745876844,-2.3776903298409007,-2.3701245678807603
16.11,-2.374399522318962,-2.3702297706123296,-2.3529768883510775
16.115000000000002,-2.330060655705007,-2.31855804224355,-2.3069929753121197
16.12,-2.336239163753865,-2.328919118962226,-2.3177892046578297
16.125,-2.335260533395259,-2.3256829527550096,-2.3171615665129033
16.13,-2.3356462136359752,-2.322576023551414,-2.3132984979660076
16.135,-2.352137257176453,-2.3437001751212,-2.3352920457864537
16.14,-2.3148641204040064,-2.3129002859212036,-2.296738027928133
16.145,-2.328588534149018,-2.3173712414114096,-2.311297733056737
16.15,-2.3658355091396737,-2.355733400770202,-2.348561688234067
16.155,-2.3860561296085114,-2.3844079887952634,-2.375262106237011
16.16,-2.383581650752432,-2.37478028275561,-2.3616801031810186
16.165,-2.33550162455077,-2.3288966621680647,-2.31846220064484
16.17,-2.413343936587772,-2.40557792648781,-2.3947129815540276
16.175,-2.3940278882486874,-2.386434109699446,-2.376470845100054
16.18,-2.3733604724086526,-2.3697963813759104,-2.3608358784721557
16.185,-2.3205272686984815,-2.3219802327523476,-2.3009875736792695
16.19,-2.334475151717296,-2.3306600036009053,-2.316282932743605
16.195,-2.2970518489212046,-2.289533295959753,-2.278300318639968
16.2,-2.2408309740865926,-2.236229289941976,-2.229357292273691
16.205000000000002,-2.290245672942526,-2.2814484527764276,-2.2719730732450305
16.21,-2.293775604573163,-2.2916057950932993,-2.2758953128926924
16.215,-2.3509833545128225,-2.345725494645545,-2.33299837075144
16.22,-2.396081827692976,-2.390941961759756,-2.3818959540929354
16.225,-2.373677122004142,-2.3685241665991787,-2.3577531521618553
16.23,-2.357439090702646,-2.34781692641513,-2.3371584632178637
16.235,-2.3884493527955843,-2.3826636994404464,-2.3687164491106283
16.240000000000002,-2.3842649688552173,-2.3823043957552112,-2.3689435673708843
16.245,-2.4074304701043694,-2.4091581516196015,-2.388074403857128
16.25,-2.49352496699137,-2.488814113035573,-2.4806119276292766
16.255,-2.4997392239175826,-2.4947994343899023,-2.4800710404102575
16.26,-2.4993641912675364,-2.4914592515867167,-2.478277524619433
16.265,-2.5133456477257154,-2.511412658658506,-2.498626628733673
16.27,-2.5382428978789005,-2.5310994053451217,-2.5231911081989193
16.275,-2.5419501905934228,-2.5348568740320774,-2.523078133904591
16.28,-2.6243771542177257,-2.6182801551695336,-2.6004734953808
16.285,-2.6248016629801563,-2.623088842498887,-2.613842873329866
16.29,-2.632566104446837,-2.6243135919161977,-2.614839883418552
16.295,-2.661820680849111,-2.6615400005128746,-2.639188709174703
16.3,-2.663769158299211,-2.6606290919058178,-2.64386496585209
16.305,-2.6453602197422574,-2.6369633542549495,-2.62616611674645
16.31,-2.646128127752717,-2.6393258541892393,-2.624579687438516
16.315,-2.640739157829587,-2.6367877432873517,-2.627870772576032
16.32,-2.649902392004841,-2.6470379688513823,-2.6304285267162135
16.325,-2.675876532079933,-2.6695326597891382,-2.657712443287109
16.330000000000002,-2.698476158772084,-2.684215520466877,-2.6716308297799904
16.335,-2.735444975089003,-2.729423247142998,-2.716918459082804
16.34,-2.7411196194606697,-2.7407656092816177,-2.7180714275606905
16.345,-2.700724007358421,-2.6953539466568643,-2.678135252369343
16.35,-2.6954822994903997,-2.6931237216231745,-2.6764127356926113
16.355,-2.689576429733041,-2.6840424698393357,-2.672248382185461
16.36,-2.7298661667144217,-2.730207602739554,-2.7110340572405978
16.365000000000002,-2.7125848599771567,-2.707169165540044,-2.689833527406949
16.37,-2.7310021289008377,-2.7226167997478967,-2.709185842762439
16.375,-2.710627284324331,-2.7007159978986137,-2.6911626805424342
16.38,-2.7060699406263415,-2.7021582034493403,-2.6882911535736196
16.385,-2.6831570083890446,-2.671571228049253,-2.658700009584278
16.39,-2.741273628741279,-2.735257258338674,-2.7217334085177307
16.395,-2.6968879192949835,-2.690380695887391,-2.6769408621133737
16.4,-2.667151661846026,-2.6662388062674944,-2.6575485050313734
16.405,-2.6538267018372363,-2.6479688086628634,-2.6385835949603123
16.41,-2.681741060345064,-2.6760747740887636,-2.6643146843449865
16.415,-2.6200417115131693,-2.619023662035467,-2.6006158069653775
16.42,-2.674011186244623,-2.663325774918386,-2.6536750330170755
16.425,-2.664312732900821,-2.6584184179283183,-2.6476468595974074
16.43,-2.70811518756821,-2.697476295186265,-2.6831999041062407
16.435,-2.710508950155603,-2.7033618049442683,-2.690790912844858
16.44,-2.7285913407868247,-2.715906013655388,-2.7084497128185796
16.445,-2.7072968089837657,-2.695343359657294,-2.6883838503017063
16.45,-2.720024095724354,-2.714789857430112,-2.70213642165704
16.455000000000002,-2.74709382570412,-2.7388967276972305,-2.728134743550468
16.46,-2.8022447564627795,-2.7940505974786487,-2.7814488397791024
16.465,-2.778353918933749,-2.77497510915295,-2.76338757377055
16.47,-2.7707343079395517,-2.764775867761919,-2.755752555423668
16.475,-2.7537463336657937,-2.7479199915323536,-2.740376648149884
16.48,-2.7346968975737433,-2.7270464700562895,-2.719474750609845
16.485,-2.673920401536777,-2.664235845225414,-2.6553355451495415
16.490000000000002,-2.7083258319978643,-2.699551746135629,-2.6886606667901605
16.495,-2.721038164733908,-2.7142925707436194,-2.706612135501046
16.5,-2.7230873700996368,-2.7191375969374634,-2.706216476732696
16.505,-2.77345543975096,-2.7725809958898577,-2.75602758431023
16.51,-2.7846822184743933,-2.7849224795792304,-2.767719933041028
16.515,-2.8053974708439666,-2.800350121271362,-2.783843682281048
16.52,-2.761651147749517,-2.7618391325103326,-2.7504242849247067
16.525,-2.7929229732455436,-2.782921376215796,-2.7751078009549803
16.53,-2.7476529424861553,-2.7423610209910927,-2.728674399890578
16.535,-2.71318531026242,-2.7053400429851755,-2.690726707241486
16.54,-2.733341618603016,-2.7250013831830144,-2.7068627817001496
16.545,-2.7881952746043526,-2.7758280467321153,-2.7658415437677397
16.55,-2.759853389965116,-2.747883028825969,-2.737797781922879
16.555,-2.8379413076157394,-2.829405727505291,-2.821970511806488
16.56,-2.8851853439898147,-2.877307886154701,-2.868244536513614
16.565,-2.8653017774532694,-2.858496555484046,-2.8474833206354613
16.57,-2.900974758308874,-2.8967890692904263,-2.8803043338004075
16.575,-2.9118145489391165,-2.9083136836665426,-2.8893781632965996
16.580000000000002,-2.9347129245093067,-2.9245848720342686,-2.9171372032216314
16.585,-2.913624085275293,-2.9039519714001916,-2.8873020285585835
16.59,-2.908412913850135,-2.9018338370174033,-2.8856745848444794
16.595,-2.876219989680397,-2.8688324821565123,-2.85389410931309
16.6,-2.9471457028375174,-2.936225957089739,-2.922897308371314
16.605,-3.0402645258944214,-3.0274019889510524,-3.0160486046553032
16.61,-3.096959834456797,-3.0880848080693686,-3.0803863635503306
16.615000000000002,-3.066356076033191,-3.057385700624995,-3.05066941179633
16.62,-2.986008210946252,-2.9829116319958886,-2.961156745018275
16.625,-2.9527265899428863,-2.947415394242048,-2.934077021195817
16.63,-2.92441987715275,-2.9186078920435077,-2.908167099593485
16.635,-2.922503970011865,-2.913638900984059,-2.9031155182088995
16.64,-2.8927416279168088,-2.883148231030782,-2.8663109058964373
16.645,-2.9644322766944033,-2.9522321424817686,-2.940575099382866
16.65,-2.911791712230644,-2.9012465431202146,-2.893352100286513
16.655,-2.9013070153088383,-2.895270499393315,-2.8818358394787946
16.66,-2.9087997818338547,-2.888717919855846,-2.883104709769775
16.665,-2.9033134733014734,-2.8947706299259064,-2.881409886058942
16.67,-2.966953126358032,-2.955647333961417,-2.946403625074069
16.675,-2.9713843668616473,-2.9628066169168146,-2.9532389397641063
16.68,-3.0351962624053646,-3.024245189650779,-3.015565669113606
16.685,-3.0431339697034208,-3.032959860338906,-3.027301527964234
16.69,-3.0386569351808435,-3.031042441126704,-3.0135854687800148
16.695,-3.04995167957145,-3.0332000356280733,-3.025997633796031
16.7,-2.9945501503991347,-2.987260415400932,-2.9728106080120913
16.705000000000002,-2.9753906104788097,-2.9697579355241728,-2.959304714014945
16.71,-3.0301039029321135,-3.0272440822563684,-3.013062049913349
16.715,-3.0544723582635487,-3.0493557925445485,-3.035066491087506
16.72,-3.046801208827635,-3.0356868649020865,-3.0271659390565153
16.725,-3.032226897580022,-3.026471946001631,-3.0110133432659545
16.73,-3.0528413209052667,-3.0439483436377914,-3.037772879596959
16.735,-3.072262667268058,-3.0641075240170346,-3.055848097065393
16.740000000000002,-3.0363902814358803,-3.0304397745604312,-3.01689401194969
16.745,-2.9948431850109034,-2.9830008135069837,-2.9758154360516547
16.75,-3.0453818039636187,-3.0342537370567784,-3.0269684380547455
16.755,-3.0269829481984107,-3.0251661682980497,-3.0101712339400435
16.76,-2.9611081664742653,-2.952101318888987,-2.9482386885029115
16.765,-2.9333600638104125,-2.9236121070311385,-2.9087941076635446
16.77,-2.922059460934561,-2.9165198104551253,-2.8983695293517595
16.775,-2.928683697192546,-2.9126835039481436,-2.901687977651686
16.78,-2.9374985755746557,-2.9281723854016843,-2.9177174201357796
16.785,-2.9833337532957325,-2.971595191306685,-2.9624341637665697
16.79,-3.0085571947887524,-2.997237781198144,-2.9835743106316275
16.795,-3.0412807922596103,-3.0325951069172956,-3.023666889464859
16.8,-3.019447545310225,-3.011953552148445,-3.001112850792084
16.805,-3.041691622049334,-3.0302513164306135,-3.017902465100973
16.81,-3.0209315922415843,-3.0112126419890646,-3.0084105806556773
16.815,-3.0818398490697234,-3.0728080665158153,-3.0599290355360536
16.82,-3.0911219060354673,-3.083523419066137,-3.0742721874288903
16.825,-3.0813640979713313,-3.0667663023114238,-3.0579571155966643
16.830000000000002,-3.0684018584160446,-3.0606775252610254,-3.051068501691313
16.835,-3.0932905597904163,-3.082532811451702,-3.0775513686802465
16.84,-3.122424197691653,-3.1149998298131147,-3.1041232041677502
16.845,-3.104783533502448,-3.0978793186967772,-3.0894054904043076
16.85,-3.160197019972446,-3.155162037595914,-3.139442349959426
16.855,-3.129968073516829,-3.117521832088614,-3.105933907373695
16.86,-3.1560015724142327,-3.1444719835805177,-3.1287947004561527
16.865000000000002,-3.151975287730173,-3.14427390835462,-3.1290563531810154
16.87,-3.18822477223495,-3.185077368046865,-3.1696450144327124
16.875,-3.192115964331152,-3.186173216759223,-3.1733804701049726
16.88,-3.204657429321938,-3.193088307163833,-3.1859259488881317
16.885,-3.2649032578148183,-3.255000592097388,-3.2450426857001946
16.89,-3.202971112843324,-3.1952927715767436,-3.1833985547022126
16.895,-3.1345953496683854,-3.126743234767516,-3.120769031578257
16.9,-3.105499006565068,-3.0973963931420414,-3.082044517843467
16.905,-3.099968040801616,-3.0908894219145693,-3.0797821614198413
16.91,-3.098285158423158,-3.094004687245859,-3.082274243432284
16.915,-3.110549017831031,-3.0949642721492565,-3.0901027096896163
16.92,-3.0913975566672085,-3.076617257832112,-3.0677572203491263
16.925,-3.070298993959503,-3.0609007923849365,-3.050574566522472
16.93,-3.054652325261415,-3.045714942291279,-3.03946779744493
16.935,-2.984324848922508,-2.9724292734928413,-2.965041597943969
16.94,-3.021745117495322,-3.0117307341766733,-2.997102461158218
16.945,-3.071847952906304,-3.0583581667211663,-3.048597868896666
16.95,-3.0645076187705746,-3.05194272074562,-3.043827930809689
16.955000000000002,-3.031749100293811,-3.0211085865708283,-3.00473991490814
16.96,-3.054338399340948,-3.0443730443743404,-3.037183419810101
16.965,-3.0393929672544604,-3.026010684482078,-3.0190958399567576
16.97,-3.0122625799164098,-3.0088070044422683,-2.996374572712832
16.975,-2.9258814773527773,-2.920099071766657,-2.9069866592172735
16.98,-2.932389915764024,-2.9215983684256326,-2.908935765039635
16.985,-2.980741228889916,-2.968089584075071,-2.9589861559428985
16.990000000000002,-2.9763524749329293,-2.9578926358622235,-2.957053201445562
16.995,-2.9435805133397026,-2.9320622272562504,-2.923717606721711
17.0,-2.9895288658782,-2.9894491609286566,-2.976316223249025
17.005,-2.966753306880888,-2.9622815052415072,-2.95053367754848
17.01,-2.9754626867566785,-2.956213702579812,-2.9513250759115714
17.015,-3.028768959727834,-3.021924251004652,-3.007991838667291
17.02,-3.0019965843237495,-2.99496454125229,-2.9783238904852745
17.025,-2.9962597203414143,-2.977606171015944,-2.9740915804622023
17.03,-3.0182103835209144,-3.013915700920837,-3.0024185482160433
17.035,-2.9866947561901416,-2.98011253422627,-2.973147380431636
17.04,-2.9859252566197565,-2.980906911739405,-2.9659957188879327
17.045,-3.08742902164178,-3.0730027435680802,-3.072556297647894
17.05,-3.069716634989908,-3.05861958507095,-3.047928870447275
17.055,-3.0795864786255644,-3.0668219950690867,-3.058219870033004
17.06,-3.0469129335938177,-3.036101199856419,-3.032434229624192
17.065,-3.070007022837054,-3.0618118225043918,-3.051059045774951
17.07,-2.995443581035682,-2.9833146565828845,-2.9720089263449614
17.075,-2.9873630635116326,-2.9775209412982337,-2.969374122103322
17.080000000000002,-2.9624753250796805,-2.95487626562747,-2.948140408588816
17.085,-2.9120309885690943,-2.909455988576039,-2.8997440304746784
17.09,-2.9295331530313238,-2.924229916143655,-2.9165904543753722
17.095,-2.9005215608898993,-2.896894209121484,-2.8868449679270887
17.1,-2.9567463355623627,-2.9479146643294394,-2.9422579589286855
17.105,-2.9228829012725916,-2.9129813811511025,-2.9043409300889476
17.11,-2.9150190233438646,-2.9100327346464345,-2.9021113646712458
17.115000000000002,-2.9125891976381637,-2.901389582891421,-2.8961134872204957
17.12,-2.8759500047870734,-2.8797863041212404,-2.8697315513060135
17.125,-2.8270782871685256,-2.819882164101012,-2.8085587358356356
17.13,-2.821054194270039,-2.8150944025948967,-2.807241753430371
17.135,-2.7997096551501297,-2.792769121055117,-2.7814477338650785
17.14,-2.8263008333022253,-2.8221108017755268,-2.8148755695220395
17.145,-2.7995915314793853,-2.797314961798393,-2.783541564940354
17.150000000000002,-2.7765434011407364,-2.7655818091171596,-2.7559782923775424
17.155,-2.72387826887182,-2.7162513476192913,-2.7100343726457266
17.16,-2.6869308191947856,-2.677542739912613,-2.6669210927175007
17.165,-2.7033270696187603,-2.69594487187464,-2.6883350803776342
17.17,-2.6860696256933467,-2.6776692188582776,-2.6623175413450997
17.175,-2.6969695478114257,-2.6890450923361926,-2.6793761965753315
17.18,-2.7472121433582197,-2.74105078799605,-2.7296607994053925
17.185,-2.736533834987824,-2.7291667739348506,-2.7201573950116167
17.19,-2.8099718145244386,-2.802491200096026,-2.7919637431314728
17.195,-2.76983213312734,-2.7660295505852495,-2.758873748515716
17.2,-2.747915251095786,-2.746745316418223,-2.7407434771452954
17.205000000000002,-2.7128105829022218,-2.7057804179750833,-2.6981979272201526
17.21,-2.6811594251014887,-2.6754986708944997,-2.6663313129189072
17.215,-2.685169164902327,-2.676764395880523,-2.666973916751904
17.22,-2.6390611677020988,-2.632696300022079,-2.626673437613348
17.225,-2.6190455107716204,-2.610372215998024,-2.59777119902375
17.23,-2.635923296515783,-2.6275261049278202,-2.615680239973731
17.235,-2.638248487846003,-2.6324201033203187,-2.6230636401339567
17.240000000000002,-2.7036874024042223,-2.691387392024938,-2.685187466586084
17.245,-2.613863071569738,-2.6034632902288597,-2.5945702628635545
17.25,-2.622437826925179,-2.6135359521602997,-2.5973418204688272
17.255,-2.6182503563381156,-2.6100855487394967,-2.606420656092426
17.26,-2.6382985681184348,-2.6324632221235706,-2.628806352521753
17.265,-2.593724443901259,-2.5863720254379086,-2.5806045151243757
17.27,-2.592208894893567,-2.5946334215897515,-2.581372605088327
17.275000000000002,-2.6676221091412997,-2.657866212042098,-2.651618589707314
17.28,-2.611502924219842,-2.6014478249866437,-2.5943219310887495
17.285,-2.59271785731513,-2.5841763476328126,-2.572741264339289
17.29,-2.6113454606035855,-2.5961109993238956,-2.594696643527312
17.295,-2.6102489478234543,-2.6106900395478343,-2.5945446118945674
17.3,-2.581193310645865,-2.5739298643318973,-2.5642319460093854
17.305,-2.5651873672412906,-2.5531781723382756,-2.546530724498545
17.31,-2.561651176311349,-2.5517002949901966,-2.5429252929306068
17.315,-2.5545222131869876,-2.544690487672258,-2.5345713081967074
17.32,-2.5639304190094765,-2.5610439064093478,-2.5518039174861347
17.325,-2.599904436027526,-2.5992857113459285,-2.5870575945914
17.330000000000002,-2.529035548817089,-2.5238227683432997,-2.522799618615364
17.335,-2.5465879047950897,-2.5403322072061565,-2.524067881524078
17.34,-2.537420594544852,-2.531992688442686,-2.522215142306202
17.345,-2.555441222918162,-2.550743030857771,-2.541943663757759
17.35,-2.547625636744867,-2.5350899842771586,-2.523007304936411
17.355,-2.580828182109687,-2.5707130313652673,-2.5592623627278637
17.36,-2.6543386773629147,-2.640770647092971,-2.638383153065178
17.365000000000002,-2.6422113973238894,-2.6331411096537267,-2.62126899389526
17.37,-2.6683294949204894,-2.6607124637374775,-2.6489212878730193
17.375,-2.6680593099077106,-2.6565179023536456,-2.649132954889433
17.38,-2.620418990512859,-2.613631590355741,-2.592967454134979
17.385,-2.5970752556764993,-2.5893647150152943,-2.58115980798127
17.39,-2.6188087767329487,-2.6126696733880825,-2.602795118934607
17.395,-2.6383012912189097,-2.630634957597445,-2.6235233657491412
17.400000000000002,-2.5626487043384056,-2.552341787612089,-2.540907530831673
17.405,-2.5616081824300356,-2.5560741782853458,-2.5414276946008414
17.41,-2.4923483467384004,-2.4837727326378847,-2.4782409912683767
17.415,-2.509034642256878,-2.505003120938054,-2.493968322832189
17.42,-2.483327377597983,-2.476931494439774,-2.467801055830652
17.425,-2.4336293631160792,-2.423223794193563,-2.4114566884832547
17.43,-2.4273797385772813,-2.418471570645128,-2.412965737569732
17.435,-2.4005400667857355,-2.3934043908719214,-2.38450545773763
17.44,-2.3661895045463144,-2.357208240872315,-2.346155731584009
17.445,-2.3596022323940367,-2.3462625390697776,-2.340086846074111
17.45,-2.4046204590042652,-2.3968218089334483,-2.3765108009482443
17.455000000000002,-2.393904847708816,-2.3862727037621556,-2.367597838662738
17.46,-2.3888719559391793,-2.382093690051752,-2.3680966452800862
17.465,-2.3640773014048224,-2.3567825365095234,-2.3441130355677484
17.47,-2.4511662843182767,-2.4449770182560813,-2.434678159337127
17.475,-2.5287294471540265,-2.5228855560558867,-2.5078260417994747
17.48,-2.5108339849815238,-2.507856625687557,-2.493805379697015
17.485,-2.5338279767817515,-2.5322930077969166,-2.5205128381866886
17.490000000000002,-2.5209679174057604,-2.5155601159203766,-2.5039241426498036
17.495,-2.5337553254167604,-2.529659431734279,-2.514106840929798
17.5,-2.5638153814833493,-2.5614870503556046,-2.5460270129980604
17.505,-2.5554730623518753,-2.5530242957819165,-2.5367229743003863
17.51,-2.502924361348424,-2.500080965131735,-2.483633725975819
17.515,-2.5587623638040604,-2.5498338002098397,-2.5399972739534498
17.52,-2.5113140956553592,-2.50166088791929,-2.496038417497829
17.525000000000002,-2.454108584738221,-2.456611995118823,-2.4432257643052453
17.53,-2.4849549403967646,-2.4766760999584845,-2.463971546869779
17.535,-2.5418694290681567,-2.5337124286747073,-2.5215532489423444
17.54,-2.5069832742272515,-2.500913300415487,-2.4907071963872394
17.545,-2.4549264740615144,-2.446908965197597,-2.4337951224578998
17.55,-2.4697983050053045,-2.4635632872441304,-2.4520364076636456
17.555,-2.5064990653328896,-2.4970278591182575,-2.4823368087185806
17.56,-2.443415640843149,-2.4347354957219682,-2.4242607651602457
17.565,-2.4296298912176924,-2.428069078919558,-2.413551994959588
17.57,-2.4451570194986965,-2.4441219114236508,-2.428412995364516
17.575,-2.4353184289982894,-2.426867878340689,-2.4207286511310517
17.580000000000002,-2.4191339679320087,-2.4096851020410712,-2.3998096066551224
17.585,-2.4184926060987926,-2.4150630038717296,-2.400664280034778
17.59,-2.3725192747437935,-2.368206252813203,-2.3558165247291036
17.595,-2.390788374270468,-2.3873094332486304,-2.376605195046358
17.6,-2.426302522336778,-2.4228315390678494,-2.408881817681172
17.605,-2.4074226224688995,-2.40441867177208,-2.3936981606745134
17.61,-2.361924740800619,-2.3548886343517266,-2.345601169339782
17.615000000000002,-2.3586330981858814,-2.349115735346042,-2.3383932762285875
17.62,-2.33925951298175,-2.3310500958486586,-2.319641210185627
17.625,-2.3180942631545713,-2.3153346774240955,-2.299723285482627
17.63,-2.269411711975762,-2.2640560432618426,-2.250143788267565
17.635,-2.2338751986617904,-2.2261435247423593,-2.2145062793829076
17.64,-2.299980678153892,-2.288865924038451,-2.281867896638792
17.645,-2.309330919640436,-2.3019445841567983,-2.2929141408790317
17.650000000000002,-2.2802840291673974,-2.28013761198431,-2.262378599933353
17.655,-2.3138298944782236,-2.3065608605071333,-2.2942572275876767
17.66,-2.333443658873216,-2.3329953931766987,-2.3199631781505334
17.665,-2.324710927402789,-2.318629100009778,-2.3079797817960848
17.67,-2.308310009032843,-2.3047881862856108,-2.2893338290607987
17.675,-2.3070722795198235,-2.29815001051981,-2.2866587363847044
17.68,-2.3105692254977557,-2.3075689208853665,-2.2895788750754704
17.685,-2.312128674519598,-2.3062355877996916,-2.2929665844176963
17.69,-2.3304747210830112,-2.3260555259499776,-2.316607759854783
17.695,-2.32076351431472,-2.3103095474913777,-2.3050470035508295
17.7,-2.274907650822227,-2.268834682850806,-2.2553493461295098
17.705000000000002,-2.274787892785251,-2.268589519119478,-2.256658718441918
17.71,-2.273010832601782,-2.2665606472830193,-2.2556468921197137
17.715,-2.293981181081025,-2.2922892401203185,-2.273780159206094
17.72,-2.3515160699757356,-2.343264703180379,-2.3314823893153602
17.725,-2.3521048019599724,-2.3459563575318754,-2.3325835613626698
17.73,-2.354782780305609,-2.3525669239404823,-2.338870197038643
17.735,-2.3481346835573693,-2.3453152441105307,-2.3318729143224965
17.740000000000002,-2.339745925723094,-2.331825936331039,-2.31614476321276
17.745,-2.3628231324843285,-2.358177159737416,-2.3452186074324106
17.75,-2.4099768767786407,-2.399202063462772,-2.390734335599306
17.755,-2.4212689101972256,-2.4100556895691523,-2.3969206377828653
17.76,-2.4037871567655,-2.398881241639552,-2.391576067113013
17.765,-2.3850000704761407,-2.3701992104618195,-2.366664816461806
17.77,-2.418952095590216,-2.4056713555405205,-2.404773985292301
17.775000000000002,-2.4748976032816916,-2.465533966171994,-2.460942845590844
17.78,-2.45074923464267,-2.44050830440385,-2.4367291771004864
17.785,-2.5205325145536968,-2.5129489772396223,-2.504408981778526
17.79,-2.539639252632379,-2.5313709775682516,-2.523732182901911
17.795,-2.5808134583726146,-2.574564772551363,-2.5621311784276806
17.8,-2.5814247228266423,-2.5815674382220726,-2.564396514991505
17.805,-2.673340646316705,-2.6707318299193448,-2.65733057235716
17.81,-2.632107411973196,-2.6225072268245393,-2.616450940286522
17.815,-2.5913655084779075,-2.5792765724199658,-2.5717289559025516
17.82,-2.563516414369651,-2.557678892438841,-2.5497040494822465
17.825,-2.5606943135552487,-2.5572990793433354,-2.545012668661292
17.830000000000002,-2.5069381511302335,-2.4989707367640626,-2.489057149437043
17.835,-2.5668025119297035,-2.55458422318977,-2.5430106733787485
17.84,-2.587288129831547,-2.5836900354836616,-2.5725909873735624
17.845,-2.599961963447631,-2.592719041025913,-2.5868672810298383
17.85,-2.576495359556875,-2.5680063066357732,-2.5600069970892845
17.855,-2.607607186077296,-2.5966176501563205,-2.5909589335427037
17.86,-2.6183472147636397,-2.6119841933000365,-2.597550974706098
17.865000000000002,-2.629713941189598,-2.617530925445359,-2.609523964942964
17.87,-2.6425187472714526,-2.633864641214514,-2.6219449401110055
17.875,-2.6442002236557305,-2.6251759135552093,-2.6235824933993337
17.88,-2.680562870144241,-2.6743610553157033,-2.6649252136122246
17.885,-2.625458433508301,-2.615724041053305,-2.612354849851013
17.89,-2.638555789680529,-2.6305731452688157,-2.624384709932904
17.895,-2.6706234327563725,-2.6551145354096017,-2.6493757974163725
17.900000000000002,-2.650566857618337,-2.6399613006459157,-2.633415409299493
17.905,-2.639453577944464,-2.6387422843562818,-2.6259719609078025
17.91,-2.6317155307843465,-2.6239519819411075,-2.612714212575428
17.915,-2.5833972000930423,-2.5687003975815577,-2.5644025870530074
17.92,-2.5600245467730445,-2.5513708309723224,-2.5449568757969163
17.925,-2.5221295274417286,-2.515973424084285,-2.5119453844301516
17.93,-2.5524566055167726,-2.5427770257208713,-2.5290892800746922
17.935,-2.5404110366783668,-2.531666123967957,-2.524582668569138
17.94,-2.5095589904105453,-2.499031637892297,-2.4907230102656426
17.945,-2.5560200175961842,-2.5418893283183617,-2.537213785757324
17.95,-2.492696752255379,-2.4799467359184875,-2.478884762967934
17.955000000000002,-2.44445540118563,-2.434116239306417,-2.430969263994341
17.96,-2.4572765992763004,-2.4538613198181873,-2.4485112711329533
17.965,-2.4594538324935193,-2.4479480398759494,-2.4417147304593363
17.97,-2.43591072003025,-2.4232854220591586,-2.418184968871761
17.975,-2.3685852054857226,-2.3694195067939647,-2.3588295569599156
17.98,-2.373578763220104,-2.360114694387437,-2.359418265587547
17.985,-2.323235311277736,-2.3070043364239465,-2.3026573872318297
17.990000000000002,-2.3425657470115735,-2.322527228261853,-2.3139419466338795
17.995,-2.320276115179645,-2.3114377697236828,-2.3069982041858283
18.0,-2.380696581789907,-2.368745677592995,-2.364794548728754
18.005,-2.3859168788651712,-2.378433117919762,-2.3694892160750274
18.01,-2.3760672699819447,-2.3626271742089666,-2.34786422785182
18.015,-2.4039033562711927,-2.3979887261316533,-2.392000573938712
18.02,-2.4070586617485654,-2.395766304595315,-2.3853615576938965
18.025000000000002,-2.3216583569560805,-2.3120275046164815,-2.3111216257748537
18.03,-2.3070409867523485,-2.2905883525043085,-2.2908977469087097
18.035,-2.2190738624440245,-2.2119398631244147,-2.207021096670723
18.04,-2.2067229715170775,-2.196173982227826,-2.188932218321196
18.045,-2.188651976046183,-2.17993107440372,-2.1731598932004488
18.05,-2.2085323025853723,-2.194696155192081,-2.1864346576662967
18.055,-2.2085381829103623,-2.2000744518021964,-2.1859444005923634
18.06,-2.190070729180486,-2.1770341760698337,-2.166413827940838
18.065,-2.149693734759513,-2.1375849115117376,-2.129661346839201
18.07,-2.1804294402378743,-2.163967255294249,-2.1573655171484787
18.075,-2.1977519440084166,-2.190003673402554,-2.1806269859691314
18.080000000000002,-2.20403712695317,-2.198469380619731,-2.182686834754092
18.085,-2.2069258809450027,-2.192107665554425,-2.185656290162432
18.09,-2.195174504419757,-2.1846120359138466,-2.176773438653883
18.095,-2.191126210862231,-2.177171397076468,-2.1742339793227567
18.1,-2.180538107318014,-2.1733108887500525,-2.1651394286199883
18.105,-2.189373675689612,-2.1713073904900386,-2.170791378484352
18.11,-2.18648093222564,-2.1723351618515454,-2.1643138744430077
18.115000000000002,-2.210856131902418,-2.2090430321376515,-2.194014838279593
18.12,-2.220470123705964,-2.207660326941678,-2.206292854273584
18.125,-2.181864322127744,-2.1754176263286102,-2.1664181912116005
18.13,-2.135640823932692,-2.12618251252255,-2.1146764488592225
18.135,-2.1740029707673063,-2.156149933015663,-2.1508327692839493
18.14,-2.2145018377249173,-2.2034785895531157,-2.1969634807398672
18.145,-2.2208168912932713,-2.2098719767490937,-2.202262597880655
18.150000000000002,-2.1780126461359193,-2.1678592953002394,-2.160691551665398
18.155,-2.2309574632493017,-2.220510464422988,-2.218540638118477
18.16,-2.238388326232672,-2.2283828101238794,-2.2158821670621784
18.165,-2.2097705886393415,-2.196355993707798,-2.1864497184375686
18.17,-2.166831359039017,-2.151056003607107,-2.144896929496267
18.175,-2.105357294752077,-2.087174129943941,-2.0833115130793574
18.18,-2.098350014049555,-2.0877101628641266,-2.0793840992988897
18.185,-2.0861849586954087,-2.0769502356978458,-2.07299976015847
18.19,-2.1008486833468116,-2.0924879574602375,-2.0886479566089164
18.195,-2.169305613115271,-2.1535270872000125,-2.1456278516788783
18.2,-2.202828001462818,-2.1885672446568716,-2.1843777438506087
18.205000000000002,-2.157906247846244,-2.152415821082478,-2.1446737494770978
18.21,-2.1457634246666464,-2.13296904633506,-2.127878430710707
18.215,-2.1543125475391314,-2.1428085429531483,-2.131379971734761
18.22,-2.140850532930772,-2.1300027502692322,-2.120165419147164
18.225,-2.1279563341597916,-2.1117076359809284,-2.1079953087923573
18.23,-2.110592995030154,-2.1064843857219557,-2.096501355038637
18.235,-2.175308520132936,-2.1638446359474237,-2.1566799151234415
18.240000000000002,-2.1630739655445033,-2.159119204472746,-2.146970938244244
18.245,-2.1876411133368903,-2.1794586987888924,-2.1720572860117686
18.25,-2.177463105118394,-2.166247091915146,-2.1620094368982126
18.255,-2.2017590303169783,-2.1915976478521744,-2.184402635304455
18.26,-2.2364231942702104,-2.22851655317605,-2.2142192897169464
18.265,-2.241001429156148,-2.2283066781050405,-2.226918760122621
18.27,-2.2494877788675427,-2.2348395197437756,-2.2303440083403445
18.275000000000002,-2.2079533425024795,-2.196034595690456,-2.191899833861419
18.28,-2.262925762989712,-2.247598399381249,-2.244887058889442
18.285,-2.2766679673767447,-2.2708671654889874,-2.260333229323483
18.29,-2.2719224831399822,-2.2576551517573025,-2.250504738198877
18.295,-2.19202772367687,-2.1801534266155667,-2.174178684249721
18.3,-2.1782294306231744,-2.1665317977129295,-2.1614070843320574
18.305,-2.177803335497536,-2.165715458820991,-2.1582712393091925
18.31,-2.1288630564961486,-2.1213656326907446,-2.1127583471226856
18.315,-2.1200530133314706,-2.113102714406068,-2.1063471931351434
18.32,-2.0996228761224267,-2.090793743291167,-2.0853220344054875
18.325,-2.0889500793153495,-2.0779200904535506,-2.0649535466678715
18.330000000000002,-2.02109996757691,-2.010561745547424,-2.008835347918675
18.335,-2.0463330854839605,-2.0335144831041494,-2.027806210849067
18.34,-2.061482304404084,-2.0476645037720314,-2.0413683754246255
18.345,-2.016831065992762,-2.0096080925149606,-2.0057805934920863
18.35,-2.0469903703573613,-2.0366195162647083,-2.034471429327935
18.355,-2.059425212181835,-2.0523070350492336,-2.046982934931424
18.36,-2.1007975341122958,-2.0945690179038,-2.089667459443911
18.365000000000002,-2.1259583774916275,-2.113130626432637,-2.1071148190094418
18.37,-2.152165824075926,-2.1390289060059287,-2.133958313975217
18.375,-2.1282942762596915,-2.1248060447634325,-2.1191903601605033
18.38,-2.0947039357351565,-2.086437628720027,-2.0723507523707516
18.385,-2.077924223345932,-2.0673611460510175,-2.066236467392169
18.39,-2.0513437985619998,-2.0404373550792685,-2.034089206904163
18.395,-2.0498450221284212,-2.0446351553563815,-2.0346974421816175
18.400000000000002,-2.0458101713735175,-2.0405901449816546,-2.0276613553341134
18.405,-1.9817815395679736,-1.9734243095269803,-1.9678978673896896
18.41,-1.9655127561836117,-1.9547329922633436,-1.9530413683753542
18.415,-1.969034937807566,-1.9591320665762395,-1.951563670866393
18.42,-1.9509659935240802,-1.9392063966197253,-1.9334238813371751
18.425,-1.9434208630089196,-1.9347036826137791,-1.926405244907666
18.43,-1.9365521188365047,-1.9259396764591945,-1.9161706982212303
18.435,-1.9378895593456407,-1.9355475724000064,-1.921500557308236
18.44,-1.9953442286125853,-1.9962876691321567,-1.9834097063856824
18.445,-2.0090237229362855,-2.0030146145128414,-1.9975206757916615
18.45,-1.997136195487781,-1.9897788158119063,-1.9822084238678195
18.455000000000002,-1.9502940102626392,-1.9426684919486432,-1.930998857505248
18.46,-1.9627617902404806,-1.9506590889507138,-1.940812270115424
18.465,-1.9591598289118959,-1.9466184962459077,-1.9414408371748417
18.47,-1.9378575208148763,-1.9336559530465398,-1.9273520013643812
18.475,-1.9256579530058069,-1.915893641784472,-1.9056739068203479
18.48,-1.913852872333974,-1.903642374777957,-1.8969005335339815
18.485,-1.8840459247194667,-1.8777150114970662,-1.8672904381824451
18.490000000000002,-1.9404959302785365,-1.9276500562786434,-1.917511869623731
18.495,-1.9334766553746565,-1.9225138758819422,-1.9153008883341838
18.5,-1.9686172965400046,-1.9592167580318705,-1.9484334869566966
18.505,-2.0108855683256457,-1.9996818124155387,-1.9933779008146788
18.51,-1.9482748341223164,-1.9341992914602364,-1.9253099672746699
18.515,-1.886067342006917,-1.8739918720448636,-1.8647223308859258
18.52,-1.897099028975913,-1.8879881861787764,-1.8838712338161314
18.525000000000002,-1.9293197624098182,-1.9190299457464761,-1.9130693781468955
18.53,-1.9461827408785122,-1.9318334904194037,-1.928917954133973
18.535,-1.9466947965658414,-1.939829066599768,-1.9286860048113121
18.54,-1.9604691490092918,-1.9512568377774866,-1.937663732304581
18.545,-1.9675959682750883,-1.9578562957753352,-1.945735079952346
18.55,-1.950043201481313,-1.9473699589325306,-1.9331577781355669
18.555,-1.955064487154389,-1.9476372396233135,-1.932255407954747
18.56,-1.9316059693087295,-1.9201835538462722,-1.9109569709001015
18.565,-1.8896172836327434,-1.880301741639475,-1.8722872992556696
18.57,-1.8693308857103168,-1.855392218384143,-1.8480676746438531
18.575,-1.8403616467185335,-1.8278203438159806,-1.8183409177737448
18.580000000000002,-1.8529707985512986,-1.846086831433582,-1.8373473633198705
18.585,-1.8506047220744222,-1.8418019195420137,-1.830070104371581
18.59,-1.859615917463453,-1.8515121612506982,-1.8422262477892117
18.595,-1.841957404352721,-1.8351763430524035,-1.8255069054397726
18.6,-1.8600609272460944,-1.8513162586428393,-1.839370552154638
18.605,-1.9300153158627142,-1.9282190861825232,-1.911419803534809
18.61,-1.8817017389667934,-1.870502010180378,-1.8628054502272986
18.615000000000002,-1.899273736944725,-1.8918874296759878,-1.8799598599616696
18.62,-1.932800430594684,-1.9246550030792327,-1.9141223997510797
18.625,-1.904978768672102,-1.8985139870228687,-1.8885030434886794
18.63,-1.9504903785721444,-1.935792416644178,-1.9363886042832514
18.635,-1.9632687861626081,-1.9533004180780986,-1.9432896612906676
18.64,-1.9460826416159271,-1.9352525912258882,-1.9248532532623082
18.645,-1.959228300601533,-1.9436943622971745,-1.9388825132644316
18.650000000000002,-1.907390812853568,-1.8926488655948013,-1.8868560225213185
18.655,-1.895341823917573,-1.8868569221536298,-1.8732022696582054
18.66,-1.9042067429636387,-1.9049087751026472,-1.893742645078391
18.665,-1.8922946634145847,-1.8790922531018805,-1.866406054720154
18.67,-1.9159646620513482,-1.9072845050165137,-1.8992359683084326
18.675,-1.8795490030918396,-1.8665453383617416,-1.8594847676267128
18.68,-1.851953502547229,-1.8397937451380215,-1.8363545148382665
18.685,-1.82455744664232,-1.8164305186960445,-1.810018899330561
18.69,-1.8611295488104092,-1.8457328104337405,-1.8376943709596152
18.695,-1.8690935220466391,-1.8601698076892754,-1.845982276942845
18.7,-1.8775637022200953,-1.8608197159588795,-1.852266561779998
18.705000000000002,-1.9164499046257129,-1.9020260245498068,-1.8939741724958181
18.71,-1.8571497812791338,-1.839504892091561,-1.82493060641663
18.715,-1.8066713606145075,-1.7945457504669107,-1.786688536453597
18.72,-1.9069865662368493,-1.9016882771276784,-1.8856714681896307
18.725,-1.940468663292771,-1.9294805425477801,-1.9147759561255566
18.73,-1.9047724346851247,-1.8922559215994965,-1.8811288141532907
18.735,-1.9227527708745589,-1.9182745986050584,-1.9052101081018533
18.740000000000002,-1.931011612126781,-1.9187409872765129,-1.9048516185307156
18.745,-1.8627696752097673,-1.8542734199823574,-1.8485318930907673
18.75,-1.9206218903155499,-1.9105274957752227,-1.8955048672106574
18.755,-1.8691313433895358,-1.8552542547642485,-1.8468137057901837
18.76,-1.8141337091904965,-1.8039135752678719,-1.7986230113700208
18.765,-1.8360436196015653,-1.8282172027266415,-1.8194993301850757
18.77,-1.8990012322383172,-1.891941179739757,-1.8775052618387025
18.775000000000002,-1.9455185321083657,-1.9352745629643953,-1.9238115606661979
18.78,-1.9069416885775095,-1.8945680684385489,-1.8866913959653526
18.785,-1.9390867739989632,-1.9230231940827296,-1.9178305328822067
18.79,-1.9137757700758593,-1.9054932902661164,-1.8927876465693656
18.795,-1.9064126312480523,-1.8901371190631293,-1.8760274870838878
18.8,-1.8998413832688992,-1.8852048863091864,-1.8726405026099178
18.805,-1.857566424411546,-1.8514725730718111,-1.8338987788071952
18.81,-1.9350983309770087,-1.9249079591171616,-1.9143259226456957
18.815,-1.9227146102393777,-1.9140153608416204,-1.8991212826670705
18.82,-1.9932893658500053,-1.9806467589617833,-1.9751615905535935
18.825,-1.9627843893638315,-1.957824138253558,-1.9420809468524818
18.830000000000002,-2.014029063518073,-2.0059069769037148,-1.9907034456075767
18.835,-2.039463316298159,-2.031540531016674,-2.016513227899552
18.84,-2.0053909352409747,-1.9968115584432249,-1.9893546913202433
18.845,-2.0139443203841845,-2.0028200788972277,-1.99536634115984
18.85,-2.0468364341160203,-2.0322164096005295,-2.0249687266443805
18.855,-2.095425348428621,-2.07868498381122,-2.0718873369742044
18.86,-2.0682978146107156,-2.061142972715596,-2.0472402978850432
18.865000000000002,-2.0696250458558954,-2.0617145981736433,-2.0479871147393554
18.87,-2.0787049932200135,-2.068514554130704,-2.0587303186341406
18.875,-2.0521688738379695,-2.0379768602880617,-2.028914932085558
18.88,-2.074460349684929,-2.0621017751414414,-2.045340001262519
18.885,-2.0188068726684194,-2.011593151786106,-1.9965906116496646
18.89,-1.9383163642557117,-1.9375169786659063,-1.918430030025417
18.895,-1.9679333351873431,-1.9566348418948774,-1.9415538612273153
18.900000000000002,-1.9193124377305784,-1.9101320585590214,-1.8991956650951334
18.905,-2.0164942493162332,-2.0019978712639226,-1.9942743212106608
18.91,-1.997516887357822,-1.9836709507652281,-1.974107697351004
18.915,-1.993788287924136,-1.9849501664053968,-1.9721614604280115
18.92,-2.0431316565863664,-2.0314633913818803,-2.0261539780320494
18.925,-2.0313164002538304,-2.0196202016497855,-2.006508441023819
18.93,-2.0346977576742775,-2.02802768847556,-2.0101897904405233
18.935,-2.0085542336081543,-2.000050394897253,-1.9874093197171228
18.94,-1.9889798527866014,-1.9780708689766928,-1.9734494198321724
18.945,-1.9816040283851504,-1.9683811607951032,-1.955252439256665
18.95,-2.0052127685320347,-1.9892607027313738,-1.9801053888030735
18.955000000000002,-2.035213225813961,-2.0281927658992123,-2.019383976662359
18.96,-2.0134167257343427,-2.0006972128964344,-1.9873824039723123
18.965,-2.0294528306531125,-2.0227054240498266,-2.0062789530837
18.97,-1.9858756722487463,-1.9705228042706466,-1.962750560623683
18.975,-1.9908166826738463,-1.9777430274818595,-1.972659283289787
18.98,-2.042697030407918,-2.0235135096494936,-2.016349522348756
18.985,-1.9601834945868215,-1.9430656120279857,-1.926948597464029
18.990000000000002,-1.938189648546311,-1.9222824180842397,-1.9101340432408374
18.995,-1.9239499381345753,-1.9108027389198379,-1.8956937051754421
19.0,-1.9422059734424826,-1.9280092881400843,-1.918996620889496
19.005,-1.947438780407295,-1.9330453606705045,-1.923258135781191
19.01,-2.002336977481117,-1.991095403750322,-1.9808352436179029
19.015,-1.9807019260674423,-1.9677263331405195,-1.9601278025857864
19.02,-2.0142927659374443,-2.005151262416805,-1.99051484466005
19.025000000000002,-2.0390924381069673,-2.0163021416789255,-2.0037064233029738
19.03,-2.0398148212688754,-2.0278546663038393,-2.0144052819030263
19.035,-2.0507552547735965,-2.03997219005831,-2.029246813860757
19.04,-1.970082097592051,-1.9604146263071835,-1.9485107977073934
19.045,-1.9763877349824013,-1.9634713366139684,-1.9545055675859004
19.05,-1.988200919024363,-1.9792404356640003,-1.9674369830702472
19.055,-1.9786321341294624,-1.9650905543693649,-1.957984907574769
19.06,-1.953391615748004,-1.9425374214601665,-1.9287446772194283
19.065,-1.951308262935768,-1.9404603385143584,-1.929462074454256
19.07,-1.9685097609936364,-1.960812012651565,-1.9496356578639036
19.075,-1.9660478497516032,-1.9497214398320353,-1.940739394470022
19.080000000000002,-1.9678604890873586,-1.954630749711083,-1.9492082835902014
19.085,-1.9875854596556413,-1.975496046094323,-1.9682318832294936
19.09,-1.9744644090785324,-1.9641798552541387,-1.9540568003610437
19.095,-1.9690544389418463,-1.9574651282980693,-1.9477416865464554
19.1,-1.9960526863560655,-1.9904710478390748,-1.9749132370450029
19.105,-2.0118544516803647,-2.004683851021314,-1.9930654102491914
19.11,-2.0760504053294517,-2.0637765421937497,-2.051242398683843
19.115000000000002,-2.0841913438706863,-2.0708381509212748,-2.063702897626285
19.12,-2.0846019531513647,-2.0697466473893127,-2.061742440241611
19.125,-2.0595034173187377,-2.046066376523372,-2.0307480110498783
19.13,-2.0542618569769635,-2.0403929518287813,-2.0313697357809013
19.135,-2.035585861140623,-2.0221467026145534,-2.0102582220233054
19.14,-2.028279700289657,-2.0188558908075507,-2.0052258132676504
19.145,-2.010236265569756,-2.0002633094307676,-1.9869031137115956
19.150000000000002,-1.996630633127856,-1.9834581299923777,-1.972368448541373
19.155,-1.9360720329479257,-1.9269881812048133,-1.918840523135205
19.16,-1.8759053529151752,-1.8603828754760545,-1.852303713519724
19.165,-1.9167178481456526,-1.9007796159224801,-1.8872330885959254
19.17,-1.9179598264276994,-1.9068494674673349,-1.8979129214422823
19.175,-1.8774860350824818,-1.8610374117535537,-1.857095215882105
19.18,-1.8130369629003789,-1.8011115052911124,-1.7918952972609254
19.185,-1.7718091976800283,-1.757393650155838,-1.7468480015448595
19.19,-1.7317103888479908,-1.7135890719953129,-1.7110257449028963
19.195,-1.7654494406428893,-1.7561491226270634,-1.7387698444462383
19.2,-1.7800880274147197,-1.7587502356669582,-1.748898980183701
19.205000000000002,-1.7739183374335654,-1.7664136889631779,-1.7523359320718541
19.21,-1.8041846483435613,-1.7927239375498976,-1.779948187408914
19.215,-1.7309365057542467,-1.7229200617348759,-1.7091864797422383
19.22,-1.7281591161148593,-1.718701751860728,-1.7062165607589075
19.225,-1.7555242960439936,-1.735197645699664,-1.7253504154037522
19.23,-1.7251341365143187,-1.709776504676794,-1.7003493676710029
19.235,-1.730189740567483,-1.7198603398315289,-1.7110026963540554
19.240000000000002,-1.7698978745436116,-1.7550955648745183,-1.7432779572497719
19.245,-1.7247114871791727,-1.707352341064468,-1.6986948106517346
19.25,-1.6988170277666457,-1.6823354344112083,-1.6792720675165353
19.255,-1.737918085270615,-1.7190087914248666,-1.7156553615281254
19.26,-1.737781619519619,-1.7200614569030581,-1.7117029965498218
19.265,-1.8290727808080378,-1.8136016198229477,-1.8049298311449529
19.27,-1.8411464692227326,-1.8283156870115445,-1.8142157444865947
19.275000000000002,-1.8774086996774149,-1.8617568508545839,-1.8532850203784728
19.28,-1.863239375388094,-1.845718402718599,-1.837228944056982
19.285,-1.8752769601656645,-1.865091063367059,-1.8478816741958946
19.29,-1.8476535399252734,-1.8333806142515192,-1.8222320376806345
19.295,-1.8394986819273642,-1.8326946635754764,-1.8208984700869197
19.3,-1.8796692424785026,-1.8628572408675517,-1.8535220021087286
19.305,-1.8797617830252396,-1.8702716494921976,-1.8593195211494478
19.31,-1.880858136271901,-1.8636199225096257,-1.8523601606877558
19.315,-1.8319034544862463,-1.823793142192284,-1.8118225670332488
19.32,-1.8880367138880383,-1.871019911535515,-1.8606905182579778
19.325,-1.9169434707243247,-1.901351694856813,-1.8901540780897628
19.330000000000002,-2.0095160387307587,-1.9991202916063144,-1.9877921831943681
19.335,-1.9801271179761926,-1.9729360563605232,-1.9636200543661666
19.34,-1.9628141280623599,-1.952018719867898,-1.9388884635399681
19.345,-2.009530559033628,-1.998563841944403,-1.9895077531529413
19.35,-1.9656054291488778,-1.9543839600065935,-1.9417770298745995
19.355,-1.9401495196552048,-1.9239791217154856,-1.9124601041289349
19.36,-1.9341624509906932,-1.9254373964231717,-1.9129419377909593
19.365000000000002,-1.938061817235371,-1.9274491762842203,-1.9132818578330661
19.37,-1.9701377075113804,-1.951537471457296,-1.940865338795196
19.375,-1.9632736667479842,-1.9548766005317064,-1.93889821792499
19.38,-2.0210583475076795,-2.0101729824095855,-1.9945937820516433
19.385,-2.0587092112887757,-2.0489142534329843,-2.037758966841312
19.39,-2.0157891874751552,-2.0007074191320178,-1.9913867868982036
19.395,-2.044204229229547,-2.0333249687711805,-2.024786720490741
19.400000000000002,-2.065062811415043,-2.0558466370698345,-2.0423254968778086
19.405,-2.038715025606593,-2.0335645505435704,-2.017128283252335
19.41,-1.9928362058578988,-1.9851140726367857,-1.97377765132303
19.415,-1.9343508267678797,-1.9273838356588482,-1.9190754112383805
19.42,-1.9874550783926213,-1.976277721408454,-1.9619949036982876
19.425,-2.023759460466316,-2.017080450687914,-2.0043040797403893
19.43,-2.0681824401645366,-2.0580577725155518,-2.0476515495654692
19.435,-2.0335478060261476,-2.0241450228109805,-2.011515882645449
19.44,-2.049908262350819,-2.036947531095411,-2.028918511911159
19.445,-2.155127976762966,-2.14539169141092,-2.13209395814973
19.45,-2.2101050507915763,-2.190592255858551,-2.184456583866765
19.455000000000002,-2.2273424032113223,-2.2159445541471845,-2.20133052106016
19.46,-2.229311202201241,-2.2188346920327042,-2.200304215673795
19.465,-2.2912794821281177,-2.2790212472419555,-2.2663664051881733
19.47,-2.302035836105362,-2.2921355998831126,-2.286125891875702
19.475,-2.2915497220840195,-2.2777170529095034,-2.2656409667731747
19.48,-2.3083099578164914,-2.295997912161401,-2.286464654972701
19.485,-2.282496246038342,-2.2798350754165235,-2.267361995042652
19.490000000000002,-2.279498968171654,-2.270563668627695,-2.2583226229845534
19.495,-2.2383958930569476,-2.2369453849862886,-2.2166788874268826
19.5,-2.1746651217787614,-2.1661347138231926,-2.1593781393329685
19.505,-2.187891543510533,-2.182278772831345,-2.168658167614782
19.51,-2.1847623258788094,-2.169843121700179,-2.16008850993991
19.515,-2.200099531787311,-2.19286410193201,-2.1772286210633496
19.52,-2.244023459682897,-2.232436361263244,-2.2195972304139597
19.525000000000002,-2.22686786270415,-2.221854623681,-2.211405606714432
19.53,-2.200844137914547,-2.1851814020610316,-2.1759807773090194
19.535,-2.2178450198242508,-2.204519035979121,-2.190667387532074
19.54,-2.1843863349013906,-2.1776607628216196,-2.162623865330832
19.545,-2.2544596467111173,-2.2456938138481592,-2.224792886686175
19.55,-2.2154076889428826,-2.208861689360595,-2.200606365178177
19.555,-2.204321446817258,-2.204523358595294,-2.188927587205292
19.56,-2.2555565487762594,-2.247123342354624,-2.2311946907807854
19.565,-2.2117926387481197,-2.2009970601305198,-2.189223475671793
19.57,-2.2094122057004713,-2.19582146205515,-2.1839466523969184
19.575,-2.2652852616381036,-2.2600990203954234,-2.2482311814555183
19.580000000000002,-2.223563244777139,-2.2131337009961918,-2.193945148388369
19.585,-2.2272969328909893,-2.219422975640718,-2.205428877273718
19.59,-2.235380516651538,-2.226959307539943,-2.2113435543316298
19.595,-2.287580682572166,-2.2816106178392763,-2.269361319455567
19.6,-2.277042318088957,-2.2653634495173414,-2.2601622955070195
19.605,-2.3064350219255023,-2.294479021882695,-2.2863504798871275
19.61,-2.349134580744176,-2.3328826485079897,-2.324595467696357
19.615000000000002,-2.348016696896779,-2.3377757581607446,-2.327886894442188
19.62,-2.344366420864402,-2.337089046529663,-2.324587139372475
19.625,-2.3573999862805057,-2.35334039781145,-2.3392993553440475
19.63,-2.3725217747834235,-2.369061069629638,-2.3526590536418666
19.635,-2.3086667917295256,-2.296839245453405,-2.286091765957974
19.64,-2.3013603438939665,-2.2900091412216197,-2.2777598042403873
19.645,-2.3119573427090163,-2.3028733537507162,-2.2914660186174864
19.650000000000002,-2.273477785273957,-2.265826593186536,-2.2473365705127804
19.655,-2.323486789174841,-2.317656574296858,-2.3068700308810257
19.66,-2.321926070629205,-2.3169081172208235,-2.301979547485037
19.665,-2.3284090520168133,-2.325103942825773,-2.3078921116487714
19.67,-2.3023115570705217,-2.295402558263621,-2.2800792074872938
19.675,-2.224299344284371,-2.217667114052481,-2.2058799062658974
19.68,-2.2178063287239302,-2.217267847628987,-2.1974535583851806
19.685,-2.143842976459211,-2.1399169568977237,-2.122413417538177
19.69,-2.0752436955786986,-2.06717662348021,-2.0527216210759516
19.695,-2.1030196326457897,-2.0998675597875813,-2.086402075865073
19.7,-2.122062325658732,-2.120438062736339,-2.1005608704719547
19.705000000000002,-2.1038538268262936,-2.093620240779495,-2.080356308862874
19.71,-2.1096304661928893,-2.09950185238486,-2.079673926010775
19.715,-2.034314220553488,-2.030285303458452,-2.0181777554891878
19.72,-2.0665596093232055,-2.063187823630033,-2.046466295261113
19.725,-2.054849058344531,-2.045763269068397,-2.030327994023369
19.73,-2.0140140392502395,-2.0138163902485626,-1.9940718974006761
19.735,-1.990275417961795,-1.9750282940558002,-1.9603577006306443
19.740000000000002,-1.9936298477259606,-1.9810589373692,-1.9679683348160706
19.745,-2.0250198230218497,-2.0125233754607237,-2.0006262536770403
19.75,-2.0161925601469997,-2.000950340775583,-1.9913641792622268
19.755,-2.0112260954118315,-2.0087285782800746,-1.9987775634491827
19.76,-2.0002021602696245,-1.9868914163687923,-1.9713568579384368
19.765,-1.9485343730179232,-1.9360018339196345,-1.9300418608644434
19.77,-1.9742917726807705,-1.9654689328918526,-1.949181105894201
19.775000000000002,-2.015527016791411,-1.9980197571535592,-1.9856938485575704
19.78,-1.9488981167599129,-1.9345342636020544,-1.926262965661867
19.785,-1.975395534596749,-1.9623969000736792,-1.9478341509992685
19.79,-1.9271186413841743,-1.9111092846789697,-1.898752139665599
19.795,-1.9425210082790705,-1.9309318639958262,-1.9153334086857348
19.8,-1.9353531982853864,-1.926630972825196,-1.917656655356198
19.805,-1.9456403353069671,-1.9372484490863384,-1.9210686580967098
19.81,-1.990771058866135,-1.9807200146490977,-1.9639564903487172
19.815,-2.0080036123525504,-1.9969853075747424,-1.982394591990251
19.82,-2.0057594899218087,-1.9899492347736907,-1.976474661200231
19.825,-1.9406801187774188,-1.9293311486007605,-1.914605632702513
19.830000000000002,-2.0088529147943515,-1.9913078994514897,-1.9820756458168067
19.835,-1.995580473821019,-1.9857506773295475,-1.9702111004157479
19.84,-1.9581535592207013,-1.946777096508531,-1.9318584834744905
19.845,-1.9165314513452967,-1.9013140025315476,-1.8897703751730102
19.85,-1.8965739947667442,-1.8842861427753672,-1.8714696568024953
19.855,-1.894875378444944,-1.886285621068729,-1.8753845732439482
19.86,-1.875880111051793,-1.8643390707759695,-1.8539159364304818
19.865000000000002,-1.8856917934676107,-1.8829475389984645,-1.8649769005762638
19.87,-1.8833781525048714,-1.8674497955113385,-1.8591721140494726
19.875,-1.884848186200241,-1.87035483487282,-1.8648362343067628
19.88,-1.8465265491163176,-1.832316728886363,-1.8250094378353419
19.885,-1.8735672562916146,-1.8612348900900593,-1.8535890300815812
19.89,-1.821747923841738,-1.8138956555723382,-1.8028677901612995
19.895,-1.8388384634927961,-1.8310975548130504,-1.823002788442813
19.900000000000002,-1.8063663519938646,-1.7958207694646626,-1.784427408799007
19.905,-1.7901327908114677,-1.7781846099355039,-1.764499997002586
19.91,-1.793384306349401,-1.7827733864085222,-1.7696770797356083
19.915,-1.773902282077307,-1.756149002315634,-1.746695398802794
19.92,-1.7957351574776912,-1.7841678139522243,-1.7704288374050585
19.925,-1.8002644375037156,-1.7849062902666675,-1.774888149972209
19.93,-1.7794621529418746,-1.7661055790109947,-1.7525984723091494
19.935,-1.8075918344943955,-1.7977003971614212,-1.7838421819351036
19.94,-1.8280418217374332,-1.8187036165459682,-1.8045305139514116
19.945,-1.8142306694965025,-1.7991821902155771,-1.792097178673142
19.95,-1.8062682904995409,-1.7950486773812377,-1.7805029752898234
19.955000000000002,-1.8102347893481077,-1.7940785387999179,-1.78352344687612
19.96,-1.7917866783409355,-1.777899382166911,-1.7678723458374528
19.965,-1.8305979868415367,-1.8138462190188678,-1.810103840411346
19.97,-1.821596737043627,-1.8116485241845555,-1.8039810724131025
19.975,-1.8449266650987999,-1.8334716564455633,-1.8207000185852182
19.98,-1.8850165780262236,-1.8773976633165137,-1.8656783221140754
19.985,-1.9335905708151901,-1.9151580348889803,-1.9059472649435136
19.990000000000002,-1.9573016090079962,-1.948636512996319,-1.9296937782155255
19.995,-1.97512367295584,-1.9628957102587474,-1.9435919651058398
20.0,-1.962592983208653,-1.9508573239553617,-1.9390920213015028
20.005,-1.9864009560723381,-1.9779576752486154,-1.9620008868067422
20.01,-1.9077752267317392,-1.8938200621588925,-1.8871012084338499
20.015,-1.912457675859944,-1.9038649008001585,-1.886827769598157
20.02,-1.9267769099313445,-1.9195780125420716,-1.9003671949657517
20.025000000000002,-2.0062702066569593,-1.9892455580948096,-1.9816788859859333
20.03,-1.9633542818292924,-1.9529300507485932,-1.93224946656863
20.035,-1.93749507042405,-1.9285049499097633,-1.9156295071245757
20.04,-1.925031500930508,-1.9075078167375272,-1.8987003353320833
20.045,-1.9348319687739737,-1.929512142389184,-1.9115839118455509
20.05,-1.9260842853901905,-1.914423547370933,-1.9026991262375197
20.055,-1.9078847565026678,-1.8924507257515373,-1.8806330013752883
20.06,-1.861875927171466,-1.857725421093199,-1.8344908536297033
20.065,-1.858692944284483,-1.8518065898097509,-1.8403358463811552
20.07,-1.8237144733340378,-1.8099627526775812,-1.7978640855879098
20.075,-1.8130311278820255,-1.801698095815932,-1.7898996250412236
20.080000000000002,-1.8251076124477779,-1.8167023464571588,-1.8027561431501022
20.085,-1.80880134578456,-1.7985471924190637,-1.7848734929257741
20.09,-1.8192735577293186,-1.8054789364070651,-1.7945215911715142
20.095,-1.8330220138756534,-1.8224978639217164,-1.8073849380710514
20.1,-1.7877089370127688,-1.77347478053207,-1.7616363870341651
20.105,-1.8409816053705328,-1.828841700278643,-1.817668006332969
20.11,-1.8640961630479913,-1.8515115926110661,-1.8388359914240808
20.115000000000002,-1.883323089000858,-1.868901884529624,-1.851721508934408
20.12,-1.7875196811930087,-1.7771257951691248,-1.757443249523172
20.125,-1.7691532283711242,-1.7539724028062151,-1.7381181883598327
20.13,-1.7619375201009473,-1.7472317371878556,-1.736135717690141
20.135,-1.7547831711816193,-1.7440276699262134,-1.7300814517105196
20.14,-1.693178717127004,-1.679642820269374,-1.6701705396060618
20.145,-1.692372500758264,-1.6802605326874334,-1.6602688461904536
20.150000000000002,-1.7048847744903672,-1.687880368975248,-1.6778270981801515
20.155,-1.6699513537981536,-1.6574681327786047,-1.6383883763308749
20.16,-1.6364728265102226,-1.6245898504675824,-1.612484925260343
20.165,-1.6220713698158864,-1.6155184051019527,-1.5954748626758353
20.17,-1.623460242696927,-1.6136594330572536,-1.5950554268801493
20.175,-1.6271761658703598,-1.6161225256532907,-1.6014524785183688
20.18,-1.610126767973491,-1.6024377220454442,-1.5872248427043019
20.185,-1.5857773542972011,-1.5749796282993462,-1.5596146513575917
20.19,-1.6276146001553877,-1.612803447230628,-1.602165021901433
20.195,-1.6766688160142533,-1.6644818624075528,-1.6492968224830034
20.2,-1.6509776804795893,-1.6448817265671691,-1.6202122679755395
20.205000000000002,-1.7148807346985422,-1.6979807200649797,-1.6866390662983903
20.21,-1.6747730155156364,-1.666995552919546,-1.6490216383320893
20.215,-1.7390163607206746,-1.7266012747727908,-1.7005498332763114
20.22,-1.8051615569276638,-1.7888485903732803,-1.7750761387587717
20.225,-1.8167391257993224,-1.8052963997199,-1.791308628148481
20.23,-1.8178254421084739,-1.8077715435303525,-1.784689073149532
20.235,-1.8116166476241682,-1.7999555076195162,-1.7875927873854986
20.240000000000002,-1.8076224243194408,-1.797365376659163,-1.7828326046338483
20.245,-1.7955130606558216,-1.7853822954286493,-1.7656902489995323
20.25,-1.7644308848263681,-1.7526299340654035,-1.7418489374546968
20.255,-1.8182960287785548,-1.807096218335547,-1.7886215117644781
20.26,-1.8285407537877896,-1.820844078791911,-1.8006510108882903
20.265,-1.8193917254199243,-1.8086381976939379,-1.7858508636075514
20.27,-1.7904059321172947,-1.7804030066233625,-1.7615990072086265
20.275000000000002,-1.798318929728471,-1.7897018754859548,-1.7734998005343139
20.28,-1.7928452430652662,-1.7841631411251662,-1.769467155094869
20.285,-1.8108991478233238,-1.8004984625500537,-1.7873775230344962
20.29,-1.7880795561183247,-1.7792935289371086,-1.7643899490487012
20.295,-1.8031702633929212,-1.7931905286410343,-1.7736926023212252
20.3,-1.7663108346166099,-1.7561014640615107,-1.7424276978343243
20.305,-1.7911855866417739,-1.7778313182316396,-1.7649991820144406
20.31,-1.8099002957177368,-1.7898747783004265,-1.7844699830492938
20.315,-1.8456019174845095,-1.8313152823912078,-1.8152207777234284
20.32,-1.856920719641315,-1.8428461529820344,-1.8305967216028416
20.325,-1.86185953276323,-1.8527113436069786,-1.8332044949781001
20.330000000000002,-1.9149682556162206,-1.9018963203005244,-1.8912415457040355
20.335,-1.9006595055216917,-1.8878123217317706,-1.8700812560032374
20.34,-1.903156767234685,-1.8977551306163587,-1.874573708661431
20.345,-1.944039906801979,-1.9254642017947625,-1.9109273158503381
20.35,-1.9460653472113256,-1.9361680838560746,-1.9160628553476848
20.355,-1.963145161163876,-1.9548792611841572,-1.9334828057299693
20.36,-1.900489605784748,-1.8885460692117757,-1.8757136270452655
20.365000000000002,-1.8998317173213404,-1.8887021537583928,-1.8753854451131358
20.37,-1.9529001602684926,-1.9399433028357882,-1.9210728635067953
20.375,-1.9677967036256683,-1.9545686093426522,-1.943159977486424
20.38,-1.992986440423186,-1.9756080150827988,-1.9600203987642
20.385,-1.9394740314902223,-1.9274421984943664,-1.9087796234735614
20.39,-1.9730342824053888,-1.964311773091365,-1.9450987791249275
20.395,-1.9960172850629774,-1.984026323981773,-1.9692706587573983
20.400000000000002,-2.0223630369881618,-2.014487887836901,-2.0018968426213335
20.405,-2.0243955705410714,-2.023411999715915,-2.0026660472120565
20.41,-2.032262592741097,-2.0200780961642097,-2.006734160746893
20.415,-2.0496272149602617,-2.04178000136756,-2.019902462276218
20.42,-2.046621175714093,-2.037451639264186,-2.0206113521320614
20.425,-2.0330428420553743,-2.0181073908754774,-2.0069461488618834
20.43,-2.0551755722023155,-2.0432617931021193,-2.0282166109096593
20.435,-2.0670729062217967,-2.055184081894765,-2.0372288764626796
20.44,-2.0182066318710072,-2.0056506706547146,-1.98687511947478
20.445,-1.9983132775031585,-1.987026589697163,-1.9772293997900428
20.45,-1.9900714267405908,-1.9888654057811122,-1.9692810295950294
20.455000000000002,-1.9513355027337203,-1.9474774477912475,-1.9259246361173454
20.46,-1.9277271000112202,-1.9127947086681236,-1.8966598845423979
20.465,-1.9018566022032075,-1.8872938099227399,-1.872077856272856
20.47,-1.9222849455438584,-1.912905256844932,-1.899483084297555
20.475,-1.94728864500129,-1.9373268466187317,-1.9120015023765646
20.48,-1.8864610843615588,-1.8762938364280417,-1.8606294362115217
20.485,-1.8574041851860874,-1.8471533910261562,-1.832683800306133
20.490000000000002,-1.8670891563701577,-1.8532963370933606,-1.8454319369622416
20.495,-1.8430947474077128,-1.8336968232047341,-1.8173845341236827
20.5,-1.8460513356061312,-1.8374210909961877,-1.82351652825407
20.505,-1.8536297770942582,-1.8501685613650696,-1.8289040559478933
20.51,-1.8573324856001878,-1.8439616447608218,-1.8354735160124773
20.515,-1.8640894415066835,-1.856981347074978,-1.8432698727147971
20.52,-1.8599108448356454,-1.8490678883289344,-1.8320662539618013
20.525000000000002,-1.8028856308079486,-1.7931495915652296,-1.7811949838352117
20.53,-1.824847433757457,-1.8119598513987383,-1.7937090962585793
20.535,-1.8247024651898804,-1.8194932487953737,-1.806197908614948
20.54,-1.8456588023833207,-1.8409839602762668,-1.821517328642347
20.545,-1.8694598808173006,-1.858386573902963,-1.848918106492942
20.55,-1.8861006012723627,-1.8763025190773346,-1.8647079843667584
20.555,-1.8773429065361955,-1.869682977823096,-1.8575708708526275
20.56,-1.8958141433271194,-1.8852117608230914,-1.8735751459030832
20.565,-1.8971039645790093,-1.888519244320081,-1.8715310467985469
20.57,-1.9260411535014257,-1.9159762371631122,-1.8976030668231052
20.575,-1.8727218778909824,-1.8588784873933788,-1.850050783214358
20.580000000000002,-1.8253674246426042,-1.8196704014375396,-1.7966304730603677
20.585,-1.8123083602591925,-1.8041080075225246,-1.7894048076394435
20.59,-1.8466239949215035,-1.8369678856218234,-1.8197810805892152
20.595,-1.834321709562953,-1.8204738774961071,-1.809876882436372
20.6,-1.8257967894325517,-1.8147410586736792,-1.7983607796802523
20.605,-1.7871513095075235,-1.774256478139025,-1.7659257354384181
20.61,-1.7746003135052535,-1.7626470401041354,-1.752085734435338
20.615000000000002,-1.7453586945298294,-1.7341965436775995,-1.723838119456058
20.62,-1.7874349048230307,-1.7806980731297586,-1.7677041532480098
20.625,-1.829103452374792,-1.8197740819914008,-1.8095291559114042
20.63,-1.8707803451420495,-1.8631848545462817,-1.8485716344066732
20.635,-1.8900726590444057,-1.8786261174526813,-1.8672405521321116
20.64,-1.8402763092357233,-1.8324299655912042,-1.8184329706455546
20.645,-1.853360395070085,-1.8431137223755398,-1.8251157135304001
20.650000000000002,-1.8326395342137651,-1.825591809747132,-1.812813495919209
20.655,-1.8233607348267336,-1.810846739459976,-1.7964954291088966
20.66,-1.8622299827463504,-1.8541098676395182,-1.844011948259693
20.665,-1.877245354221398,-1.868410522420892,-1.8572200636341796
20.67,-1.8105336866848092,-1.8025550945783182,-1.786826330491084
20.675,-1.8194703526832774,-1.8081986312507274,-1.7960339582379907
20.68,-1.8317070059397107,-1.8244042465948969,-1.8124503566780874
20.685,-1.8414086885661567,-1.8309749593613895,-1.8175512631309423
20.69,-1.8061950162495355,-1.7951676699740788,-1.7728210434782516
20.695,-1.7998710326341996,-1.7937620942128514,-1.7829699284616962
20.7,-1.782100457273454,-1.7731867887683403,-1.761302050232512
20.705000000000002,-1.8011684311639404,-1.8002281508087035,-1.7876386816676313
20.71,-1.7939859302208705,-1.7854842261341548,-1.7686982153777406
20.715,-1.7503900915115151,-1.7425385251438257,-1.728863366660459
20.72,-1.7046895632352368,-1.7034525044347302,-1.6866479907203897
20.725,-1.7089202241120176,-1.6968678638622585,-1.6836244473040747
20.73,-1.6611602828985366,-1.6528379251624583,-1.6384720641347066
20.735,-1.6761332637881774,-1.670959375976236,-1.6593179604440025
20.740000000000002,-1.6904771931537055,-1.6820845960968727,-1.6665768906374259
20.745,-1.681816638407149,-1.6690924198065766,-1.6531821674585796
20.75,-1.6670825117544312,-1.656612248114215,-1.6456374826981672
20.755,-1.6437410270974595,-1.6337677468674767,-1.6227119226131896
20.76,-1.6358009681406207,-1.6272214163968246,-1.6162827669040625
20.765,-1.6069473885466838,-1.5991936111624152,-1.5826350978088701
20.77,-1.6174044056657997,-1.6080879425380004,-1.5959172768617866
20.775000000000002,-1.6286940524904505,-1.6134850928714826,-1.6098877245914716
20.78,-1.6350608518018903,-1.6227883153095064,-1.6117519437792684
20.785,-1.64331263717193,-1.6343618945916218,-1.6272723523588142
20.79,-1.619978122383538,-1.611064375005738,-1.602825511888769
20.795,-1.579356469816783,-1.5694224434690296,-1.5600675679504301
20.8,-1.6104026842308312,-1.5985515065055647,-1.5807844145111762
20.805,-1.5868032877480596,-1.572533722172632,-1.5581538348475945
20.81,-1.54277178802546,-1.5331349734315718,-1.5270276262304363
20.815,-1.6053235945203466,-1.591408870529911,-1.5835386530549944
20.82,-1.610982205824187,-1.6033145466274987,-1.5841821788868917
20.825,-1.63181777501072,-1.6239696190274988,-1.605225356486927
20.830000000000002,-1.6185399786599135,-1.6078996845633815,-1.592844597113502
20.835,-1.609992289275013,-1.5956800682481016,-1.5849780273055105
20.84,-1.6141461097984462,-1.6037661400903787,-1.591827188431371
20.845,-1.6724452922188624,-1.6637111855028779,-1.6519163368270582
20.85,-1.703614703688455,-1.6958294894769534,-1.6874223701122086
20.855,-1.6869493860580482,-1.6826919844000336,-1.664695703425269
20.86,-1.6956338556090218,-1.6843836143939148,-1.6770871698903953
20.865000000000002,-1.6402941356894267,-1.6302970383833977,-1.6159715257924996
20.87,-1.6479204092913597,-1.637271852462115,-1.624639043124481
20.875,-1.665572739684803,-1.6571134007167798,-1.6411465658549167
20.88,-1.5997219728179917,-1.5914986865124872,-1.5823170913907865
20.885,-1.6341273531020808,-1.6259862386270298,-1.6177036230281074
20.89,-1.627978156279891,-1.6169578376925162,-1.6049682948753576
20.895,-1.6327079599413024,-1.6262721896832264,-1.6104764744674325
20.900000000000002,-1.672184878772276,-1.6665436569558563,-1.6549456693841667
20.905,-1.6956060379805422,-1.6845273789505644,-1.6784813723550138
20.91,-1.6980554887378945,-1.6833115775012226,-1.6751648409475186
20.915,-1.6566221155610301,-1.651262394400218,-1.642180988815607
20.92,-1.6732639198643429,-1.6651282091768365,-1.6514526426910106
20.925,-1.66806130607372,-1.6612481816638036,-1.6491065447399502
20.93,-1.6390737461058293,-1.6315808654657653,-1.6183014475608368
20.935,-1.6279534835207397,-1.6160240560069137,-1.607577774320963
20.94,-1.6215028019178752,-1.6065712384594517,-1.6000753912484373
20.945,-1.6651136416069918,-1.6621044730178134,-1.64913937237348
20.95,-1.6674192319259928,-1.6611487038670363,-1.653110428699489
20.955000000000002,-1.6215570018385204,-1.614052160118322,-1.598811984450407
20.96,-1.6947968948454704,-1.688039051356829,-1.6759732594683856
20.965,-1.7371084412475606,-1.7275181948651719,-1.714749559137868
20.97,-1.7450565245136342,-1.7401772063145677,-1.7276357977498853
20.975,-1.721239736842309,-1.7122941368012756,-1.6958670381896035
20.98,-1.6980792273099268,-1.6880766660728188,-1.676432361838899
20.985,-1.6608294841545306,-1.6442478039010886,-1.6338076222388043
20.990000000000002,-1.648334468382707,-1.6351223949297078,-1.6210820693021548
20.995,-1.6924584492279937,-1.6809778855169084,-1.6743770475954833
21.0,-1.6519161433984637,-1.6424464400832335,-1.6350533747553004
21.005,-1.6569863059871883,-1.6465181834943825,-1.628827006275962
21.01,-1.6762645406678816,-1.6682209623610085,-1.6538088879778028
21.015,-1.6738379149029257,-1.6740508390931825,-1.6613500528793166
21.02,-1.6456804868402817,-1.6408075434956595,-1.6319891239539697
21.025000000000002,-1.6358267726094065,-1.6277330909998706,-1.6178249150697097
21.03,-1.5979553413225156,-1.5923529909036822,-1.5791929634175215
21.035,-1.609373863888614,-1.6070680014395682,-1.593684912283901
21.04,-1.631272506191159,-1.6304422444097653,-1.6142810842313884
21.045,-1.6403698529425643,-1.6308322490054332,-1.619935842589905
21.05,-1.6318976471531763,-1.6261824675405416,-1.6128902598874801
21.055,-1.6310986772066403,-1.624735027722039,-1.6146864966667656
21.06,-1.6001055123850692,-1.5957379517865085,-1.5860361272617405
21.065,-1.6373975143531012,-1.6319254170771835,-1.6230948550092061
21.07,-1.6121560920170481,-1.6052890166589544,-1.595086813757451
21.075,-1.5626684814042462,-1.5589558219535304,-1.5463899892220834
21.080000000000002,-1.6008299659695948,-1.5979293883969523,-1.5903154959465893
21.085,-1.5856940733057754,-1.5820840668790002,-1.5697411663275191
21.09,-1.5638616910535976,-1.565497955791828,-1.5531699402453953
21.095,-1.563071757721896,-1.5586568473689673,-1.548327443215334
21.1,-1.5763166579570371,-1.5755933513056448,-1.5601757716299882
21.105,-1.5118123218338735,-1.5075665091235517,-1.4922674133565799
21.11,-1.4453140285478707,-1.452512686049845,-1.4343463959154614
21.115000000000002,-1.4479508076501804,-1.4387356695336537,-1.4305053476506102
21.12,-1.4978493044031977,-1.4911001883593882,-1.4771925501429473
21.125,-1.5319907390665244,-1.5303521375184759,-1.514345164624917
21.13,-1.506164710523404,-1.505533019804614,-1.4855894848070454
21.135,-1.5805235398152244,-1.5836596164811818,-1.5706268270867763
21.14,-1.630208359206878,-1.6285912322817468,-1.6116308185951906
21.145,-1.6418603746895726,-1.641187653043185,-1.630356277507053
21.150000000000002,-1.65734285632478,-1.6569797271851612,-1.6493698343300969
21.155,-1.7027013723397204,-1.6982600155789986,-1.6934263908046208
21.16,-1.7209845057744595,-1.7134479635249553,-1.7029241836937732
21.165,-1.7161195544930439,-1.7128976817082733,-1.7057994438637192
21.17,-1.7244021115958554,-1.7232217525919367,-1.710925471128842
21.175,-1.7598363501697494,-1.7596548940847974,-1.7441190400799254
21.18,-1.7594239299121566,-1.7520310381816873,-1.7445888188334873
21.185,-1.7643279720827343,-1.762500871782593,-1.7538105999549667
21.19,-1.8116804138887805,-1.8122041670438331,-1.7992411092602383
21.195,-1.8422995585808337,-1.840020288361613,-1.828750211579007
21.2,-1.8414313938023716,-1.8422485227857004,-1.8263494650100374
21.205000000000002,-1.9390455571174394,-1.9341283176754083,-1.9217771780103754
21.21,-1.9416624843544958,-1.9369467575268247,-1.92229486863113
21.215,-1.898660261661432,-1.8919141455192792,-1.88271553442474
21.22,-1.8608510480040839,-1.8558155197099275,-1.846274598576461
21.225,-1.9183962405073913,-1.9160111554477859,-1.901996562300424
21.23,-1.9217113564017652,-1.920033236027364,-1.9045620260273595
21.235,-1.8649528485388451,-1.8610487964017506,-1.851385535871021
21.240000000000002,-1.9524432245567473,-1.949197477413888,-1.935784155943625
21.245,-1.8942534160937434,-1.8944249396380826,-1.882218855414955
21.25,-1.9578893829864954,-1.952623439385908,-1.9422235809472037
21.255,-2.045772562821762,-2.0435428638933613,-2.0304609191966776
21.26,-2.084476251939219,-2.0833325859584475,-2.0725690104645653
21.265,-2.1212705268321073,-2.112950936072566,-2.1067677228960053
21.27,-2.1212625033783308,-2.1130264676636092,-2.1035424332011257
21.275000000000002,-2.071656460262886,-2.074614132865301,-2.0588555147945007
21.28,-2.0548138106805665,-2.047882366055042,-2.035791724956137
21.285,-2.032907112639705,-2.0293957467816286,-2.0209817497547964
21.29,-2.040866153463427,-2.0396182599668817,-2.0316274979547875
21.295,-2.047106916911361,-2.0447554540698367,-2.0284475032847196
21.3,-2.075451234061347,-2.0740588120326904,-2.0607217403936144
21.305,-2.11165859214903,-2.111108103413611,-2.096267860183737
21.31,-2.118291638927042,-2.1139410979402524,-2.1052911431460157
21.315,-2.1427795996983034,-2.1400169388399854,-2.1318496012164694
21.32,-2.180940834510782,-2.175072719268878,-2.1663137494107363
21.325,-2.1814219290455235,-2.182532702067108,-2.1641056151789373
21.330000000000002,-2.170950450873704,-2.1718262940516935,-2.1614364628232265
21.335,-2.213481414960171,-2.2153649165819838,-2.200617379142427
21.34,-2.2573143393726918,-2.264824914762891,-2.248145346806763
21.345,-2.248669320721079,-2.2448388948757527,-2.2338928063791736
21.35,-2.2496504699965585,-2.250402221345697,-2.236514935603043
21.355,-2.2478689494106394,-2.2461415469050974,-2.2385923044873173
21.36,-2.2773371773355944,-2.2810421358047157,-2.2631464974096547
21.365000000000002,-2.307123135973841,-2.3164988597410314,-2.301161587492503
21.37,-2.4027045621695793,-2.401638279067313,-2.3908343496955733
21.375,-2.412304330288058,-2.4135834609354707,-2.40182345447396
21.38,-2.4076195797366458,-2.4052888529097896,-2.396187641244857
21.385,-2.3878671213335476,-2.383886472891829,-2.374703373743207
21.39,-2.395254096665781,-2.3946669558479363,-2.3806385744881715
21.395,-2.378666607769023,-2.3820455362775466,-2.3661081442042513
21.400000000000002,-2.3450781790951982,-2.35011048639607,-2.3339733170360604
21.405,-2.333925539365273,-2.3228633934176344,-2.3151877178091573
21.41,-2.375219899721759,-2.3771222499194873,-2.3708245355940574
21.415,-2.3933003174467005,-2.3932614831179055,-2.3772269048263257
21.42,-2.348204313390807,-2.349210349316874,-2.334125168438761
21.425,-2.3225764861606977,-2.3248404994069634,-2.3160646020336078
21.43,-2.345591148375833,-2.3435452431181574,-2.3328855121310217
21.435,-2.370788774895799,-2.369151336207613,-2.361244868168884
21.44,-2.367754682847988,-2.365387743977353,-2.356901810497049
21.445,-2.332956725405893,-2.3323305154866656,-2.322463375702993
21.45,-2.378905060541419,-2.37787923618548,-2.3677775878141025
21.455000000000002,-2.3987411794155697,-2.399452360428646,-2.3845656355699947
21.46,-2.3050290148982424,-2.3060086934494297,-2.2950117702414907
21.465,-2.234867312467106,-2.2402647828243953,-2.2308352552272197
21.47,-2.2493929898445866,-2.249904058822919,-2.2395008199918327
21.475,-2.1857119205726847,-2.1833681518882164,-2.1761595282068322
21.48,-2.2305671618086658,-2.224811779709257,-2.2209037848625113
21.485,-2.236902748285589,-2.2341626332482107,-2.2239963281149775
21.490000000000002,-2.21932456074734,-2.222280570571261,-2.211712954269692
21.495,-2.246457692213336,-2.2498519952186555,-2.234349276010363
21.5,-2.2456764566590484,-2.2457367006135946,-2.236811108621362
21.505,-2.284396357119168,-2.2888692192969113,-2.2832296013245217
21.51,-2.23205506518746,-2.2321508470007734,-2.220902267675828
21.515,-2.188139371142988,-2.1853994990475423,-2.179234870044506
21.52,-2.2262627532867065,-2.22763405797836,-2.2185007216805546
21.525000000000002,-2.1955728932668572,-2.2001381756541964,-2.1889881034051375
21.53,-2.1807973395913414,-2.179719864298038,-2.1694580339596095
21.535,-2.2052954972196144,-2.207685399229203,-2.2035451432543427
21.54,-2.2650641443209083,-2.2652525911972767,-2.2532275264072186
21.545,-2.2969271015499544,-2.2915295518347967,-2.2812992518897657
21.55,-2.336242458372474,-2.3391026747576333,-2.3263613411373694
21.555,-2.288548194736926,-2.290363624070687,-2.2807201304909555
21.56,-2.2516004509126493,-2.2494142806554334,-2.245684656256172
21.565,-2.230720461465261,-2.2338116927307525,-2.2216122007103856
21.57,-2.211726227243979,-2.207113544643062,-2.2031689161034604
21.575,-2.236178553522987,-2.2341096569247902,-2.2297121080402937
21.580000000000002,-2.2501030164748954,-2.2517449390312776,-2.2425672998601827
21.585,-2.2527579727510942,-2.2457421460025926,-2.2426428799528506
21.59,-2.171527693603882,-2.167692136609387,-2.166485666686395
21.595,-2.159764223593464,-2.1705913642831183,-2.1583594056471895
21.6,-2.1521902307596776,-2.155810145237033,-2.1403329116387084
21.605,-2.1409874671964375,-2.1455728301293284,-2.1375679876443305
21.61,-2.2234062503836878,-2.222779327096897,-2.206781691917393
21.615000000000002,-2.1533607637322554,-2.1587540937562433,-2.1422414670966377
21.62,-2.1913330093259074,-2.1942298255164236,-2.1846370192284104
21.625,-2.177377918646478,-2.1779001381585292,-2.168108477842846
21.63,-2.1248757753013954,-2.1272562063864524,-2.120399761656592
21.635,-2.1503173906146196,-2.1487664191864395,-2.1450370782103536
21.64,-2.1942138827614777,-2.196956704876104,-2.1848677885351333
21.645,-2.20758895506943,-2.202765262195661,-2.1931793001961926
21.650000000000002,-2.2003443936785683,-2.2105922466671744,-2.197908832281682
21.655,-2.167301112148409,-2.163463743238783,-2.1567597814713633
21.66,-2.187621005937998,-2.195152884873472,-2.181439983549634
21.665,-2.1695787590912103,-2.1731339316096534,-2.161326093719028
21.67,-2.21669275262115,-2.2199032325146257,-2.210246491185497
21.675,-2.2406974060870404,-2.2405442213133826,-2.228188231466287
21.68,-2.209495457392053,-2.2148619051965728,-2.1975432617705013
21.685,-2.139835349297722,-2.141867466594538,-2.12545390739784
21.69,-2.165652554065472,-2.16917133285921,-2.153931520181613
21.695,-2.230727494595158,-2.232579029265114,-2.2185974750383033
21.7,-2.23340362185877,-2.225957228295529,-2.217607747432596
21.705000000000002,-2.1936528068969494,-2.1975922750770396,-2.186271903446665
21.71,-2.1695067748976724,-2.17077666886843,-2.1572429636461288
21.715,-2.2126174895391504,-2.210458165459506,-2.199838741794953
21.72,-2.150651195299804,-2.1496610751134395,-2.136958929844068
21.725,-2.2078948875619857,-2.2055302737322835,-2.199809869276879
21.73,-2.2028155063392907,-2.1991504915667517,-2.188095634616931
21.735,-2.1722709550996844,-2.173073981272584,-2.1599662901864596
21.740000000000002,-2.211909467518868,-2.2127775635598064,-2.2009623103478253
21.745,-2.2552287312855706,-2.2564733531858034,-2.246640068399508
21.75,-2.3274346949195026,-2.3237163796583866,-2.3191468375606887
21.755,-2.298683057506512,-2.297314099822788,-2.2880006010169636
21.76,-2.2733993114515223,-2.2720485705451283,-2.2619097874174448
21.765,-2.320842844111065,-2.3191065175195265,-2.3063327559576945
21.77,-2.333497977634819,-2.3312068710567253,-2.3197631737810096
21.775000000000002,-2.334165565572742,-2.3357234853191193,-2.321936856294955
21.78,-2.337160753305178,-2.343836159007692,-2.3296610925817975
21.785,-2.3418276475649984,-2.339819880448623,-2.3302782022803403
21.79,-2.329145979440096,-2.3297628688276664,-2.3175970930789496
21.795,-2.3036820649305096,-2.313304803384802,-2.299954842625437
21.8,-2.3171756529971943,-2.3177392489665736,-2.312069156888851
21.805,-2.332995151530087,-2.3418137089042914,-2.3250512033101396
21.81,-2.284352061363949,-2.2862084686633,-2.271902072437628
21.815,-2.3082463522875294,-2.311982493322605,-2.2943265713684866
21.82,-2.284257400516458,-2.2763817571342204,-2.273134814147406
21.825,-2.256526348609809,-2.2601920200799457,-2.249621778947434
21.830000000000002,-2.254227371202092,-2.255300674374257,-2.244279195807711
21.835,-2.199455730573383,-2.1985108433046157,-2.1885248381059283
21.84,-2.1802420879500684,-2.1782161052530062,-2.1699985770234957
21.845,-2.136477842935413,-2.137291633334597,-2.130250940659208
21.85,-2.1385499153287473,-2.1340429511810592,-2.127178463260279
21.855,-2.1337142159992353,-2.134574980746731,-2.1219038107429613
21.86,-2.124237979201218,-2.1213886279674257,-2.1116526557470823
21.865000000000002,-2.1479486286129017,-2.1562590554984298,-2.1439333213044143
21.87,-2.096679585928,-2.1020614348955022,-2.0851119543519507
21.875,-2.0967578315155335,-2.09738273106459,-2.0791098787865168
21.88,-2.062171505964104,-2.056591163892086,-2.0476974171916353
21.885,-2.1066468849516884,-2.1113065104493067,-2.0947023070985655
21.89,-2.076583680718731,-2.0738762907603046,-2.0647588576011815
21.895,-2.037587387444145,-2.0350443676489305,-2.0258588813142486
21.900000000000002,-1.961297604225329,-1.9671471113890617,-1.959979778695718
21.905,-1.9557668865055435,-1.9568064804963134,-1.9455405304371638
21.91,-1.9229170745592152,-1.9274427690010931,-1.9149872026238757
21.915,-1.9157088686831814,-1.910239169243822,-1.9021871735167866
21.92,-1.9466911306844292,-1.9500917831305764,-1.9371631040405384
21.925,-1.9722926756591315,-1.9696622573313727,-1.9660159572047313
21.93,-2.0070871103939623,-2.0087605251578715,-1.9957653391260606
21.935,-2.086002887341211,-2.092318487725324,-2.0737842790854173
21.94,-2.0413553107497884,-2.0332988885556076,-2.0279593165917063
21.945,-2.0325613459872227,-2.039449017260413,-2.026194694396225
21.95,-2.0255751734271485,-2.026196461035401,-2.0140278449511935
21.955000000000002,-2.023284606911105,-2.035346221294654,-2.0209090497306277
21.96,-2.0366265630424722,-2.035335981181455,-2.0299137354114314
21.965,-2.012648484366106,-2.0094314142494527,-2.0011807087846685
21.97,-2.009148811617203,-2.0064021893604913,-1.9997718520382814
21.975,-2.045898098579705,-2.046767096295751,-2.032430608289609
21.98,-2.0348683192640347,-2.0359443290481463,-2.0223679529288696
21.985,-2.060722435205806,-2.057354630501717,-2.0457255305421156
21.990000000000002,-2.001565493168362,-2.00209146232448,-1.9883721733966468
21.995,-2.0207405938038687,-2.01848505861779,-2.004130713023119
22.0,-2.019505348382669,-2.0162198354500163,-2.0093875091977393
22.005,-1.9998957866282396,-2.0027842857674183,-1.9874590948687925
22.01,-1.981395734694035,-1.9797220079164684,-1.9639799817871095
22.015,-1.9758057907072444,-1.9825160930157288,-1.9720898444778892
22.02,-1.930343287423928,-1.9290163119938946,-1.914455968342783
22.025000000000002,-1.912643075199914,-1.9156919899813312,-1.9094204630240847
22.03,-1.860998089521587,-1.8617690474002397,-1.8491276205312317
22.035,-1.8780531132225595,-1.8778457760575649,-1.866326805873631
22.04,-1.8760223214834715,-1.8747975563043797,-1.8660020889106264
22.045,-1.912199631254861,-1.907975779442402,-1.8959384670874904
22.05,-1.9013495778007579,-1.904171238849897,-1.8926929285545029
22.055,-1.8895065547801198,-1.8894328609441584,-1.877197789327288
22.06,-1.8964646745089166,-1.9026564762617981,-1.8884404296366546
22.065,-1.9313416599247821,-1.9258050171033083,-1.9202460594670152
22.07,-1.9466969244768595,-1.9424086112216967,-1.9354859157111697
22.075,-1.97879611792965,-1.9802528698429227,-1.966778643803672
22.080000000000002,-1.9990186297252526,-1.9980653930413157,-1.991349065338999
22.085,-1.9846551296639505,-1.98311014559123,-1.975698022812059
22.09,-1.9388821689379592,-1.941607328606105,-1.9287368391776751
22.095,-1.9317139125806664,-1.934134608536947,-1.9255239553516537
22.1,-1.8798933390656172,-1.8830773914813081,-1.872934465800437
22.105,-1.8436859839357407,-1.841847028930869,-1.8370718270126776
22.11,-1.7725453253393084,-1.769769570281619,-1.7572164340988816
22.115000000000002,-1.8020205632151356,-1.7932186159606225,-1.7907386126190268
22.12,-1.7852859001661117,-1.7784452439006952,-1.770195008116224
22.125,-1.7471122466701556,-1.7507403213262152,-1.734386882079725
22.13,-1.7558846646668822,-1.7510925989029278,-1.7403790228328322
22.135,-1.8194246685250506,-1.813254002398981,-1.8040322150669685
22.14,-1.8590096620643162,-1.858400081476637,-1.839725618942014
22.145,-1.8821400375852875,-1.8769408144179833,-1.8659113975965322
22.150000000000002,-1.8614688318138464,-1.8596938532925051,-1.8506465810835346
22.155,-1.9193348957763272,-1.9180425730213175,-1.9003786012223804
22.16,-1.916769282882026,-1.916831944068393,-1.9104853382461546
22.165,-1.8975963446177562,-1.9003051244013698,-1.8888986881386378
22.17,-1.8942247021796004,-1.8973082865802255,-1.8895848941820823
22.175,-1.902073317659685,-1.904707756899673,-1.8975691083239896
22.18,-1.8929852740642048,-1.8948885377399711,-1.8797656699167908
22.185,-1.8971804763802496,-1.8984217640220693,-1.888548965656843
22.19,-1.8878975983154966,-1.8856438922130523,-1.8727472743290965
22.195,-1.8836195170873151,-1.8807734975446813,-1.8698867115032454
22.2,-1.9482546092795074,-1.9481361617331996,-1.943770880524796
22.205000000000002,-1.9549872488788065,-1.9459463864007178,-1.9370714789863364
22.21,-1.8527450152496119,-1.8533296978673475,-1.8446003719953319
22.215,-1.8146882718421808,-1.814245505910663,-1.799839106396292
22.22,-1.8228195447314097,-1.8189608375578308,-1.81602944110302
22.225,-1.7930771157896086,-1.790254714853239,-1.7789499775423396
22.23,-1.8058152682115252,-1.8078292963122846,-1.7980137667885274
22.235,-1.8107117378548556,-1.8089349432962674,-1.7995923610314652
22.240000000000002,-1.8680939372474359,-1.8712363329450465,-1.861591676648209
22.245,-1.9035138776900593,-1.9032234619277109,-1.8919563804410309
22.25,-1.9007375222419987,-1.8912095959231279,-1.8882184810968352
22.255,-1.8532502744917907,-1.8540300653714272,-1.8428018701767055
22.26,-1.970519310994628,-1.9693365433697385,-1.9525395651758357
22.265,-1.9501665581355292,-1.946816637574243,-1.9366145767410257
22.27,-1.9299377598802891,-1.9314492660294784,-1.915645516538528
22.275000000000002,-1.9346814667530403,-1.93825562114175,-1.9294460731120209
22.28,-1.941007443075917,-1.9363453023906667,-1.9282300266425803
22.285,-1.9364102473956055,-1.9388800581787502,-1.9245688398130367
22.29,-1.9560333030462118,-1.9498999399678287,-1.9449726381772974
22.295,-1.9364860574153073,-1.9358241222420063,-1.9285806080358772
22.3,-1.905689556277244,-1.8992043512577998,-1.8967199602333238
22.305,-1.9070393722905021,-1.9059902393935613,-1.897260713174238
22.31,-1.9156024779236136,-1.9117109413416813,-1.9055512147247213
22.315,-1.9609208152680022,-1.95272268004436,-1.9466595904099664
22.32,-1.9881914563116512,-1.9893794355955399,-1.9844850415377047
22.325,-1.9423553769265576,-1.941968561482738,-1.934825291736258
22.330000000000002,-1.9015524038752027,-1.9004281574321544,-1.8900225417625334
22.335,-1.9071598523857467,-1.90078698005879,-1.8954970111964518
22.34,-1.8748438995097254,-1.8788448596837035,-1.8707462377764081
22.345,-1.8834200086183908,-1.8783120200874504,-1.871391978871022
22.35,-1.8718851529944112,-1.870494306121909,-1.8602528573039967
22.355,-1.8447973141287948,-1.8397706729683772,-1.8307155915426265
22.36,-1.8125157120434372,-1.8137998209862198,-1.8090776722544595
22.365000000000002,-1.8238162783188752,-1.8255843166807326,-1.8192497332681954
22.37,-1.832218052246992,-1.824303875296191,-1.8198718925398705
22.375,-1.8541639141084134,-1.8544201173315433,-1.84289832675822
22.38,-1.8519002739456838,-1.8484370684602889,-1.842708975058839
22.385,-1.8897662453445396,-1.8907801044710846,-1.8731494682372503
22.39,-1.9046380459166254,-1.9042137628901865,-1.8946964895305323
22.395,-1.85288839355174,-1.8506880162913546,-1.8457644955927184
22.400000000000002,-1.8874925984795496,-1.8865686186209674,-1.8832658907551214
22.405,-1.8823580507824895,-1.878529817243464,-1.8713779597123064
22.41,-1.902384579767482,-1.9042108177223478,-1.8965423290376031
22.415,-1.855969082062836,-1.854271133039883,-1.8489161487698196
22.42,-1.9233113300503837,-1.925564903362134,-1.91602454697838
22.425,-1.9473279088155149,-1.9437610514649177,-1.939559814872666
22.43,-1.9800919872075302,-1.9848012751832007,-1.9765843160297796
22.435,-1.960330938153556,-1.9563711700656141,-1.950063897383677
22.44,-1.9246013833065239,-1.9204738804496182,-1.918499081249358
22.445,-1.9354815686087068,-1.9279374472452773,-1.9265683467026675
22.45,-1.9591625832653308,-1.964238214161648,-1.9496879097540813
22.455000000000002,-2.043373818891415,-2.0347825393568377,-2.0297879590520505
22.46,-2.0346224111896296,-2.0257483441159536,-2.023296917198278
22.465,-2.021634984522454,-2.0143381187398255,-2.013761629119044
22.47,-2.008021833012611,-2.00124310110643,-1.9976806509903153
22.475,-1.916874276795502,-1.9105051919410831,-1.8994580022361112
22.48,-1.8783303290318072,-1.8745469677531788,-1.8636695948595008
22.485,-1.8783355241741233,-1.8703547177815028,-1.8646700554365674
22.490000000000002,-1.8626904705363094,-1.8580452398244285,-1.8541186492514246
22.495,-1.8978110095197642,-1.8929417748645834,-1.8905401460600113
22.5,-1.9480186748078476,-1.9423654894704774,-1.935218656067473
22.505,-1.9032523829475998,-1.9037547237224777,-1.8958140551139562
22.51,-1.9220442802241955,-1.915289195385508,-1.9095605255274828
22.515,-1.8963852389706377,-1.8970175443951893,-1.8873871590574354
22.52,-1.853214031112988,-1.846542909314438,-1.841351017397752
22.525000000000002,-1.8029478368008147,-1.799900003917451,-1.8025088379819956
22.53,-1.799842782690069,-1.7956900464026084,-1.7943445060826242
22.535,-1.8041838001507,-1.790894296137958,-1.7916664901239046
22.54,-1.7740877261028098,-1.7677751242639175,-1.7683564292036043
22.545,-1.7343101650093502,-1.729374987108035,-1.728668783024045
22.55,-1.7966626245436021,-1.7932001343497184,-1.7901633032063633
22.555,-1.8165510407708567,-1.813828560706717,-1.8116086924225467
22.56,-1.805317225593992,-1.8052632060464855,-1.7983201964960067
22.565,-1.8144614411652626,-1.8085203818270617,-1.8065515683067268
22.57,-1.8063953899394012,-1.8032334850213618,-1.793573984345154
22.575,-1.8305607018542926,-1.8320552199352094,-1.8257652922361
22.580000000000002,-1.9261604847104306,-1.9270559727755618,-1.9174602385958932
22.585,-1.908786583797011,-1.9022946831320506,-1.896486531906121
22.59,-1.8883996111272336,-1.8820688302131239,-1.8789832535659785
22.595,-1.8414855856294154,-1.829940508290579,-1.8294658500144154
22.6,-1.8484618873357603,-1.8442082201786172,-1.8361540799380964
22.605,-1.8246062491397264,-1.8241037512056844,-1.8133826811897493
22.61,-1.748801081153754,-1.7492894743218363,-1.7400538842294504
22.615000000000002,-1.7869674168738103,-1.7825947364374437,-1.781583528968542
22.62,-1.7857468406207904,-1.7886572866559167,-1.7847544826180506
22.625,-1.8314558227304865,-1.8269377510778673,-1.8205436446467118
22.63,-1.866810532027779,-1.8635717915716024,-1.8615411501285801
22.635,-1.8681986706556286,-1.870979207728637,-1.859598974569357
22.64,-1.860779050265512,-1.8548936465053165,-1.8484150231808854
22.645,-1.8457013629787191,-1.844133425108339,-1.8399775922472428
22.650000000000002,-1.8207784754549243,-1.8203610187495771,-1.8154796894242966
22.655,-1.825382452871731,-1.8233442527111894,-1.8158729229671904
22.66,-1.8372536413905787,-1.838777148711567,-1.8329771262109873
22.665,-1.8531848433561653,-1.8429233957306945,-1.8414084135980604
22.67,-1.810070094050007,-1.8070595725340906,-1.8023982319771092
22.675,-1.7393699233598239,-1.7375825896501975,-1.7312016931305907
22.68,-1.7434051022960275,-1.739792526151857,-1.7323999161899313
22.685,-1.7623486718648853,-1.766659066637565,-1.7508158935843205
22.69,-1.755572348369357,-1.7468610083626068,-1.7423504913241574
22.695,-1.7144379317796918,-1.713278156699812,-1.7105297906041654
22.7,-1.7524810867616847,-1.7540132530050379,-1.7444143657629525
22.705000000000002,-1.747420449965831,-1.7391211669002438,-1.7380995238774226
22.71,-1.7854781455141078,-1.7761106475433381,-1.7701110812200507
22.715,-1.7560296118218757,-1.7505521333111669,-1.7445717199850448
22.72,-1.775900539232091,-1.7712062672911741,-1.767225359375132
22.725,-1.7690517393272374,-1.7650917286426548,-1.7552672090352612
22.73,-1.7581824446147871,-1.7473401234732076,-1.7423409081637473
22.735,-1.6654716424257838,-1.6667305614082681,-1.6598603535300884
22.740000000000002,-1.7025274051446682,-1.6982678671921565,-1.6939668600080675
22.745,-1.7388769697478166,-1.7320083288709054,-1.7289690192539273
22.75,-1.7277028706582307,-1.7290321891519203,-1.718296177557375
22.755,-1.715659062587961,-1.71649420899369,-1.7008537628164064
22.76,-1.7259442126340223,-1.7195155663632187,-1.715271539952579
22.765,-1.7847542912153023,-1.7821924830379403,-1.77409230493096
22.77,-1.8076393228238865,-1.8080182140389707,-1.7994167995749841
22.775000000000002,-1.809597383597889,-1.812011742865317,-1.8036516714072455
22.78,-1.8162166278229037,-1.8124192975108953,-1.8072414448719674
22.785,-1.809830354790589,-1.8103168318711047,-1.803057698069793
22.79,-1.7956224631607294,-1.7954971422298953,-1.7861149003001908
22.795,-1.8125368878073176,-1.8094637179824744,-1.8002649102432158
22.8,-1.830426884290013,-1.826682802589649,-1.8210895106873732
22.805,-1.865836712032031,-1.8617933837635974,-1.855960019498014
22.81,-1.9293410201281864,-1.9269926595902422,-1.9199134629207706
22.815,-1.8861632973211624,-1.8824457002248371,-1.873345231092011
22.82,-1.9521547000625765,-1.952304752010877,-1.942760254597512
22.825,-1.9902159179827932,-1.9867855835536226,-1.9826627823057605
22.830000000000002,-1.924441505999557,-1.911513901840402,-1.9101288979049533
22.835,-1.9185884004582443,-1.9150529706441235,-1.9091669165174938
22.84,-1.8678887525904362,-1.8727675109289648,-1.8566087594591663
22.845,-1.8351207879276314,-1.8344396254399138,-1.824675119558646
22.85,-1.8456657184050158,-1.8437028530878221,-1.8308755462162614
22.855,-1.8855124715426765,-1.8853142372351772,-1.8730823321526249
22.86,-1.9473230125853327,-1.9480057251645864,-1.9387154960422501
22.865000000000002,-1.8875408511001257,-1.8897363367868436,-1.8772736520579152
22.87,-1.9292633954874492,-1.928336656585473,-1.9221334541015336
22.875,-1.9451086459687037,-1.9446357051454377,-1.9379963545095393
22.88,-1.9612599590322841,-1.9590932004138648,-1.9483940760261487
22.885,-1.94035742499281,-1.9329809614233877,-1.9236014274978606
22.89,-1.9608543628259976,-1.9607314417874904,-1.9496108506318122
22.895,-1.890901135934686,-1.8899633949100707,-1.8836880918098873
22.900000000000002,-1.914077234132617,-1.91088825646122,-1.9027108108906206
22.905,-1.8953560351105043,-1.8931562130277746,-1.8881956198165446
22.91,-1.9594998363667142,-1.9574917060910169,-1.9504586483753408
22.915,-1.922533185379747,-1.9228294927110556,-1.9188338031811039
22.92,-1.9339755918789245,-1.9315075424850456,-1.9255821511313085
22.925,-1.948142435893813,-1.9472593958258215,-1.941122453494196
22.93,-1.9349390013740206,-1.935979126894746,-1.9256468964761624
22.935,-1.905311863138807,-1.902850017935452,-1.8985788865768665
22.94,-1.8673224595791196,-1.859041321005955,-1.8542718055489116
22.945,-1.926056847166653,-1.9259798071556793,-1.9159749977539284
22.95,-1.8864326155465718,-1.8885293687228017,-1.8774131805600445
22.955000000000002,-1.823503871070183,-1.821108916345319,-1.8185183843914585
22.96,-1.79149119822536,-1.788289615705311,-1.7846654638232486
22.965,-1.7834367015152695,-1.7797447647556242,-1.7715762444435221
22.97,-1.794983960141727,-1.7934448316400908,-1.7902829899867423
22.975,-1.8131438456225741,-1.8109607132530698,-1.8083925645740633
22.98,-1.799089500614501,-1.79081074974589,-1.7859087314094135
22.985,-1.8130085694185445,-1.8097223244009888,-1.8080290058452162
22.990000000000002,-1.845733380318541,-1.8449939520138368,-1.8362217705121682
22.995,-1.763912911267848,-1.766279869478695,-1.762433903484016
23.0,-1.822370444712173,-1.8247148133013913,-1.8176145788334332
23.005,-1.8603814984905134,-1.8558770497963033,-1.8542089175907535
23.01,-1.9176928238943245,-1.913426812426254,-1.9121915339310482
23.015,-1.9333119498947147,-1.9288271739914211,-1.9223892098989315
23.02,-1.9535765358582462,-1.9459203527279467,-1.9413279212606775
23.025000000000002,-2.017748547464749,-2.0180468779515923,-2.012411088982254
23.03,-1.946463246508492,-1.9424143141628423,-1.930145248522376
23.035,-1.9411266411629027,-1.9402250064828246,-1.9378281294968105
23.04,-1.9445122321953952,-1.9393574194206622,-1.9245350588991657
23.045,-1.979063678199158,-1.9720081716661284,-1.968949022812372
23.05,-1.9727113981233928,-1.9709030921281714,-1.9651674868389228
23.055,-2.011817882881058,-2.009404603184004,-2.006265185671901
23.06,-2.0211692062215816,-2.0178228120229758,-2.0124856071102943
23.065,-2.063320531751454,-2.055064447201616,-2.055402786910398
23.07,-2.0898246238372247,-2.092086606864157,-2.0792157443140487
23.075,-2.006883090425757,-2.007313063192259,-2.0005965286138365
23.080000000000002,-2.052502073310776,-2.0428953460703863,-2.0408476032791807
23.085,-2.025510673415515,-2.0258579007449353,-2.0146711894466196
23.09,-2.053121391646475,-2.057998366005131,-2.0448073733556984
23.095,-1.9874413982608445,-1.9893754127569516,-1.9784165619564822
23.1,-1.9823401834385939,-1.9779408282527349,-1.9752559355429022
23.105,-1.9603298646296323,-1.9564982014879109,-1.9504086040804636
23.11,-1.9526898850485526,-1.950508246823496,-1.9423381444200227
23.115000000000002,-1.9142944810004112,-1.913252535054822,-1.9069867770912954
23.12,-1.8675645377886345,-1.8690249530285175,-1.860544844040788
23.125,-1.8647687588331372,-1.8570503162876886,-1.8569098502247372
23.13,-1.8167629483004977,-1.811671012643578,-1.8033589544609923
23.135,-1.7692270863523982,-1.768005974144211,-1.7622793235701857
23.14,-1.7856605050629966,-1.7796550177724222,-1.7746696723952717
23.145,-1.724347268483029,-1.7182610530621965,-1.7121054543453507
23.150000000000002,-1.723630617916763,-1.7198062579788505,-1.7090341795590513
23.155,-1.680733934842555,-1.6716629340028675,-1.666971381998723
23.16,-1.6002533909792784,-1.5907504641720602,-1.5908165891003336
23.165,-1.5875275479852313,-1.5770418783500844,-1.5712315385925562
23.17,-1.5940614228544592,-1.5893513601984595,-1.5874758600033785
23.175,-1.6115444976007354,-1.6054641959504046,-1.6016475278956974
23.18,-1.5609552800128241,-1.5481699629406311,-1.5492513738306188
23.185,-1.5672585375896866,-1.555819482595949,-1.5561232155183826
23.19,-1.5587523277874331,-1.5538809224228944,-1.5497723574486852
23.195,-1.5293031397256824,-1.5261041599620313,-1.5187945599909907
23.2,-1.518341707510884,-1.5125467495574163,-1.5156792182333583
23.205000000000002,-1.50608498272717,-1.5032055283404075,-1.4922817138679578
23.21,-1.5483445657811845,-1.5506304470483718,-1.5433209968755437
23.215,-1.6230612679721608,-1.618086503617333,-1.6158274287593386
23.22,-1.6194905894401905,-1.6140153863909223,-1.610891862938377
23.225,-1.636003699927271,-1.628086443151244,-1.6239341342990565
23.23,-1.5871414497231076,-1.57936106955959,-1.5745426108404526
23.235,-1.6497418949584215,-1.642189071747055,-1.6370113400188313
23.240000000000002,-1.6426889688231727,-1.636756284625823,-1.6322794399419773
23.245,-1.6610729316803352,-1.6549468199186035,-1.6501380633059555
23.25,-1.656715776396534,-1.6471472911147154,-1.6469080355707788
23.255,-1.6811216162176876,-1.6745904070871254,-1.6751909159415104
23.26,-1.6633026408713745,-1.6548212071124078,-1.6597964185513543
23.265,-1.7316130058895585,-1.7257912516729133,-1.7215647230470779
23.27,-1.7652394734809653,-1.762081140920133,-1.75485909399895
23.275000000000002,-1.7275548069417297,-1.7182211257403144,-1.7186549649352347
23.28,-1.7088441635132743,-1.7005876254460355,-1.696317225316711
23.285,-1.7100221921512084,-1.7053116295056243,-1.6967632039740346
23.29,-1.70919567181562,-1.7054356121630732,-1.699664624003845
23.295,-1.6489660618016988,-1.636621309852059,-1.6381645941129628
23.3,-1.6517236994751012,-1.6403640142741769,-1.6402129102350678
23.305,-1.7112422961471907,-1.7034156854134173,-1.7053498525686261
23.31,-1.6938628775282132,-1.6885570024437533,-1.6888904025879015
23.315,-1.711693090318035,-1.704285954889825,-1.7057483452558184
23.32,-1.7585775776074262,-1.7599384886880078,-1.756033964233135
23.325,-1.704940315804292,-1.702972975068811,-1.6980421274852073
23.330000000000002,-1.7157352335225593,-1.716855485653362,-1.7131964970214941
23.335,-1.7007567470312313,-1.7024717604889208,-1.6924643007008893
23.34,-1.63401784005551,-1.628012411106277,-1.633032191618635
23.345,-1.625143555850556,-1.6184184152291419,-1.6155450803215472
23.35,-1.6531758875502516,-1.6437134032000364,-1.6416265430900305
23.355,-1.6905590576663196,-1.6879774345773917,-1.6827138550539384
23.36,-1.6378120773661164,-1.6330988425160229,-1.6370876876599314
23.365000000000002,-1.645315462671216,-1.6420115893290836,-1.6413786561810573
23.37,-1.6787542735867134,-1.6783119269474147,-1.673646085129056
23.375,-1.727458411972492,-1.7277114168004146,-1.722935369112873
23.38,-1.6852284983197316,-1.6822308081170194,-1.6803443424839504
23.385,-1.7099446154341722,-1.7096803745335984,-1.702222001160527
23.39,-1.715691015621909,-1.7082504362226925,-1.708335518685914
23.395,-1.75449972363656,-1.7433448151115174,-1.7484277916813604
23.400000000000002,-1.7655369730701373,-1.7675821976839634,-1.759463134933124
23.405,-1.769834020034618,-1.7681517641430264,-1.7688993648049054
23.41,-1.7984939665628887,-1.7965254686668746,-1.7939130621244428
23.415,-1.7815855248394648,-1.7786067619402772,-1.775596697701359
23.42,-1.8160797737550984,-1.8175739166414933,-1.8107432421173608
23.425,-1.7912969799957688,-1.784920526881043,-1.7849491962847348
23.43,-1.7953261640510014,-1.7933936948050677,-1.7872906282001015
23.435,-1.8062257659255638,-1.8019461256074496,-1.7927645930434501
23.44,-1.7467532570751971,-1.7435747798298484,-1.7425810021198516
23.445,-1.7409764964442729,-1.734122942901668,-1.734800199462267
23.45,-1.711418513504573,-1.7139942787863542,-1.710210776574019
23.455000000000002,-1.7540583645137695,-1.7529369767838439,-1.7572230276333705
23.46,-1.7528421465407675,-1.7499990580786604,-1.7529630701264853
23.465,-1.7802507060511539,-1.777085749992541,-1.7804981971769178
23.47,-1.793057008431171,-1.7900537434171147,-1.7923002355919833
23.475,-1.7703871666942217,-1.7730603382966286,-1.768747078581478
23.48,-1.743154385548504,-1.7440691718714454,-1.739559008972496
23.485,-1.726095542595391,-1.720696641966473,-1.7195336309730416
23.490000000000002,-1.703826182466323,-1.702919580391386,-1.6976557305854947
23.495,-1.716950976358353,-1.7168412209888646,-1.7144354298863616
23.5,-1.7053751459152573,-1.708647537575515,-1.7047642674051546
23.505,-1.7327383726411876,-1.731033488817402,-1.7327240510925128
23.51,-1.7423827692528848,-1.740747383518107,-1.738090205829677
23.515,-1.6945589221485806,-1.6951170691866961,-1.6912600405505986
23.52,-1.7186884926144574,-1.7204920613901267,-1.7128937546669631
23.525000000000002,-1.7251201355571126,-1.7267401136482172,-1.72068063137077
23.53,-1.7123889679127158,-1.712867249016438,-1.712565448885097
23.535,-1.6783391254809363,-1.675528106578699,-1.678165327051035
23.54,-1.6765711927110394,-1.6765072995261614,-1.6766756988686715
23.545,-1.6556657867912976,-1.6538150613654543,-1.6546565821603927
23.55,-1.646567019591499,-1.6441491679318603,-1.6397733163620203
23.555,-1.6146960998328874,-1.607072778106631,-1.6119816619669691
23.56,-1.606177899418257,-1.6073794793729117,-1.6082461493522706
23.565,-1.6103879535453438,-1.604116516385431,-1.606622628599942
23.57,-1.6150128536963364,-1.6112021232533695,-1.612849109191163
23.575,-1.6312000553230803,-1.6353676045082866,-1.6338600543479038
23.580000000000002,-1.6580541174188712,-1.6633251790418797,-1.6648282765021356
23.585,-1.6331191695738043,-1.6297730027050095,-1.6332461021743503
23.59,-1.6310539733547122,-1.630627635682736,-1.631321497551711
23.595,-1.6633750409346715,-1.6584316066988545,-1.6613652190093706
23.6,-1.6857196935806866,-1.6760782392267846,-1.6784179568679072
23.605,-1.7330851995405825,-1.727395162728635,-1.7284552045790316
23.61,-1.7711553685867896,-1.7723728602652495,-1.7711366876053825
23.615000000000002,-1.8018308036950654,-1.7996884536174511,-1.796955552776805
23.62,-1.791353985617142,-1.796075558084245,-1.7892956190582974
23.625,-1.7167471569307216,-1.7179899643906036,-1.717916067496627
23.63,-1.6848462626548506,-1.6813942750958961,-1.6811362370977134
23.635,-1.6751218047031413,-1.6685739503934043,-1.6688943049041904
23.64,-1.5997095914738209,-1.601802344948677,-1.599983921663598
23.645,-1.5937309424577748,-1.5986058078330199,-1.5932250713718923
23.650000000000002,-1.5460304505075486,-1.5477277014253457,-1.5403479872982713
23.655,-1.5371797899436246,-1.5371159663836518,-1.5292518147505156
23.66,-1.5418725739270895,-1.5469041064249827,-1.5420332340935285
23.665,-1.5624600437281198,-1.5623327916424095,-1.5517565788000685
23.67,-1.5538195752848332,-1.55326806097429,-1.5529614423187073
23.675,-1.4984620091243679,-1.5013797959590984,-1.4966570258642704
23.68,-1.4972415597679736,-1.4919968664242906,-1.4936109887036908
23.685,-1.4734186765138277,-1.4813362703862092,-1.4740105675099129
23.69,-1.476019526667031,-1.4755088963793694,-1.4775526803047765
23.695,-1.4952193333656403,-1.4956877982551144,-1.4922711581112102
23.7,-1.4905558938854806,-1.4953127426104758,-1.4869872159557076
23.705000000000002,-1.5555196185792386,-1.5514972041858692,-1.5547695570110975
23.71,-1.5358581205668627,-1.5328556213382585,-1.534605810165092
23.715,-1.523026872304004,-1.5199351084744974,-1.519113747581313
23.72,-1.4287492256290597,-1.428361799837178,-1.4252710783843976
23.725,-1.4083336420178973,-1.4105537258848049,-1.4072387151765784
23.73,-1.3984485728605736,-1.400205796075756,-1.3981703910461498
23.735,-1.3984155344483593,-1.3945079402110168,-1.3963574061248187
23.740000000000002,-1.4221562181725835,-1.421031745255842,-1.4152743334817064
23.745,-1.408662425030254,-1.4064336465441918,-1.4023718224005122
23.75,-1.3748116610111722,-1.3756728314394617,-1.3749359113443524
23.755,-1.3555243637632872,-1.3556010134534018,-1.3515531603098365
23.76,-1.3916406883875099,-1.3903961859030873,-1.387308162644785
23.765,-1.3875211643581136,-1.3797750806373374,-1.3808518568809904
23.77,-1.3595607636380718,-1.3611555386114251,-1.3622498962885214
23.775000000000002,-1.4120619465942752,-1.412549120102273,-1.406474781588694
23.78,-1.4261983679761316,-1.4259895771506157,-1.423557084142801
23.785,-1.3995686626489081,-1.400489760290679,-1.3982724154759256
23.79,-1.2941263335246125,-1.2902292479085546,-1.2876615145381132
23.795,-1.2853941218808864,-1.2829321666327758,-1.2827624718738553
23.8,-1.278683121367315,-1.2800754582340643,-1.2752675605189225
23.805,-1.2612888578728998,-1.2703464167220155,-1.2687021943379027
23.81,-1.224895462056747,-1.223430276371244,-1.2263486942327049
23.815,-1.2763380492564562,-1.2792636274999467,-1.2774019851654566
23.82,-1.309987414607389,-1.31169594606944,-1.3109426278314753
23.825,-1.331265804418414,-1.3326533919913999,-1.3307804170694955
23.830000000000002,-1.3245260211913121,-1.315644170144873,-1.320676237349434
23.835,-1.294790318785109,-1.2953725204761837,-1.2969556903883248
23.84,-1.3019356226705145,-1.296720368127177,-1.2973013454784845
23.845,-1.294962505773785,-1.296240340551823,-1.3008080280717813
23.85,-1.2385262360575613,-1.2373365860390757,-1.2398377601774822
23.855,-1.2868817649335658,-1.2814403777247696,-1.2797977690148914
23.86,-1.3063268140893132,-1.3027704595605332,-1.3093425833152141
23.865000000000002,-1.3249374250893975,-1.3282396080077195,-1.33185251839824
23.87,-1.3587021983739591,-1.3563190820478783,-1.3625042200879285
23.875,-1.3883021149218908,-1.392447241485685,-1.3876962263051686
23.88,-1.3978691733853517,-1.399483966212987,-1.3914570904546548
23.885,-1.3796535797795002,-1.373975611689096,-1.3764871753154502
23.89,-1.3882659954925738,-1.3895695539389135,-1.3893543822635464
23.895,-1.3665380976619625,-1.3639671709330208,-1.363997245501643
23.900000000000002,-1.4090553764683085,-1.4058442872916859,-1.4107981836100285
23.905,-1.3565956088354092,-1.3572643636911232,-1.3586742841284354
23.91,-1.3403914596534923,-1.3379213845830664,-1.3372176332912942
23.915,-1.3114693014517655,-1.3103328892097024,-1.312235062804535
23.92,-1.3428524469226346,-1.3424042565418675,-1.347218713087838
23.925,-1.3606274909043647,-1.3519044621903578,-1.352822885878769
23.93,-1.3444223417274015,-1.3401953301919511,-1.341356054770304
23.935000000000002,-1.3798388588466157,-1.3787393086309443,-1.3804721881084678
23.94,-1.3715851817069067,-1.3728893936315947,-1.3790589781842557
23.945,-1.3304861115713487,-1.3316713867138474,-1.3291256878280484
23.95,-1.391807596405965,-1.3896797538037613,-1.3847170244937401
23.955000000000002,-1.3781364855471772,-1.371100990190841,-1.3677183899595442
23.96,-1.4162225508048414,-1.4129099598827217,-1.4178667567959145
23.965,-1.435027830219429,-1.4321423545986605,-1.434562693324366
23.97,-1.4727281016737883,-1.472348379453827,-1.4763201847486085
23.975,-1.4075805861385997,-1.4017786951258264,-1.403700754372837
23.98,-1.388409397817872,-1.3819360499622189,-1.3887532321652325
23.985,-1.4212374895168207,-1.4260407815010656,-1.4242961582265163
23.990000000000002,-1.355391316912446,-1.352244706254794,-1.3571181515215986
23.995,-1.363886758036784,-1.3605828763225867,-1.3630335908847144
24.0,-1.345222851743047,-1.343378204785272,-1.3486402461810265
24.005,-1.3836348695175733,-1.3809045606661514,-1.3860310100825595
24.01,-1.3867645498738084,-1.3829130337888302,-1.3884808891295468
24.015,-1.373647509194319,-1.3753762366932931,-1.3769906033074888
24.02,-1.3649980834139437,-1.3668406316201922,-1.3636412004380816
24.025000000000002,-1.3473895258252144,-1.3369450490534718,-1.3453108568383476
24.03,-1.2821567214628662,-1.2866687885074697,-1.2894076444467575
24.035,-1.298801785800155,-1.2966311588877253,-1.2987898160832634
24.04,-1.378883248843095,-1.3732014998515905,-1.3777155906735206
24.045,-1.3967884193778748,-1.3962460075925611,-1.3959830608063957
24.05,-1.466670773326945,-1.4628592890131598,-1.4642335802344972
24.055,-1.439367850307775,-1.4385991815174142,-1.4335775446573682
24.060000000000002,-1.439354084941799,-1.4341867754553057,-1.4366061447869287
24.065,-1.4730217881496404,-1.4708170752200134,-1.4737156415864672
24.07,-1.4714343605784532,-1.472201805713526,-1.475313902969233
24.075,-1.4217420713958402,-1.409136977203603,-1.4181123704823073
24.080000000000002,-1.4110522234157648,-1.4128009287984664,-1.4166531884107711
24.085,-1.4454929040543039,-1.4448282218718644,-1.4475882946990384
24.09,-1.340019889070195,-1.3432771523408245,-1.343733088475283
24.095,-1.334947208804224,-1.3285387992958404,-1.3317342401877235
24.1,-1.3088919844624556,-1.3027708190483482,-1.3100351902607903
24.105,-1.2565238416368802,-1.2521236860264975,-1.2558293507316962
24.11,-1.2077620031909422,-1.2089370250870894,-1.213303418358628
24.115000000000002,-1.1636183280707875,-1.1572444193718354,-1.168717704791911
24.12,-1.1710531996103453,-1.1706828840848538,-1.179472522855342
24.125,-1.1791270227007447,-1.1783316128874748,-1.1781018696475651
24.13,-1.1246673665202034,-1.1240871812689988,-1.1251442924061925
24.135,-1.153309411621786,-1.1501057224893427,-1.1535546841273157
24.14,-1.162696998999985,-1.1627343551363496,-1.1655482038137948
24.145,-1.2151670633753529,-1.2059189264675463,-1.2107554745174562
24.150000000000002,-1.1994540918639254,-1.1941344825921156,-1.1974131870547737
24.155,-1.1491346954743822,-1.1410381902421316,-1.1418957546795294
24.16,-1.1287498922922876,-1.124485927371086,-1.1264042465499438
24.165,-1.1448854708635787,-1.1393083899811802,-1.1427930723702127
24.17,-1.1025314669069037,-1.095718852016593,-1.099873650294333
24.175,-1.1286811677715576,-1.1262246533528035,-1.129162222336546
24.18,-1.133852338519458,-1.128637955497434,-1.1231185664388905
24.185000000000002,-1.107719437173849,-1.1034808589457499,-1.1030407208911082
24.19,-1.1006535340895436,-1.1028072757059721,-1.1031438824565454
24.195,-1.1217506703124924,-1.118770854952915,-1.1236481038652775
24.2,-1.1321870563221705,-1.132133209390164,-1.1317118280479896
24.205000000000002,-1.1473829962151056,-1.1487060435040104,-1.146934658199397
24.21,-1.1656268456108412,-1.1646701950623428,-1.1604138106216944
24.215,-1.1333726269453517,-1.1315866988418788,-1.127077742683191
24.22,-1.114400325624816,-1.1131445295407194,-1.1153863109690667
24.225,-1.1218947454041546,-1.1270582304385863,-1.1216615091177056
24.23,-1.1108403203828856,-1.1128350497939201,-1.1156172195941132
24.235,-1.0939231810370986,-1.0985234365930563,-1.101229572133158
24.240000000000002,-1.1023599440519587,-1.1008987929939427,-1.0993821126898056
24.245,-1.0987072071569732,-1.098844022552998,-1.1002560572956035
24.25,-1.0793976175143065,-1.082249035935723,-1.0775776949851121
24.255,-1.1096474769177946,-1.1094803279271583,-1.1133411039858052
24.26,-1.1032607039599576,-1.1060151920356192,-1.111352210958777
24.265,-1.1085228646196912,-1.1064693851555105,-1.1026780467355943
24.27,-1.1186791177434703,-1.119695356867891,-1.1190655887667407
24.275000000000002,-1.1839489000385253,-1.187578123177264,-1.184363713022036
24.28,-1.1876307167894176,-1.1844303637427214,-1.1870163991494906
24.285,-1.2292187199244595,-1.228564182605806,-1.2232897470677933
24.29,-1.2664980186103605,-1.2661936718833657,-1.2611817843660384
24.295,-1.2143405883335645,-1.2183698498463948,-1.2133149611732714
24.3,-1.2636451464623055,-1.259275008437253,-1.2610960924253922
24.305,-1.2772595085034537,-1.2824068914748254,-1.2797505844262707
24.310000000000002,-1.2803560971369572,-1.281722207492321,-1.2812685231417862
24.315,-1.262459966832614,-1.262244805440508,-1.2647878889886794
24.32,-1.312103400985721,-1.3097966797120997,-1.3122716980615239
24.325,-1.3293390464792307,-1.3327088190169265,-1.3336199946897422
24.330000000000002,-1.3657515212295555,-1.3642422477947136,-1.3705071270710256
24.335,-1.34344157492299,-1.3450707886499493,-1.3453923144134072
24.34,-1.3255399000948125,-1.3344515102477552,-1.337704890273664
24.345,-1.3327941069870808,-1.330427033095545,-1.3353547581392113
24.35,-1.3743607060096148,-1.3760289824904794,-1.369679649684681
24.355,-1.3604223494140717,-1.3621816482185924,-1.362953880631623
24.36,-1.3316762080437434,-1.3267613648513503,-1.3321908203617794
24.365000000000002,-1.2711610827308273,-1.2698712727431685,-1.2710152286486196
24.37,-1.2599225634469922,-1.2609064356758384,-1.2608363620158078
24.375,-1.2375927526223909,-1.2399709442841451,-1.2335227136249247
24.38,-1.2726234699434018,-1.2806292169091473,-1.277650083265209
24.385,-1.240527397173318,-1.2436945156698846,-1.2471437227032909
24.39,-1.250424136518057,-1.2534533239581147,-1.2466679076598395
24.395,-1.2611066002879008,-1.2611889622460404,-1.260266988169842
24.400000000000002,-1.2245503051450741,-1.2221381320623128,-1.2266976034836563
24.405,-1.2804502563871858,-1.2841918162647137,-1.282899009413802
24.41,-1.2265338745722756,-1.2316399140078893,-1.2277128362684142
24.415,-1.244003983733084,-1.2422172057186238,-1.2439968335751528
24.42,-1.2504876803474045,-1.2566825708104314,-1.25341000488161
24.425,-1.3012702424824605,-1.3011250299275647,-1.3073817619434576
24.43,-1.3790565716904264,-1.3808224618261749,-1.382222765142283
24.435000000000002,-1.4658663646439114,-1.4731273478662676,-1.4702956828444607
24.44,-1.497175685933357,-1.4969948006118208,-1.5001007444593253
24.445,-1.4426243266791892,-1.4482409789485964,-1.445625479143227
24.45,-1.4812273726972371,-1.487135699516373,-1.4822756200648963
24.455000000000002,-1.4880586926259611,-1.4934768023302243,-1.4837969278266747
24.46,-1.512341467338462,-1.517317580226372,-1.5142199367487503
24.465,-1.5211304694631433,-1.5153931357797787,-1.5237654582023017
24.47,-1.573244112622631,-1.5725411769634978,-1.5734052205086788
24.475,-1.59258229768251,-1.59214762031156,-1.5991999542491324
24.48,-1.5591452648243447,-1.556942393934419,-1.5657146434364881
24.485,-1.481923185525336,-1.4888837948088685,-1.486877230025089
24.490000000000002,-1.4825475474767942,-1.485886162444278,-1.4909290512068702
24.495,-1.4527556845985021,-1.4576276492666465,-1.4587169002575437
24.5,-1.5184038889216886,-1.5157808659025727,-1.5145232112685454
24.505,-1.4906407566533688,-1.4938192770191467,-1.4973258823371567
24.51,-1.5287946570717845,-1.532546091040378,-1.525143338676956
24.515,-1.5300141962425173,-1.5308224655639602,-1.5361452238007365
24.52,-1.542458422241319,-1.5486268286552602,-1.553417495885968
24.525000000000002,-1.503510513272843,-1.5069003908011591,-1.5131366074026926
24.53,-1.54344480968492,-1.5507708259278719,-1.5480521485052738
24.535,-1.5321685975421975,-1.5319199512841484,-1.5325552758680854
24.54,-1.4627500832834033,-1.4628655018994219,-1.463016722026946
24.545,-1.4790065622409156,-1.4766945952508623,-1.4821149697233371
24.55,-1.4174806194596,-1.4175344492000612,-1.4161097729197722
24.555,-1.4160828894358017,-1.4198934696271326,-1.421347518403287
24.560000000000002,-1.3892698118525924,-1.3899227513998769,-1.394392342643057
24.565,-1.3768777436774984,-1.376703103682668,-1.3775565776479866
24.57,-1.3644822053647014,-1.3680997041440437,-1.3758513086433104
24.575,-1.3314988289585183,-1.3324355067159295,-1.338332908274666
24.580000000000002,-1.4446409034247758,-1.4435966765205992,-1.4398214457816747
24.585,-1.42714711987576,-1.430323671786625,-1.4345602231842236
24.59,-1.4439395593838447,-1.4467453749942059,-1.4459161576279362
24.595,-1.4907848589735384,-1.4970244478515378,-1.503049470679158
24.6,-1.4672149100409428,-1.4727104348003237,-1.4744971232305195
24.605,-1.4782560622588001,-1.4813546598133935,-1.4863719584908108
24.61,-1.4804288990534118,-1.482506984463464,-1.4840760429563333
24.615000000000002,-1.5408038122567747,-1.5425308177618953,-1.5419943437934096
24.62,-1.6027738511992744,-1.6044038447094646,-1.6021465856525172
24.625,-1.5835687125234374,-1.588891517682602,-1.592115292424171
24.63,-1.6094772401725035,-1.6118849643834892,-1.6173636875813535
24.635,-1.6673535906376833,-1.6690902587991978,-1.6725604000831045
24.64,-1.6202545436649085,-1.6244484186461672,-1.625736725141697
24.645,-1.585371048128836,-1.5922085838587554,-1.587881815889901
24.650000000000002,-1.6390933336765856,-1.6428706409143512,-1.6475896620245296
24.655,-1.6307164299903538,-1.6321242398750124,-1.6330601736316699
24.66,-1.7255821762629946,-1.73497238958621,-1.7347642540140464
24.665,-1.7210074190412787,-1.725509757966787,-1.7253444476916184
24.67,-1.6929820791500567,-1.6978982173633852,-1.6923514428163204
24.675,-1.644333500136367,-1.6482177772855602,-1.6465523623836271
24.68,-1.5932696493589589,-1.5988405431763768,-1.5996514648472897
24.685000000000002,-1.5560768047011617,-1.5572225292778004,-1.5541620917442054
24.69,-1.577204038037669,-1.584095622757016,-1.5846036911627068
24.695,-1.5503424185769865,-1.558132969851949,-1.5533332877481896
24.7,-1.5762696514410868,-1.5848615433739266,-1.5806257345376546
24.705000000000002,-1.5821721456137345,-1.5824077814463242,-1.5892944105315105
24.71,-1.560965416785434,-1.5654904623780879,-1.5692901249111353
24.715,-1.5690526712757318,-1.570929434626108,-1.5754720506114837
24.72,-1.5695027750406032,-1.573077779198094,-1.5756825594061412
24.725,-1.609528697047171,-1.6194119452992313,-1.617807508285583
24.73,-1.6331131684013358,-1.6433945359528486,-1.6438255460469047
24.735,-1.64552427399966,-1.6525167326502779,-1.6537792791764638
24.740000000000002,-1.6982293297979665,-1.697592502410408,-1.7033858540891882
24.745,-1.659626102391718,-1.667448096142102,-1.6696101794757932
24.75,-1.6505604710310713,-1.6530934668620467,-1.6596467358791192
24.755,-1.683138869773757,-1.6866073983460697,-1.6867865273569187
24.76,-1.7117177446247835,-1.7165435747948616,-1.7156439334360833
24.765,-1.741791444594915,-1.7417679298197113,-1.7406516163862902
24.77,-1.6836745144100742,-1.6918528076933488,-1.6922102885284724
24.775000000000002,-1.6263470821526917,-1.638155828156191,-1.6368932529367848
24.78,-1.7103670151719954,-1.7154548753030903,-1.7159936853825375
24.785,-1.6625206067634515,-1.6657328708877213,-1.6618969973071123
24.79,-1.635718176961377,-1.6413956850377978,-1.6386833830945768
24.795,-1.6371710640317325,-1.639490637938319,-1.6349555747583233
24.8,-1.6360313714082135,-1.637529649730078,-1.6348923760694878
24.805,-1.6359690488742635,-1.6437812715075037,-1.6402577504169178
24.810000000000002,-1.6255911147508577,-1.6302190298480885,-1.63436999516514
24.815,-1.6482489270917509,-1.651678201976247,-1.6516930525818685
24.82,-1.6034820599810535,-1.6071766595263257,-1.607810124043398
24.825,-1.625468362140983,-1.6263848581056415,-1.6310114805928921
24.830000000000002,-1.657643287202721,-1.660916089498379,-1.6573494160074904
24.835,-1.6644742890284372,-1.6678723825390034,-1.6633132234126593
24.84,-1.7385527744910128,-1.739012144880782,-1.7400716019261078
24.845,-1.7513035137478936,-1.755509609459778,-1.7500827958548784
24.85,-1.7707312704740243,-1.770465654422891,-1.7728716738073174
24.855,-1.7639829764529273,-1.770481101325469,-1.761658124622317
24.86,-1.7664428822229197,-1.77479748395469,-1.7719939285760682
24.865000000000002,-1.8311804518346297,-1.8305272356136346,-1.8284044434949842
24.87,-1.7993440938395846,-1.8080620862384236,-1.7977657362725812
24.875,-1.8463999099772834,-1.848827663115928,-1.8508402889424052
24.88,-1.8522797822902652,-1.8577005251668381,-1.8599054058915914
24.885,-1.8438674560759714,-1.8546639700830863,-1.8506659491624777
24.89,-1.8227225977704173,-1.832065902215293,-1.8301043301947704
24.895,-1.7828510721516988,-1.7821028470347184,-1.782161508043617
24.900000000000002,-1.7607445648972813,-1.7642094013331187,-1.762347056048352
24.905,-1.7816321087980491,-1.7877391165823715,-1.7870643222050784
24.91,-1.793795249712738,-1.7947093253428212,-1.7935804611873358
24.915,-1.7909393606077237,-1.79744052724153,-1.7996576987981072
24.92,-1.7814177453768096,-1.7866203957618854,-1.780317455857652
24.925,-1.729422360456193,-1.7329574222710153,-1.7333580394074273
24.93,-1.806139572474608,-1.8148580514378507,-1.808682237103333
24.935000000000002,-1.8736282646734932,-1.8734285316717658,-1.8786153833843295
24.94,-1.892892334184345,-1.893315433097716,-1.8966970221182646
24.945,-1.874241258079848,-1.8847287015257994,-1.8807263271359185
24.95,-1.8374768398961592,-1.8382203600649358,-1.8356140096260238
24.955000000000002,-1.7783495816484614,-1.7808650625664904,-1.7835105669598101
24.96,-1.680885660499988,-1.688795586553855,-1.6841559102548442
24.965,-1.6903614120946173,-1.693394104597313,-1.6900834073369255
24.97,-1.6928111897126878,-1.6970515335928185,-1.692839676112291
24.975,-1.7284082318798724,-1.7403821370919956,-1.732405382778616
24.98,-1.787437985749184,-1.789385568509152,-1.7918389090263347
24.985,-1.8025143922150586,-1.8095311093252548,-1.8053019648446904
24.990000000000002,-1.8294458615115767,-1.8317866802778013,-1.8332129703283275
24.995,-1.8463367932122672,-1.8495424081923402,-1.8434305076606978
25.0,-1.8546335812268147,-1.86156838806979,-1.8554123663172752
25.005,-1.7763358258057937,-1.7834784981794247,-1.7799744872710699
25.01,-1.7400488727241663,-1.7439450595987083,-1.7405070108100253
25.015,-1.7223879961712067,-1.7286136260424796,-1.7295781153632679
25.02,-1.7436801609172985,-1.746093179508562,-1.7461643041283241
25.025000000000002,-1.7466772370898025,-1.7477660329744003,-1.7456489268822275
25.03,-1.7525300199149179,-1.756403948714811,-1.7451953970451837
25.035,-1.7825919125017544,-1.789453139935984,-1.7857397533147805
25.04,-1.7297591640172914,-1.735810968792782,-1.7301322153900063
25.045,-1.7302025658085687,-1.7340536673975067,-1.7394649834299742
25.05,-1.7020563847660615,-1.7068449658539147,-1.7050377706668436
25.055,-1.7667332729842338,-1.7654096579844119,-1.7629181316370315
25.060000000000002,-1.8182775802373767,-1.8192179684843386,-1.8143911653975022
25.065,-1.7897813064722294,-1.79907634861746,-1.7966677801935915
25.07,-1.8200452201702244,-1.825742299183006,-1.8250144879022914
25.075,-1.8124948607609315,-1.8149712757265386,-1.8109397042518334
25.080000000000002,-1.8251624745666744,-1.8274136500544458,-1.8255558634657427
25.085,-1.8413200441829203,-1.8388728838529405,-1.8427776694845333
25.09,-1.924522656035472,-1.9254690395189176,-1.9252394956594225
25.095,-1.942101084858609,-1.9470849765806937,-1.952558172303031
25.1,-1.9732902783627415,-1.9760380335465781,-1.9762239965345838
25.105,-1.9578154907293805,-1.9658699256750083,-1.9631718572700279
25.11,-1.9566724752635418,-1.9616316251885872,-1.9567427638537989
25.115000000000002,-1.9159420378561973,-1.9187531739691375,-1.916195802592664
25.12,-1.924632030136911,-1.9219148209114774,-1.9250477629339824
25.125,-1.9009505199450731,-1.8955716790567378,-1.9013646398193738
25.13,-1.872860090602095,-1.8751467450279298,-1.8774444346852397
25.135,-1.929006904684985,-1.9319417541807975,-1.9255153681751267
25.14,-1.891962248410074,-1.8932646743967225,-1.8954329462386972
25.145,-1.9466514665052064,-1.946319111327779,-1.9412750454541725
25.150000000000002,-1.9524826010770022,-1.962156260999216,-1.9590285466149753
25.155,-1.9816284454588995,-1.9851018037315475,-1.9836735953771594
25.16,-2.017544017861663,-2.025054174309109,-2.0203493867181823
25.165,-2.0449259755805063,-2.0502637668350223,-2.0416137994058015
25.17,-2.0146142108672294,-2.0224491781787592,-2.0189510345824107
25.175,-2.043479102140597,-2.0416956221473437,-2.0452007869013165
25.18,-2.0903407654525425,-2.095225325036988,-2.096911915041458
25.185000000000002,-2.088967143184206,-2.0923730400111156,-2.0890661811847995
25.19,-2.0861212989280338,-2.0833152699684394,-2.0907276118874245
25.195,-2.0576202622672275,-2.059235789739221,-2.055868083015519
25.2,-2.104150408211969,-2.1112058447655273,-2.1046786852053514
25.205000000000002,-2.0866807012117863,-2.09055065109161,-2.082449823141858
25.21,-2.0819230852548656,-2.0854283565995586,-2.089167469693079
25.215,-2.1483398932757387,-2.1483892904678217,-2.1483878174335995
25.22,-2.1450985835504897,-2.1423605566097574,-2.1416850395399165
25.225,-2.1877270389943018,-2.19128323488831,-2.193674612168459
25.23,-2.2163840810651294,-2.222900813571954,-2.220412274462163
25.235,-2.2330323786924957,-2.226316562272099,-2.229876771997553
25.240000000000002,-2.2815428625989944,-2.2835581764765256,-2.2826882084749296
25.245,-2.293848082073418,-2.300366078446522,-2.2950983561537917
25.25,-2.299732264078388,-2.3074273609448244,-2.300146156203119
25.255,-2.3172083460278325,-2.321699189945643,-2.3215715449541876
25.26,-2.3670472346717046,-2.3730793148827902,-2.3712281433071913
25.265,-2.3934861162295444,-2.392493893550616,-2.392605803099377
25.27,-2.326734294715378,-2.331263390299941,-2.3243026941948646
25.275000000000002,-2.304109818195081,-2.306020495232091,-2.3059056038829486
25.28,-2.328506900744715,-2.3301816490356644,-2.3280322780794425
25.285,-2.298155963951257,-2.2970781525835156,-2.2993574803791312
25.29,-2.299601160965895,-2.299425100728952,-2.2995747744470245
25.295,-2.240778978444155,-2.2428504275728076,-2.2454037858458267
25.3,-2.1992870309365964,-2.198069058850368,-2.2005061718969907
25.305,-2.221516440501902,-2.2241385862975807,-2.2227412148125283
25.310000000000002,-2.1815993661063935,-2.181198899593009,-2.1790775185814693
25.315,-2.1932519915081508,-2.1952366300628334,-2.1906892959204365
25.32,-2.148894299188383,-2.150196397785262,-2.1432530715663733
25.325,-2.127177942153345,-2.126844397678656,-2.126038457489011
25.330000000000002,-2.153512070898797,-2.1507230491445197,-2.1478114289484718
25.335,-2.099394760846291,-2.102374543786883,-2.1028864048976894
25.34,-2.0912916428900785,-2.093746794577195,-2.0909884536381753
25.345,-2.115320865670732,-2.1171879532586475,-2.1183065776054963
25.35,-2.14077611702533,-2.141051449320335,-2.1399424395357114
25.355,-2.118532420790942,-2.121994175540653,-2.1167685043681512
25.36,-2.0593362320615434,-2.066998394053144,-2.067265999013663
25.365000000000002,-2.0399751894748306,-2.0423825902114214,-2.0420987872520184
25.37,-2.009203390738074,-2.014680506404328,-2.0128975152741035
25.375,-2.0822392398489766,-2.0837676735082256,-2.08749817336757
25.38,-2.096604702823278,-2.100918754858345,-2.0956871623964797
25.385,-2.124182936395991,-2.1308581700437146,-2.1238721178894484
25.39,-2.1108173182730505,-2.1111813454651522,-2.11446088522488
25.395,-2.0817689366765224,-2.082295677478371,-2.084772000987168
25.400000000000002,-2.061194260556799,-2.060546825652781,-2.06083088588554
25.405,-2.065249091796862,-2.0662910389728033,-2.063059391452772
25.41,-2.0495390470642385,-2.0498199054674573,-2.052396382925675
25.415,-2.0492764878756358,-2.0507208630648672,-2.054420264939407
25.42,-2.021833322929341,-2.026547870692745,-2.024000653488751
25.425,-2.063754149385788,-2.069831799150061,-2.0677566692791656
25.43,-2.1384859863152528,-2.135841894323885,-2.1386716662750063
25.435000000000002,-2.155577348690468,-2.156105703563984,-2.148883710830196
25.44,-2.1861887576032473,-2.1858660695238314,-2.185973994204026
25.445,-2.252961820523711,-2.262662144083041,-2.256268431805225
25.45,-2.254503477550885,-2.259953484716162,-2.2557680389478265
25.455000000000002,-2.3770547051135713,-2.379010195393641,-2.3794005145832693
25.46,-2.405632938700855,-2.4080262908188166,-2.3984912486890715
25.465,-2.3744915299659675,-2.3759936741034395,-2.3732833147315993
25.47,-2.3106571677986034,-2.3130781757155803,-2.3149695603293066
25.475,-2.343226413585637,-2.3456820915026113,-2.345486855553003
25.48,-2.379274047009886,-2.386192004981582,-2.385135313505902
25.485,-2.317974519300677,-2.33161947503822,-2.3242604781056038
25.490000000000002,-2.2703077917526957,-2.2705583072009197,-2.271426760491918
25.495,-2.23804672235316,-2.243671442006954,-2.24273289746838
25.5,-2.306689546145535,-2.3082178807194174,-2.307667555648587
25.505,-2.308041117020596,-2.3161578586963,-2.312148138224766
25.51,-2.2903969978123504,-2.2948660037094966,-2.292155164660028
25.515,-2.272822936729318,-2.278531397103213,-2.2728822962911868
25.52,-2.293118779105653,-2.2992673569618396,-2.2957540379220847
25.525000000000002,-2.308178623180948,-2.3082082051806445,-2.3058264208241055
25.53,-2.314195761248013,-2.3199634549610892,-2.3137742314095235
25.535,-2.3121400765068536,-2.3196847519332655,-2.312253413103781
25.54,-2.2592895001460316,-2.261888581281292,-2.2603966319870548
25.545,-2.2208511068353025,-2.222072158068202,-2.2206031406644113
25.55,-2.170980713200185,-2.173035714357951,-2.174544471291078
25.555,-2.156984887203502,-2.163207200862102,-2.1570820664340595
25.560000000000002,-2.137183739344672,-2.1400664069936246,-2.147356845407348
25.565,-2.1436792026111053,-2.1469624020058795,-2.1488474337453356
25.57,-2.163391194603566,-2.1757782146261975,-2.1757221671266453
25.575,-2.1814442143766333,-2.1880552388973937,-2.1836066560000873
25.580000000000002,-2.1697752837454107,-2.1735360684022655,-2.1769223170865253
25.585,-2.211433966237382,-2.2198160346106577,-2.212672955299492
25.59,-2.2259032330713007,-2.2298761226765706,-2.228730844927587
25.595,-2.2369743257515755,-2.2437455451303108,-2.242827076898358
25.6,-2.21005756004803,-2.215543322858103,-2.215401705199716
25.605,-2.2228781118689374,-2.219933505076937,-2.2212108313556445
25.61,-2.2387715693883794,-2.239431823257142,-2.2404181893528694
25.615000000000002,-2.1686198580574962,-2.1744495594977726,-2.174144375385481
25.62,-2.1891786452616833,-2.1947723276430833,-2.190620476978291
25.625,-2.2025768364887677,-2.2072312824198073,-2.210171465516944
25.63,-2.18841599482921,-2.192027987629918,-2.1924789698811904
25.635,-2.1490135137150275,-2.1570001952218854,-2.1549685477839327
25.64,-2.1230485965664525,-2.126314094125611,-2.126134015074824
25.645,-2.130714200556646,-2.1336333665032314,-2.1304178396108084
25.650000000000002,-2.1161188882983426,-2.1203883747162693,-2.113580372629999
25.655,-2.129987758894842,-2.1356621417369963,-2.13584481933745
25.66,-2.1669611117282135,-2.170877163147777,-2.1695556606478603
25.665,-2.2124703755671935,-2.217726581178318,-2.20393447114811
25.67,-2.224997245691111,-2.228479946454085,-2.2219765093411326
25.675,-2.252724417142763,-2.2579126980765127,-2.2478039782207686
25.68,-2.2476891926549296,-2.2520290901694873,-2.2522386372582655
25.685000000000002,-2.200818783140678,-2.208679716201008,-2.2045793141637255
25.69,-2.1723420115832326,-2.1733672676961766,-2.174652714916376
25.695,-2.1301672099930893,-2.1336121127002725,-2.1327449897761137
25.7,-2.1405607934644264,-2.143127171848659,-2.1403592347163696
25.705000000000002,-2.143374056333835,-2.1384163311112925,-2.1363018430992438
25.71,-2.1530474717271275,-2.1543628680795726,-2.154623181864346
25.715,-2.1438927023197594,-2.1506093850166583,-2.149700592794857
25.72,-2.0708641410785704,-2.06948256291559,-2.0699615959154984
25.725,-2.0786114920811753,-2.0840704629724884,-2.0805143894181426
25.73,-2.1021331614611087,-2.1117259280678815,-2.1058120055483394
25.735,-2.1110939078026565,-2.109522007475325,-2.109231032047464
25.740000000000002,-2.046637531638803,-2.0514725210920157,-2.0458562628745334
25.745,-2.0499592483056484,-2.051708023592694,-2.048798985920791
25.75,-2.0395166379876724,-2.0486012786490893,-2.0447413902898988
25.755,-1.9804593819058216,-1.983994045702181,-1.986985873200812
25.76,-2.0313636512854134,-2.0381688709097254,-2.0326526258521507
25.765,-1.9836964044070884,-1.9933433387090818,-1.9883575057288378
25.77,-1.9768617238949018,-1.9815634076709465,-1.9783474646835764
25.775000000000002,-1.9689268725542892,-1.9757639545030914,-1.9657375303363063
25.78,-1.9906823390474793,-1.9934267393922573,-1.995392152633258
25.785,-2.0477077159028725,-2.0554191839378757,-2.0500834493982563
25.79,-2.0376096938316732,-2.045475841199376,-2.040189389579083
25.795,-2.0731485552622955,-2.0720994227492366,-2.0715639962835084
25.8,-2.0663276950046896,-2.073093985852854,-2.0692597779559887
25.805,-2.113221179951915,-2.1162674754574105,-2.1122812032963396
25.810000000000002,-2.1303746035217634,-2.13140155941353,-2.1363554775592837
25.815,-2.2092287513995292,-2.211870768725964,-2.212324928391318
25.82,-2.18239549931269,-2.1820856469334773,-2.180084856027173
25.825,-2.1853183303054124,-2.187216023233362,-2.1831023364926767
25.830000000000002,-2.1952782081167257,-2.1972704350101107,-2.1887345587314044
25.835,-2.2112325616482815,-2.2129669105605516,-2.2087819477641584
25.84,-2.220921386843279,-2.228948453200237,-2.2259982495036965
25.845,-2.242235413775501,-2.2573924727515555,-2.2485158217159094
25.85,-2.2728302558879454,-2.2747311760930584,-2.2749564079911178
25.855,-2.2986049563266,-2.3030579394694515,-2.2995769663661143
25.86,-2.3666920130215967,-2.3722679187526996,-2.3667004046216307
25.865000000000002,-2.4133082513859145,-2.4150465503810135,-2.406482827952169
25.87,-2.435067428988173,-2.4483220444919587,-2.444239819020886
25.875,-2.4823737026099897,-2.488811846266236,-2.4818700197120744
25.88,-2.563609550510816,-2.5695808955951547,-2.5704932737062447
25.885,-2.5707513541010756,-2.5792294961828435,-2.58004461929793
25.89,-2.6152359791817843,-2.6148634554726082,-2.617103846837156
25.895,-2.657771295431799,-2.6600838285588457,-2.6631234422826076
25.900000000000002,-2.638765146333197,-2.6420421606538618,-2.639625199271738
25.905,-2.622239081638594,-2.627901178819325,-2.6289232006981407
25.91,-2.663827285266024,-2.662601469671863,-2.6663726076977055
25.915,-2.6485175071896894,-2.6623948735001934,-2.6584696242244323
25.92,-2.647357260064019,-2.65187725245912,-2.6490732357057563
25.925,-2.6836631801452002,-2.6879119220982686,-2.6880246883115424
25.93,-2.6499328431424143,-2.659535262380979,-2.6520116963774196
25.935000000000002,-2.6280209023305385,-2.630635056774782,-2.6332889336546756
25.94,-2.6351778436709115,-2.6412921292542384,-2.638389982576971
25.945,-2.694266278205892,-2.6963524577569147,-2.700157687939863
25.95,-2.6941258239494497,-2.698472309137092,-2.696245457928388
25.955000000000002,-2.670142335120947,-2.6771451842296092,-2.6705404866639713
25.96,-2.6109385756896537,-2.6141689186487254,-2.611753396827919
25.965,-2.6664203863095377,-2.6712581824228017,-2.6704118094137437
25.97,-2.7264497851417615,-2.733092753094367,-2.7325877773369425
25.975,-2.6714078768442464,-2.6823624511071498,-2.6715334450093446
25.98,-2.7423219805788372,-2.748150123124245,-2.7433008870869666
25.985,-2.7289292604630964,-2.7311555930594236,-2.728410642208323
25.990000000000002,-2.7123311598928614,-2.711298558364651,-2.7116081206180978
25.995,-2.75883761712629,-2.7664694107260024,-2.7619467244068785
26.0,-2.7373351294808854,-2.7441512380307835,-2.740657283691716
26.005,-2.7099858062930453,-2.7109027141103104,-2.7127282224724905
26.01,-2.7336486710409713,-2.7385214416682895,-2.7311159222776085
26.015,-2.6803670524464986,-2.6836010679144096,-2.6816097169916615
26.02,-2.693677519598185,-2.6900831372426386,-2.6925233295241995
26.025000000000002,-2.6891303536168554,-2.6922976416793416,-2.689349354906835
26.03,-2.685401935227393,-2.6839374902328994,-2.6900328211147397
26.035,-2.6879335059259586,-2.6879845998274865,-2.689355290047708
26.04,-2.6531918298059134,-2.6566628852041094,-2.6570966881059532
26.045,-2.65619177045721,-2.657601899959585,-2.65507867218848
26.05,-2.6451111766382867,-2.6489514387541093,-2.6483836639146694
26.055,-2.648527567017343,-2.657759845880538,-2.647956136953598
26.060000000000002,-2.6679745791212284,-2.667218096281988,-2.671864371897946
26.065,-2.612608558541017,-2.618232291106464,-2.618610204530686
26.07,-2.610213286763672,-2.61462836331592,-2.6118512246963483
26.075,-2.630182831882113,-2.6329002229902074,-2.6336010724838532
26.080000000000002,-2.605392159076345,-2.610734124633141,-2.606782312260181
26.085,-2.5652994987099693,-2.573404136645765,-2.573500396541373
26.09,-2.5825174689180317,-2.590520749116065,-2.5866195617200103
26.095,-2.5801817863174286,-2.5929367062251187,-2.584384290698945
26.1,-2.5808973891239164,-2.5895131198279864,-2.586997839211766
26.105,-2.589931796253995,-2.5934800203368824,-2.5870496755437085
26.11,-2.5441269982240873,-2.5519838997251596,-2.5510603035746633
26.115000000000002,-2.494619146332583,-2.501768732152527,-2.497297382439184
26.12,-2.433911231693819,-2.4403034568300512,-2.4399182707124516
26.125,-2.4582792098865056,-2.467283290916857,-2.458226881921053
26.13,-2.420014480548553,-2.429819898709655,-2.423374889858937
26.135,-2.4148526370942234,-2.4229951750169723,-2.4176993236945115
26.14,-2.455298444524639,-2.457278878968554,-2.4635368427154165
26.145,-2.424660343349591,-2.4222664079448255,-2.429505281632985
26.150000000000002,-2.4270311736343686,-2.4298087623020286,-2.4309740487700444
26.155,-2.4486915213686777,-2.4537308705528633,-2.4484982833901916
26.16,-2.4647980073346414,-2.4719842411787867,-2.4673326895403656
26.165,-2.4707562206151295,-2.4838200449161567,-2.477135639197412
26.17,-2.3916772082247553,-2.393571614812595,-2.3899356342812426
26.175,-2.350136240938835,-2.3493240863336133,-2.354001919972124
26.18,-2.332030434124231,-2.3323291180493877,-2.332530665714642
26.185000000000002,-2.3748729941667817,-2.3799012451750654,-2.3832542592198216
26.19,-2.3823978680911466,-2.3873320117150665,-2.3803168678538653
26.195,-2.318391167095494,-2.323475875225453,-2.3132815545054526
26.2,-2.297603136176244,-2.303949642090197,-2.3021993655372572
26.205000000000002,-2.2551132267683434,-2.256257803235925,-2.256676027362642
26.21,-2.292363104643022,-2.3007990099709668,-2.296656128284099
26.215,-2.242061397298729,-2.247991428477644,-2.244904704688934
26.22,-2.232248404903504,-2.2394212905641777,-2.235961239062927
26.225,-2.2886465466782924,-2.293474891126459,-2.290265197247958
26.23,-2.3058479981852495,-2.3192710190440993,-2.3193646674178114
26.235,-2.3041371560943813,-2.3104603647402198,-2.308640896047707
26.240000000000002,-2.2703918030219055,-2.275740172262965,-2.271233657304784
26.245,-2.244960947613949,-2.248997438308793,-2.2477595889708457
26.25,-2.245155926542094,-2.2470199137379576,-2.2499884070729728
26.255,-2.1831979256254117,-2.1864717388318105,-2.189122585876026
26.26,-2.1626362205549805,-2.1698007962306542,-2.1670106786842314
26.265,-2.167472553065143,-2.1748094994847524,-2.170166380821047
26.27,-2.151926574921277,-2.1554565659271043,-2.152003036167378
26.275000000000002,-2.170921329725355,-2.170509678678172,-2.1697783534137933
26.28,-2.133011766505809,-2.1346762121711125,-2.1390610391971054
26.285,-2.1372709612423963,-2.137405158483588,-2.1306407082929564
26.29,-2.1487096761796516,-2.1468610703873043,-2.142219768681513
26.295,-2.1338156311735434,-2.1340554540112158,-2.136090275666175
26.3,-2.125832291501855,-2.1277876875225483,-2.125870916374646
26.305,-2.1638967044852873,-2.1701583563081686,-2.1660471002071104
26.310000000000002,-2.1686824460687677,-2.1712413572383817,-2.171467463705242
26.315,-2.146158724030675,-2.1544164398695727,-2.1440576406650855
26.32,-2.212823963349455,-2.2153880509432873,-2.2129103328702855
26.325,-2.1996896260058385,-2.202458350319956,-2.204490736406706
26.330000000000002,-2.226836656291482,-2.224607716535711,-2.22412555767589
26.335,-2.2518949466324374,-2.2538614103255696,-2.2493452870684627
26.34,-2.22575984860442,-2.233046142095669,-2.228074438470967
26.345,-2.229440542268312,-2.2326844697389654,-2.229162330365146
26.35,-2.227281012988315,-2.234367161215881,-2.231782342242909
26.355,-2.239285719310894,-2.249903873781149,-2.243764275299447
26.36,-2.2298130198216475,-2.2319921619236753,-2.23348198311634
26.365000000000002,-2.2264769925323216,-2.2354645815215926,-2.2327465131132476
26.37,-2.238368537589853,-2.238007538075339,-2.2382208101713363
26.375,-2.2760199644537744,-2.2721397500640954,-2.2714747843456466
26.38,-2.2638834985017575,-2.2699005561947083,-2.2692442504337405
26.385,-2.2159058139384498,-2.2218993002021556,-2.2142838879222895
26.39,-2.259048838540364,-2.261598036396802,-2.2597627218302203
26.395,-2.2400165189309216,-2.249904399213036,-2.244854390099928
26.400000000000002,-2.2371025116232097,-2.2376862201808208,-2.2337290762849875
26.405,-2.2578148810699825,-2.262059971985338,-2.2569590453553268
26.41,-2.2521123208083065,-2.255123694718957,-2.250119062390783
26.415,-2.252616568871056,-2.2542141868209042,-2.259360715814199
26.42,-2.2815620750739,-2.2877663801108503,-2.277843980180195
26.425,-2.302942367201811,-2.304887768955,-2.3040997513731503
26.43,-2.326948241754914,-2.3303332389109603,-2.3246445937620717
26.435000000000002,-2.3883294095712246,-2.3896379977897046,-2.3867423182865575
26.44,-2.4184903221085796,-2.423387485924524,-2.4173842272819877
26.445,-2.437235211579913,-2.4453110585212086,-2.444553555268945
26.45,-2.4207879487959754,-2.4269063156282815,-2.4252864113779173
26.455000000000002,-2.3788721092094844,-2.3823979006408194,-2.3781480143452134
26.46,-2.3657757120441354,-2.372013063417289,-2.3655200863571637
26.465,-2.3639499406275135,-2.3762276421778714,-2.3717903147343855
26.47,-2.4275463151932173,-2.431507660103314,-2.4302751596737577
26.475,-2.52719244371087,-2.5304728265743126,-2.5341671673427535
26.48,-2.4937457512002306,-2.4951237212103354,-2.490240983166971
26.485,-2.526152173752345,-2.5289473036611363,-2.5257021165316424
26.490000000000002,-2.576401001973973,-2.579205605509218,-2.576510751448798
26.495,-2.594818361473955,-2.6011469353295302,-2.598497760292398
26.5,-2.6153456542102114,-2.6229709560981265,-2.615430131848238
26.505,-2.6546451584472983,-2.657638327007109,-2.6529321418811183
26.51,-2.652870814344289,-2.658041578901295,-2.659258198047135
26.515,-2.6684012825102688,-2.6712215350838586,-2.670272809898431
26.52,-2.60514555355764,-2.616709406334295,-2.6093995274273447
26.525000000000002,-2.596662754891844,-2.6042119756536692,-2.599716219684069
26.53,-2.689683615648281,-2.6949591110822917,-2.6890012766299867
26.535,-2.6476420726643504,-2.65370671302286,-2.6522677600027955
26.54,-2.6503698257341815,-2.6626774220962277,-2.656653998634078
26.545,-2.6649113583320823,-2.6741402107165735,-2.673400427699547
26.55,-2.6363618766471326,-2.6380719764026335,-2.63909383943432
26.555,-2.6126275319087746,-2.6129060911075146,-2.6131490612345765
26.560000000000002,-2.6442810152914147,-2.658438377423437,-2.6431977554531954
26.565,-2.6124683128985846,-2.616707788519053,-2.6126555313026225
26.57,-2.562933949891168,-2.5698601998003694,-2.5621730199840265
26.575,-2.4824488425680147,-2.4917323882241273,-2.4868765637191492
26.580000000000002,-2.4349730665595892,-2.441144570454022,-2.4383617620043756
26.585,-2.46263935770476,-2.4659019568948217,-2.464742704952907
26.59,-2.410102603546412,-2.4117625962138747,-2.4061082321734824
26.595,-2.4274952555737097,-2.4338965061284505,-2.4294791251751437
26.6,-2.4282085298545844,-2.4394988390981736,-2.4293266517026826
26.605,-2.4514047670412396,-2.4519120865629764,-2.4507790535936533
26.61,-2.433802856575929,-2.4392636827646093,-2.4320501442491143
26.615000000000002,-2.4647047430568514,-2.464546585315448,-2.4627369697406043
26.62,-2.499866305898701,-2.5048205874988794,-2.5047713321155984
26.625,-2.475871845065809,-2.4868173276234624,-2.4837377168662615
26.63,-2.443101325542493,-2.455082623166295,-2.451595402781949
26.635,-2.4573096280930864,-2.460729361712518,-2.4581689758408833
26.64,-2.466438550095257,-2.472685855241097,-2.468201105625626
26.645,-2.3903001209792905,-2.40108071450949,-2.395606998641919
26.650000000000002,-2.37544632775034,-2.383371574748714,-2.380248193826764
26.655,-2.372343491182758,-2.3797986285915402,-2.373754752310924
26.66,-2.3183191613731453,-2.3247558391615697,-2.318449975553968
26.665,-2.297055921139626,-2.3042853289473952,-2.3005346907935404
26.67,-2.353198202331659,-2.3660436743365207,-2.3603500204102765
26.675,-2.288374601908584,-2.28954492485187,-2.289905311756258
26.68,-2.283100422938282,-2.2906104611950577,-2.2913881662816977
26.685000000000002,-2.2739095888101484,-2.284398138942455,-2.284823324896794
26.69,-2.258692649538171,-2.2640230756029633,-2.2647403767733563
26.695,-2.2465100522022845,-2.2567192783684353,-2.252917601560657
26.7,-2.27422014570417,-2.2856077378963993,-2.2757968731586224
26.705000000000002,-2.239553480302722,-2.2544867700414906,-2.239663685889057
26.71,-2.266739159176617,-2.276056285316925,-2.2694704311491134
26.715,-2.291777264032891,-2.294059788220739,-2.2854460165624233
26.72,-2.2455164781755848,-2.250828309276033,-2.249903395841082
26.725,-2.2558693237572314,-2.2589322390608086,-2.253383595909821
26.73,-2.3726097817075424,-2.3767825467501082,-2.374409316223384
26.735,-2.2903535566409925,-2.304089746396542,-2.2953329500505046
26.740000000000002,-2.26770042732445,-2.277702336759678,-2.2714990314030192
26.745,-2.2100865107922383,-2.2183130113874667,-2.210222952407012
26.75,-2.2582553941000576,-2.260277920835964,-2.2564491966350153
26.755,-2.239092262403664,-2.2462455653887936,-2.2454985446375453
26.76,-2.2184772991442,-2.2325992096180856,-2.229453423870377
26.765,-2.238684839917178,-2.2452910089466576,-2.2397068344128646
26.77,-2.227586483711251,-2.2335610643980246,-2.2289619324288488
26.775000000000002,-2.2739677477880953,-2.284168994183021,-2.2787017053866414
26.78,-2.3292542844641466,-2.336323667892171,-2.3196001491684872
26.785,-2.3279951454427086,-2.333817229753127,-2.3291728160387644
26.79,-2.325622558241137,-2.331264447373355,-2.325749719427401
26.795,-2.3281357830127702,-2.3359880290549664,-2.333223599389433
26.8,-2.3090515830581357,-2.3171644350479843,-2.310836683142858
26.805,-2.332942701509006,-2.3383081562479666,-2.334549910852095
26.810000000000002,-2.3443997774207,-2.361069543398786,-2.3506345597142593
26.815,-2.3601400782622575,-2.3705856832122834,-2.361333740117857
26.82,-2.378721503906274,-2.3890020287813503,-2.377931834868602
26.825,-2.3795520212300474,-2.391815224847911,-2.3880912686724316
26.830000000000002,-2.3541877995173066,-2.363706195879441,-2.3533895386121677
26.835,-2.3843046605484113,-2.397860551179298,-2.3917749279851535
26.84,-2.3482477287292847,-2.3566995779315865,-2.342695337734724
26.845,-2.333787386924255,-2.345646194670571,-2.3422772232096345
26.85,-2.3403392223281765,-2.351178663152562,-2.338777348691208
26.855,-2.393231275553417,-2.402758461131151,-2.3957674051741584
26.86,-2.380932198525354,-2.3905199047603394,-2.3833208350898745
26.865000000000002,-2.357848266863388,-2.3616251696659094,-2.3575970015922554
26.87,-2.3733386190408035,-2.3797077897336276,-2.3779348877539217
26.875,-2.4087202334905675,-2.4175445293688447,-2.4144917922122544
26.88,-2.4576987831256702,-2.4679380207969075,-2.4547576180126423
26.885,-2.4969429186886414,-2.5059925992253844,-2.496555595838691
26.89,-2.5093191193250877,-2.5161936760635224,-2.5078511323508335
26.895,-2.500896489086577,-2.5129978759847114,-2.5059662865026864
26.900000000000002,-2.475356551711359,-2.4889950721343324,-2.478089091777644
26.905,-2.5340431872666898,-2.539859691446864,-2.5335710819614343
26.91,-2.543394910272951,-2.5527670255418076,-2.5448594879948536
26.915,-2.503680361236892,-2.512654829283611,-2.4979913716319277
26.92,-2.50910749993217,-2.5182045231643215,-2.517672239808665
26.925,-2.547620508900187,-2.5580496532264787,-2.5516961725487133
26.93,-2.55314208566876,-2.5605027207478863,-2.5500854007378924
26.935000000000002,-2.5316151991634634,-2.53744388412504,-2.5319024440477156
26.94,-2.5363167590678173,-2.5429403621511515,-2.5370809787781115
26.945,-2.5379268675961026,-2.543136853512211,-2.5414245412744174
26.95,-2.524548182558226,-2.535624514232448,-2.5300152689743243
26.955000000000002,-2.5335134328524638,-2.538681857370889,-2.5343370381101225
26.96,-2.4403921273160782,-2.4454971900107596,-2.435323845901955
26.965,-2.422661926278317,-2.4300924727022797,-2.421803921636766
26.97,-2.411706743148993,-2.412882942516391,-2.413945233827464
26.975,-2.404039646879741,-2.4181677124893963,-2.40649300305868
26.98,-2.3716220758583564,-2.3836212507085848,-2.37205875295352
26.985,-2.368427175712921,-2.375238218425106,-2.3686755587397177
26.990000000000002,-2.3780017766613177,-2.378350779291028,-2.3736681127361443
26.995,-2.3699916587377734,-2.3784917226111757,-2.3724907429214706
27.0,-2.3850702852304826,-2.3956977936092274,-2.3823481563219833
27.005,-2.384148431817422,-2.39075985834768,-2.389457522440434
27.01,-2.369973730176882,-2.374874016461122,-2.368104980450814
27.015,-2.3520881956809263,-2.358502525539033,-2.3531207709557216
27.02,-2.3314435662511297,-2.337072715124391,-2.334754456344671
27.025000000000002,-2.3634978745120727,-2.3719158998177905,-2.3649603620847857
27.03,-2.4096441800285446,-2.4140416648458185,-2.405250480978149
27.035,-2.395187896086411,-2.398598200219932,-2.3971195407421257
27.04,-2.4694498258804165,-2.4712356245432403,-2.4693873158552404
27.045,-2.45444952024777,-2.4648101064025347,-2.4549973904358073
27.05,-2.3916396734079135,-2.401488751021617,-2.3909705812650746
27.055,-2.425520723161363,-2.437537237549427,-2.427543378349387
27.060000000000002,-2.391260664966318,-2.396366975389762,-2.3825909919764836
27.065,-2.3701741862094,-2.3765749690856337,-2.37137736200628
27.07,-2.3536355819186454,-2.368323257509375,-2.357445838842309
27.075,-2.329100469155035,-2.3360452676748085,-2.32086399705269
27.080000000000002,-2.3456308941633552,-2.354913823852206,-2.344817399296263
27.085,-2.355217627490778,-2.359688571687467,-2.352821831075542
27.09,-2.385231023912909,-2.389233254939798,-2.3790241092976134
27.095,-2.3515814788049476,-2.350058042181287,-2.347908766529405
27.1,-2.351839164121979,-2.3604900226119367,-2.354824138156157
27.105,-2.3579268545934524,-2.3626281345725895,-2.352063578777763
27.11,-2.3517960880159805,-2.361015916867372,-2.3527040512985913
27.115000000000002,-2.3346261779049438,-2.3415042955405663,-2.334161141277389
27.12,-2.374746409417446,-2.3831399414407697,-2.3801876970109306
27.125,-2.351790664514605,-2.3612720235916242,-2.3490459700734476
27.13,-2.3751068950244276,-2.380339388093932,-2.367988253984743
27.135,-2.381695898512781,-2.388963929776182,-2.3801431852586
27.14,-2.4346998734540835,-2.4422779877173264,-2.4397930351948824
27.145,-2.4455867378044776,-2.455781339863139,-2.4443200065268713
27.150000000000002,-2.4402791737746585,-2.4395654285426045,-2.435681527041488
27.155,-2.377590407652664,-2.3860132695812615,-2.3753709813348376
27.16,-2.4153516432536137,-2.4189313794590745,-2.4089783815319112
27.165,-2.401575761953911,-2.405138049207281,-2.3992840110853155
27.17,-2.3229981218238653,-2.3248547945352236,-2.3169932796920256
27.175,-2.361797123221384,-2.3617449698352058,-2.357899349057258
27.18,-2.398098235670398,-2.400852940765254,-2.394424058429121
27.185000000000002,-2.4148923442254033,-2.418124649365772,-2.4141095076036723
27.19,-2.4022742864995754,-2.4058362801276316,-2.403468275109795
27.195,-2.4523858983313853,-2.459288002498025,-2.452227491218696
27.2,-2.435103420935162,-2.4411370905882257,-2.4292347099258778
27.205000000000002,-2.504810640713677,-2.5075002126469013,-2.5022563010040977
27.21,-2.4677765885993597,-2.4738371712966125,-2.4712657852177733
27.215,-2.420545325507024,-2.422834736835008,-2.418008461410528
27.22,-2.4156686986003275,-2.422940949755723,-2.4142074152143107
27.225,-2.4920986526037274,-2.4911181403252614,-2.490736758404982
27.23,-2.5131336220727136,-2.508953387197884,-2.5107099396664325
27.235,-2.5388297491597647,-2.5450149719880413,-2.5366001243883347
27.240000000000002,-2.5103316476018094,-2.5148858396572336,-2.512494195755271
27.245,-2.5360435200391738,-2.5402600665121855,-2.5315406517554018
27.25,-2.4488730895514377,-2.4507255182866543,-2.4436200973342768
27.255,-2.490559451514228,-2.4916480661480978,-2.4898808486769277
27.26,-2.4633957671981954,-2.4675639904641287,-2.4685683668141754
27.265,-2.489458573597275,-2.488940235749004,-2.4921813336685905
27.27,-2.4286455913885905,-2.430634845360971,-2.424381466693135
27.275000000000002,-2.429140781053798,-2.434556997714028,-2.4309613969714396
27.28,-2.4639027293017555,-2.4650160046252743,-2.452574290111924
27.285,-2.4167504122130246,-2.4239617231706214,-2.419574342075099
27.29,-2.3374591896033214,-2.3391449661646515,-2.3388661054732522
27.295,-2.343913545074743,-2.346138583216568,-2.34698668497592
27.3,-2.3781501257561035,-2.383601735094882,-2.37822524557681
27.305,-2.344837996681745,-2.3492040295930594,-2.3406534455379258
27.310000000000002,-2.2849999088218267,-2.282596970574792,-2.287847413998659
27.315,-2.35994052903748,-2.3612471115049583,-2.3567363625808455
27.32,-2.343308983106657,-2.3486767021378596,-2.345748436125407
27.325,-2.409811571309675,-2.4065734496565905,-2.4112169082688317
27.330000000000002,-2.396544807261174,-2.4012573915579347,-2.400945341257582
27.335,-2.39143814866594,-2.393626813572524,-2.3972487490783427
27.34,-2.379561309315933,-2.3829833815900874,-2.383993565617278
27.345,-2.347855378565039,-2.3556806827119,-2.3488503889487506
27.35,-2.3768220367563675,-2.3782856384191264,-2.37642656558673
27.355,-2.377893459200224,-2.3830549819647135,-2.374635040375741
27.36,-2.3961208280717763,-2.4003725181226967,-2.39458647901203
27.365000000000002,-2.4421861740025266,-2.4470090111232583,-2.4409361263462688
27.37,-2.419597258820805,-2.4237187808622442,-2.4171755148584957
27.375,-2.414555453018657,-2.4142985073502885,-2.410028051894705
27.38,-2.4215628874718895,-2.422206503555189,-2.4189507209155092
27.385,-2.4048795040036053,-2.4139127328423333,-2.4026158473480765
27.39,-2.4481444358911735,-2.455552473030245,-2.445346534819455
27.395,-2.484212628945135,-2.4904822992070828,-2.477217259210015
27.400000000000002,-2.4214643340447277,-2.425077141780641,-2.4260227262449883
27.405,-2.401967847522888,-2.403614595114886,-2.3991717482862693
27.41,-2.342074327105821,-2.349292418475557,-2.338040534800856
27.415,-2.4125866860103633,-2.4165544198875426,-2.418407090493441
27.42,-2.4579210811648045,-2.462178292067937,-2.4590438138179094
27.425,-2.4848035682467557,-2.490017962255787,-2.487114675651939
27.43,-2.5154167416452116,-2.5239105409369023,-2.5171752991236938
27.435000000000002,-2.554554062586415,-2.5568066883612315,-2.5429016297865066
27.44,-2.605122276501672,-2.6064493998272993,-2.5993656454059884
27.445,-2.562171895004264,-2.5597196221476373,-2.5574547030410515
27.45,-2.5712241783907266,-2.5724038417639377,-2.562091338604732
27.455000000000002,-2.5853362689635846,-2.584431689648595,-2.575811272326506
27.46,-2.597732602391924,-2.5963052857305238,-2.5949659715680884
27.465,-2.648036955621204,-2.649246747071759,-2.64683691033627
27.47,-2.7043434310834362,-2.711282524824925,-2.7000657718656114
27.475,-2.727267103897258,-2.725927588463469,-2.727664390351306
27.48,-2.757101645176487,-2.76142456362236,-2.752674740629667
27.485,-2.7987228212035857,-2.8053868423960067,-2.79591275029658
27.490000000000002,-2.7419416121217726,-2.7470053213483547,-2.7391012575484974
27.495,-2.7741423524172264,-2.775427567351163,-2.773530246622206
27.5,-2.737015294512821,-2.741608233381757,-2.7354911443327654
27.505,-2.772715964209733,-2.77655724039567,-2.7638740539661306
27.51,-2.7766089724610326,-2.7774321664104025,-2.774853909503446
27.515,-2.7460964400309296,-2.7499048910226542,-2.7393869923061147
27.52,-2.7727550068422273,-2.776503198400053,-2.7726349720975967
27.525000000000002,-2.7682722298400466,-2.7711301490758102,-2.763225975721788
27.53,-2.806725670886116,-2.8109977320542527,-2.8030717086708132
27.535,-2.786163980776717,-2.7866288936896018,-2.7771974365598733
27.54,-2.7952059882950815,-2.799894634958663,-2.793315254904897
27.545,-2.797789801241097,-2.803301013807355,-2.7930711018759573
27.55,-2.7695106617223355,-2.770042286968804,-2.763924075795495
27.555,-2.737922909864153,-2.742476888869125,-2.734040398564613
27.560000000000002,-2.7118944275364645,-2.7108047386126866,-2.703739540054042
27.565,-2.720262189949174,-2.720364216163715,-2.71704022511022
27.57,-2.701669625942063,-2.7062503317760167,-2.699483235877426
27.575,-2.7306401643300577,-2.7341257133011125,-2.7293259885014893
27.580000000000002,-2.7067517524662783,-2.708642067097001,-2.703411212439838
27.585,-2.6366801785279352,-2.6419408036047445,-2.638681539926055
27.59,-2.612437274640715,-2.617828738466886,-2.6103345029314324
27.595,-2.7132393893840097,-2.7128131129402977,-2.708693288862893
27.6,-2.6700790888882633,-2.67296735290033,-2.6701603074307894
27.605,-2.6298348683651405,-2.6316833950794485,-2.628799144458573
27.61,-2.673970517181984,-2.6722124889626997,-2.6741662894341856
27.615000000000002,-2.6421879570985043,-2.643197208884383,-2.6389711888348204
27.62,-2.646506129508672,-2.6480266589822756,-2.6443155454543996
27.625,-2.6239870713898914,-2.626311187432884,-2.6191665066309784
27.63,-2.5543787578177675,-2.5585878774102184,-2.5494290413390543
27.635,-2.6176271725779303,-2.623361165176284,-2.616061733860126
27.64,-2.644031681326276,-2.6434703859804913,-2.6398438800781396
27.645,-2.651530222212056,-2.6504785688534342,-2.6548969525886643
27.650000000000002,-2.667033518586345,-2.6675996125884653,-2.6650386743891583
27.655,-2.63264643254226,-2.632844006615384,-2.6285256438295406
27.66,-2.588928718656754,-2.587575461792057,-2.584162069258138
27.665,-2.615502540480048,-2.616543770377319,-2.611701536522893
27.67,-2.542810829294752,-2.5435836609819784,-2.5429321565754797
27.675,-2.5521753756930403,-2.5479962299719277,-2.5457941299546483
27.68,-2.548431723070653,-2.5507079033025244,-2.5440033356118277
27.685000000000002,-2.5765112979034113,-2.571498291499653,-2.5664890895943904
27.69,-2.499705542851457,-2.500757758270798,-2.494786994530811
27.695,-2.5573374217125195,-2.5585965624150617,-2.549472496352902
27.7,-2.561552133538656,-2.557172438466108,-2.554251921868475
27.705000000000002,-2.5522007135955205,-2.550526547387888,-2.545478127970173
27.71,-2.5144612431358397,-2.513430931978843,-2.513961551192012
27.715,-2.4873182892078067,-2.483017271500102,-2.483889558591885
27.72,-2.472898238083737,-2.475453140306112,-2.465145389219432
27.725,-2.4879948488692576,-2.495608156646634,-2.4869058388009035
27.73,-2.5576542158553264,-2.562336731364874,-2.55322532956228
27.735,-2.5439264303879523,-2.545020610337977,-2.5403197325751132
27.740000000000002,-2.586733341645126,-2.5867390428374857,-2.578722829591322
27.745,-2.55278543822058,-2.5460404593498582,-2.5434038378527832
27.75,-2.528789287228156,-2.530976445527218,-2.52439116805814
27.755,-2.5349449079192765,-2.5348853305658916,-2.530150015700269
27.76,-2.4959897939611206,-2.4973349974685926,-2.493450722758693
27.765,-2.4650724253903897,-2.466086986217475,-2.4625074745765865
27.77,-2.444269548605828,-2.440243250316445,-2.437175100330746
27.775000000000002,-2.3686264429995405,-2.3702679856358433,-2.365941628451678
27.78,-2.45904464442411,-2.4597638748209736,-2.4546923466450563
27.785,-2.433230041832061,-2.433103611308254,-2.429177216527499
27.79,-2.4189532289602655,-2.4199318968986754,-2.413569761863599
27.795,-2.4171029151895382,-2.413140512074794,-2.407448354795209
27.8,-2.4086127684686764,-2.4134730068427563,-2.4134331144458216
27.805,-2.3817917910132613,-2.386210211300678,-2.382332928234093
27.810000000000002,-2.429112868109314,-2.4316943367744166,-2.4231808825917844
27.815,-2.463789499193344,-2.4686507507037905,-2.4598492338958913
27.82,-2.4645874523359708,-2.4662666115865157,-2.4595686689109777
27.825,-2.4410135839540006,-2.4477505867895806,-2.434144264739599
27.830000000000002,-2.413936583505975,-2.414150023791323,-2.413212161816322
27.835,-2.4305493870790658,-2.4257035361627786,-2.425267601525668
27.84,-2.4527700775254933,-2.459727940588049,-2.447350919019937
27.845,-2.4601919757090425,-2.465043171706344,-2.460449805455352
27.85,-2.473047396570619,-2.48050062372302,-2.474850471418681
27.855,-2.504891893661938,-2.505005399623775,-2.5035289844957407
27.86,-2.4408484413269016,-2.4406224179763503,-2.4300238729692762
27.865000000000002,-2.4416009515469397,-2.4451411829852585,-2.441783877334034
27.87,-2.449853552842025,-2.457287255831746,-2.44890714912066
27.875,-2.4252866850284143,-2.425490535429898,-2.4182201707394504
27.88,-2.4374692843823436,-2.444054554248841,-2.436421344767698
27.885,-2.451445834911917,-2.445376441977161,-2.4498969796403585
27.89,-2.4408124548093046,-2.4360091209766703,-2.4281979431952
27.895,-2.3933244050308478,-2.3910249404810604,-2.390480440339893
27.900000000000002,-2.384407924889612,-2.3852774112105575,-2.3816704656688397
27.905,-2.385882199587389,-2.3848186388081425,-2.3820670292678336
27.91,-2.369588900992452,-2.3731279218117636,-2.3661218262577006
27.915,-2.3509662592406606,-2.3532132184474195,-2.3472768051281276
27.92,-2.4296336650691397,-2.430852084121156,-2.4240084890675218
27.925,-2.4497463354802216,-2.450403173568312,-2.4426723702308286
27.93,-2.3376157354695226,-2.3350238545069124,-2.327169732936483
27.935000000000002,-2.359231755073202,-2.3632248731634182,-2.3524513687781496
27.94,-2.377268721608686,-2.377845238792164,-2.3711773032983174
27.945,-2.376381042835142,-2.3776238298169745,-2.3649804349151538
27.95,-2.3039276895536696,-2.3075731145574516,-2.30331340329408
27.955000000000002,-2.3096772752396775,-2.316413094906246,-2.3041502218278933
27.96,-2.347345801271116,-2.351085758120077,-2.3509608501250834
27.965,-2.310158074482621,-2.315098429302272,-2.302257185354664
27.97,-2.326787631776946,-2.333789270900233,-2.3213824851866893
27.975,-2.293692734447254,-2.2992512036017994,-2.2849574392879304
27.98,-2.250935100270425,-2.253191945653499,-2.2462765008867986
27.985,-2.2538399712419306,-2.2543336122681104,-2.2499426443159565
27.990000000000002,-2.2558260438968474,-2.260256579106563,-2.2487111950172216
27.995,-2.272766271951581,-2.272413675411177,-2.266550858625123
28.0,-2.2747162359547826,-2.278546172724698,-2.270712662770711
28.005,-2.2470110319120065,-2.254471756753741,-2.243248094946891
28.01,-2.2913679437621823,-2.2936581627037755,-2.288395065742543
28.015,-2.286950345904759,-2.292181609338248,-2.2822851649668148
28.02,-2.310366016143354,-2.315659971008872,-2.304893790118509
28.025000000000002,-2.328646254397868,-2.329973775796535,-2.319485286233454
28.03,-2.3153953991032603,-2.3191178977028613,-2.309518125772316
28.035,-2.293340916975357,-2.2965594119689903,-2.285118928013797
28.04,-2.293273267816799,-2.290022519324875,-2.290747674402649
28.045,-2.3101971115958975,-2.313289481901417,-2.308679310846375
28.05,-2.319935470079474,-2.3238799034655497,-2.3160526863663558
28.055,-2.3251563802931186,-2.323205920894264,-2.317847215429274
28.060000000000002,-2.263119933165392,-2.264163047431881,-2.2550112481328637
28.065,-2.2882255182858233,-2.290857550082359,-2.2807007604733287
28.07,-2.347488671329015,-2.347208575401256,-2.3414176476713084
28.075,-2.3082288286537374,-2.3031522757185434,-2.2981675744940446
28.080000000000002,-2.2937728807954367,-2.2900671419417735,-2.284985462413971
28.085,-2.3028057287198656,-2.301580240323526,-2.291490105946924
28.09,-2.3154169817651167,-2.316665134049441,-2.3095428922781873
28.095,-2.2870818725177666,-2.289420812704925,-2.279779116983824
28.1,-2.3274094489625696,-2.3334049387812277,-2.327134668977234
28.105,-2.3522972447659223,-2.353829845661349,-2.3483533249510185
28.11,-2.40458279008969,-2.4076092217828564,-2.4025495068054084
28.115000000000002,-2.3963264803500275,-2.3957440709464852,-2.38569806003718
28.12,-2.436091048141103,-2.4348023167370623,-2.4256543169918747
28.125,-2.4245730981397267,-2.428701076055145,-2.4222996252558784
28.13,-2.492566867992614,-2.496937004793934,-2.4877058282208147
28.135,-2.465609524576411,-2.4523073898731886,-2.4491142686326257
28.14,-2.4778781842758764,-2.480327748193181,-2.475109037588468
28.145,-2.427998914008889,-2.437370014151023,-2.4260923800437744
28.150000000000002,-2.3709367484524706,-2.36521198473853,-2.3556207699596925
28.155,-2.3244849790449815,-2.3317429570876604,-2.32033436705809
28.16,-2.3065973125324244,-2.30277636737308,-2.2938800878470347
28.165,-2.3154961920427506,-2.320934886955909,-2.3122555910546114
28.17,-2.3511165647791668,-2.351465561774857,-2.344042753068704
28.175,-2.3354228946112716,-2.332200753513535,-2.3247917583333435
28.18,-2.321986241504674,-2.323988611281375,-2.3145190924945327
28.185000000000002,-2.3049593072737236,-2.314407580610977,-2.2983258087341913
28.19,-2.3127449128062656,-2.3191002934226423,-2.310172277625496
28.195,-2.2966926583702296,-2.3011544067635032,-2.292762806536842
28.2,-2.2988784040544448,-2.3030832296461443,-2.290614967967279
28.205000000000002,-2.3474616797867722,-2.34712061618408,-2.333306710990121
28.21,-2.313941293814871,-2.317297707495471,-2.315647669070007
28.215,-2.3333567927067933,-2.343037800965213,-2.332798649034705
28.22,-2.318652640305298,-2.326206786708952,-2.3207882184450925
28.225,-2.330876119167714,-2.3282597406133725,-2.3168196073214413
28.23,-2.317019946857697,-2.321190013780208,-2.3063171277904257
28.235,-2.2467651865589975,-2.244352109600956,-2.2351922788735235
28.240000000000002,-2.1931053342024347,-2.1907638509279983,-2.18242538067002
28.245,-2.1873925690966805,-2.1893957904052908,-2.1807533086300497
28.25,-2.2387124158001734,-2.242914777350375,-2.230878349919785
28.255,-2.274689586174991,-2.271882461811092,-2.262567026580163
28.26,-2.2917907184306077,-2.296389524039159,-2.2871966131923407
28.265,-2.3149042649321623,-2.315407248543983,-2.3066281152253625
28.27,-2.3372834819923227,-2.3421930405409177,-2.3255000838897875
28.275000000000002,-2.3638631773533634,-2.3649172012734154,-2.3554778160465615
28.28,-2.4007366812719955,-2.397343450524383,-2.3852848337292762
28.285,-2.395931538960196,-2.3961070822181774,-2.3843538331190928
28.29,-2.430435531657453,-2.428949814061876,-2.4250106150901085
28.295,-2.367904243762407,-2.3745824117327583,-2.3619363526832164
28.3,-2.36001139277784,-2.3675073913894806,-2.3534687789010635
28.305,-2.349787063548724,-2.3546678853443868,-2.34809158990569
28.310000000000002,-2.4012300893758076,-2.4088715515256394,-2.3943737914002834
28.315,-2.44250879642619,-2.441005715243606,-2.437672354598366
28.32,-2.4478718877158765,-2.451581781995857,-2.4456818537044067
28.325,-2.4242114156300603,-2.4261687886563394,-2.4164291734039636
28.330000000000002,-2.4342320991035606,-2.43720884112178,-2.430849822892248
28.335,-2.454883718967252,-2.454964540100358,-2.451666236703932
28.34,-2.511655184150303,-2.5153313162004856,-2.5098527323127824
28.345,-2.601957220521713,-2.6081594892094913,-2.6017972474745448
28.35,-2.636815114690543,-2.6387683832722733,-2.6328801322713287
28.355,-2.619969416134566,-2.6261282182513006,-2.615045160226677
28.36,-2.5858957004545613,-2.591785172355027,-2.578976384950215
28.365000000000002,-2.631982382031019,-2.635877162903437,-2.626875449783285
28.37,-2.616813894143985,-2.6182505009745007,-2.6080405409565697
28.375,-2.610271273262128,-2.6100259340244274,-2.6018406908310903
28.38,-2.6244568930582997,-2.626347735760298,-2.616387929820938
28.385,-2.6525433813843353,-2.65694856135878,-2.649991802330531
28.39,-2.683781106569529,-2.6870528551672197,-2.6751471547633914
28.395,-2.7561737296427657,-2.76410264993919,-2.7532437973469026
28.400000000000002,-2.778349327709413,-2.7784681547276824,-2.7666926491654187
28.405,-2.7882257278366005,-2.795832744095396,-2.789656292161163
28.41,-2.768439736783849,-2.771860797710853,-2.761187084949769
28.415,-2.788305935304084,-2.7890595288254025,-2.78298336847656
28.42,-2.820587286801064,-2.8180673726738004,-2.815582609832076
28.425,-2.8671574883965536,-2.8616666044224575,-2.856356467250344
28.43,-2.8266730308939554,-2.831266612570213,-2.820316651498416
28.435000000000002,-2.843326094426948,-2.8436895383439125,-2.8399085403875537
28.44,-2.837197829366335,-2.8374852497417002,-2.8288560677997485
28.445,-2.8448231798055614,-2.842914327392341,-2.836811426821188
28.45,-2.796741381332947,-2.8047536928368326,-2.7898939540306
28.455000000000002,-2.7858401576082277,-2.783403851984201,-2.778666911465594
28.46,-2.727168407995595,-2.7295055208149113,-2.71396336571092
28.465,-2.701806809640077,-2.7046576562044695,-2.696802279625775
28.47,-2.6970693194558057,-2.7054995964374973,-2.6922714967753576
28.475,-2.7252664295161892,-2.73340382511926,-2.724006332895959
28.48,-2.7409021244521,-2.7465475427406156,-2.731652337833972
28.485,-2.7613345028800307,-2.762393406500001,-2.7537380966019556
28.490000000000002,-2.7271721463929564,-2.730862634728824,-2.714776708136048
28.495,-2.6637120646798964,-2.6600325284373083,-2.650436146978635
28.5,-2.705785223504548,-2.704745748177395,-2.697523592927326
28.505,-2.7706332123233097,-2.7764848306766012,-2.765547076060069
28.51,-2.7504790984737246,-2.7537541558507774,-2.745601690866263
28.515,-2.726496042405807,-2.7263982817046797,-2.7156326903255206
28.52,-2.711749936541412,-2.7099239179001513,-2.6982394762710795
28.525000000000002,-2.7387637931187014,-2.7362883253303276,-2.731026245395452
28.53,-2.7614458707130916,-2.7660098219554725,-2.7550909015791243
28.535,-2.7113843215918036,-2.7117201527973704,-2.7052364884147684
28.54,-2.7406630060333224,-2.7410811044257772,-2.7317045745713093
28.545,-2.6661604020004104,-2.668260652930803,-2.651565822327905
28.55,-2.6696325733376827,-2.671956271797695,-2.6624327729714015
28.555,-2.657844532229714,-2.6497354137930533,-2.6388186039064068
28.560000000000002,-2.625172780519168,-2.6272049045683934,-2.6142459059693226
28.565,-2.650337003399883,-2.651854689517766,-2.649321005042943
28.57,-2.6502466691096545,-2.64319961319873,-2.631165332060054
28.575,-2.629590944959938,-2.630658032325601,-2.616940184093158
28.580000000000002,-2.6017714218191794,-2.59970052668384,-2.5928955942864027
28.585,-2.6385276919632026,-2.634720732839021,-2.632486254709044
28.59,-2.65913261910812,-2.660731554432965,-2.6553892572786513
28.595,-2.658780190817207,-2.6623049218607044,-2.646281851373532
28.6,-2.6701108205182056,-2.6723477125654966,-2.660425680438425
28.605,-2.6223960681618554,-2.6226047006975426,-2.616460942631401
28.61,-2.611693540416127,-2.610331973675741,-2.6030377456425455
28.615000000000002,-2.594477564384478,-2.603080932371411,-2.5892881521473794
28.62,-2.5883230506485955,-2.5848734232583626,-2.5779361010049975
28.625,-2.5575845655533693,-2.553827437213376,-2.5488447014425963
28.63,-2.550049117721778,-2.5414496749261186,-2.5397951712373508
28.635,-2.522223714464726,-2.5166405430645122,-2.5113844971218504
28.64,-2.505029780362228,-2.507647404726827,-2.497084924152547
28.645,-2.5761310434568716,-2.575811193191578,-2.5628140231743695
28.650000000000002,-2.5699482647576537,-2.5654848434889703,-2.558755453289072
28.655,-2.588123087997333,-2.588425269805259,-2.5798388474416307
28.66,-2.478718087463977,-2.483589935697831,-2.4724656091239035
28.665,-2.5228667441839905,-2.523439264042978,-2.5107481080936673
28.67,-2.5134488004978297,-2.5154695387314367,-2.505512054863789
28.675,-2.5115197436484675,-2.5049676847835927,-2.494381627756703
28.68,-2.531414563048942,-2.529080815590083,-2.5237403813701538
28.685000000000002,-2.6267083432452605,-2.6236474974081867,-2.622651152501186
28.69,-2.634162283175729,-2.6300906446441417,-2.6250236856746163
28.695,-2.7081339837423872,-2.712753858114765,-2.7098066583762668
28.7,-2.697848680119058,-2.7013452041921844,-2.695565250236055
28.705000000000002,-2.710107168553215,-2.710740631434984,-2.7025834506953226
28.71,-2.679187083375082,-2.678485125232117,-2.675136557094806
28.715,-2.6563560619087108,-2.659529186367925,-2.655332083057101
28.72,-2.673878881416043,-2.6737769003428946,-2.670902808687273
28.725,-2.58260974769912,-2.5858193269293905,-2.5785749779306153
28.73,-2.545851695680065,-2.5448077909243945,-2.536491432485543
28.735,-2.557310362630419,-2.555631188398169,-2.5471868151124064
28.740000000000002,-2.4879638678866494,-2.483767368025516,-2.4812395630388604
28.745,-2.463194885639804,-2.4621686895647814,-2.4581934702161257
28.75,-2.4834122626823856,-2.4866138816531365,-2.478133683754728
28.755,-2.520038885182738,-2.51961141448622,-2.5175543283950974
28.76,-2.5065561874513285,-2.508930339980179,-2.5024536359913925
28.765,-2.4739627856450492,-2.479399007480365,-2.473607033330666
28.77,-2.423856816667496,-2.4251840543769707,-2.4165185668968823
28.775000000000002,-2.4512966898486406,-2.456188872772394,-2.44534849338201
28.78,-2.460153504049552,-2.463544419448595,-2.453180393951601
28.785,-2.44191891198815,-2.4449737511635554,-2.4360368062326687
28.79,-2.4274823784419746,-2.430566298622116,-2.420555782947532
28.795,-2.403136882477524,-2.3928831838443494,-2.3898862210382585
28.8,-2.2949609659858154,-2.300331372246945,-2.2905096441269377
28.805,-2.2385714984134983,-2.241302061075153,-2.2373068005415733
28.810000000000002,-2.2414072418583757,-2.2463076322565243,-2.2310100274139146
28.815,-2.2226648708487446,-2.2277254745547586,-2.2203035813386136
28.82,-2.253196609147845,-2.257448280023324,-2.24499675752952
28.825,-2.2791285585594596,-2.277978056504686,-2.2701828513167324
28.830000000000002,-2.2926086215512473,-2.289185751087155,-2.2843901428660236
28.835,-2.2626058510864278,-2.2670081084665976,-2.2590098042610247
28.84,-2.2449603357760153,-2.243205235492195,-2.237133614260148
28.845,-2.256376600454199,-2.2542541304021126,-2.247446531038666
28.85,-2.196040523786403,-2.199387567010489,-2.1898426946557388
28.855,-2.173332873056679,-2.175463825746131,-2.1681366933041524
28.86,-2.149761585853507,-2.1535817098572574,-2.1439093104333753
28.865000000000002,-2.132422321352675,-2.137002675663156,-2.131364895871691
28.87,-2.1022180287285606,-2.112024918006504,-2.1021175839875883
28.875,-2.0991480654991785,-2.1029452769003165,-2.0944878636266773
28.88,-2.0778624298331843,-2.080332509389947,-2.0758119367677574
28.885,-2.0003325514151347,-2.0062284004166644,-1.9941645902806662
28.89,-2.006560519462921,-2.0081409035178672,-2.0027426464236227
28.895,-2.029074841858875,-2.027892203376548,-2.018764436618782
28.900000000000002,-2.0313959434954905,-2.0287206601145082,-2.024321795339625
28.905,-2.0400313872451656,-2.0354397694835322,-2.032694959379974
28.91,-2.048319809084925,-2.0455236224673854,-2.036349740625869
28.915,-1.9869033270271084,-1.985146704576487,-1.9839295354981221
28.92,-2.006237087827533,-2.0070160109533584,-2.0033899197482996
28.925,-2.0294270098377525,-2.0320730262734332,-2.028522379187207
28.93,-2.0051082956021746,-2.008795707187715,-2.000556004634861
28.935000000000002,-1.9701550359255673,-1.9688557905435442,-1.9615814295919287
28.94,-2.01612218490624,-2.0160082509463155,-2.0094996563032157
28.945,-1.985801440134601,-1.9847640513500528,-1.9798779168563736
28.95,-2.0056546990656723,-2.010136636269835,-2.0014079200404296
28.955000000000002,-2.0073615605325394,-2.004356107986355,-2.003332709922924
28.96,-2.0059997196815913,-2.0090442261161283,-1.9965206481003033
28.965,-2.0213138335346006,-2.0246710380271766,-2.018332761251515
28.97,-2.0820524658836774,-2.0811919338264517,-2.074311641263013
28.975,-1.9995236296499286,-2.004248113432468,-1.9933467671506557
28.98,-2.0409865584706646,-2.049396108693884,-2.034659000665807
28.985,-2.048358580485143,-2.0489810377610547,-2.0471931652388564
28.990000000000002,-2.040683372719163,-2.0412109903036857,-2.0360376290144937
28.995,-2.0209139721706535,-2.026019560445577,-2.0177767725500844
29.0,-2.025441872025184,-2.024069513491423,-2.0138871561207905
29.005,-2.045824944625415,-2.0442068104898934,-2.0390360304375736
29.01,-2.026454835493554,-2.0288845231697032,-2.019988857231115
29.015,-2.031412728240354,-2.0328638592661745,-2.0258333708322196
29.02,-2.08622747147489,-2.083343979466898,-2.076869599469944
29.025000000000002,-2.0583216450021165,-2.064518748514251,-2.0543190065490813
29.03,-2.0048422182269445,-2.004038867249246,-1.9966828070891003
29.035,-2.036095059518232,-2.0407663131982607,-2.028375238240081
29.04,-2.00300899923739,-1.995763061951958,-1.9953393370663808
29.045,-1.967752407823862,-1.9662422236169395,-1.9528291619395433
29.05,-1.9622186001769077,-1.9655352595072737,-1.9567231226760289
29.055,-1.935072441160205,-1.9392099563533258,-1.927635771714971
29.060000000000002,-1.9300869490824686,-1.93382571696443,-1.9243019164814845
29.065,-1.9280940395905681,-1.9286151886591512,-1.922891965703971
29.07,-1.9574234481091082,-1.9591505715763498,-1.951296596346839
29.075,-1.9485054427798767,-1.9438805998565272,-1.9375141319422862
29.080000000000002,-1.979710695071398,-1.9829058529448245,-1.9765485855397462
29.085,-2.00810868814197,-2.008511033882324,-1.9985530126109945
29.09,-2.0287896410971955,-2.029156841492249,-2.023492196655184
29.095,-1.9824571217599842,-1.9828384707659898,-1.9748842381650795
29.1,-1.9931094822654554,-1.9923931733673679,-1.9854394956816819
29.105,-2.029991716419988,-2.031217889728894,-2.0212623782209755
29.11,-1.9938138102855187,-1.9975626869761476,-1.9886760333579894
29.115000000000002,-2.017776282875367,-2.01722830564205,-2.0106792702710923
29.12,-2.020738678243756,-2.0209281579480516,-2.0086240482291027
29.125,-1.97928071844692,-1.9838595563561738,-1.9755166355474887
29.13,-1.946158140777541,-1.9499135244309649,-1.9462193509617043
29.135,-1.8938208105269168,-1.9037376313430407,-1.8927272232776573
29.14,-1.9657322694563188,-1.9662533254308256,-1.9599003631330754
29.145,-1.9443640251652616,-1.945163025126128,-1.9428739969775648
29.150000000000002,-1.941085502166332,-1.942254978723435,-1.9377653316317374
29.155,-1.9550676895575174,-1.958836698310013,-1.9501960706996877
29.16,-1.942353874143278,-1.9408533403375723,-1.9368369735365354
29.165,-2.061349821755473,-2.0594348993343847,-2.0526290446071154
29.17,-2.0752218151740536,-2.0752383555021967,-2.072156474257578
29.175,-2.1166255807246612,-2.1125929273599846,-2.109267491324476
29.18,-2.063827104990455,-2.069445772579478,-2.060776669527539
29.185000000000002,-2.066127014916731,-2.0667803596302083,-2.0624040540006123
29.19,-2.012270831840303,-2.019501751601488,-2.010716807040461
29.195,-1.9796688426024518,-1.9795929844140383,-1.9727448481729555
29.2,-1.8925110178461892,-1.8942393281109084,-1.8873081039461348
29.205000000000002,-1.915498400632488,-1.914702178375257,-1.909884019627537
29.21,-1.9670740101231137,-1.969930012286122,-1.9629209193780879
29.215,-1.9196469839118,-1.9206448810363912,-1.9199475725670776
29.22,-1.8791693431239338,-1.8857838283096926,-1.8805921054551649
29.225,-1.9227307569247007,-1.9270308016644109,-1.921451240017857
29.23,-1.9538175263735704,-1.9593005036742144,-1.9496446911091558
29.235,-1.9700567218793592,-1.9748380218206545,-1.9681525181086363
29.240000000000002,-1.8883810385249318,-1.8898162194798283,-1.8855638056824156
29.245,-1.8997095495617238,-1.9051818259184037,-1.8945119393444694
29.25,-1.8633070987242184,-1.8645773225777873,-1.8589224634385206
29.255,-1.9327334667151048,-1.9409224622337558,-1.9349515306553573
29.26,-1.9363152367173957,-1.9414032844180997,-1.9337505017682335
29.265,-1.9407924202024867,-1.9417906750501264,-1.9375001020140117
29.27,-1.9323127358330623,-1.9298640318433642,-1.9264726496214557
29.275000000000002,-1.9417082490344917,-1.9473490236556932,-1.9379570560430717
29.28,-1.92514645521903,-1.9288436070099257,-1.9199695944274187
29.285,-1.8861849602569478,-1.8951519295483883,-1.8793092547707857
29.29,-1.9064316389225728,-1.9096761761529757,-1.899155371833606
29.295,-1.9035583852726972,-1.9095015490382024,-1.9023561251074745
29.3,-1.8408544552496582,-1.84722456121654,-1.8377964990163493
29.305,-1.847497349263027,-1.8545368589867877,-1.8449989199968777
29.310000000000002,-1.8346890650379117,-1.8348325379180863,-1.8231197839697895
29.315,-1.8711891840678845,-1.8760042613353298,-1.8672498501293875
29.32,-1.863259124508673,-1.8679728686498382,-1.858621040218972
29.325,-1.873015883719817,-1.873425628059013,-1.8676009595299994
29.330000000000002,-1.8668100422786498,-1.8668007345573037,-1.8575497973201707
29.335,-1.8298631081434749,-1.836858963271954,-1.8271184567818177
29.34,-1.8225626967285953,-1.82845771602391,-1.8179968616540831
29.345,-1.8590568959706733,-1.8664192335738574,-1.8546692893968628
29.35,-1.876619268742989,-1.8782896692219255,-1.8711267209614832
29.355,-1.9087540879319818,-1.915402207909236,-1.912988972303225
29.36,-1.9292905937347202,-1.9306007322531238,-1.92674614848015
29.365000000000002,-1.9238418523152145,-1.9224312160740826,-1.9166291638746373
29.37,-1.998086973506688,-1.9959742781754053,-1.9867047986686395
29.375,-1.9545261273259522,-1.9589282996104747,-1.944941154346753
29.38,-1.9076539628718232,-1.9054035274503092,-1.8989835868699934
29.385,-1.91813530023109,-1.9196449613951165,-1.9047777856709542
29.39,-1.9107640813296753,-1.9163715043236471,-1.9098606200558075
29.395,-1.8842089671214426,-1.8922203498691272,-1.8818291563830392
29.400000000000002,-1.9304873841828485,-1.9299129560165553,-1.929306482407959
29.405,-1.921606957511897,-1.9170767120108254,-1.9143571295283504
29.41,-1.9134981928592818,-1.9155115853768865,-1.9047486543750418
29.415,-1.875187730144215,-1.87524591604281,-1.870260070525883
29.42,-1.8991119681574633,-1.9011705907288332,-1.8979692936971368
29.425,-1.855055428156785,-1.8599386688211745,-1.851903439692491
29.43,-1.8174796839395004,-1.816775421265334,-1.8134364076655296
29.435000000000002,-1.765295307610039,-1.7747702873654,-1.7633759558426705
29.44,-1.7847790135741277,-1.7888885346673984,-1.782385065225857
29.445,-1.7717081064639815,-1.7775242591754117,-1.7662928449051238
29.45,-1.762523886695326,-1.7682270356473297,-1.754155211769532
29.455000000000002,-1.6963873292575118,-1.7057133400637023,-1.6976728790513325
29.46,-1.7085016384759606,-1.7185997601795289,-1.7066540637009269
29.465,-1.7204567040650065,-1.7254043718046126,-1.7157021215271038
29.47,-1.7576068894813954,-1.7577651230068787,-1.7492850096614685
29.475,-1.7614178720113705,-1.7629523624882208,-1.7569091930298852
29.48,-1.663800831493563,-1.6669405461308902,-1.6575894515968121
29.485,-1.6747097774900437,-1.6815013632804878,-1.6732086053143225
29.490000000000002,-1.6885112139260976,-1.6898403564142774,-1.6830244903833345
29.495,-1.6876169172055777,-1.690762065283188,-1.682953167648351
29.5,-1.720427663143252,-1.7239898330287728,-1.715292673315368
29.505,-1.7262399493871752,-1.7236544088500643,-1.7154815787657516
29.51,-1.7278955397281763,-1.73031602962588,-1.7187670985727974
29.515,-1.7925092993720109,-1.7962392330409132,-1.7898197827405427
29.52,-1.7383258464565337,-1.7409853387225376,-1.7367886679746318
29.525000000000002,-1.7315765085027177,-1.7353433661813762,-1.725166103009028
29.53,-1.7550879150645948,-1.7519312834911533,-1.7458926806473476
29.535,-1.8561932247231003,-1.8564448756237482,-1.8509112293802388
29.54,-1.8167424050886902,-1.8178619303118893,-1.8137920866511925
29.545,-1.8240913919616386,-1.82979484208592,-1.8233421388918782
29.55,-1.8350903754868273,-1.8385703847253003,-1.8375392542667646
29.555,-1.8990323588475186,-1.9002588053681937,-1.8976285041114351
29.560000000000002,-1.828172888207544,-1.8317298768787758,-1.8229584559429473
29.565,-1.8573380139499676,-1.860455474289768,-1.8532394134454298
29.57,-1.864169779105511,-1.8669354973572352,-1.8597612540911368
29.575,-1.9123477280173735,-1.9119761973569505,-1.9128470370181665
29.580000000000002,-1.9510432758265406,-1.948706702138297,-1.94944383893492
29.585,-1.9309752923349095,-1.932584572887619,-1.9277373721550695
29.59,-1.9578023322797986,-1.9593861391467404,-1.9579359176385807
29.595,-1.8672777683415291,-1.865774553967842,-1.8622560445859127
29.6,-1.9028780391293114,-1.9012383803380632,-1.8984778576260173
29.605,-1.9150782428826603,-1.9186082926500236,-1.9153944599383168
29.61,-1.958951565659968,-1.9660565952940714,-1.9638177986780656
29.615000000000002,-1.974769549953851,-1.972176002174823,-1.9640395613554298
29.62,-2.0212099721071506,-2.017932738945681,-2.0162648737678266
29.625,-2.088475767386358,-2.091624362395878,-2.0822980008670373
29.63,-2.0976042404554005,-2.09765899745427,-2.093157164563672
29.635,-2.117286045551384,-2.116800749287943,-2.114561514143617
29.64,-2.1116519111474714,-2.109084016159667,-2.111592122270031
29.645,-2.060228971020142,-2.056613671928639,-2.054829255769771
29.650000000000002,-2.029904914696912,-2.0297194783121855,-2.027652581297582
29.655,-2.023855228578473,-2.0241642812561094,-2.0152036713395898
29.66,-1.989909218912729,-1.9893976246313496,-1.9811216106150946
29.665,-1.9651774632353651,-1.965382064541702,-1.9591803590037293
29.67,-1.966842034706425,-1.9646950833139853,-1.9587547059418084
29.675,-1.9773683148648036,-1.974786708118712,-1.9649478330029466
29.68,-2.002389364885435,-1.9989851620659014,-1.9928463369866336
29.685000000000002,-1.9936586207052587,-1.9968702733791208,-1.992494168190486
29.69,-2.0274146553066172,-2.02336354917904,-2.025838107732589
29.695,-2.035835763931282,-2.0341249564966573,-2.031819437535511
29.7,-2.051079502598752,-2.044007720480434,-2.042426659381331
29.705000000000002,-2.01396174086012,-2.0064275542244046,-2.008306355564064
29.71,-1.9753319518297048,-1.9732923315707633,-1.9719229126539035
29.715,-2.040731226884059,-2.032665926067486,-2.0321094763527863
29.72,-2.0787675404506247,-2.0747741871408114,-2.0768575404874383
29.725,-2.044613875592688,-2.038901332107337,-2.0340588638914565
29.73,-2.0112387791062982,-2.013987386250364,-2.0101973610614765
29.735,-2.0798765298545643,-2.073767538217375,-2.0706730974761896
29.740000000000002,-2.0413099386439804,-2.039306234394352,-2.0394194286827365
29.745,-2.0088418573533002,-2.0140228501081108,-2.010389623124987
29.75,-2.040521077730906,-2.02802583145188,-2.03248910244556
29.755,-2.0190497472568443,-2.016438859896335,-2.0144240424288813
29.76,-2.0325537274549297,-2.0261839114351154,-2.018622824827042
29.765,-2.019171997838563,-2.018255924169974,-2.0174432728827276
29.77,-2.012473397152363,-2.00827129084929,-2.003333040337664
29.775000000000002,-1.986515429687224,-1.9835719693810558,-1.981490976665187
29.78,-1.9370864458994863,-1.9287290757918745,-1.925879395242101
29.785,-1.936915469485193,-1.9336777235525495,-1.9276166385608327
29.79,-1.9285707145569644,-1.9253103377067926,-1.9172534800508034
29.795,-1.8795134977111656,-1.8793953407943913,-1.873821159948107
29.8,-1.9293202107890095,-1.928078470550081,-1.9194286664787084
29.805,-1.9514933335485587,-1.9415339874181656,-1.9376102973220544
29.810000000000002,-1.9476584522510618,-1.9515830699857213,-1.9442745472359546
29.815,-1.9156863805741096,-1.9130634036138583,-1.9064626159910503
29.82,-1.91548898448384,-1.919923065123678,-1.9146070295057966
29.825,-1.9216593072838604,-1.9278524590304968,-1.9150413154385688
29.830000000000002,-1.8851735269807641,-1.884173679381948,-1.8788739273763557
29.835,-1.8589928497517816,-1.857675001031377,-1.853295703672503
29.84,-1.7402037559350236,-1.7370472994787816,-1.7357123418531075
29.845,-1.7511140312243698,-1.7516439636633163,-1.747668846765365
29.85,-1.7769459073295475,-1.7799385877500091,-1.770031277198968
29.855,-1.8141166316838644,-1.8117361527026108,-1.8067820548010785
29.86,-1.8338660597055174,-1.8292303590135615,-1.8282303531628328
29.865000000000002,-1.8255152324375152,-1.8224402878991057,-1.8155802858544279
29.87,-1.776380518794113,-1.7786491917924698,-1.77083104800543
29.875,-1.7249873635150057,-1.7229597239697019,-1.7186568955572425
29.88,-1.7169901305463866,-1.7133999808370644,-1.711968926606513
29.885,-1.700607955945351,-1.693581243541454,-1.6972144178237392
29.89,-1.6912204489744642,-1.6836310240180072,-1.682924028923062
29.895,-1.7100973984221253,-1.7029788773428458,-1.702298237383633
29.900000000000002,-1.6769003983226767,-1.6728662833465546,-1.6673394275236555
29.905,-1.7104599713861595,-1.7115319345952387,-1.7057578742814827
29.91,-1.7434030209603952,-1.7402648214188927,-1.738408075528398
29.915,-1.7536372514786716,-1.7523389624438546,-1.7498351323388084
29.92,-1.823629036504418,-1.815939328394989,-1.812208272650169
29.925,-1.783640464643111,-1.777167525638715,-1.7760614290919259
29.93,-1.8014878409616408,-1.8006235643229536,-1.796788706791408
29.935000000000002,-1.806816964705583,-1.8003190379254506,-1.7990929077946685
29.94,-1.8080861759039657,-1.8115306389339596,-1.802906448471633
29.945,-1.840890279748941,-1.83733991277192,-1.830119459571644
29.95,-1.8423421924796337,-1.8353762799789366,-1.8332996824723078
29.955000000000002,-1.820349056576941,-1.819502598925192,-1.819723969763117
29.96,-1.8366374230615987,-1.8358118619893204,-1.836117600635503
29.965,-1.8537212874476934,-1.8468871042714898,-1.846501702373852
29.97,-1.8444625862883257,-1.8399725090241754,-1.8357279678044298
29.975,-1.8512845393108233,-1.847364042669579,-1.8421205080756777
29.98,-1.8206001963140397,-1.8210803256952237,-1.8124231360391339
29.985,-1.7654536132513612,-1.768051492122491,-1.7590166721356453
29.990000000000002,-1.7068957363709236,-1.7031295338578032,-1.7029644877329337
29.995,-1.682025844588391,-1.6735368327946598,-1.6725354415950762
30.0,-1.6388139397130654,-1.6396288591837667,-1.6366507133884087
30.005,-1.6472020316980165,-1.6464736905008006,-1.639475785362273
30.01,-1.6534690156599388,-1.656079753878821,-1.6502887511047566
30.015,-1.6796704841276837,-1.6795420218309518,-1.6753923304481668
30.02,-1.703603821085685,-1.6917886329583376,-1.6894479788799754
30.025000000000002,-1.6751219441466232,-1.6740351797662334,-1.6685619589078373
30.03,-1.692797551556194,-1.6869170160662357,-1.684258561088296
30.035,-1.6696179769420572,-1.6621445039004523,-1.6549463909645215
30.04,-1.5961707332369741,-1.5949628551854205,-1.5894738919101432
30.045,-1.5440286726591999,-1.5461090097304386,-1.542178226809021
30.05,-1.5618988072277153,-1.5570045209842478,-1.5529465611283788
30.055,-1.489937040247323,-1.4876477396850594,-1.4834823137717223
30.060000000000002,-1.4668354017081513,-1.4656156766831394,-1.4609893360056887
30.065,-1.493918024330196,-1.4919441025603841,-1.487612530438841
30.07,-1.5167562661638483,-1.509604446849222,-1.5075774204788108
30.075,-1.4944168085683842,-1.48867443481149,-1.4843687856165517
30.080000000000002,-1.4612923061141059,-1.4613532100307283,-1.4546972594516379
30.085,-1.4825641877993727,-1.4798640267466816,-1.471861762536519
30.09,-1.4574883179022082,-1.453532758503824,-1.4563337188847125
30.095,-1.42865906018268,-1.4253843646792923,-1.4232495483732635
30.1,-1.3882067545599457,-1.3859793647957597,-1.3823356660374386
30.105,-1.375376917337565,-1.3682642207083378,-1.366656634386794
30.11,-1.3691154045527658,-1.3617910052696036,-1.3643741135728442
30.115000000000002,-1.336172844038498,-1.331986600051096,-1.329638481812607
30.12,-1.3604080397733846,-1.3545632552824298,-1.349751146104792
30.125,-1.3606748703007183,-1.35786494310308,-1.3532268142239972
30.13,-1.3521627128916445,-1.3463327211537086,-1.340837890943418
30.135,-1.4221784515759879,-1.4168380901882327,-1.4113326613146988
30.14,-1.401941784119963,-1.4014020373957172,-1.3951210816891142
30.145,-1.439610059888978,-1.4366618972354914,-1.4300997475931525
30.150000000000002,-1.4564738423543533,-1.4519114704657121,-1.4480970872561174
30.155,-1.3944401290093875,-1.3991854464572535,-1.391111794823905
30.16,-1.375107002218356,-1.3820057642280836,-1.3689734384102912
30.165,-1.3991096310681246,-1.4035625979117203,-1.3968995501563268
30.17,-1.445266432143961,-1.445745820061915,-1.4356168633304183
30.175,-1.4634034241229568,-1.4599367910457828,-1.4563242553592886
30.18,-1.4591879386453823,-1.4549484387054947,-1.4536339975944248
30.185000000000002,-1.4889859626491762,-1.4891791608613925,-1.4780576054370094
30.19,-1.4829992218770043,-1.476239424189873,-1.4733642999998502
30.195,-1.4631393253096399,-1.4653463791162904,-1.4574547626940402
30.2,-1.3920416471097314,-1.3976608012162999,-1.3914710326171884
30.205000000000002,-1.4013106256336814,-1.4058201518896734,-1.395085503476047
30.21,-1.3829415702098196,-1.3814343626405612,-1.3738508562694915
30.215,-1.3216774737740413,-1.3238305582022125,-1.3123983089490663
30.22,-1.385363012424248,-1.390897825544528,-1.3805708737863023
30.225,-1.4307902091959972,-1.4290656798261898,-1.4237228265050703
30.23,-1.4380342576968477,-1.4446443416856365,-1.4346360744475115
30.235,-1.4158053359845897,-1.4182647656906544,-1.405885638528693
30.240000000000002,-1.42281447038255,-1.4290035052078267,-1.4155320978037833
30.245,-1.40898889762506,-1.4056620487633256,-1.3978149089001448
30.25,-1.3798850041869781,-1.3726796865814193,-1.366350946984877
30.255,-1.380891677787222,-1.37860613807504,-1.3716432454106091
30.26,-1.3420978964528103,-1.3354254222071122,-1.3290442909232656
30.265,-1.3432254180215928,-1.3499647513605844,-1.3373372421272007
30.27,-1.3878841682473104,-1.3834468878480626,-1.3799886217097628
30.275000000000002,-1.4088408687207858,-1.4111360357236231,-1.4013231728240445
30.28,-1.4108656207712105,-1.4062651063766878,-1.4000758451144517
30.285,-1.413275019351608,-1.4088255005323675,-1.406563584526903
30.29,-1.469232941266751,-1.4712652880161705,-1.4603820560173684
30.295,-1.4793341441063783,-1.4820443578119458,-1.4736042893071777
30.3,-1.454437229006212,-1.450647155929655,-1.4468769070366907
30.305,-1.487286715274484,-1.4880637679800581,-1.4747932680753588
30.310000000000002,-1.4246423319009207,-1.422829088349556,-1.4121447036614148
30.315,-1.4003660082323073,-1.403753270737196,-1.3923625891588227
30.32,-1.3412018811828437,-1.3426637673580386,-1.3401578465880524
30.325,-1.4238059900702018,-1.4264234624387921,-1.4170014472661498
30.330000000000002,-1.4012782711595801,-1.399837181814323,-1.3963166800533524
30.335,-1.414660348939706,-1.4129072576963717,-1.4027192203043095
30.34,-1.454357122172419,-1.4505292171365234,-1.444978404607469
30.345,-1.461172303726159,-1.4569132689490902,-1.4501163772822394
30.35,-1.4757432697142514,-1.4674521093839699,-1.4618167154587498
30.355,-1.4740776494414698,-1.4712636995219879,-1.4648529349590969
30.36,-1.466369730977178,-1.4689898571807598,-1.4627298924230843
30.365000000000002,-1.4830205545063664,-1.4819283937237882,-1.473746441366347
30.37,-1.4511269960140618,-1.450110751587769,-1.4412944396241372
30.375,-1.4726708498512715,-1.467056420377573,-1.4622134766435397
30.38,-1.451448824281777,-1.4598679667200078,-1.4526687300815153
30.385,-1.4490837250247255,-1.4453247861927712,-1.4393318921946274
30.39,-1.4304797514822272,-1.439725885761618,-1.4280168485766538
30.395,-1.4133161610554985,-1.4055258554396468,-1.4053367524568072
30.400000000000002,-1.3844145990690577,-1.386921083950386,-1.3758154374795293
30.405,-1.383053241929023,-1.3818967279434424,-1.3747179449456717
30.41,-1.4592567387665256,-1.4604632491221519,-1.4526488720381383
30.415,-1.4470657694339595,-1.443962383583409,-1.4376745305837457
30.42,-1.4475360217918471,-1.4485322828515783,-1.4434763512231685
30.425,-1.3937605650371157,-1.3871313294155467,-1.385732659332108
30.43,-1.40206163647722,-1.4040049397757153,-1.3992849809538563
30.435000000000002,-1.432766433308546,-1.4361466045301938,-1.4275720248399217
30.44,-1.3612207720182183,-1.365928886995989,-1.3626821992012244
30.445,-1.4107287543082194,-1.4070042330202004,-1.4003664187892633
30.45,-1.4586294445045427,-1.4564102840917716,-1.4539904174383518
30.455000000000002,-1.4683451124872668,-1.4659055813438757,-1.4571664453256532
30.46,-1.4177994049262908,-1.4214075899388532,-1.4144589116622857
30.465,-1.4630877511582911,-1.4664532457575534,-1.4554216345769024
30.47,-1.43790324615454,-1.4447055830653517,-1.4329215113790006
30.475,-1.4094506403925822,-1.4158873823809834,-1.4062000112157707
30.48,-1.3964943771741443,-1.401698714889195,-1.392950122755738
30.485,-1.3910551305944554,-1.3911049818334171,-1.3831880954697788
30.490000000000002,-1.4389939275353572,-1.4412657592342248,-1.4418722382330817
30.495,-1.4186892777693947,-1.426044016172592,-1.4091509032685052
30.5,-1.3962521723436245,-1.3976704443384322,-1.3921718771990987
30.505,-1.4540598415704142,-1.4532750096711684,-1.4495244782864576
30.51,-1.4287115919451714,-1.4367869272036204,-1.4228461406733557
30.515,-1.3449691744400045,-1.3505797393376555,-1.3438970293117802
30.52,-1.3875037337650256,-1.3834304626025886,-1.3875905770006678
30.525000000000002,-1.3907028482779922,-1.3906912682338715,-1.3908974389408237
30.53,-1.3947286722802799,-1.394831368864383,-1.3863714314110724
30.535,-1.4319894931629586,-1.4406161090665572,-1.435260937033225
30.54,-1.4436669596609601,-1.4481154831520846,-1.4423072977208824
30.545,-1.4375463855154247,-1.4344996323214192,-1.4345246117948205
30.55,-1.484170378060438,-1.487704274250643,-1.4764392273058755
30.555,-1.4607175785670112,-1.460295784845873,-1.4549962743237244
30.560000000000002,-1.5078472509877217,-1.5097982952745002,-1.5068239455764123
30.565,-1.5486148209064674,-1.5452966667943109,-1.540172673022957
30.57,-1.6096947514922646,-1.610061761822676,-1.6061261916161078
30.575,-1.664406298215755,-1.6697790815900069,-1.6629450522083205
30.580000000000002,-1.6268454139855828,-1.6265420740748615,-1.6187554879273847
30.585,-1.6793728637048806,-1.680481719033877,-1.6750059485338729
30.59,-1.6609689615954228,-1.6600084215821205,-1.6527726678404602
30.595,-1.677143736997656,-1.6804140829877756,-1.669023392344954
30.6,-1.7269272740617767,-1.7344936368903452,-1.7249487069927576
30.605,-1.6697529627082215,-1.6755238122180327,-1.6756231824492764
30.61,-1.6027010066283858,-1.6114371059577868,-1.6026531583396388
30.615000000000002,-1.58237780573003,-1.5838467480970948,-1.5780500012462615
30.62,-1.5265467397908443,-1.5328512591951047,-1.5242601663671556
30.625,-1.5778968810284724,-1.5788151932993502,-1.5717578683067337
30.63,-1.588700947231448,-1.5926620243546064,-1.5886945686281206
30.635,-1.6070199022847034,-1.6108732484177688,-1.6026873356324083
30.64,-1.5672646291049972,-1.5732346000186346,-1.5652126999159168
30.645,-1.5070484433580136,-1.5120116013146097,-1.5037695129069262
30.650000000000002,-1.4996149993193388,-1.500367502218535,-1.4960917287246396
30.655,-1.465675960540122,-1.471832689006863,-1.4638530315943108
30.66,-1.4721641713127684,-1.476077835551272,-1.4672381106506445
30.665,-1.4779864781071523,-1.4740669419937569,-1.470898842039799
30.67,-1.4247205453308431,-1.4339127684589588,-1.4198822957821324
30.675,-1.3993262469040733,-1.4034506429590898,-1.3942794739319242
30.68,-1.3807818493995654,-1.382512197237707,-1.3742139630136017
30.685000000000002,-1.3879546320077332,-1.3855093772291218,-1.384174312724859
30.69,-1.3620521736158264,-1.3675915089761133,-1.3561463108711165
30.695,-1.357036596846596,-1.3671243879048116,-1.3621145864302802
30.7,-1.3169912651912512,-1.32550152446392,-1.31886015466857
30.705000000000002,-1.288637410013582,-1.2952765520556142,-1.2901095972354706
30.71,-1.2567410921701963,-1.2665199386419599,-1.2559047674060255
30.715,-1.3236698742336461,-1.325989784668537,-1.3211714472077012
30.72,-1.3747124478201658,-1.3857620975249114,-1.3721422966238344
30.725,-1.3643490671008085,-1.368187812266909,-1.3654262029077198
30.73,-1.3006426069065733,-1.3051149145953167,-1.2938845954470015
30.735,-1.3233214903179873,-1.326060982816307,-1.316065832973162
30.740000000000002,-1.3135911577140384,-1.3145507970823824,-1.3075405307015222
30.745,-1.2777263686946954,-1.289358607858791,-1.2797368128306048
30.75,-1.2829745818784333,-1.2853759140596352,-1.275393595759752
30.755,-1.289467881561982,-1.2854143035382337,-1.2841386360169953
30.76,-1.297938564300616,-1.2997837688098208,-1.2902817006011857
30.765,-1.330707982696079,-1.3364389666893708,-1.3320011608443505
30.77,-1.3301523910336401,-1.3406162657703498,-1.331807451677893
30.775000000000002,-1.3223103700453793,-1.3295020019132784,-1.3216901998622301
30.78,-1.34419162769793,-1.346916237693229,-1.3387453277701447
30.785,-1.3521288036108112,-1.3529572252430357,-1.3497660082927105
30.79,-1.3249399869275034,-1.331569511272716,-1.3193260298180436
30.795,-1.3354732571161152,-1.342068601159112,-1.336742135832989
30.8,-1.3195387488532546,-1.3227515036828459,-1.313545923526501
30.805,-1.3405791908028466,-1.3407812564894588,-1.334008414047836
30.810000000000002,-1.3552953682284705,-1.3572981669316302,-1.3523800296839548
30.815,-1.3133858982810833,-1.315103574606306,-1.3038460643193543
30.82,-1.3222758224838609,-1.3271003953701037,-1.3236669725536852
30.825,-1.3531575044375108,-1.3608703118529235,-1.3500593511513823
30.830000000000002,-1.3419126658631573,-1.3487249082718815,-1.3429127272688792
30.835,-1.4074887561565448,-1.4054422081699327,-1.398199980631708
30.84,-1.395280053980876,-1.3948066240173937,-1.3912014221021418
30.845000000000002,-1.436465974904805,-1.4444062456193751,-1.437859098988453
30.85,-1.4473878323403548,-1.4528598152324805,-1.4507714522205761
30.855,-1.4633883116267716,-1.4629494641431415,-1.4596850850258742
30.86,-1.434515427029372,-1.4348017974920746,-1.4307728535614805
30.865000000000002,-1.3562107041270264,-1.3597391337679563,-1.3493870595805606
30.87,-1.3361991790314276,-1.3433597227383498,-1.3421168323729995
30.875,-1.3518499720756139,-1.3548557804343977,-1.3439864200766902
30.88,-1.355538013444319,-1.3567420472380094,-1.3502600214230962
30.885,-1.287990420504292,-1.2907178897654834,-1.2905657808151245
30.89,-1.263258611398312,-1.257398975810331,-1.2536578161303236
30.895,-1.2394695722055589,-1.2377910889186121,-1.2386666550551908
30.900000000000002,-1.2271941817364493,-1.225506305162174,-1.2273705603904779
30.905,-1.2796229676140831,-1.2879904618130513,-1.2780971104632648
30.91,-1.2473690294505713,-1.2392961466750807,-1.243043179741493
30.915,-1.3178427986260972,-1.3190249072510367,-1.316856538184638
30.92,-1.3072985761350262,-1.3069333766083029,-1.3052560904714694
30.925,-1.278364629002582,-1.2765351694485079,-1.272452938462814
30.93,-1.2295831169495794,-1.229988195031204,-1.2290442973277047
30.935000000000002,-1.2180976328186717,-1.22199147713089,-1.2171452201857844
30.94,-1.1377382777733467,-1.145942045078808,-1.136139005875469
30.945,-1.184101931048858,-1.1826660795125898,-1.179500295145003
30.95,-1.1986614310621786,-1.2051601859301249,-1.1993588377287183
30.955000000000002,-1.1643912071438398,-1.169244383237612,-1.1603466554621167
30.96,-1.1531647068553996,-1.1477482419457554,-1.1479948788795418
30.965,-1.1232455724923516,-1.1236245988622213,-1.1200675341065058
30.970000000000002,-1.1815186345839779,-1.182558845999408,-1.1803843138405772
30.975,-1.1438957449345766,-1.1400687806691487,-1.1421120656403865
30.98,-1.1293992965995008,-1.1270414711409544,-1.128753298034531
30.985,-1.1238910443019083,-1.1254449564167517,-1.1230444479583335
30.990000000000002,-1.0986988745516226,-1.0935005455727043,-1.089952466884469
30.995,-1.091484896980182,-1.087898557846788,-1.0923119899170088
31.0,-1.1258469404240226,-1.1298859122607492,-1.1273696072676207
31.005,-1.1180767023212665,-1.117881164880551,-1.118816709027648
31.01,-1.0511429490225592,-1.052470016707002,-1.0512056466966844
31.015,-1.0264296100946642,-1.0309528224068332,-1.0215350585384344
31.02,-1.0655535259026006,-1.06522242181574,-1.0598281497300757
31.025000000000002,-1.0526170335408616,-1.0505872773386007,-1.0429871095811474
31.03,-1.0454062479878805,-1.0503276414744807,-1.0478228813144923
31.035,-1.066039600200372,-1.065500907137269,-1.0625147698377018
31.04,-1.0613983279927623,-1.0675450184958555,-1.0638303294326938
31.045,-1.0337726263728182,-1.0334283013513357,-1.0298465270845216
31.05,-1.0484843801400578,-1.051211495556868,-1.0409456639832524
31.055,-1.035030594102122,-1.0397576242655024,-1.0328396395474715
31.060000000000002,-1.0461100404890584,-1.051695335811998,-1.0463292987344746
31.065,-1.0665975123336575,-1.0694083975625284,-1.0641156455888867
31.07,-1.0566198065365187,-1.0644234903700116,-1.0554061367901832
31.075,-1.0841802906712525,-1.0848402184038606,-1.0813376874823508
31.080000000000002,-1.0792874230739322,-1.078103834504577,-1.0753381407303368
31.085,-1.1113797690659393,-1.1098653678867265,-1.1045197471108879
31.09,-1.1228024707949669,-1.122945137789964,-1.1157360669700211
31.095000000000002,-1.1613061843767745,-1.1622846101239415,-1.1556918647489536
31.1,-1.1602987757076442,-1.1651771457228024,-1.158253503097808
31.105,-1.162677480617829,-1.1599511804403924,-1.160587409471291
31.11,-1.1437701572663017,-1.1441511595514242,-1.139834709536905
31.115000000000002,-1.1449816667653396,-1.146650074116064,-1.143573488663673
31.12,-1.1108626666282169,-1.1062721415017212,-1.1058994224626264
31.125,-1.1463905740256706,-1.1467958047197686,-1.1409609131382827
31.13,-1.1674712493028705,-1.1691302396576826,-1.1619299901964542
31.135,-1.1562003292010783,-1.1609334472279136,-1.1545126161576436
31.14,-1.164820798997335,-1.1635857695469056,-1.1593850271258908
31.145,-1.1820368099578,-1.1789835297848743,-1.179818455305406
31.150000000000002,-1.2170445169411415,-1.2148599444797916,-1.2113904955867116
31.155,-1.2372332496405694,-1.2348635256402252,-1.234163388812621
31.16,-1.2767237957662256,-1.2746008618334468,-1.2676682486753237
31.165,-1.3183568527685863,-1.327779684882216,-1.3182214311681388
31.17,-1.360993074725944,-1.3584684786259154,-1.3569897015761974
31.175,-1.3719851759975383,-1.370397596254495,-1.3650537053035248
31.18,-1.356421811258868,-1.3555068119858311,-1.3549964103702974
31.185000000000002,-1.351658189955682,-1.3440708099286676,-1.3425881895019218
31.19,-1.3467898424878133,-1.3441341954060069,-1.341019442181194
31.195,-1.3272841181962383,-1.3240683445936652,-1.3242897072082687
31.2,-1.3582711491641695,-1.3633154217800632,-1.3565326299895601
31.205000000000002,-1.3901424178087969,-1.3939781527207251,-1.392210419045344
31.21,-1.3904048498799875,-1.3906568720150057,-1.3838567040197585
31.215,-1.3529951203435104,-1.3567562604404746,-1.3520609695990424
31.220000000000002,-1.3312142423821332,-1.3328865777148489,-1.3321945522056096
31.225,-1.3796556477120032,-1.3845039990508612,-1.3757544928188878
31.23,-1.3900604867473723,-1.3831676584029713,-1.3817664526725926
31.235,-1.4366677743157208,-1.436989080573476,-1.433827118549458
31.240000000000002,-1.427931280615628,-1.4322830599535183,-1.426237557187803
31.245,-1.428952866045588,-1.4297816487228745,-1.4237928875761656
31.25,-1.418978109747519,-1.4180771519557258,-1.4150777526255518
31.255,-1.4675696000461182,-1.468713831461714,-1.4657400021460418
31.26,-1.4395925388293271,-1.436879743565462,-1.4337171588104263
31.265,-1.4643177857373617,-1.4646277466771442,-1.4572901829643998
31.27,-1.443476848849853,-1.4435197495570689,-1.4422798316054088
31.275000000000002,-1.4227585359388961,-1.4256811163771685,-1.4203490837842354
31.28,-1.3958272707423585,-1.391126207031657,-1.39220517096735
31.285,-1.4315249688482683,-1.4307825562938208,-1.4256188307142927
31.29,-1.4397357798638866,-1.436517523626734,-1.4329823502023182
31.295,-1.4312842571565423,-1.4330948344813261,-1.425032329074317
31.3,-1.4194625338943283,-1.419461665028346,-1.415175537391467
31.305,-1.3898555642163355,-1.3938942597657635,-1.3866972241651996
31.310000000000002,-1.3958986575663799,-1.396061276862195,-1.3887913467245834
31.315,-1.437279369789653,-1.437595404533187,-1.4316502483164724
31.32,-1.4644599597078152,-1.466053871269476,-1.460806076147352
31.325,-1.4799653368141126,-1.4776932034516654,-1.4707438375535664
31.330000000000002,-1.4857219791473832,-1.4874893027221807,-1.4815494243036265
31.335,-1.510613090315086,-1.51416541408199,-1.5077206188114591
31.34,-1.485675189910996,-1.4874716067282145,-1.4805785216547382
31.345000000000002,-1.500708110803624,-1.5001219805225687,-1.4958877688691514
31.35,-1.5158932308733821,-1.5185633886911258,-1.510377801937473
31.355,-1.550476250857204,-1.5459489362393581,-1.5362779729958849
31.36,-1.557441116169802,-1.55755868727329,-1.5513710423696752
31.365000000000002,-1.521270626754549,-1.5343288302548115,-1.5220289347311224
31.37,-1.4909831331989725,-1.4833309782538289,-1.4865083082168782
31.375,-1.499630690792347,-1.4972872897652971,-1.4924734819632257
31.38,-1.5134902397096421,-1.5138884529524752,-1.5085193576206481
31.385,-1.5647017694028207,-1.5690546658596294,-1.5601186411159704
31.39,-1.5622811763761402,-1.563511152407683,-1.556113696115235
31.395,-1.5827720003183228,-1.580010910948977,-1.5636555114758892
31.400000000000002,-1.5717270645644559,-1.5716479027444552,-1.5660997613920151
31.405,-1.5757072420149951,-1.5858774624226124,-1.572183731664036
31.41,-1.543719753114423,-1.548262130462825,-1.5353579788276182
31.415,-1.5007071107302035,-1.4993368849957946,-1.4884040955104494
31.42,-1.4946906017653832,-1.491716259891559,-1.487754383344348
31.425,-1.4829710024263656,-1.482557572820509,-1.4657652250100814
31.43,-1.5851095191459308,-1.5876218067533578,-1.582927872705514
31.435000000000002,-1.6519363101333655,-1.654508758041231,-1.640935965510349
31.44,-1.6152994606248403,-1.6149242535154649,-1.6058793413401808
31.445,-1.6613626291455412,-1.6541895997179954,-1.6555008756226801
31.45,-1.6295864692952837,-1.6264296521961943,-1.6245642322488663
31.455000000000002,-1.592742859189012,-1.6006886285571837,-1.5860314857664035
31.46,-1.5627740622093094,-1.562350817701434,-1.5549123929486321
31.465,-1.5037407529817257,-1.5030250230245452,-1.497895660331965
31.470000000000002,-1.4922095328616423,-1.486290063865784,-1.4791628215138795
31.475,-1.5200694362252627,-1.5156220950302837,-1.508492300498094
31.48,-1.4836519333092393,-1.4844406255220541,-1.4709424706240455
31.485,-1.4550282216954722,-1.4557650175576222,-1.4431347872248066
31.490000000000002,-1.5274863401294416,-1.5316797026326,-1.5224446159525846
31.495,-1.528679814055561,-1.5322180500490992,-1.5242507673046797
31.5,-1.4823072450800443,-1.4862160209079132,-1.479545633549277
31.505,-1.477482561218248,-1.474661361832891,-1.472209820679607
31.51,-1.408851296586664,-1.4061567266757526,-1.4016065238650837
31.515,-1.4005503439418536,-1.3945572839506153,-1.3860576250801997
31.52,-1.339611662644558,-1.3421362846832212,-1.3354835407303542
31.525000000000002,-1.3546912681112488,-1.3625393049335577,-1.3541235299972627
31.53,-1.3124434095750204,-1.3085253723581691,-1.2951738445328957
31.535,-1.364915796864602,-1.3624697348403323,-1.3554307769358866
31.54,-1.40962835293949,-1.4080819007692211,-1.4034860004768706
31.545,-1.459621639315833,-1.4541192643300511,-1.4502938985302578
31.55,-1.3995536046556172,-1.3992705986268856,-1.389589006656234
31.555,-1.3891791098705637,-1.3909938971625264,-1.3840793067260553
31.560000000000002,-1.4039633116098686,-1.4027657918660807,-1.393894049945555
31.565,-1.4442955024550381,-1.4394618955858958,-1.4406199897502114
31.57,-1.340874373710716,-1.3440713520468033,-1.333444308920522
31.575,-1.3155579225680636,-1.3204376255717267,-1.3115247512642536
31.580000000000002,-1.283758158420154,-1.2826315489256706,-1.2772836208896756
31.585,-1.2757276573237266,-1.2749728366692483,-1.267265272758438
31.59,-1.2454131939545865,-1.2452575574124092,-1.2358746160398526
31.595000000000002,-1.2032136076620605,-1.208666004325107,-1.196638545045782
31.6,-1.2221298983334161,-1.218736993668789,-1.2095658316385998
31.605,-1.197017601598223,-1.191526596354883,-1.1837288530569288
31.61,-1.1673157158869085,-1.162767493541319,-1.1638163506202068
31.615000000000002,-1.1115168910115887,-1.1112551807353792,-1.099899907340922
31.62,-1.1571938179734889,-1.1562037029361474,-1.1534379712593017
31.625,-1.1168790293368527,-1.1211297853413535,-1.1081564431453121
31.63,-1.1466192171576683,-1.146361266310375,-1.1340448764600042
31.635,-1.1068640442061062,-1.1010660563839283,-1.0974397159731966
31.64,-1.0378515543853215,-1.0373082570736443,-1.0311219020927556
31.645,-1.042336674718312,-1.0411745343426029,-1.0347760653725824
31.650000000000002,-1.0511188308761146,-1.0535605582243641,-1.048181604201435
31.655,-1.0709822175846024,-1.0748605556839546,-1.065453974931876
31.66,-1.0998169086780372,-1.0958805606123432,-1.0917311276894868
31.665,-1.172288750968995,-1.166077092260126,-1.166495212062075
31.67,-1.136763032840762,-1.1311751019201823,-1.121098774842874
31.675,-1.1574945464850492,-1.1541944418250318,-1.1399856367959842
31.68,-1.0931547796715513,-1.0955446406266405,-1.0861883412327653
31.685000000000002,-1.1151251557302382,-1.1105667777514088,-1.0999436425398856
31.69,-1.0906115870954047,-1.0902159422497566,-1.0861053972333055
31.695,-1.1344965487756153,-1.1299657122700348,-1.12743645371137
31.7,-1.1452607249283828,-1.146575937083157,-1.135311011735036
31.705000000000002,-1.1054309963584175,-1.1035183654345013,-1.09273276730972
31.71,-1.1580350559769113,-1.1646659998151876,-1.1523058882426518
31.715,-1.123529668608809,-1.127789814982262,-1.1116358777707207
31.720000000000002,-1.0569396796727188,-1.053032163764257,-1.0444244381946837
31.725,-1.084679439167789,-1.0898251327623547,-1.084359978865006
31.73,-1.0697766806034072,-1.0755731394032715,-1.0625976781162882
31.735,-1.1239423166789708,-1.1262590551149703,-1.1150359890209032
31.740000000000002,-1.131470617337048,-1.1321609782684634,-1.1260957019705233
31.745,-1.154245022748201,-1.1537001979079713,-1.1475818170458927
31.75,-1.17679629343378,-1.1825294237676263,-1.168227713824493
31.755,-1.1573572299507782,-1.153025796408771,-1.1513208990521737
31.76,-1.1306504825558539,-1.1381086082357086,-1.1244366288680123
31.765,-1.0962560409093638,-1.094538591242157,-1.0860428485759313
31.77,-1.0758772504824827,-1.0802533493143989,-1.0674684746397387
31.775000000000002,-1.0952736088537374,-1.095436425065003,-1.0869692740750043
31.78,-1.1295429302080053,-1.1342869848702724,-1.1191455976376041
31.785,-1.158333087819432,-1.161031664750918,-1.1497391913986588
31.79,-1.208819769881729,-1.21149887884327,-1.2073083403513711
31.795,-1.1885514906079668,-1.1873474209453834,-1.1781152801183816
31.8,-1.176411563212012,-1.1793193304947651,-1.1634709008617363
31.805,-1.1895972375186692,-1.1911515139825466,-1.1823727429420077
31.810000000000002,-1.263832764018903,-1.2634289049512093,-1.2557815215298773
31.815,-1.3041609402791234,-1.30172513608729,-1.2950282485727693
31.82,-1.3063370801222507,-1.304840466739242,-1.292802589500767
31.825,-1.2967041135846589,-1.2918525306422086,-1.2849423160936413
31.830000000000002,-1.343065469785555,-1.350628397996102,-1.3408547074024202
31.835,-1.36650634782148,-1.3610318369920515,-1.3592318028313195
31.84,-1.3518524790523374,-1.3516431472023192,-1.3381243674357715
31.845000000000002,-1.3106578917915899,-1.3106313636506757,-1.3059809544925434
31.85,-1.3288745267888569,-1.3303041200849068,-1.3178401376295574
31.855,-1.3074840891544453,-1.3110860764952885,-1.3019011186385043
31.86,-1.3234991493064467,-1.322864620577524,-1.3145188495084066
31.865000000000002,-1.3114627267451917,-1.3104737790593233,-1.3021260867491626
31.87,-1.3146821150746557,-1.3119712810270951,-1.3041534088260176
31.875,-1.2819572976605025,-1.2834770627025944,-1.2715148054512024
31.88,-1.2255785271059678,-1.2195736505294579,-1.213572476690023
31.885,-1.228882297950815,-1.239257511884888,-1.2245390259140583
31.89,-1.26168732690131,-1.2637569475976238,-1.2528908667901522
31.895,-1.3068465290157767,-1.3063618967875514,-1.299207169132398
31.900000000000002,-1.3525901535428777,-1.3493241684234367,-1.3397693336543415
31.905,-1.316046013320527,-1.3100183306458184,-1.3046129681554068
31.91,-1.3589172928641258,-1.3601674381822944,-1.3504604135812137
31.915,-1.2683842862289105,-1.2650648191820375,-1.2570888019412305
31.92,-1.2540713138252602,-1.2519409020106138,-1.2454808225865135
31.925,-1.241341010562498,-1.242424871726803,-1.2358527185301464
31.93,-1.2204044248958346,-1.2210945711763106,-1.2140978074068056
31.935000000000002,-1.2088083288833746,-1.2042197422147158,-1.1996097669415084
31.94,-1.2052112376514303,-1.195982486927113,-1.195059951369034
31.945,-1.1314109717090612,-1.1305615245163103,-1.1172982979168176
31.95,-1.1384435628846716,-1.136144772754518,-1.1270596577258087
31.955000000000002,-1.1222080465895172,-1.113283085688533,-1.1095769705807605
31.96,-1.0839459827180573,-1.0798787174767084,-1.0760486571962267
31.965,-1.1135778576756221,-1.1107825335391168,-1.0995225361653103
31.970000000000002,-1.0757228252073174,-1.0819799361672688,-1.0688311779458144
31.975,-1.0443760775246174,-1.0429547767578438,-1.0361170270000948
31.98,-1.0658032015264078,-1.06703353038324,-1.052632489358585
31.985,-1.126310374858308,-1.1182910608720498,-1.1118194142958575
31.990000000000002,-1.14306479947879,-1.1333857411481245,-1.1295095367738057
31.995,-1.149015321124685,-1.1527251976836141,-1.1372368359060019
32.0,-1.1365997859868278,-1.1372587741053843,-1.1288876564939145
32.005,-1.1528759402586028,-1.1523903512840743,-1.1395924443076355
32.01,-1.1985834430298954,-1.1992094611165627,-1.1926412509675048
32.015,-1.1855014221206646,-1.1848431490968534,-1.1726001213297232
32.02,-1.184911293434167,-1.180551752486437,-1.1777437117685117
32.025,-1.1819657237668573,-1.183500675088508,-1.1752551952534591
32.03,-1.2083156056860156,-1.2063110970948017,-1.1963954020735905
32.035000000000004,-1.2270088658496023,-1.225580185817079,-1.2214694480426196
32.04,-1.220798600543388,-1.2167737918144852,-1.2070873792613512
32.045,-1.2382577901209826,-1.2347783807662416,-1.2240612720055577
32.05,-1.2783793370835739,-1.283990577821745,-1.2764916120275729
32.055,-1.3068921307253842,-1.311082268849111,-1.2980686113764732
32.06,-1.3496503471382775,-1.350571924172097,-1.339663180973526
32.065,-1.29933629035741,-1.3024143820972656,-1.2858727618026762
32.07,-1.3088193664982353,-1.3044135238057655,-1.2950383811130612
32.075,-1.2838942781995826,-1.2837149159399264,-1.267535346245556
32.08,-1.2615696772655,-1.2628175990511168,-1.2571479286418026
32.085,-1.2769958260261416,-1.2763543046874937,-1.2651653650575558
32.09,-1.3210999713300895,-1.3301966766096156,-1.3164199947664155
32.095,-1.302571950921419,-1.3029409272919446,-1.2903039007001296
32.1,-1.3221700696271816,-1.3266931141237068,-1.310895439180077
32.105000000000004,-1.3908279827265027,-1.395062473869524,-1.3787934115635792
32.11,-1.3911111131668694,-1.3857955488237488,-1.3718018619876402
32.115,-1.409684966903022,-1.4125448620119567,-1.3952515204382323
32.12,-1.41671299517575,-1.4120505909827392,-1.4050692183975353
32.125,-1.439544066273436,-1.441427960185806,-1.433410985025761
32.13,-1.3960379276687649,-1.3989004312486255,-1.3841276808071379
32.135,-1.3762841394353758,-1.3693181557474419,-1.3605179114619705
32.14,-1.3600690776073359,-1.3655018141960882,-1.3511246229009988
32.145,-1.3584785002577622,-1.358092313818033,-1.3444595318932804
32.15,-1.3335620059648494,-1.3285521802187308,-1.320563463029214
32.155,-1.2573403145718476,-1.2607425192324677,-1.241292709391217
32.160000000000004,-1.2404793243624106,-1.238976116151936,-1.2253698696298607
32.165,-1.245658850956522,-1.2496095529163505,-1.236364340806624
32.17,-1.242952784974066,-1.243098011960691,-1.230779118325126
32.175,-1.2414132709179477,-1.23791972089019,-1.2296064139743919
32.18,-1.309135355703956,-1.3110918308471942,-1.3006333306744116
32.185,-1.3426998380718063,-1.3459423176208485,-1.3320284363435868
32.19,-1.3370256914710759,-1.3436447469695025,-1.328028927092156
32.195,-1.3739777730452494,-1.3780326341772473,-1.361612613686328
32.2,-1.3723763187515894,-1.3762498400363747,-1.35835792891412
32.205,-1.3541647444526668,-1.3558702627921047,-1.3423367420783354
32.21,-1.3329130720824567,-1.3377665330104558,-1.3216586606666698
32.215,-1.3702600109947627,-1.3689168116960975,-1.360981425099827
32.22,-1.3333324706785816,-1.3358824376320455,-1.3202247658018735
32.225,-1.284578016147639,-1.2876467389890536,-1.2799765074579523
32.230000000000004,-1.3232425319879264,-1.3297948693633546,-1.3136272908944313
32.235,-1.4266293263353862,-1.4308003220319503,-1.4148519610399726
32.24,-1.3800695928087257,-1.3792403876127306,-1.3623921289006138
32.245,-1.4038041618902677,-1.405581812349174,-1.3928221582796354
32.25,-1.4285510905728456,-1.4317366329004215,-1.4173868215287655
32.255,-1.442123851362577,-1.4424292070245903,-1.4303514570600517
32.26,-1.419363930570628,-1.4190730637227982,-1.4098989503124282
32.265,-1.4161753770742254,-1.4189321464698432,-1.4002946584379723
32.27,-1.4659880807044798,-1.4631915898962695,-1.4481032041443207
32.275,-1.4150208956939818,-1.4135478503469772,-1.3966522004774586
32.28,-1.4447172052728259,-1.4429050874381883,-1.4316968660572449
32.285000000000004,-1.485515301309058,-1.489042696916055,-1.4742959398778308
32.29,-1.4442098655366022,-1.4421821785434552,-1.4333453488801395
32.295,-1.4450158565583386,-1.4451837767111777,-1.4341543050256071
32.3,-1.4027759912004227,-1.4045975607174757,-1.3975694782588641
32.305,-1.4016636036342611,-1.4009893890801426,-1.3950529115207193
32.31,-1.4151468391116966,-1.411378661261053,-1.397504355935587
32.315,-1.4345941391521089,-1.4337572333236377,-1.4173254680525862
32.32,-1.391086079596034,-1.3871487820652006,-1.3778603470737816
32.325,-1.3841223087861176,-1.380762845260515,-1.365493062523113
32.33,-1.326060821805575,-1.3254814101907306,-1.314548316672842
32.335,-1.295338699405926,-1.2946167957433972,-1.2783121459630655
32.34,-1.3289597018863142,-1.3296983267945,-1.3205403642221805
32.345,-1.341695800601839,-1.3435572947298056,-1.3291654855027846
32.35,-1.3066763887439488,-1.3107602636516387,-1.298039722408438
32.355000000000004,-1.3319709727553344,-1.3308583392353188,-1.3184260635881888
32.36,-1.334312972212117,-1.336418386363169,-1.321973667129593
32.365,-1.3697192986590183,-1.3641262833286958,-1.349320110857074
32.37,-1.2928040158310554,-1.2853301656368479,-1.2755668854785376
32.375,-1.3474801820116025,-1.3458063790708388,-1.3314792737029506
32.38,-1.3787988519478453,-1.3804026693054816,-1.369025787979403
32.385,-1.3581289372522904,-1.3516328982369,-1.3382202050413388
32.39,-1.3423723674458852,-1.3420418843786994,-1.3259825876570601
32.395,-1.3390401783463224,-1.3389348116557378,-1.324311728028529
32.4,-1.3549759465580313,-1.353659825195732,-1.336005435403517
32.405,-1.3348853333321997,-1.329601953100257,-1.318225862663442
32.410000000000004,-1.359593093711537,-1.3597107502598142,-1.3448486473365802
32.415,-1.3591609992627682,-1.3622808036808254,-1.3493566984075624
32.42,-1.3481716564537014,-1.3404100901281428,-1.3316223308803894
32.425,-1.3163516046127515,-1.3064217566051795,-1.3025465156363178
32.43,-1.3615518477350774,-1.3546046684942623,-1.3462752871305086
32.435,-1.3348098878790533,-1.330777340734807,-1.3183104536542383
32.44,-1.2962530056102115,-1.2881361789128714,-1.2786409803286807
32.445,-1.315543997596111,-1.3108288093825915,-1.2978049220211845
32.45,-1.3053891180286408,-1.3108060288913157,-1.2892159877085658
32.455,-1.3134192551053916,-1.3105914410100006,-1.2979130203907627
32.46,-1.306107492730907,-1.301290961689439,-1.2910362594048046
32.465,-1.290379641540973,-1.2872774515524263,-1.27205199862929
32.47,-1.2916018848558823,-1.28814270654099,-1.278765548316252
32.475,-1.281588991731789,-1.2697808427367248,-1.2613144179334388
32.480000000000004,-1.2873529248929367,-1.2844275683573019,-1.2695259842046773
32.485,-1.2707074341425444,-1.272579477820747,-1.26056691470851
32.49,-1.2274330354811536,-1.226026910990489,-1.2103447161786598
32.495,-1.2618889266754676,-1.26255591809939,-1.2493526239047377
32.5,-1.2580082334091285,-1.2582371265430663,-1.2494731641276333
32.505,-1.2656669561157172,-1.268204290779134,-1.2570861093656713
32.51,-1.2658522548004274,-1.2684705764882611,-1.2572120474533393
32.515,-1.2196082035848248,-1.2213346954349873,-1.2041973447219885
32.52,-1.2234965815674446,-1.2235078748079073,-1.2082979940808505
32.525,-1.25029762920631,-1.2494819160917203,-1.2393249790519871
32.53,-1.2859224388191657,-1.2839529443774633,-1.269577252602386
32.535000000000004,-1.3030306799070261,-1.301398766307779,-1.287900539343758
32.54,-1.303473916419539,-1.2990644455948148,-1.2877089241750312
32.545,-1.2737307304837397,-1.2720943174983859,-1.2626892617871104
32.55,-1.2664225211846594,-1.2648935226720854,-1.2502691098523901
32.555,-1.2915222140355793,-1.2870332047604616,-1.2777843441213566
32.56,-1.1951991590935005,-1.1968074240658482,-1.1884200443042867
32.565,-1.138927108899545,-1.1331003674309026,-1.1297133239175183
32.57,-1.144468409517963,-1.1387913892852841,-1.1238925739831422
32.575,-1.0524599116300597,-1.0458220095385609,-1.0392365476822654
32.58,-1.108573046903949,-1.1019174318437288,-1.093054193834877
32.585,-1.1090324048298978,-1.1062616107815826,-1.0915336391429538
32.59,-1.188327707001171,-1.1897370356636352,-1.1764629713669965
32.595,-1.130931045386862,-1.1277159514776662,-1.1131048738771931
32.6,-1.1630164654036346,-1.1673790515556632,-1.1536785238538871
32.605000000000004,-1.2109581671113467,-1.2140378264402087,-1.2024376802974968
32.61,-1.2068243380550114,-1.2056062257523021,-1.2004429271196453
32.615,-1.1791670839848172,-1.178442223881537,-1.1719871167176086
32.62,-1.1039619326028105,-1.1037137321185533,-1.0873702453255998
32.625,-1.1113382348360938,-1.1132749953802834,-1.1040568830605877
32.63,-1.1371113770314123,-1.1391139131380763,-1.1301498892520654
32.635,-1.1929921680111706,-1.186246474405545,-1.181992791105851
32.64,-1.1428405690298702,-1.1415661922515439,-1.1343766740512975
32.645,-1.1415156949355212,-1.1361996805543453,-1.1243741710529658
32.65,-1.0932197100946166,-1.091724066886105,-1.0762265809240474
32.655,-1.1111279342960134,-1.1077836826612755,-1.0967601290570455
32.660000000000004,-1.1183046940997183,-1.1221229523104839,-1.1057326931889242
32.665,-1.138804841416358,-1.142209084496306,-1.124038813179396
32.67,-1.1280044059077592,-1.1230501535898205,-1.1133622080842303
32.675,-1.1164956360315064,-1.1203838620126383,-1.1062973145679478
32.68,-1.1519999807272387,-1.1446891799009657,-1.1395318521130129
32.685,-1.1411452113612446,-1.1387791481229594,-1.1212200840496684
32.69,-1.1419304474181482,-1.1404609879511458,-1.1282538407974008
32.695,-1.134612990430702,-1.1327004018597266,-1.1282403460573003
32.7,-1.0838323595615997,-1.075901508184266,-1.0707057202282018
32.705,-1.075281452425829,-1.0760455696341296,-1.0597149100572842
32.71,-1.0715261293286629,-1.0664265184801487,-1.0645091097723183
32.715,-1.0639361884693204,-1.0660528095747357,-1.0536733768249875
32.72,-1.070008181101629,-1.0680886115174346,-1.0542092932774618
32.725,-1.0942940612688883,-1.0906721364727074,-1.0797582359850624
32.730000000000004,-1.076916897659988,-1.0709993137406844,-1.0577931787527977
32.735,-1.0817528483750063,-1.0853175396544665,-1.0731488731633887
32.74,-1.0919923491327486,-1.0800924522990327,-1.0736191278479008
32.745,-1.1105375489413207,-1.1047815128338572,-1.0964536956596445
32.75,-1.1180260670291422,-1.1188420946497786,-1.101457124412713
32.755,-1.1359699909387213,-1.1321952933611603,-1.1255201671982253
32.76,-1.1241353261608942,-1.1228137577623412,-1.1093335785485738
32.765,-1.0602991263560595,-1.06223585808622,-1.0421722430830658
32.77,-1.0373599746386233,-1.0352386224739378,-1.0216023702305523
32.775,-1.0169134783426301,-1.016377464646971,-0.9998077708155726
32.78,-1.0741839799085562,-1.0745520547394054,-1.0672841674809013
32.785000000000004,-1.102895801955985,-1.1020496363695658,-1.0853777497610502
32.79,-1.0803874380806207,-1.0814277525953404,-1.064941564677221
32.795,-1.0825546392662282,-1.0762425098366344,-1.0693220657932045
32.8,-1.0930887567414231,-1.0929210923649084,-1.0802725505614383
32.805,-1.1182373880649388,-1.1115580066889084,-1.095450561153674
32.81,-1.1331906737916724,-1.1334843347522952,-1.1221654608064147
32.815,-1.1580330311646823,-1.1533437885923175,-1.1452258468724492
32.82,-1.1423494153169695,-1.1478106368406573,-1.1276306714988698
32.825,-1.115423213807969,-1.1176048811799193,-1.1029999972236666
32.83,-1.1110112517806623,-1.1156648304758507,-1.0994505695877261
32.835,-1.1603079706237105,-1.159504417009051,-1.147005901744633
32.84,-1.2118028094755882,-1.2106928131894377,-1.2003843015110613
32.845,-1.1858851591978092,-1.183860002394221,-1.1654527405450652
32.85,-1.204887901417461,-1.2070840616221232,-1.1895642706489422
32.855000000000004,-1.234122142130922,-1.2381133820981511,-1.2243091718295616
32.86,-1.2499360383636073,-1.2543744484509518,-1.2412054131434995
32.865,-1.2036421935459625,-1.1989090043708748,-1.18799025488974
32.87,-1.148075472889449,-1.150770649996774,-1.135921062724597
32.875,-1.1711812437359892,-1.1721720377383291,-1.1568947249760797
32.88,-1.2091549226528868,-1.212493874397568,-1.1991259928710618
32.885,-1.2307423010830445,-1.2245246472780908,-1.2140735463092605
32.89,-1.260076299287377,-1.2572072976722601,-1.241512882635291
32.895,-1.2427701793717767,-1.2412936708023907,-1.2272873351553495
32.9,-1.2577247041158723,-1.2531356705347931,-1.2362709743328661
32.905,-1.2957089475970816,-1.293404916080563,-1.2825656527914056
32.910000000000004,-1.277930429984752,-1.275150006113446,-1.265027385607641
32.915,-1.2600364381894524,-1.2634624084958115,-1.251175545050601
32.92,-1.2777061591065508,-1.2774376913129344,-1.2617941714275558
32.925,-1.2848028078362301,-1.2818140335993067,-1.2676623456896792
32.93,-1.2268731008856213,-1.2268921754184774,-1.2147775246725185
32.935,-1.277014472268936,-1.2792723885883042,-1.2603426258097385
32.94,-1.258520170666291,-1.2531889836064067,-1.2438243247757887
32.945,-1.242737974879635,-1.240516462063906,-1.2280196954254023
32.95,-1.188080308680503,-1.1868015160614573,-1.177168736252633
32.955,-1.1888540936564438,-1.1915579415594826,-1.1791911097676657
32.96,-1.1393065125285426,-1.1473497827709946,-1.128744657513925
32.965,-1.1480780503758954,-1.148285208714825,-1.1360970707236655
32.97,-1.1970338792668136,-1.1926528589423053,-1.182768479914253
32.975,-1.2460129112286435,-1.244572221016139,-1.2280202792532218
32.980000000000004,-1.231764258145019,-1.2337535553766268,-1.2218683388498603
32.985,-1.2362333605552163,-1.2355313456076313,-1.2206168473261914
32.99,-1.2052604004441778,-1.1987909620667598,-1.1960105319536893
32.995,-1.224110915073105,-1.227697745253826,-1.2147682242427689
33.0,-1.1921223164732728,-1.193577105384536,-1.1785098527901217
33.005,-1.2606428828148017,-1.2606013618849734,-1.2479020906749494
33.01,-1.195003661290711,-1.1954107019054308,-1.181462488381583
33.015,-1.245329571703164,-1.2485914530776367,-1.2363194932525343
33.02,-1.2862533148594117,-1.2880433177173762,-1.2758043595643445
33.025,-1.3059872633131098,-1.2999403714440978,-1.2931294359717445
33.03,-1.285999087552321,-1.287926006536051,-1.2704030442290504
33.035000000000004,-1.2116113028674653,-1.2125179852435186,-1.2028542443009251
33.04,-1.1608136166840899,-1.160265830445422,-1.1541627758068584
33.045,-1.148534529136892,-1.1455134393846544,-1.1333130424508298
33.05,-1.1693254609853987,-1.1623591820954677,-1.1557039068209685
33.055,-1.1775427410547876,-1.1741126532255668,-1.1661376638852163
33.06,-1.1448871758555565,-1.1436736268519216,-1.1327067338509373
33.065,-1.1349852362910045,-1.1349359285946174,-1.1235027334989516
33.07,-1.1296537355858163,-1.13074190099176,-1.1249328240407965
33.075,-1.1373237830918366,-1.1396600690703482,-1.1283075701505894
33.08,-1.1690108757697226,-1.171530326153314,-1.1535612305594787
33.085,-1.136341892655125,-1.1395776635749963,-1.127894186258039
33.09,-1.1878753587375919,-1.191827296559946,-1.1796370185913334
33.095,-1.1629970768082856,-1.1624293837284556,-1.1508674407877362
33.1,-1.1978583387108577,-1.1989849244160806,-1.1834590209553018
33.105000000000004,-1.1596551484732804,-1.159720149559606,-1.1486847359765884
33.11,-1.1587583182675696,-1.1616942382392617,-1.1527811384154434
33.115,-1.192727493628799,-1.1967134022751034,-1.1830805062086156
33.12,-1.1762568706941623,-1.1735057709246914,-1.1643315006558201
33.125,-1.1752484245546855,-1.1733576426471757,-1.1619644671071214
33.13,-1.14646578879442,-1.1416213065573124,-1.1342271465119278
33.135,-1.1171491227695793,-1.118296420820379,-1.1035049697485588
33.14,-1.127371319136208,-1.1275147198232607,-1.1185430561178762
33.145,-1.16658410663053,-1.167957733931684,-1.1539877823288112
33.15,-1.1645727109644448,-1.1694650114873746,-1.1539937383334247
33.155,-1.2027060790752488,-1.2037160613231708,-1.1923959243978555
33.160000000000004,-1.1545006715108455,-1.1561554258922784,-1.1432457167028482
33.165,-1.148681154940683,-1.1494050308922192,-1.1287950119160082
33.17,-1.2000028270165544,-1.2012009213716983,-1.1861577291461953
33.175,-1.1285628287797913,-1.1329081647001773,-1.1189982489587833
33.18,-1.0881878645554472,-1.0881450595612587,-1.0729023760553358
33.185,-1.0619878984754898,-1.0628285187859279,-1.0484069834257423
33.19,-1.0176345700748208,-1.0243409185005945,-1.0087234470637159
33.195,-0.980922393458572,-0.9816394612602205,-0.9685981793202535
33.2,-1.0263399331276388,-1.0291715170973441,-1.0162883179372413
33.205,-1.0477177264817057,-1.0500529251061144,-1.0388907910753322
33.21,-1.057933493329822,-1.0638432684902026,-1.0451742560668968
33.215,-1.060381161132571,-1.065621195460743,-1.0474411962046895
33.22,-0.9961206249320201,-0.9942798202543809,-0.9825312410208707
33.225,-0.9915752943533018,-0.9923572268649349,-0.976693729937528
33.230000000000004,-1.012079488131953,-1.0102875735288932,-0.9951452165929319
33.235,-1.0084094699293462,-1.0081200744162044,-0.9942576002025149
33.24,-1.0061522869373212,-1.0043552798157358,-0.9887967310598289
33.245,-1.0131691764042239,-1.0127700448793429,-0.9979746685195027
33.25,-0.950895787826022,-0.9557900298216718,-0.9402778577598068
33.255,-0.9850108599206974,-0.9893273071145688,-0.9662428008113184
33.26,-0.9794521216900557,-0.9804176925656742,-0.9574109517066558
33.265,-0.9769322719367881,-0.9762920794858847,-0.9587128829232952
33.27,-0.9967575330940774,-1.000031628696747,-0.9811186364301849
33.275,-1.0333932950072742,-1.041008790131805,-1.0160060097465933
33.28,-1.0354105728482441,-1.0431860367983312,-1.0199597529152473
33.285000000000004,-1.0174283420601065,-1.0240554626150704,-1.000352478004387
33.29,-1.0363822158268357,-1.041478297781019,-1.0244348375673777
33.295,-1.0398875486719017,-1.0404914106917087,-1.0243047337860451
33.3,-1.0239627061027694,-1.0311158352249934,-1.0144796503231466
33.305,-1.0522289700069272,-1.0647901599192933,-1.0412729019581917
33.31,-1.0965409001347852,-1.0897724395766333,-1.0772085095555282
33.315,-1.0812495371144684,-1.0864063491757046,-1.0628274606702273
33.32,-1.088923573397457,-1.0865581848153438,-1.073644609419849
33.325,-1.0637965280783859,-1.0699355188452624,-1.0475415369149361
33.33,-1.0598752631609878,-1.061320254190529,-1.0435045148905686
33.335,-1.0639297907124536,-1.072160998407815,-1.0525809173667318
33.34,-1.0458930638015902,-1.0497874661836804,-1.0300296187184048
33.345,-1.0654587288910113,-1.0650032666909113,-1.0479071808860208
33.35,-1.0739325611301536,-1.075771947501805,-1.0582204771414763
33.355000000000004,-1.0773013470111072,-1.0855004474082364,-1.0594283761396643
33.36,-1.0997021915753298,-1.102801619387375,-1.08345793505454
33.365,-1.0346486744300083,-1.039153797384081,-1.0141534387404962
33.37,-0.9720395657833272,-0.9864263042003425,-0.9641578312293105
33.375,-0.9709047675666596,-0.9765764212033415,-0.9547954496734739
33.38,-0.9886890223377776,-0.9956787854387696,-0.9713203250948517
33.385,-1.0120469871167612,-1.0194035168762667,-0.9936727320847433
33.39,-1.042173433069002,-1.0485360479243222,-1.0294408149129939
33.395,-0.9749749486306956,-0.9832463938326613,-0.9612666213707632
33.4,-0.9873424749149132,-0.9918182863622927,-0.9717825296313735
33.405,-0.9672711342111014,-0.9686517797145469,-0.9466312403384481
33.410000000000004,-0.9739603574092488,-0.97555640066359,-0.9539434499617131
33.415,-0.9730418591170882,-0.9770001027097098,-0.956859052554888
33.42,-0.9226936495180281,-0.9242294504608783,-0.9094198089074713
33.425,-0.9520990667014485,-0.953244872872747,-0.9328229823222294
33.43,-1.0003004057250313,-1.0099595934188483,-0.9831069896136237
33.435,-1.0264863544296992,-1.0284195905529523,-1.0100575287178268
33.44,-1.0573137832343826,-1.0662805624275442,-1.0383336713436726
33.445,-1.0897609120595833,-1.1030578116024354,-1.0819255247896038
33.45,-1.101870706214199,-1.1070262113715164,-1.0847434268968261
33.455,-1.1125015876114788,-1.120981113880996,-1.102908035439615
33.46,-1.0802373834456422,-1.0829873059194712,-1.062066683965998
33.465,-1.0729008469815122,-1.0790170067479887,-1.064221940674936
33.47,-1.05280910340711,-1.058332004974632,-1.0349975209615458
33.475,-1.0182492722698853,-1.020199463679278,-1.0014568558619072
33.480000000000004,-0.9725838988330917,-0.9787226042123509,-0.9552126065863273
33.485,-0.9936354991824775,-0.999229377755857,-0.9810667302469007
33.49,-0.9853717498155361,-0.9911530994343621,-0.9693948301730098
33.495,-0.9816817247582496,-0.9907860096752651,-0.9681410676546135
33.5,-1.029477333229877,-1.0377343802952466,-1.0120780592608891
33.505,-0.9991056795074394,-1.0144812442922924,-0.9912219620838766
33.51,-0.9777665049760347,-0.9781227681251131,-0.9598058830015416
33.515,-0.9416456123000367,-0.9513080380688634,-0.9331843245377551
33.52,-0.938068326779841,-0.9426919811992025,-0.9209513485502842
33.525,-0.9027656746956338,-0.9060453566404287,-0.8932551577266349
33.53,-0.8531842142893743,-0.8508020543531642,-0.8347892686978376
33.535000000000004,-0.893184599683843,-0.9022419046091317,-0.8803153859129028
33.54,-0.872824832527516,-0.8809424604248379,-0.8603444028687819
33.545,-0.8954054954844582,-0.9032876605070073,-0.8885135841626458
33.55,-0.9755113303644718,-0.9884549138054101,-0.9687960157754154
33.555,-0.985632384426394,-0.9944055168389307,-0.9689251792182599
33.56,-0.9796794386603832,-0.983997512916799,-0.9645305536328646
33.565,-0.9747669940932693,-0.9791181939599413,-0.957036696749276
33.57,-1.0125324411340826,-1.0175999435237615,-0.9943490827803964
33.575,-0.9947323005254274,-1.001610020805584,-0.9741527205221746
33.58,-0.9909047349844234,-0.9945043660528854,-0.9742082080066266
33.585,-0.956319829977895,-0.9662193686661656,-0.9448209660447558
33.59,-0.9516965458014411,-0.9556632199412577,-0.9269175678799996
33.595,-0.9421810428916064,-0.9501192105755949,-0.9296033195114417
33.6,-0.935885168507307,-0.9456028342862928,-0.9229533733917187
33.605000000000004,-0.8766148232810239,-0.8868777252497493,-0.8632407108309545
33.61,-0.8614545424488917,-0.8676165039966526,-0.8427985515940227
33.615,-0.8395434439856395,-0.8389034382991741,-0.8213813398604484
33.62,-0.7821338073698931,-0.7876296063602437,-0.7671722355495233
33.625,-0.7165953608012484,-0.7155830370900536,-0.6970882383473962
33.63,-0.6823558606995291,-0.6884942528413669,-0.6679192358708655
33.635,-0.6906346447637411,-0.696979553763,-0.6778089742056194
33.64,-0.712166216344023,-0.7203241714401795,-0.6983862173754617
33.645,-0.7018269633149069,-0.7006370697470319,-0.6762565998386737
33.65,-0.6302265397226687,-0.6390764484696996,-0.6144388863061244
33.655,-0.6307073597991815,-0.6328477159599001,-0.6205958594785281
33.660000000000004,-0.5418091024364968,-0.544006706385223,-0.5268794900588448
33.665,-0.5136225883931063,-0.5133180103522138,-0.49198970914022394
33.67,-0.4409914342480084,-0.4425301397642299,-0.4291455907591776
33.675,-0.418692943416569,-0.42441110688413736,-0.40747225433241735
33.68,-0.41017758949942296,-0.4208397881867713,-0.3982005225446528
33.685,-0.41128443375734514,-0.41762168919777076,-0.3991147689454582
33.69,-0.3605159065531512,-0.3637869697553381,-0.34487522428345124
33.695,-0.34948231753376274,-0.3542646976571469,-0.33471288353228296
33.7,-0.35762339080934036,-0.36310983415110787,-0.3343067838863326
33.705,-0.40692683470259894,-0.414510488003547,-0.397659466645449
33.71,-0.411178461701151,-0.41069463399677225,-0.3954622431520862
33.715,-0.4006615479614714,-0.40569531146835486,-0.3891645679635519
33.72,-0.3693228299381187,-0.3742260229955371,-0.35781175665900655
33.725,-0.37444718425327916,-0.37625362155906283,-0.36318077373762203
33.730000000000004,-0.40052479949259007,-0.404855050014679,-0.3842680727209894
33.735,-0.3536190062817605,-0.3611349005801762,-0.34116319117322635
33.74,-0.32472172541979544,-0.3296702795580335,-0.3109670320704573
33.745,-0.30880003239909154,-0.31487664102286156,-0.29531275374023896
33.75,-0.2709970107695714,-0.2809381388610328,-0.26221042337724604
33.755,-0.286310194544306,-0.29343611398310054,-0.26992305637601494
33.76,-0.33364954430317684,-0.33745402376314393,-0.3202157626758338
33.765,-0.2573044592723651,-0.26146082929018516,-0.24933389492727226
33.77,-0.2048924996608935,-0.2128858357553405,-0.19218392896198136
33.775,-0.19905853829339212,-0.2074501326347958,-0.18695482435311536
33.78,-0.18991127594098325,-0.19126515930766957,-0.17889868862443983
33.785000000000004,-0.1946256201137419,-0.19722715827530193,-0.1797745791789617
33.79,-0.13074578831258593,-0.14038794219174966,-0.12215900197352415
33.795,-0.14816466575272627,-0.15760495819734074,-0.14237062956458169
33.8,-0.14869670105696736,-0.15077440589309993,-0.13589678046151776
33.805,-0.18335820482280918,-0.1853188482417923,-0.17307914624503812
33.81,-0.1552439831524947,-0.15739122882473797,-0.13891373666211984
33.815,-0.12477876292723761,-0.13096046392498598,-0.11392658366168597
33.82,-0.14247945973059523,-0.14345133242355876,-0.1210096878512635
33.825,-0.10765012628328688,-0.10490419069007538,-0.09182707387557076
33.83,-0.026685981635158895,-0.03583112016063959,-0.020860438386074008
33.835,0.022412902371018804,0.019657147142034148,0.033302290686713656
33.84,0.03404839204408316,0.02678713307392398,0.04364270739506695
33.845,0.026934767487099238,0.029855795986301215,0.03886492585092339
33.85,-0.007906909964808945,-0.007896295389803774,0.0021351760285769003
33.855000000000004,0.03188174516264168,0.022258693645812604,0.04292006989378312
33.86,-0.03364740203248269,-0.035590619042726084,-0.013881437688531853
33.865,-0.0337479941330513,-0.035890927744705564,-0.019116928652225147
33.87,-0.048945221545675446,-0.0527317004084159,-0.0342167392483962
33.875,-0.07051463556659578,-0.0740160898958432,-0.05644932056005825
33.88,-0.04777354119368571,-0.04518004165463914,-0.028788340191116486
33.885,-0.09301905639599492,-0.09446637884255257,-0.08033358821696425
33.89,-0.10569700894968034,-0.10795319072131151,-0.08743329201967887
33.895,-0.021606497022437415,-0.0330717847383564,-0.008742123990299396
33.9,-0.03713387835913815,-0.04242403463658686,-0.025644744224748602
33.905,-0.04470595430866895,-0.05123945947238978,-0.03310367665298888
33.910000000000004,-0.09866053494123159,-0.1017683283460101,-0.08417745547043519
33.915,-0.07436485764393098,-0.08134663495222576,-0.06800698945292871
33.92,-0.10465851379926285,-0.10538792219405702,-0.09198494800869372
33.925,-0.07092916396509472,-0.07273255015595093,-0.05337958654010332
33.93,-0.07549181488128828,-0.07556126437834287,-0.057745044604920956
33.935,-0.039784941897712464,-0.04242652471236914,-0.028228716130979003
33.94,-0.039894066873037135,-0.0431664132170974,-0.02169221209202184
33.945,-0.003723774300163691,-0.007766843808512815,0.014299534879373322
33.95,0.01038077590658706,0.00017941876018527907,0.02173735228376971
33.955,0.005608406445791849,0.0038718604260759197,0.019369578459510182
33.96,-0.005051915210661153,-0.0032620070815752036,0.010825321590342062
33.965,-0.017689941157570558,-0.020345161640605722,0.00011393166114463758
33.97,0.0030126209402895066,0.0015715449338181905,0.01751311565196505
33.975,0.0031156384586174778,-0.006486709452116152,0.015310467383176016
33.980000000000004,-0.018786556285874487,-0.025710949925219155,-0.0015802195411055665
33.985,-0.018809037717211822,-0.01837205076691533,-0.006807829008914855
33.99,-0.013753518904679574,-0.01593898157550495,0.00459243171725935
33.995,-0.07044130024267284,-0.07639930572702126,-0.061014542096162666
34.0,-0.035555177566557204,-0.03816870080557305,-0.016554315807594644
34.005,0.0009452980117910341,-0.0031677989999443676,0.012496473708237364
34.01,0.016518244351851827,0.011856799507634418,0.03077631595575425
34.015,0.05675379406331135,0.04714750517850337,0.07277136853920411
34.02,0.06898742372654364,0.06043836578854149,0.08068384735842155
34.025,0.05359555064873249,0.05623362425387066,0.06729937517459149
34.03,0.1303914330705057,0.12397709554409678,0.13600680185350236
34.035000000000004,0.1590477872195906,0.16183303619210598,0.1736696273718985
34.04,0.17450432704904675,0.16696793208938654,0.1863028249526692
34.045,0.2063098671349869,0.20415374291506566,0.22337433907908544
34.05,0.15919423295457585,0.15039497616922018,0.17206082477420984
34.055,0.1573908963134865,0.15322056923629557,0.17033897142770865
34.06,0.1833906991892763,0.18334246399905713,0.1985131058615693
34.065,0.24003997630597387,0.23503200106781527,0.2520609115573986
34.07,0.2448085891972435,0.2364737424244485,0.26144391777510073
34.075,0.29763951190212024,0.2938060057812826,0.31543476847491697
34.08,0.29448174496158064,0.29023997282413305,0.30541672403856324
34.085,0.32961949032907645,0.32828783630720854,0.3413055229641877
34.09,0.38299903080929404,0.3758232785003245,0.39691471221114255
34.095,0.37101743891398775,0.36633448129331486,0.3901854578795764
34.1,0.39524169252543223,0.38890493508050517,0.40841308889873035
34.105000000000004,0.390918885941072,0.38337726592255217,0.40711173736885004
34.11,0.4138220867089629,0.3974323678053744,0.4216622531775169
34.115,0.45128887322086164,0.43829328091381076,0.4580924131772625
34.12,0.3511980762664829,0.33468139525354046,0.36244312759064806
34.125,0.42950191505080676,0.4185359899925513,0.4372103789938721
34.13,0.4571783172702192,0.4509949394474679,0.4749927522433179
34.135,0.5100639394375167,0.5066371195806635,0.5265591866843412
34.14,0.5703572541602063,0.5656472839188349,0.5836142785033667
34.145,0.530284458370237,0.5237631660898175,0.5465526875379315
34.15,0.5258757417269713,0.5212305932780029,0.5397532026478042
34.155,0.5300555325652276,0.5186000585062412,0.545881602029784
34.160000000000004,0.5460244482604946,0.5346680027609574,0.5582930345788769
34.165,0.5006375987716496,0.5000808380113063,0.5164339952320122
34.17,0.5014236998848273,0.49201427878172027,0.5154596298004231
34.175000000000004,0.5118119203505098,0.508465187829219,0.5247286340291568
34.18,0.5245728134541533,0.5225992262664663,0.5345533412169152
34.185,0.5176110839330907,0.5109123740911995,0.5351301854451833
34.19,0.5973515942478932,0.584761193650703,0.6053387647318715
34.195,0.5849401545526912,0.5718510675912619,0.5950831759216745
34.2,0.6155990087796224,0.6038200218951879,0.6271330832748969
34.205,0.6362776558607988,0.6310737658372548,0.652555731410118
34.21,0.6515465015169536,0.6433530442909194,0.6610877849637424
34.215,0.6308484398381606,0.6266413027112767,0.6458437090329127
34.22,0.699883899793862,0.6900509600380684,0.7120199764618697
34.225,0.6916404729823886,0.686690739451298,0.7042724783188878
34.230000000000004,0.7401782019856535,0.7316581590737966,0.7539956861316421
34.235,0.7202365407013999,0.7194053419268238,0.7387637721186848
34.24,0.7134962390558669,0.7121032709292847,0.734210246539276
34.245,0.6978312599091594,0.6840128342743271,0.7040718087940647
34.25,0.6940432747487919,0.6793171435641077,0.702167846185974
34.255,0.7276043988868033,0.7147701534238493,0.7301311197355772
34.26,0.7184075318833775,0.7074459866350695,0.7299984685577076
34.265,0.7031935384593956,0.6969571678704853,0.7193241193978508
34.27,0.7400165021339551,0.7309710398389163,0.749400242312379
34.275,0.7611050566289879,0.7508420411689468,0.7740951197423022
34.28,0.7150167318416585,0.7037103974557655,0.723789666371382
34.285000000000004,0.6682193493864725,0.6467496258013987,0.6746824325876696
34.29,0.6863598291485976,0.6735744978376086,0.6925359553830116
34.295,0.6727457121845851,0.6647730580844242,0.6831688851304092
34.300000000000004,0.6300792730850028,0.6144342558343165,0.6419500362717426
34.305,0.5986899560558604,0.5941848308777404,0.6090321520021453
34.31,0.6892260561292275,0.6771036643338675,0.6975176055290363
34.315,0.7142423729210389,0.7020913028834985,0.7274057325101873
34.32,0.6732979328094553,0.6674718805103762,0.6844597569111646
34.325,0.6647439438630557,0.657665578054272,0.6746633678272326
34.33,0.6782898787705633,0.6736183641110869,0.6871853949252701
34.335,0.6143351923009441,0.6095051646173029,0.6272035877387123
34.34,0.5860552109150792,0.5836564020451809,0.597658724855583
34.345,0.5494930905424805,0.5362659846967835,0.5612130717505134
34.35,0.5391650896885576,0.5307099698972001,0.5561884727606502
34.355000000000004,0.5342910984389415,0.5236583972532454,0.5414015147931777
34.36,0.5416576738676075,0.5375423020591453,0.5512683353704613
34.365,0.5262834261042341,0.5181692586359689,0.537775378376321
34.37,0.5029731212697344,0.496169901399413,0.5193943695945855
34.375,0.48628583264795655,0.4720086930694936,0.49262655909799585
34.38,0.4950337235569203,0.4915320545564939,0.5023022195998504
34.385,0.4632687682213204,0.4568740280351664,0.4773458380565897
34.39,0.5050185033878264,0.49436498461188694,0.5152969039600053
34.395,0.49640559154868413,0.4899099025572017,0.5056774525346843
34.4,0.4956035998674092,0.4908413393521384,0.5101690833562081
34.405,0.603461141085534,0.5929083719312122,0.6122606306045577
34.410000000000004,0.6010824978299378,0.594787507986743,0.6088200033597372
34.415,0.5253616638558483,0.5134414528861233,0.5373346726675025
34.42,0.5088723170005858,0.5016411409209661,0.5212075892575236
34.425000000000004,0.49408208887981425,0.4850370213344637,0.504445073632184
34.43,0.5103620546396369,0.49799102863302014,0.5146528517356862
34.435,0.4745779566119486,0.46941664137354067,0.48642427957896006
34.44,0.4773002109627639,0.4668517647258404,0.4876021864312839
34.445,0.47133343086259427,0.464341494114415,0.4785207631791095
34.45,0.4622671058802634,0.45860905301452193,0.47317754479892954
34.455,0.4840861804521584,0.4770181113061921,0.4994026559255992
34.46,0.4328653020155678,0.42190176388802614,0.44511523692996285
34.465,0.4551896718867712,0.4434410221582674,0.4640958759166543
34.47,0.42817516386882126,0.41840946007462454,0.43714088837735504
34.475,0.3970511314920198,0.39361635494227964,0.41024771930438325
34.480000000000004,0.42033415696434906,0.41148065679734247,0.42539015964830285
34.485,0.40128589408421766,0.3958294915924885,0.4170851896174713
34.49,0.3504316539981609,0.34635235072713194,0.3627516649692512
34.495,0.34820534976713124,0.3469878502868776,0.35931671147907557
34.5,0.30682627712273697,0.30390664757994407,0.3169909718245332
34.505,0.321810925686035,0.31030680223931006,0.32469244125523017
34.51,0.2570650375058053,0.2490364928014527,0.2662215447408514
34.515,0.2691524754179715,0.259687943105329,0.27603681306996786
34.52,0.25757988152398037,0.24979812225244719,0.2664420631210751
34.525,0.29795586982429934,0.28914832807546736,0.30609334875407335
34.53,0.27246656295514926,0.26424794175201255,0.2885659852037537
34.535000000000004,0.20335355498438845,0.19589823070426332,0.20987969415273558
34.54,0.17748820920253114,0.16753140374557643,0.1786512079116057
34.545,0.2428463155920097,0.22803618578204374,0.24327960117516576
34.550000000000004,0.19574537633010272,0.1809558504520554,0.2009355064929159
34.555,0.196532890038587,0.18689202173195843,0.20748753484326493
34.56,0.1810753831961738,0.16962685728929694,0.1846531272502972
34.565,0.15184630801701446,0.13536551800297608,0.15154818322299973
34.57,0.13529161139602253,0.12286093870269313,0.144482501923946
34.575,0.10530219100154022,0.09365237675189537,0.1113245758355094
34.58,0.07759334385695853,0.06791027379773586,0.08074862105119003
34.585,0.02766110474065312,0.020953052743363523,0.03608627315434121
34.59,0.08824256329511818,0.07703491335891681,0.09240096477133791
34.595,0.1106820027692206,0.10159261461513817,0.12038440100736407
34.6,0.09560628416886079,0.08347867989492998,0.1011551163110456
34.605000000000004,0.10505130305337325,0.09782336325849589,0.11421922723791857
34.61,0.06290873277087256,0.05427057018362077,0.07420075342967057
34.615,0.07702380538264701,0.06249461609607854,0.08075342456922523
34.62,0.13293272073791346,0.12056076880314645,0.13719109991273096
34.625,0.12191873000079986,0.11525008165459981,0.13161274797417447
34.63,0.11395567455281873,0.10781690045527596,0.12628615139119742
34.635,0.15335606021901801,0.1419680769557356,0.16367952750673612
34.64,0.15169582907148765,0.13952064678855017,0.16260034110091492
34.645,0.136425859375128,0.12053794984901312,0.14803329953111366
34.65,0.17189997661037767,0.1613837609535917,0.1836195553586661
34.655,0.20181115966976154,0.1883290493719718,0.205952981420466
34.660000000000004,0.16178308174875794,0.1520822304981609,0.16873636192078154
34.665,0.21047107423669564,0.19557872820473246,0.21376214830620255
34.67,0.19711078706290142,0.17904361683707135,0.20271922330516765
34.675000000000004,0.1948988248260196,0.18696551004374545,0.1998971593821296
34.68,0.18669777739034066,0.1821649350951754,0.192855631320517
34.685,0.1764430812142387,0.1704565246273777,0.18463068267851077
34.69,0.23661325907590147,0.223073650853767,0.24250880966598928
34.695,0.24751059838322054,0.23953654932714924,0.25669245616489844
34.7,0.2676860429356056,0.26291485024460887,0.2785243813223519
34.705,0.1763736262130437,0.17107547385055608,0.19157631122795984
34.71,0.20750192833378048,0.1986872056302054,0.21770268445466018
34.715,0.17852771580303592,0.16881130037104966,0.18540286983081672
34.72,0.24489887978583416,0.2355585731353525,0.25095586213621
34.725,0.2368580073964942,0.22489542202670443,0.24207827961172018
34.730000000000004,0.2511676082741557,0.23877028489768864,0.25332596043129224
34.735,0.20482874087145786,0.19432407974485644,0.213474638880772
34.74,0.19789916022304785,0.18405094374700523,0.2042414312193183
34.745,0.17005089939136595,0.15830560230978702,0.17546089227354766
34.75,0.17359257482264326,0.15897357667365808,0.18044156671282896
34.755,0.19792002512100876,0.18419890161243377,0.20568574238615836
34.76,0.2382356260357637,0.22925841541048442,0.24983835643615357
34.765,0.15215208875376643,0.1404998208404199,0.16159635654726234
34.77,0.18270530905806803,0.17802870512367971,0.1888727671823593
34.775,0.27043644941948375,0.2601981945242424,0.27651640681993495
34.78,0.2617098802410807,0.25469908669061875,0.2677083387067263
34.785000000000004,0.273943370273549,0.26609805759295685,0.2827616302870537
34.79,0.26679907482436366,0.2618888787513652,0.283251538732003
34.795,0.29041620609329444,0.2786089292745943,0.3002251770046852
34.800000000000004,0.28152675137650357,0.2798702235116045,0.2958128225214608
34.805,0.29627713437542513,0.2825960036243373,0.3018217702348837
34.81,0.30409454438000505,0.29392388612636633,0.31507082555182797
34.815,0.27819830482459446,0.27009823812635875,0.28946368814395196
34.82,0.2648180417200105,0.2506460009471765,0.2686748655441748
34.825,0.2776201261728466,0.2698818128620533,0.28647518428360513
34.83,0.26076591646714353,0.25338280835897065,0.26730535529897115
34.835,0.24074212545551013,0.23722663092322327,0.25266502598512103
34.84,0.1827128215075247,0.1687592143820968,0.1810576910238112
34.845,0.15877259901292923,0.1484656933146878,0.15996101187438627
34.85,0.170954513907276,0.16539103072850408,0.17512680789814014
34.855000000000004,0.19655250607946392,0.18473730585149029,0.20363692703499664
34.86,0.1590116936932329,0.15325154693984064,0.1739284685672139
34.865,0.1219886428212454,0.11251628722707437,0.12800796457574315
34.87,0.1228351367544043,0.10938290055071244,0.12915511313729086
34.875,0.10594155760385167,0.10551672041509505,0.11363395036841262
34.88,0.12622420561795047,0.1163132387182803,0.13126580601008664
34.885,0.12767516754467928,0.12037681813283346,0.13491900936147122
34.89,0.17162806264417824,0.16069717017396937,0.17621203354824536
34.895,0.17401002320922507,0.16822660856468427,0.1835023858082676
34.9,0.19950614545095535,0.18668277233979183,0.2031572266346631
34.905,0.16647138886740587,0.1626252363342963,0.17547664869053897
34.910000000000004,0.12943285449002467,0.12439708852052579,0.1352505676744292
34.915,0.09907652198957406,0.09533681147028127,0.11323486161896491
34.92,0.09876001492669155,0.09600547187571017,0.11045021692135042
34.925000000000004,0.11291619945706875,0.10759763990001138,0.11799388208347673
34.93,0.10877122173060047,0.1051134396258052,0.11979361511340611
34.935,0.07542461902720358,0.06629037323724213,0.08527603482837387
34.94,0.04682971462527912,0.04310577298200644,0.05570459805861494
34.945,0.09419504554134107,0.08892151700956082,0.10316983943407217
34.95,0.0394704522489337,0.034871846383028426,0.04678046198715738
34.955,0.042735338613756155,0.035718476792549636,0.056507477538360766
34.96,0.03016362955162967,0.02249779032843587,0.040757493916875734
34.965,0.01995813418203751,0.01206724647493572,0.02468539968924049
34.97,0.02590813222248767,0.017075212381115156,0.031710337389512525
34.975,0.03125849299920534,0.024397824300282197,0.036909557314451315
34.980000000000004,0.007736360502238357,-0.0001542149105072093,0.01601925220224534
34.985,0.002031683348184994,-0.004387342796689061,0.010282046356328518
34.99,0.04918268626726603,0.04127163693142395,0.05272132835117866
34.995,0.02690054260541854,0.02048477945295636,0.031169430653909824
35.0,0.0936301810277771,0.09250570812813289,0.10359170564542688
35.005,0.0872665610006513,0.0833560001670351,0.09880382776444067
35.01,0.054351140029431845,0.05194235103953998,0.06464339458310021
35.015,0.11452068300044724,0.11207475011715856,0.12414734758694164
35.02,0.12168245348575865,0.11749837058167423,0.12873940298183995
35.025,0.12732774615725684,0.11692560726212117,0.13214315118775455
35.03,0.12349046767633569,0.1203284416123926,0.13695647809621136
35.035000000000004,0.11507112575584703,0.10823131275974932,0.12257686305578556
35.04,0.14313384522303027,0.1373393852618147,0.15448268555860625
35.045,0.09821754068673075,0.08921658530414764,0.10492016133763905
35.050000000000004,0.08691328013754766,0.0825888060714672,0.09857646904181994
35.055,0.10771979409937006,0.10042994675629796,0.11011014465029574
35.06,0.1190489534382008,0.11078916646978501,0.12773185079101812
35.065,0.10341527849152951,0.0964439840476208,0.10753703269815534
35.07,0.17132932215807978,0.16191197217613143,0.17641431345791972
35.075,0.1532653563099384,0.1447793360979996,0.157262305081407
35.08,0.10583408613619191,0.0910746114323079,0.11047076412139908
35.085,-0.0034401191079268378,-0.01186756286485083,-0.0019991202656046135
35.09,-0.07326286720614275,-0.08301417375740455,-0.06512514291602309
35.095,-0.03987786165596752,-0.04464359558746207,-0.0348781233853266
35.1,-0.035981536718959206,-0.04259954342432665,-0.031227814104437937
35.105000000000004,0.0032157470297172067,-0.013674761138767031,0.003755078059809903
35.11,-0.033385741791002815,-0.040808291124332374,-0.02688601005157694
35.115,-0.03348412535624804,-0.04331296159276086,-0.03207483313455277
35.12,-0.08793562353556206,-0.0997136663781996,-0.08519250618312513
35.125,-0.07955607912096142,-0.0924104093353883,-0.0782587169188755
35.13,-0.08516931833209955,-0.09852849958334994,-0.08009863638992268
35.135,-0.08308514758532702,-0.09199774581408242,-0.08059632939110406
35.14,-0.10689890650723718,-0.11781216674630172,-0.10704726267747827
35.145,-0.060648368937081636,-0.06999827257187845,-0.06023228796225373
35.15,-0.07051138315270575,-0.08073392014464188,-0.0654648611322476
35.155,-0.10453470262931218,-0.12015247896992852,-0.10687083970196679
35.160000000000004,-0.16858751275909767,-0.1775664276213121,-0.16963760712741613
35.165,-0.17966237049132347,-0.18666507021286896,-0.17529556072325583
35.17,-0.16843812717211126,-0.18308273826284244,-0.16483175706730377
35.175000000000004,-0.11545483309150724,-0.12995446036893177,-0.11113998285902929
35.18,-0.1276689178740569,-0.13903685322377238,-0.12606495318416255
35.185,-0.11053948451862514,-0.12081633050496,-0.10339541790617394
35.19,-0.04334214801152483,-0.060937219854723,-0.044691231214508
35.195,-0.07613311953569696,-0.08579836004036738,-0.06850539951095948
35.2,-0.09444533913387608,-0.10007267876683361,-0.09233582426156724
35.205,-0.06306034509616208,-0.08181431393168899,-0.06595006446173535
35.21,-0.10652547793669091,-0.11190532289531607,-0.10326095503494778
35.215,-0.0805911981446531,-0.10030150400072002,-0.08224979454191275
35.22,-0.07166776441586177,-0.08696888460738669,-0.06813965630741524
35.225,-0.05391923866185763,-0.06845416952792273,-0.05406550277819874
35.230000000000004,-0.0210726778068077,-0.038422185061018035,-0.02198953575799568
35.235,-0.03157075902250456,-0.049598730277218,-0.03407855260184757
35.24,0.04300326325461568,0.028437261291755736,0.04593054757728011
35.245,0.03964860539620721,0.022689046394925288,0.03776995582355561
35.25,-0.035799766167217466,-0.04916428915786448,-0.03504580763409641
35.255,-0.05530269741284781,-0.07033939168286131,-0.05778783142740957
35.26,-0.059658924020201565,-0.07390201219956098,-0.06188988310379658
35.265,-0.12083319132152778,-0.13487481641205556,-0.12150127083086402
35.27,-0.12009996356942476,-0.13434669181542355,-0.11989063585921797
35.275,-0.07018776433123351,-0.07666672726687482,-0.05713889244292434
35.28,-0.03331896102382295,-0.05584692978995652,-0.03931220562268106
35.285000000000004,-0.02468222948136693,-0.034324933501645505,-0.016005175620218325
35.29,-0.0390636328755474,-0.04797680111031498,-0.03967870892341507
35.295,-0.05219102288538847,-0.06058589719396399,-0.04936274368108684
35.300000000000004,-0.011096631920263837,-0.02432060210467616,-0.011775325470152642
35.305,-0.08461085883814254,-0.09576670711614539,-0.08175749530723934
35.31,-0.029723300262125964,-0.037703374162098104,-0.028601890210056668
35.315,-0.03160083833656705,-0.041610112949000334,-0.028179167207058764
35.32,-0.04417997763266327,-0.05980611795209811,-0.044320732807924555
35.325,-0.06055989710532028,-0.07337608141461113,-0.05879362588327312
35.33,-0.10060957271081855,-0.10762215709118819,-0.09580457159613948
35.335,-0.07717224820257881,-0.08257981432328806,-0.06946850668651862
35.34,-0.11858702576771396,-0.1274252979825872,-0.1146164643709739
35.345,-0.02653854651154588,-0.03807221012231672,-0.021972355836265244
35.35,-0.04641492348955039,-0.05692886022006173,-0.042773923291862956
35.355000000000004,-0.082176448069436,-0.09579441789580967,-0.07629888426685381
35.36,-0.09688927823908956,-0.10254963668348921,-0.09213196548325359
35.365,-0.08867987678641916,-0.09908015319966995,-0.08361032206599736
35.37,-0.09384025649150726,-0.11060004832458586,-0.09193434724230212
35.375,-0.10655285711057572,-0.11014946991902651,-0.09621391858502767
35.38,-0.11952994118105803,-0.1312529168384064,-0.1095530357280035
35.385,-0.11201956996891986,-0.1195392962759817,-0.10197319288482176
35.39,-0.1673248285122511,-0.17525544521528408,-0.15766114350040547
35.395,-0.2110811026645879,-0.22200555559523433,-0.2044350348054819
35.4,-0.21292375184978113,-0.2227900575745662,-0.20478170485986538
35.405,-0.27557162570787663,-0.28260525869572395,-0.27204922186029956
35.410000000000004,-0.27920881536530107,-0.2930162564684476,-0.2729150193223178
35.415,-0.33065619136169627,-0.34292471269398056,-0.32667485575132166
35.42,-0.36637515549487687,-0.3798821998448765,-0.3622234180218211
35.425000000000004,-0.39375960025724416,-0.4058948738151493,-0.38606951125002453
35.43,-0.3604720772211434,-0.3744272788204227,-0.35172834254494617
35.435,-0.44173746055554686,-0.4501028649959883,-0.43865603013246324
35.44,-0.4580561573204428,-0.47253919525134447,-0.45255188870865254
35.445,-0.47114674060960327,-0.4840927452525389,-0.4630711122283252
35.45,-0.4631372790801098,-0.4694603026329064,-0.4528894803791444
35.455,-0.5108624242070783,-0.5198528400738742,-0.5017256753106416
35.46,-0.4761156311302554,-0.49173409205794627,-0.4751496002049158
35.465,-0.4471297784597498,-0.46136708583747366,-0.43602518709292615
35.47,-0.4669446255304107,-0.4818321962067884,-0.4609651357870168
35.475,-0.48544155078519025,-0.49633973073627846,-0.4819797090860598
35.480000000000004,-0.4865472269063533,-0.4930471949552662,-0.47704117981740085
35.485,-0.5061545967838051,-0.514458034105001,-0.49668787859814106
35.49,-0.5158987920112139,-0.5293780842156282,-0.5050823796040784
35.495,-0.4562765142088183,-0.4683125603586411,-0.447929847794282
35.5,-0.43357675258569617,-0.4462907114096652,-0.4281994619835722
35.505,-0.4293090415525032,-0.43741742614124385,-0.42014260836687845
35.51,-0.43810185557622033,-0.44860150987747327,-0.43362008872554186
35.515,-0.42655341248497053,-0.44116199741527856,-0.42314710106924636
35.52,-0.42905125820598644,-0.4412564813889709,-0.42017572367324074
35.525,-0.36865250404318156,-0.38697028761138635,-0.36235961985333204
35.53,-0.34384587274735207,-0.3566624197258171,-0.336159326814204
35.535000000000004,-0.3686632695546188,-0.38096055625041814,-0.360717757538731
35.54,-0.31122720073846477,-0.3227057802720939,-0.3032848324352948
35.545,-0.3043899235229848,-0.32049125907534703,-0.29885883680807346
35.550000000000004,-0.2911607254287585,-0.3012006067224983,-0.2823725550413209
35.555,-0.314575585447679,-0.3333477835404058,-0.30777320009882575
35.56,-0.33590577966253266,-0.35519505692610803,-0.3308684845894834
35.565,-0.31314376226568263,-0.3248096965497484,-0.30596276221810736
35.57,-0.29590526118921884,-0.3012627221207543,-0.28326448395746173
35.575,-0.31884299539822764,-0.32748015115688855,-0.3076159808215804
35.58,-0.33636078522482643,-0.34802806818625176,-0.3293876349260614
35.585,-0.32135035319029737,-0.3255957178311967,-0.3047655572686762
35.59,-0.299963257000114,-0.3116659588855076,-0.2875151809929741
35.595,-0.33830360735238724,-0.3441580234782203,-0.32557280511134234
35.6,-0.33704467058523047,-0.35352806095989103,-0.32634214508266446
35.605000000000004,-0.398214738467327,-0.41846313255305656,-0.3904993326891608
35.61,-0.3895221906678138,-0.39837683464145357,-0.37494066527432973
35.615,-0.3660949486690985,-0.37904405297269694,-0.35556007152531965
35.62,-0.3575200907297715,-0.3683275919054597,-0.34543818535398146
35.625,-0.29932702758297636,-0.31223946250001144,-0.2896886184403126
35.63,-0.26634438880792716,-0.2761722312063683,-0.25704992740301075
35.635,-0.2618581599867692,-0.2671543768873674,-0.2487884840800992
35.64,-0.28863731752597943,-0.29648402222982145,-0.2725230811210439
35.645,-0.2783322721489036,-0.2905596299075601,-0.2672880939807942
35.65,-0.296460952055041,-0.3141285695614975,-0.28695717059043996
35.655,-0.3344243159797892,-0.3487244821684697,-0.3247502636378819
35.660000000000004,-0.3617883780762192,-0.36888516173132835,-0.3486459719121634
35.665,-0.3554168511296851,-0.3662153291345641,-0.3453702282231645
35.67,-0.3642092327582973,-0.3727021756772147,-0.3537143379401367
35.675000000000004,-0.4154612948319628,-0.4309958937499369,-0.41294786528489014
35.68,-0.46889084070960035,-0.47765070140252397,-0.4517995623851382
35.685,-0.44561956992467616,-0.45531969773332415,-0.43469171467371653
35.69,-0.43726586604813883,-0.45807444606432385,-0.43398231778546276
35.695,-0.4886135448551834,-0.49515604039391126,-0.48054741928041006
35.7,-0.4617343767976805,-0.4717792358499528,-0.4465570090813558
35.705,-0.46508141222923616,-0.47537804021878705,-0.4542273639943241
35.71,-0.4432590161091557,-0.4500775962052354,-0.4310072927954246
35.715,-0.474108998209803,-0.48611805506578903,-0.4648158315380656
35.72,-0.48778837045335943,-0.4991815778124118,-0.4762045408305925
35.725,-0.519270702877524,-0.5341388891312177,-0.5080753412944335
35.730000000000004,-0.4970716494139498,-0.5169030825933053,-0.4902310577299031
35.735,-0.5238756342812017,-0.5402985609032551,-0.5113158888493801
35.74,-0.552604480158917,-0.5671677362996783,-0.5434516260285381
35.745,-0.5917453139507403,-0.6043497431999577,-0.5880508021156663
35.75,-0.5753410908742953,-0.587182939291157,-0.5691728649765609
35.755,-0.546135240379466,-0.5599015792216637,-0.5386656284866106
35.76,-0.5484886914433478,-0.5618255437224998,-0.5475478596662298
35.765,-0.5357374214337683,-0.5538448591314307,-0.5275132256623868
35.77,-0.5127567506191644,-0.5354099310845656,-0.5115140883754687
35.775,-0.5163103642296683,-0.5347969139092994,-0.5083413792250384
35.78,-0.6239316850700665,-0.6346775824627918,-0.6139952989902604
35.785000000000004,-0.6141055957892014,-0.6321534472893742,-0.6053930822436926
35.79,-0.6434956087370705,-0.6567276205911732,-0.6354975712975346
35.795,-0.5887900306673658,-0.6013718853549896,-0.5787707355180897
35.800000000000004,-0.6011488255189791,-0.6143074691800529,-0.5926533525584434
35.805,-0.6022164358564762,-0.6168682554414334,-0.5976933977775263
35.81,-0.6218583192261506,-0.6341373999597996,-0.6152419412955717
35.815,-0.6450810237154472,-0.6610285472755512,-0.6375535301894858
35.82,-0.6254626547290228,-0.6376374623650738,-0.6185186271592502
35.825,-0.6401369189503455,-0.6521033837964422,-0.6349842195799797
35.83,-0.5849076084276675,-0.5969797181088273,-0.5758357025082534
35.835,-0.5067310349628198,-0.5219644170161369,-0.4986553908143192
35.84,-0.5194787633814324,-0.5313865934846591,-0.5081825179031386
35.845,-0.489861683329261,-0.5068268880431154,-0.48391946590357887
35.85,-0.4847090352872413,-0.4923587767228305,-0.47778520557389204
35.855000000000004,-0.503764581233009,-0.5164670634641102,-0.502823956158783
35.86,-0.5521357382344385,-0.5613942538709469,-0.5388366145918696
35.865,-0.5963203880505131,-0.6049504367566603,-0.5884058235252934
35.87,-0.660526362380522,-0.6737284533198842,-0.6507381612009282
35.875,-0.6767832279447329,-0.6883614744534803,-0.6721761461575049
35.88,-0.6727116109584079,-0.6882310492676927,-0.6694317456928816
35.885,-0.6694537852993199,-0.6825129742946529,-0.6624530968970479
35.89,-0.6599628343748101,-0.6727645375824428,-0.6519054985869255
35.895,-0.6993641525481653,-0.7077199857060432,-0.6868354371234318
35.9,-0.7252298509304926,-0.733475543029838,-0.713817801865701
35.905,-0.7268472548636237,-0.739764372742331,-0.7167936276282634
35.910000000000004,-0.6979816252831896,-0.7062850486832266,-0.6914324676712797
35.915,-0.6873824622902331,-0.7001902437768148,-0.6772693199048978
35.92,-0.6450404213876275,-0.6584744746199954,-0.6375520190948765
35.925000000000004,-0.5676596452798242,-0.5834143095131066,-0.5566093647411441
35.93,-0.610132664133383,-0.6200800715237039,-0.5987778645043358
35.935,-0.6085435880694688,-0.622645059227628,-0.6008744255961803
35.94,-0.674980955133952,-0.681774167831126,-0.6679078937695243
35.945,-0.7009120990257063,-0.7090860934779336,-0.6891578007183811
35.95,-0.6981252173483983,-0.7078839433458599,-0.6899155998866133
35.955,-0.7142639649646699,-0.7226246375257928,-0.7013279627400156
35.96,-0.6791241396921861,-0.6941949611080589,-0.6731765127400829
35.965,-0.7049261338601548,-0.7185616036048634,-0.6951145156886871
35.97,-0.6921518264657909,-0.7057061881188248,-0.6809923022477409
35.975,-0.6669189219755586,-0.6803819375263013,-0.6614711475890811
35.980000000000004,-0.618352272965528,-0.6295313790498378,-0.6115131260459413
35.985,-0.645001779332456,-0.659925969564068,-0.6322575666673251
35.99,-0.6122529032252577,-0.6183328862026367,-0.6014009733803435
35.995,-0.6034500854413035,-0.6127953232653364,-0.5941186690008348
36.0,-0.6286860317189474,-0.6388140401570463,-0.6220344549458434
36.005,-0.6074185398482348,-0.6199560538375899,-0.6026185476270071
36.01,-0.6699612567139417,-0.6821629661744982,-0.6624185475835527
36.015,-0.6593565744122035,-0.6712416727653122,-0.6484110606311982
36.02,-0.6835455286209036,-0.6932446803194253,-0.6661125958125023
36.025,-0.7049159365051038,-0.7121282793527866,-0.6899918862426457
36.03,-0.7019563339572461,-0.7144897181024772,-0.6958904239765591
36.035000000000004,-0.7269224769938202,-0.7385459744008294,-0.7219233886435218
36.04,-0.705176915693957,-0.7232402230800397,-0.6923234751378514
36.045,-0.6800001011944378,-0.6891580659335487,-0.6683674733713841
36.050000000000004,-0.6800623952372811,-0.6910650242025143,-0.6651909208124659
36.055,-0.6706273109856534,-0.6835029137073155,-0.652834357231903
36.06,-0.6674393294826023,-0.6798696242807287,-0.6547870550946943
36.065,-0.6501813826895237,-0.6603419929764656,-0.6348360366027325
36.07,-0.6528008915953377,-0.6661976243983818,-0.639271169370664
36.075,-0.6187608773937595,-0.6282325395685593,-0.6016238213395394
36.08,-0.6205841219878024,-0.6306833273758728,-0.6046389680289243
36.085,-0.6252520533001535,-0.6385988783997236,-0.6079015948447665
36.09,-0.5972508305014843,-0.607291615122914,-0.5851903598491228
36.095,-0.560300193971483,-0.5711270420014412,-0.5476286385432595
36.1,-0.527937623814023,-0.5403531377999943,-0.5155592606983788
36.105000000000004,-0.5053006101654675,-0.5142664862595661,-0.4892057794322661
36.11,-0.5149085708851169,-0.5284553690860171,-0.5023780720194797
36.115,-0.521179786388633,-0.5298490990382816,-0.50805414021751
36.12,-0.496267074165938,-0.5013951344901678,-0.48173121331137014
36.125,-0.5057562323243859,-0.514529870133764,-0.49578334203137336
36.13,-0.4841891623555602,-0.4900786427689863,-0.46569377494760417
36.135,-0.435320688424633,-0.44601954873070293,-0.42168346128948037
36.14,-0.4286835107685702,-0.43660078269146096,-0.4195629932163687
36.145,-0.42754839410809614,-0.4391964130684753,-0.4203231292260729
36.15,-0.4457435952514635,-0.4592318079813961,-0.43161821976966613
36.155,-0.48148535905267403,-0.4960778696951591,-0.47398662768656463
36.160000000000004,-0.4083619324442169,-0.416675498727984,-0.3934366491616366
36.165,-0.44299855420245227,-0.45355840102749645,-0.4327830559202926
36.17,-0.40010603107538056,-0.40649100595158755,-0.39226193109924684
36.175000000000004,-0.38409277891698834,-0.39969683449954385,-0.3792445687377306
36.18,-0.42150858410658465,-0.4420056705206569,-0.4154049866681471
36.185,-0.41937170532149654,-0.43105831903025965,-0.40857110836031807
36.19,-0.40106449944331296,-0.4148640108383102,-0.3974560054999761
36.195,-0.4132635003258468,-0.4262341123115995,-0.4038878059571862
36.2,-0.37855206681439607,-0.39358035892106624,-0.3718745096941374
36.205,-0.4019487995036308,-0.4119899947835193,-0.3902368237782008
36.21,-0.3878188614961866,-0.40131735590072415,-0.3806233017531828
36.215,-0.3603056199722285,-0.36822773989699414,-0.3427492607649781
36.22,-0.32671155046775857,-0.333961033781807,-0.3149631884306604
36.225,-0.3360605781869601,-0.3446179925574522,-0.32699415335480947
36.230000000000004,-0.38913032211362997,-0.4005795756286569,-0.3753332621814733
36.235,-0.3508127246410964,-0.3672782718470366,-0.34447368002758805
36.24,-0.3668743467314919,-0.38187459041020666,-0.3575483216291295
36.245,-0.3930107911987538,-0.399681483042819,-0.3812213620522493
36.25,-0.4067057503512134,-0.4160620474804845,-0.39336263686114054
36.255,-0.45405312316883784,-0.462754233606232,-0.4443067890470425
36.26,-0.4257251776163765,-0.4365228948123975,-0.4107366795913907
36.265,-0.4367425994370719,-0.44377669433112843,-0.43068103092746973
36.27,-0.4835923301973371,-0.4961328647147443,-0.4740876831193815
36.275,-0.4049107536418431,-0.41490300445578837,-0.3956870245303718
36.28,-0.3646880286460138,-0.3821984720746109,-0.35945713028961235
36.285000000000004,-0.36334449153830567,-0.37442243057660646,-0.3540471207620048
36.29,-0.3378468289894487,-0.3518986030178124,-0.33170442078844603
36.295,-0.3452013721345751,-0.3528073634379144,-0.33425866279124394
36.300000000000004,-0.392397099425533,-0.4009666336370486,-0.38455263414209045
36.305,-0.3632084595057149,-0.38068977785891234,-0.3530938677102456
36.31,-0.3510236177380668,-0.3666415988130238,-0.343609044123586
36.315,-0.3159936650579892,-0.32757380752420445,-0.303394672060067
36.32,-0.37953338594647273,-0.3913508852593619,-0.36819658770875724
36.325,-0.4349740781062583,-0.449923664256335,-0.4238317137982702
36.33,-0.40169157003845524,-0.4112424488751743,-0.3889117200616153
36.335,-0.38815989342556007,-0.40187194765409806,-0.3791421159824246
36.34,-0.3778943594566868,-0.3935880028590981,-0.3716130776841052
36.345,-0.427608841204757,-0.44150939874030004,-0.41677742675245477
36.35,-0.3734924369664623,-0.38765718037104896,-0.36012218661854656
36.355000000000004,-0.36876844944260145,-0.3798037086711109,-0.363327747379424
36.36,-0.35496043611174416,-0.3582120692855087,-0.3370717536796498
36.365,-0.3622717616205113,-0.37063406139915367,-0.35311968339382477
36.37,-0.35088293580518687,-0.35558849905299084,-0.3366189618002979
36.375,-0.30378533787152073,-0.30904836462074275,-0.2898196714691318
36.38,-0.3518391050980906,-0.36748073581895213,-0.34427351448137306
36.385,-0.33662352038640503,-0.34120479141524235,-0.32399628103071554
36.39,-0.33811826325923816,-0.3446914748693105,-0.3203543849298601
36.395,-0.30872280992680884,-0.32461139999469835,-0.296677790629479
36.4,-0.3669425014294042,-0.37669734440463687,-0.3521760958717377
36.405,-0.35972453353981887,-0.36861803788252384,-0.34128998965680485
36.410000000000004,-0.3986631026425919,-0.4099090643372066,-0.3899731379794361
36.415,-0.3628873478474022,-0.3737861752017322,-0.35116750654442924
36.42,-0.35900718591167446,-0.3680724791899164,-0.3413349245236049
36.425000000000004,-0.37333514180562344,-0.3834831555936102,-0.3627852151696487
36.43,-0.37947638957806823,-0.3922801250166405,-0.3641187664104763
36.435,-0.3492551143301691,-0.3630762577836483,-0.34089381378618866
36.44,-0.3669087455223971,-0.3756821965999014,-0.35127829739059196
36.445,-0.2891482507751813,-0.30591114768668365,-0.28098360362762187
36.45,-0.2607815175923995,-0.2717192275079136,-0.24753356284758085
36.455,-0.23928510071050613,-0.2479079630095117,-0.22540551673741593
36.46,-0.2750401900553755,-0.2883793487865195,-0.2574463803193104
36.465,-0.22884280064863963,-0.24090382878524438,-0.2195139740345139
36.47,-0.21091152377478187,-0.22456523487440183,-0.19032923078274663
36.475,-0.2622748001912237,-0.2727658079990239,-0.248945309399859
36.480000000000004,-0.251433058017989,-0.2588396305192263,-0.23709583556607558
36.485,-0.23926961424656407,-0.24269516645179084,-0.23130137781884627
36.49,-0.2531496027741057,-0.2642384105280849,-0.24274882969384487
36.495,-0.30488981841333385,-0.31789758397115986,-0.29320986316247466
36.5,-0.3274081956004845,-0.3391170600748932,-0.3166181098045214
36.505,-0.34873094035576235,-0.35530010474797036,-0.33173178113864316
36.51,-0.2906232277420987,-0.2998430036890164,-0.2764015343918488
36.515,-0.2381674336540587,-0.24790984281230038,-0.22444163813361673
36.52,-0.2738168576715304,-0.283816190848738,-0.25996485033265654
36.525,-0.3168088078934274,-0.3268437571830891,-0.3102044039198318
36.53,-0.35516280259557764,-0.37240672468313124,-0.3440608032356142
36.535000000000004,-0.36816126458662796,-0.3794687342458728,-0.34548939601444634
36.54,-0.3083697593667661,-0.3232217178131019,-0.2914229497704562
36.545,-0.3264028837968602,-0.34129764416962227,-0.312104704185422
36.550000000000004,-0.2722177887803805,-0.2852543844674813,-0.25724859035093056
36.555,-0.24643680611387872,-0.25852034957020814,-0.23437353991238424
36.56,-0.23477593433836447,-0.24934698985928455,-0.2209955970732714
36.565,-0.2959257489773189,-0.30903047328772987,-0.28430978275498164
36.57,-0.27509567360293835,-0.28792579613965513,-0.26074532700065584
36.575,-0.27071574273638543,-0.28433020081231775,-0.25712449402365517
36.58,-0.25798091331856315,-0.26868317499986977,-0.24049741428081778
36.585,-0.23106177281172421,-0.2477865347564242,-0.2227790112580278
36.59,-0.2243636333267529,-0.23506647235493094,-0.21035618098014108
36.595,-0.2721551542193908,-0.2872264758507401,-0.2574229464555569
36.6,-0.2933768805893411,-0.3027824474627766,-0.2771963098377555
36.605000000000004,-0.3176896387633224,-0.32916761471165923,-0.3040580752106818
36.61,-0.29867870702771937,-0.3144058309323068,-0.2871611564790341
36.615,-0.2629828280980022,-0.280370254614752,-0.25314518704220473
36.62,-0.2926316551606122,-0.30948571213252396,-0.28622528421969573
36.625,-0.2928718093977361,-0.3090594747653588,-0.28879774421023197
36.63,-0.2889060805521749,-0.30359796976857417,-0.27953888926401743
36.635,-0.18918522016070524,-0.20074344414883138,-0.17778246485116564
36.64,-0.1595042780092037,-0.17331321890611676,-0.14207604197529014
36.645,-0.16245640817608448,-0.17783428488850425,-0.15576101248653815
36.65,-0.13772238193216596,-0.15340778200037153,-0.12425191460938008
36.655,-0.12669765082209586,-0.1507779198024423,-0.12195286415548046
36.660000000000004,-0.10184052681549058,-0.11546320736191791,-0.09138916265631115
36.665,-0.056651956964018736,-0.07585145733786315,-0.05133505688937353
36.67,0.04448717709337052,0.039346434437434505,0.05869472161447782
36.675000000000004,0.050300107526763414,0.03626722554328511,0.05939455708698994
36.68,0.04793941821188378,0.03247122648210645,0.05468195470163398
36.685,0.026212927954458443,0.014882386930868637,0.037860809106429236
36.69,0.03438001480144,0.021720296743722625,0.04759139936555637
36.695,0.04343444640673127,0.03954418730431271,0.05682145867777388
36.7,0.059990494872440736,0.049248444619433625,0.07238755219616504
36.705,-0.004913803756933235,-0.017963380987592852,0.0015781113390243486
36.71,-0.014411168769997627,-0.021321904245134096,-0.004981635792106675
36.715,-0.05903045124333331,-0.07314375969024184,-0.051285014927177436
36.72,-0.05027512729926313,-0.06355692243610105,-0.04322314269186553
36.725,-0.08523569504082112,-0.09271011861758786,-0.06322840489368015
36.730000000000004,-0.11053407602597087,-0.12807750288769948,-0.10760825816803789
36.735,-0.10531075338412585,-0.11415493316676663,-0.09096882131342175
36.74,-0.07988465019766247,-0.0961120081568624,-0.0691492076993978
36.745,-0.049644435619116654,-0.061593867544303196,-0.044579418270395445
36.75,-0.04487175045179459,-0.0600424591054592,-0.035833032274972865
36.755,-0.02090349828777402,-0.030579407505749785,-0.005449924089249423
36.76,-0.01704896346960643,-0.025155979367815794,-0.002445641382098183
36.765,-0.016527237069158724,-0.028657041947510044,-0.005029704614319131
36.77,0.017886088930814854,0.0069253778632279404,0.026498539906825647
36.775,0.053048958090613094,0.03851581107581464,0.06608328122553117
36.78,0.08467242864608761,0.06755625469928031,0.0887495147918763
36.785000000000004,0.07454960286366069,0.06372758913402143,0.0844864138338571
36.79,0.08580266455586782,0.0776878393209687,0.09761375170337054
36.795,0.11100804737353165,0.09611179657431021,0.11660875123407706
36.800000000000004,0.11513466450992242,0.10558057252543147,0.12900182260717447
36.805,0.17507849848752557,0.16144672882638883,0.18485696026512016
36.81,0.16741400048323848,0.15760941854485427,0.17712589811855947
36.815,0.13521811162363928,0.1174296167673451,0.13985267460432485
36.82,0.12915609787807947,0.11304750949162315,0.13661948422931433
36.825,0.1489005757282132,0.13779412872541028,0.1568822521972819
36.83,0.1436755218446912,0.13213981849160367,0.1529261045700424
36.835,0.11446458809909461,0.0975399783756633,0.12333993893570724
36.84,0.12430923357198545,0.10539431101065913,0.13124755917369685
36.845,0.1371063344698703,0.12212388952056372,0.14767531665863917
36.85,0.10811792701485011,0.08875806906949149,0.11339105097999821
36.855000000000004,0.1109130817402365,0.09490492500579578,0.11528669007503531
36.86,0.134669096561935,0.12223456023358398,0.14678754823808565
36.865,0.1030578924457157,0.08996089348691129,0.1142941691378755
36.87,0.07495868098283831,0.054412179869968484,0.08632815879675683
36.875,0.04380879039864805,0.02695896797294613,0.05050213920291329
36.88,0.07298348258479881,0.05991501591663352,0.08395288023979204
36.885,0.05418825824216828,0.04441636487834543,0.0701924490990834
36.89,0.07579354206703372,0.062157408563333065,0.08973364248021501
36.895,0.005579918558365508,-0.009053705839575016,0.017061704237595333
36.9,-0.0284487867413942,-0.04965387448221278,-0.021869293498337283
36.905,-0.06315623572833877,-0.08002902319142634,-0.05956787307974355
36.910000000000004,-0.06888550550442556,-0.08641444267803722,-0.06129252670398817
36.915,-0.03301678200970907,-0.05005367566128671,-0.023579089124274682
36.92,-0.07067051763666414,-0.08951126110978694,-0.06799800901829638
36.925000000000004,-0.12226923486115764,-0.141102973047897,-0.11442700286290827
36.93,-0.19222511194765146,-0.21282292183947962,-0.1868183157673092
36.935,-0.17970443652095883,-0.19714349808531126,-0.1771726172981491
36.94,-0.1525581716954056,-0.16887762473519297,-0.14008665724297312
36.945,-0.14292937904087097,-0.16406427818198785,-0.14027272838151056
36.95,-0.2009664611030125,-0.21513822950839742,-0.18945555600414496
36.955,-0.2232984508428339,-0.24354785678614863,-0.21865947735667868
36.96,-0.23206426263906588,-0.2447300526902797,-0.22298871872555792
36.965,-0.20892903726995746,-0.2328297681450857,-0.20352249120457092
36.97,-0.20165446176814678,-0.21732755291992056,-0.19209089891098294
36.975,-0.2755247365501783,-0.2890413111101009,-0.2667684473012167
36.980000000000004,-0.27448955865140945,-0.28880125205112495,-0.26763327702156425
36.985,-0.3728047256999797,-0.3934732930887524,-0.3708344988153284
36.99,-0.3787833142373064,-0.3921730537052228,-0.3706110538076367
36.995,-0.4163665365879578,-0.43293422220400263,-0.4091347706101162
37.0,-0.40862989709054653,-0.4287378031783557,-0.4020641559353554
37.005,-0.4254158272246724,-0.4466813242330774,-0.4224825858196396
37.01,-0.44428272369095123,-0.4610738898780107,-0.43455881155619436
37.015,-0.46366006282737726,-0.4838597202615231,-0.4527391288263033
37.02,-0.4198357547076515,-0.44470797841266624,-0.4183536676898319
37.025,-0.4207093304144502,-0.43728040808701907,-0.412493145057754
37.03,-0.5155847910294201,-0.5327560814751742,-0.5049572264839369
37.035000000000004,-0.49016870263793166,-0.5083852908819764,-0.4788010944381129
37.04,-0.4622945705062879,-0.4774675793940323,-0.450678615146483
37.045,-0.3931183191090222,-0.4140254079500455,-0.39033948109624905
37.050000000000004,-0.3881234941626634,-0.4106426339978398,-0.38541557823341555
37.055,-0.3972986477496628,-0.4123574370253811,-0.3891587792628962
37.06,-0.3841709211830045,-0.4036132733118147,-0.37838119154743777
37.065,-0.3777090337128957,-0.4029407654058122,-0.3764936172483128
37.07,-0.39968401153103555,-0.41105467992273254,-0.3900275752110925
37.075,-0.398353108824234,-0.41305464778787,-0.3859505897463698
37.08,-0.42282529845940525,-0.4397251641215066,-0.41974793789188003
37.085,-0.41641060096813126,-0.4321492921452726,-0.4077877924529038
37.09,-0.41872836378707606,-0.43500705778154997,-0.4148467725732302
37.095,-0.3962163177990861,-0.41130366955031467,-0.38979074160709454
37.1,-0.3431764550065419,-0.36231172412396423,-0.34213210526491683
37.105000000000004,-0.4039448799984776,-0.42300101153241737,-0.3973786066593259
37.11,-0.3990909711079959,-0.4215905902557859,-0.3987719078703177
37.115,-0.4255942635771788,-0.44409443272908883,-0.4203121512854997
37.12,-0.3273276946837174,-0.3488460716240726,-0.3232992505945082
37.125,-0.38273732396881277,-0.399125404121837,-0.37311705196922845
37.13,-0.409302228386159,-0.42936213469185525,-0.41071418063261145
37.135,-0.4003264011650846,-0.41740903268043644,-0.39790787461351224
37.14,-0.41464410373058036,-0.43603008691353207,-0.409504450843412
37.145,-0.42747949764457965,-0.44862470294057877,-0.4240437333419917
37.15,-0.42025619581716056,-0.44031494631928464,-0.40988810016368366
37.155,-0.4651536528309636,-0.4876319798404832,-0.462939189895128
37.160000000000004,-0.42040191280848693,-0.4405803980234628,-0.4202084813126228
37.165,-0.44601549608074276,-0.46190532121512073,-0.43932413140752646
37.17,-0.43367626828806666,-0.44826852548294654,-0.4270569647041065
37.175000000000004,-0.44218822039976385,-0.45311332887785516,-0.4353100294714973
37.18,-0.4171918831249496,-0.44067191505060316,-0.41327360707394734
37.185,-0.44478414465110155,-0.46174142431525894,-0.4395417209761337
37.19,-0.4741422011148057,-0.4938240861844148,-0.4654571403613511
37.195,-0.43581005281757973,-0.45436158128695464,-0.43625975155019886
37.2,-0.3749192904975858,-0.3939283235739932,-0.36713746793062646
37.205,-0.318656258839067,-0.3385904850872595,-0.31357711924367193
37.21,-0.35113707390590476,-0.36990623904647024,-0.34585068276683806
37.215,-0.33241553732919976,-0.34428849040604304,-0.32499675306605963
37.22,-0.34817446807181635,-0.3644276796815754,-0.3417938218741128
37.225,-0.2981022380749457,-0.32085119986449206,-0.2920198466184198
37.230000000000004,-0.2648970954439165,-0.2870983593711114,-0.25991443914646956
37.235,-0.1991185254123305,-0.22314402843991363,-0.19797990662239873
37.24,-0.21495412877309655,-0.23726371282941805,-0.20909928570501593
37.245,-0.17502435255887572,-0.19532232913886288,-0.1705620207903485
37.25,-0.20309881989309164,-0.2196200582858959,-0.19156002013146115
37.255,-0.22513233629471882,-0.23929556233190558,-0.21503182955006242
37.26,-0.25600400345281077,-0.2749754904643293,-0.2535089283935627
37.265,-0.2873383576047854,-0.299448945022991,-0.2794255616864097
37.27,-0.3073956927204849,-0.3306964229445467,-0.3027149633071858
37.275,-0.30034965429615224,-0.3230819458674108,-0.296236160390473
37.28,-0.28615906255184226,-0.30957735943551196,-0.2796335333055664
37.285000000000004,-0.2394116395720892,-0.2574036017809139,-0.2308977271746635
37.29,-0.2776613961779257,-0.2966352639081183,-0.2695764179676132
37.295,-0.19763317286768825,-0.21929941785646362,-0.19621992401437016
37.300000000000004,-0.18101048338626993,-0.203832110484979,-0.17908489527718868
37.305,-0.13968620617467786,-0.1542358858207497,-0.13492110433897292
37.31,-0.12335443631830179,-0.14953340827276004,-0.12808082910656762
37.315,-0.16000523105859443,-0.18172915365031186,-0.15769977401193647
37.32,-0.19227293908584323,-0.2158064276814826,-0.18755126011334505
37.325,-0.25170479200142554,-0.2732213337836316,-0.24821334190475303
37.33,-0.241762789578697,-0.26264936072222467,-0.2379173049788933
37.335,-0.2529263783520231,-0.27481664412541634,-0.25085564772890095
37.34,-0.2644967926895954,-0.28776498370859405,-0.2574645756628206
37.345,-0.2983815805719641,-0.32192679164635407,-0.2996109346472785
37.35,-0.2883026045950907,-0.310300064652486,-0.28198548832748704
37.355000000000004,-0.2863178457800519,-0.3044566760222648,-0.2843519311962416
37.36,-0.2914078822834524,-0.3063003865946659,-0.2885729003588871
37.365,-0.26708734974941745,-0.2874360176308263,-0.26079355323669595
37.37,-0.20892155374389193,-0.23176712940139355,-0.21249977367843131
37.375,-0.2153657421059047,-0.2392629424222383,-0.21623238293387098
37.38,-0.2578722216147216,-0.27595104738273973,-0.25541972258307477
37.385,-0.23868727273285467,-0.26105596532077274,-0.2348750411450131
37.39,-0.27902321023430265,-0.2942326456774282,-0.274106981266898
37.395,-0.23937467861016323,-0.25867653191825396,-0.238661433050799
37.4,-0.20617403722787545,-0.23024137342250894,-0.20840022805292865
37.405,-0.1823647335168152,-0.20449393625968273,-0.18623152014965538
37.410000000000004,-0.08842096088897403,-0.1085912599078083,-0.08538308300708179
37.415,-0.12274150333536024,-0.13840318321647102,-0.11526564547488893
37.42,-0.16321060417101615,-0.1865977083736417,-0.16334347067424973
37.425000000000004,-0.16731700625979207,-0.19514606842961735,-0.16616769187922556
37.43,-0.1082414121077614,-0.13128554233011477,-0.11035676265961579
37.435,-0.051474779123339504,-0.07458872164636629,-0.0529374577212189
37.44,-0.098271603921253,-0.12424729650191682,-0.09975793632749758
37.445,-0.08985152166233867,-0.11347585951458528,-0.09072318232101936
37.45,-0.07275141812204385,-0.09020600066571921,-0.0685717848552224
37.455,-0.1573834491828143,-0.17958538768803964,-0.15835019650467363
37.46,-0.17385380889208493,-0.19288769954569807,-0.1746714462091256
37.465,-0.18850340347480446,-0.20383016373787324,-0.17997914614947894
37.47,-0.22726095235250876,-0.2470954642961673,-0.2275093817907644
37.475,-0.19891833662018127,-0.22383204019038486,-0.19964724910075388
37.480000000000004,-0.22024702312886735,-0.24417792264855953,-0.219500598535539
37.485,-0.23554599371030932,-0.25726662502498066,-0.23293491902002073
37.49,-0.21945513228942484,-0.2437719999789422,-0.21787292049187607
37.495,-0.26512762954934377,-0.2863491321137618,-0.26116101612753456
37.5,-0.21366487260458208,-0.24008041429704197,-0.21519998119947986
37.505,-0.2505279826683862,-0.26690303805761467,-0.2450847230313526
37.51,-0.21482759170720375,-0.23599931264282453,-0.21275434515424155
37.515,-0.28865622246691364,-0.31353769441121826,-0.28893902258026927
37.52,-0.2905283567141631,-0.3118231099126701,-0.2889712580795438
37.525,-0.2405600807122033,-0.26052599905534923,-0.2404594709591065
37.53,-0.21464906382454185,-0.2301790674819018,-0.20652232900600745
37.535000000000004,-0.23060149936911992,-0.2536457595173755,-0.22818044796977083
37.54,-0.2558776844712833,-0.2734073741447731,-0.2515192821807175
37.545,-0.2765068894744289,-0.2936155694145368,-0.2760742620995648
37.550000000000004,-0.2818536421006932,-0.3054833798350598,-0.2796203596560622
37.555,-0.3485520485698218,-0.3678244299941258,-0.3444532623040654
37.56,-0.36481010252614265,-0.38789676688787117,-0.3610215037043605
37.565,-0.3616808178368112,-0.38505370364338826,-0.36292420110342966
37.57,-0.3409070554349534,-0.37067817149434207,-0.3463236802738971
37.575,-0.38291879051182515,-0.4076935558902422,-0.3835268142633682
37.58,-0.37028028961260107,-0.395795971040757,-0.37031031490156413
37.585,-0.42069736201969876,-0.44665355216901576,-0.4174600325100737
37.59,-0.3722808608777824,-0.3930888688476335,-0.37488428210873187
37.595,-0.3798696466816694,-0.39799170746617774,-0.3740773513667617
37.6,-0.36862123156867155,-0.3810772178614687,-0.3623232286058909
37.605000000000004,-0.327437900068401,-0.3500409163154198,-0.32704633537747596
37.61,-0.34450223375654754,-0.3726421761610362,-0.34913877669376964
37.615,-0.2993064347273792,-0.3211149039395606,-0.30367444687534406
37.62,-0.3575042421124644,-0.38123502223348527,-0.36103788408279847
37.625,-0.3106883565999884,-0.33497935095479786,-0.31614123516473375
37.63,-0.2612416318033075,-0.28033811451377016,-0.2586638720893381
37.635,-0.24303781187051643,-0.2646894686801985,-0.2426289673873654
37.64,-0.27317957012036226,-0.29573703305512006,-0.27767496258030033
37.645,-0.26889431787021,-0.2952252897352243,-0.2734200879735304
37.65,-0.24869034786595948,-0.27074670981887355,-0.24799659970509572
37.655,-0.21852941377647464,-0.23510564497150732,-0.22249598065544787
37.660000000000004,-0.30245161147211375,-0.321051720691113,-0.29863701011259913
37.665,-0.3103078472050668,-0.338460802474654,-0.3192284382170531
37.67,-0.29271412563800375,-0.3162839892675169,-0.29490155361016024
37.675000000000004,-0.27890269240284293,-0.30049093344478917,-0.28256750741239145
37.68,-0.21128813828461449,-0.23918910204598845,-0.21808096272343028
37.685,-0.28285301705944904,-0.3093180794364118,-0.2828530193201418
37.69,-0.2501910565155331,-0.26722221742395064,-0.24447947601232548
37.695,-0.24279440775513117,-0.26353937779564107,-0.24281920115302147
37.7,-0.23840069058644758,-0.25995655525230627,-0.23599208653673975
37.705,-0.2808651268614546,-0.3047323651739301,-0.2831593061054623
37.71,-0.2823266284484338,-0.30039389267567534,-0.2840787696281988
37.715,-0.24708991415433007,-0.26470219117373084,-0.24836859386040142
37.72,-0.25256667946173594,-0.26862309695311304,-0.25183553052628144
37.725,-0.23801681669279565,-0.2683372028374115,-0.23941755881507443
37.730000000000004,-0.24625924662562312,-0.27039620482381477,-0.24871244578545676
37.735,-0.21171770398444495,-0.23411917904430465,-0.20949808470207387
37.74,-0.22998005525776072,-0.25115455140636606,-0.23192123996661632
37.745,-0.21192380133706498,-0.23325142670890578,-0.21216502737333084
37.75,-0.2054977911224717,-0.22871749152175974,-0.20689984583692916
37.755,-0.17883524179418916,-0.20215795340641177,-0.18230289397459948
37.76,-0.17728172927436148,-0.19777344927528248,-0.17875071189196812
37.765,-0.19619124848648115,-0.218038856620622,-0.20102642683192606
37.77,-0.09599962516618228,-0.11525508324652248,-0.10008860462245854
37.775,-0.03452820903987531,-0.05282219813610385,-0.035720575995368695
37.78,-0.06941823983800066,-0.08780028150122697,-0.07003807905961941
37.785000000000004,-0.07314899177336694,-0.10061370886029881,-0.08339053346058868
37.79,-0.10489180881449531,-0.12653412854113438,-0.10771299713789784
37.795,-0.17256388073377277,-0.19748819596012962,-0.17432244699593757
37.800000000000004,-0.216317248703928,-0.2377136108943771,-0.21789377739493881
37.805,-0.27290768480627375,-0.2944114736937548,-0.27752073123464865
37.81,-0.29411239635566133,-0.3128062281414849,-0.29372347315046826
37.815,-0.3105173982144143,-0.329498082052692,-0.3025937218165236
37.82,-0.27184420364693407,-0.29131467269303957,-0.268874970282009
37.825,-0.2241081877005791,-0.23926959056379193,-0.2245006259707461
37.83,-0.23082161286661418,-0.2518421801570033,-0.2297651637579479
37.835,-0.17242156965079822,-0.1979742306720085,-0.1735063760986473
37.84,-0.18407802148333258,-0.2102854891559522,-0.1887168316129397
37.845,-0.16956411607472055,-0.18986644344711207,-0.1695849678929664
37.85,-0.1620357711220442,-0.17197937243438322,-0.15339701021176833
37.855000000000004,-0.14480579108066177,-0.1632093856807903,-0.14837847353769262
37.86,-0.1660858172191924,-0.18564105385963622,-0.16376362336829736
37.865,-0.07935163612882842,-0.09884627348855123,-0.08275328861682668
37.87,-0.03734379386574539,-0.061942183546568205,-0.03791525013216205
37.875,-0.043242150489741074,-0.06010179067872916,-0.03882814937832694
37.88,-0.016106620939099033,-0.03513108761870911,-0.01782207351279529
37.885,-0.008692056384921036,-0.027989624451523306,-0.006706330019886932
37.89,0.046002516429192446,0.016458348978495633,0.03921739883275671
37.895,0.07438872208770209,0.054443001735651496,0.07280739880296183
37.9,0.07127262733113233,0.05180520175543918,0.06631872331004159
37.905,0.10081462279868982,0.07783095487922156,0.09579344396088134
37.910000000000004,0.09150334675058397,0.06818984212428272,0.08562330405809432
37.915,0.05935922939389853,0.04162756203942719,0.05959232959449849
37.92,0.1125209377437399,0.08592018638551803,0.10392215795472406
37.925000000000004,0.06500777357763936,0.04393570623931791,0.06256741721238089
37.93,0.023562673975687124,-0.0039022241627250376,0.017809707450138268
37.935,0.04304434238266893,0.023809362694454494,0.04399252973503532
37.94,0.041580204773317,0.024353541122686367,0.046459293532678386
37.945,0.03870695583039174,0.01031675697265398,0.03376252948934262
37.95,0.06401168397680329,0.044904532582146627,0.06596461171674402
37.955,0.08264834685746526,0.05638221227015284,0.07690629316741729
37.96,0.04633262513912005,0.023756409555680834,0.04632203956054901
37.965,0.022242889108927626,0.0023988221267801143,0.023763409919108188
37.97,-0.0175067341022411,-0.03980590331313415,-0.02027931454836727
37.975,-0.018687361062242735,-0.03680927995104346,-0.014264225098025414
37.980000000000004,0.009344819001832025,-0.01252617146376247,0.00727833321804628
37.985,-0.01949640733517931,-0.03757167574373327,-0.019070342241934365
37.99,-0.041745955762433624,-0.06253823681246606,-0.041325060001853674
37.995,-0.04660441086042776,-0.07085079630990823,-0.05363356166371932
38.0,-0.06477840965021647,-0.08656628491300036,-0.0677487812485741
38.005,-0.06493918855170726,-0.08437916115703832,-0.0625001345180276
38.01,-0.039890596260355383,-0.06360161955570658,-0.04436180314379272
38.015,-0.06977648682170952,-0.09449072486819397,-0.06972376713546424
38.02,-0.03849984515975616,-0.06385070436670008,-0.04047965774774295
38.025,0.004815443925234955,-0.019116109151179825,-1.4628794846036249e-05
38.03,-0.009000810896760693,-0.032671100021813074,-0.008068396890909543
38.035000000000004,-0.01328645481447715,-0.027641284549504222,-0.012356412737889944
38.04,-0.055427007974742176,-0.08437006967214294,-0.06000976053452996
38.045,-0.01705740545922961,-0.03756316908596278,-0.017573508863710167
38.050000000000004,0.05734271883152976,0.03303794386014934,0.05976022172732235
38.055,0.052568941977395645,0.03072992540845703,0.05044319484047061
38.06,0.008528025118397906,-0.020202571895669298,0.00022363677204340722
38.065,0.004663943959996626,-0.02052140818916445,-0.0005226180541864018
38.07,0.004130579307071577,-0.01428408499209916,0.004011084614915303
38.075,0.035836663524397946,0.013060512153415726,0.03750925412682286
38.08,0.0686610105220115,0.0433314976706772,0.06422268994558764
38.085,0.0845022287593167,0.06136526312771427,0.07927712169983475
38.09,0.03031631489764497,0.0025579696552249127,0.03386589488033087
38.095,0.04798903574123371,0.02335371536554872,0.03986813835855023
38.1,0.004342523990542994,-0.023505145065590895,0.0036463415376201454
38.105000000000004,-0.018309473693546408,-0.04253041317368568,-0.02035480940032526
38.11,-0.10066849917095065,-0.12744042541204278,-0.09678962930672028
38.115,-0.16439612180851226,-0.19269374478572412,-0.1674005745795516
38.12,-0.09711781498393435,-0.12391996980956986,-0.09386802021357488
38.125,-0.08260291398736873,-0.10754602615779371,-0.08455459527267976
38.13,-0.07436300844167583,-0.09879366579857307,-0.07002351843453632
38.135,-0.13491103528614345,-0.15512198451307418,-0.131320773524878
38.14,-0.11515724365784243,-0.14282461445355796,-0.11576384016626894
38.145,-0.13363864855492755,-0.16155384503385645,-0.13296743172403394
38.15,-0.11592566713861602,-0.14162761098955015,-0.11674759117386552
38.155,-0.12269235158350353,-0.13941777865011054,-0.11391741766004851
38.160000000000004,-0.06780235219370781,-0.08909846653164959,-0.06252482847793626
38.165,-0.03818648221682615,-0.05535174587692974,-0.041619417219115266
38.17,0.013559655962075123,-0.01211139890000165,0.010589179235201921
38.175000000000004,0.03027787691776248,0.007566838278325817,0.029197327158581497
38.18,0.05172744168863554,0.023061457554264433,0.04933058487240036
38.185,0.07882383499366205,0.050948837366786875,0.07630583537697895
38.19,0.023050746090563068,-0.00103217168518162,0.029240498743461636
38.195,0.0371194160039646,0.013568480039024378,0.03446986638545581
38.2,0.059953318416627,0.037602003746385254,0.057144129435882346
38.205,0.030051507902524224,0.00299628634322701,0.028439081735829732
38.21,0.08875481677876738,0.07065104452166643,0.09416655957265022
38.215,0.10004703676999406,0.07789571103777818,0.099487187546478
38.22,0.09929343545260845,0.07349202794542159,0.10132297149577883
38.225,0.07093772332672292,0.04666380997008133,0.06613294641363543
38.230000000000004,0.08607919472601343,0.06573065381606517,0.0904431862046266
38.235,0.09358239234335383,0.06960101075622978,0.08996874061352754
38.24,0.11391007514097735,0.08765947840707414,0.11219968676910008
38.245,0.12831151122330103,0.10775264512818816,0.13691179514527413
38.25,0.1559374196633125,0.1340490567704147,0.15905314346821695
38.255,0.14740677286352732,0.12685828886803563,0.1467509098129
38.26,0.15936983088848397,0.13805233353232102,0.15671658271894084
38.265,0.13973957748812732,0.1130685338387765,0.13594744090256014
38.27,0.20666324144925202,0.1796418607281147,0.19957757778656673
38.275,0.19761694382066203,0.17356479867512933,0.19865056779817458
38.28,0.11511681804004296,0.0929814725691526,0.1138290438766086
38.285000000000004,0.10750969787931314,0.08155632555118231,0.1071437236307403
38.29,0.08224266543607212,0.057936998430288315,0.07927765835061464
38.295,0.06266573394979066,0.041488027411796385,0.06388796398446184
38.300000000000004,0.07522621830169174,0.05150938685132994,0.07262806018004835
38.305,0.08616392934670536,0.059254201884542224,0.0832901199745605
38.31,0.07483050035989575,0.05197311685453138,0.07456190290358454
38.315,0.09341044495385097,0.06900534496102988,0.09203374689091698
38.32,0.061719064031396965,0.03783486795363053,0.060469086654186155
38.325,0.07205056895193372,0.04240162522645059,0.06798591227312678
38.33,0.05462184322951853,0.029633827591755844,0.048979918047096005
38.335,0.1082106313635485,0.0836178252163844,0.10778306477947391
38.34,0.05005270729793259,0.018219519752887284,0.04525991475294319
38.345,0.056887692824547954,0.021088225251108837,0.051161280798099194
38.35,0.053851788733971784,0.02236898620643331,0.05164998570736959
38.355000000000004,0.08380241077591856,0.053998297091813745,0.08171524605883015
38.36,0.08320206792642673,0.056482159908594565,0.08008491781244889
38.365,0.0947629955706792,0.06782424426330456,0.09204395609649357
38.37,0.1354529763927552,0.10796660714024038,0.13525492836730665
38.375,0.10336758810685119,0.07835741701724888,0.10354021065191031
38.38,0.11487294888085954,0.08726638127688092,0.1146929934374142
38.385,0.11675115800053193,0.09756061731144444,0.11483965736515542
38.39,0.1377454423442582,0.1103020762413795,0.1362123861014183
38.395,0.05390325805767631,0.026268113228728837,0.04842768265364145
38.4,0.057909734515362535,0.030082594723409344,0.05605417062045025
38.405,0.055563887055756066,0.027738179296692145,0.05233829630137867
38.410000000000004,0.06265004000466047,0.03506076959844015,0.061315183454547346
38.415,0.09189806899245848,0.07061953084567578,0.08906881657872906
38.42,0.093164084399467,0.06635675997254545,0.09042911416023162
38.425000000000004,0.07285840223491911,0.04783126592315137,0.07054212719755124
38.43,0.032913989003163745,0.003124064415903049,0.02816171815226521
38.435,-0.0007878268659745277,-0.029145804026022386,-0.011219272842630922
38.44,0.015558607309078501,-0.009765454559504077,0.008820844131464119
38.445,0.05953252883338048,0.03687681564385904,0.05701091640500223
38.45,0.03307444455470222,0.008835974883228574,0.02620832548546364
38.455,0.06994430909394755,0.040255864600500985,0.0702019493976933
38.46,0.03504711942459295,0.0074743785187437375,0.03130853152870145
38.465,-0.018200353258789437,-0.050015518626512004,-0.02595688920812028
38.47,0.002795468004902273,-0.02657793649773282,-0.009170390581785598
38.475,0.05220057447183268,0.019308946286854797,0.04068208095411748
38.480000000000004,0.03657633863205415,0.008640016541636424,0.033921088013558635
38.485,0.009414480071327065,-0.018684504063755013,-0.001279648503980285
38.49,-0.01450381170590015,-0.037544015139268284,-0.020161321732284194
38.495,0.032176673392270344,0.005441971306253422,0.021847388268534856
38.5,0.0074798909781754125,-0.017014206742934565,0.0036059678109403373
38.505,-0.0030849123899393902,-0.030862630734273835,-0.012182694960873767
38.51,0.03576506535024946,0.015451145148075683,0.0338133187368818
38.515,0.030141879528047536,0.007216669769806538,0.02551929643069589
38.52,0.010096771670604736,-0.014842788775429803,0.0028643849233455907
38.525,0.046253238001175354,0.023843131615616128,0.03651116977894411
38.53,0.04958986720234981,0.021658737447042595,0.039000169323495454
38.535000000000004,0.0051373612874835994,-0.018310634617535536,-0.0017594765981074102
38.54,0.015365229938979161,-0.0063801040360611135,0.011335075889948828
38.545,-0.014381539131529427,-0.038344238615917875,-0.01576157761213913
38.550000000000004,0.0044695031270825724,-0.017705492637579482,-0.0013924047223416568
38.555,-0.04504816719305241,-0.06932004926417296,-0.05078951528013454
38.56,0.024007769103839824,-0.00010312288815974777,0.01672718552625945
38.565,0.016594245901151623,-0.004558901892200367,0.015282007556421059
38.57,0.05048004653982905,0.02880535955080007,0.04313839069382798
38.575,0.07050067886300924,0.05239080968731393,0.06755765682669947
38.58,0.1223225675779007,0.09245822848917812,0.11565853187090161
38.585,0.17855351945483589,0.15472497928216444,0.16915077766739664
38.59,0.19131944724048833,0.1675174311760671,0.1820510734682932
38.595,0.16004023634620287,0.1400473226300573,0.16090486155612424
38.6,0.12627274333078786,0.1043718185907366,0.12634945739682768
38.605000000000004,0.10899849511378902,0.08177738570568353,0.10619980094121279
38.61,0.08620331161048131,0.06514963597480171,0.07461953796954617
38.615,0.08022560477542165,0.06363224306870457,0.07922864401959553
38.62,0.13468445878398128,0.11211093107984893,0.129117896022995
38.625,0.15608528524866677,0.1300584078649788,0.14377642441346522
38.63,0.1318927513573713,0.10903188232345887,0.12649423589125328
38.635,0.13618279585118706,0.10502665125377422,0.12697872328634552
38.64,0.16840699442202903,0.14359220082225627,0.15965248419597158
38.645,0.13099661709948526,0.10709733023380216,0.1317859379373845
38.65,0.05886832436077508,0.036821444117565175,0.048568710683935326
38.655,0.038177394643566606,0.01972613955326038,0.03378774009446618
38.660000000000004,0.08606837351688482,0.06402327552418324,0.07919986245415082
38.665,0.07808802526654575,0.05965481677542232,0.07495222265811292
38.67,0.06217355856382637,0.034609493114633065,0.05389584302738832
38.675000000000004,0.03478090429595585,0.01481105674731878,0.03492262074263287
38.68,0.08197593529303286,0.055089869862034346,0.07309396825153339
38.685,0.043495938037334,0.02414736428872707,0.03978112600881312
38.69,-0.01072258798032528,-0.028862419913274498,-0.021245638484802182
38.695,-0.026501058514366627,-0.048845553614779505,-0.03015796524095968
38.7,-0.03452114551149186,-0.05303303410767362,-0.03679870651633288
38.705,-0.06403724944053235,-0.08482238844753522,-0.06963871817961204
38.71,-0.09843961713635577,-0.11483927761356039,-0.09739440981632272
38.715,-0.052369742337628866,-0.07109563411029446,-0.05954834128660008
38.72,-0.09872189873856667,-0.11426890812054796,-0.0977530753524811
38.725,-0.06622440786855757,-0.09008510572782788,-0.07139164204485465
38.730000000000004,-0.02356248588875242,-0.048735997006430096,-0.031620544124118036
38.735,0.04975838020292775,0.028478520465091126,0.04485360772527477
38.74,0.058963348002880195,0.0400120998258741,0.06125652078896696
38.745,0.07884063684633823,0.061159368505713574,0.07621091106782042
38.75,0.0820557798765387,0.06207723233983499,0.07932157799541945
38.755,0.1497430751596866,0.1286295946448897,0.14369489906677202
38.76,0.15787308215882598,0.14452789113193937,0.1570482936917757
38.765,0.16933519875666955,0.15243451722071302,0.16343441997395683
38.77,0.12463076963028702,0.10007388860281789,0.12239701879043373
38.775,0.11350254084430887,0.09509276607077931,0.10876981223686771
38.78,0.06139446281758734,0.039112108102828926,0.05719126688470299
38.785000000000004,0.03102019052962612,0.005988292509753194,0.025627029284063085
38.79,0.001629980872838228,-0.017266577991391037,0.003251331333785681
38.795,-0.04897481949252953,-0.06071709579769323,-0.04485006863523455
38.800000000000004,-0.0543941971820607,-0.07813576780156709,-0.056958327855358676
38.805,-0.07179154308578449,-0.09185175514764654,-0.07271267736219805
38.81,-0.052309223836703105,-0.07711951662216683,-0.054705246585975455
38.815,-0.028964403740003853,-0.05288119523300535,-0.03670655034227597
38.82,-0.027713744060101273,-0.05309610827259967,-0.035763018224593116
38.825,-0.0403639780083341,-0.05733078100380748,-0.039677079915485435
38.83,-0.007738747222291495,-0.03271316801102972,-0.013384896919427932
38.835,0.06281255766623862,0.04755221619656039,0.05957271350895578
38.84,0.020241813660427974,-0.0008282275608469548,0.010684468843927068
38.845,0.014697575948444353,-0.0008892978647940903,0.008307461197998196
38.85,-0.03491808875918362,-0.05894355188220921,-0.04611142954008731
38.855000000000004,-0.036532635302610125,-0.05642016851885716,-0.039264449220683124
38.86,-0.042950745108384134,-0.06137926933552515,-0.05096725654930447
38.865,-0.004957101258842966,-0.02742553731543608,-0.01658302746150002
38.87,-0.029425653931382505,-0.0485732805323731,-0.03457616375060254
38.875,0.011469553692670645,-0.0059825196070303266,0.004512165687026285
38.88,-0.015012480718801072,-0.046541733619962236,-0.02695535170015052
38.885,0.038001894992849464,0.02048013772034792,0.03860789034127288
38.89,0.06278073163715085,0.042418456630096066,0.05816998085029239
38.895,0.0536228884314906,0.029253999130206102,0.04873882058355733
38.9,0.07194754923471561,0.050633018481345354,0.06723645709599059
38.905,0.040128504080710295,0.014461498992302996,0.029823759699087564
38.910000000000004,0.029895724611260194,0.009617501848805866,0.01863414425493488
38.915,0.04652269673305946,0.02791544849693547,0.04206457440112363
38.92,0.07574373132939083,0.059965438500089036,0.07397107759939821
38.925000000000004,0.10050139371072295,0.07596693974553106,0.09006464429368062
38.93,0.08332364865575338,0.06090975021717976,0.07816247747179475
38.935,0.08873851030943537,0.06313658278644999,0.07896951205710996
38.94,0.15275862365069923,0.1357980890080289,0.14850665969272198
38.945,0.11451027577348899,0.0967422799037099,0.1118191340945252
38.95,0.22050942301158408,0.20309714716464358,0.2146939780259039
38.955,0.2089964666802746,0.1976627059450851,0.20471993418353482
38.96,0.1855115554636451,0.16311537167693818,0.17668506753273241
38.965,0.1469693849960265,0.13395421317529785,0.13855476046267215
38.97,0.1615519776841546,0.13843553177736068,0.15107142267204338
38.975,0.13055281800531648,0.11677866995892103,0.12748149730899
38.980000000000004,0.15219608006052404,0.13524887320931997,0.15139783279179128
38.985,0.1372982174003476,0.12080993435900761,0.13303280461735104
38.99,0.1500584885043843,0.12469877383559021,0.1384966958083125
38.995,0.1148919323614107,0.09743188349605864,0.11306082715609714
39.0,0.10739566737297221,0.08972147800872837,0.09973483479659973
39.005,0.11007746832928161,0.09086342495771506,0.10557960520978911
39.01,0.15187028100279287,0.136218927730031,0.14816208210721216
39.015,0.20475846628530506,0.1878464483495302,0.20340449806741073
39.02,0.17655730129451835,0.16353587979111603,0.17003646875854517
39.025,0.152568899361124,0.1324234439519987,0.1424037180692238
39.03,0.15941277372133675,0.14573797020230764,0.15845935561820595
39.035000000000004,0.15464932775338397,0.13670399132584446,0.14617693261229756
39.04,0.13974105266223175,0.12014461389191747,0.1269464405784587
39.045,0.1622628406267402,0.14388949863996092,0.15808623227952517
39.050000000000004,0.16422459743530107,0.14589443331911722,0.1549973949360279
39.055,0.1600174687752625,0.14644862382339902,0.15620420417728587
39.06,0.11222266506754136,0.10055409223904281,0.10890465480235922
39.065,0.16618545938387227,0.1450284561164111,0.1571336237128056
39.07,0.14085704564868723,0.12179557176757737,0.13783404722132186
39.075,0.15828373687411765,0.15069347012225714,0.15689932466975362
39.08,0.0917352309403412,0.06891006242833905,0.08101519684548449
39.085,0.07167483478012651,0.05926702626973028,0.0723924741623574
39.09,0.03370619480171752,0.013099774082185711,0.020219077971437075
39.095,-0.014931478739289787,-0.03700724269548835,-0.026077536493924004
39.1,-0.016035560490479203,-0.03347409683174816,-0.02295255054389377
39.105000000000004,-0.04071445011730025,-0.06379106013557635,-0.049636554493690824
39.11,-0.014390223935602034,-0.03401074087273613,-0.017658722873503608
39.115,0.0030677680605151795,-0.0215733171158435,-0.008250551088723902
39.12,-0.00148427700737688,-0.013890225947593673,-0.00938103658523746
39.125,0.030089128157007736,0.01356767773070549,0.02345176951505588
39.13,-0.0023526681719096628,-0.02034835677877129,-0.011151602804277745
39.135,0.02671207738979526,0.010900962503649301,0.022823648512761356
39.14,0.05870146219441977,0.03963023747144019,0.050420329574350616
39.145,0.02913527788958735,0.013177907904142482,0.023367497605541
39.15,0.06949710804847695,0.05120998940050399,0.057007288819064895
39.155,0.015988386580247125,-0.009526938949537959,0.0048258319454392426
39.160000000000004,-0.030057850304279647,-0.0502016062480789,-0.03676624994366183
39.165,0.01751127787323682,0.003737038466840196,0.005150722868265229
39.17,0.01678391792783204,-0.001357175826261185,0.003118721776150087
39.175000000000004,-0.013186805204993901,-0.031186430629897535,-0.015931718991850755
39.18,-0.040043716543373305,-0.05186353089559486,-0.04628116206775447
39.185,0.03842226739145684,0.015430247267351958,0.024376548933360023
39.19,0.06382760220610238,0.050477439434299026,0.05683199349025368
39.195,0.05669722109284207,0.04372455250978141,0.047346035124751454
39.2,0.021405178380639583,0.010358520296421737,0.013640795211886271
39.205,-0.014077567492575322,-0.024737986586734862,-0.013331391573100074
39.21,-0.003949885086173884,-0.022570994595310034,-0.013565224790919511
39.215,0.014049048683361058,-0.0015592713865689423,0.010001498175330479
39.22,0.06445398615043024,0.044706448241798744,0.057365687469169084
39.225,0.09317103474731597,0.0752625444444465,0.08096731990673568
39.230000000000004,0.1140842724460416,0.09200979113524739,0.10929992279408325
39.235,0.11855889614836071,0.1011258795049981,0.10795445931754702
39.24,0.1258524870405385,0.11078133695181386,0.12279797683458334
39.245,0.1309820139852851,0.11248751837376654,0.11988548031121324
39.25,0.12244962228898384,0.10860688459965678,0.11191230335648983
39.255,0.12309972354393037,0.10734198616864328,0.11693189115922263
39.26,0.11108308977564628,0.09286463272741768,0.1039645375717961
39.265,0.07097527999057184,0.06197632593876893,0.07163348642928341
39.27,0.1272594569868309,0.11302048701701713,0.12093837395436241
39.275,0.08887154998520744,0.07649747676958572,0.08240415542940961
39.28,0.1457103047208248,0.12745632050234362,0.13504740901124013
39.285000000000004,0.15483696662774246,0.1379134898944231,0.1497151400448601
39.29,0.09907538326843919,0.08644330185405878,0.08921537645451534
39.295,0.11611757435177161,0.09679185209541159,0.10665180001985777
39.300000000000004,0.09574421176003908,0.08618571989169832,0.09393089412321967
39.305,0.1716412772760695,0.16035577808626142,0.1665437821619178
39.31,0.2534646007201238,0.24145638239669287,0.2508309510447097
39.315,0.2882825998430925,0.2732644172252601,0.2827983559455226
39.32,0.2648587340010308,0.2547095998069684,0.2639684472369216
39.325,0.19599026299008465,0.18325093823668634,0.19116952664277836
39.33,0.14942657585133387,0.13289430585674966,0.14350255775579776
39.335,0.14583035778174416,0.13163787625818904,0.13962028418132408
39.34,0.10695666086735105,0.0889642830052161,0.1047485857833863
39.345,0.08567466267261628,0.07092886136551599,0.0789823877283814
39.35,0.09082464189936588,0.07307881367897844,0.08050092150105341
39.355000000000004,0.07912483115824846,0.06393505212714144,0.07787286246639959
39.36,0.08680328607551607,0.07347975857384342,0.08207271085335115
39.365,0.07591052561986959,0.06156336647853681,0.07461682303607323
39.37,0.1165275724441404,0.09746480318694617,0.11121167943227074
39.375,0.12162904920993572,0.10773667809619492,0.11511349934824541
39.38,0.12544776587982884,0.1130905854980948,0.1221106277821787
39.385,0.09731355762807915,0.07739367023832144,0.09018376876097237
39.39,0.04143792044602646,0.028225673955878286,0.03499350639415726
39.395,0.0899590807275863,0.07581730826803672,0.08119311974074446
39.4,0.06434418238307062,0.04979171011752934,0.05513350464775767
39.405,0.05521544416027779,0.040441771615572386,0.04992629785002475
39.410000000000004,0.08604778367238704,0.07448704207843825,0.07954233558898205
39.415,0.006712213243953062,-0.011660701760482412,-0.005523009545547148
39.42,0.0232590976121242,0.01661260639744851,0.023096063625607042
39.425000000000004,0.05912222518656072,0.04859087675596928,0.05775902040495285
39.43,0.05940904639521557,0.04476901951521811,0.058322053362814125
39.435,0.09918987921529777,0.0860552497207458,0.09198149088246413
39.44,0.06629246660202129,0.05294119514279741,0.06332188761513403
39.445,0.04477333317161971,0.025216580945043587,0.03640646711514773
39.45,0.043210811218330085,0.023505618819191908,0.040144378052728386
39.455,0.060219810379191954,0.042347467650672974,0.05716420064686108
39.46,0.05356855646414982,0.037970343990340764,0.05436055454576692
39.465,0.042651532527034075,0.030025738620318033,0.0446563198414103
39.47,0.10620170683892294,0.0867051770243877,0.09971353727478979
39.475,0.12263320406189912,0.10858653514002647,0.1211051339175737
39.480000000000004,0.18932666034565201,0.18166312912357885,0.1854328695537753
39.485,0.12732316371456273,0.11327174261011765,0.12333352836636254
39.49,0.0674214669829237,0.049288455302553734,0.06914674587059931
39.495,0.07862369647837913,0.058604720014221484,0.07277542660636321
39.5,0.017865351635402166,-0.0004264903421904477,0.013484960074371248
39.505,0.059151143542654334,0.04099070691075224,0.051465592313112936
39.51,0.125561440508082,0.10340110927134884,0.12231130717825109
39.515,0.11720688271376069,0.10053761638563047,0.11061922605223531
39.52,0.10253796713477384,0.08999546149826224,0.09995522154954087
39.525,0.08807978815924268,0.06859127918773572,0.07893984108323937
39.53,0.06703344907588933,0.04635848404066066,0.05832392217188042
39.535000000000004,-0.004756646364937984,-0.019640738939960628,-0.006178036628894542
39.54,0.0113073176864321,-0.005574768516545019,0.009405029199290125
39.545,0.036305951459875474,0.026174290240893155,0.03492021873046579
39.550000000000004,0.011474704168755491,-0.004521818453073596,0.005735404772522729
39.555,-0.023865764620220734,-0.041394978439968484,-0.028059344864727723
39.56,-0.017721585750675607,-0.03301419349625436,-0.02289066718483109
39.565,-0.030867191739567517,-0.04600476479087058,-0.03341615062898915
39.57,-0.007861314641264423,-0.022849720690518275,-0.008376047174048511
39.575,0.008003134862756695,-0.0038003555639145245,-0.000597562376195467
39.58,0.029711658387875175,0.013792904110021317,0.024525367880143364
39.585,0.06670680048629861,0.051587365661473476,0.05818597287332287
39.59,0.07814204343516278,0.058013255861210526,0.07043344110849581
39.595,0.08672622250979442,0.06364845791745309,0.07669144274892709
39.6,0.03111215994977103,0.011583078968868517,0.020737736202824687
39.605000000000004,-0.0401228807015177,-0.06015123392651342,-0.05014546144181765
39.61,-0.10254410745575883,-0.11704473821322435,-0.10890816890556984
39.615,-0.11672863892252526,-0.1277605135870593,-0.11688546559909264
39.62,-0.05031885063264393,-0.06780749735936736,-0.05313716799365403
39.625,-0.0722275225855973,-0.08544156330611562,-0.07882445616819027
39.63,0.014536794282774967,0.0007765213840195302,0.00861108928001154
39.635,0.031488631384664616,0.013478913228142335,0.03398985781604606
39.64,0.05709795642676744,0.03915554875390708,0.05487270425072695
39.645,0.043581700080863955,0.021163313359921738,0.03226919123248439
39.65,0.07816151164263188,0.06417120492029726,0.0730110696382751
39.655,0.03817395802438184,0.02548123687024052,0.03751280002696366
39.660000000000004,0.06947497334520787,0.04773582734404486,0.06334845949203877
39.665,0.06030598303452847,0.04566499077087723,0.05910749540636915
39.67,0.008912323572530186,-0.010433434681179923,-0.0033575815190285286
39.675000000000004,0.00012018865171389836,-0.01804529857920021,-0.002654368307274383
39.68,-0.0108814581435735,-0.02615094775892074,-0.01739354979290019
39.685,-0.048555103894805086,-0.06331548988182426,-0.05809627087704178
39.69,-0.028065936735345704,-0.04649856080212903,-0.0390979156605447
39.695,-0.06430161272605318,-0.0863732956031951,-0.07348142194813713
39.7,-0.1276369760650907,-0.13967380123542944,-0.13811288320841075
39.705,-0.106702688226204,-0.12716176220068884,-0.11446315344396168
39.71,-0.08557395649911498,-0.10335494550740999,-0.09782530741836237
39.715,-0.07792702869386316,-0.09245067383622645,-0.08676103808741865
39.72,-0.09194098407373005,-0.10667023585690022,-0.10056960020915784
39.725,-0.12684519170859887,-0.14022312613856344,-0.13625613139237477
39.730000000000004,-0.12049550219668502,-0.1429352518112684,-0.13471292551966352
39.735,-0.0875090047132438,-0.10079726510317824,-0.09603544128686678
39.74,-0.0989537295038924,-0.11764308296743389,-0.11218446001103065
39.745,-0.10631589170782214,-0.12376652120150458,-0.12006600192801287
39.75,-0.1347099375772308,-0.14478383582738694,-0.1430301238736088
39.755,-0.14947174285407228,-0.1728604426284122,-0.16515823715882083
39.76,-0.18931974018845354,-0.208208042194144,-0.1989109491462029
39.765,-0.1792116127214804,-0.1965080679528868,-0.1871534303653821
39.77,-0.18503373177906512,-0.1975962419973564,-0.19323032976209112
39.775,-0.1811578613014531,-0.19416862478834862,-0.19073106230902734
39.78,-0.18062067699787365,-0.1959485646621026,-0.1908239112801149
39.785000000000004,-0.22050605351125743,-0.23853726551724702,-0.22993895046372778
39.79,-0.21265265002488454,-0.2281952335314304,-0.2257110126906104
39.795,-0.1947237657159302,-0.2116331308080878,-0.2054652021784086
39.800000000000004,-0.15066610424964705,-0.16322325036854438,-0.15782413962892908
39.805,-0.14949795829575618,-0.16383055959425177,-0.15397577982408203
39.81,-0.1113603331322885,-0.13442284258806092,-0.13005816550375862
39.815,-0.13751925790769212,-0.14679853107801177,-0.14706888579170502
39.82,-0.14668352108236302,-0.16531607227508976,-0.16380736889475478
39.825,-0.15123835819090067,-0.16609131529714657,-0.15860070038530782
39.83,-0.10840417774901176,-0.12711350844275696,-0.12192230510744213
39.835,-0.16016496720598103,-0.1772616491740802,-0.17539460766046905
39.84,-0.20132644587811627,-0.21672396897956023,-0.21171593283032158
39.845,-0.18869046802036957,-0.21067294111666343,-0.20314095280490652
39.85,-0.18569639018219888,-0.2030219480233742,-0.1974585373803438
39.855000000000004,-0.1382340897605451,-0.15432938471439747,-0.1498109409843082
39.86,-0.13111606834020215,-0.14857915810283637,-0.14583003020297883
39.865,-0.12497942406059231,-0.14302556778919248,-0.13603143722909763
39.87,-0.12252496686678455,-0.13980532370271206,-0.1367526580599985
39.875,-0.10651277733738342,-0.1226104353847514,-0.11658180572396971
39.88,-0.13678665942661886,-0.15851605167328048,-0.15798220864000995
39.885,-0.10922448667725924,-0.11978742247829924,-0.11768713480886037
39.89,-0.1826079474445559,-0.19998663002890968,-0.19637304988926318
39.895,-0.2135886720874111,-0.23016096494100033,-0.22666791055632618
39.9,-0.2165704217361328,-0.2279075687864255,-0.22420380136430396
39.905,-0.19964692342240556,-0.21568962446405382,-0.20731192020147607
39.910000000000004,-0.26353276936638426,-0.2786158410152437,-0.2695459512802735
39.915,-0.27979196652444954,-0.2968761306586297,-0.28494878811967517
39.92,-0.2127897497871189,-0.23105020855444994,-0.22481836819224232
39.925000000000004,-0.2807511715229687,-0.29117616562579274,-0.287285545732378
39.93,-0.2627361297795187,-0.27975766934412793,-0.2689574455339985
39.935,-0.25961071672311364,-0.27390670401209416,-0.269159820355072
39.94,-0.29871400861492303,-0.30908005841407293,-0.31314435566323445
39.945,-0.30206299050090857,-0.31368186864487646,-0.3129021816896864
39.95,-0.3477866053156624,-0.36209849060943405,-0.36357380028283787
39.955,-0.36212547351312596,-0.37725483467135223,-0.3719405268519434
39.96,-0.40446572015036086,-0.4275733491311562,-0.4214393129109365
39.965,-0.38892607958050623,-0.4005520176346638,-0.39953550720667097
39.97,-0.36188251653855735,-0.3733179698811073,-0.3673701158869448
39.975,-0.4181329302371204,-0.42754679009664315,-0.42591777448840373
39.980000000000004,-0.43947568775544116,-0.45791782333001,-0.4584463300914429
39.985,-0.48193698176435423,-0.49391974450327575,-0.4864140917669955
39.99,-0.4756934886378483,-0.4906920127258403,-0.4896840220817364
39.995,-0.44626447610352316,-0.4587880719382621,-0.4501669261819581
40.0,-0.4520375135543526,-0.4655665144503077,-0.4641226394060252
40.005,-0.4240906528898114,-0.44156566012467374,-0.43757666491024294
40.01,-0.4559229568911835,-0.47579145793809774,-0.46780090254180257
40.015,-0.4441695799931168,-0.45392971114118963,-0.45083085249808125
40.02,-0.43445098085981065,-0.4491350560601037,-0.44354580261722765
40.025,-0.41441093806282725,-0.4228272691265019,-0.42111846042913265
40.03,-0.4425657671947765,-0.4589611891962466,-0.45081457411641596
40.035000000000004,-0.43880395016471796,-0.45217417385808617,-0.44608836213293346
40.04,-0.46249563391470366,-0.4738189650206435,-0.47107570308253016
40.045,-0.49725121026231367,-0.5094416726401896,-0.496462860931646
40.050000000000004,-0.4679616411161289,-0.48544827821355346,-0.47759068730581655
40.055,-0.47776781312013583,-0.4828841105686292,-0.4816772341588358
40.06,-0.4674556544821698,-0.47894022844170425,-0.4753195698629065
40.065,-0.5129032828144483,-0.5224970226142495,-0.5170092880295342
40.07,-0.5369270370843556,-0.5516279833063931,-0.5423716994459771
40.075,-0.5107854696603178,-0.5266216764792643,-0.5278236715586719
40.08,-0.569636513712701,-0.5845846512120795,-0.5797207136379676
40.085,-0.5892843111484891,-0.6062758977275986,-0.6008288888498499
40.09,-0.637750707740461,-0.654680977769476,-0.652383001476415
40.095,-0.6736519665930777,-0.688251921496988,-0.6820812741236517
40.1,-0.6925972684409564,-0.7146332826812875,-0.7007804554110403
40.105000000000004,-0.6935398362369162,-0.7025378732376456,-0.6972893492312258
40.11,-0.7696634331728056,-0.7853663826523384,-0.781128488435397
40.115,-0.7960116811776674,-0.8088424346109192,-0.8027750498040498
40.12,-0.812780179445706,-0.8233292442778539,-0.8161985052130418
40.125,-0.8022174961198578,-0.8173232643192092,-0.8114813865617704
40.13,-0.7837468143690627,-0.7971751645492021,-0.7918732834141822
40.135,-0.8070497991457449,-0.821222333296954,-0.8174002378247821
40.14,-0.8287125525617908,-0.8436748545032619,-0.8360387463305438
40.145,-0.8318159137392773,-0.8460461151441235,-0.8409219031473708
40.15,-0.8115017155411234,-0.8266175137640321,-0.8183615350875613
40.155,-0.835072240677324,-0.8545608503132469,-0.8405007683914612
40.160000000000004,-0.8713599622938905,-0.8848244597784407,-0.8810291851171658
40.165,-0.83921992080548,-0.8525884408650048,-0.85183150578994
40.17,-0.8427811567573411,-0.8638107479814163,-0.8542537059439903
40.175000000000004,-0.8584905452280902,-0.8649019553313699,-0.8638965665076759
40.18,-0.8458807946882371,-0.8613159805500045,-0.8532806827692194
40.185,-0.8844872013395977,-0.8956201763056808,-0.891189486904213
40.19,-0.8967278936745015,-0.9117355390074614,-0.9064111773630344
40.195,-0.904709573831137,-0.9225201949208877,-0.916527345123705
40.2,-0.8872889947711461,-0.8933864714463908,-0.8968081599159574
40.205,-0.9298252086403433,-0.9444709541859492,-0.9386615439032394
40.21,-0.9557733955724724,-0.9724977260064318,-0.9659945122917559
40.215,-0.9704786973664614,-0.9791265947123516,-0.9798270088551416
40.22,-0.9890200434169838,-1.003886466113025,-0.9968722150938303
40.225,-0.9822022842776145,-0.9969283594203119,-0.996069689639427
40.230000000000004,-1.006939708243941,-1.015937005420732,-1.0056050631192346
40.235,-0.9571806745846718,-0.9674246438878258,-0.9656133537330714
40.24,-0.9771181458811777,-0.9966142125964447,-0.9906205052575819
40.245,-1.0283871971028868,-1.0465336944758348,-1.0382915361361769
40.25,-1.023003189199331,-1.0406110212165314,-1.0390592080255303
40.255,-1.0483124081569581,-1.0663031987159792,-1.0623565987740504
40.26,-1.0689938009374718,-1.0885466318154182,-1.0751899746012825
40.265,-1.0598975128656678,-1.0821958407266505,-1.0707047703883321
40.27,-1.0655918318575683,-1.0804181288985206,-1.077524982457921
40.275,-1.0186726665675208,-1.037791513894653,-1.029977200226124
40.28,-0.9686211341601013,-0.977506307809505,-0.9797493205751991
40.285000000000004,-0.9870374106335401,-1.0054056782623466,-1.0009948777922393
40.29,-0.9856277752389583,-1.001160217114447,-0.9993661525818873
40.295,-0.9563022866830619,-0.9725382632161047,-0.9640113932684242
40.300000000000004,-0.9794723463127066,-0.9943402210251195,-0.9897591073760735
40.305,-0.9758254165710186,-0.9879854107841567,-0.9854672799852143
40.31,-0.9432822565451603,-0.9581248053017414,-0.9560044197726253
40.315,-0.9605610792962048,-0.9747041919198436,-0.9709678842410011
40.32,-0.8802759048031431,-0.8932725729735495,-0.8906605940809729
40.325,-0.9334913537935864,-0.948034189776095,-0.9409900128261185
40.33,-0.9333550097263452,-0.9473056645679223,-0.9390750725915856
40.335,-0.9168380681684872,-0.9303992461576694,-0.9258327952100895
40.34,-0.8653114721403801,-0.8795924940667222,-0.8763481587156997
40.345,-0.8568702213472864,-0.8731321813389126,-0.865363387285549
40.35,-0.8222566890064874,-0.8448490347809972,-0.829790379725679
40.355000000000004,-0.8624745049764148,-0.8792326634542347,-0.8715577559878268
40.36,-0.8695081349857327,-0.8840297180001129,-0.878363247135481
40.365,-0.9106216634997049,-0.924508217240223,-0.9173719014045381
40.37,-0.8923881390497109,-0.9154936198684598,-0.9033179979198063
40.375,-0.854302997920512,-0.8663558924609138,-0.8588291104054608
40.38,-0.8978237152021232,-0.9104019052048987,-0.9061831519099618
40.385,-0.8622285510819052,-0.8799037310042311,-0.8746872179995016
40.39,-0.8901994300897436,-0.9039061291028481,-0.896459517794383
40.395,-0.9046717975394011,-0.9244419290612499,-0.9166038264868112
40.4,-0.8683715801729245,-0.8764187813892602,-0.8706105983828039
40.405,-0.8592809281043331,-0.8737393268673598,-0.8648037851760519
40.410000000000004,-0.8447323012488372,-0.8634710820353052,-0.8543555539876376
40.415,-0.882794082142819,-0.8996027300100341,-0.8904937313736273
40.42,-0.9046633893458826,-0.9193998542910923,-0.9079654084426054
40.425000000000004,-0.9184405529731144,-0.9351905733229129,-0.9211354184939728
40.43,-0.9206992846344285,-0.9408678830762554,-0.9309658885712643
40.435,-0.9118521290373444,-0.9320164071781567,-0.9254119579761848
40.44,-0.8912787157762797,-0.9087211394742812,-0.8969509637434301
40.445,-0.9075617690476903,-0.9203445869668286,-0.9091871320699094
40.45,-0.9012195548395278,-0.9178040365008251,-0.9128629033974425
40.455,-0.8391033440923864,-0.8611922873151341,-0.8583375418298809
40.46,-0.8537721161332922,-0.8679517117813573,-0.865157750168635
40.465,-0.8556645572329168,-0.8734469844220015,-0.8649180530681951
40.47,-0.8631812085231819,-0.8767623925212995,-0.8658436408349982
40.475,-0.862162424488337,-0.8744864034693389,-0.8677495716465853
40.480000000000004,-0.8512692433215965,-0.8648864340409546,-0.8623797431565075
40.485,-0.8884067080744045,-0.8982640295552287,-0.8964783189857267
40.49,-0.8376574283571111,-0.8535226282580899,-0.8456980597127032
40.495,-0.8220339494402967,-0.8402739099629506,-0.8371859131510435
40.5,-0.86196586584141,-0.8808934431823897,-0.8729465011958079
40.505,-0.8563758325421346,-0.8713985640228895,-0.8649994045162037
40.51,-0.8408797439275272,-0.8533156097815283,-0.8443460921440352
40.515,-0.8578005898489482,-0.8775093200180069,-0.8686690876177593
40.52,-0.8964959742677775,-0.9149518119448442,-0.9072465652633321
40.525,-0.9296610797053796,-0.9416821087232117,-0.9359399429696076
40.53,-0.899882081855337,-0.9165826211629067,-0.9146773277781611
40.535000000000004,-0.9199658239244216,-0.9387293997862057,-0.927964803925126
40.54,-0.9810810454420663,-0.9985384372745639,-0.9833041014259633
40.545,-0.9288504115904616,-0.9439767654555911,-0.9407114334218281
40.550000000000004,-0.9097162721638581,-0.9246492976352131,-0.9204083807491684
40.555,-0.8785238366943119,-0.8996372361202659,-0.8947914073336551
40.56,-0.8972825423949147,-0.9106087771222147,-0.9074202118592452
40.565,-0.8819203212816283,-0.8987762186936127,-0.8903717048074435
40.57,-0.8759310788311373,-0.8962700567994689,-0.8863712397080515
40.575,-0.9147484904637118,-0.9313223074612297,-0.9221973694291711
40.58,-0.9518811691531757,-0.9741685946097406,-0.9676405277400635
40.585,-0.9067899628821672,-0.9203274690320078,-0.914255612389008
40.59,-0.8484019002656442,-0.8605034040843782,-0.8551989749227699
40.595,-0.8142066379723919,-0.8371453015039797,-0.8259610589763601
40.6,-0.8140860135980008,-0.8337274849492977,-0.8287068745878662
40.605000000000004,-0.7541877182085377,-0.7704474076092193,-0.7691465880137145
40.61,-0.7213388347384165,-0.7358948140349006,-0.7312289717994209
40.615,-0.753416720320029,-0.774394895744091,-0.759923774451603
40.62,-0.787025990226513,-0.8066388523359984,-0.8030618426531919
40.625,-0.7838653766645954,-0.807447968594165,-0.7915430626235757
40.63,-0.7496177151078208,-0.7701236794129742,-0.7635256138065603
40.635,-0.67677411007065,-0.7014614408661247,-0.6947676850035625
40.64,-0.7048340366331584,-0.7247254866160122,-0.7181303672052038
40.645,-0.6894061034664227,-0.7058245506206282,-0.6966409487360371
40.65,-0.660623822124852,-0.6769920493205911,-0.6707289215540913
40.655,-0.6644546970181335,-0.6810897812478797,-0.674395128449009
40.660000000000004,-0.6267530744913096,-0.6429087557350307,-0.6343752134266413
40.665,-0.6758943707816314,-0.693612114395133,-0.6809005752635756
40.67,-0.6592908083221677,-0.6777724238623353,-0.6742739358795061
40.675000000000004,-0.7003406121279615,-0.7211973417970388,-0.712227958051659
40.68,-0.7461721898514028,-0.7645989694138416,-0.7486240009020925
40.685,-0.82341475998725,-0.8453934326162079,-0.8313582368879461
40.69,-0.7913532201665383,-0.8134769173986262,-0.798890040321499
40.695,-0.8049098528401064,-0.8298333390178704,-0.8138983265373572
40.7,-0.7690965155369428,-0.7894427067087666,-0.7816650307451284
40.705,-0.7089862065336631,-0.7336243145111501,-0.7170120635448193
40.71,-0.7039365325628173,-0.7210456854716845,-0.7187573714786724
40.715,-0.7332180824624928,-0.7545761121061878,-0.7450797173786634
40.72,-0.7012660079176299,-0.7220335560059498,-0.704408428106094
40.725,-0.7247675093063208,-0.7429055417884691,-0.7319847767164983
40.730000000000004,-0.6840301573769958,-0.7059192304339058,-0.6913763194960387
40.735,-0.6049860950228442,-0.6247893574768933,-0.6152440304321835
40.74,-0.6394112488538537,-0.6607419041836899,-0.655672341594634
40.745,-0.6670101580891884,-0.6866731253174725,-0.6759019383812025
40.75,-0.722758874763103,-0.7412675606671838,-0.7291072282822334
40.755,-0.749411247749217,-0.7673885223406981,-0.7567146087861096
40.76,-0.6978742944963529,-0.7110985801258215,-0.7040094763139336
40.765,-0.659660460742315,-0.684202315104749,-0.6704537615757301
40.77,-0.6516394035648376,-0.6692973794089363,-0.6631125756879891
40.775,-0.7096234062671685,-0.72373915789833,-0.7164369049823082
40.78,-0.7539582510700163,-0.7730448482662704,-0.765641835077675
40.785000000000004,-0.7406552625223372,-0.755715518158782,-0.7431369138671595
40.79,-0.7639472877121933,-0.7818959421809074,-0.7793033190435888
40.795,-0.7215497048164043,-0.7421978051704785,-0.7310550121078537
40.800000000000004,-0.7115168821070715,-0.7319301970969176,-0.7152084462083822
40.805,-0.7120761265986973,-0.737493341226886,-0.7242046909853029
40.81,-0.7771359788271842,-0.794277373890756,-0.7863503881952112
40.815,-0.7230553150989688,-0.7469151945106339,-0.7333199113940397
40.82,-0.6669341391466052,-0.6959414021454475,-0.6807002133550221
40.825,-0.6125967112604525,-0.6401519272831607,-0.6257727015772919
40.83,-0.5805521803953599,-0.6049330033617869,-0.5895847802394026
40.835,-0.5625679571946692,-0.5831211998537043,-0.5729488312726001
40.84,-0.576955204101202,-0.5968051607412371,-0.5854676841948826
40.845,-0.5555166218354789,-0.5760598523468793,-0.5636142918843611
40.85,-0.4985577441657816,-0.5206196843459031,-0.507891476165943
40.855000000000004,-0.4513074325625691,-0.47015460195839853,-0.46018313178384734
40.86,-0.439972612595376,-0.45608179279688377,-0.4513521431645406
40.865,-0.43908962431379656,-0.4580770357486279,-0.4453864899543012
40.87,-0.49444918380084607,-0.5206499734238419,-0.5055238173856719
40.875,-0.48950929586675324,-0.5095381113376289,-0.4941084910149127
40.88,-0.4592435983799884,-0.48293947585486735,-0.4732254674215345
40.885,-0.4552908143282223,-0.4766607882206402,-0.4632924681916233
40.89,-0.428890345644957,-0.45016114422548814,-0.441739572089795
40.895,-0.42625595945952305,-0.4522678564184261,-0.44203229353995266
40.9,-0.44758904531326604,-0.4724226604076804,-0.45796815014568637
40.905,-0.47202170792514603,-0.4910712144989233,-0.4727485356756815
40.910000000000004,-0.487789377604769,-0.5070325930731625,-0.4934484323668086
40.915,-0.5237515952789698,-0.5444578466193984,-0.5348412414413954
40.92,-0.5480827214389341,-0.5706794273596153,-0.5564079876694048
40.925000000000004,-0.545053494877412,-0.5658490774324144,-0.5529434852789801
40.93,-0.4758958565743382,-0.5011169092946862,-0.4900248567723145
40.935,-0.4780059380179376,-0.49635685470089413,-0.4850433511457953
40.94,-0.4630979693308661,-0.48888454093253464,-0.4734981127469257
40.945,-0.5387394740021552,-0.5614090719233397,-0.5507107278422659
40.95,-0.5456953796635708,-0.5700319198374912,-0.5565790433960984
40.955,-0.5035877019364832,-0.5312271029053286,-0.5178064634350895
40.96,-0.523998054867274,-0.548203223652361,-0.5384987682845851
40.965,-0.5953520387546094,-0.6146780959822926,-0.6047570296291426
40.97,-0.6028100090634972,-0.6260751852400613,-0.6175158618586216
40.975,-0.606013577937604,-0.6222621108175282,-0.6101364737382372
40.980000000000004,-0.6019874664713032,-0.6228924950103645,-0.6102468197326553
40.985,-0.6063962511455341,-0.6217979433921423,-0.6117414235824807
40.99,-0.61860836240261,-0.6397922371725274,-0.6281345510413309
40.995,-0.6468054125382106,-0.6673401216849953,-0.6538709621420483
41.0,-0.6592121279694227,-0.6818037524998746,-0.67251761510369
41.005,-0.6334308101593878,-0.6480943338825744,-0.6423327262273033
41.01,-0.6720209613241268,-0.6931578875936286,-0.6787943361725172
41.015,-0.7641991653278588,-0.7789967047328081,-0.7721936905987828
41.02,-0.7923784230960527,-0.8187711788861355,-0.8097432019510077
41.025,-0.8225036925832571,-0.8439014629587084,-0.8348536414021214
41.03,-0.8267616731911179,-0.843437630747372,-0.8344604991545709
41.035000000000004,-0.8482355045842543,-0.8688214319059294,-0.8620143148053335
41.04,-0.8889863838019109,-0.9085232511770128,-0.8998372771031365
41.045,-0.9117291788860296,-0.9337435378938451,-0.9240109388474139
41.050000000000004,-0.8818996363623449,-0.9035385574763332,-0.8965662432568288
41.055,-0.8647627529101681,-0.8834860254507998,-0.8786714597620671
41.06,-0.8708428033707204,-0.8963735927710776,-0.8786111099821492
41.065,-0.8755474144226115,-0.8930713411256184,-0.8844746099656886
41.07,-0.8596200271097367,-0.8753735985620583,-0.8674619323770002
41.075,-0.8873868342547894,-0.9077356694623157,-0.8970837649909781
41.08,-0.8465434780669878,-0.8623480587817619,-0.8552894262534599
41.085,-0.800836045487884,-0.8190454143742065,-0.8073835022612061
41.09,-0.7637852908461711,-0.7851375524133931,-0.7816594233042982
41.095,-0.7371373496342307,-0.7590506229883366,-0.7492191483162681
41.1,-0.7379171787421632,-0.7533270189621394,-0.7470591218622095
41.105000000000004,-0.753278528764021,-0.7766293160591025,-0.7626542428413389
41.11,-0.7917813512959643,-0.8169368379541228,-0.8071634765192564
41.115,-0.7621742849323832,-0.7841636974594239,-0.7826293752103388
41.12,-0.7106406306662171,-0.7350270664393072,-0.7251735502648442
41.125,-0.6783335851168031,-0.7018398207810019,-0.6871711778984397
41.13,-0.683214375521327,-0.7051243138056222,-0.699507623430641
41.135,-0.6753210091044872,-0.6929898697775937,-0.6842424970968051
41.14,-0.6241870585637257,-0.6410660105184218,-0.6321990284559833
41.145,-0.6265998743000093,-0.6451807015592278,-0.6380990225938795
41.15,-0.5538103202257639,-0.5752090239877222,-0.5632541584873919
41.155,-0.5726925508460018,-0.5890350243330725,-0.5802400801335936
41.160000000000004,-0.6228194072342683,-0.6449687331867432,-0.6367516915868583
41.165,-0.594690166144244,-0.619574521837926,-0.6060099954890049
41.17,-0.5708467200480561,-0.5887380957307905,-0.5827101337530849
41.175000000000004,-0.593815302861218,-0.6123537913688955,-0.6007229903910595
41.18,-0.5925469489864842,-0.615199526334318,-0.6006029176101884
41.185,-0.5575958133553433,-0.5755945865832992,-0.572082162582566
41.19,-0.5166665041534415,-0.5406577457500072,-0.5254476318110174
41.195,-0.48737495753491544,-0.5062434050746616,-0.5021131924656166
41.2,-0.4856449554481761,-0.4988301866788476,-0.494489952011487
41.205,-0.4606053752281257,-0.4751982558543995,-0.47187450288452776
41.21,-0.48024010053490335,-0.4982900168520974,-0.4932271047198985
41.215,-0.4771463469892989,-0.49936686937828795,-0.49727690500106453
41.22,-0.45587124395611844,-0.4735264581085291,-0.46710522933517235
41.225,-0.49810071186259813,-0.5141660720512712,-0.5131776049627848
41.230000000000004,-0.4067738262793927,-0.427513079851762,-0.4201325834502855
41.235,-0.3680052993913775,-0.3863665211743063,-0.3739335948132749
41.24,-0.3456718916166762,-0.36506144460357115,-0.36022570165731327
41.245,-0.32412051648317214,-0.3377489094969524,-0.3303964801859128
41.25,-0.34934979236903674,-0.3617814100112771,-0.35637011525565077
41.255,-0.3132417244875064,-0.33735828325444134,-0.32122805145968225
41.26,-0.32487289018414217,-0.3381959397584555,-0.3359532851676189
41.265,-0.28166489680778317,-0.30418054393455185,-0.2966070387308418
41.27,-0.27530459595464707,-0.28834956606047196,-0.28442192670991284
41.275,-0.28002319286907223,-0.3009149880406976,-0.29227726172095186
41.28,-0.31748387537461964,-0.3400580669779275,-0.33026140245158025
41.285000000000004,-0.2851309838824628,-0.3021201108870903,-0.29205340607073915
41.29,-0.26681808049337247,-0.28707922947617204,-0.2790273377240243
41.295,-0.34078891608599277,-0.36111374325293005,-0.3567188719445736
41.300000000000004,-0.3856686890123862,-0.3979360996738282,-0.3915170384701636
41.305,-0.44102301541003475,-0.45716169165326836,-0.45466448807648935
41.31,-0.41616160016023335,-0.4368996764418818,-0.42922909231865963
41.315,-0.4120740283632622,-0.4269178954673756,-0.41837177704161327
41.32,-0.38636096921904234,-0.4074990843663736,-0.39761580953416936
41.325,-0.3975761952448146,-0.41755098775689614,-0.4046234115009827
41.33,-0.4000611861662133,-0.414446168774991,-0.4163962798894937
41.335,-0.4326956477146226,-0.44646826716359783,-0.4421786566282869
41.34,-0.42555645786185686,-0.444301819524288,-0.4366107618711986
41.345,-0.4773795318725085,-0.4964337465615813,-0.48979263232601694
41.35,-0.5706519732396609,-0.5872249590111189,-0.582370191030691
41.355000000000004,-0.5765899068529816,-0.5939045673165255,-0.5903020507499185
41.36,-0.5974174219574016,-0.6188350096408073,-0.6129615548259459
41.365,-0.6173637431011185,-0.6388695554986639,-0.6299771411323576
41.37,-0.5857389038761363,-0.6075686818408454,-0.5976704527536741
41.375,-0.5831370480961425,-0.6019753390436219,-0.5924939274983797
41.38,-0.5761473854160085,-0.5929664289682528,-0.5780489861590653
41.385,-0.6116428927119362,-0.62815445615543,-0.6210990994994844
41.39,-0.6244707729913004,-0.6469206825121931,-0.6346775079560886
41.395,-0.6218678272719024,-0.6398311283428887,-0.6304367596921729
41.4,-0.5596970903646596,-0.5771569638296123,-0.5742706192081196
41.405,-0.5292963842078795,-0.5501261745381286,-0.5420777804961471
41.410000000000004,-0.5082236189879434,-0.5267775819239494,-0.5200666901481608
41.415,-0.4918830635882463,-0.5108254233411376,-0.5026490902408257
41.42,-0.4886537318866716,-0.5090135349118253,-0.5013909362608183
41.425000000000004,-0.46763457166803507,-0.48803034132846185,-0.4791984418373212
41.43,-0.483164600110096,-0.496641469727485,-0.48658975832910356
41.435,-0.49578164673759895,-0.5134017727687672,-0.5116776497399512
41.44,-0.4433966172142874,-0.4619512038902603,-0.45569080678778395
41.445,-0.44419006036056413,-0.4620503240066108,-0.4571772025089354
41.45,-0.44759782073758536,-0.4624243655039929,-0.4601754253375752
41.455,-0.38046077707407017,-0.4005048904216353,-0.39890164483274515
41.46,-0.3553288128387073,-0.372952070096424,-0.36555972576398066
41.465,-0.3467257062616328,-0.36665430788579023,-0.35691647391986886
41.47,-0.2880543405159158,-0.31220195759802377,-0.29940115469181655
41.475,-0.20724058420737973,-0.22496389422115456,-0.21624375722366737
41.480000000000004,-0.2204021477690779,-0.24225362714346407,-0.22984830307061624
41.485,-0.13723941062401568,-0.1518284774113717,-0.15111982996474496
41.49,-0.11794205821721321,-0.13532285606206756,-0.12522466361972442
41.495,-0.1106209069113261,-0.1277725033775697,-0.1203500706252187
41.5,-0.11691984530188657,-0.13952317291490277,-0.13015038254340916
41.505,-0.11090141965090508,-0.1311705594484922,-0.12069545957432802
41.51,-0.07034165032869164,-0.08800329180188601,-0.08723490581703594
41.515,-0.11649197765771231,-0.1333533711538877,-0.1296492270306741
41.52,-0.15396478397615285,-0.16520804059802652,-0.15825583991731232
41.525,-0.1675801268917326,-0.1898976870941853,-0.17841085571774148
41.53,-0.2239285705418039,-0.23370689136249234,-0.23155102977463704
41.535000000000004,-0.21942774741773985,-0.23776425552552763,-0.22956312869323162
41.54,-0.2425395081485921,-0.25574559016949977,-0.24911205186524335
41.545,-0.2651645141164023,-0.2880679496744272,-0.27235589975974084
41.550000000000004,-0.25170096628428995,-0.26340519682211355,-0.2570350929386947
41.555,-0.2525872688364186,-0.26922959776876376,-0.25933606367406487
41.56,-0.24121614844394487,-0.26048731248413814,-0.25325127640250045
41.565,-0.2568101188745666,-0.2713666146401948,-0.2625385884022934
41.57,-0.2502424790163814,-0.2671005550158615,-0.26174889434277576
41.575,-0.27447643145774464,-0.2958399802113477,-0.2840760725611973
41.58,-0.29112160605207177,-0.31160226278288516,-0.30171351836589655
41.585,-0.33444602828218717,-0.3440488569153785,-0.3366917760346415
41.59,-0.27870701737300024,-0.29607756651262,-0.2903433380139241
41.595,-0.2981855688254239,-0.3129163533051305,-0.31160356441419473
41.6,-0.2447356808189842,-0.2624231934291582,-0.25342331107184
41.605000000000004,-0.22831058502785315,-0.2453787437303724,-0.23632803310460715
41.61,-0.21142939479918113,-0.21764906982119084,-0.2161414740625309
41.615,-0.1719670823361682,-0.18739836521013145,-0.18636211850076473
41.62,-0.17609625499815043,-0.18798707006837,-0.18628610379006486
41.625,-0.17249681236228803,-0.19166658975543482,-0.18168309526255436
41.63,-0.20700879107796855,-0.22055839520796827,-0.21657916842770014
41.635,-0.2284638516180021,-0.24691231636048172,-0.23666318389692448
41.64,-0.23873572207135915,-0.24624334698037953,-0.2448730330635799
41.645,-0.22548454212658475,-0.24449036910870559,-0.2395021546233268
41.65,-0.175014910912151,-0.1875855835407987,-0.18194504720147342
41.655,-0.17554348713314688,-0.19738618235170693,-0.1918365002360365
41.660000000000004,-0.20241205302045573,-0.22349398558221859,-0.2161983420107066
41.665,-0.2586113912605821,-0.2757535662507253,-0.2730835595296357
41.67,-0.2922576872311077,-0.31044624570494805,-0.3067947257725352
41.675000000000004,-0.2974818908045284,-0.3121173125477095,-0.30701089018921063
41.68,-0.2849330632761506,-0.301183263227044,-0.2992394954086516
41.685,-0.29567965751837344,-0.3144990701980057,-0.30433527108552816
41.69,-0.3139618135583312,-0.32376705348480816,-0.32091332287127566
41.695,-0.316224114668583,-0.3350913871996955,-0.3280729174154754
41.7,-0.30394291170286664,-0.32413849058183775,-0.316151743227598
41.705,-0.2609171882035849,-0.2759051003722784,-0.2718240882839687
41.71,-0.3269561762874825,-0.3394244370446621,-0.3320563594843065
41.715,-0.34820688778155484,-0.3693623286971519,-0.36019003228305935
41.72,-0.32835908297666994,-0.33613138736927667,-0.3354485594753938
41.725,-0.30833889112278057,-0.32354658578620943,-0.3222038071388816
41.730000000000004,-0.3276874209876789,-0.3427046558943877,-0.33416192044126763
41.735,-0.3368290419280131,-0.3556831757486521,-0.3501860359573711
41.74,-0.34553893171678185,-0.35590251743769324,-0.3544787491869581
41.745,-0.33838746218126287,-0.3492119785968246,-0.3478698597168917
41.75,-0.3437608191068335,-0.35979871031326016,-0.3595804389175659
41.755,-0.29194103157372325,-0.30636852895729494,-0.3031083664349075
41.76,-0.29394991496023554,-0.3112881771099715,-0.30758581863340706
41.765,-0.3126312827531305,-0.3280894310775109,-0.32339300393058035
41.77,-0.3164017291093399,-0.3320667394053768,-0.32716144559018195
41.775,-0.30998985419821273,-0.3174173988812821,-0.3141109634660388
41.78,-0.2995798390586641,-0.3083015525069442,-0.30397392333756107
41.785000000000004,-0.3870827305594763,-0.4065388202781022,-0.40139795083645446
41.79,-0.3726906697232908,-0.3951505509559928,-0.3925909407796085
41.795,-0.35844320080100733,-0.3718993078207755,-0.3640276659089128
41.800000000000004,-0.3423500032743004,-0.3581823550270165,-0.3554871800675082
41.805,-0.33599156172559397,-0.3464120440626435,-0.34643733600956034
41.81,-0.4066712094088214,-0.4258243991253661,-0.4254513910631013
41.815,-0.3893421612231073,-0.4050470246219682,-0.40095994237855515
41.82,-0.33435371613487325,-0.3494057719139026,-0.3473978440724284
41.825,-0.30203170728645884,-0.3160178281887895,-0.3089333380990826
41.83,-0.3392099745305395,-0.3528699876550762,-0.34383091998607096
41.835,-0.3591822582099435,-0.3768642050292016,-0.36740605892068773
41.84,-0.3572742263614064,-0.37292420884514066,-0.36943888234875527
41.845,-0.33231274397768346,-0.3433284337021294,-0.3467255813503194
41.85,-0.34640708821067867,-0.363394318745553,-0.35967773010907034
41.855000000000004,-0.37886907585022295,-0.39739492466016907,-0.39226036348311566
41.86,-0.3150518750790323,-0.33237143344835535,-0.3276386608893569
41.865,-0.31590869149190776,-0.3384107751652581,-0.330798012801915
41.87,-0.32225301418301155,-0.34288160202143275,-0.33194459081820404
41.875,-0.3294250901422438,-0.348971514211433,-0.3422107685364868
41.88,-0.3235062158045658,-0.3308551105291369,-0.3300285838045028
41.885,-0.35416003075195535,-0.3687045908914114,-0.3642272006253413
41.89,-0.2835175020898476,-0.29999764461038003,-0.2938310838409126
41.895,-0.2566185687851375,-0.2751200969668768,-0.26887150329767484
41.9,-0.3146112614272334,-0.3234102926955531,-0.3182309382506263
41.905,-0.3372032616248377,-0.3557265162581907,-0.349377476665382
41.910000000000004,-0.3059707693825687,-0.3204842997221448,-0.3216484439170777
41.915,-0.331541134254224,-0.34406563105393806,-0.335787785993828
41.92,-0.2921132362215429,-0.30497113349323357,-0.3053805708167521
41.925000000000004,-0.30368156744699,-0.3216028881647699,-0.3152563591386192
41.93,-0.28756383817738707,-0.3080677151927641,-0.2975570097292304
41.935,-0.26913069352314795,-0.2882890387692794,-0.28499897193212037
41.94,-0.2809477533076422,-0.2995866447143627,-0.2955546186327739
41.945,-0.262397063081842,-0.2776203696674248,-0.2822170066685543
41.95,-0.27605317503712695,-0.29403058077080196,-0.2857237846990629
41.955,-0.26034579949960124,-0.27312056430077786,-0.2688698577124692
41.96,-0.223843713623971,-0.23709570457574516,-0.23657585274281032
41.965,-0.23824773791883777,-0.25039351838275986,-0.245817704197165
41.97,-0.2597148396936281,-0.2784614747032519,-0.27232240292356236
41.975,-0.25017279588313623,-0.27004514897301135,-0.2624957705759795
41.980000000000004,-0.28117084423098554,-0.29917542321048723,-0.2941267429902632
41.985,-0.2993896532517348,-0.3184166914443642,-0.31254281068933076
41.99,-0.2997282500869481,-0.31671589063717714,-0.30403261228595824
41.995,-0.2582611142585338,-0.2764815624292298,-0.269409044152012
42.0,-0.21481411733526148,-0.23126993178590813,-0.22336056882106725
42.005,-0.2309325551899097,-0.2526830239675787,-0.24316618316719188
42.01,-0.19647125975479432,-0.21471458521085549,-0.20832191701241196
42.015,-0.20829422649047885,-0.22988610451270888,-0.22225815321985745
42.02,-0.18839355743912778,-0.2049927310109236,-0.19944503106270298
42.025,-0.14429140798470683,-0.16397060166261918,-0.1569606976025004
42.03,-0.13234471924596355,-0.14870893474203872,-0.14587962114757214
42.035000000000004,-0.2120431164809923,-0.22429348470763716,-0.22135570879295827
42.04,-0.13180102170721658,-0.15165397433473063,-0.14547967218044638
42.045,-0.1340738896413669,-0.1494358436503908,-0.14613931548963127
42.050000000000004,-0.14753907375857953,-0.17035170500446686,-0.16197590359378933
42.055,-0.19240277700129926,-0.20936187839659307,-0.2061237558077895
42.06,-0.18105713630945514,-0.19501638129608817,-0.1868668385388107
42.065,-0.2070354062882439,-0.22244330003778828,-0.21719019610270227
42.07,-0.22010680465981836,-0.24087000838021005,-0.23187341653267457
42.075,-0.19415099540695996,-0.21057161957722165,-0.20718698204374128
42.08,-0.20968466530504964,-0.2284898078305472,-0.21997698676301405
42.085,-0.23709219703955783,-0.2582239530491026,-0.24382659961913394
42.09,-0.26063028680424777,-0.2796243845804568,-0.27559106158864033
42.095,-0.3011076327391527,-0.3159430348412041,-0.3168915014313966
42.1,-0.3073178041233106,-0.3263051886679081,-0.3238788928323665
42.105000000000004,-0.3214197441795741,-0.3357351220463038,-0.33169473869605
42.11,-0.28391302818965714,-0.30177388436542735,-0.29701735998992984
42.115,-0.31767824764633446,-0.3385385561114988,-0.32899574337377335
42.12,-0.3194785136279738,-0.34001969080874306,-0.33077952005536054
42.125,-0.29809080354189066,-0.31825203906181804,-0.31283939233950886
42.13,-0.2594463560020017,-0.28022225187352007,-0.2689467324253518
42.135,-0.23682920894104617,-0.2528899304992654,-0.25352821333592324
42.14,-0.2072727078740315,-0.2322634504980106,-0.22248057433996335
42.145,-0.21289375249034026,-0.23042790585187953,-0.226597323916888
42.15,-0.1496751829080927,-0.16707665956495202,-0.15880415919697013
42.155,-0.1709830026798979,-0.18858531029812026,-0.18308338903476504
42.160000000000004,-0.17384392837514245,-0.1933146922309136,-0.18253366197308193
42.165,-0.14677740222815033,-0.16277879319008093,-0.15793943643431918
42.17,-0.14337404944033127,-0.1625061623214966,-0.1528675064998225
42.175000000000004,-0.16267194999996132,-0.18382379199689303,-0.17273511234679575
42.18,-0.1993593660963896,-0.22100031427185782,-0.21365575732985392
42.185,-0.2276486746373043,-0.24623503066148567,-0.2332495238746571
42.19,-0.2113910080782602,-0.23207673690027059,-0.2272213676898733
42.195,-0.25823270493395584,-0.2767164949147384,-0.2689776610457444
42.2,-0.2719906999314556,-0.291501078445416,-0.27819794981112866
42.205,-0.2704227476162444,-0.29078453377831337,-0.28553080251770036
42.21,-0.2548958004228487,-0.27203404846039936,-0.2701625944379404
42.215,-0.2589629439222858,-0.28198380885815894,-0.2691569102592688
42.22,-0.2527556636048372,-0.27362074792805324,-0.2717345996985561
42.225,-0.24223175905505456,-0.25930333293257773,-0.2557709667042012
42.230000000000004,-0.2406749552513435,-0.2659283519426992,-0.2551132921647508
42.235,-0.24662501979227372,-0.26660734204602454,-0.2583837910234838
42.24,-0.2844257665503626,-0.2996750107405577,-0.2904086635171458
42.245,-0.25798012533461134,-0.2808193657961266,-0.2734017215378682
42.25,-0.19941993189526722,-0.2173289699699027,-0.20913177608157374
42.255,-0.21444524005518764,-0.23669888282011456,-0.21874988789622116
42.26,-0.1890865755731526,-0.20495193246375729,-0.19670739988583993
42.265,-0.14824962704222577,-0.16958401284908706,-0.16155231581362678
42.27,-0.11790065942381811,-0.13608487405986114,-0.12495319980944028
42.275,-0.10275840242305857,-0.12243123083045769,-0.11503124794005194
42.28,-0.1247986295853785,-0.14605957226392235,-0.13952329267339464
42.285000000000004,-0.16218146279669599,-0.18235074014267283,-0.1694248332827697
42.29,-0.15501703838984193,-0.17377935621460033,-0.16240819470472204
42.295,-0.13097418288758936,-0.1455287530089512,-0.1405683088597769
42.300000000000004,-0.10875532752114833,-0.1295578203575025,-0.11975637090545165
42.305,-0.07165529417263848,-0.08762420336103631,-0.08339752826059267
42.31,-0.06682395762411639,-0.0845505462038374,-0.0721373085428546
42.315,-0.03574870296172461,-0.05367349113159491,-0.05153539370358533
42.32,-0.0004911490008723555,-0.01617325856833323,-0.0146687205547694
42.325,-0.0034379925540089316,-0.021541820334817694,-0.013486661838922637
42.33,-0.03778678088729264,-0.05827253535261279,-0.04797988709115792
42.335,-0.08236607221756517,-0.09965781189641469,-0.08834755177641238
42.34,-0.05660643544162407,-0.07586264180224757,-0.07033862389346446
42.345,-0.048154377469929906,-0.06610765247183782,-0.060685962934167614
42.35,-0.06818455137089491,-0.087962992726226,-0.08155953954945823
42.355000000000004,-0.051301672985728755,-0.06951520584999717,-0.0657361478925723
42.36,-0.05320539625273599,-0.06903212592676296,-0.0668663456895729
42.365,-0.01696353565745644,-0.03655959899265833,-0.034132544772858237
42.37,0.029742431876341235,0.011413121300230575,0.015654037261857816
42.375,0.0021090445602109215,-0.015023306078772124,-0.008147274125058964
42.38,0.03727095400189994,0.010195225134478727,0.02804576991505155
42.385,0.04579704164373776,0.017264739509914747,0.026633780010321052
42.39,0.05689680677881572,0.036374679440340674,0.04879827939448532
42.395,0.10537041120634841,0.08505406629778389,0.09257823795635796
42.4,0.06719251417803944,0.05009518545252428,0.05734821975567189
42.405,0.01679087017666339,0.0015585760486854065,0.008169572588798399
42.410000000000004,0.05053238111888596,0.03276087660433467,0.04091327064247383
42.415,0.14609621631875003,0.12085913104256597,0.1292326430306041
42.42,0.14500369962829157,0.12474402491292878,0.13293742197272784
42.425000000000004,0.17631050658485403,0.15289499807626136,0.16245515622762577
42.43,0.16964133940723983,0.1446041231440067,0.15519278352718122
42.435,0.20099408252657905,0.17767475278524072,0.19025235447918373
42.44,0.21884563502758478,0.19713815574818835,0.20650030475685016
42.445,0.22374538846654185,0.2110062020580093,0.20995105512972237
42.45,0.2526356843019827,0.2300597899817381,0.24201296809254141
42.455,0.2205525655738079,0.18862215245535363,0.19611172011218192
42.46,0.1963696117070453,0.17038725392312218,0.1767488788333155
42.465,0.18305395708966124,0.15919473361264874,0.1648918965604052
42.47,0.12493744145829169,0.10203380723997875,0.11288846763022549
42.475,0.14149819983329928,0.11794409134906776,0.1279386016648446
42.480000000000004,0.15212051077817285,0.12805125172351958,0.13823738331669758
42.485,0.16328543316129296,0.13874015474243717,0.14488535051252519
42.49,0.17244929280169183,0.14895941736868912,0.15371464118347777
42.495,0.025319066388015784,9.327007353610007e-05,0.011049952859769162
42.5,0.05827832559543211,0.03495848808895244,0.041890603609461376
42.505,0.050566476043842394,0.026306122636418603,0.034454001817876376
42.51,0.07884247556689519,0.0600774186617045,0.06351196275480021
42.515,0.018840803554327237,-0.0019872717307227493,0.009479879121395494
42.52,0.02820680347489754,0.0022531541576533603,0.014169844632461386
42.525,0.05625245954716773,0.03328910417851617,0.036342284752893465
42.53,0.02003499270027176,-0.002414458239787284,0.0007756649628719724
42.535000000000004,-0.01906261291881458,-0.039836245138756124,-0.03452235653659584
42.54,0.0384078366972178,0.019585663456663172,0.02361509429633788
42.545,0.04810265007780032,0.02400313037388735,0.03223720949213181
42.550000000000004,0.03663822587318292,0.019601312699407257,0.023262973039109302
42.555,0.018668787826110835,-0.007219500217042396,0.0038415529098803198
42.56,0.021079790734038602,-0.0008586347082830076,0.006104818520224265
42.565,0.006143988281164867,-0.017611003432187005,-0.01022146961857326
42.57,0.010196579413603881,-0.015523586457430544,-0.009471340739393975
42.575,0.002073885593184907,-0.013842613154258575,-0.010846765567134434
42.58,0.015521947493891576,-0.003418010452031127,0.004936364687024037
42.585,0.0034898406327373037,-0.020875327563887994,-0.013226313135214862
42.59,0.00035687440268399474,-0.022965058422634358,-0.01839245530797319
42.595,0.02124902230752464,0.007789571044698745,0.00443227643305792
42.6,0.06038250463925163,0.0408403844404476,0.04791645259016255
42.605000000000004,0.05601445812569719,0.0364817662581123,0.04678380638826804
42.61,0.01689893128986974,-0.003932323727812647,-0.002164462638075313
42.615,0.07003711552945632,0.04446539885456361,0.051209905219030155
42.62,0.029694605570473726,0.005693809450224919,0.0054606640127166945
42.625,0.03400886909731467,0.014486259271309894,0.016719351287191233
42.63,0.010887155104307052,-0.015488976265351239,-0.006437359079368699
42.635,0.016621514956693492,-0.005597266854738411,-0.007873000134527183
42.64,0.025667884078888228,0.0043217316804104395,0.005315492712704285
42.645,-0.013112508519034338,-0.03909051281387403,-0.028767339523436155
42.65,-0.041622804085799756,-0.06404393361403488,-0.06561529247026146
42.655,-0.1394719970978884,-0.1652758757487857,-0.15418102728779684
42.660000000000004,-0.1866669965882392,-0.2125505838809826,-0.20280206096558273
42.665,-0.1865272677116297,-0.2097688564167569,-0.20056239044358357
42.67,-0.13936728999379847,-0.16221496403009728,-0.15927981886783354
42.675000000000004,-0.20543912080050125,-0.22992055232227257,-0.22246174682227637
42.68,-0.2067793303921651,-0.23160980102997114,-0.22608304331224507
42.685,-0.20059357664394623,-0.23048368240731149,-0.22446939296889798
42.69,-0.17726540649647043,-0.20370398940994433,-0.19718134205992832
42.695,-0.18818104621971776,-0.2098410850546346,-0.2055306597579078
42.7,-0.2525646591803638,-0.2764683774364192,-0.2741550104517385
42.705,-0.24409505657764538,-0.2638082869848675,-0.25396921240833387
42.71,-0.28054872797990343,-0.30616488864861685,-0.30005801833291235
42.715,-0.2890851056741733,-0.31307768119648155,-0.3074871490764771
42.72,-0.24118890169722215,-0.2695249600518453,-0.26162866416386
42.725,-0.19683726217848527,-0.22068203587316096,-0.2115486726118268
42.730000000000004,-0.15155230148377044,-0.1694636789631909,-0.17383442792297382
42.735,-0.11211116714749145,-0.14268227209319942,-0.1356114650482109
42.74,-0.13228279324983958,-0.15400450663402102,-0.15026801507498733
42.745,-0.17447862630717184,-0.20156532032695995,-0.1954714382041502
42.75,-0.10388915718595489,-0.12795628527875533,-0.12538355378747484
42.755,-0.10676497057709192,-0.12540898945186804,-0.12409310760538432
42.76,-0.12099619425050957,-0.14271092213845235,-0.13572392870062736
42.765,-0.1288324983905432,-0.15420339825455037,-0.14769431184915838
42.77,-0.1300292912563846,-0.15638368051344181,-0.15156085900554908
42.775,-0.19333288309701518,-0.2115910910560971,-0.205763711082729
42.78,-0.20556970968653715,-0.2267685581128406,-0.22049769891850846
42.785000000000004,-0.23791797538010448,-0.26335465265160907,-0.2601514255529008
42.79,-0.2694155675116784,-0.29335340977588487,-0.287139628256315
42.795,-0.26929324501243046,-0.2900921582025375,-0.2838780947420549
42.800000000000004,-0.24702039740462195,-0.27235414805007635,-0.2631754092544203
42.805,-0.27325053619501266,-0.2925339842866176,-0.295387365305205
42.81,-0.28622604167460247,-0.3069515935461236,-0.3045583106398531
42.815,-0.2984322653540433,-0.3187095461122884,-0.31904822139948685
42.82,-0.26079756838300827,-0.2785794771510207,-0.2785531694407907
42.825,-0.2681759982098027,-0.2868705986432169,-0.2835564367951884
42.83,-0.33497819432899695,-0.3533692225386905,-0.35465522785441134
42.835,-0.34047080033461824,-0.3593210757460949,-0.35686380928051664
42.84,-0.39415569091044916,-0.4105534374616839,-0.4110262959835659
42.845,-0.46347667414346666,-0.4808770881938097,-0.4823908281308069
42.85,-0.44262080173094703,-0.4639770465146323,-0.45504286286227497
42.855000000000004,-0.40704319845740283,-0.42725098784874777,-0.4257617481698663
42.86,-0.4376872886911082,-0.4530747897993727,-0.4480740605275845
42.865,-0.4462334964495737,-0.4643975594921809,-0.46268556705143826
42.87,-0.39785568221142964,-0.4039506599671722,-0.40669236291430305
42.875,-0.4053733008462467,-0.4299701711295701,-0.4234739199903358
42.88,-0.4944324178789567,-0.509778911695964,-0.5106736341931976
42.885,-0.5461438461693658,-0.5659822778103896,-0.567971087564599
42.89,-0.5182452165845233,-0.5418590280449708,-0.5390928592748809
42.895,-0.5067891421403209,-0.5332054360169938,-0.5277921086940609
42.9,-0.47728502168688125,-0.49172741848862683,-0.4888511776704295
42.905,-0.46281294650528254,-0.4861593358520141,-0.48562952659703507
42.910000000000004,-0.4860173673116026,-0.5026383572974247,-0.5056348868038623
42.915,-0.4949060435315872,-0.5113135381988548,-0.5141400726577379
42.92,-0.5084385287813707,-0.5288365075826051,-0.5283767016558863
42.925000000000004,-0.5029363674939645,-0.5260725662360468,-0.5225640729884737
42.93,-0.5133388891385625,-0.5312550471184522,-0.5333221867018842
42.935,-0.49744844288932194,-0.515133834500346,-0.5189835237265377
42.94,-0.5466705318516792,-0.5691042178129428,-0.57160345844847
42.945,-0.5352299824619264,-0.5499636569834357,-0.5486986079487989
42.95,-0.539633854369304,-0.5594105622189512,-0.5553942121109695
42.955,-0.5299333100254524,-0.5482848012519385,-0.5466337597004053
42.96,-0.5598248662075554,-0.5831120634458878,-0.5759685450752757
42.965,-0.609639892331154,-0.6250852847251132,-0.6279125495166301
42.97,-0.5441972997957376,-0.5650236576341614,-0.5601959596200592
42.975,-0.48579007602932694,-0.49971203892550864,-0.4990543363010606
42.980000000000004,-0.45270579232682545,-0.4687759608050245,-0.47303701228762446
42.985,-0.4350628889922588,-0.45936239093919307,-0.4546000198972047
42.99,-0.4258979107306339,-0.447559810183585,-0.4518054566265785
42.995,-0.4212896464905613,-0.4416703622195116,-0.4390581717754642
43.0,-0.4583246510450414,-0.47896711625143407,-0.48196307436639735
43.005,-0.446619646329061,-0.4706304524992426,-0.467058441375193
43.01,-0.4741800235323752,-0.4920934844033913,-0.49430010485808445
43.015,-0.4898351145299501,-0.5162393679638857,-0.5087993374940304
43.02,-0.523281148933003,-0.5498053954370733,-0.549316378619778
43.025,-0.5311664053590299,-0.550935644150637,-0.5490536097786317
43.03,-0.5255616300957858,-0.5537232659075879,-0.5479288533474976
43.035000000000004,-0.5276840655634387,-0.5508056522622939,-0.5433882277178274
43.04,-0.4980134494338977,-0.5171247039043393,-0.5221845493932917
43.045,-0.5068049015213557,-0.5296592831040254,-0.5249305779692586
43.050000000000004,-0.5236619829007888,-0.5533667596207985,-0.5509564091164929
43.055,-0.5489097467735977,-0.5681550761799974,-0.5699576286650436
43.06,-0.5747801938887359,-0.5931633161381211,-0.5947477231668512
43.065,-0.5639529486015255,-0.5874296109226492,-0.5803161302200744
43.07,-0.5513952464208427,-0.5768988494937757,-0.5670611775874834
43.075,-0.5271385646155984,-0.5504092257167034,-0.544200716631117
43.08,-0.5485912555759073,-0.5677814575535733,-0.5693432558064864
43.085,-0.5565363388729693,-0.5667841637362235,-0.5666666457207812
43.09,-0.5514351933921545,-0.572914552894559,-0.5706966394999313
43.095,-0.5188404163809309,-0.5405247654244638,-0.5358067390055195
43.1,-0.5539782355933554,-0.5822262177610096,-0.5755115819828698
43.105000000000004,-0.5388625306712775,-0.563352382243208,-0.5596696023260296
43.11,-0.5653422826676724,-0.5848992898240365,-0.5838806913601753
43.115,-0.5832277381935734,-0.6076200546026043,-0.6032536851874468
43.12,-0.6281068082697607,-0.6479142342903409,-0.6428324470187372
43.125,-0.5727011597228294,-0.5998177596807379,-0.5972354815264014
43.13,-0.6195974700855108,-0.6381467822614758,-0.6384550264571913
43.135,-0.6484212729317991,-0.6717001465726848,-0.6651247554181946
43.14,-0.6531527767940906,-0.675620512482771,-0.6694220889590503
43.145,-0.6953058330158394,-0.7207018240761891,-0.7175454677728541
43.15,-0.746127947490619,-0.7664232576912763,-0.7665248460161195
43.155,-0.8050089844386052,-0.8288723519840469,-0.8277798195257987
43.160000000000004,-0.8126452453395956,-0.8301732038900796,-0.8286143215259762
43.165,-0.8080434094542667,-0.8337127574522851,-0.8273231109358442
43.17,-0.8165973388676384,-0.8313114203210337,-0.8351635154720597
43.175000000000004,-0.8637509896644027,-0.8835885737141856,-0.884139851477498
43.18,-0.8560012705328767,-0.8792451406554238,-0.8765872191987574
43.185,-0.874067706652814,-0.8979693209626103,-0.8956060313174758
43.19,-0.8316433910320499,-0.8513512039323543,-0.8514356767463611
43.195,-0.7862881633290574,-0.8071956670249277,-0.8016072408479443
43.2,-0.7946394215423248,-0.822010111244514,-0.8133160823887687
43.205,-0.7904532507520374,-0.8168647980679127,-0.8151407269769777
43.21,-0.7465418093256068,-0.7734116846799844,-0.7681230780867135
43.215,-0.7464597992117201,-0.7631695047580339,-0.7596482518204684
43.22,-0.7423493620573886,-0.7635863236107944,-0.7654750303601949
43.225,-0.7804228223283021,-0.8013104601970956,-0.793972757164213
43.230000000000004,-0.7933320201679234,-0.8103706157907475,-0.8097277237876952
43.235,-0.8132255323175993,-0.8325668178680256,-0.8302448695846533
43.24,-0.8690241605066712,-0.8909408095800865,-0.8815835078751526
43.245,-0.8349865913137915,-0.8547119448864685,-0.8515789171438906
43.25,-0.7949532856440262,-0.8166902053591091,-0.8105403729186793
43.255,-0.8017236721775768,-0.8269080177856107,-0.8212425583632865
43.26,-0.8135760678935682,-0.8312589902126082,-0.826088905094345
43.265,-0.8459891681840745,-0.8622337726195456,-0.8545768824389985
43.27,-0.8398507485162973,-0.8599440201008303,-0.8541651324080415
43.275,-0.7969092432185956,-0.8178403403101394,-0.8103123869969102
43.28,-0.7630903753983439,-0.78314652514018,-0.7817550616077281
43.285000000000004,-0.7549935399771451,-0.7730346957333958,-0.7677894162044357
43.29,-0.7040261981697141,-0.7226088218154663,-0.719751543380862
43.295,-0.6749817700973441,-0.6915558195557153,-0.6965769078910277
43.300000000000004,-0.6232025734335566,-0.6389660932040484,-0.6335926345644497
43.305,-0.6546729228706957,-0.675711734602365,-0.6690102421273323
43.31,-0.6257509030858162,-0.6462654457579263,-0.6436073727660463
43.315,-0.5890651807590898,-0.6079647363133459,-0.601469685259604
43.32,-0.6175612015283216,-0.6387209636758502,-0.6334443356996745
43.325,-0.6473091932618862,-0.664523461642092,-0.6568322266288437
43.33,-0.6538420113885587,-0.6686803126785656,-0.6687635347444787
43.335,-0.6820909234123645,-0.7069323969276812,-0.7025965629257288
43.34,-0.6986338859043258,-0.715608291891235,-0.7143948820822996
43.345,-0.7716600149266456,-0.7910453911289769,-0.7904716264786839
43.35,-0.8313494640570629,-0.8497722446678143,-0.8499613419388655
43.355000000000004,-0.8349739656050523,-0.8546878941313151,-0.8518366138276269
43.36,-0.8349204542601887,-0.8618224992526681,-0.8552005793898156
43.365,-0.8530238716888435,-0.8749388912793838,-0.8726546442570815
43.37,-0.8137731657770114,-0.8357325306335065,-0.8244200229893343
43.375,-0.8052041043778123,-0.8282402227966579,-0.8255597455886835
43.38,-0.8264815010188729,-0.8448369307864805,-0.8404952186469677
43.385,-0.790284370400102,-0.8099868701105047,-0.8078572300989217
43.39,-0.753297835795114,-0.7736928704953193,-0.7663545499165163
43.395,-0.6951026709288012,-0.7119484684679391,-0.7128968465819489
43.4,-0.6821111826838295,-0.7062559704460736,-0.7025470610509372
43.405,-0.6958190163665774,-0.7185218714468549,-0.7094060459695646
43.410000000000004,-0.7818834190582545,-0.8062580815630296,-0.8010114318551164
43.415,-0.7779999794281004,-0.7974394626629193,-0.7960143025165689
43.42,-0.7270208069691981,-0.7548831425094231,-0.7520578507955507
43.425000000000004,-0.7622722074004882,-0.7802185823370352,-0.7806192117112359
43.43,-0.7746359659997024,-0.7909093637062989,-0.7897270992643514
43.435,-0.7642949100427122,-0.783043330031768,-0.779694843365176
43.44,-0.8598302650370628,-0.8806829858732287,-0.8800508424226071
43.445,-0.7855869971744872,-0.8057404517216654,-0.8066959689740103
43.45,-0.7378347782864862,-0.7509463733095562,-0.7501932285414536
43.455,-0.6492830075076567,-0.660941329562424,-0.6665093166101981
43.46,-0.6572951965447095,-0.6781034485780097,-0.6718227710911827
43.465,-0.712817762968082,-0.7309474590941527,-0.7289423772331017
43.47,-0.7238860516105207,-0.7498914419686509,-0.7438813654593492
43.475,-0.6933407695817233,-0.7125645630705526,-0.71364574293565
43.480000000000004,-0.6696499914218028,-0.6952185550028639,-0.68879407809028
43.485,-0.6832984356999516,-0.7009012798591807,-0.6990965269683969
43.49,-0.676272870847458,-0.6948250223136502,-0.7010437067734125
43.495,-0.6600962457470552,-0.675615943791135,-0.6691628747847617
43.5,-0.5841507365480723,-0.6010695378815614,-0.5951128772254465
43.505,-0.5789068251375857,-0.5907465587575556,-0.5946438798000989
43.51,-0.5863888276823345,-0.6033112854797732,-0.6022315072920267
43.515,-0.5316792098382929,-0.5561460855675782,-0.5511619980403727
43.52,-0.5385308938464207,-0.5550545258868329,-0.5550890968968978
43.525,-0.5447917046592636,-0.5640440837208485,-0.5575066109944641
43.53,-0.5442452697237444,-0.5597853556423762,-0.5559509361598798
43.535000000000004,-0.5045372075584414,-0.5247592847271653,-0.52326461281918
43.54,-0.5063585295417566,-0.519853668151023,-0.5219682737795163
43.545,-0.5297225160840783,-0.5492865142016135,-0.546680531906984
43.550000000000004,-0.5637687691383363,-0.5779126117372682,-0.5819310062593208
43.555,-0.5982608686011086,-0.6150096194190897,-0.6120436454124284
43.56,-0.5883925178831588,-0.6089490913007104,-0.6031657401216742
43.565,-0.588703683681196,-0.6086945443144381,-0.6055853845055839
43.57,-0.6069887512236578,-0.6296321961947283,-0.6220573739506626
43.575,-0.5927684735431396,-0.6130666740525835,-0.6127568519113603
43.58,-0.568243776922258,-0.5854017958270056,-0.5845519898880335
43.585,-0.5483366923476976,-0.5724934544798552,-0.571469200121461
43.59,-0.5208108278648677,-0.5437468078990119,-0.5344176030683991
43.595,-0.5142679795482666,-0.5352995318112725,-0.5297557438671432
43.6,-0.5453517953892228,-0.5637270085794899,-0.5565255975891531
43.605000000000004,-0.5019345975203928,-0.5222710160111567,-0.5182114568591994
43.61,-0.5300035255651881,-0.5466698712771106,-0.5465566471028707
43.615,-0.5381584584575152,-0.5579471715528612,-0.5555725223621184
43.62,-0.5833872588914172,-0.5962079051214068,-0.6039487935284675
43.625,-0.529423555426943,-0.5502308900342511,-0.5411950081928343
43.63,-0.5391004918004929,-0.5565670491288718,-0.5549192410732844
43.635,-0.5757048702285341,-0.5902852348891371,-0.5888000997385726
43.64,-0.5396654213507399,-0.5603006364439685,-0.5565776794533487
43.645,-0.6089567768013747,-0.6213877411875115,-0.6220982451240192
43.65,-0.583117629182695,-0.6015323432097173,-0.5991894593023411
43.655,-0.5639080539009038,-0.5816061300566748,-0.5744411084630316
43.660000000000004,-0.5639466678107135,-0.577733557585417,-0.5802227530575343
43.665,-0.5951943291653369,-0.6104314983570689,-0.6129233039430614
43.67,-0.6068433947351546,-0.6217376345575298,-0.6258457806942846
43.675000000000004,-0.6241027021223814,-0.6396613984206946,-0.636398729605838
43.68,-0.5768327320908776,-0.5950446746439803,-0.5920585560530757
43.685,-0.5502415526480418,-0.570814379933726,-0.5649295866056467
43.69,-0.5544030579166758,-0.5684952620629595,-0.5618310511975406
43.695,-0.6022566335572851,-0.6231683002998973,-0.6232353037221989
43.7,-0.6258765332962192,-0.6502142554608521,-0.6429977088145605
43.705,-0.7121612907241868,-0.7260740391548931,-0.7293650538853306
43.71,-0.6540618495142745,-0.6673737681468005,-0.6672276482707413
43.715,-0.6306502234498881,-0.6432538626362262,-0.6459267086307642
43.72,-0.6250027641667507,-0.6420524189898497,-0.6382630420098874
43.725,-0.6254060163564518,-0.6380513426938046,-0.6395338932950098
43.730000000000004,-0.6813360086608503,-0.6985416075079708,-0.6996944831543371
43.735,-0.6849478609473691,-0.7026781029057682,-0.698961189492678
43.74,-0.6722418764469401,-0.6846327209812536,-0.6896426927763426
43.745,-0.6352904544030716,-0.6455048306352005,-0.6430203405526136
43.75,-0.6500637112211634,-0.6651199609739621,-0.6611888803467615
43.755,-0.7044754697625775,-0.7207305319380943,-0.7179126571151772
43.76,-0.7488645000388794,-0.7671291038464529,-0.7689856182064447
43.765,-0.7890782202485054,-0.8051037067695205,-0.8063638426696444
43.77,-0.7955466531187421,-0.81467792919441,-0.8143293035089786
43.775,-0.8094800415163177,-0.8239237970862882,-0.8261688388720074
43.78,-0.8012597669514273,-0.8265852575788574,-0.8162361636083917
43.785000000000004,-0.7707557500566772,-0.791556080513344,-0.7908446025901364
43.79,-0.8155083601933368,-0.8310284145599556,-0.8287709091580591
43.795,-0.7725263915938781,-0.7922900162411165,-0.7865810929910633
43.800000000000004,-0.8229691593319199,-0.8434823800702784,-0.8427499687328519
43.805,-0.7777754870893779,-0.7975253918991723,-0.7938883526873332
43.81,-0.7860906657702027,-0.8130683104595507,-0.8027929393404115
43.815,-0.7437566268723687,-0.7602669131200458,-0.7571616927031602
43.82,-0.6987426261482556,-0.7227366423801538,-0.7165877512038709
43.825,-0.8125078346186455,-0.8336082067020663,-0.8320789770782918
43.83,-0.7818264868098729,-0.8019650258509682,-0.8005486986470699
43.835,-0.7977972702320538,-0.8208266476314939,-0.8140249143413005
43.84,-0.8790102350999149,-0.8955254122168506,-0.8942421318931644
43.845,-0.9219948602324752,-0.9437747739797869,-0.9401464270023046
43.85,-0.9281659780852134,-0.9426941145726598,-0.9395720282990233
43.855000000000004,-0.8865229327311019,-0.9056737683257268,-0.9075953112758569
43.86,-0.8591317029590292,-0.8749554539105661,-0.8713338041678858
43.865,-0.9181598513433773,-0.9334290172722326,-0.9252964838142728
43.87,-0.8948560077749802,-0.9125284483515076,-0.9077485219971628
43.875,-0.9157018229626475,-0.9339924004370082,-0.9326789524446133
43.88,-0.893592512136834,-0.9186343305561973,-0.9120929958904644
43.885,-0.8707231564843779,-0.8896026008558755,-0.8852153744842628
43.89,-0.822740836540637,-0.8466241100581628,-0.8427151224311924
43.895,-0.8317887412469097,-0.8526832964536682,-0.8464443951994388
43.9,-0.8153626468627311,-0.8385859746912622,-0.8295303547332956
43.905,-0.748611419890929,-0.7725450085535412,-0.7637730900234319
43.910000000000004,-0.7468640024584846,-0.7693278454793143,-0.764777260817047
43.915,-0.7734875859758805,-0.7897074769017758,-0.7790712496262646
43.92,-0.77692242372963,-0.7977563822165474,-0.7927504415419093
43.925000000000004,-0.766043205596225,-0.7860783927740776,-0.7839615460833238
43.93,-0.832265290885765,-0.8586638485560283,-0.8532051533734449
43.935,-0.8745716747250076,-0.9022243433854314,-0.8957531898203767
43.94,-0.8851543477202239,-0.9024574756550758,-0.8964277501912276
43.945,-0.8539475398236906,-0.8756875021519059,-0.8703822710903412
43.95,-0.7970804485901619,-0.8096453671445681,-0.8099701086668628
43.955,-0.8408319604684141,-0.86592761475022,-0.8555649137675154
43.96,-0.8425960510228567,-0.8640099286750147,-0.8617149423211744
43.965,-0.8537575658134123,-0.8718896876557488,-0.8670180855231643
43.97,-0.8840684742827968,-0.9061441796414804,-0.8987694671456473
43.975,-0.9248884321408886,-0.9488090568488895,-0.9400492033043262
43.980000000000004,-0.9637550457472438,-0.9866969577460636,-0.9805381117909362
43.985,-0.9058148147051024,-0.9251552761513147,-0.923395306113087
43.99,-0.9010545788723265,-0.9160528232472005,-0.9175302499502506
43.995,-0.8615952173676341,-0.8742366399365125,-0.8770305621941966
44.0,-0.8470076387028435,-0.8640381572392447,-0.8621812708173756
44.005,-0.8528788950063555,-0.8761262235248586,-0.8698943300846281
44.01,-0.862815982035832,-0.8823848243894427,-0.8811593235617717
44.015,-0.8339387625003427,-0.8468072411538585,-0.8461158134445254
44.02,-0.8451117721558205,-0.8617492539084254,-0.8623863535313325
44.025,-0.8375236736707813,-0.8573009139634487,-0.8548704594100063
44.03,-0.8782821044038446,-0.8916943882138444,-0.890513853930763
44.035000000000004,-0.8969398926257988,-0.914894733575741,-0.9087101404281992
44.04,-0.8954090303880683,-0.9091495787965943,-0.9095570568152943
44.045,-0.9258028164433999,-0.9458142848257773,-0.9416990338490079
44.050000000000004,-0.9498891321454765,-0.969710266878096,-0.9621039321658511
44.055,-0.9301116238048817,-0.9503058710945127,-0.9464956191509138
44.06,-0.9661754607397703,-0.9865113167162222,-0.9843267696990461
44.065,-0.9878445381389005,-1.0096307730760135,-1.0093690496649188
44.07,-1.023391302775741,-1.0429315378482868,-1.0409014378174153
44.075,-1.0245181945701052,-1.045135227083192,-1.0372770454316904
44.08,-1.0324051116471502,-1.0483546194884044,-1.040873147627077
44.085,-1.0482082588085841,-1.0633409841747297,-1.060694781802422
44.09,-1.0512122906124108,-1.0634193191205488,-1.0674063445880888
44.095,-1.0998681712799494,-1.1113481669561256,-1.110772482921284
44.1,-1.1040729103021154,-1.1201768551992792,-1.1201855132561231
44.105000000000004,-1.129408435411728,-1.1508478581533865,-1.1456678202471489
44.11,-1.079319954247566,-1.1002470028501161,-1.0955988140505382
44.115,-1.1082172773028136,-1.1262278505898904,-1.12090852723076
44.12,-1.0841391216902132,-1.1018585489460195,-1.1042660979088075
44.125,-1.0954541492973195,-1.1093632911030182,-1.1100027127938978
44.13,-1.142979013148304,-1.1579738649488196,-1.1555704823426305
44.135,-1.0707265666374999,-1.0886420743674017,-1.0870353930390413
44.14,-1.0216155752819385,-1.0373220840762227,-1.0340272493529872
44.145,-0.9764081105767932,-0.9944747183847985,-0.9942778530392972
44.15,-0.9697179374448817,-0.9824923046452841,-0.9768133261638853
44.155,-0.9350151435514622,-0.9489853886982844,-0.9514416575805376
44.160000000000004,-0.9501828223200183,-0.9673356389030001,-0.9650891667407643
44.165,-0.9292037960752318,-0.952224466966301,-0.9490381356657841
44.17,-0.9369431332843429,-0.9504198476060729,-0.9482682562609283
44.175000000000004,-0.96103060558223,-0.9711960124522057,-0.9729439529256786
44.18,-0.9475032170392688,-0.9662670596377781,-0.9625280937744662
44.185,-0.9701385137838501,-0.9865174366901237,-0.9888916173776672
44.19,-0.96006416581313,-0.9756011063771917,-0.9772122302044111
44.195,-0.9596599595782844,-0.9806237341051695,-0.9758965861125793
44.2,-0.9358862893401985,-0.9475759503946122,-0.9513945144417504
44.205,-0.8464773691965666,-0.863801997136003,-0.8644134797255859
44.21,-0.8257363402031426,-0.8459513825210758,-0.8438601308664305
44.215,-0.8699755773129745,-0.8932147778722023,-0.8923076063393317
44.22,-0.791611880021343,-0.8149793326239977,-0.8146444140086748
44.225,-0.7559603725128453,-0.779826856281146,-0.781282802575252
44.230000000000004,-0.7455186356198585,-0.7651498888409765,-0.759993747427413
44.235,-0.7092110024029382,-0.7225315379195614,-0.725162775291375
44.24,-0.6906126442122718,-0.7106700134806755,-0.7042103660268649
44.245,-0.6724331074664266,-0.6979841438608452,-0.6919019373283491
44.25,-0.6778321087437557,-0.7017325600684277,-0.6916265248741889
44.255,-0.6526391834261016,-0.6742493065948949,-0.6729222881399758
44.26,-0.6737210822586002,-0.6926972981638561,-0.6890755294618396
44.265,-0.6688358912938336,-0.6892205448536992,-0.6814897512533229
44.27,-0.6336673771147129,-0.6567765899146966,-0.658832711846975
44.275,-0.6396855306271185,-0.6529733785789459,-0.6515476169009735
44.28,-0.6625321105848802,-0.680589154250278,-0.6768314243975453
44.285000000000004,-0.6184512711351629,-0.6429325384046539,-0.6354964116121116
44.29,-0.6636323705892857,-0.6828583673112696,-0.675714476456449
44.295,-0.6834196355642026,-0.7000473090871346,-0.6982890869098326
44.300000000000004,-0.6312537741175155,-0.6530835493591157,-0.6531405062544869
44.305,-0.6066482387903844,-0.6288333814637905,-0.6275504847105612
44.31,-0.5718467588803878,-0.5925152715826356,-0.5909908058339101
44.315,-0.5393863882112861,-0.5508490635744864,-0.5540932282938675
44.32,-0.5360748145882385,-0.5646827262389986,-0.5576019181118956
44.325,-0.5593315572142793,-0.5775585879756758,-0.5772819344439623
44.33,-0.5118279470973827,-0.5324592535332943,-0.5313485262700868
44.335,-0.4981154454396503,-0.5218449686458108,-0.5147788720301205
44.34,-0.484369277321932,-0.5032611350948685,-0.5004781358864859
44.345,-0.5202315118714492,-0.5449487855443751,-0.5362715956883607
44.35,-0.4894962040681318,-0.5146057760677343,-0.5063360664951974
44.355000000000004,-0.4476874397355425,-0.4705881817249498,-0.4672748687652633
44.36,-0.45924838509633154,-0.4764918988880671,-0.47182335007806925
44.365,-0.38253859781884914,-0.40609352496565343,-0.40257066160462884
44.37,-0.3900581538404218,-0.4073687067780281,-0.40448096085281793
44.375,-0.4623745442746928,-0.47982497917848893,-0.4770167754897805
44.38,-0.46505159041695887,-0.48566096308351897,-0.48727138638216416
44.385,-0.5359546109812511,-0.5567424094205387,-0.5548552758058738
44.39,-0.5067045025334986,-0.5338673872464047,-0.5246232548005108
44.395,-0.46181966687760817,-0.4821222337394575,-0.4801111577704505
44.4,-0.45986369175621683,-0.48148730117377764,-0.4766259460489739
44.405,-0.45580062772510477,-0.4765658126226754,-0.4781199386524238
44.410000000000004,-0.4314172498189482,-0.45126372210964627,-0.4468685360114562
44.415,-0.4247491353637319,-0.451078829533236,-0.44922515589867384
44.42,-0.4442629804094715,-0.4681285355570761,-0.460867857507053
44.425000000000004,-0.47806336110258607,-0.5081950704884011,-0.5022306231343585
44.43,-0.5447026865850483,-0.5721199459215391,-0.5603958329242729
44.435,-0.5449516681528819,-0.569214985266867,-0.5620037234150971
44.44,-0.551621743713718,-0.5818212024720103,-0.5754774655945775
44.445,-0.5655849681015027,-0.58754489642865,-0.5860371634283422
44.45,-0.5601817220817926,-0.5874095415715818,-0.5807392887976903
44.455,-0.5281653591522462,-0.553929759548135,-0.5453170153208159
44.46,-0.5413901687547331,-0.5569218211976223,-0.5573288266636132
44.465,-0.5115080840331703,-0.5371467010225255,-0.5340966636098889
44.47,-0.5009666123580887,-0.5263026493433426,-0.5204532290164063
44.475,-0.4731409486818226,-0.5002356142591731,-0.4964758785726248
44.480000000000004,-0.4440269844575865,-0.4697627933997473,-0.4674991843237048
44.485,-0.4597068481638968,-0.48823836499087264,-0.48272276098205397
44.49,-0.46718986273157387,-0.49050140336971493,-0.4830414772012419
44.495,-0.45178662529331076,-0.47429740471536647,-0.46837020987798833
44.5,-0.42774426040864094,-0.4603002467952778,-0.4504540896775564
44.505,-0.4305031665291078,-0.4467113302698565,-0.4468951537959978
44.51,-0.4504381442145356,-0.47198008510421563,-0.4673743760369477
44.515,-0.4513227185914322,-0.4712015475903226,-0.4673599016300997
44.52,-0.46009831090969233,-0.48894144074723717,-0.485420002462251
44.525,-0.43693382762838734,-0.46320317067115463,-0.45606564219740936
44.53,-0.4379691148316316,-0.4575823364407403,-0.4556852683092712
44.535000000000004,-0.455092061381855,-0.4753221321875955,-0.4690329033550847
44.54,-0.44343792638416824,-0.4696290498727951,-0.45541145446538533
44.545,-0.4604182341889206,-0.48157545136717905,-0.4763040904817459
44.550000000000004,-0.4566751743707383,-0.4813509569683031,-0.47501316315866526
44.555,-0.5177625938587546,-0.5395589443214353,-0.5278407349438984
44.56,-0.5198809068634442,-0.5404689903515617,-0.5350232774467505
44.565,-0.5231122390536906,-0.5516082437841894,-0.5420094877521621
44.57,-0.4046700331471155,-0.42684286743610983,-0.42425143200575216
44.575,-0.3992611191625705,-0.41952902733539893,-0.42405151820571735
44.58,-0.41212432626542084,-0.4383104123877418,-0.4289782130376883
44.585,-0.4147054979027632,-0.44371967593549116,-0.43442845228136107
44.59,-0.3253322851990741,-0.3486013905077758,-0.3433651271427051
44.595,-0.28581172972864016,-0.3025393605563947,-0.30114303361925415
44.6,-0.23868892824931243,-0.2578428037898487,-0.26316962007698186
44.605000000000004,-0.22770431189084367,-0.2503998552199143,-0.24530885114250126
44.61,-0.19382688495268047,-0.21749530884141277,-0.21340329121718596
44.615,-0.21907956509698046,-0.24108575087971845,-0.24021681604625117
44.62,-0.25251293693077514,-0.2690180313573973,-0.2663992354436404
44.625,-0.23015322493743978,-0.24893111220057618,-0.24731583543267666
44.63,-0.2507946301819089,-0.27064430915300663,-0.26888030282884123
44.635,-0.2767238172901666,-0.29662909824200795,-0.28949757751790706
44.64,-0.23601451153227476,-0.2530378337630227,-0.2519050422641453
44.645,-0.18598226484864663,-0.20002577536842978,-0.2010080383578863
44.65,-0.1550227049557052,-0.1778407584892686,-0.17151397546707364
44.655,-0.1681299737446523,-0.18453772724235154,-0.1826567554460051
44.660000000000004,-0.11962919875673535,-0.13865262691590155,-0.13391122699622446
44.665,-0.15504569803733098,-0.17404569232663056,-0.17283637434253776
44.67,-0.14187466497065176,-0.16845975300870836,-0.16251198575958906
44.675000000000004,-0.11506391766811881,-0.13397378961303505,-0.13442668723844092
44.68,-0.14590094615541993,-0.15888700760922303,-0.15750812400907233
44.685,-0.05097102974902369,-0.06911612806015709,-0.06785389225184227
44.69,-0.06748961293372986,-0.09189096935708971,-0.0858290683445577
44.695,-0.11129900393442772,-0.12298868907034555,-0.12487803465416844
44.7,-0.14685876840626286,-0.1597284792650898,-0.15413999509663873
44.705,-0.1387733384715038,-0.15882318498740616,-0.15658242558548352
44.71,-0.19331977876954587,-0.21250865339574937,-0.21113822846821853
44.715,-0.22226210784888328,-0.24800924655274395,-0.24004371057391208
44.72,-0.2426317183260882,-0.2597574979409724,-0.2519088629087913
44.725,-0.27913875009104866,-0.30363256648048287,-0.2993288847467745
44.730000000000004,-0.3958723816456909,-0.40919471140428615,-0.4072986023065633
44.735,-0.3544455122251224,-0.3745663457898913,-0.36986041135756936
44.74,-0.3286520258933238,-0.34888015751827584,-0.3440253099958103
44.745,-0.302278364643541,-0.32688029522075657,-0.3239383147722176
44.75,-0.296458691366637,-0.3213982973296636,-0.3171246780622223
44.755,-0.3722819304724868,-0.3956281811824601,-0.3876783205903661
44.76,-0.3667145179739089,-0.38088876749035744,-0.3843234234581505
44.765,-0.39472689337444705,-0.4227879528661601,-0.41961853962676676
44.77,-0.3575063411248436,-0.37731155455020493,-0.3791517568337228
44.775,-0.36265014674696067,-0.38039802193551503,-0.378113970463879
44.78,-0.3297702675808841,-0.345655437289237,-0.34487117948709883
44.785000000000004,-0.30785051620983095,-0.33332707862491356,-0.3295470747456352
44.79,-0.29693949551581644,-0.31723072029506744,-0.3166121437148097
44.795,-0.2522059725683752,-0.27119008518258986,-0.2653723935213236
44.800000000000004,-0.24301131359237813,-0.26390440901829954,-0.26211133703997325
44.805,-0.22286749911195056,-0.24275544508939909,-0.24391015305467784
44.81,-0.18556420329498097,-0.20356897858473239,-0.2070214558609391
44.815,-0.11650167535366476,-0.12908858943654278,-0.1271239847302129
44.82,-0.06530227094697265,-0.0917656574288435,-0.0835242506650422
44.825,-0.11667701526901997,-0.13730514842152353,-0.134805759978558
44.83,-0.08450203941385918,-0.10226130649538483,-0.09998254747996917
44.835,-0.07175234456316872,-0.09124444045310583,-0.08593663343486756
44.84,-0.11137072393484802,-0.12872473543613017,-0.12709108352473758
44.845,-0.13610642099869394,-0.15591308815013305,-0.15328511388704913
44.85,-0.13328655464462721,-0.1553241777122326,-0.1522559144628557
44.855000000000004,-0.15021910654932066,-0.16711152597354403,-0.16200031901742948
44.86,-0.10043614575739018,-0.12449899914286985,-0.11956355583681368
44.865,-0.20820321667311004,-0.22339791951178992,-0.22267950159600347
44.87,-0.2095233917262054,-0.22773254151453637,-0.22035010977834113
44.875,-0.23420602011324737,-0.25767878009107287,-0.2489083358303923
44.88,-0.2077532920430094,-0.22434682246343052,-0.22190487076365972
44.885,-0.24096014646767583,-0.2616826047947714,-0.261075902167916
44.89,-0.2812241508750227,-0.29695193138570625,-0.2944562246519555
44.895,-0.2909630145723402,-0.31035427177066016,-0.30337708115305795
44.9,-0.2972310645465166,-0.3219694126333342,-0.31746131987959747
44.905,-0.2906194845789861,-0.31273512743974513,-0.30551627800382325
44.910000000000004,-0.277089195566186,-0.29342084196804935,-0.28425875525228284
44.915,-0.2754586392250485,-0.2970972288523358,-0.29001316577753916
44.92,-0.29660719063098356,-0.31558407325645804,-0.3098473331667143
44.925000000000004,-0.29588567097917984,-0.31854917621829926,-0.31899634328471027
44.93,-0.2856128472811283,-0.30708654384469075,-0.3056638130271642
44.935,-0.2988626617623997,-0.3151596080493131,-0.3121972630393722
44.94,-0.2901017451227039,-0.30579039678767905,-0.30461717630540797
44.945,-0.3031250889217152,-0.32637658679839066,-0.3200907987046311
44.95,-0.28693774661543797,-0.31081013481783715,-0.30832004417043046
44.955,-0.2784166665666326,-0.29617897993820064,-0.28938944495969854
44.96,-0.3353587730286662,-0.349612879430887,-0.35328743538780993
44.965,-0.33456273600806263,-0.3581144711139526,-0.35450307794480146
44.97,-0.3948427609104593,-0.4181072573754594,-0.41396385541562725
44.975,-0.3604414598648981,-0.3848602319415532,-0.3834749527790413
44.980000000000004,-0.356291731026179,-0.3768189059807504,-0.36945827204455417
44.985,-0.30426952267623025,-0.3178772908216016,-0.31270907192052544
44.99,-0.312104775605955,-0.3436722548642352,-0.3339457711387536
44.995,-0.32398402512361707,-0.345626992418714,-0.34474403091478606
45.0,-0.3328479176848905,-0.3556081365320715,-0.35734581288628514
45.005,-0.33682554637382844,-0.3591323436566905,-0.3550962100969035
45.01,-0.28751671409356666,-0.3107059286296112,-0.3106699268377326
45.015,-0.28140404616140324,-0.30480677966418956,-0.29768483577660204
45.02,-0.2883584964983011,-0.30930128912923815,-0.30732561056992364
45.025,-0.24018605190353434,-0.2691801104762773,-0.2695329672882335
45.03,-0.18870240166336022,-0.2100277132558821,-0.21221865142761362
45.035000000000004,-0.2125705240540284,-0.2346240190800901,-0.23004909437543605
45.04,-0.1883384458549356,-0.2015519152164473,-0.20494079993663167
45.045,-0.216227396766087,-0.23496335518723327,-0.23762277594032985
45.050000000000004,-0.208329314792156,-0.23230126896431005,-0.23019067800305634
45.055,-0.2898029378336139,-0.3084896224327905,-0.3112066889642832
45.06,-0.32596977724875176,-0.3473829399670256,-0.3456374021612729
45.065,-0.3182324826146042,-0.340190329504079,-0.34104638126744174
45.07,-0.311082249968812,-0.3275607608204678,-0.3370831798086032
45.075,-0.29693969745319715,-0.32282115372240183,-0.31606555819753357
45.08,-0.33826711472540527,-0.3606980925911542,-0.3618851072600343
45.085,-0.3251444418772718,-0.3519652078064033,-0.34589984504530924
45.09,-0.3185779419558612,-0.3395246229008508,-0.34026498354363305
45.095,-0.31344542352617705,-0.33485748931836584,-0.3333822147699706
45.1,-0.31356832291831127,-0.3330141323617323,-0.33846410956289075
45.105000000000004,-0.31367613460392246,-0.3383871257684047,-0.33526349195541716
45.11,-0.3248905067253593,-0.3504881670981003,-0.3489228605955081
45.115,-0.3471694693031622,-0.37626952018868015,-0.36967538080113477
45.12,-0.2949712923253931,-0.3201037768233735,-0.3196678401463126
45.125,-0.24396878541376635,-0.2663064992848373,-0.26439503789263674
45.13,-0.28828985380093763,-0.31098845072074666,-0.3103794706160562
45.135,-0.2808565675984038,-0.2984346405016782,-0.2978219644859194
45.14,-0.29644518989211893,-0.321211963666694,-0.31881062998954024
45.145,-0.3440159613172515,-0.3663069360900945,-0.3632711897767197
45.15,-0.36878519956134015,-0.39120026843385697,-0.3905276057332144
45.155,-0.37247386864861703,-0.39969064573298824,-0.3945102895894685
45.160000000000004,-0.3982121780716333,-0.4225868137534933,-0.42775734296785345
45.165,-0.3835560680911206,-0.41152586847354494,-0.40899073745562625
45.17,-0.39632962850559034,-0.42329911138307025,-0.4215029676602279
45.175000000000004,-0.4147532478801473,-0.43982854725004406,-0.44053154226941066
45.18,-0.4913917999056083,-0.5129417482001003,-0.5079027224515413
45.185,-0.5036663497896673,-0.5278467878450083,-0.5224039287125681
45.19,-0.4889326066035785,-0.5145200151608764,-0.5078104259365551
45.195,-0.53185677593906,-0.5520955611804866,-0.5499159061102608
45.2,-0.4979681718655232,-0.5229586329522543,-0.5227557737722045
45.205,-0.5252526491333445,-0.5520136403811072,-0.5500526200710537
45.21,-0.5759859030437028,-0.595895458044011,-0.5923977364466464
45.215,-0.6131778162783504,-0.6386998532536056,-0.6364594805110447
45.22,-0.6334298567811074,-0.6541560426623823,-0.6575281994884093
45.225,-0.6249639948825689,-0.6492868216597893,-0.6457790253310718
45.230000000000004,-0.5850332744811819,-0.613222096633956,-0.6094915374428621
45.235,-0.5874286414265781,-0.6147129069273672,-0.6171517324421504
45.24,-0.5481839959442918,-0.5742907343225832,-0.5755994734831265
45.245,-0.5927733939547096,-0.6171283482655067,-0.6138283588364094
45.25,-0.6291712673111904,-0.6478743758664897,-0.6485964634601955
45.255,-0.6848311653899835,-0.7078260602056129,-0.7061940186319479
45.26,-0.7138060608492782,-0.7333317721477253,-0.7319093493744724
45.265,-0.7413383774749311,-0.7670770954530198,-0.764986486106874
45.27,-0.7484564001323626,-0.7722666612255367,-0.7744405354503612
45.275,-0.7735643381974714,-0.7925220669798925,-0.793941352495034
45.28,-0.7783423227074958,-0.8101014180166934,-0.809655927900811
45.285000000000004,-0.7813094932547715,-0.8058685771681452,-0.8007764260219469
45.29,-0.7424356170674163,-0.7717769276492242,-0.7625931622223477
45.295,-0.7349793599165647,-0.7610511654525512,-0.7580876846231176
45.300000000000004,-0.7131718043658715,-0.7407818367797999,-0.7356582796089869
45.305,-0.7636258740817692,-0.7896463621769968,-0.7923571016402523
45.31,-0.7855779696537464,-0.8131273233622757,-0.8038258648188993
45.315,-0.746165914410968,-0.7763022387951317,-0.774455596231409
45.32,-0.7584485761689035,-0.7832517367435793,-0.785848141179447
45.325,-0.7960715808943328,-0.8255907721062254,-0.8236383689716007
45.33,-0.7592268843495205,-0.7870633895891589,-0.7761553635651508
45.335,-0.736543210348694,-0.7661137030291397,-0.7590735279566303
45.34,-0.6520900533279705,-0.6729243154304823,-0.6730917593379105
45.345,-0.6678506533664614,-0.6920915634788769,-0.6841538289539161
45.35,-0.6429520629935629,-0.669956008481098,-0.6638775741045868
45.355000000000004,-0.7411995350311316,-0.7591779916835054,-0.760106356083993
45.36,-0.7782118722105076,-0.8063145570015148,-0.7977360850837073
45.365,-0.7844523310720417,-0.8137274310895445,-0.8096960675962861
45.37,-0.7976109462740509,-0.8230970292074138,-0.8160509192011909
45.375,-0.7851128943281768,-0.8133397911438401,-0.8028590008311397
45.38,-0.7815370850646695,-0.8063093726469446,-0.7979542671911833
45.385,-0.69756121099018,-0.7208846838126978,-0.7186341618914375
45.39,-0.707582562523767,-0.73088270240191,-0.7299804890466517
45.395,-0.6426590497784761,-0.667286905775535,-0.661586711928846
45.4,-0.6133716803201691,-0.6416899337282275,-0.631480697321918
45.405,-0.6095582499099409,-0.6344241709210721,-0.6298453046213436
45.410000000000004,-0.5960751325646669,-0.6188666505131175,-0.618078358388569
45.415,-0.5732219159620056,-0.604724049439829,-0.599009195062124
45.42,-0.5693051706245885,-0.5967103033580652,-0.5950162521154553
45.425000000000004,-0.5649198916659413,-0.5966583362277588,-0.5868813381466095
45.43,-0.4929773292446477,-0.5203670861511664,-0.5147278151998089
45.435,-0.5134070711748169,-0.5421904668903601,-0.5313457184881372
45.44,-0.5164720545220316,-0.5416334628493207,-0.5337331709855851
45.445,-0.45098469170072164,-0.4725372415261294,-0.46703939092227825
45.45,-0.4993281483634127,-0.5229439694776937,-0.5164551684510462
45.455,-0.5141611193094103,-0.5441244093374736,-0.5371539869348398
45.46,-0.5248958799827859,-0.5560733694209858,-0.5511384389530251
45.465,-0.5297629958182162,-0.5541600775950682,-0.5445310673882359
45.47,-0.5310704512287646,-0.5599031147318728,-0.5504527200900681
45.475,-0.4993554896915684,-0.5284708740193396,-0.5169026157491802
45.480000000000004,-0.4427184069678069,-0.4690545774220583,-0.46110924229455497
45.485,-0.40054855733020844,-0.4294575120803235,-0.42289376730279077
45.49,-0.42339047159898774,-0.4529852980374296,-0.4403909644616701
45.495,-0.45244617845974544,-0.4828857462503892,-0.47470405722804876
45.5,-0.4328320038763959,-0.46269224785545976,-0.4565139316484498
45.505,-0.4978583163740601,-0.5292090039484646,-0.5172587121185216
45.51,-0.47143570634381976,-0.5023534932680882,-0.49264688918824506
45.515,-0.48421317261082275,-0.51535059545208,-0.5087678173213654
45.52,-0.5289478024378377,-0.5520965889093349,-0.5479552229164353
45.525,-0.5385864719380664,-0.5693490632603703,-0.5601318140601084
45.53,-0.5494111207119657,-0.5808270839831542,-0.5708392341433399
45.535000000000004,-0.6217137427840428,-0.647739972436956,-0.6360715414193804
45.54,-0.5798964858865243,-0.6114813901746612,-0.5982521802980242
45.545,-0.596920133579921,-0.6283879578646272,-0.6094825990356905
45.550000000000004,-0.6379437850235906,-0.6683572072551327,-0.6559667304256802
45.555,-0.6092385466685275,-0.6431669366747007,-0.6329949887785017
45.56,-0.5976774824036662,-0.6282107949282486,-0.6164819802489484
45.565,-0.5958990938059836,-0.6231864014014215,-0.6156543782464216
45.57,-0.6013150912646781,-0.6310969006993097,-0.622128230728665
45.575,-0.6388125124339925,-0.6654022663386587,-0.6554846872714818
45.58,-0.6248972201832295,-0.6532060573708978,-0.6456249240008942
45.585,-0.6373216351639263,-0.658544418579629,-0.6503484809420145
45.59,-0.6232874432190816,-0.6502300637649333,-0.6413017534920236
45.595,-0.5597971786006517,-0.5843401625048482,-0.574782577048522
45.6,-0.552924450435072,-0.5820488963905278,-0.5755428629541871
45.605000000000004,-0.5802752992938295,-0.6050969702724862,-0.5910806627480648
45.61,-0.4929973737228182,-0.5194117196466492,-0.5083368924026037
45.615,-0.4606683965738772,-0.4907008660037699,-0.48339979082703977
45.62,-0.45815803765841834,-0.4861234029617649,-0.475016567580956
45.625,-0.4294516593687938,-0.4575523790665877,-0.4476394973811261
45.63,-0.4814210100659361,-0.5072530413701303,-0.49669553248149495
45.635,-0.448893908847512,-0.47868547124008815,-0.4715454205692685
45.64,-0.41600086137349973,-0.4462423062330503,-0.43851107235432607
45.645,-0.38742460149255137,-0.41764496101469284,-0.4069069023714452
45.65,-0.4080763250231697,-0.43926236148870285,-0.43102252003790764
45.655,-0.4835584951871265,-0.5102317074716953,-0.4996251565122522
45.660000000000004,-0.4609985994134778,-0.48536090778838664,-0.4795118435997725
45.665,-0.43054240943128924,-0.4597898677832989,-0.4518479662069793
45.67,-0.4428206368954525,-0.4687502973073353,-0.46550767000517657
45.675000000000004,-0.5157192282691376,-0.5388377138469921,-0.5315724457768677
45.68,-0.44825648998231216,-0.47294425273283963,-0.4685028783466683
45.685,-0.4150054916863735,-0.43979626361350943,-0.43535401538876156
45.69,-0.4384583224428043,-0.46449762240612164,-0.45419630921341386
45.695,-0.4312137916256622,-0.45427143866667863,-0.4459830321034429
45.7,-0.3759586645171734,-0.4037205199829915,-0.3961143568160145
45.705,-0.38851793631291104,-0.4169219575559035,-0.41011502046415094
45.71,-0.3890038938857418,-0.405143975434631,-0.4044694584178739
45.715,-0.3415357700125134,-0.36813653284179393,-0.3623049079024152
45.72,-0.3638737250152513,-0.38983174414145,-0.383564567535943
45.725,-0.32779290579998555,-0.3494071719444404,-0.34978838637359855
45.730000000000004,-0.3257273068648303,-0.3458825755637417,-0.34376628312447927
45.735,-0.3465127690959883,-0.36861635123253095,-0.361528972023653
45.74,-0.3476310788908436,-0.3690527959626029,-0.36362278926769614
45.745,-0.30043262339603516,-0.32493890203200254,-0.3207163263606778
45.75,-0.35768853970060843,-0.3826795740592247,-0.3781591752972988
45.755,-0.37910958671305,-0.40090926479664457,-0.39768426504505167
45.76,-0.3791876471555243,-0.3980931280041036,-0.3968663639997144
45.765,-0.3387131605777236,-0.36224764470711923,-0.3584635773326112
45.77,-0.3407427459522084,-0.36615829887238127,-0.36609752422152736
45.775,-0.3754471842259784,-0.4008034113383057,-0.39011998862565767
45.78,-0.3437086078628308,-0.3709710925536733,-0.3624174868436632
45.785000000000004,-0.33975983310777674,-0.3676922530796324,-0.3666293368501946
45.79,-0.3169062533354495,-0.33886770154386653,-0.33459332279317
45.795,-0.30322777778528237,-0.32797189966922446,-0.3241120653451212
45.800000000000004,-0.28554887165999865,-0.3105725190943239,-0.3012198327530681
45.805,-0.28652900321736424,-0.3113770427608597,-0.30900073093349106
45.81,-0.21961768719257405,-0.24612059853650017,-0.23668860977875714
45.815,-0.2220183631361154,-0.24405294589034757,-0.2359165404807921
45.82,-0.18358986388263834,-0.2074544397498077,-0.20828644100470933
45.825,-0.19051012746560472,-0.21118069677277176,-0.2081303729365764
45.83,-0.18464939431583657,-0.20260837741154428,-0.20188423839633549
45.835,-0.2074377011743556,-0.22891885936270154,-0.2269829126241781
45.84,-0.2683512433561321,-0.2936800295622683,-0.2904849377309826
45.845,-0.26363366120404913,-0.2850379344802602,-0.28116230560131394
45.85,-0.2694391801484528,-0.28441368676327883,-0.28592275868972267
45.855000000000004,-0.2864989724325986,-0.30312567279807406,-0.30215289974645654
45.86,-0.2812874307557171,-0.3008359848922166,-0.3020622248112894
45.865,-0.27056818895387724,-0.2887480081932064,-0.28379522904616383
45.87,-0.24792518287372106,-0.2712351873161003,-0.2706604058170914
45.875,-0.26419458934088913,-0.28250766868514804,-0.2801294090523625
45.88,-0.270069483681326,-0.2904693456688846,-0.2894031980029795
45.885,-0.26644786333430565,-0.289499946282978,-0.2800109865055533
45.89,-0.1991309485674816,-0.2102910588529705,-0.20963080800383652
45.895,-0.18242726956605637,-0.20566640363007785,-0.2073248344788557
45.9,-0.21541785564539814,-0.2288989519230627,-0.22412914321536942
45.905,-0.20262145072498577,-0.22284913450181928,-0.21704647504167393
45.910000000000004,-0.2151545427658888,-0.23837602939653735,-0.23242686004132088
45.915,-0.18122551011000487,-0.2084618766712346,-0.2006514854130449
45.92,-0.16574295193121033,-0.1871736589229364,-0.177988973529805
45.925000000000004,-0.21329327256170133,-0.23091616252994168,-0.22939093955707818
45.93,-0.21953302036280867,-0.2410990512742826,-0.2416090347286282
45.935,-0.1993059666584897,-0.21395743333914702,-0.2163566911951314
45.94,-0.23311961365457065,-0.25363593714391364,-0.25199094686926804
45.945,-0.265724178828856,-0.2895617202424012,-0.2858374849761045
45.95,-0.27210199351659714,-0.29293609134479326,-0.2885769510770678
45.955,-0.2989448192389742,-0.31849864622382273,-0.3128055820230884
45.96,-0.30142503904537155,-0.3193664814714161,-0.317360355931908
45.965,-0.3138099479355934,-0.3369320668790005,-0.3301101190517087
45.97,-0.30680091078641347,-0.32891240443587877,-0.32306422639351323
45.975,-0.30476237712028736,-0.32457485916370427,-0.32049622999278504
45.980000000000004,-0.32098338744658245,-0.3419959973521619,-0.3358018671887971
45.985,-0.31563147554779264,-0.3423163285059914,-0.3395443583282163
45.99,-0.3455731792432888,-0.37373549355209057,-0.37203385126577343
45.995,-0.39546528370950107,-0.41641212420031243,-0.4082534519276532
46.0,-0.4235595484554858,-0.45077857914252234,-0.4474006881747041
46.005,-0.3824367528040591,-0.4008726377373959,-0.3981520942327758
46.01,-0.35350696529844355,-0.3788539949538196,-0.3721467501722704
46.015,-0.29526850589292747,-0.3304291652265845,-0.319570064480124
46.02,-0.28683516620649463,-0.30810608399972544,-0.30829746050819334
46.025,-0.301607985341276,-0.3233058455361513,-0.3224361731388277
46.03,-0.34031345197093427,-0.36592243264514046,-0.3521241541162285
46.035000000000004,-0.289863785037316,-0.31774148926326584,-0.31029240594065793
46.04,-0.2812093516956258,-0.29518366348383146,-0.29040830051428124
46.045,-0.2676029118143397,-0.2879195252136868,-0.28439106780985385
46.050000000000004,-0.2557097428660185,-0.2788784997966186,-0.27471546351152903
46.055,-0.2904330353637369,-0.31125991616607357,-0.3046280731858885
46.06,-0.27391919039662155,-0.2990443736390598,-0.29544247040406074
46.065,-0.2551571226381199,-0.28318287085257193,-0.27197196024297177
46.07,-0.26744734330693604,-0.2912206269068954,-0.28036398029546034
46.075,-0.2702901721208438,-0.3007954002750582,-0.29487603308607047
46.08,-0.27527901580031183,-0.29361966313809423,-0.29046722691217347
46.085,-0.28909277966469904,-0.3144293935914486,-0.31276332385311434
46.09,-0.26370727456878656,-0.2888080104400513,-0.2803989709257216
46.095,-0.27733600266329406,-0.3023837557407735,-0.2988283531340451
46.1,-0.2241243755689641,-0.2444475737805376,-0.24287003130578483
46.105000000000004,-0.2644993624799507,-0.2893370462128362,-0.2853616601328322
46.11,-0.3695214905646703,-0.39373139276230346,-0.3935518649538341
46.115,-0.4246197090860352,-0.4504763442987455,-0.44297084355534827
46.12,-0.43001278951771066,-0.45481837463015323,-0.4584546097039867
46.125,-0.5404257093659195,-0.5610698641170228,-0.5581763578978277
46.13,-0.5256673555113863,-0.5517605932749317,-0.5408513479308533
46.135,-0.5027095910569396,-0.5264949505366471,-0.5245281417262097
46.14,-0.5189037393838642,-0.5412389018925269,-0.5394612767700122
46.145,-0.5708333830150296,-0.5924330916140024,-0.5924310172336399
46.15,-0.5820864774223936,-0.6074032557489442,-0.6033951496588432
46.155,-0.555545653049969,-0.5783746820331801,-0.5750784095589262
46.160000000000004,-0.5973647425113724,-0.6274041435265965,-0.6225735474549454
46.165,-0.6688129697489149,-0.6876999099264436,-0.6828942976002643
46.17,-0.6385909613343901,-0.6686962878648882,-0.6614496186397055
46.175000000000004,-0.5997322872094875,-0.6283387606750713,-0.627912046494894
46.18,-0.6084430814508722,-0.6328076540118625,-0.633706011525076
46.185,-0.5664506608225598,-0.5960792724146039,-0.589091272607887
46.19,-0.5687820269767824,-0.5969958536267773,-0.5893736587191634
46.195,-0.5787422754471508,-0.6123833331385091,-0.6031283746164429
46.2,-0.5121002917019707,-0.5353660710063292,-0.5387278974973819
46.205,-0.5364727592595193,-0.5686348705891457,-0.5596092907236625
46.21,-0.5401013816207016,-0.565540461222055,-0.561755815349509
46.215,-0.5339234381707124,-0.5610865464973367,-0.5618841593620126
46.22,-0.5745865043932439,-0.6078454135993173,-0.5956354019435526
46.225,-0.5923037425283593,-0.6154581160249291,-0.6140826874018033
46.230000000000004,-0.5480666772551456,-0.577382479464163,-0.5685995736248117
46.235,-0.5308075850223519,-0.5586255833024258,-0.557459735115153
46.24,-0.5499877289582144,-0.5831988035890476,-0.5769011266055063
46.245,-0.5133314246958315,-0.5523767920569995,-0.548722857750126
46.25,-0.47908748177795957,-0.5114823116122152,-0.5027381523855317
46.255,-0.4971765603035346,-0.5260504891614315,-0.5172535638123568
46.26,-0.49745609477739944,-0.5302234437239388,-0.5248901584819686
46.265,-0.43698285923791425,-0.4629203157445653,-0.4622828166183187
46.27,-0.4773285549557984,-0.5053162882025399,-0.49674242116624207
46.275,-0.4938058210358736,-0.5237081958154394,-0.5167190769843927
46.28,-0.5973170253324428,-0.63093638117796,-0.6251171414797085
46.285000000000004,-0.5832556395387922,-0.612568934776538,-0.6091434788975604
46.29,-0.5534405820791614,-0.5821473727527282,-0.5709720415868708
46.295,-0.55010730289652,-0.57722859839859,-0.5740768520623274
46.300000000000004,-0.5068926509048144,-0.5319436883887015,-0.528387970880182
46.305,-0.4600435716671402,-0.48762318928978293,-0.48211896069674093
46.31,-0.430697590779308,-0.46152946834967074,-0.4534357186119457
46.315,-0.45510221428225156,-0.4812569619117975,-0.47696844900318797
46.32,-0.4722888604877027,-0.5067440422065206,-0.5032725669925211
46.325,-0.46614423467465066,-0.49194056589785173,-0.4866299018276724
46.33,-0.4518695060160266,-0.4750258840633719,-0.4661486450991308
46.335,-0.4843328022041943,-0.5092615526029072,-0.5070296733655292
46.34,-0.4893017703071643,-0.5163516201760049,-0.5095546890903072
46.345,-0.44885549945392694,-0.4795330246150388,-0.4679086452584047
46.35,-0.42750283794186206,-0.45681172613770016,-0.45287371756789524
46.355000000000004,-0.39201427871055544,-0.41880067639702284,-0.4135458918295395
46.36,-0.35503030040271394,-0.38366627306825246,-0.3760589565118631
46.365,-0.2674587175623221,-0.2975439709111399,-0.2873552127636439
46.37,-0.23504833656241894,-0.2622286637923088,-0.25432246661684915
46.375,-0.28431545945323605,-0.31046591784979877,-0.3104597786391894
46.38,-0.2781269207147048,-0.30420943820526103,-0.29521229957518047
46.385,-0.24689904110712435,-0.27504420531951873,-0.26599688506976205
46.39,-0.2719917167627026,-0.30154657185218275,-0.28858822827181757
46.395,-0.2678593424844048,-0.2947413335483951,-0.2879416907901568
46.4,-0.24812464662372669,-0.2745944585401283,-0.26240693678681787
46.405,-0.3181422256494327,-0.3436759276460015,-0.34224893077111695
46.410000000000004,-0.4001402463978554,-0.4317519381953671,-0.4215326002246581
46.415,-0.42568937825298436,-0.4501312039317998,-0.4363955573863945
46.42,-0.40319208470588513,-0.4356212745512087,-0.43005129953213217
46.425000000000004,-0.41746327965486785,-0.4455889988403718,-0.4407967670708409
46.43,-0.4740063723272759,-0.5028303137578612,-0.49413096304654514
46.435,-0.4376411759676264,-0.4633587075702297,-0.4517443405844685
46.44,-0.4282899026120395,-0.45545957221952915,-0.4492308321889677
46.445,-0.39911368216540494,-0.4257711481325583,-0.4199355022845808
46.45,-0.4360743978953947,-0.46078454481858255,-0.45457445967623533
46.455,-0.46959960385573296,-0.4967174988849977,-0.4911278668280366
46.46,-0.4061763723488751,-0.4300586412815926,-0.4228553337580641
46.465,-0.38869235636505467,-0.40687633644441984,-0.40761365888856366
46.47,-0.41845038853219285,-0.4363069093137874,-0.4295753001294082
46.475,-0.3860876871784795,-0.40991681719684225,-0.4063642509802959
46.480000000000004,-0.42284978926963473,-0.4536411303631624,-0.44561116011828666
46.485,-0.44481597915108495,-0.4754923167664659,-0.464969255014502
46.49,-0.4700655060679908,-0.4922089154723991,-0.49384344194689156
46.495,-0.4806739364215197,-0.5103222265989545,-0.5057896915070518
46.5,-0.509449934665455,-0.5372836645540227,-0.5286514220131299
46.505,-0.5326424513765684,-0.55984452015878,-0.5500744069168275
46.51,-0.5109077494726723,-0.5386736331361849,-0.5298296854599944
46.515,-0.5665006605545911,-0.5937784058825806,-0.5879650895297612
46.52,-0.5540484022920948,-0.5838285798148908,-0.5721274234128535
46.525,-0.5483934896934737,-0.5710280831649396,-0.5679205653359839
46.53,-0.5410129986133703,-0.5652676977908677,-0.5617766173254413
46.535000000000004,-0.5359881251548128,-0.5646802589923735,-0.5572284743684283
46.54,-0.5360157052053647,-0.5585264707140932,-0.5497211369451056
46.545,-0.5702870387777906,-0.5929493126431511,-0.5888981785747214
46.550000000000004,-0.6179493650548602,-0.6416400303179641,-0.6376580734391437
46.555,-0.5831203079150697,-0.6061162955056402,-0.6027444637418827
46.56,-0.5935815820779708,-0.6200402193968606,-0.6118646979255574
46.565,-0.568003137684644,-0.5928030287076269,-0.5907024445225736
46.57,-0.5911157182888365,-0.6182917708016582,-0.6156536688022487
46.575,-0.5787767895008362,-0.6037614608090945,-0.5996999975872461
46.58,-0.5987763325660733,-0.6223362159083786,-0.6176263583345897
46.585,-0.5829239764351423,-0.6037463490208266,-0.6006393536386798
46.59,-0.5649957874807553,-0.5918051134277454,-0.5812496072866827
46.595,-0.5807927738802559,-0.6042830455327217,-0.5940561359565271
46.6,-0.5882570503379699,-0.6175574599901367,-0.6119896579133585
46.605000000000004,-0.6186176673379123,-0.6448050257530374,-0.640650724652001
46.61,-0.5763958493590638,-0.5978127987444676,-0.5974725138316289
46.615,-0.5740772987118519,-0.6030360300787582,-0.5900608174736992
46.62,-0.5862131660210774,-0.6143447133310596,-0.6115530015787198
46.625,-0.529105744947681,-0.5620832770417797,-0.5539725967144208
46.63,-0.5163633973425643,-0.5457801140804365,-0.5377570599345264
46.635,-0.5314436905411775,-0.5610668153738543,-0.5558969449212713
46.64,-0.5528472211501452,-0.578013975452359,-0.568018506643187
46.645,-0.5457626805571786,-0.5757297260662879,-0.5677855302257789
46.65,-0.521556336124848,-0.5482256009662033,-0.5385535557721376
46.655,-0.4899648781401832,-0.5160719719965967,-0.5093126426919631
46.660000000000004,-0.4945949886082824,-0.5244002123329811,-0.5176849532485046
46.665,-0.5908342647719003,-0.6173966812219005,-0.6100396573339925
46.67,-0.6231771130318481,-0.6552117409638679,-0.6477272522249979
46.675000000000004,-0.6189535852871167,-0.6426597856322591,-0.6338442445338592
46.68,-0.6251099636703953,-0.6493268286718287,-0.6464304107849879
46.685,-0.5788681830990575,-0.6064865842981202,-0.5952450409005788
46.69,-0.5966155457779091,-0.6240919941341866,-0.6188836108204884
46.695,-0.558122284595234,-0.5896942427251926,-0.5763962798479423
46.7,-0.5120288345073585,-0.5379471560573565,-0.5299306381161524
46.705,-0.4922666122341128,-0.5194414598561966,-0.5141660259415185
46.71,-0.4769886058213615,-0.5050543324735495,-0.4959577286255377
46.715,-0.45934469359001834,-0.4880903293367025,-0.4781217447153355
46.72,-0.4225349111817841,-0.4473283308086434,-0.4413762454589285
46.725,-0.4025940277805631,-0.4286731526901374,-0.4230923461184968
46.730000000000004,-0.3764786212958106,-0.40069308199360093,-0.39552877671921605
46.735,-0.37290810173994887,-0.40351550712921663,-0.3963253708774338
46.74,-0.36053078184927756,-0.38396644474660063,-0.3809392087887765
46.745,-0.37356719944453576,-0.4004424489671592,-0.39546496242842843
46.75,-0.41088389174991086,-0.44435033170655164,-0.4389394137872235
46.755,-0.43885799991780144,-0.46499101794820535,-0.46362272889804035
46.76,-0.4233074686747596,-0.4468555045647636,-0.44931025109508455
46.765,-0.4371282763270951,-0.46620371556411233,-0.4632402487673171
46.77,-0.3411459803324271,-0.36899029823982915,-0.3621566955109867
46.775,-0.3060853966400719,-0.3323045690075123,-0.3318713566216062
46.78,-0.3237434051886807,-0.3544972005813562,-0.34659143176115165
46.785000000000004,-0.2677122879174061,-0.2866250586997834,-0.28543162244247267
46.79,-0.2545424783997486,-0.28580698637135893,-0.2788493213080796
46.795,-0.21341673330253916,-0.23910980499658116,-0.2359059063542504
46.800000000000004,-0.21949477308214985,-0.2468834411305817,-0.242107260164863
46.805,-0.224584577863341,-0.2535465449384188,-0.25317638518726066
46.81,-0.16469369607027518,-0.20258008823151283,-0.19550251036306443
46.815,-0.18797454505811073,-0.2116207906587451,-0.2082535668348576
46.82,-0.23941604783419282,-0.2615129643730025,-0.25573008770756317
46.825,-0.24085269392269115,-0.2673108038678519,-0.26216576259959373
46.83,-0.25654212510790336,-0.2886468762857485,-0.27841981356844614
46.835,-0.2749008707430741,-0.30915673926197323,-0.301401237346956
46.84,-0.2609723700161433,-0.2863429518775434,-0.28102125678532175
46.845,-0.21144034325672376,-0.2412986667197141,-0.2399764840345312
46.85,-0.24399951772504577,-0.2735385825448976,-0.26668126091456135
46.855000000000004,-0.22718255361782766,-0.2551486973968456,-0.2532407849299504
46.86,-0.26912909350297076,-0.29622861956651314,-0.29265929505334
46.865,-0.2847081978923807,-0.31840111990819703,-0.31061726788395577
46.87,-0.2636396940007989,-0.29446303466216045,-0.29445877753474403
46.875,-0.2833366844937988,-0.3102697553861885,-0.3060835420657128
46.88,-0.2860703857903163,-0.31214492840482155,-0.3109699672267944
46.885,-0.3351291083981964,-0.36277030982979913,-0.36296601473887913
46.89,-0.30781786553890883,-0.34285999919549726,-0.34062557612014616
46.895,-0.26412282001629517,-0.29479722800964603,-0.2888716048075144
46.9,-0.28087536001051494,-0.3138042986321094,-0.3053725906833089
46.905,-0.2735266166650143,-0.3033424877961452,-0.30292605720361904
46.910000000000004,-0.2799557812127221,-0.3107487923698411,-0.3051321068650592
46.915,-0.2765216932026897,-0.31019938784521545,-0.303257199513702
46.92,-0.22245840988994572,-0.25173255134049366,-0.25589527880326596
46.925000000000004,-0.24168728080088295,-0.27144303402022407,-0.2671562659252324
46.93,-0.20868555132364733,-0.23834969967382022,-0.237954284432679
46.935,-0.19408434807609715,-0.22479601031254992,-0.21689293351010613
46.94,-0.18812387199081806,-0.2201657645047575,-0.21367926647607027
46.945,-0.30262139052970805,-0.33080833502502127,-0.32904807546565856
46.95,-0.27503974246627,-0.30371652460799414,-0.2984503314134799
46.955,-0.2981600369365856,-0.336271337169085,-0.32737758080420604
46.96,-0.2620455509898123,-0.2848493032891171,-0.28695077428396254
46.965,-0.2595015783904604,-0.2942636601191288,-0.2857584207549989
46.97,-0.21600708703074153,-0.25209815702971744,-0.23775013065038172
46.975,-0.21956990728883202,-0.25050522840048334,-0.24570577674221475
46.980000000000004,-0.14540032973785888,-0.18278204231913045,-0.17359002617415656
46.985,-0.17729938231801984,-0.20556861881136934,-0.19968897867506846
46.99,-0.16217343457018954,-0.19007161442379794,-0.18039499011994783
46.995,-0.1947886919057756,-0.22748289180757586,-0.21680043349050498
47.0,-0.20926028612377118,-0.23634035400374515,-0.22870651909703985
47.005,-0.17965996138581017,-0.21679103121128526,-0.2055319154009419
47.01,-0.1483149993015341,-0.1780822796190761,-0.16943700971896006
47.015,-0.14732778542187006,-0.18189366095363374,-0.1748997806626356
47.02,-0.1576944087628377,-0.18352582516116364,-0.1748305813101281
47.025,-0.18556725535123747,-0.21438242845013744,-0.2093654498457981
47.03,-0.16997320284623685,-0.2002907937081812,-0.1903601917928672
47.035000000000004,-0.1776341264835364,-0.20442138051581846,-0.1997301043187162
47.04,-0.19821965233733513,-0.23268528057649843,-0.23100652731103583
47.045,-0.22921578711368598,-0.2583228299082918,-0.24916892239362556
47.050000000000004,-0.3386240751903588,-0.36594858343834913,-0.3612869799163033
47.055,-0.30147446792221627,-0.3327888464270493,-0.32615643756209095
47.06,-0.31765181074739085,-0.34570754105545737,-0.33687100706410317
47.065,-0.37875999858066794,-0.4011349531490548,-0.4032612298084308
47.07,-0.34599140967246517,-0.38139509001038685,-0.3722928452375564
47.075,-0.37307779823968445,-0.40430887257317955,-0.39421198301982285
47.08,-0.39854799868716057,-0.4239849809242641,-0.42145801231895397
47.085,-0.34867000529397957,-0.3761442886862209,-0.3780710346448928
47.09,-0.3451584706821468,-0.37607213479161955,-0.3710223199817288
47.095,-0.3789812414073529,-0.4116057147334394,-0.40267361656458883
47.1,-0.3889446896568295,-0.41647552981554203,-0.4071303296785605
47.105000000000004,-0.4035208587912224,-0.4392480476860622,-0.4321066926769796
47.11,-0.4199305484959551,-0.44618513755497313,-0.4452521725385339
47.115,-0.40446544568377096,-0.4346538684818272,-0.4246536250554775
47.12,-0.44238409734514,-0.4699978249273053,-0.4697871302638408
47.125,-0.4395024434656753,-0.47262576295650593,-0.46678007490240503
47.13,-0.3757040141828945,-0.4029775284038371,-0.39887757848193656
47.135,-0.38631376437531917,-0.41937461418513045,-0.4135502423013321
47.14,-0.3530423794254787,-0.3796413395394357,-0.3761498819428048
47.145,-0.38687770856603937,-0.41286123742448155,-0.40190042991244845
47.15,-0.412892045299623,-0.44123819518314883,-0.43350806928192515
47.155,-0.4090663920591936,-0.4374821822862702,-0.4325226559418938
47.160000000000004,-0.37640834283398333,-0.4040136576027839,-0.403296446366519
47.165,-0.4002548590364999,-0.42829462289401765,-0.4212900119143777
47.17,-0.398540831140203,-0.4268923596140157,-0.42696215185512837
47.175000000000004,-0.4202871823135282,-0.4508581157632355,-0.4460565021701408
47.18,-0.4725285689429729,-0.49991965529228033,-0.495916239624656
47.185,-0.5004701727266162,-0.5322212719709078,-0.5231456065131587
47.19,-0.4822848524366006,-0.5136418260098305,-0.5102193163738247
47.195,-0.48481929498279724,-0.5184577495720459,-0.5054096000903299
47.2,-0.44010536170837916,-0.4695525677709507,-0.46289351751479946
47.205,-0.46043283661776657,-0.4840692977309783,-0.4829569900729979
47.21,-0.45213927798683196,-0.4791993828472448,-0.47284858690853665
47.215,-0.41656587597347655,-0.4454692320435097,-0.44004097388285784
47.22,-0.41047414115903536,-0.4406373794894206,-0.4402416196284949
47.225,-0.3971874957362065,-0.42683697336246784,-0.42460764301167325
47.230000000000004,-0.3873245613134285,-0.4140290363352173,-0.4122717495231559
47.235,-0.42865234089048526,-0.4583944850687146,-0.450429139718461
47.24,-0.47245732906215776,-0.503657332341204,-0.49383983574158574
47.245,-0.47820422356931014,-0.4993884159987835,-0.5040233758132978
47.25,-0.47583158369132483,-0.5076276164668496,-0.49864935790277015
47.255,-0.5030292402679455,-0.5337745415063327,-0.5268235327911001
47.26,-0.4595854829584795,-0.4933072325106021,-0.49561906715726545
47.265,-0.4496179416692822,-0.4843550088405702,-0.4773490045270957
47.27,-0.37650333754899434,-0.40760938759558935,-0.40325875863344496
47.275,-0.3570574646314789,-0.38442301524468087,-0.3855909987231394
47.28,-0.36757690832094647,-0.39852963955854714,-0.3857061125883516
47.285000000000004,-0.4112458378483176,-0.44314224150946935,-0.4402012322959745
47.29,-0.4007490585159682,-0.42873098517386377,-0.4238710264666102
47.295,-0.3582956635150239,-0.3955686453022836,-0.3896492605430009
47.300000000000004,-0.3963388324728807,-0.42976488637269383,-0.4241464006489033
47.305,-0.4322342224812671,-0.46267450993242104,-0.4570403393241708
47.31,-0.4857732716431441,-0.5098336829734953,-0.5119874817540523
47.315,-0.45375177110737797,-0.48868820707233335,-0.4831811116840223
47.32,-0.4999594670153248,-0.5255561234398289,-0.5220116101415331
47.325,-0.492048834689473,-0.5186376205703316,-0.5245748027133219
47.33,-0.4932530938817604,-0.51904250272712,-0.5177097203771787
47.335,-0.507823385154401,-0.5371150784647065,-0.5238150766594077
47.34,-0.5277577662897641,-0.5554578854301123,-0.552156701326811
47.345,-0.5199960841221924,-0.5436077606256482,-0.5410181544128123
47.35,-0.5130872429946736,-0.5401399464978827,-0.5393475087366868
47.355000000000004,-0.5217506798552114,-0.5447320692988051,-0.5400123486869789
47.36,-0.5550553354909197,-0.583251587896337,-0.5795725993262726
47.365,-0.5571119567825749,-0.587404658499236,-0.587715138256872
47.37,-0.5870258930886174,-0.6177956827404636,-0.6147613982934311
47.375,-0.5558952906747215,-0.5856401309984756,-0.582599856860578
47.38,-0.5846999092618869,-0.6130476124994498,-0.6064048127167975
47.385,-0.5373112327680389,-0.562437635366612,-0.5645161227091492
47.39,-0.5488457180411564,-0.5826867084993739,-0.576887792909628
47.395,-0.561537631864324,-0.591287852203292,-0.5896383164928108
47.4,-0.5517873250861495,-0.5748864118128852,-0.5724910651329741
47.405,-0.5365654067401363,-0.5610111730606644,-0.5607435755550838
47.410000000000004,-0.539642017426211,-0.5631039498589232,-0.5661077112597126
47.415,-0.5599092686471492,-0.5851402802432153,-0.5873827928318438
47.42,-0.5352654739250566,-0.5588415445282501,-0.5575014977485998
47.425000000000004,-0.5958815600531382,-0.6266101493039649,-0.6187792550957352
47.43,-0.6499846181522506,-0.6723500988313121,-0.6716322718176121
47.435,-0.6377577984608013,-0.6608079110570655,-0.6632213641259019
47.44,-0.6050458367992023,-0.6336363343402797,-0.6309317428693642
47.445,-0.6173289883782068,-0.6398466016553298,-0.6400314746637064
47.45,-0.6307788675270563,-0.6564637946141433,-0.6631112047523751
47.455,-0.5865854837109106,-0.6136840707638267,-0.6113800840277221
47.46,-0.5700864875403212,-0.594263128981631,-0.588022640479211
47.465,-0.563864121236718,-0.593100211515624,-0.5849122649392611
47.47,-0.5348575788093879,-0.5610671782604875,-0.5532869483698768
47.475,-0.5221088540379475,-0.55086124709255,-0.5525839098470943
47.480000000000004,-0.5851004479026697,-0.6095732497207307,-0.6109438759151478
47.485,-0.6226325986514489,-0.6498383150268124,-0.6494167860862549
47.49,-0.6496092722939153,-0.6812518981408904,-0.6802916189044775
47.495,-0.6650079401686793,-0.6887831345555365,-0.6858292006593184
47.5,-0.6606008161020889,-0.6825630779475474,-0.6816447615792579
47.505,-0.6789396654112613,-0.7043621840100085,-0.7023027026475547
47.51,-0.653401424356489,-0.6815810990044251,-0.6783889511143363
47.515,-0.6771469982661356,-0.7120110365696822,-0.7064548700690902
47.52,-0.6336934852197995,-0.6568392873017499,-0.6603377031744607
47.525,-0.6518481791767398,-0.6782298166950663,-0.6748361071456942
47.53,-0.638626703352904,-0.6638049161327321,-0.6642810871624536
47.535000000000004,-0.6498183694167686,-0.6745640046751155,-0.668116808872948
47.54,-0.6648965007204635,-0.6901905607990687,-0.6885568864549589
47.545,-0.6345195167879897,-0.6652647084768787,-0.6625397932666163
47.550000000000004,-0.6316662011502229,-0.6604342240751356,-0.6586145493662967
47.555,-0.6403103373350627,-0.6661255828681555,-0.6626424503076611
47.56,-0.545854692661981,-0.5761403500470715,-0.5752602660664495
47.565,-0.6340504427734677,-0.6628350056686736,-0.6576957379069581
47.57,-0.6529265865755683,-0.6799462250200027,-0.676461406630167
47.575,-0.6814196537425432,-0.6999149970415135,-0.6945031341575547
47.58,-0.7108370071620032,-0.7403303241336351,-0.7344909534185998
47.585,-0.7266080575829589,-0.7581952858675385,-0.748075460462863
47.59,-0.7450107252216833,-0.772618491080251,-0.765698222476336
47.595,-0.6970155843281965,-0.7211878470387741,-0.7203142897163215
47.6,-0.6652489143045308,-0.6896612308506173,-0.6896132719815928
47.605000000000004,-0.7327993322693201,-0.762225597383904,-0.753362121476675
47.61,-0.7266411385947958,-0.7518268114434992,-0.7499859963406547
47.615,-0.735629583131231,-0.7645519335886195,-0.7595345656926659
47.62,-0.6464143556832215,-0.6715931356212655,-0.6618071445040825
47.625,-0.6332092195525612,-0.6594360275152139,-0.6558402514308045
47.63,-0.6080670574927459,-0.6340876509827875,-0.632381694495433
47.635,-0.5699184222105675,-0.5990424509016783,-0.5900451669785685
47.64,-0.5346813507807415,-0.5562190324213769,-0.5560097095172586
47.645,-0.5627802889618239,-0.5904299641545491,-0.5833071264346554
47.65,-0.5326136761303052,-0.559361372605533,-0.5535581382914834
47.655,-0.5581651167120986,-0.5764349340605651,-0.5796292945007736
47.660000000000004,-0.5154656292251429,-0.539879358593753,-0.5376003681550418
47.665,-0.5369881728929526,-0.5588648733340188,-0.5553585016102619
47.67,-0.5145234977326942,-0.5406165201830746,-0.5382580643422961
47.675000000000004,-0.4218004553969322,-0.4519019192353432,-0.44825770802442744
47.68,-0.4330090353250159,-0.46081846329230225,-0.45762689083843505
47.685,-0.38362770362958665,-0.4128428950727935,-0.40705179313189205
47.69,-0.4409677915921189,-0.4702369342288489,-0.4686390810445489
47.695,-0.45431012826631156,-0.4822500575868172,-0.48540090052099466
47.7,-0.42672553387991224,-0.4489139528536827,-0.44336934843650694
47.705,-0.460269230699258,-0.48631045644077714,-0.4790835807235834
47.71,-0.4655023941997235,-0.4870734726227038,-0.4877457232426458
47.715,-0.4151773926456281,-0.43674935519565034,-0.4378853623542868
47.72,-0.4540306320237739,-0.47844021071374104,-0.4729907726877933
47.725,-0.3754662575893478,-0.40163653962558005,-0.4011611662861728
47.730000000000004,-0.41587832751701004,-0.4403559108706414,-0.44147114227573453
47.735,-0.4093907169819054,-0.432816276276972,-0.4273521489235445
47.74,-0.4027505818910099,-0.4286083588235601,-0.42344740911059353
47.745,-0.420180950580097,-0.4430714740497434,-0.4413488222648783
47.75,-0.3823707349397026,-0.4120918021808632,-0.4101470663768095
47.755,-0.31655646311118435,-0.348616316970792,-0.3404175040427269
47.76,-0.3452152500907942,-0.3813110689728172,-0.37625000110128404
47.765,-0.33011531415985435,-0.35408994105967506,-0.3517393584149147
47.77,-0.31574405730182326,-0.34515085310386107,-0.33850686233959343
47.775,-0.36191525697199517,-0.3903056119557135,-0.38627780019237073
47.78,-0.3208503160714782,-0.3538353820942796,-0.3427337798633308
47.785000000000004,-0.3219246531179715,-0.34632737894082805,-0.34577289414399087
47.79,-0.32364481430164993,-0.3468346553689017,-0.3454923271539428
47.795,-0.3148796065605228,-0.33426440448699035,-0.32916771616836105
47.800000000000004,-0.28345388958916684,-0.30585575355376643,-0.30621952147881215
47.805,-0.263897207333388,-0.28655610012161553,-0.2842431341023661
47.81,-0.2407957655351106,-0.27127969425307874,-0.2644831716390382
47.815,-0.2162532270270077,-0.24341616873460786,-0.2409394521044799
47.82,-0.2494534116923771,-0.2691008618559889,-0.2657083848091022
47.825,-0.24659901668136794,-0.269816699696536,-0.2708189652768691
47.83,-0.24702181331441742,-0.26789719917897326,-0.26870705059091504
47.835,-0.2888478276094319,-0.315968244911084,-0.3094778024832388
47.84,-0.23126966165919444,-0.2560251445309774,-0.2548480491666609
47.845,-0.2222043601759143,-0.24688787334525208,-0.24007962406935845
47.85,-0.20175804438004888,-0.2295179070383192,-0.22530003758320746
47.855000000000004,-0.20733748485980527,-0.23490921129345874,-0.22258348613015186
47.86,-0.17489909520899893,-0.19807241889292837,-0.19453542290386777
47.865,-0.16604268253403498,-0.1903774419405639,-0.1895311736950443
47.870000000000005,-0.18553168723330818,-0.21473779851002817,-0.20967455017999984
47.875,-0.1559050347063849,-0.18481315494146522,-0.18184394060996034
47.88,-0.10313947067829227,-0.12941567368209667,-0.12719402446746725
47.885,-0.08375017401382534,-0.11158991549407524,-0.11082759059077196
47.89,-0.11883649070638683,-0.14417447682145387,-0.14016969425580358
47.895,-0.09778047603819881,-0.1247589529511361,-0.11968331811178685
47.9,-0.07842356266018921,-0.10355019232363624,-0.09484165765464889
47.905,-0.12273684665032754,-0.14663194375774566,-0.14242824227995315
47.910000000000004,-0.09261300476692397,-0.11739851755975281,-0.11690427806250243
47.915,-0.09517474654747189,-0.11739414506435558,-0.11012323503244918
47.92,-0.08467765924340943,-0.10672207731487407,-0.10730627864408888
47.925000000000004,-0.07693602849352761,-0.1016657751974292,-0.09593724870843973
47.93,-0.11421118896572079,-0.14485930164588126,-0.14457363793994693
47.935,-0.0940728487788505,-0.1227314461472475,-0.1157040520418714
47.94,-0.11352210217307614,-0.1367563435533936,-0.1322141297292134
47.945,-0.08033101847961828,-0.10766506064367623,-0.10651910483189447
47.95,-0.0814313620061218,-0.10192997010539334,-0.1050787542831761
47.955,-0.11079755142458463,-0.13520595345785494,-0.13407785036508724
47.96,-0.16458768736462778,-0.19040935065647627,-0.18673704171750866
47.965,-0.12971264733703927,-0.15585492632792777,-0.15288509865850022
47.97,-0.1199189337452121,-0.14345788394726017,-0.13979406343041176
47.975,-0.13445368482488085,-0.15737485917169539,-0.15400999051321088
47.980000000000004,-0.17448600429299266,-0.203610388727032,-0.20255378803153065
47.985,-0.15035468761603557,-0.17301896357447388,-0.17017195726484596
47.99,-0.16217048742464255,-0.1907146078668296,-0.18337690708549628
47.995000000000005,-0.1773954989486837,-0.19699816679090354,-0.199769592333329
48.0,-0.13144588207447067,-0.155937019004921,-0.15553448351407306
48.005,-0.13059140423797277,-0.15714195413781618,-0.1526455806490456
48.01,-0.1829107557949406,-0.21525470398892152,-0.20498039320853373
48.015,-0.14982441193584506,-0.17887688025595946,-0.17540582802951543
48.02,-0.1085153188476777,-0.1348843929451427,-0.13300648946567112
48.025,-0.13848478655860036,-0.1641932915298862,-0.16813249977557795
48.03,-0.12354110148434244,-0.14960035190541743,-0.14840588873027544
48.035000000000004,-0.12491768724479307,-0.15183179450413767,-0.14780104548733108
48.04,-0.16424460287413695,-0.19580523890870483,-0.1943689448688383
48.045,-0.16559363316253617,-0.1919709083946805,-0.18965224284283727
48.050000000000004,-0.1065961385002937,-0.13298708535445383,-0.12872530917760047
48.055,-0.11199593104419783,-0.13766983363707805,-0.13516510967789191
48.06,-0.1222428461598547,-0.14309817448022483,-0.1433427390762465
48.065,-0.0825033977138818,-0.1105837213021884,-0.10369112233907049
48.07,-0.16029521675031821,-0.1892469584459287,-0.1883526316143615
48.075,-0.13381015126149148,-0.16230822121936977,-0.1597416419567846
48.08,-0.15259895433466167,-0.17779940535817107,-0.17227420223362744
48.085,-0.11217420124276128,-0.1399405425020528,-0.1325128610945759
48.09,-0.07812224627362138,-0.09687025956161308,-0.0989490967976395
48.095,0.005417874989827735,-0.01821382744392015,-0.016487660327927416
48.1,0.04485408545873865,0.02335719601569117,0.028502834055450916
48.105000000000004,0.03844015453535058,0.0204207519213252,0.01761133313193563
48.11,0.06926357759692633,0.04615138941947875,0.05020900887955862
48.115,0.042811575398895484,0.023591786711098125,0.022926637070467562
48.120000000000005,0.08359842898359011,0.05891087076575952,0.05921822099984991
48.125,0.037481623818712555,0.008298804708958605,0.011551635327776687
48.13,0.028084030789244676,0.009857166804344062,0.012002266243738836
48.135,0.019161526550329485,-0.001335815651407564,-0.0033940832251725265
48.14,0.07329873789996912,0.04542819809370012,0.04819503794471854
48.145,0.05140478505587835,0.01996712704772585,0.026864192136221605
48.15,0.0555103998787332,0.0315299976880351,0.02949578041236904
48.155,0.07720693668805777,0.049377607209019785,0.0544372232709307
48.160000000000004,0.04481096693306108,0.023280741478108588,0.02560177576479239
48.165,0.012979939360921853,-0.010797267290034811,-0.007235658752861678
48.17,0.09903366814333547,0.07388098175572408,0.07962068539564555
48.175000000000004,0.13510529884209324,0.11837598666459741,0.11243296353997564
48.18,0.19927976348356902,0.17810335784004688,0.17503217941590968
48.185,0.27160045292858653,0.2501473606375215,0.2472916783400218
48.19,0.2821364720522946,0.2655944198540375,0.26308608132885025
48.195,0.26727560432039843,0.23846326650402555,0.24251459550510257
48.2,0.24553626802461664,0.2264026803381306,0.22097204722527122
48.205,0.20710420179548344,0.19186916131367998,0.18783061058929562
48.21,0.1863047373121114,0.16923357438646533,0.16540577553594538
48.215,0.15806988931908672,0.13334829742016638,0.1315138626867876
48.22,0.12689017444546155,0.10183855356480259,0.09967093099621732
48.225,0.13043786223072895,0.11141336351786288,0.11325385835431123
48.230000000000004,0.14793337642646412,0.1294189743354248,0.12460006021727972
48.235,0.11252028981210219,0.0915485781499716,0.08421696440755008
48.24,0.11173345329497349,0.09668629782035042,0.09549408270735346
48.245000000000005,0.12917294070658059,0.10508478615817955,0.10716462592861344
48.25,0.13480682646383912,0.10779822741851212,0.11225930074065768
48.255,0.19653443835355855,0.16920848526585944,0.1730644414179286
48.26,0.20257390734397554,0.18165172141454064,0.18043308118282342
48.265,0.29694710168581584,0.27703646337954985,0.27410308454375454
48.27,0.25201874267263363,0.2255617086670263,0.22592710398189186
48.275,0.2149071119194567,0.19875950564127187,0.20190776534164523
48.28,0.19859295128111595,0.18348445120992946,0.17660818057684435
48.285000000000004,0.2668283092174987,0.24429314573989114,0.24288183808488112
48.29,0.19362466742342865,0.16748810610754913,0.17088407927344063
48.295,0.18588895781492987,0.1604393841655916,0.162302351424962
48.300000000000004,0.22460720599795514,0.2031592332944919,0.2056787380220806
48.305,0.19493535514352567,0.17167676643277616,0.1750256708285117
48.31,0.18079212737486947,0.1631541164943519,0.15888117863234327
48.315,0.17777031063179097,0.15631492101018632,0.16125881677442533
48.32,0.12770791817360247,0.10460069318938543,0.10704549396964212
48.325,0.10939397653793592,0.08526861340674757,0.08740092970748259
48.33,0.1480746690996154,0.12983411708544182,0.13205680799070554
48.335,0.07743775870388932,0.049858921624864584,0.05506311012700374
48.34,0.12187141546043116,0.0978075785513017,0.09988512298727284
48.345,0.1166229306771964,0.09455584244274029,0.10028158678068734
48.35,0.12214741127438011,0.09977852051459576,0.10563316614523287
48.355000000000004,0.10204279416400457,0.08160778709186817,0.0861458627404339
48.36,0.06881297149841445,0.041823854280933666,0.047733646914497656
48.365,0.06485995048962728,0.032294440059124296,0.035563547863610774
48.370000000000005,0.05331094506164573,0.025436861979621604,0.029057504748695978
48.375,0.02658512817827809,0.003955266070129897,0.00476854727434005
48.38,0.055810229757376255,0.029140973320681707,0.0318149880162399
48.385,0.05786929169397308,0.03197544996439901,0.034006131625938844
48.39,0.14358532605561466,0.12587676576753282,0.12786072605901627
48.395,0.1283537443719724,0.10212554491849933,0.1065543331812032
48.4,0.0878572341783326,0.06993100661566362,0.06262052075605824
48.405,0.04776761184584014,0.02299769430066997,0.027571942063423734
48.410000000000004,0.06473160686490897,0.040034921057003285,0.04276614104442544
48.415,0.029793248257624038,0.0037195668226420947,0.011820614168571955
48.42,0.027731854983221227,0.005276970906173088,0.007233631782044586
48.425000000000004,0.029886217647298128,0.0116938309175625,0.009796907313411696
48.43,0.013243282052902221,-0.01527629722337997,-0.006972110377741152
48.435,0.027491984741354544,0.008998940163838053,0.01373909389689263
48.44,0.008612979276319528,-0.010637922792645827,-0.011928481436571239
48.445,0.016748695082407082,-0.0036648149131158,-0.005544296390097715
48.45,-0.017491815094427546,-0.03739987788184206,-0.03677415080027984
48.455,0.017181258023576694,-0.007424329549734902,-0.0026762874293271626
48.46,0.06817487990679681,0.0456180369609567,0.047537298842885226
48.465,0.020967843049062976,-0.0061103306753186445,-0.007640668567536802
48.47,0.054500270704096715,0.03304873137102695,0.031745059598225024
48.475,-0.03952403706698034,-0.06463543208820308,-0.06356909760625615
48.480000000000004,-0.039039769883325005,-0.05920740752742926,-0.056516561025147016
48.485,-0.1065342553769982,-0.1315101175292102,-0.12894896587549529
48.49,-0.09467834847067663,-0.1144453292971895,-0.11995376707721711
48.495000000000005,-0.12653445960832632,-0.1583375595175399,-0.15663631782419343
48.5,-0.12139665603483177,-0.14188769651960806,-0.14735820494101637
48.505,-0.12881176567496688,-0.15109135765454024,-0.15203210234085468
48.51,-0.13119986101763292,-0.15347744694498133,-0.15487822468052317
48.515,-0.13567113371039777,-0.1601108881714724,-0.15799108808134885
48.52,-0.18374056874682182,-0.2107050094364647,-0.2070486899894296
48.525,-0.20720850359687235,-0.23027515194314951,-0.23046858020491257
48.53,-0.1582146881867073,-0.17939025520135382,-0.18246705801310817
48.535000000000004,-0.19946163351555815,-0.2202882499787075,-0.21780190738560865
48.54,-0.2536954277583149,-0.2742098631148327,-0.2720431220020322
48.545,-0.31530124639420115,-0.33547257677175835,-0.33469516593670756
48.550000000000004,-0.3201372516613457,-0.33808383225474437,-0.3347726816737892
48.555,-0.30994976595693524,-0.3334096546966228,-0.3316452627480164
48.56,-0.37361159477292966,-0.3910064459933423,-0.39518189293787864
48.565,-0.36187473847610124,-0.38522109095064655,-0.38177372701787343
48.57,-0.3099283478850137,-0.3363521727290991,-0.3377346012686597
48.575,-0.32075360569559863,-0.34297762724657394,-0.34613119335896086
48.58,-0.3454163425078414,-0.3645535006450064,-0.35988696996295194
48.585,-0.3454437434364325,-0.3720056843114251,-0.3676502693373808
48.59,-0.36223507571960556,-0.38200396060272307,-0.38333821054288914
48.595,-0.37174685819928144,-0.39338094497095943,-0.3886170333489302
48.6,-0.37553740725823376,-0.3999288732617794,-0.3995859265340205
48.605000000000004,-0.3925288786299743,-0.4121621589111943,-0.4115207393102873
48.61,-0.413797692141829,-0.4281667812808717,-0.4299474572447609
48.615,-0.39596545243341535,-0.4227382686784391,-0.4197084114488099
48.620000000000005,-0.340741957255804,-0.3603249802817629,-0.3605991468306314
48.625,-0.33727490441331154,-0.3533973240418731,-0.35344805310042104
48.63,-0.3774705952886661,-0.3966138025097143,-0.3966254311942464
48.635,-0.3818103155472353,-0.41015552419493223,-0.40596640910996806
48.64,-0.3301134279287122,-0.34666736446310453,-0.34770108414033796
48.645,-0.3118787375512298,-0.34002916105851116,-0.33742319383701663
48.65,-0.34317154411736783,-0.36380007200521497,-0.36430298532167715
48.655,-0.3030900416025717,-0.3284205771203444,-0.32391329598610136
48.660000000000004,-0.2521124565635138,-0.2653316421138597,-0.26794604719884924
48.665,-0.23136927442241242,-0.254199333443353,-0.2554916879929052
48.67,-0.16947584440782457,-0.1906326577889111,-0.18840507240217547
48.675000000000004,-0.18165795800272633,-0.2028105116321507,-0.19720675004674734
48.68,-0.11926461983935274,-0.1518589991264058,-0.14223876631457946
48.685,-0.06149154089206193,-0.07963812333268815,-0.07911253581043524
48.69,-0.038062811074101685,-0.06163231994035834,-0.05846263397012749
48.695,0.028200295375240762,0.006928400877642201,0.005940368293896178
48.7,0.03098912865504147,0.00895160116645692,0.005431422110125077
48.705,0.03419063999766992,0.008179780251687932,0.011922254101300161
48.71,0.032663176880862045,0.013691201933837441,0.01329730863338887
48.715,-0.024916713850378462,-0.052578632478272075,-0.044594969157916116
48.72,0.016179497383806394,-0.004551892529889939,0.005248837845656086
48.725,0.028193900231989165,0.006409151206344907,0.01071014485839099
48.730000000000004,0.07490803045578326,0.060707595035911256,0.06178863719628071
48.735,0.11126739825362576,0.09002439670036598,0.09278633638174842
48.74,0.10123414028796333,0.07794911048415705,0.08357289687616865
48.745000000000005,0.12799805633808406,0.10147137854042884,0.10782376735875904
48.75,0.1290844899340295,0.10511867384363698,0.11025767191238513
48.755,0.11008785719406779,0.08822988096356235,0.09076863001651063
48.76,0.10518744227933258,0.08261751267383126,0.08386013230041665
48.765,0.12950541857814163,0.10222581254858297,0.10811746882136108
48.77,0.14543692455721602,0.12872027815602266,0.13044602163345845
48.775,0.15330473101912984,0.1336502676827617,0.1258013827547242
48.78,0.17027978016071904,0.15074144006428833,0.15260816352257722
48.785000000000004,0.1626929075633839,0.13654507236200603,0.14255421201212373
48.79,0.2361931990488955,0.21238183090934068,0.21604664719881697
48.795,0.21993014833715413,0.2011561759732058,0.19745635562421632
48.800000000000004,0.22935086109368072,0.2090711018675007,0.20556504547242815
48.805,0.20091342572204815,0.18787753190237902,0.18834888539928515
48.81,0.2026966741701979,0.18152541670393188,0.17576698984002578
48.815,0.21633001630386026,0.1883000124261096,0.19819847237251714
48.82,0.16698579242302267,0.1407185356109363,0.146807670468198
48.825,0.1610505050340075,0.14433305028321464,0.1417266689292217
48.83,0.16885980298341347,0.1476956189391155,0.14695793697695247
48.835,0.08862124408950856,0.07476974982002146,0.0755021670220778
48.84,0.030159382772317653,0.007761834842849535,0.010117111673794922
48.845,-0.030903037103114282,-0.04643959904559071,-0.04083083028538061
48.85,-0.03678740495114686,-0.05993216813276014,-0.06093977961607713
48.855000000000004,0.011443591460928848,-0.009580878567838179,-0.011067597928835177
48.86,-0.02520315008566236,-0.04165187740518727,-0.044975983220347515
48.865,-0.07232464939958848,-0.09354888956491118,-0.09403885627841917
48.870000000000005,-0.05106568807594991,-0.07093756907676745,-0.06589056481128439
48.875,-0.07986748431179674,-0.10036608573438006,-0.09388316877675505
48.88,0.0005384501307172514,-0.01755806441051526,-0.014750401241274188
48.885,0.08200932110536913,0.06405573762472817,0.057331390430478836
48.89,0.08283640348927701,0.06632015815569961,0.06905366969024358
48.895,0.04452930105754574,0.029031039684737164,0.028485269609025192
48.9,0.07362491667586667,0.054700097693489616,0.05384975346490985
48.905,0.07052215258746841,0.05207028056442167,0.05022319238589049
48.910000000000004,0.0732978066251184,0.053931520066883946,0.051530529580532954
48.915,0.063729728516448,0.045344451080917794,0.04718572658866725
48.92,0.00915441605894656,-0.01091649185110444,-0.016492640783758117
48.925000000000004,0.0056122165631987755,-0.014339281240588055,-0.01535493821485446
48.93,-0.051128385302073795,-0.07176638660148468,-0.0712687494411907
48.935,-0.06238306909330527,-0.07765801456235732,-0.08176075901043518
48.94,-0.052833888408619085,-0.07639574033900833,-0.07865292346907037
48.945,-0.03582881235530237,-0.05168433675353771,-0.0559388309975533
48.95,-0.036054844125419365,-0.061527137927844665,-0.058767290695102316
48.955,-0.087267876939746,-0.10975013679827961,-0.108734174921092
48.96,-0.014101819802823896,-0.033867591952335734,-0.02513665618609317
48.965,-0.06677649787519377,-0.08581329404421358,-0.08523717479187178
48.97,0.006025639402449357,-0.013176147605938673,-0.015314988456521796
48.975,-0.06319976679318366,-0.0825742769697866,-0.08479343330950034
48.980000000000004,-0.0024053573646237395,-0.026556387413818473,-0.02644405410519142
48.985,0.04372217120355789,0.026788765763583,0.019954182280948477
48.99,0.081636290209954,0.06223012922025242,0.06023880408046736
48.995000000000005,0.10441671687357262,0.08671877469474193,0.08488196151878317
49.0,0.15097208058942765,0.1256930677654041,0.1346005917281886
49.005,0.12501674444268399,0.1104723801650207,0.10893200653963665
49.01,0.18941773985448684,0.1668486850225734,0.1651398646299807
49.015,0.22428850231819963,0.2094519745464991,0.21022744135720553
49.02,0.21512105981683674,0.19563986160403107,0.19494631932763387
49.025,0.12667898310494247,0.10828687601672267,0.10737267697449465
49.03,0.10615006367298935,0.08876687682785209,0.08652877842282687
49.035000000000004,0.12704805914980896,0.10226930340526884,0.104272294061287
49.04,0.14211633905498613,0.12113667816151769,0.1261375813906001
49.045,0.09197970818046426,0.07677325043193241,0.07341884547598111
49.050000000000004,0.11066240286786516,0.09361006605027411,0.09337857896691341
49.055,0.06157837218216415,0.04866528847661708,0.042700730463816866
49.06,0.07361593576832634,0.0552405471391459,0.05768269389594936
49.065,0.08449517426201936,0.06075951335829725,0.062427758570971124
49.07,-0.01722898837966164,-0.040467386647491166,-0.03420585098248898
49.075,0.03393525311658709,0.01963927596796031,0.017297719900338324
49.08,0.04651320737634692,0.02775173500560667,0.029365242309048502
49.085,0.06661642818731008,0.04481952951542543,0.04631599541293646
49.09,0.0845354560415109,0.06446371942383819,0.06533905715249834
49.095,0.06826685293687275,0.0507431415740635,0.052671127494704796
49.1,0.03499517869936616,0.016555145825126162,0.022169907444134357
49.105000000000004,0.027741527986170474,0.012404700135282418,0.015477838090627635
49.11,0.01988131552688282,0.003085095421770055,0.009971879252959358
49.115,0.003513266910426093,-0.014138480060255691,-0.01600023065613387
49.120000000000005,0.030830409283534067,0.015955976401112865,0.012937045594658752
49.125,0.02535514559196009,-0.0028770966374165323,0.001102120028353872
49.13,-0.05907376677769241,-0.07638784019242938,-0.07378253114534497
49.135,-0.07374150574587528,-0.09416426950801976,-0.09127719430500172
49.14,-0.06681192076365738,-0.08353945234826259,-0.08313136339984004
49.145,-0.07077872589294777,-0.08838958077755855,-0.0887499713755419
49.15,-0.07386923397734906,-0.09070183070430299,-0.08375573996082582
49.155,-0.02843073481387276,-0.04536686518042303,-0.04825175479430505
49.160000000000004,-0.02585448049625344,-0.04546687629144069,-0.03807266829910052
49.165,-0.03802258432466236,-0.05527564009222685,-0.057862882712912476
49.17,-0.10976180276992914,-0.12903025938882406,-0.12417878062153351
49.175000000000004,-0.12381866365668048,-0.13748613230889178,-0.13833421136854787
49.18,-0.12453452685194111,-0.13390551297047046,-0.13903097399586395
49.185,-0.15550951976944097,-0.17297634591699437,-0.16785592104781713
49.19,-0.1530294575967917,-0.16567910976722627,-0.1698977413156587
49.195,-0.1560186400102001,-0.1784641787964277,-0.16814784622765094
49.2,-0.14138209858867162,-0.16093884645948897,-0.15584617560622802
49.205,-0.12586985367802042,-0.14510909035803132,-0.14074899948940628
49.21,-0.19157039730649472,-0.2057837664461645,-0.20435216898068642
49.215,-0.2042166745337474,-0.22511347256537823,-0.2238343602726468
49.22,-0.19323968578600928,-0.20787453233401287,-0.20934892465090255
49.225,-0.22217246733213308,-0.24879184101473067,-0.23853759767245625
49.230000000000004,-0.28074923867263035,-0.3045419164715342,-0.3018994429828457
49.235,-0.2604774504506758,-0.2733737810890623,-0.27663209674862926
49.24,-0.26219299998599843,-0.2816248121331356,-0.2769292474555717
49.245000000000005,-0.23055209446386563,-0.24940054669623482,-0.24287557545156396
49.25,-0.3306129238378895,-0.3475871583411984,-0.348100693395097
49.255,-0.3622935602242259,-0.3782269272104431,-0.3771695679408167
49.26,-0.30759403906740496,-0.3249218737468158,-0.324951246032422
49.265,-0.37370974969271525,-0.3902686461689672,-0.3935354853336027
49.27,-0.3909713108623315,-0.40602686526240206,-0.41112164019538006
49.275,-0.3688525211959543,-0.38587322961344894,-0.3847997733664002
49.28,-0.37341216118197684,-0.38494229259017354,-0.39004736241682897
49.285000000000004,-0.3443566342662784,-0.36035382901727275,-0.3605842954220942
49.29,-0.3441976399063538,-0.35637610742878995,-0.3577648210711748
49.295,-0.34484278507679555,-0.36105375895941133,-0.3644893278855941
49.300000000000004,-0.36251595885166543,-0.3756277987246929,-0.3798385287213257
49.305,-0.36359939093070404,-0.37579926081087445,-0.3716864812303284
49.31,-0.32021355581543764,-0.34022990591390234,-0.3363287362452104
49.315,-0.2912314237670513,-0.31018772948201084,-0.31126468536986346
49.32,-0.24472245724866082,-0.26021895245367244,-0.2585137110631233
49.325,-0.2102092298151602,-0.22916134270185565,-0.22360813604641908
49.33,-0.2534514564045894,-0.27055569822961373,-0.2608713504401363
49.335,-0.26655046378908204,-0.2846192767350145,-0.2872178571102349
49.34,-0.2091804376168618,-0.22727332271647954,-0.21731510845037014
49.345,-0.24141014204723765,-0.2493302352361319,-0.2525250294511881
49.35,-0.24746360165843456,-0.2610998278806293,-0.26051859032686653
49.355000000000004,-0.26127755047710627,-0.27527586967426276,-0.27608841079451113
49.36,-0.21684534858519638,-0.23632374728901023,-0.2311834834593303
49.365,-0.21602420136206515,-0.22985613631822777,-0.2255250930207554
49.370000000000005,-0.21127852719066378,-0.22863854090200092,-0.23020643653283565
49.375,-0.23650658026157378,-0.24461809563026385,-0.24744822709685238
49.38,-0.24095891290566518,-0.2538173749632794,-0.25558256884580466
49.385,-0.28481985334757337,-0.2967793449989466,-0.29911981751495165
49.39,-0.32173033240787663,-0.33197753124611473,-0.3337844976105983
49.395,-0.3137992019291299,-0.3338903647864426,-0.32991685436656665
49.4,-0.32669672319429466,-0.34875962241025055,-0.34861367423433814
49.405,-0.3457757948903491,-0.36068918652889426,-0.3628917686658269
49.410000000000004,-0.34930604213711,-0.36233161430982136,-0.3642565026749885
49.415,-0.3425406228479605,-0.3552970174681127,-0.3540191804187192
49.42,-0.28003098897737677,-0.2962305768071474,-0.2964412673078238
49.425000000000004,-0.30673742162369383,-0.31387760110405377,-0.3221952735918532
49.43,-0.287886880480916,-0.29663789918503775,-0.2997000611436062
49.435,-0.33262731162289627,-0.3473886717539327,-0.35076293720024593
49.44,-0.3527209972173829,-0.361285512382076,-0.3665836407786234
49.445,-0.26792801938336863,-0.2842031659960203,-0.2796556863520615
49.45,-0.2672346334722581,-0.2807080640726682,-0.2803083808035359
49.455,-0.31466166858158634,-0.32698978205203183,-0.32977069121970837
49.46,-0.259839958130504,-0.2686440702683621,-0.2724204845199282
49.465,-0.224967440142087,-0.23861124601822034,-0.24266389338693153
49.47,-0.20001738935031646,-0.21097935380626257,-0.217146404874755
49.475,-0.1671298993491661,-0.18361574111932777,-0.1842612908807651
49.480000000000004,-0.14646930371150868,-0.16453787863852476,-0.15670912980798368
49.485,-0.13150349570354414,-0.1437181764724732,-0.14601994622612133
49.49,-0.15696602153866454,-0.17502312678764403,-0.1690801418917918
49.495000000000005,-0.18745910391920576,-0.19975168102278504,-0.1997002883109567
49.5,-0.14835435849700965,-0.15433573437500467,-0.15945218470367237
49.505,-0.21384051462046202,-0.22628217084386315,-0.2272728167048362
49.51,-0.2049807933039118,-0.22089700407444535,-0.21994506880118173
49.515,-0.22536116881557666,-0.23985638828015385,-0.2394542707632293
49.52,-0.29900909508389023,-0.3100316599656019,-0.31227737595896854
49.525,-0.24434721051179156,-0.2539982914513038,-0.2526384061540641
49.53,-0.30193481466852445,-0.31282207812371177,-0.31217694477210356
49.535000000000004,-0.31761950258546473,-0.3354797369703045,-0.3366329687833041
49.54,-0.3896974304294214,-0.40032743959490363,-0.4024055966786796
49.545,-0.45086832646974956,-0.46566047201841876,-0.463656414175266
49.550000000000004,-0.48323574675640607,-0.4962109665602891,-0.49369498635888587
49.555,-0.4783872691973381,-0.4837848657506142,-0.4949488027411366
49.56,-0.5097866926865423,-0.525302587378959,-0.5237411352737371
49.565,-0.5552520620631046,-0.5704934370361903,-0.5662655174864407
49.57,-0.5910205171811027,-0.6069942419200304,-0.6055946239822797
49.575,-0.5852223340871553,-0.5960693293365231,-0.5957454543018635
49.58,-0.6121134139778255,-0.6211644966805692,-0.6220481942633092
49.585,-0.4942689162119114,-0.5052826222925728,-0.5088804242862058
49.59,-0.5015970754337823,-0.5151724076925112,-0.5132973765423832
49.595,-0.42424229390979923,-0.442178455223307,-0.4458591587422073
49.6,-0.40778325123075576,-0.4307420050317472,-0.43003385075775175
49.605000000000004,-0.37578537202114465,-0.39665672865889323,-0.39325728047803404
49.61,-0.3595173286901441,-0.3681856666771895,-0.37085206275023347
49.615,-0.3442325261283488,-0.361845593821173,-0.3548907901961022
49.620000000000005,-0.38251600402921937,-0.396225122930998,-0.401800466403854
49.625,-0.3823325212919486,-0.4006609695130471,-0.3958400141718427
49.63,-0.3938374044504693,-0.4072175391196741,-0.40948644066248163
49.635,-0.4063741435780098,-0.4190664369529407,-0.42313675151885594
49.64,-0.39751255822019804,-0.40941540253300956,-0.4099681621254234
49.645,-0.3690550073467855,-0.38742581379019436,-0.3829750366672209
49.65,-0.3372390305509393,-0.3383669754090407,-0.3463635279215014
49.655,-0.40062820461589066,-0.4181512739491195,-0.4158876171885669
49.660000000000004,-0.42373094032402303,-0.43162105848679494,-0.43684993805787625
49.665,-0.389838765399712,-0.40514265511262537,-0.4078506118523455
49.67,-0.37347783853090327,-0.3905757185569787,-0.39034259058375015
49.675000000000004,-0.3609572940419254,-0.3766891761116067,-0.3763493895171871
49.68,-0.3797504503615117,-0.39565207603576347,-0.39404851412665426
49.685,-0.36749588587725235,-0.3855047057734516,-0.3841072536307808
49.69,-0.4105176417198643,-0.42410890710363575,-0.42671813223952954
49.695,-0.40111298855321853,-0.4101074180550865,-0.40914020555418706
49.7,-0.3971454717506169,-0.4092255337314892,-0.41222870015512525
49.705,-0.3721534280632623,-0.3838353643496465,-0.3839282419466741
49.71,-0.30376560432353394,-0.3145634307002964,-0.31499865468161364
49.715,-0.32329629369467977,-0.3369547316962046,-0.3378731442344733
49.72,-0.31882790072952955,-0.33522543171148844,-0.33858063281895556
49.725,-0.2975419616663799,-0.3137880079552568,-0.3130445558982845
49.730000000000004,-0.315370924108702,-0.32938616779172614,-0.3281233696742777
49.735,-0.311848010335184,-0.32020815113315526,-0.328634860484819
49.74,-0.3044970357004714,-0.3228558798214175,-0.3219361858271315
49.745000000000005,-0.2498185842402352,-0.2640479605346837,-0.26592719867566084
49.75,-0.28592749057100364,-0.2980193670296209,-0.3003631392162789
49.755,-0.2983990471282161,-0.32274333812748274,-0.31919867141486413
49.76,-0.29418949185028254,-0.3060423688556145,-0.31330199857555574
49.765,-0.3029857583834424,-0.3229790946620378,-0.3216281287483344
49.77,-0.325609135486179,-0.33638343621444144,-0.33922344152404227
49.775,-0.3265798036899366,-0.3478968092520112,-0.349320238337832
49.78,-0.3553885845872368,-0.3697840708004139,-0.3699672987688629
49.785000000000004,-0.33428221852573703,-0.35007221748482814,-0.3586132986160137
49.79,-0.37200242962394847,-0.3808676460461756,-0.3862247440631452
49.795,-0.3754504538208903,-0.3873605461598209,-0.3895373620353094
49.800000000000004,-0.3858802784410513,-0.40549930213051993,-0.4047626907638205
49.805,-0.4002409025327448,-0.41599923222992935,-0.41626085630094595
49.81,-0.378980499544684,-0.39731089774665235,-0.40022825189682143
49.815,-0.42649656180508655,-0.44836282023103885,-0.443644561044585
49.82,-0.42338963744251584,-0.4369066704690293,-0.43766061148113666
49.825,-0.47585822513690046,-0.49017727147891144,-0.48991386833445316
49.83,-0.49080346143316483,-0.5060446435779071,-0.5137189186484313
49.835,-0.47634830466226563,-0.4882742097377457,-0.49208533575903823
49.84,-0.4429474623538678,-0.4547807944945623,-0.45344147185586126
49.845,-0.42158438586794944,-0.43854025782335126,-0.444299070131569
49.85,-0.4272835579484928,-0.4399734441910545,-0.44231370465811554
49.855000000000004,-0.4458466802362669,-0.46345141432944353,-0.47092218657160856
49.86,-0.4493693176684998,-0.46370288168998663,-0.4632649778815719
49.865,-0.4604029474046447,-0.46857618178177546,-0.47483395334932094
49.870000000000005,-0.4695374097153664,-0.48064146005900205,-0.48471015596458034
49.875,-0.5589162325327852,-0.5684558794984199,-0.5704682261579888
49.88,-0.5931933737078389,-0.6066144111603993,-0.61223965417707
49.885,-0.5701240383405739,-0.5821145570725812,-0.5796535043885406
49.89,-0.582784124032562,-0.5917236822216543,-0.601956638489605
49.895,-0.5404680866217729,-0.5534613406225601,-0.5532151800643156
49.9,-0.5139568303358835,-0.5166914954062669,-0.529400627446708
49.905,-0.556617253162899,-0.57316567397263,-0.5721486406424475
49.910000000000004,-0.5264706093828525,-0.5376997665360767,-0.5352034657145789
49.915,-0.5015168764130673,-0.5136184054629853,-0.5177603636363828
49.92,-0.49683994256414726,-0.5107565616667896,-0.510833310256185
49.925000000000004,-0.5484095248467773,-0.5656470517341019,-0.5656030794321514
49.93,-0.5275055237363453,-0.5411251498897037,-0.5451360478144506
49.935,-0.514114920754251,-0.5297732419730412,-0.5325879764616387
49.94,-0.531005284309972,-0.5467164798934899,-0.5495799501528718
49.945,-0.5263157284503853,-0.5460069908734174,-0.5428999966659201
49.95,-0.5792088092985908,-0.5921212249890054,-0.5976028315420432
49.955,-0.5719657032396529,-0.5800367578426554,-0.5815308838291611
49.96,-0.5811151317335211,-0.5969393829003394,-0.5964219838663127
49.965,-0.544593961433197,-0.560359079567855,-0.5582843758926999
49.97,-0.6037555765973222,-0.6144852801091698,-0.6202521609537108
49.975,-0.640674817382755,-0.6548397497189927,-0.6652151480518126
49.980000000000004,-0.667166472282114,-0.682550734850638,-0.6867450460435569
49.985,-0.7259272298678926,-0.7393908930254687,-0.7415704072972426
49.99,-0.6928612011998877,-0.7110951245123678,-0.7126702354707769
49.995000000000005,-0.7350152614859958,-0.745395164576336,-0.7513060976793209
50.0,-0.686788631855854,-0.7019004220906486,-0.702574811396026
50.005,-0.644353551075069,-0.6584405431901467,-0.6669768110121402
50.01,-0.6766721736290566,-0.6870800133244286,-0.6923011815675723
50.015,-0.6591233872577191,-0.6759299431377327,-0.6772648162914805
50.02,-0.7154547057423841,-0.7305783355723701,-0.7345663867296752
50.025,-0.7829782512947773,-0.7990690011506556,-0.8024612026600688
50.03,-0.7446001894462492,-0.7584823885952322,-0.7662911387857572
50.035000000000004,-0.7243003273488615,-0.7294321058988612,-0.738714042863175
50.04,-0.6958773028579327,-0.7036189597254898,-0.7122956666566742
50.045,-0.696448547369258,-0.7135458333306917,-0.7164973976662741
50.050000000000004,-0.6586648071937096,-0.6746338996509735,-0.6765901686448298
50.055,-0.6595599477129936,-0.6713162532301067,-0.6781736489216486
50.06,-0.6409197909329694,-0.6518850799321315,-0.6612437241300616
50.065,-0.6432018185697055,-0.6582675925887058,-0.6617834363008107
50.07,-0.5966003940874949,-0.606766800292631,-0.6125623890558345
50.075,-0.6106525702831349,-0.6264038053926457,-0.6293217410582992
50.08,-0.6401601406399153,-0.6532154803843587,-0.6608537986591689
50.085,-0.6842445270587749,-0.7016473049374385,-0.6993581848530469
50.09,-0.7432731099162558,-0.753001066837332,-0.7575257021418835
50.095,-0.7358597928523176,-0.7506932150092984,-0.748281456053561
50.1,-0.7609100820976576,-0.772264547099455,-0.7736192058537285
50.105000000000004,-0.782368313940686,-0.7947593363497005,-0.794066027034788
50.11,-0.8031696568746975,-0.816443897368197,-0.8174770085120662
50.115,-0.7759458373485641,-0.789314182804231,-0.7909062998396421
50.120000000000005,-0.7973289761593734,-0.8118253294851225,-0.813655859990056
50.125,-0.8351266257847471,-0.8421568400193238,-0.8541675236669526
50.13,-0.8464587133228374,-0.8523658574505982,-0.8577425905031019
50.135,-0.8659363801402961,-0.872137686655589,-0.8718057786594254
50.14,-0.880078620487899,-0.8888037897010337,-0.8951145284316366
50.145,-0.8610239851363155,-0.8765727110624605,-0.8769930219866532
50.15,-0.8463785865094495,-0.855016455490489,-0.8608178608101038
50.155,-0.9256406407813084,-0.9442722607798986,-0.9421592837515572
50.160000000000004,-0.8736994151617744,-0.8826206333342528,-0.8886415192546764
50.165,-0.8551791816102963,-0.8708179437523748,-0.8758351575269705
50.17,-0.9120875056077082,-0.9274024625469425,-0.9258305807971252
50.175000000000004,-0.9294183304036987,-0.9356409934900749,-0.931943992654482
50.18,-0.9613197054932933,-0.9702786559088136,-0.9724339972437279
50.185,-1.0239533924052098,-1.0349623405145767,-1.0431871298883428
50.19,-0.9898360770532211,-0.9993958888615687,-1.003172611868941
50.195,-0.979582940367188,-0.9907955915392647,-0.9952255118116945
50.2,-0.9916419412039004,-1.0056245914597413,-1.0047056340814815
50.205,-1.0065407522705934,-1.0246063450818208,-1.0207381705224636
50.21,-1.0326691557110879,-1.0435576399514825,-1.0477883771966452
50.215,-0.970663446776413,-0.9878407758113121,-0.9931684867278735
50.22,-0.9705023619008605,-0.9767929980228284,-0.9833251353220595
50.225,-0.9283948319301574,-0.9332130598755696,-0.941038623902685
50.230000000000004,-0.9159173444612544,-0.9270518283116805,-0.9321302608532401
50.235,-0.9148062190370555,-0.9164839008892363,-0.9219514044232882
50.24,-0.9086498907663315,-0.9156818477832229,-0.9223528659094187
50.245000000000005,-0.9137626543599703,-0.9262043638269164,-0.9284500947929811
50.25,-0.9361285689158227,-0.9532684561395242,-0.9484214430109266
50.255,-0.8796810726852441,-0.8899994132899249,-0.8923956092599656
50.26,-0.9164895566354869,-0.920674562259563,-0.9321375774524322
50.265,-0.9069205016527727,-0.9164060429220944,-0.921314540527532
50.27,-0.9101835855798438,-0.9254209232188892,-0.9335845659580778
50.275,-0.8678601644958502,-0.8787710301933487,-0.8804341224831126
50.28,-0.8955453202913235,-0.9059284166018392,-0.9049554850854917
50.285000000000004,-0.8867012456348872,-0.8937284213966963,-0.8961228897500814
50.29,-0.9253895461601968,-0.935416707758753,-0.9359244263409401
50.295,-0.8239613000874808,-0.8323235083503466,-0.8378368435686099
50.300000000000004,-0.8321140305236361,-0.8436644982505725,-0.8457901747324433
50.305,-0.8484652349974545,-0.8566832936493541,-0.8629031581248647
50.31,-0.8378839809749083,-0.8448788900458961,-0.8480568413783461
50.315,-0.8559234397403493,-0.868380343941436,-0.8711660829074406
50.32,-0.7956864924569017,-0.8064050644977988,-0.8047479237235022
50.325,-0.779163250850993,-0.7875546348427623,-0.7932100755821536
50.33,-0.7232535372577258,-0.7326605760596778,-0.7329231745629002
50.335,-0.7548781832024603,-0.762169806002908,-0.7665112862674619
50.34,-0.7570760873446303,-0.7717662380568825,-0.7702547285916573
50.345,-0.7408749106683554,-0.7604107233474986,-0.7602218518400462
50.35,-0.7456430075389281,-0.7584637639787895,-0.763989280615277
50.355000000000004,-0.7496607726111341,-0.7611192871015238,-0.7625456017599599
50.36,-0.7477225036833904,-0.7585313303182725,-0.762259350006341
50.365,-0.7472934028050903,-0.7484492105962026,-0.7539499869723674
50.370000000000005,-0.7824744428456,-0.7951868885772878,-0.7967228818205232
50.375,-0.7376693171936188,-0.7395442219097581,-0.7453100342453742
50.38,-0.6603019548512958,-0.6740101590521337,-0.6819030808184476
50.385,-0.6321171331116492,-0.6475039395237083,-0.64695663069474
50.39,-0.6521314693867989,-0.664686937208378,-0.6631988622791631
50.395,-0.6474979686656951,-0.6542689851986003,-0.6580305308533226
50.4,-0.6139911707838744,-0.6199832201208602,-0.6169802867051756
50.405,-0.5900330814408035,-0.6008417469325567,-0.6004059375364317
50.410000000000004,-0.5228464220786521,-0.5407168075210388,-0.541981676266704
50.415,-0.5735116306883601,-0.5868286040937193,-0.5834041260146887
50.42,-0.592651369961038,-0.6064412235605178,-0.5987450937127426
50.425000000000004,-0.5522823395270846,-0.5577926730414489,-0.5589791425942634
50.43,-0.5059411802203252,-0.5233920034087138,-0.5241210348332085
50.435,-0.49136276148730246,-0.5059427104666431,-0.5056769944120468
50.44,-0.4701251038487177,-0.4766516540447421,-0.4780886596612915
50.445,-0.43613078770884095,-0.4474094546014823,-0.448156978740556
50.45,-0.4703977949021604,-0.47500340605834274,-0.4778926827697274
50.455,-0.5149111566389001,-0.5263068397152202,-0.5282994600689971
50.46,-0.46761882938565746,-0.4794456088472971,-0.47992224901660496
50.465,-0.4770246472794996,-0.4869668063237191,-0.4879722284757277
50.47,-0.4540025137270712,-0.4667387439902233,-0.4734545762011244
50.475,-0.4232785260077404,-0.4336295599630174,-0.43774918413173136
50.480000000000004,-0.4443235461219161,-0.4590946141938141,-0.45890899481888675
50.485,-0.4285595594972053,-0.44256541939038707,-0.4424291820232068
50.49,-0.4491448735234143,-0.4693324352727338,-0.4705118340218081
50.495000000000005,-0.5039966596672982,-0.5150039153666518,-0.5175180758773517
50.5,-0.5104756682179427,-0.5252460767473757,-0.5255589201284228
50.505,-0.5353531148352343,-0.551014956797166,-0.5436486870799
50.51,-0.5700131122763944,-0.5854855082110392,-0.5867985640716219
50.515,-0.5800783812486071,-0.593537284081088,-0.5935260944294339
50.52,-0.5525092827975436,-0.5676526747106102,-0.5660414113930111
50.525,-0.5149945034903372,-0.5251646517389769,-0.5270959014344009
50.53,-0.5455874359053767,-0.5587707762264227,-0.5607121548729905
50.535000000000004,-0.5419731391717464,-0.5501761067472012,-0.5524324038898216
50.54,-0.5767477074043017,-0.5883807337431306,-0.5877554392704256
50.545,-0.5053840879343832,-0.5190904358122815,-0.5268339970457631
50.550000000000004,-0.5757441603004436,-0.5921722166201431,-0.5961180059193482
50.555,-0.5960192700965198,-0.6067465087875982,-0.6074319046589018
50.56,-0.6372080314038508,-0.6561953385582097,-0.6504958158413232
50.565,-0.6098098603609095,-0.624946902812824,-0.6192618319380782
50.57,-0.6530464664996083,-0.6621414701899718,-0.6606015333940048
50.575,-0.7301979660414786,-0.7401147481648771,-0.7417024071783017
50.58,-0.7596838490841392,-0.7723359233487486,-0.7772883848065933
50.585,-0.7665924247680316,-0.7704131137681006,-0.7778547727539131
50.59,-0.7991341350611405,-0.8167071716087395,-0.8166578775531296
50.595,-0.7370665643009481,-0.7502738047961626,-0.7502011837590304
50.6,-0.7092608011430771,-0.7182953235966962,-0.717743447511136
50.605000000000004,-0.7033010561694478,-0.7175590120413262,-0.7173897010998282
50.61,-0.6925558814698021,-0.7011524341727157,-0.7060710628077083
50.615,-0.7201308287296477,-0.7348825859717739,-0.7356988843776194
50.620000000000005,-0.7373702119000222,-0.7416837084602768,-0.7441670235475242
50.625,-0.7357923961528118,-0.7488051801971081,-0.7416923635255183
50.63,-0.6866807225795555,-0.6978703427746521,-0.6973552160228527
50.635,-0.6744603198388996,-0.69072150074014,-0.6896120360838255
50.64,-0.6525715290854984,-0.6707947190410615,-0.6720493117720507
50.645,-0.6370993245328427,-0.651793805777145,-0.6530655152000117
50.65,-0.6486636605589845,-0.6633293468181888,-0.6669173767823028
50.655,-0.6755105377740097,-0.6842031444286134,-0.6861221235345225
50.660000000000004,-0.6393818980050714,-0.6549690530801171,-0.6546229053620428
50.665,-0.6493376252202774,-0.6595433035793022,-0.6590633116887938
50.67,-0.6060318651720494,-0.6085573088555303,-0.610856769923157
50.675000000000004,-0.6533901848337573,-0.6698440195282377,-0.6665267449002898
50.68,-0.6512886486866349,-0.662670848947243,-0.6619920767161125
50.685,-0.5926170623889988,-0.6120600714817629,-0.6046916512827295
50.69,-0.5659910955008809,-0.5791871675182656,-0.5811196410203198
50.695,-0.561516462131015,-0.5727704523859602,-0.5744743258449774
50.7,-0.48672158401849547,-0.5005853233521542,-0.502369566904032
50.705,-0.5461992528463829,-0.5607359436375634,-0.5632429542963191
50.71,-0.5328783682221365,-0.5481327852676698,-0.5410467088343227
50.715,-0.4999647681151247,-0.5115184644785022,-0.5125128591453997
50.72,-0.48866553293376547,-0.5020540794993926,-0.5036984165145219
50.725,-0.45666703372501344,-0.467389794771921,-0.47214855194333855
50.730000000000004,-0.4296030032582366,-0.4412501712131408,-0.4436130528512285
50.735,-0.44637595888088827,-0.46603357776085896,-0.4636271276443494
50.74,-0.4828030507472444,-0.49549198229884533,-0.49948482671663275
50.745000000000005,-0.49257456762739127,-0.5062723209361577,-0.5086619925723822
50.75,-0.4931929788570616,-0.5053105951699971,-0.5013606612605952
50.755,-0.4551358546767639,-0.4694069233719367,-0.4710091119127222
50.76,-0.4096023422649972,-0.42633741353015153,-0.4249432353455217
50.765,-0.36039389166106683,-0.37420402690963783,-0.3745285923704691
50.77,-0.3422247995649939,-0.3575746554675613,-0.352058268259286
50.775,-0.3639100014807128,-0.378638088347986,-0.3816273829850971
50.78,-0.3594581433097504,-0.37324089531669175,-0.3706144662456364
50.785000000000004,-0.40143990521372724,-0.41711687199874903,-0.4153292943765571
50.79,-0.4316776133912186,-0.4413081662933742,-0.44520120617340564
50.795,-0.42837766975835706,-0.4384103125586268,-0.44257932028817687
50.800000000000004,-0.4464147574547689,-0.4575957185530175,-0.46299075782249877
50.805,-0.4334055699000279,-0.44343938119475346,-0.44438024020337685
50.81,-0.4295129013966978,-0.4373823777298389,-0.44154693656074606
50.815,-0.44350932884964694,-0.4551934334834702,-0.4475474344116962
50.82,-0.4460359051945886,-0.4593251396299748,-0.45587706434406483
50.825,-0.4834806176344686,-0.49281661151094447,-0.49363940111740806
50.83,-0.38204416626368864,-0.38971245274169003,-0.39387927948485163
50.835,-0.40390907264963466,-0.4146370274837334,-0.4172816671219357
50.84,-0.373465152981716,-0.38256723941765697,-0.3876234398415532
50.845,-0.35958242282563724,-0.3706229620913412,-0.3732416296023111
50.85,-0.39891789742186295,-0.40634927714360847,-0.4104411997606703
50.855000000000004,-0.4002136812880582,-0.41264218731621216,-0.41099822261753316
50.86,-0.39447226312714934,-0.4015684380174518,-0.40522495674581327
50.865,-0.4155955885113422,-0.4237378399247745,-0.425701123150662
50.870000000000005,-0.38639577655260127,-0.4053407769185626,-0.4035596620936896
50.875,-0.3338518562236268,-0.3384347572624442,-0.34219517061398114
50.88,-0.3368121532486334,-0.34471199886267806,-0.35000068897340725
50.885,-0.2907036792483103,-0.3020814412377188,-0.30812107010464235
50.89,-0.23230992132785713,-0.24520735556628412,-0.2491339910157932
50.895,-0.19764791362162773,-0.2034828738082132,-0.2102342044048416
50.9,-0.18053274009720796,-0.19067219398969293,-0.19453233323423777
50.905,-0.19617139030588823,-0.20499476986272147,-0.21107370737903036
50.910000000000004,-0.21851494551920408,-0.23170402200826695,-0.23470711863420265
50.915,-0.19275279892467798,-0.20660376753353038,-0.20987758301697293
50.92,-0.1496438903459108,-0.15074327114973857,-0.16784707480510333
50.925000000000004,-0.1392021859046899,-0.1480893765759633,-0.15179048907454407
50.93,-0.16040590956177983,-0.17174851987041265,-0.1782085182775874
50.935,-0.15173250359639293,-0.15409294287077965,-0.1628939614524724
50.94,-0.15965860249089017,-0.16737208978435636,-0.1784700808521493
50.945,-0.14509838147112972,-0.1537035138051868,-0.15974054350274533
50.95,-0.08355220424909084,-0.0896323514377023,-0.10006601046549093
50.955,-0.061282988148075035,-0.07711013990588834,-0.08758116565865805
50.96,-0.046616168840805654,-0.054775644927305654,-0.06184769686910995
50.965,-0.05426924560419492,-0.06467126810421372,-0.07526116642166214
50.97,0.004728136299582892,-0.005555259695608979,-0.011392258930727723
50.975,0.021658399208307647,0.011287940075285982,0.0043917911974308745
50.980000000000004,-0.025026626912304752,-0.03655190748956478,-0.04662994003100139
50.985,0.03683704805948649,0.02178229031111625,0.023313944414953488
50.99,0.1212022688744666,0.11288281945465464,0.10246532298090172
50.995000000000005,0.19285152649202897,0.18207939531982245,0.17715270282848627
51.0,0.15402129847556803,0.14615481022587212,0.13895086888682892
51.005,0.17844497898344103,0.16048090201480236,0.16214768735827578
51.01,0.12680589264735262,0.11531442404602142,0.11333511003653392
51.015,0.2021489732528434,0.19538261795344702,0.19117594643370367
51.02,0.21466100542647013,0.1997390258402479,0.1890307654467305
51.025,0.20233987752204646,0.19141396589398016,0.1891964788910751
51.03,0.2563645138405506,0.24023345707002414,0.23921458036481227
51.035000000000004,0.2511589933696401,0.23421332296949052,0.228942750319573
51.04,0.3060460420387391,0.29338491385375837,0.2928537121507065
51.045,0.3232277125278978,0.31306254784512716,0.30591991585268086
51.050000000000004,0.32567351456298643,0.3165383768147262,0.31283487099558704
51.055,0.2743724915322632,0.2635683688796929,0.2598923860138657
51.06,0.32011966810214537,0.30869933255582915,0.3067043034109689
51.065,0.29425218191181735,0.2851553732180882,0.27832927998796
51.07,0.35813690479129967,0.34746787459911116,0.3438013641413314
51.075,0.3379847660253821,0.3214956292078751,0.32628960677265606
51.08,0.3379016290282768,0.33147752778193756,0.31825186202543004
51.085,0.35760395311687154,0.3528373562729349,0.3512230832758777
51.09,0.4302926793518779,0.42104218803980237,0.4077670082751203
51.095,0.45048983534912174,0.43437306480429577,0.43337713970078456
51.1,0.4697693641262382,0.4513971282510877,0.44848771312665736
51.105000000000004,0.3997291903054108,0.3890358262073483,0.38054760851693603
51.11,0.3841454035238191,0.37184573675331617,0.370486483592703
51.115,0.41478270730601813,0.40429665810024895,0.4022077085678008
51.120000000000005,0.4502858674434602,0.44313095663497154,0.4358353174446968
51.125,0.4747980040540431,0.46093565895795613,0.4544188755491373
51.13,0.44010676478195987,0.4326142687773208,0.42429493420785297
51.135,0.4588195570417775,0.4518727532290296,0.44965316080066237
51.14,0.38393572655161323,0.3709438145598103,0.37137579930697334
51.145,0.3834164544164883,0.36837442765767514,0.36697260438663953
51.15,0.3837973892869183,0.37063801553436787,0.36624493213100695
51.155,0.34504546186607843,0.3299088928887648,0.33119140959276183
51.160000000000004,0.33653546948014196,0.32484191176115224,0.3210861400239995
51.165,0.29433775965137854,0.2809404293067594,0.27529912375093124
51.17,0.32097955713042964,0.3083261609045312,0.3004817172781998
51.175000000000004,0.2924492378229755,0.28011564362794383,0.27955403300189946
51.18,0.3104349640426764,0.2980350897499857,0.2909263734279033
51.185,0.3139124311179974,0.3019723460093976,0.29466639080396456
51.19,0.34531935487392257,0.3306616827890527,0.32643131339210885
51.195,0.3655730637378095,0.35239290941017376,0.34721479275319483
51.2,0.36162877827408596,0.35522518870354985,0.34988541707729703
51.205,0.28314965872246195,0.2718432158933854,0.26848962817322697
51.21,0.2867290396318719,0.273321103480368,0.27413328412620924
51.215,0.2681693475583084,0.2541529431671231,0.25013514558104544
51.22,0.24762675160147962,0.22722000418626165,0.22962545872064327
51.225,0.2831409709422368,0.2733252810297385,0.2702865008825818
51.230000000000004,0.26425694708405495,0.2520379637441892,0.2477863706514811
51.235,0.26765074568072494,0.25736007971519,0.253170679358513
51.24,0.2685514702016368,0.25790673450531,0.2510720669802996
51.245000000000005,0.32025216214951485,0.3077757276081541,0.30221769422913325
51.25,0.34254579292797654,0.3334028341573773,0.3297046504933646
51.255,0.2770660856894409,0.26352387895787777,0.2616821565860167
51.26,0.2834966420994255,0.264873692083381,0.26577090373501333
51.265,0.2978835090295096,0.27936427301880756,0.2801028181874331
51.27,0.32557366565221807,0.31327516722738585,0.30527162431275356
51.275,0.3201731874175863,0.3056379431829034,0.3043589602879718
51.28,0.2935749794295127,0.2828139531472441,0.2785138296405484
51.285000000000004,0.2786574553517207,0.26056781702230947,0.2578180234681004
51.29,0.27643560557636687,0.2593588146681982,0.258607336347913
51.295,0.2939159687640858,0.28533951972098254,0.28188272049554364
51.300000000000004,0.2887389977260134,0.27495361923581474,0.2769789499448029
51.305,0.35269063294724146,0.33835368387078224,0.33774383586783946
51.31,0.36083777591771465,0.34661151067379264,0.3494384709867374
51.315,0.377389516632869,0.37276693501549246,0.36756529918584835
51.32,0.41250678551174536,0.4035224494524063,0.3959796930585712
51.325,0.34435346544312295,0.33372552879949263,0.32978317660322415
51.33,0.35015097375011334,0.33512236045521127,0.33269234512909546
51.335,0.35994855841738943,0.3511218029858851,0.3439626886262271
51.34,0.42748236467555284,0.4155977866795203,0.4144367799130024
51.345,0.4368845724638312,0.42030785807355114,0.4186524976051921
51.35,0.4348486367073615,0.42000142594125084,0.41969764162656303
51.355000000000004,0.4410902248019702,0.43120504561695094,0.42489385955986164
51.36,0.36844232074156424,0.35436457669903454,0.3565318293012488
51.365,0.4062636509329933,0.3955422104682228,0.38863394426761927
51.370000000000005,0.44506709576307907,0.43294637337939845,0.4295740390575856
51.375,0.47548004258953624,0.45806251008114507,0.4543571705071164
51.38,0.44083089307008555,0.42789967439392623,0.4220028609541539
51.385,0.45113300207409973,0.4436253127317448,0.43558705839931305
51.39,0.5020779532368839,0.5018517661908621,0.4920669319136847
51.395,0.5583929175126596,0.539712784537588,0.5418728889131533
51.4,0.6386391002004328,0.6226471325997308,0.6229434560582866
51.405,0.6224616695617236,0.6162910650309285,0.6096234869407188
51.410000000000004,0.5910743697549519,0.573068900295774,0.5754379766854384
51.415,0.5910981777369921,0.5762232668782438,0.5756302105447774
51.42,0.5805089300082228,0.564805248861274,0.5614355828846082
51.425000000000004,0.6056003332632817,0.5888359851376278,0.592331537322256
51.43,0.632740882012135,0.6164853686481528,0.6149760284045888
51.435,0.6198796800816068,0.6026555224266418,0.6045030015625915
51.44,0.6245234695026736,0.6148236037549771,0.611103735438689
51.445,0.6349160527609755,0.6236055322699394,0.6231737597396823
51.45,0.6318751698485986,0.61739028139574,0.6196125460394241
51.455,0.6236199183332434,0.6068807334023546,0.6080171564876804
51.46,0.6195961794417845,0.6003937526319718,0.5999117039733665
51.465,0.5849761127464402,0.5709823517502894,0.5710806133131391
51.47,0.5644564310935802,0.5464694388106793,0.5513400941382519
51.475,0.5832603253920517,0.5721767818144877,0.5628641965366858
51.480000000000004,0.5845720913048712,0.5721162718224075,0.574302209667494
51.485,0.5685697537958662,0.5554410725706027,0.5577582020241711
51.49,0.5617948715004385,0.5539268144749517,0.5490370810243654
51.495000000000005,0.5269868280300967,0.5139400904575713,0.5113817122640439
51.5,0.5722784987883204,0.5604506162521409,0.5538590370084443
51.505,0.5722007687825018,0.5588168025446258,0.5556759278285498
51.51,0.5755860656700341,0.5662464104379957,0.5595315518978666
51.515,0.5748478535650055,0.5597510109808921,0.565875112282238
51.52,0.5519066707503609,0.5375147762975829,0.5394506371795479
51.525,0.5829757839421436,0.5765280665675273,0.5670648141433715
51.53,0.6745806184472108,0.6612574210646883,0.6620665117682608
51.535000000000004,0.6751450692658754,0.661772722444031,0.6593927926793953
51.54,0.6748314477954616,0.663472487306916,0.6635915021387555
51.545,0.6869027926131801,0.6692888328253969,0.6669218284153767
51.550000000000004,0.6155580329784351,0.6033314909754343,0.5980472009442173
51.555,0.6098243951554506,0.5934096841868272,0.5921639153741092
51.56,0.6016123126360733,0.5860305519377942,0.5876032154448136
51.565,0.5933770962481466,0.5772930389129187,0.5745622697279139
51.57,0.61919006622866,0.6071061572931723,0.6061672435677803
51.575,0.5640737699628908,0.5525558725533265,0.5518049532368189
51.58,0.5838897689896568,0.5668321628165708,0.5691111971087508
51.585,0.5688956496311456,0.5516526273980559,0.5502564940965117
51.59,0.5361189789582154,0.5240709697462038,0.5235422197663685
51.595,0.5529657085933891,0.5411092780378938,0.5381338830508781
51.6,0.5839317600113246,0.5680355399588429,0.5691620851972925
51.605000000000004,0.5674522693354118,0.5554409144336306,0.5548470651275421
51.61,0.5390342347241558,0.5218942412914118,0.5234914401124953
51.615,0.5478365643648663,0.5341080414785676,0.5330420609810842
51.620000000000005,0.5906796276993654,0.5762169320192558,0.572282708688816
51.625,0.5402172315383297,0.5323909133364608,0.525074774852599
51.63,0.5218233082712208,0.5019402185887742,0.5005435807634919
51.635,0.5359510136624682,0.5187541221356491,0.5241602716609177
51.64,0.5822188108083397,0.5654954522449732,0.5709842310766159
51.645,0.5764257780791522,0.5697027747497602,0.5673838276139297
51.65,0.5771312737683819,0.5639356377282242,0.557488093202375
51.655,0.5561715128060657,0.5445326282448019,0.5419176527498979
51.660000000000004,0.6215278617563521,0.6049856931611229,0.6104366038131466
51.665,0.5943787362326522,0.5800799799227735,0.5795409654101261
51.67,0.6078433690889442,0.5895953762812196,0.5937980516654043
51.675000000000004,0.602171901293302,0.5908792384077898,0.5892737504925539
51.68,0.6564778121495178,0.6447463005254326,0.6436981737009667
51.685,0.6480602880506389,0.6331868934453228,0.6341810539382355
51.69,0.6297392601132654,0.6155998420786917,0.6195070744741851
51.695,0.6124808167845001,0.6051986576332372,0.5984193136384983
51.7,0.6639524888208964,0.6467384312302856,0.6468923240081704
51.705,0.6520933342048634,0.6432637532360642,0.6432814617966142
51.71,0.6828925543095699,0.665958752900908,0.6627517443488709
51.715,0.6066276222481247,0.5981269959422094,0.5978276293703922
51.72,0.5969940672894494,0.5862027212672976,0.577377384762745
51.725,0.6533916395282193,0.6442841394634736,0.6408960340297988
51.730000000000004,0.6732122141364392,0.6643490629590711,0.660741436848837
51.735,0.6372130974772755,0.6319382092809608,0.6281680690795755
51.74,0.6563047856469721,0.6429411023473274,0.6361217270966886
51.745000000000005,0.6411568018825932,0.6229503878338315,0.6254857351137594
51.75,0.6227750110251843,0.6129681465755511,0.6099463526793928
51.755,0.6414833250950585,0.6380536382477622,0.6323428467742653
51.76,0.6620948767866738,0.6524009624236558,0.6531331208828791
51.765,0.685377090688411,0.6755954053064858,0.6733746246108989
51.77,0.7438818096384346,0.7353266633085023,0.7346876365553189
51.775,0.7448496115832751,0.7391914314640871,0.7310151577675982
51.78,0.7010263028354848,0.6936487068292311,0.6965707314985363
51.785000000000004,0.710712693261095,0.6988821967456542,0.6979377347455279
51.79,0.7180083829991126,0.7074035877736802,0.6998312832422992
51.795,0.721943399558031,0.7094701659113818,0.7073490082520387
51.800000000000004,0.7539082701443706,0.7506278461971473,0.7496826377850399
51.805,0.6977487600673579,0.6916554072747277,0.6870957007398472
51.81,0.6994020099381827,0.6921197791774335,0.6913775354357723
51.815,0.7501260739557127,0.7425145472300535,0.7385167964556733
51.82,0.8094399613700626,0.803946074294038,0.80101457244377
51.825,0.8637070175305761,0.8495678699631418,0.8508372490487501
51.83,0.8671509723054301,0.8574442754875918,0.8585414185630171
51.835,0.8373029720794329,0.8270191699670123,0.8246499491114716
51.84,0.8349991020423548,0.820110069863431,0.8185741639902742
51.845,0.7995991327791343,0.7916136689197875,0.7915117216169225
51.85,0.7636156412702074,0.7503839229477598,0.7503641118492806
51.855000000000004,0.7877716403410076,0.7822340021722698,0.778351530596709
51.86,0.8399630926158199,0.8330512424571408,0.8339357091167243
51.865,0.8123283022802943,0.8038893704603941,0.8034557753459504
51.870000000000005,0.8444875130003804,0.8286808830645698,0.8285519560649711
51.875,0.8033725054183364,0.7930625845711509,0.7927443523205985
51.88,0.8303506068147265,0.8229846986767076,0.8201227892855031
51.885,0.8641061203456264,0.8606124253894514,0.8588894946896939
51.89,0.8461379693058678,0.8360117250735845,0.8362971743827
51.895,0.8038402288909254,0.7965565216264966,0.8041710554589795
51.9,0.7979819005790311,0.7926965852447422,0.7959832576031394
51.905,0.8550122712380233,0.840919971720686,0.8486377099819999
51.910000000000004,0.9323794703355529,0.9182573931570017,0.9240666175456133
51.915,0.8965078917299022,0.8820814233709019,0.882010855384267
51.92,0.859170688023803,0.8458382258702886,0.8577241896710333
51.925000000000004,0.8589140633384379,0.8490568904458151,0.8599123000679063
51.93,0.8477730052314686,0.8416692209513275,0.8464175515411212
51.935,0.7981050723156866,0.788113915993621,0.7896962580062482
51.94,0.868515769582399,0.8595047481499691,0.8626061058341694
51.945,0.8758720089228191,0.8669591626244912,0.8685857153648276
51.95,0.8738353320853459,0.8602858371655558,0.8609606996353316
51.955,0.8611404250189805,0.8478840888512887,0.8554428158225533
51.96,0.8261140748508687,0.815199525434552,0.8158185219457534
51.965,0.8253426591649515,0.8184265251988423,0.8165399423898942
51.97,0.7811200447149894,0.7712125070694278,0.7723122169795354
51.975,0.7964690246417289,0.7877689575629875,0.790104047418628
51.980000000000004,0.7809614574816736,0.7731163071910914,0.7683794173651074
51.985,0.7943488542329878,0.7809477722232162,0.7885322870720642
51.99,0.7666358797980811,0.7586530386463982,0.7583522508826567
51.995000000000005,0.8245177472017441,0.8077950773213058,0.8167141880841814
52.0,0.7874196311492921,0.7738420729203772,0.786045471312118
52.005,0.8031469324165776,0.7916505953965992,0.7976631990318288
52.01,0.8072240062533697,0.7954336276135898,0.8067592422812795
52.015,0.80840076764491,0.8007381686176858,0.810035070748984
52.02,0.7901961808114674,0.777547702727932,0.7814646404196055
52.025,0.7696359542458756,0.7592030183146794,0.7631353385410234
52.03,0.7114895939386982,0.6975463112000556,0.7005687239084566
52.035000000000004,0.7212686226407076,0.7098439940757386,0.7111498500952732
52.04,0.7859375820622173,0.770711060130245,0.7737712398069917
52.045,0.801046443948466,0.7903746330325082,0.7972798767377857
52.050000000000004,0.7987338686514653,0.7848385496082138,0.789729697127523
52.055,0.7798297730486758,0.7659707847543217,0.7757237323768251
52.06,0.7103830233097087,0.6945294508796666,0.7038577187257418
52.065,0.6833296521918245,0.6689587896457801,0.6734066174326276
52.07,0.6582537728187416,0.644368770443415,0.6542706991854005
52.075,0.61683525313144,0.6087239012270534,0.6158456989760666
52.08,0.607432020116422,0.6011924573737473,0.6067303494739181
52.085,0.6457391972697227,0.6329757394003934,0.6434216141684864
52.09,0.6334198452943134,0.6225714443034813,0.6317965949957982
52.095,0.6314807352306715,0.6133976422064782,0.6204720901796952
52.1,0.6643298567988938,0.6472482368312168,0.6535508540349478
52.105000000000004,0.5840717586221438,0.5708800350336369,0.5819018557496698
52.11,0.5679732766489819,0.5515481194617593,0.5635836249826678
52.115,0.545863508546847,0.5261912294906314,0.5337438530862887
52.120000000000005,0.5685193512728283,0.5608236336947308,0.5672373089310603
52.125,0.5667302462786745,0.5541277236469592,0.5626170969716968
52.13,0.605649910234599,0.5975927998405528,0.605239153356717
52.135,0.692208807538664,0.6771971891794644,0.687453600742515
52.14,0.7037282325126265,0.6910158727859979,0.6990996303045303
52.145,0.670949275520845,0.6544410697924866,0.6609307939413083
52.15,0.7373093273807052,0.7228874505748932,0.728590862448059
52.155,0.7567285239647183,0.7428904579865874,0.7526486020274293
52.160000000000004,0.7843259684506411,0.7688170417154633,0.7688115779406055
52.165,0.8420018526688461,0.8331002850262696,0.8327883842091302
52.17,0.7946960012212988,0.7873801450271609,0.7919455515515874
52.175000000000004,0.7844129521271954,0.7710796017752954,0.7749040754265938
52.18,0.7687944480641886,0.7527051210166661,0.761900570869186
52.185,0.8046464803212144,0.7927099603718124,0.800430805657648
52.19,0.8111850996224668,0.8014233321942436,0.8073250689297896
52.195,0.8496222901891943,0.8381256241940894,0.8449618834190386
52.2,0.8676040701976476,0.8509140862699359,0.8560255696413145
52.205,0.826386625342053,0.809462644755213,0.8173140799303577
52.21,0.7551972395934133,0.7484337014408222,0.750434085035115
52.215,0.7943353967843978,0.7883533609086822,0.7918872464446272
52.22,0.7501080198974035,0.7383151501626998,0.7467257338270149
52.225,0.7071642491226181,0.6983362159001908,0.7038728470508278
52.230000000000004,0.7014856000368606,0.6921742297295497,0.6993121270805169
52.235,0.6783521596118386,0.6669654161515713,0.6743915433341412
52.24,0.710148228066791,0.6957273274545208,0.7004258070882052
52.245000000000005,0.7212079134893864,0.7089056279754254,0.7123823263901128
52.25,0.7543649488695694,0.7392824294463975,0.7489738996349581
52.255,0.755590209694826,0.742758501361543,0.7498548907620753
52.26,0.7648808217301732,0.7479987653453639,0.7593690692320126
52.265,0.7841922834619782,0.7713863661382571,0.7803662213596042
52.27,0.8635433970129122,0.8494866883078125,0.8596384817064825
52.275,0.8935383316279817,0.8816033610456301,0.8858380473895958
52.28,0.8862240824688651,0.8713736605921482,0.8777354439451579
52.285000000000004,0.8184998106104283,0.802016702581673,0.8137302197916365
52.29,0.7958709429369967,0.7838940624306922,0.7883876624498142
52.295,0.8422100507511159,0.8288720070029512,0.831664758806983
52.300000000000004,0.7933526789106732,0.7777028825708832,0.7849456843582032
52.305,0.7671710855755597,0.7592481078660761,0.7607062073337786
52.31,0.7495574333222176,0.7346080019830542,0.7411415243920796
52.315,0.7848419502678853,0.7733407219269464,0.7721518743347003
52.32,0.7975361381075353,0.7746934771259717,0.7817855802067041
52.325,0.8427789436861185,0.8283697023072216,0.8338062636414761
52.33,0.8051395425020943,0.7921477563288875,0.7979372702866181
52.335,0.801886933197521,0.7880925051118862,0.798514880375285
52.34,0.7974407604544946,0.7843873723380054,0.7920032178914495
52.345,0.8358305907705306,0.8227026794182308,0.8267355346304102
52.35,0.829482495397141,0.8156442140427034,0.8214476090482273
52.355000000000004,0.8020951137596256,0.7867876972060599,0.7912947442378556
52.36,0.8140047157074283,0.8007085768356417,0.8032452674576502
52.365,0.8041970607271683,0.7864037378233745,0.7938725094875069
52.370000000000005,0.8557832239218035,0.8420840300699586,0.8485197504318118
52.375,0.8544929288083225,0.8419001872860445,0.8458473118012745
52.38,0.8651087844376546,0.8496849687161787,0.8658583972584314
52.385,0.9059384119939466,0.8858211280289578,0.8956138401651628
52.39,0.8765441141909708,0.8624878585872732,0.8682021125251342
52.395,0.8507630671427804,0.8364459925570433,0.8410237008615308
52.4,0.8425776701226285,0.8263931497857139,0.8392766958906814
52.405,0.8371624764811734,0.8221942032984267,0.8317118364712587
52.410000000000004,0.8244913510206698,0.8106197518576418,0.8173649383823919
52.415,0.7806789360615659,0.7591848568174523,0.7741476917857911
52.42,0.7100920887698556,0.6961347093704532,0.706046714070221
52.425000000000004,0.7236875301535691,0.7021775983446016,0.7113057098771528
52.43,0.7664953660912034,0.7536239435679781,0.7622993884825022
52.435,0.7955272787078913,0.7779368043891532,0.7923169949080627
52.44,0.8163631783910575,0.798115830308193,0.8063224055421884
52.445,0.8191397563353292,0.8043159217124305,0.8126188820151821
52.45,0.8138696976152149,0.7962237524415327,0.8025676541013939
52.455,0.7797010568342831,0.7651053319842999,0.7758959913379577
52.46,0.7813228105723917,0.767890199027224,0.7783380744853418
52.465,0.8078568300087626,0.7947437236107765,0.7961340459050715
52.47,0.7457664574586109,0.7242347305683728,0.7364071396324183
52.475,0.7105175826545336,0.6972379291468317,0.703706008236034
52.480000000000004,0.7229566293377403,0.7052749864196607,0.7159145473305737
52.485,0.7281076041089922,0.7131311655897097,0.7196049219135721
52.49,0.7516541932846816,0.7246357793877088,0.7391689682491768
52.495000000000005,0.6876526795925085,0.6753937741982218,0.6823524857886594
52.5,0.6816206662237626,0.6627207929230856,0.6733505209285923
52.505,0.6842437131907896,0.6675450585820878,0.6799186821794683
52.51,0.6686681809494335,0.6479908825896631,0.6621832466437335
52.515,0.6714669179155534,0.6548920793143115,0.6625824228720892
52.52,0.6685481044800089,0.6496326570672583,0.6620240780411081
52.525,0.6982978658630703,0.6741312275849157,0.6909314922677203
52.53,0.6764224875445634,0.6550699288843558,0.6647582011804397
52.535000000000004,0.6705781810373955,0.6493818742292945,0.6579134029850967
52.54,0.683225393670495,0.6619259313350339,0.6711860461235271
52.545,0.6866446116315467,0.6654283470795628,0.676211942792744
52.550000000000004,0.701773029895192,0.6842703355611157,0.695642517631231
52.555,0.6868760465334314,0.6664486076377145,0.6756620355656101
52.56,0.63132445584371,0.6100692848849111,0.6182480297173861
52.565,0.6172170347056851,0.6001968818524459,0.610432974929822
52.57,0.616996753690559,0.5994400182957349,0.6105726599163219
52.575,0.6275773195225179,0.6133021468871585,0.6264434208392511
52.58,0.6679596914397972,0.6501925459197468,0.6618248863446105
52.585,0.6848653720126564,0.6691760952058683,0.6807830208573104
52.59,0.686874033081849,0.6714158587389304,0.685053879444408
52.595,0.6845522474359371,0.6690077142957918,0.6751894517151973
52.6,0.7409203620804645,0.72659276594034,0.7313473798782717
52.605000000000004,0.7290903705850714,0.7072161461805875,0.7152341280575447
52.61,0.7429641349565104,0.7221400486095149,0.736407561214202
52.615,0.7560578834294603,0.7459668196773188,0.751994181093728
52.620000000000005,0.7256026071918038,0.7079129356211735,0.7145086099409862
52.625,0.7624237544793393,0.743290755171914,0.7527739302288519
52.63,0.7533219252467497,0.7345694719616678,0.7460725505332849
52.635,0.7778097818802349,0.762127563561175,0.7724404413392021
52.64,0.8293050246028095,0.8085328249008338,0.8215131593780306
52.645,0.8478567380021096,0.8362825341401795,0.8407193663818545
52.65,0.8554753966485986,0.8357242917103367,0.8416028308373328
52.655,0.8897322387289379,0.8706212844872778,0.8865604667495897
52.660000000000004,0.9105730683147935,0.8855376469391982,0.8965825517497017
52.665,0.8997642188382785,0.8830392084212301,0.8969662668079172
52.67,0.9299227436067834,0.9096634562184687,0.9163168960371811
52.675000000000004,0.9574738611000726,0.9343076125152638,0.9407472337819387
52.68,0.9098060558282821,0.8858235995726759,0.8997398441032356
52.685,0.9218317916392672,0.8989814270977147,0.909847416679461
52.69,0.8837550705920006,0.8618953913967623,0.8720278557399623
52.695,0.8753469162767926,0.8589396155184259,0.8649718820571117
52.7,0.8338764337349603,0.8109369212414966,0.8258320947249231
52.705,0.8173342992839393,0.7950299705811871,0.8095169048071208
52.71,0.8132459582788354,0.7898131097210991,0.7999490504614856
52.715,0.8306732976016517,0.8121879357070999,0.8211268642341376
52.72,0.8082868487887153,0.7861075381184787,0.7986368714672311
52.725,0.8062754015350346,0.7843059965941868,0.8033451959845637
52.730000000000004,0.7782629160454242,0.7499778007776033,0.766527297176389
52.735,0.7542794031577215,0.7307982530144372,0.7463389181409769
52.74,0.8308326709576233,0.8115988818120147,0.8234557163290747
52.745000000000005,0.7375770284632639,0.7199827861099043,0.7302570713657606
52.75,0.72099205582663,0.7075559849718922,0.7157562451712718
52.755,0.7377206169993522,0.7109830316667138,0.7239732045071823
52.76,0.7703974931978425,0.7465764564400318,0.763203567658205
52.765,0.7935294335787353,0.7697771254292637,0.7808151919718618
52.77,0.7577301756689802,0.7348030196960256,0.7451078395919677
52.775,0.7360348454087684,0.7105790581013948,0.7305508449290521
52.78,0.7621592372375559,0.7384943463966691,0.7500473942206468
52.785000000000004,0.7451229780562716,0.7222489266759357,0.7335993031556873
52.79,0.7377236233267606,0.7122031362322505,0.7288596169289904
52.795,0.7302563827250566,0.7088127785605842,0.723267175364899
52.800000000000004,0.7118985145720063,0.6942361407850384,0.7056118571247636
52.805,0.7481330314661462,0.7258409579680627,0.735595345035325
52.81,0.8030438274982711,0.7791947378670783,0.7960712451699532
52.815,0.8080328213924634,0.7788086008531581,0.7955846704082191
52.82,0.8308899379612836,0.8162573149539344,0.8233535023987657
52.825,0.8033760899800488,0.7873748387663428,0.7973866707529058
52.83,0.7669408249824468,0.75054594428429,0.7562455255976831
52.835,0.7563968876708745,0.7259352867091384,0.7382045378328169
52.84,0.7115572434535605,0.6952259730643242,0.7049364920778711
52.845,0.6897383458245444,0.665486296529402,0.677793329221376
52.85,0.6464393924325341,0.6167199640751861,0.6373161784253357
52.855000000000004,0.6461226572835547,0.6236597978506939,0.6379036641986594
52.86,0.6516407425248179,0.6288509315770278,0.6443189008603261
52.865,0.6504699216011269,0.6300043858081606,0.6438632948559118
52.870000000000005,0.6838955998381028,0.6623259786821118,0.6798155231336498
52.875,0.7421956375938594,0.7239646727133086,0.7378562572498466
52.88,0.740997736509595,0.7169806959549769,0.7319558880359769
52.885,0.7368510813267803,0.716279012623503,0.7246828380054515
52.89,0.7305202241294382,0.7078736359139141,0.723628110511575
52.895,0.8106029304128358,0.7904067579330906,0.8061086455222033
52.9,0.804225123864348,0.7793001974438856,0.7924967826221377
52.905,0.737676146887722,0.7166245316975756,0.7248909475949838
52.910000000000004,0.8012099844612763,0.7810352076072682,0.796360224338579
52.915,0.8048094621944627,0.7796509130577391,0.791406286840457
52.92,0.7929001919412699,0.7686934385732157,0.7864587160005445
52.925000000000004,0.7415057774512898,0.7144690293047472,0.7309181009735284
52.93,0.7892294928455648,0.7733504915602856,0.780974973035639
52.935,0.7716557725009888,0.7532328914155828,0.7651763370428676
52.94,0.7987782801046971,0.7808021127050897,0.7952607258090286
52.945,0.8130358066927967,0.793478424691219,0.8011732166124936
52.95,0.7725384913131244,0.7529480364317542,0.7678073029096057
52.955,0.8314271244528527,0.8083397774691038,0.822303389432556
52.96,0.8290464914187022,0.8006277463455563,0.8123681803144519
52.965,0.8568432517154647,0.8366490340074134,0.8469888108957273
52.97,0.8743416081309293,0.8551553351385165,0.8686805527389918
52.975,0.8556249040318568,0.8363983944778133,0.8484800447949297
52.980000000000004,0.8076079767999157,0.7842895035567019,0.8019842032981878
52.985,0.7479961186622062,0.7240779253987647,0.7433590339397276
52.99,0.7157365500319046,0.6958631669734489,0.707926225318885
52.995000000000005,0.7335751441808651,0.7151735088990678,0.7223283154936345
53.0,0.7117815170258233,0.6902652392391101,0.6999182129840318
53.005,0.7217282669381172,0.7020438443164678,0.7207046906757113
53.01,0.7977882821993849,0.775913782810808,0.7964644135491314
53.015,0.713536126942004,0.6949812505123913,0.7096910419624728
53.02,0.7678748621298752,0.7456677443431028,0.7615564861858496
53.025,0.769589449637508,0.7498187375168812,0.7571876884859432
53.03,0.7224781810765376,0.7008768048518016,0.7123388202638695
53.035000000000004,0.6977007032916256,0.6791789435485416,0.6829697738532352
53.04,0.7558803516912924,0.7331119807975937,0.7482533074442488
53.045,0.7474745368422534,0.7195336864614242,0.7390293123517072
53.050000000000004,0.8294536904906034,0.8080283334714065,0.8193093764788825
53.055,0.7784936650388121,0.7593665984506461,0.7737320423513477
53.06,0.8176732961510254,0.7922295405772416,0.8070476770990782
53.065,0.8002434153507206,0.7829988278079956,0.7933506526418732
53.07,0.8226526928412327,0.7979675925305932,0.8128503810879901
53.075,0.8571584057530524,0.8309016167942475,0.8472062357271594
53.08,0.8819777356274677,0.8609133855272402,0.8733996336469317
53.085,0.8253746002266777,0.8100190476344467,0.8155571874342404
53.09,0.7918826258491194,0.7635906383998979,0.7765798280226652
53.095,0.7735057201788215,0.7503096390643212,0.7601527263951925
53.1,0.7813526276367148,0.7645002007685585,0.773959471656074
53.105000000000004,0.826095454057258,0.8052634117416269,0.8137722292808927
53.11,0.7872339098459403,0.7560420005189662,0.7759530852001263
53.115,0.7781308942870381,0.7524242678024136,0.7629531917004782
53.120000000000005,0.7909101437957979,0.7707526840576386,0.7868957256544573
53.125,0.823619642131198,0.7929903556871052,0.8107669388844448
53.13,0.8618061193382847,0.8358612249971323,0.8458929662035545
53.135,0.8953460450109764,0.8664447554850264,0.8866398022079108
53.14,0.8507667715988764,0.8323353527612687,0.8435702279180619
53.145,0.7907742464698677,0.7661945222645091,0.7811253310461521
53.15,0.8331423790832861,0.8081009246957969,0.8215250876979396
53.155,0.7614449147196253,0.7377251506391118,0.7504388859834823
53.160000000000004,0.8119915655555083,0.7932718699158234,0.8010474963735716
53.165,0.7762985867549902,0.7442545064395245,0.7573986316027054
53.17,0.7726950187151868,0.7525158922112581,0.7607933207823998
53.175000000000004,0.8416871471289978,0.82045269541281,0.8344868849441143
53.18,0.8341942310180003,0.8171756895333261,0.8283891120648703
53.185,0.8397765735490383,0.8138326727376849,0.8258239734165063
53.19,0.7665750845935313,0.7419957256318281,0.7512861026728157
53.195,0.7127359620284639,0.684605564369528,0.6998771975379354
53.2,0.7251477559956414,0.7046799735927796,0.7142575577561004
53.205,0.8274676370117716,0.8011823630581303,0.8124271697574659
53.21,0.809393887436037,0.7863586115701394,0.8049531735447397
53.215,0.8293255815223198,0.8046144944322136,0.8185336696763511
53.22,0.8279047780138938,0.8034047379743227,0.8146856010701063
53.225,0.8109575402520328,0.7861290486849957,0.7966930055079006
53.230000000000004,0.8202817924812336,0.7913076478211778,0.8094562190469602
53.235,0.8488023235058306,0.83263566982196,0.8437444052546199
53.24,0.745108688011312,0.7224726781315077,0.735235316642436
53.245000000000005,0.7333871974781003,0.7138136150889618,0.7250399396618693
53.25,0.7291113527156989,0.7124017286700434,0.7258045443708707
53.255,0.7473223646535972,0.7174244133075124,0.734798162304793
53.26,0.7508093816086544,0.7284235150851469,0.7371501531329373
53.265,0.7762105850787187,0.7549748026444612,0.7631408230494735
53.27,0.74520463689816,0.7191984021463047,0.730940872396259
53.275,0.7712984597860401,0.7457577931195438,0.7555484082748214
53.28,0.7682745127980134,0.7450322252573959,0.7540615314189543
53.285000000000004,0.8031757995836131,0.7726725438154132,0.7893568850415216
53.29,0.8145485632230685,0.7925294546353819,0.8057368372641621
53.295,0.8502214647507255,0.8253454944677591,0.8365677178527388
53.300000000000004,0.8373539745890574,0.8174368659505916,0.826310726994582
53.305,0.8252435365650874,0.8071965613028689,0.8214906035569881
53.31,0.8351341160948313,0.8092260439448364,0.8251639553330308
53.315,0.8272110388090426,0.8073494066449742,0.82310805934786
53.32,0.8295237364415873,0.8072819595104052,0.8206049135508716
53.325,0.8286140811028384,0.8075027924912468,0.8237942816680489
53.33,0.8039736416257401,0.7807025686354766,0.8008692041498013
53.335,0.7851705774344484,0.7637215603182801,0.7813069036963174
53.34,0.7543510854568258,0.7277089900693569,0.7405755552551596
53.345,0.6958373442376725,0.6691129019257817,0.6838315932641343
53.35,0.62935444556929,0.604995380442358,0.6194842281212728
53.355000000000004,0.5921494279155771,0.573303861607172,0.5853712460246686
53.36,0.6658647308422491,0.6464918244988116,0.6597345006058294
53.365,0.7391552630871859,0.7131373493753932,0.7292830184011055
53.370000000000005,0.7335846218984794,0.708565793745445,0.7204355637601636
53.375,0.7556328373942253,0.7391402487285522,0.7520201819601711
53.38,0.7692351013205256,0.7448169063365448,0.7643936939142469
53.385,0.7589674798257645,0.7365223531595914,0.7502369142072487
53.39,0.7571492684022014,0.7285071994592486,0.7398861578987299
53.395,0.7660943756382527,0.7431296060286965,0.7601186876142066
53.4,0.7942459945561987,0.7705822027748529,0.7905388674743598
53.405,0.8332104451580948,0.8090697877930251,0.8167324452739688
53.410000000000004,0.8366192977955993,0.814114173885804,0.8289721925307744
53.415,0.8650737957422702,0.8374662464662604,0.8538388071784804
53.42,0.8414691696091731,0.8221941703286373,0.834969578150146
53.425000000000004,0.8431460505049407,0.8213523388257564,0.8343411714619762
53.43,0.8187482869144097,0.7982450858385662,0.8128148237185359
53.435,0.8377210010585544,0.8132601234713324,0.8298931252152468
53.44,0.8798537053347163,0.8539933031561336,0.8781834428293134
53.445,0.8377066480692817,0.8183614629319014,0.8404296164878332
53.45,0.8319167248791792,0.8009877038069904,0.8221663353405387
53.455,0.8106396808275554,0.7884588721943064,0.8039179671984078
53.46,0.877612921421476,0.8478036151236623,0.865639864104166
53.465,0.9001737759467018,0.8773294796564409,0.8876646879581565
53.47,0.8867016247907797,0.8666267195456977,0.8788739140299051
53.475,0.9269248130866977,0.9016727965135102,0.9166221612627868
53.480000000000004,0.9125305828925598,0.8899525479708629,0.8972071869599871
53.485,0.8563342719390461,0.8317716284700047,0.8458035669555807
53.49,0.8867417010492618,0.8590996726603283,0.8755680808373725
53.495000000000005,0.8153155238797056,0.7829446626223729,0.8006863334095777
53.5,0.7877578612188098,0.76824801173517,0.7809928178798131
53.505,0.7707573208037551,0.7475521333335787,0.7685921846418371
53.51,0.7987573122119841,0.7846097697152167,0.7937814375002297
53.515,0.8314656986820939,0.8028111885574423,0.8216306071420226
53.52,0.7810937530199742,0.7573271981912968,0.7717204591251067
53.525,0.7595602715454373,0.7411359660402289,0.7562531322105497
53.53,0.7603803654815036,0.7398389862138227,0.7650209378884647
53.535000000000004,0.7249122581383945,0.7025010750108027,0.7190276286475119
53.54,0.7745220494554459,0.7502277494395825,0.7660479588725225
53.545,0.7820004722817009,0.7682464976746836,0.7749613729461864
53.550000000000004,0.8074154073422252,0.7837725435839997,0.7999702723399729
53.555,0.8573942499214551,0.8329780916288684,0.8484070419708578
53.56,0.8196561286325169,0.7953234918368514,0.8080920650486303
53.565,0.7713981577350942,0.7450982758327994,0.7594400415014725
53.57,0.771017536463911,0.7465190171975973,0.7624411662400753
53.575,0.745932137065914,0.7219262221894243,0.7436163853661903
53.58,0.7611643714557579,0.7381080745748818,0.7509203350269353
53.585,0.7524167715064908,0.7268708528617785,0.7434384705139399
53.59,0.6953243509701068,0.6729841426169192,0.6903438805838445
53.595,0.6880640312700395,0.6664586900771264,0.6737746050994401
53.6,0.7246457923194758,0.6998115500537833,0.7137768094620168
53.605000000000004,0.7254101971422735,0.6990834492236203,0.7129659995789207
53.61,0.7005014652412419,0.6709606960801375,0.6846487628899505
53.615,0.6396263356949814,0.6199406665282117,0.6305867899102372
53.620000000000005,0.6493953002742331,0.6266592526836527,0.6334425214791406
53.625,0.6704240120816536,0.6489898300641543,0.6559325018920363
53.63,0.6765197181674096,0.6486757333427606,0.6625293868943146
53.635,0.7339733817644353,0.7118247116079596,0.7201356580829062
53.64,0.7297933159496512,0.7100364422010096,0.726025895069587
53.645,0.6631261468865426,0.6420389196681721,0.652666631937656
53.65,0.6659116487788971,0.6462947892588967,0.6619221908375603
53.655,0.5732874927627273,0.5605470171475777,0.569890303680714
53.660000000000004,0.5951807827988128,0.5706696348598227,0.5843044699903621
53.665,0.5778627718247211,0.5512333130042447,0.5600910475315068
53.67,0.5801564795444484,0.5551959687646318,0.5632074847988653
53.675000000000004,0.6120461570217159,0.5892321152892129,0.6058547693821211
53.68,0.597655083018902,0.5759308154866258,0.5802236368163064
53.685,0.5822881943814701,0.5621671748751174,0.5775793699381085
53.69,0.5611809562730525,0.5433424926778886,0.5524276140965955
53.695,0.612589964548496,0.5902671990363876,0.6050864573905751
53.7,0.6585674992476199,0.6361200556334926,0.6499997311000881
53.705,0.6218397640708747,0.5990482978889513,0.6142187234405991
53.71,0.6247436601227206,0.6005120725226658,0.6106806830184915
53.715,0.6325608375512558,0.6079738773485128,0.6175528408976723
53.72,0.6466646381547662,0.6214998111803931,0.6317561437127189
53.725,0.6167040846629097,0.5915814247249881,0.6059537703980601
53.730000000000004,0.5895745566850494,0.5701714454370643,0.5860096349276763
53.735,0.6410312980483666,0.6200759656387415,0.6319353631370364
53.74,0.6864306375251563,0.6655652989851636,0.6783220097447242
53.745000000000005,0.6858848299869919,0.6585275649377339,0.674173862288978
53.75,0.678915625223907,0.655015448376967,0.6683382677409762
53.755,0.664816919581735,0.6436703146530972,0.660175048042439
53.76,0.661950800159145,0.64094123094767,0.6505611789514861
53.765,0.690823701285174,0.669484540522505,0.6844320495270972
53.77,0.7609313185183897,0.7308877732272058,0.7433906274407155
53.775,0.7658879775835932,0.7435479856231055,0.7552198000814457
53.78,0.8041695857291008,0.775912388241857,0.78775805864404
53.785000000000004,0.8203596724943835,0.7927631139934195,0.8036674302992851
53.79,0.8330830389721282,0.815836571147619,0.823255638295613
53.795,0.8206155739904054,0.7944435324351692,0.808070474261232
53.800000000000004,0.8715182123728581,0.8462997580606755,0.860127449491436
53.805,0.8856569626731967,0.8679385147244139,0.8733550769665258
53.81,0.8354031589728228,0.8116639116856039,0.8207457937540377
53.815,0.7745662724502774,0.7529758261116114,0.7633185359112573
53.82,0.7823364756380518,0.7520698363385706,0.7677343687808236
53.825,0.8089733710065505,0.7868616048706354,0.7986250955265571
53.83,0.815941927363122,0.7891677924660672,0.7995029174469742
53.835,0.7707043511520555,0.7462871062764286,0.7615832829150446
53.84,0.8030859946700531,0.7765707391401248,0.7847552399104999
53.845,0.8444761332900701,0.8216667368792778,0.8282687913154162
53.85,0.8925405979458713,0.8718227395605219,0.8763388203700947
53.855000000000004,0.9186030613821835,0.8960375437069352,0.905578721997581
53.86,0.9984570512793386,0.9690615909851213,0.9846086869058059
53.865,1.0065291974518515,0.9843515806453702,0.99205307403044
53.870000000000005,1.0126930804793088,0.9924465263574523,0.9964380832340812
53.875,0.9904758118822983,0.9620896136617124,0.9716909191591419
53.88,0.8912013853746888,0.8745889822035875,0.8805819105881959
53.885,0.888544793907873,0.8704249346898082,0.8743686999083291
53.89,0.9107237094020283,0.8898388302325038,0.8960677379688977
53.895,0.8494086491316705,0.8285082951906995,0.8367047629755572
53.9,0.8344382265897918,0.8166253341252755,0.8241336067841859
53.905,0.8974403037604157,0.8726643842686485,0.8804451170640087
53.910000000000004,0.9476238826210633,0.9267543604556527,0.9271569641208851
53.915,0.9060663477299357,0.8936917250702117,0.8965819141732538
53.92,0.9695478161356058,0.9511897587256367,0.9549197721449703
53.925000000000004,0.9897679307583546,0.9706394297850078,0.9821288514430067
53.93,1.0685627885517848,1.0491425280932036,1.0583147238504447
53.935,1.0298697282172204,1.0051753852038936,1.0120466049402193
53.94,0.9549549166683002,0.9333253483835965,0.9449863423220656
53.945,0.935032322214479,0.9144752012928798,0.9197701783765767
53.95,0.9233778819452775,0.8966739337813631,0.9084008885665465
53.955,0.9654154609698514,0.9517965876115279,0.9610095071312243
53.96,0.888092353616673,0.8622434678726483,0.873243063732263
53.965,0.8865348657839658,0.8650770407467607,0.8744799479864676
53.97,0.8481758305312268,0.8238480295242551,0.8305998603465651
53.975,0.9213941674850219,0.9015838899000044,0.910440155462532
53.980000000000004,0.8927854830863526,0.8758031736931922,0.882648438408194
53.985,0.8973110965010215,0.8737187957753679,0.8842610700878117
53.99,0.8429367173692047,0.8237608124608371,0.8339938918727192
53.995000000000005,0.8410085414843006,0.8126889729879555,0.8255897688258591
54.0,0.8942935601565842,0.8704946172611285,0.8759106906405182
54.005,0.9133125663254772,0.8913326117440752,0.9018909967842658
54.01,0.8946978097904003,0.8722693089165318,0.8813586549454715
54.015,0.9347220807972655,0.9170250391919138,0.9184328370276897
54.02,1.0031243232260754,0.9794877283664748,0.9886410029457068
54.025,1.0156942888872869,0.9935146157551282,1.002830258087987
54.03,1.006521639688082,0.9843811061033482,0.99391845747515
54.035000000000004,1.0536540500813838,1.032974247538155,1.0451929295014784
54.04,1.0936712330678708,1.074730002056455,1.081523298509505
54.045,1.0983797341583679,1.0794843593497219,1.0829603676398358
54.050000000000004,1.0399734295811576,1.0130247470884786,1.0257784394948326
54.055,1.0475373346618173,1.032256546004226,1.0349219987122162
54.06,1.0738193870570543,1.0518427553866214,1.062079302136279
54.065,1.1385918372544357,1.1123887833294415,1.118450037526595
54.07,1.1003409353180171,1.0750899540262029,1.0739628009091382
54.075,1.1005661380479248,1.0778625380134328,1.089716115771983
54.08,1.1471109674331217,1.1287275213214683,1.1348243676933207
54.085,1.129884636664023,1.1149340526726077,1.1159153156858914
54.09,1.1443692047457823,1.1223760960749583,1.1264828427239255
54.095,1.1200117738753517,1.0992627053446251,1.1100410428447598
54.1,1.094123750519945,1.0739857971730133,1.0776091335204878
54.105000000000004,1.0815641368903326,1.057516595688933,1.0627700007655767
54.11,1.0808299507692432,1.060014478235041,1.0665053562053683
54.115,1.0872657835653918,1.066579422450212,1.0681353728453487
54.120000000000005,1.132529850091676,1.109755459318263,1.1178718191801638
54.125,1.1716638643516124,1.151425653313862,1.1588645276903948
54.13,1.1661024776349551,1.1432053432140927,1.1549294436075173
54.135,1.1488241677470354,1.1257005312804171,1.1390196639667325
54.14,1.12916716130736,1.1089254963099073,1.1145344877289833
54.145,1.1457783814246574,1.1290117961993866,1.1320664382396406
54.15,1.113893730700448,1.0959494735415327,1.1036921615881898
54.155,1.1011212045623726,1.086756056038389,1.0916933096598695
54.160000000000004,1.0531149859200326,1.0376511575342768,1.0361774455152915
54.165,1.056216960793781,1.0414532243119214,1.0470446342169504
54.17,1.0557706486984322,1.0468518106406508,1.0482072468831536
54.175000000000004,1.0715598854186807,1.0538891013304952,1.0566117625714966
54.18,1.029404376830638,1.0097159650941434,1.0170116513215814
54.185,1.0357104964317785,1.016571211257228,1.0187826980523227
54.19,1.0317032217630744,1.0096432899032566,1.0181548765168826
54.195,1.0741877520951462,1.0543403559528042,1.061594735727003
54.2,1.0793283698696359,1.0601381282768396,1.071239628554359
54.205,1.1151211163364152,1.0993185009846478,1.1066590874119215
54.21,1.0562110545285925,1.0355877951018906,1.0401770497286735
54.215,1.0345120207650886,1.0202447846533342,1.0254147600401755
54.22,1.0403021760170392,1.0237743834703628,1.0339743134621984
54.225,1.056560375198738,1.0425452598451814,1.0465185233209868
54.230000000000004,1.0226085003070842,1.0101210309939472,1.0142138928825153
54.235,0.9977875318022277,0.978273070943968,0.9871827939358375
54.24,0.9316964351002945,0.915670246323218,0.919584581955288
54.245000000000005,0.904654899068144,0.8839782530778159,0.8902565800693371
54.25,0.9235774851838772,0.9025604286298623,0.908489002868352
54.255,0.8836923762953822,0.8593659106745132,0.8632727180560416
54.26,0.8337014245156197,0.815166369889174,0.8195049113871934
54.265,0.8025645609047224,0.785377909480224,0.7950530735482051
54.27,0.7426421778818187,0.7286872550520451,0.736505468070706
54.275,0.7509085446292693,0.732738336507443,0.7408573228591807
54.28,0.7690496455647136,0.7543044379976518,0.7553009720699924
54.285000000000004,0.7516246016908228,0.7332521169649946,0.7403556580470684
54.29,0.7419419204102538,0.7271856882811991,0.7351119974822223
54.295,0.7898502758964164,0.7654110132199378,0.7758431097212772
54.300000000000004,0.7160100650754987,0.7027069376350815,0.7024870064953129
54.305,0.7439908760786125,0.7230929782399108,0.7354130194850795
54.31,0.765918660386385,0.747039653844917,0.7548482497427503
54.315,0.7663462245972428,0.7477534479845085,0.752941523730789
54.32,0.7869611080721276,0.759366172858282,0.766943020350861
54.325,0.7657497813864579,0.7498653474519422,0.7590873092590563
54.33,0.7873109492560963,0.7649242214611397,0.7718862279094166
54.335,0.763957131448968,0.7513545946302154,0.7581272341903912
54.34,0.8054580123604972,0.7840407991290698,0.7920105478282418
54.345,0.8315828935126909,0.8138258911340235,0.8306579757348521
54.35,0.7939034945019858,0.7752195244352988,0.7817225461443323
54.355000000000004,0.769863160630294,0.755933651508481,0.7605639501532315
54.36,0.8439327244001835,0.8248693983001505,0.835368740185271
54.365,0.8164039976919322,0.8036762724159163,0.8027586909048656
54.370000000000005,0.7304013385027749,0.7157610028616807,0.7236781424327714
54.375,0.7357287573193654,0.7140416566623679,0.7302543871710941
54.38,0.7849723276471642,0.765900599867603,0.7778730743085449
54.385,0.8067384192878616,0.7792893342579352,0.796965860318938
54.39,0.7890616507673299,0.7716811998993861,0.7754146203820478
54.395,0.8185336505617582,0.8064396303823717,0.8122533669134492
54.4,0.8750709415399486,0.8596613431237099,0.8651353382872226
54.405,0.8601333087459233,0.8355989371779101,0.8444574672748837
54.410000000000004,0.8673928674444732,0.8449088559783823,0.8542037971424127
54.415,0.8182304109287334,0.8036824456517917,0.8106232090053528
54.42,0.8723376159334184,0.8531670833493203,0.8619553455960531
54.425000000000004,0.8688681236402515,0.8483279069816682,0.8557103136558534
54.43,0.8401148435037703,0.8200816440996573,0.827869576095248
54.435,0.8411159974650088,0.831501323943206,0.8315207619660082
54.44,0.8318298378192116,0.8135752058058922,0.8221583033607471
54.445,0.8524991119430001,0.8327869924361561,0.8397786039377907
54.45,0.9096606387570516,0.8935451978784834,0.9029362954130412
54.455,0.9017419981530503,0.8814282213693794,0.8928665151604883
54.46,0.8859244011982504,0.8672895443315958,0.8754956081998279
54.465,0.9046625522370803,0.8785375921975092,0.8912191242339477
54.47,0.9090603985369151,0.8953078936361822,0.8948471513354311
54.475,0.932049983070517,0.9096031432233386,0.9198556049450185
54.480000000000004,0.9543924883650106,0.9387639882999982,0.9459495967604765
54.485,1.008896204487155,0.9902440928825591,0.994820727699324
54.49,1.0037888149546719,0.984111548712613,0.9878815156323747
54.495000000000005,1.0163346367083255,1.0038113563481335,1.006894401118297
54.5,1.0316416029864743,1.013356035076455,1.0223430053210063
54.505,1.0447490904375096,1.0210607887268917,1.027497617693297
54.51,1.0627727232840662,1.0490029534317595,1.0513365144545765
54.515,1.0833690699032568,1.0651441960938444,1.0714692081034916
54.52,1.120087229394061,1.1020926954087993,1.10888326154818
54.525,1.1049091850349513,1.0926795823917523,1.096362915993857
54.53,1.1357318009189263,1.1171729519322535,1.121861722590099
54.535000000000004,1.1559186004746869,1.1417522804949316,1.1429663204452862
54.54,1.1399060516463115,1.1212820521122902,1.1322414775849843
54.545,1.1362249827754805,1.1287273561060416,1.1303386297545348
54.550000000000004,1.1267734890057626,1.1117056477798168,1.1149041965327233
54.555,1.0961762399373474,1.0766779776931081,1.0826141316958533
54.56,1.0957286082623539,1.070550869969388,1.079760499253274
54.565,1.075600257336974,1.0585896604634064,1.062286411011585
54.57,1.0624819423453828,1.0432317624371192,1.044476697208117
54.575,1.0488854185366472,1.0355948075031063,1.0393950641093286
54.58,1.0669543678760003,1.0537184754409774,1.0575251455475743
54.585,1.0387052380488153,1.0252582266407586,1.0225274413520753
54.59,1.0141413188769062,0.9996929019059785,1.0056357170787251
54.595,1.0097403812050971,0.993432197403008,0.9931522865791255
54.6,0.9835926213878513,0.9658533391848274,0.9649156258477339
54.605000000000004,0.9732980600216058,0.955295407877369,0.9605060819258318
54.61,0.9426332241345462,0.9258964128921435,0.9328402780066962
54.615,0.9359402328251093,0.9277167269543434,0.9261415704289596
54.620000000000005,0.9880883907073256,0.9687279930265722,0.9701534599001097
54.625,0.9582711437458539,0.9414834805625517,0.9470318673236423
54.63,0.9694186448552685,0.9518231882164886,0.9570483590453217
54.635,0.9678012575254918,0.9538287913851541,0.9587447073550139
54.64,0.9896914513885302,0.9726455844316944,0.9832050270240279
54.645,1.0603882967861362,1.0501523783138351,1.050830483769388
54.65,1.092517723288241,1.0778908815575985,1.0825878196857919
54.655,1.141350381066541,1.1252531384571365,1.1275530041316824
54.660000000000004,1.1464018705639816,1.133889318421717,1.1379839081392038
54.665,1.1163363765056213,1.1084706402624356,1.1065589627859866
54.67,1.125280328127546,1.1095676445535856,1.1119393047630652
54.675000000000004,1.0908618817720153,1.0782196618243034,1.084772150783576
54.68,1.0829110230303274,1.0685778739852174,1.0721064004299534
54.685,1.1307831714823549,1.1181595814989316,1.1197292972719641
54.69,1.1003406694605327,1.0860485572500729,1.0879710741258806
54.695,1.1428504679126654,1.1223778273634684,1.1248944517262476
54.7,1.131441288342453,1.1205877073280552,1.1236168451830293
54.705,1.1056537689261394,1.0857273489818902,1.088505050192286
54.71,1.0933766223997463,1.0705429522936536,1.080437424722347
54.715,1.062410102654447,1.0454113008245307,1.0467676882563364
54.72,1.0681987511826947,1.0532272289190823,1.062314953692568
54.725,1.0557684848139846,1.0370620486008244,1.0457881070281922
54.730000000000004,1.0423397798897367,1.0271682425958826,1.030448887361745
54.735,1.0171007178023008,1.004597503122519,1.004620490637437
54.74,1.0098550113265885,0.995677660068184,1.0027168129489001
54.745000000000005,1.0279021444105374,1.0106826352000229,1.0139617716296145
54.75,1.1008616466253769,1.081297996398464,1.0892328598074734
54.755,1.0900129989517966,1.0739003381402914,1.08056728407964
54.76,1.084146472583351,1.0624717019079868,1.068262120062522
54.765,1.05497909766748,1.0419936479612453,1.0391765191234563
54.77,1.0341632759211823,1.0221525878409061,1.0242223856251071
54.775,1.0487588190847852,1.0268763891387636,1.034933662391461
54.78,1.031411853636032,1.0154070082337596,1.0194773235078305
54.785000000000004,1.0154825708011397,0.9987092962678,1.0043269057376412
54.79,1.0298562900715162,1.0147320509677247,1.0180359552754112
54.795,1.08156933735491,1.0639618118303347,1.0690187914179716
54.800000000000004,1.0317431256437168,1.018960487341004,1.026285849470522
54.805,1.0554794753097057,1.0391956136452563,1.0450822455089124
54.81,1.0707174033172744,1.0621059010053708,1.061814635225718
54.815,1.085152659237153,1.0626326172781106,1.0672720265766114
54.82,1.104246628893923,1.088202813575405,1.092932697065697
54.825,1.0733019846323273,1.057878930953292,1.0536098461811256
54.83,1.0508023154803585,1.0348635520566216,1.0393488046843176
54.835,0.99106315105826,0.9800138046103534,0.9781383549555439
54.84,0.9937664215266756,0.9796430090577983,0.9764049775152203
54.845,1.0251456769837908,0.9984825434656016,0.9996620631481863
54.85,1.0093931919475916,0.9939944279474288,0.9949758372940044
54.855000000000004,1.007327955395117,0.9959292319850676,1.0026471708081677
54.86,1.0492777534618656,1.0341393009800615,1.035587852987179
54.865,1.0411545713221286,1.0199406523540786,1.0202585815639722
54.870000000000005,1.0924341813681215,1.0712324730628608,1.0711855014587064
54.875,1.086632610628168,1.0648774191968753,1.0680227104679887
54.88,1.0917392210264278,1.071988649929245,1.073660494302354
54.885,1.0839295144518233,1.0640809719558801,1.0732088730096268
54.89,1.0887734092802235,1.0804616720293674,1.0809606651343353
54.895,1.0799081482273807,1.061917481988645,1.065747844555285
54.9,1.066561107689827,1.0446836878854509,1.0495475499600975
54.905,1.08402748141042,1.0705021001195383,1.0635712653484575
54.910000000000004,1.0659542646277735,1.0462379078314044,1.045853312533566
54.915,1.0106829857586321,0.9969072703500791,0.9954981208231509
54.92,1.0413678603586185,1.0229547324313235,1.0246944947450696
54.925000000000004,1.025332481230153,1.0044354969535065,1.0005259320381121
54.93,1.0628960062017099,1.044520669893273,1.0443355982786537
54.935,1.0506497566647415,1.0326990935429199,1.0340147929861023
54.94,1.025446486982891,1.004584655740842,1.005979486856766
54.945,1.026132702590331,1.0086145353616993,1.0086408072013417
54.95,0.9867354916384803,0.9683128326394171,0.9701032583284236
54.955,0.9642758144852156,0.9483732840129305,0.9424218999098499
54.96,0.9588756017897427,0.949252039670533,0.941806815798846
54.965,0.9706604517811925,0.9569134638470411,0.9514464130409056
54.97,1.0339966729574088,1.0146725510290877,1.019923945127849
54.975,1.0834861712212067,1.0699961125644868,1.067528898485899
54.980000000000004,1.1003598246763602,1.0845504190733992,1.0795388349770199
54.985,1.0688784885849545,1.0505808404053592,1.0486155946511189
54.99,1.0389849121988828,1.024371610021795,1.0229177427903906
54.995000000000005,0.9820416332636334,0.9689530556918501,0.9639681012002027
55.0,0.9079715145568986,0.8929524142846589,0.8899741433460703
55.005,0.8705847511950787,0.8606353539270465,0.8555122792665254
55.01,0.836516794420796,0.8219033755832378,0.822235050942747
55.015,0.8219561185939734,0.805117687986848,0.8088503322064207
55.02,0.84368855838882,0.8291504290113215,0.829083552309989
55.025,0.7745815442420287,0.7685732346967793,0.7640939344555893
55.03,0.7473260037158144,0.7325080467810513,0.7281262165660567
55.035000000000004,0.7346106581027341,0.7251519860438128,0.7217370715545682
55.04,0.7416233092102459,0.7324940849097417,0.7293903822984725
55.045,0.6834861992573628,0.6685464154881446,0.6651986935509522
55.050000000000004,0.629483567990723,0.612547103020854,0.6120277887658571
55.055,0.6436029537211714,0.6238893031199084,0.6283104388288937
55.06,0.6047299909155249,0.5957939138788308,0.5913262041963783
55.065,0.6325618557696902,0.6166987470224272,0.6169889790074393
55.07,0.573784457913458,0.5487578775984254,0.5584368281063932
55.075,0.5198202218813923,0.5060437739362815,0.50376203232458
55.08,0.5434776140180502,0.5248622308894998,0.5306096666891174
55.085,0.6015545602905028,0.5864849816364414,0.5845624286826667
55.09,0.628457436590677,0.6064043579940189,0.6081545868303332
55.095,0.623104523293472,0.602966173885406,0.6064285289800182
55.1,0.568906306505586,0.5510342305461287,0.5464864412782362
55.105000000000004,0.605769641826055,0.5911737922971306,0.5946040254782015
55.11,0.628606940145911,0.6194480918572506,0.6117104990951894
55.115,0.6640110567292967,0.6443382980821111,0.6440216126093946
55.120000000000005,0.5891514050730967,0.5721285294947414,0.5718717108913062
55.125,0.5895633555697448,0.5741639724232148,0.5713386789453754
55.13,0.6002239189551128,0.5831218536653068,0.5759016006509546
55.135,0.5931198607899356,0.5752408756112378,0.5744851475393893
55.14,0.6351593509329839,0.6141213937611889,0.614198085650301
55.145,0.6416643304746962,0.6220881967048023,0.6228780541692638
55.15,0.6395051077743085,0.6236548058013006,0.6246500547207396
55.155,0.6687516726580317,0.6546147148164485,0.6488917239953692
55.160000000000004,0.6680678158218731,0.6506578354243676,0.6479264135626491
55.165,0.6907581907816318,0.665165038866446,0.6673043374430381
55.17,0.7320666147075746,0.7183672388998382,0.7160934907793046
55.175000000000004,0.7350956510858067,0.7179972471321907,0.7131985030547087
55.18,0.7902468806769671,0.771604456913643,0.7708107183181604
55.185,0.7839800984077713,0.7730509248190844,0.767935582892399
55.19,0.8258552964740292,0.8090472745776919,0.8108752060722815
55.195,0.8370464115672829,0.82008403126017,0.8180821433378854
55.2,0.8284363544940239,0.8166724866746822,0.815143743242537
55.205,0.8310715166714308,0.8137684419192598,0.812740613194042
55.21,0.8528723391953639,0.8341918160490299,0.8370149562602214
55.215,0.8707496386732495,0.8529001193354411,0.8523481356407251
55.22,0.877907382134421,0.8577042300089885,0.862822069817209
55.225,0.8308891125691684,0.8153576041419219,0.8106398036807827
55.230000000000004,0.8451247592768217,0.8282359241457607,0.8229894488454745
55.235,0.9081663438233084,0.8882212982205756,0.8931144075837621
55.24,0.9650436510788394,0.9375588626830514,0.9454614941305663
55.245000000000005,0.9636194910549397,0.9460259699866507,0.9404618512570497
55.25,0.975133858584076,0.9578880497067954,0.9608494767162694
55.255,0.9579579154830336,0.9374881078914176,0.9415273208778496
55.26,0.9082024685312401,0.8859410812787533,0.8926539902885117
55.265,0.8915377228270015,0.8646871749061142,0.867426474192563
55.27,0.8520220243775171,0.8308293488023495,0.829745861411967
55.275,0.8876290730316754,0.870113548253793,0.8635405236218359
55.28,0.9279019367086196,0.9070774316629899,0.9101831466080293
55.285000000000004,0.9115691377254258,0.8936150403253039,0.8912078877710835
55.29,0.9488502871568949,0.9337660322273875,0.9369193760950175
55.295,1.0024940659721882,0.9836129303577422,0.980789004215567
55.300000000000004,0.9408756157634418,0.9248428790904485,0.9264765287976243
55.305,0.8959757869547675,0.8798434404874296,0.8747644108362241
55.31,0.8334347715149532,0.8047201058736341,0.8111008848829147
55.315,0.8177986661292679,0.7987562053878668,0.79837516007091
55.32,0.7944451329917961,0.7806285232098585,0.7780512797008414
55.325,0.7963955398821055,0.7781097751932917,0.7786506507397095
55.33,0.8856433723852408,0.8679408480776799,0.8685668855238141
55.335,0.8638369277930669,0.8472591860430133,0.8477787196311432
55.34,0.9423329443567247,0.917209858722007,0.9169888770410151
55.345,0.921550794106624,0.8990560846271088,0.899318515480337
55.35,0.9598712307403976,0.9366812964002587,0.9376220297015128
55.355000000000004,0.9678852802791262,0.9517694697028398,0.9474434369293504
55.36,1.023700254193411,1.0100593794717225,1.006308343254408
55.365,0.9830215915905546,0.9625102736859587,0.9574911070021422
55.370000000000005,0.9267641103756855,0.9080354240065408,0.9069465097326357
55.375,0.870330176102951,0.8615399536707254,0.8598156826950173
55.38,0.8925934099370507,0.8632260258385945,0.8684176638527454
55.385,0.9066097396833003,0.8865498888727277,0.8817548201908819
55.39,0.9070857985146848,0.8873469548812173,0.8853948109918002
55.395,0.9420413980791477,0.916462971937299,0.9217796514271629
55.4,0.9404336383323231,0.9208835299229658,0.9207027974559306
55.405,0.9477831753690655,0.9227160700884748,0.9260912617748301
55.410000000000004,0.9453673682466194,0.9294647767011394,0.9248895581503501
55.415,0.9467447666948314,0.9317443054653329,0.9295941820521471
55.42,0.942128176268476,0.9225217167338772,0.922956925345311
55.425000000000004,0.903550025691048,0.8832462945503838,0.8795360671052322
55.43,0.8446252117494808,0.8277767739961813,0.8276394400844921
55.435,0.8429302355236584,0.8266698795837895,0.8266003621939229
55.44,0.8698819326137177,0.8481765494414345,0.8451831637364488
55.445,0.8372437240407078,0.8171112354681909,0.8188834763052535
55.45,0.8214323005166934,0.8068642968615404,0.7999159827755742
55.455,0.7583178437750591,0.7431016253029842,0.7374310455785845
55.46,0.8030714659620946,0.7854311563076233,0.7841872145392047
55.465,0.752926720278917,0.7383657733296963,0.7409026340502127
55.47,0.741358929264469,0.7259500610748666,0.7214851631673049
55.475,0.7044886941278848,0.6882637971346811,0.6896782666796367
55.480000000000004,0.7435056165323558,0.7288258865866185,0.7215933545245535
55.485,0.6671385941592675,0.6439605823396575,0.6471704343595401
55.49,0.6542493026936598,0.6336570656236217,0.6329195723021379
55.495000000000005,0.6921500256077165,0.6694074503423919,0.672133295957308
55.5,0.701868782662498,0.6767568009637552,0.6796320616117887
55.505,0.663247360598408,0.64717953679393,0.64630265760628
55.51,0.6679628587517578,0.6541933636063747,0.651309198696024
55.515,0.661704357875582,0.6450744083270058,0.6422297230979838
55.52,0.6872037887547859,0.6661131989928105,0.6666491996633014
55.525,0.6692244968098535,0.6490108822890992,0.6446869339737255
55.53,0.6757803445473729,0.6572300696067304,0.654834640334147
55.535000000000004,0.6853390884261953,0.6681167460399573,0.6656753337301795
55.54,0.6872469214822238,0.6702204037489755,0.6664568940651877
55.545,0.6621873699008984,0.6430813194130762,0.6374128998963919
55.550000000000004,0.6246464276411239,0.6022366218238682,0.602853339533291
55.555,0.5932979311924204,0.5744968857003574,0.575490415549162
55.56,0.6134023399707079,0.5957008028675621,0.5949316964636892
55.565,0.6407642531885465,0.6245989459596708,0.6255040043005813
55.57,0.6133536695813581,0.5915304058953411,0.5968326682301766
55.575,0.596691798498305,0.5818848914123584,0.5767441210429903
55.58,0.6404005883791775,0.6177687081166002,0.6220779822083927
55.585,0.6122730925327888,0.5948411315478932,0.5995143217288662
55.59,0.60352655099871,0.5853159144577711,0.5847533643133537
55.595,0.6123773827525887,0.5884932744457225,0.5906056376738389
55.6,0.5332698507590964,0.5151090930362201,0.5182097217687265
55.605000000000004,0.4719602621869039,0.45227505530109274,0.45047884925292453
55.61,0.45166353781591173,0.43733603231803425,0.4305650403685314
55.615,0.44833130554124806,0.4309241096496917,0.43257495624108516
55.620000000000005,0.4211037269693111,0.40012719049517154,0.3999254414736897
55.625,0.40771568707538347,0.38481961643527013,0.38861790796006135
55.63,0.3489544318213863,0.3366864500048066,0.32818164971040215
55.635,0.29270002465195505,0.27426715500460136,0.27453563522380114
55.64,0.28455657810168306,0.2641083593584612,0.26390893315304303
55.645,0.32514386139944995,0.304281157593623,0.30918817870552245
55.65,0.3384134814639328,0.32398776306014443,0.31829876902659554
55.655,0.3156069366187586,0.29815020476985427,0.2965390032240823
55.660000000000004,0.31505319835803397,0.2994209342332211,0.29910482076838635
55.665,0.36618085565517755,0.35047294639136617,0.3497143838803693
55.67,0.34215167109287975,0.3229927472314745,0.3210519391247876
55.675000000000004,0.3999355493923459,0.37213530614387214,0.377182446055161
55.68,0.4408821620254238,0.42357087509130914,0.42287246210280155
55.685,0.4438514212075307,0.42354177619561034,0.4227943429438079
55.69,0.47226931805096134,0.4464859426905917,0.45092392687884314
55.695,0.4822812126280861,0.45574489911282984,0.45948367163609544
55.7,0.5073607038909611,0.48484227837173494,0.482596031254382
55.705,0.4865845955119824,0.46454937478981223,0.4652025623048576
55.71,0.48670907353266896,0.46605449895118256,0.4627961824587975
55.715,0.44562200639242416,0.4160269787125831,0.4148957890805228
55.72,0.3768191847266229,0.3607557527265112,0.35895042795272153
55.725,0.4079406413054959,0.39196780285199084,0.3921783519687232
55.730000000000004,0.4456491356073384,0.42612883083826825,0.42899539005280407
55.735,0.4150400825846947,0.40010747099383825,0.3932976687904955
55.74,0.39445268119772886,0.37766382876431104,0.3756707246155388
55.745000000000005,0.42103203487186,0.4011629365129869,0.4009202537918594
55.75,0.4348436860603871,0.4179327279355939,0.41879467235883366
55.755,0.4693685582766024,0.4459885732324235,0.440740536889013
55.76,0.41433982940051306,0.39389760063985174,0.3943889420718996
55.765,0.3760083496829534,0.35022191895641724,0.356636105033415
55.77,0.33089268035230507,0.3115390538025631,0.3107696779466893
55.775,0.28344675399009023,0.26200728662909306,0.26516882949841536
55.78,0.28545299586098494,0.2682084161486554,0.27265369703246173
55.785000000000004,0.25773683522453117,0.23998535209956204,0.23738311524823302
55.79,0.25477493844659194,0.22586006854612856,0.22559781667911424
55.795,0.2692121968596453,0.2455425003888794,0.24594360283230554
55.800000000000004,0.24624042480597497,0.22370061413709327,0.22847699344445668
55.805,0.2563335894856326,0.23021558168721537,0.23622452196891094
55.81,0.24258890915624914,0.2228326705352649,0.22443426841488512
55.815,0.22671942627566521,0.20095948701836971,0.20302234146485612
55.82,0.15892646875921443,0.14200510310760692,0.1433074072144912
55.825,0.10980735282548552,0.08526754210888442,0.0918697146729593
55.83,0.12002134091358779,0.10448857062782707,0.10454362690393233
55.835,0.1267168324366534,0.10498605351793121,0.10364046185939381
55.84,0.07637907171625814,0.0625517627967454,0.054654818738499984
55.845,0.07625225309216163,0.054636591892307844,0.060325100969130185
55.85,0.09471574371542554,0.07046011646179823,0.07587819889006162
55.855000000000004,0.15968986171636848,0.14331112104696445,0.13847979588295606
55.86,0.17169876541837478,0.15214230418293645,0.15507584691497636
55.865,0.2116635159854012,0.19154639525414896,0.18514087498155135
55.870000000000005,0.22241843342118056,0.20411073387562736,0.2075434106701394
55.875,0.20298920133820822,0.18105703893592168,0.1856028226594453
55.88,0.21666601912025318,0.20193964160897537,0.19880178267601833
55.885,0.20413071274883968,0.18230463278847306,0.1804083965772351
55.89,0.19979644345476938,0.17540012667743124,0.1794335007099149
55.895,0.15716349290888135,0.13821106971952013,0.13808117499413722
55.9,0.1315624097206751,0.10791089802516984,0.11186142855527262
55.905,0.08958152105469018,0.06953492733708436,0.0719460458101509
55.910000000000004,0.12619177184173055,0.10158079055512528,0.1085874971363667
55.915,0.08291472583466347,0.06280243252352453,0.06509135309683232
55.92,0.11641718144852144,0.09245547810211718,0.09897299217128053
55.925000000000004,0.13123793620162158,0.11201338392323652,0.11395188898353238
55.93,0.1201589331340959,0.10037832365834047,0.09732734980058924
55.935,0.1682737376696679,0.15118244702922323,0.14870853833994174
55.94,0.18691128912300467,0.16857073028229894,0.17593199815276067
55.945,0.19470785862413992,0.17302660350243482,0.17146624374100294
55.95,0.1472650136194737,0.13298076972487885,0.1307550154133025
55.955,0.14188278793668735,0.12359188105416202,0.12293127081979809
55.96,0.20177086062761,0.1836540554570969,0.18570942807244809
55.965,0.19390989779789708,0.16568181475169394,0.17452373835371296
55.97,0.1671849714772043,0.14617982655661918,0.14849886326146022
55.975,0.19913612875471598,0.18169685486835158,0.1835883410299144
55.980000000000004,0.15754993479506543,0.13402856689082854,0.1373939862878777
55.985,0.13593032128171076,0.11450294747136408,0.11970834562103501
55.99,0.17716739499026204,0.15761752985530952,0.16244020513068153
55.995000000000005,0.18593788340534417,0.15996949682791156,0.16525031985709962
56.0,0.17606761427174358,0.15915232415035482,0.16047250394286106
56.005,0.2608420322032995,0.244567975388926,0.24048979010801716
56.01,0.3018370241472521,0.28780824240665664,0.28619470844824485
56.015,0.31871307195565995,0.30295233212825406,0.30330678818400914
56.02,0.3968152886370512,0.3750842651735533,0.37837944608666824
56.025,0.4330259002117244,0.4098744552022869,0.413880329334734
56.03,0.39412089561256536,0.379683959142305,0.3793121151002374
56.035000000000004,0.40814020154715813,0.38859082202238426,0.37987102155932106
56.04,0.4374953251147369,0.4134124410026221,0.41743766623005935
56.045,0.4903597107581363,0.46490044223412064,0.4653044968317267
56.050000000000004,0.555426205498837,0.5348324733330109,0.5348013229981933
56.055,0.6036350013327466,0.582844572262737,0.5857915740437127
56.06,0.6056146130716762,0.5826259162562976,0.5828509886849622
56.065,0.6162093116306339,0.5991800027991223,0.6026691521715725
56.07,0.5771895906818947,0.560973817915311,0.5635929243364644
56.075,0.5513711050609316,0.5391592147749062,0.5362647068167338
56.08,0.6716657319151866,0.6478273240599952,0.6468142037876942
56.085,0.6285675468540015,0.6044204881936744,0.6095356768492832
56.09,0.5926395186986916,0.578394291601662,0.57492415818213
56.095,0.6632467997298066,0.6487197140212269,0.644778279687017
56.1,0.7178753635845548,0.7024471750123654,0.7019100331256294
56.105000000000004,0.7086915764257449,0.6869514938535628,0.6920861971225566
56.11,0.7171454121739917,0.7020741653552758,0.7039176576359183
56.115,0.6386260417539421,0.6222238321644735,0.6255169484781367
56.120000000000005,0.687528700824736,0.6659306410020834,0.663064179520727
56.125,0.6386282597643693,0.6181254127193803,0.6218812899718882
56.13,0.6440522766484976,0.6196248682171175,0.6215619002651642
56.135,0.6224096516515948,0.6032890227484612,0.6023659061271518
56.14,0.6443405160961831,0.622366894427446,0.6238827314240633
56.145,0.6347285372318282,0.6133608565435573,0.6198449459039145
56.15,0.6288335170808371,0.6110319841783791,0.61265052262928
56.155,0.6993512142524734,0.6824331425757283,0.6843259882934538
56.160000000000004,0.7772784320503213,0.7659097008960715,0.7690888267702963
56.165,0.7880469485667152,0.77225242468593,0.7702234734202129
56.17,0.8249002856854575,0.8120519072262878,0.8087478804261069
56.175000000000004,0.7937150341854701,0.7748616406531452,0.775959175934065
56.18,0.7543376663837953,0.7343048142597923,0.7372340690462467
56.185,0.759361556081581,0.7450290385181291,0.7465003909717872
56.19,0.7190947659546418,0.7061915000115345,0.7100700428407035
56.195,0.7663284649846525,0.7442445059968863,0.7524416931845029
56.2,0.7134431494268337,0.694568899830632,0.6972191977673308
56.205,0.7546664482619538,0.7400270057033469,0.7361431479756604
56.21,0.7154667727253561,0.6961952225848789,0.6940895440832247
56.215,0.694866745825327,0.6781170107549872,0.6737926907932043
56.22,0.6709503583061702,0.6513415454932603,0.6573601092011407
56.225,0.6442810006912147,0.6268841908307721,0.6302365808459898
56.230000000000004,0.6657171686634666,0.6433225759390658,0.6470740961603897
56.235,0.6903344615443016,0.6769765657974696,0.6798173160299827
56.24,0.6770745696780862,0.6604479256762404,0.6561388019739361
56.245000000000005,0.6731057822861217,0.655131271031343,0.6563168501112537
56.25,0.6600721338276228,0.6454145307670894,0.64277695622041
56.255,0.6380814192992119,0.6152674613644508,0.6134060034331539
56.26,0.6723701060151992,0.6504388741026665,0.6549354741723654
56.265,0.6763134919889189,0.6500695989610394,0.657654555688684
56.27,0.6736519173110158,0.652236167249985,0.6550589596356728
56.275,0.6263265075876971,0.6072168938773923,0.6070251806363178
56.28,0.6343367973849455,0.6212156221170803,0.618687094367388
56.285000000000004,0.6531652354842554,0.6360406382659143,0.6345177470709285
56.29,0.6775006750469483,0.6584974052769987,0.6607005792229649
56.295,0.7002017307868414,0.6807448085550011,0.6789887763271183
56.300000000000004,0.7212001561974755,0.6996980105998846,0.7024523577007833
56.305,0.7177792034680651,0.6992749925838233,0.6942954623494969
56.31,0.7297877039174349,0.7094756918027277,0.7019815326526495
56.315,0.7410366134048915,0.7178035793889715,0.7206984269149125
56.32,0.6802810518202095,0.6564059262792024,0.664258454534459
56.325,0.6971085415494108,0.6753219489006614,0.6729299770537334
56.33,0.6281741246426223,0.6137804304823525,0.6140824116618272
56.335,0.6180643087237102,0.594946449748627,0.595688059110985
56.34,0.6113667616576568,0.597053660477635,0.5982876153298197
56.345,0.674526574813755,0.6442815404735801,0.6526774791465652
56.35,0.6778289953675416,0.6498747043333061,0.6538320619929415
56.355000000000004,0.5988851876172364,0.5730753894826437,0.5800846953055151
56.36,0.5495294821157162,0.5317833871520686,0.5292302622926472
56.365,0.5427881175476745,0.5206761443868932,0.5257547496269055
56.370000000000005,0.5059032893890946,0.48421959535999703,0.4900385925978464
56.375,0.500072699563298,0.4712055828617752,0.47501363525530904
56.38,0.5126053618936361,0.484669007990617,0.4896754028485833
56.385,0.4849145586604019,0.45909891816310705,0.4617148511649691
56.39,0.5205403571629675,0.5000034465768491,0.4993961045918619
56.395,0.5374544204028165,0.50854784297033,0.5101907007150992
56.4,0.523590006376027,0.4990057805022871,0.503618664248465
56.405,0.48602550433507596,0.46618302561459757,0.4664605562460931
56.410000000000004,0.4137002236652877,0.39021736394123235,0.3935671450535196
56.415,0.4338264634738968,0.4136195631002994,0.417836146740343
56.42,0.3631026279499562,0.3419661720453168,0.3428349354685751
56.425000000000004,0.3124109418103414,0.29071605376119025,0.29073744449221195
56.43,0.309117768611255,0.27888761515811666,0.28605184478683743
56.435,0.3150310320384695,0.2947684884460808,0.2908430992618603
56.44,0.3601348708077274,0.3349927626341108,0.33487151393885617
56.445,0.38932940208976385,0.36850846999961945,0.3715794328987921
56.45,0.4287986390349838,0.40401555015079454,0.40383477496414744
56.455,0.4046899808231797,0.3909407504562752,0.38696457427221403
56.46,0.36770266312116645,0.35071585457556786,0.3499848466500925
56.465,0.3414143141404301,0.32549446393134224,0.32143087972622614
56.47,0.3834311387388237,0.35496298212252897,0.3639501194745989
56.475,0.3182552136379297,0.29597498159910723,0.2949026735716315
56.480000000000004,0.29889271900316594,0.27812806019825786,0.27603952160909156
56.485,0.32821640581140965,0.30769566312080315,0.3099157912840814
56.49,0.29399388680710686,0.274606166398374,0.2746475821571026
56.495000000000005,0.3287163356994265,0.2959192213124034,0.3058843554908544
56.5,0.2677420883180221,0.24753666549472686,0.24133013969465253
56.505,0.28605738756854926,0.2565637569665533,0.2620963303756295
56.51,0.31324593353645386,0.29234824372454404,0.2922539632223484
56.515,0.3523363636423753,0.33666135425959764,0.3344825684824029
56.52,0.3609084061530718,0.34214192730581094,0.3438671096343108
56.525,0.4377422249551339,0.41424144313061273,0.41023060817252177
56.53,0.4428567828749075,0.42240518430442636,0.42226679515375504
56.535000000000004,0.4724922734454796,0.45347093176364006,0.4549444876019176
56.54,0.42455615986699585,0.4074744792969781,0.40325960992953475
56.545,0.44207839827035583,0.4171089282173509,0.4173788856067114
56.550000000000004,0.485011783834253,0.458898813888635,0.45993052157929293
56.555,0.5722674481810439,0.5461931612247478,0.5505869502133351
56.56,0.5476904945786011,0.5308241561203187,0.5296557572158159
56.565,0.577657313482002,0.5550266708499341,0.5568715194045926
56.57,0.6060392226686249,0.5852787657190489,0.5891746737431058
56.575,0.5467022102959921,0.5236431708560143,0.5238653962770318
56.58,0.5235911774562315,0.5083940977003057,0.508725767607449
56.585,0.4874349826409729,0.46658698025227574,0.46739609792426945
56.59,0.48321884768045764,0.4615496153238356,0.46009591416051104
56.595,0.4351753197592191,0.41000703082472045,0.40731004389266545
56.6,0.4048968255734706,0.38608860494972747,0.3901674875013353
56.605000000000004,0.43939174529607256,0.4154164567923051,0.41829825856034714
56.61,0.3886494028003884,0.3682442653822723,0.3669553943886717
56.615,0.3820712461489892,0.35798909836425624,0.3534903652485224
56.620000000000005,0.30710414376119816,0.2873318543273881,0.28167038446082016
56.625,0.3132242366755859,0.2892957137349677,0.292042799843742
56.63,0.3569998026097498,0.3411027067217321,0.33748961575770275
56.635,0.3464851557232741,0.32731023553965916,0.3225179037018215
56.64,0.2884633334229716,0.2741667507948125,0.2635610935917607
56.645,0.27730984854935675,0.26053632976168545,0.25530612012911813
56.65,0.23954336246875085,0.2187030429820686,0.21099270376690354
56.655,0.24578912764236568,0.22630777434073066,0.22696415873986917
56.660000000000004,0.275644615450936,0.24959667320249573,0.24503580434947775
56.665,0.32097027871880734,0.29968651739893337,0.29550345118469107
56.67,0.3125857798010444,0.29116347020314653,0.28824121087738047
56.675000000000004,0.3766860851126631,0.3571667625951746,0.357850850153413
56.68,0.39621176919993084,0.375911959027326,0.37740437984555614
56.685,0.40969798085754955,0.38402525299847545,0.3795407680569399
56.69,0.4308964715652142,0.4080577731427548,0.4064949839309087
56.695,0.4229739862337993,0.40288090244555946,0.39912312048488774
56.7,0.4518353567241304,0.4310694006369823,0.42928806980515605
56.705,0.4110256500057444,0.38986084730040726,0.3862691596733415
56.71,0.4026300609991982,0.3821314458397126,0.3838959188797581
56.715,0.4092412795982142,0.38825351856590395,0.3805160534738543
56.72,0.36353180767452997,0.3424059632990344,0.33873137781426443
56.725,0.4069120383452974,0.3831225929968433,0.3832961120228437
56.730000000000004,0.4369739127333625,0.41830184164385575,0.4156287211201482
56.735,0.40831137440985155,0.38776394018620713,0.3838836721257643
56.74,0.41738688893861275,0.3938332299892833,0.3948152855186955
56.745000000000005,0.4730288415563761,0.4517796079294947,0.45099373001240134
56.75,0.4529060418260346,0.4345661155307607,0.4227926509010153
56.755,0.4385255515965598,0.4132357930879402,0.4131950749169455
56.76,0.4148174290373729,0.3989951025332378,0.39429571789699164
56.765,0.42784550853547376,0.4019813910131253,0.4045487093133656
56.77,0.3919176088090948,0.3736725714024394,0.3757354525875374
56.775,0.40772220314458874,0.3842424698367462,0.38413860526640903
56.78,0.4190900088391579,0.39725342716321815,0.3933213994468173
56.785000000000004,0.44213754273745387,0.42383200133944887,0.4242694339403845
56.79,0.5067452843980342,0.48689580399311666,0.49246456455537485
56.795,0.47267619930029847,0.4583871078419373,0.4573792561759421
56.800000000000004,0.4237964163211224,0.41052296363957774,0.40450549444131473
56.805,0.4682340006418867,0.4466425611510082,0.4484764410736025
56.81,0.47211485893905886,0.4514965664518152,0.45204304587594096
56.815,0.42034076713806867,0.398070366078289,0.399781889005231
56.82,0.41590535025394,0.3974817747788663,0.3974800458064497
56.825,0.4945112520287791,0.4722139458957592,0.4755992394225305
56.83,0.5061318527242346,0.4893332958496233,0.48712326499180775
56.835,0.5329087238748025,0.5072838908942852,0.5113701844165809
56.84,0.49772413090511186,0.47842670146067706,0.4790795767960915
56.845,0.5199858541276622,0.505231476869976,0.5052542941757547
56.85,0.5733104029838831,0.5566928902977418,0.5548660971912003
56.855000000000004,0.6101693196700012,0.593791876099242,0.5927779664598649
56.86,0.6126336989173273,0.5928302565988977,0.5963897127471713
56.865,0.5631526746145207,0.5424767611401901,0.5371001738660469
56.870000000000005,0.5579185026917287,0.5381041680892348,0.5366447332445419
56.875,0.5727743544165892,0.5597976591258513,0.5549584616168868
56.88,0.5780935936002027,0.5601792627482982,0.556590362842672
56.885,0.6106704215708743,0.5870136141712436,0.58410326422966
56.89,0.6640860297916283,0.6433272414518817,0.6425467333973377
56.895,0.7218257786031309,0.7018962106398213,0.6947512735625538
56.9,0.6967279455983394,0.6718769593506316,0.6740647087482011
56.905,0.7299362550488306,0.7056073431407033,0.6995167294324977
56.910000000000004,0.680351930558431,0.6514934901078518,0.6547359682524446
56.915,0.7129143795295588,0.6892564728351896,0.692868161332793
56.92,0.6825574730314756,0.6637734795326473,0.6646610250492458
56.925000000000004,0.7126190305224357,0.6905838482443903,0.6925270791249084
56.93,0.730939364235912,0.7036596469162993,0.7022833734319258
56.935,0.7604558459494519,0.7360834926588875,0.7379701414087203
56.94,0.7334718129689286,0.7090711122160074,0.7041397840044852
56.945,0.7609439699600641,0.7376954826426908,0.740322673551649
56.95,0.7273758870761036,0.7047987164059794,0.7022002285657871
56.955,0.7333225031968162,0.7121817901192048,0.716885594042587
56.96,0.7109532798320433,0.6898435167994744,0.684082047183229
56.965,0.679396858514641,0.6599400588497731,0.6573991758654778
56.97,0.6805986807049793,0.6577434898423693,0.6596288754877689
56.975,0.7217629292856985,0.6988982978860175,0.6955015934436785
56.980000000000004,0.7511162083793228,0.7263479777435404,0.7240337866506604
56.985,0.7265869998113921,0.7059728183765065,0.7044746545709145
56.99,0.7166135326642046,0.6944399003529336,0.693910956953603
56.995000000000005,0.7250730615161329,0.7009424943149627,0.701168420136896
57.0,0.7081818345081631,0.6887584787657997,0.6826502726347847
57.005,0.7550159282324889,0.7333760438110734,0.7327130360782433
57.01,0.7622909010548381,0.7388554540619843,0.7426154759940266
57.015,0.7989962234733592,0.7748576411179438,0.7764315223332771
57.02,0.7745959899926332,0.7515874633541547,0.7469066461609112
57.025,0.7878993369835451,0.7685126634250722,0.7642919756835366
57.03,0.7523270467896344,0.7359340408051694,0.7368494741559263
57.035000000000004,0.7564086351510699,0.7364594880786449,0.7401265996741903
57.04,0.7311516585596538,0.7093509760046346,0.7065279503284997
57.045,0.7510395698807014,0.7241513060630128,0.7321481201922916
57.050000000000004,0.6871745649058961,0.6717638154934857,0.6678775797127959
57.055,0.6419064913509064,0.6180705480766179,0.6210545710526133
57.06,0.5990252017633038,0.5799722628847284,0.5771549093510974
57.065,0.5559178365959253,0.538244718149602,0.5383284529013492
57.07,0.5802762388050873,0.5613603871066525,0.5612603249592237
57.075,0.5665594475333017,0.5422703287231602,0.5429116730195852
57.08,0.5461443466177466,0.5283486994322716,0.5309622853481053
57.085,0.4976718988043314,0.4820429586561102,0.47523194560534937
57.09,0.5496068952163463,0.5281348087624048,0.5288069289305208
57.095,0.5413854743427071,0.5158056795569186,0.5197079190898038
57.1,0.49823201204479645,0.4779966669221568,0.47622208060536875
57.105000000000004,0.48089762847713136,0.45918136793873215,0.46467251599278864
57.11,0.46930946714344113,0.44295175106552276,0.44407520307188814
57.115,0.43173186127995805,0.4154675097569695,0.4156694937740532
57.120000000000005,0.46913559714522174,0.4511507524161292,0.44918423140369845
57.125,0.43568532158078327,0.4127087149881981,0.4159418833096064
57.13,0.40228647564037073,0.38366443067525013,0.38643527133804917
57.135,0.3333215446638714,0.3060644077186629,0.30791838793834736
57.14,0.359743166708069,0.34234834454328855,0.3386365401813081
57.145,0.3489496531483332,0.32160257191234803,0.32774580281966414
57.15,0.3228146127024302,0.3030582696301885,0.30775468839734915
57.155,0.2978935782053994,0.2747566246339394,0.27697634453509884
57.160000000000004,0.3077372859283524,0.2840601830114907,0.29499560890774523
57.165,0.319874604107912,0.2892498210096317,0.2967108906479186
57.17,0.3427242121376869,0.3166594432893056,0.32279425905472736
57.175000000000004,0.32840908887886244,0.30186523875098326,0.30120109166947134
57.18,0.3269606348639566,0.3059146381635049,0.30781834428963334
57.185,0.3542230649573272,0.3344116730121184,0.33453467512701307
57.19,0.406352459170547,0.38181796153986347,0.38483713956792653
57.195,0.3577704334637734,0.33339174909462904,0.34163516964785745
57.2,0.3264550492034564,0.3042973913954924,0.30606030759811387
57.205,0.36760184249106126,0.35374531812383464,0.3572758595098242
57.21,0.35352580844778353,0.33357925358104706,0.33957066402616726
57.215,0.26575889881552145,0.24002616956352524,0.2431988715136826
57.22,0.21946272649994564,0.2003490008286845,0.20019461992852913
57.225,0.22044537857847524,0.19834349362775033,0.198181901226433
57.230000000000004,0.14449087640676717,0.11711413193751544,0.12713903377578348
57.235,0.12170318182805953,0.101787915574253,0.10437927406142694
57.24,0.05272223047726474,0.036671961938102654,0.036080512341976304
57.245000000000005,0.05255231527174182,0.02738404577580682,0.03548334281717039
57.25,0.034149784530047876,0.009133095355758798,0.007279258746867116
57.255,0.054392966896340586,0.03763841051508948,0.035114619997671986
57.26,0.06977730714925605,0.04540006397502113,0.0507394760324344
57.265,0.05209461167862506,0.03192992095593509,0.03863471253261238
57.27,0.04551727232893167,0.01967027097079528,0.026885784558482763
57.275,-0.007950474531556862,-0.031835084877442604,-0.029495735675941666
57.28,-0.02601800344005384,-0.048773592896786726,-0.043141057209098325
57.285000000000004,-0.023277031255997217,-0.05092375273950879,-0.04531805425595794
57.29,0.0032673911658553326,-0.019854459409829293,-0.02025839531022763
57.295,0.03884737258456509,0.02156139525759037,0.019278249505244635
57.300000000000004,0.07227720143269165,0.05380862884017307,0.059147241401986385
57.305,0.033516039208419224,0.00522561265797759,0.0070514807202183465
57.31,-0.019329609789177204,-0.04020740257159407,-0.03780504941329446
57.315,-0.04238282802699397,-0.0597217005598582,-0.057242870972684344
57.32,-0.06002325221098271,-0.0859172323994234,-0.06953267747589194
57.325,-0.09703928030842385,-0.11423930110327271,-0.11148822963820941
57.33,-0.06069861629447445,-0.08037356882189774,-0.08149705710358932
57.335,0.0015498064942065268,-0.015526229341420556,-0.015741200369024388
57.34,0.032871792781192885,0.008469088762709274,0.014368442533858982
57.345,0.08862691725869783,0.07241261104110203,0.07157093858859588
57.35,0.1265311803713569,0.10583809855143683,0.10354812414288628
57.355000000000004,0.13806195459096687,0.11330743359302421,0.11512454576372218
57.36,0.13684816676171527,0.11169760442625583,0.11890507483553392
57.365,0.1748472038701773,0.15440588247369297,0.1548982186646265
57.370000000000005,0.1446970839049409,0.12286020635032224,0.1273851438151621
57.375,0.17714643804334115,0.15526895681534564,0.16018038346862218
57.38,0.13631493091273916,0.10996374235891761,0.1194272786019386
57.385,0.12514511530298233,0.10240142159454658,0.11179255072281279
57.39,0.15581748752563618,0.13135063104298125,0.13431744312492752
57.395,0.15229468361504045,0.12193889720252396,0.12806238305058548
57.4,0.14419987151495472,0.12323319470960595,0.1222720007599542
57.405,0.18889474132553688,0.1706693059268228,0.17519513189804228
57.410000000000004,0.2218943050282107,0.19978743805477767,0.20195365955651373
57.415,0.18688504667995884,0.1647982620286496,0.16983396255758343
57.42,0.17875485758921794,0.1571512357185457,0.15738349744461472
57.425000000000004,0.08639186088851127,0.06927521192463487,0.07342260791874128
57.43,0.10391184805038872,0.0841317532525563,0.09336009910109351
57.435,0.09474107675881777,0.07714420827846864,0.0738958095224904
57.44,0.07093893269885207,0.05173689779231415,0.04594191671879232
57.445,0.10636568879143375,0.08429705296161748,0.08984125401386117
57.45,0.08704871106856633,0.0669630944851552,0.07139403539586332
57.455,0.019474883143337795,-0.005429125917560167,0.00819941997495968
57.46,0.016523352960524977,-0.0021567954569480016,-0.0011318763551993322
57.465,-0.05140501167933486,-0.06786037404573518,-0.06762255374682345
57.47,-0.06277901622077256,-0.08780196021132063,-0.08055251709731563
57.475,-0.08587123487218491,-0.10856655400339321,-0.10863831754960468
57.480000000000004,-0.11253671127124253,-0.13221545852785058,-0.1320670705819754
57.485,-0.11119149762713453,-0.12453493360535205,-0.12640586836561477
57.49,-0.09160944182895386,-0.11031145709073821,-0.11670792880106846
57.495000000000005,-0.10982677173994591,-0.1301902164808465,-0.1297201308461562
57.5,-0.12280251988375127,-0.14549890953507602,-0.14379920511295538
57.505,-0.21107525728820475,-0.23214362627560617,-0.23110938400962538
57.51,-0.20125777828332483,-0.21893856426101665,-0.21930062990013674
57.515,-0.1543363900831087,-0.17739294860139698,-0.1705641652267446
57.52,-0.1752320700549094,-0.20218159309738848,-0.19421267291000466
57.525,-0.16859797128799792,-0.19174808140029834,-0.1834822855182136
57.53,-0.09335913644396217,-0.11603419657676442,-0.1157094906758203
57.535000000000004,-0.07307099535223816,-0.0930177573661929,-0.0934969421074994
57.54,0.0026267340056783696,-0.015044696365230408,-0.01538053787186527
57.545,0.009161733858261065,-0.010287716792527064,-0.00984552099116123
57.550000000000004,0.02526845403713293,0.0036909023493679645,0.01294844303765793
57.555,0.043286587254728066,0.018696733452266863,0.024039023559539196
57.56,0.029741330314789798,0.010614252404942123,0.018309033376613108
57.565,0.02576174407166788,0.008526940446139088,0.0032664699563651916
57.57,0.0008746627179204792,-0.019413155933280885,-0.017622141797010094
57.575,-0.10638146367924026,-0.12874419882859328,-0.12762878092425592
57.58,-0.12876010864986837,-0.1479287131626749,-0.14362512878746972
57.585,-0.11998068185948561,-0.14002402095051322,-0.13662789108795775
57.59,-0.07732124456110055,-0.10090387184629138,-0.09239361436895527
57.595,-0.06974863242819582,-0.09562909151817443,-0.08740285460938663
57.6,-0.08499825595249187,-0.10754082966135016,-0.09880012211288039
57.605000000000004,-0.0759490205670348,-0.09458439933539986,-0.09197888184392285
57.61,-0.08943998689021727,-0.11559986228690064,-0.10959753422355176
57.615,-0.19076880030363175,-0.20889175545715097,-0.20784286067749455
57.620000000000005,-0.15715005498892676,-0.18492223860558452,-0.17240781153347823
57.625,-0.102055938076707,-0.12604548435749222,-0.1194258111201782
57.63,-0.04948625247116366,-0.07349483091637982,-0.06971726497990244
57.635,-0.04960963640036504,-0.0673242590976275,-0.06646520751596233
57.64,-0.0911169668120182,-0.1085566680640586,-0.10374941556305489
57.645,-0.10611434611410854,-0.12853761836138183,-0.12433212045070649
57.65,-0.10532821597284707,-0.1288864696416888,-0.12202880917962776
57.655,-0.11920802948934603,-0.14125517123962747,-0.1345708990113887
57.660000000000004,-0.11534253114376568,-0.14300723838433155,-0.13163945184726727
57.665,-0.07632610057806868,-0.09541898338219562,-0.09553825091055618
57.67,-0.026842039263985405,-0.04805231339095947,-0.039845830903541164
57.675000000000004,-0.06676386758131425,-0.0889101260253083,-0.09130129017408431
57.68,-0.026020085639959504,-0.048030543663698785,-0.04654009003440388
57.685,-0.04526237693179863,-0.06540218854326414,-0.06350213415734637
57.69,-0.02605640650780144,-0.04624430860571008,-0.039402028872536785
57.695,-0.045293204877966856,-0.06871189522943498,-0.06591803220416817
57.7,-0.06431784442541695,-0.09426229295393096,-0.08478123899233449
57.705,-0.058933777441199736,-0.0829700069476798,-0.0792402152066478
57.71,-0.04847925618199567,-0.07442369230977891,-0.07035160302644519
57.715,-0.007743411290077348,-0.032446386586129417,-0.030966949234106395
57.72,-0.10511820949708264,-0.12972566958524373,-0.12361501809859739
57.725,-0.11341960031414272,-0.13823806848283446,-0.13252926758345243
57.730000000000004,-0.08222507206755462,-0.10533056081560675,-0.10557537332928327
57.735,-0.028700584320358977,-0.056617200077090486,-0.051818882367679384
57.74,0.039952298907848786,0.022931123372818316,0.02284724933991951
57.745000000000005,0.05144842435047982,0.027471781427559135,0.030076497274561086
57.75,0.08472203585874527,0.05730498958948428,0.06270787550682846
57.755,0.09819316957763988,0.07743990098897506,0.07995027434494688
57.76,0.10859869071059883,0.08594059297710205,0.08696775400606964
57.765,0.11129105862282176,0.08809277957223208,0.08704788293364042
57.77,0.07755781845918606,0.05723073911801541,0.0548541408465326
57.775,0.07835984756227336,0.06310566621634021,0.061946842275623214
57.78,0.08780144974171183,0.06364129893257701,0.06928734233539952
57.785000000000004,0.0433042727189787,0.019408300160168805,0.023323383186389327
57.79,0.04266651182463545,0.022241258715734933,0.022233352560466345
57.795,0.0030285153100087633,-0.015456252300083469,-0.015210426662511652
57.800000000000004,-0.058608196621729516,-0.08769972190406106,-0.08245927101896314
57.805,-0.010498296636476261,-0.03730296909348149,-0.036115023977416436
57.81,-0.030318077874866078,-0.04626244763781147,-0.051648559208924326
57.815,0.030388414961543896,0.010570267720297752,0.011927355718453228
57.82,0.08589288184112928,0.0642919879519093,0.06993135590053744
57.825,0.06055973061422624,0.03703261779272299,0.04122931269920695
57.83,0.04965059065924681,0.025286180647373018,0.025147852322724346
57.835,0.08702717368697008,0.0595847910252339,0.06894233191342558
57.84,0.06406712125718557,0.03772370589841771,0.04655769746492705
57.845,0.05195416359276869,0.02549592289574471,0.029836405728711532
57.85,0.03993972110606962,0.015877530597676274,0.017267329096285613
57.855000000000004,0.026972290203948503,0.0016505077915371959,0.0053145686993627764
57.86,-0.020464355236922242,-0.043798474886787495,-0.03480274830903024
57.865,0.046254710587757646,0.0167653909702554,0.016552220939686703
57.870000000000005,0.04050949554175487,0.022301680476251258,0.019376940698295923
57.875,0.06094090752229909,0.03752892008784804,0.0413140500204077
57.88,0.045514215713311865,0.02247501509804611,0.022805523869156366
57.885,0.0651465516401794,0.04877389751479442,0.04132398908279635
57.89,-0.005965825461897981,-0.02874945279540255,-0.029883870095306596
57.895,-0.007267093194023976,-0.02060983405352826,-0.03178575211462355
57.9,-0.03184802836686697,-0.04815037779523854,-0.05188436927696083
57.905,0.012380230057141032,-0.009142204834920724,-0.005468296389739619
57.910000000000004,-0.035742038254844614,-0.053407312085241285,-0.049866266688643045
57.915,-0.012611864515712307,-0.03442002909897279,-0.038972052052760844
57.92,-0.061266830487478156,-0.08573691171842258,-0.08344160896430175
57.925000000000004,-0.12240291120634234,-0.14588321307757987,-0.14519505128716995
57.93,-0.12862661120104696,-0.14098250865696646,-0.14652710520215417
57.935,-0.12027160953860766,-0.13992623419784236,-0.13964488270644299
57.94,-0.05415257338050064,-0.0797237061922908,-0.07992303460214883
57.945,-0.03633697984678334,-0.06896456905598025,-0.07129801549058397
57.95,-0.02589707339591156,-0.0537988762346059,-0.05019337656207723
57.955,-0.0565229669638831,-0.07642723253557902,-0.08236890787331752
57.96,-0.09913429788030478,-0.1198748319392834,-0.12296834697626836
57.965,-0.10613752059207014,-0.1207385173769401,-0.12375642138138002
57.97,-0.1147872025378189,-0.13701233174090946,-0.14194456196135782
57.975,-0.06847928642918738,-0.086254990033451,-0.08944752128357246
57.980000000000004,-0.07476325063959251,-0.09321107813632383,-0.09246807249419015
57.985,-0.0689556977231528,-0.08317004581202679,-0.08886363484007681
57.99,-0.013183628144357409,-0.03577279750389892,-0.037155142227749946
57.995000000000005,-0.010931096184888639,-0.02809859975347899,-0.028758551395455183
58.0,-0.04201039807619534,-0.060373177660263205,-0.06339941538673242
58.005,-0.02013663526115884,-0.04054804190947643,-0.042734789647645044
58.01,-0.05501952629020564,-0.07083017203495788,-0.07084031366804873
58.015,-0.10229659865996836,-0.11836329573995065,-0.12552195322360873
58.02,-0.062079146854388145,-0.07878802946566564,-0.08446057923961137
58.025,-0.08125354227753583,-0.09037380039912861,-0.10066917687330262
58.03,-0.12484270154666204,-0.14068866734451585,-0.14494327193669929
58.035000000000004,-0.07738581393798304,-0.0931350189371836,-0.09801832205070107
58.04,-0.03494611819832057,-0.05530784039569656,-0.051189569779449204
58.045,-0.06546469282209459,-0.08544875915551696,-0.09263523596299107
58.050000000000004,-0.05228309682064522,-0.06834128169015044,-0.06655463319947483
58.055,-0.06315839897524375,-0.08270493668099417,-0.08262665621883937
58.06,-0.061424741557038746,-0.083040471734249,-0.08510795779515484
58.065,-0.08646845115197976,-0.0989445470856129,-0.10451313570194325
58.07,-0.06118083373664575,-0.08204658663610952,-0.0821531900442845
58.075,-0.056514367833770875,-0.07516247539945514,-0.07936969701076321
58.08,-0.010558705256911403,-0.03437723567033245,-0.030684060157533832
58.085,-0.03531068091925425,-0.05575244163812283,-0.05991496612636366
58.09,-0.062193309241482905,-0.08421897570462124,-0.08180994424878268
58.095,-0.10142020825461397,-0.12341588693531927,-0.11590650542372037
58.1,-0.07171291137972316,-0.09360347390784268,-0.08967827935761918
58.105000000000004,-0.0878511940779027,-0.10759234897498533,-0.11038954334862591
58.11,-0.07997501451428764,-0.09902470238955932,-0.0935399638867425
58.115,-0.01097828744137294,-0.03871870133284687,-0.03369989957143094
58.120000000000005,-0.00733031224021554,-0.03275607874156246,-0.03160468805010259
58.125,0.038606845557874386,0.021142285123070922,0.022570836539108255
58.13,0.0486230508570656,0.028149892526410467,0.03224789171754849
58.135,0.10686384158314151,0.08663115955899343,0.08495606965594685
58.14,0.10648426617419063,0.0907945615247327,0.08737700245532617
58.145,0.09792397334707227,0.08176808671166648,0.08104960710080629
58.15,0.0803849859786963,0.06308654218649938,0.06303600772476342
58.155,0.12495594779837894,0.11258794385872309,0.10778026948343321
58.160000000000004,0.15133253628008153,0.13501378410543527,0.13563877381449438
58.165,0.17535932557890258,0.15599547122455018,0.15186274080273165
58.17,0.20476959406347678,0.18437210862716685,0.18619940558988712
58.175000000000004,0.24898928413671867,0.2266227300584144,0.22397413841218752
58.18,0.2832150442464577,0.26354577466351664,0.2631220240225504
58.185,0.28228751555070597,0.26809158071844696,0.2652228317425643
58.19,0.2844465841939417,0.2646899922872844,0.25893368133828265
58.195,0.256945441681044,0.2363007546315769,0.23645550243591157
58.2,0.2671095371799354,0.24921389446867157,0.24531805123163228
58.205,0.2645841412442971,0.24526976418139065,0.24070085511660996
58.21,0.3109424437424107,0.29002809165569954,0.29215419505977
58.215,0.2976832429660168,0.2875214928227804,0.2841036752798391
58.22,0.3237971336827015,0.3084383322776746,0.3098980449826696
58.225,0.33948299524408393,0.32060377070335805,0.31713541478947493
58.230000000000004,0.36140308422636047,0.3456251564930329,0.33642643590063454
58.235,0.3668648771345322,0.3571885666115563,0.3523982421504809
58.24,0.42799145180768916,0.4161062097856526,0.41383506190512126
58.245000000000005,0.42951303390630435,0.41682513675088156,0.40697384919482965
58.25,0.43322134141344687,0.4194479294042364,0.41310455729847695
58.255,0.3653129272328094,0.34807720812882864,0.34273028630215024
58.26,0.37379933251466235,0.35707500455347496,0.3526782108763437
58.265,0.42780756871615017,0.41264487529554744,0.4085547914822224
58.27,0.41434792992888914,0.39843901521442415,0.3955234494502612
58.275,0.45406529287860264,0.43654401980998137,0.43315425148191816
58.28,0.4595890923767829,0.4379048366978619,0.44219349763662247
58.285000000000004,0.45247434822605215,0.43167922323630337,0.4364556022647086
58.29,0.48351615534419873,0.46866928542227343,0.4588614902009611
58.295,0.4874804273586935,0.47373562834381194,0.4663217469356097
58.300000000000004,0.5320247252461301,0.5127152014011103,0.5156089322537747
58.305,0.5535911402199694,0.5369439054936153,0.5371356372429752
58.31,0.6331425311856012,0.6145822709530552,0.6094129508121793
58.315,0.5685375309948237,0.5466780614335661,0.5421341696683308
58.32,0.5657508334703577,0.5519097336873252,0.5500729944872624
58.325,0.5309997158870824,0.5168995672118999,0.5083980826736737
58.33,0.5357706360435353,0.5152687068116422,0.5127077897701322
58.335,0.5476829201318059,0.5324513870563766,0.529826792758389
58.34,0.5076550680098251,0.4871734123105861,0.4829736313705857
58.345,0.49178310232417416,0.47351711058540513,0.47339965185679245
58.35,0.5158915222299061,0.5005593783630066,0.49999616149150206
58.355000000000004,0.4981844514379394,0.4780635573214116,0.47607625390804553
58.36,0.4849776728863295,0.46259341825585676,0.4585186795910737
58.365,0.44374911245625054,0.4259750025796961,0.4212210055443478
58.370000000000005,0.39191004896164633,0.37520903488010476,0.3728030963933324
58.375,0.39218368779967716,0.37984751889412577,0.3709173426812346
58.38,0.4205574637557295,0.3968220145939095,0.3997484959999002
58.385,0.3695057254438714,0.3511323523896508,0.35037098829314245
58.39,0.3759386005268342,0.3566168235078845,0.3576649521040015
58.395,0.3317940996445066,0.30893190269427717,0.3065476902777579
58.4,0.33093670657898955,0.3108207894945643,0.3119806969981264
58.405,0.28451478690895554,0.2688951579697325,0.2634766419906791
58.410000000000004,0.29832296915977935,0.28223850408465523,0.28016728199566604
58.415,0.3121344481181337,0.29100962830680654,0.2874082186197168
58.42,0.31898654222391415,0.30734024734669824,0.3064860304674676
58.425000000000004,0.30425849767735375,0.2848995071975731,0.28663145155198383
58.43,0.2998735766704972,0.2877046578626958,0.280234221835963
58.435,0.2848320881435019,0.2633836998134454,0.2653459920438043
58.44,0.264263872190448,0.2413070599906929,0.24142467492516848
58.445,0.24840470470126216,0.23392862798564443,0.22799837396063524
58.45,0.23030860023783462,0.2086152538121439,0.20494950354067074
58.455,0.20441320117776332,0.18630762628324601,0.17925011450804954
58.46,0.2096096005557565,0.1890817022766834,0.184487019595944
58.465,0.1526780669824408,0.12998636085714949,0.12779725681923554
58.47,0.19795009489518992,0.17983111235219915,0.17581214865087708
58.475,0.22090735589906008,0.20528441960764446,0.20620292878197433
58.480000000000004,0.23966136906774635,0.22262813403415352,0.21767590333143763
58.485,0.20333620166386923,0.1800972675325017,0.18498999021701193
58.49,0.19215285927583373,0.17073056414592105,0.16852866372979433
58.495000000000005,0.17736940533614443,0.15873987146968574,0.15810308438502468
58.5,0.19955821481584152,0.1805816880447111,0.17921439272597456
58.505,0.2180612936916098,0.19817611012295216,0.18957368436008726
58.51,0.23269758875546565,0.21632521265074256,0.21671852986417423
58.515,0.2522858279723379,0.23295276542732143,0.2327617843608054
58.52,0.24095906961790467,0.22551471887893929,0.2247197340132332
58.525,0.27240966364666724,0.25391069002681566,0.2557610561123504
58.53,0.3226408420342976,0.3077180322659435,0.3023776080271102
58.535000000000004,0.40665813482117436,0.3909865264424404,0.3898167417499247
58.54,0.41544598748332984,0.39659860068609065,0.39142248974062865
58.545,0.4052227256030346,0.38681193666600067,0.38400487697516544
58.550000000000004,0.350045858950576,0.33158196947382246,0.32932440980072214
58.555,0.2971241457852911,0.2825724293334498,0.27718924256152194
58.56,0.35565495613737064,0.33110152153708977,0.32669832718440683
58.565,0.3471556187417506,0.33066086632017705,0.32894271698560223
58.57,0.352644054479539,0.3302587977333712,0.3275190319741995
58.575,0.3828191277878463,0.36282604971921045,0.3644489298683666
58.58,0.4159990503211262,0.39494425518875836,0.39493008505779836
58.585,0.3956572711246215,0.3728592177020982,0.3692589074649135
58.59,0.3923297460958607,0.3801373159824335,0.3770460368522911
58.595,0.4506243513402135,0.42864440935556153,0.4292080892644411
58.6,0.4988148327619527,0.4804889574776536,0.47839445917190504
58.605000000000004,0.509562236522666,0.4970990021453961,0.491104817582263
58.61,0.47499868429835806,0.46162479658031275,0.4553959942798274
58.615,0.5258561217887677,0.5132816596472729,0.5023145476856609
58.620000000000005,0.5457644419482034,0.5283199086732709,0.5261561933855124
58.625,0.5600635400270414,0.550305565361851,0.5453014979144195
58.63,0.5639182946860575,0.54657874545876,0.5433745898468378
58.635,0.5280705567400003,0.5075901704016579,0.5081158377977064
58.64,0.5449857667289194,0.5282737319989194,0.5234104760733518
58.645,0.5238458251078306,0.5038302049300455,0.49738881808184543
58.65,0.5687773865296101,0.5562010903688464,0.5496881107978568
58.655,0.584003485828264,0.5677187074104258,0.5609622133583415
58.660000000000004,0.5451812116543081,0.5315869394787994,0.5274234423213566
58.665,0.5644006322830636,0.5478918161445551,0.5401621919632993
58.67,0.5811220607455126,0.5624786923667762,0.5561698896945991
58.675000000000004,0.5910618710958143,0.5699534749459096,0.5666656222169858
58.68,0.6407019865817405,0.6247688008388748,0.6145941466451484
58.685,0.6428767019308617,0.6230492938715639,0.6181986337853347
58.69,0.613485117104053,0.5955090126676503,0.5841724939487942
58.695,0.6317690866511212,0.611647887122411,0.6040565247585179
58.7,0.6019962765921739,0.5825464986504132,0.5764225085221647
58.705,0.6524458784076852,0.6327779310807176,0.6265971434049519
58.71,0.6724176289126071,0.6489409005699922,0.6492370628282274
58.715,0.615289779167662,0.5992134221991504,0.5919621134042417
58.72,0.6050473669690368,0.5884322439634408,0.5842992814818829
58.725,0.5993287766037197,0.5792397392368822,0.5728155099392105
58.730000000000004,0.5927679282403442,0.5795236014358303,0.5743883406937136
58.735,0.5767997963416616,0.5594504176363306,0.5614565186857229
58.74,0.6145896858829842,0.5944595561274503,0.5918909896318351
58.745000000000005,0.5934078565168527,0.5783339486250989,0.5690950638503999
58.75,0.5849296706083605,0.5632911759694788,0.5689176182848137
58.755,0.5673155042132528,0.5468864412361095,0.541401137151959
58.76,0.529829479903879,0.5099505989210777,0.5028830987395911
58.765,0.4812475148334183,0.46749076022795116,0.46584803165291266
58.77,0.530242161747489,0.5135454529614959,0.5041072236104277
58.775,0.603209804960098,0.5824080548911587,0.5805375470955422
58.78,0.6028024078719647,0.5839111123302267,0.5831033598392844
58.785000000000004,0.5939910979479996,0.5776136431057383,0.5794663239701184
58.79,0.6133050360379461,0.5957893849020895,0.5919300195319717
58.795,0.648554692608967,0.6324253967471426,0.6266836382770629
58.800000000000004,0.7446331220723347,0.725479448692949,0.725282676978925
58.805,0.7357021753446853,0.7184500375274312,0.7141177262996193
58.81,0.7649259842230625,0.7456531308884147,0.746954000416532
58.815,0.8081495966143474,0.7957808643217166,0.7896260644533313
58.82,0.7747355416303238,0.7578820093198281,0.7534872427762802
58.825,0.768102897608669,0.7525877235150673,0.7541589327396724
58.83,0.7699743358230053,0.7539313398748754,0.7537645755391202
58.835,0.7465746509091876,0.7294043034301443,0.7268490737731385
58.84,0.7123831313309127,0.696645968878965,0.6960015096470197
58.845,0.6526316423436638,0.6339225073188877,0.6322867820857411
58.85,0.6222462000051155,0.6095992031715602,0.6034374579494267
58.855000000000004,0.618190996906756,0.6007688040382135,0.5959799251204309
58.86,0.598219085266637,0.58561259361981,0.5845137958502455
58.865,0.5736763382767894,0.5570692003084522,0.5495144594832924
58.870000000000005,0.6261160060194713,0.60897089295319,0.6053758559515539
58.875,0.5880998755191562,0.572545385404068,0.5695739494873249
58.88,0.6098587127643047,0.5877748284131324,0.5893364445103578
58.885,0.5900613348969598,0.5725253162965761,0.5735983648600139
58.89,0.5726913689562473,0.5539747458741281,0.5547731781390954
58.895,0.6405432192325173,0.6202283499976955,0.6165572340905568
58.9,0.6219258198831307,0.6020454602975035,0.6006805736609737
58.905,0.6127545977514837,0.6005462376129725,0.5972480154753407
58.910000000000004,0.6215265277109968,0.6016592763299871,0.6011121471422641
58.915,0.6233244102352559,0.6031740953167697,0.6055613480783716
58.92,0.6397063050689323,0.6211501126331841,0.6144655495137317
58.925000000000004,0.6537625560791374,0.6376320148625285,0.6325865091198384
58.93,0.6408500134256535,0.6295995683603832,0.6231561061949684
58.935,0.7007293096508876,0.6774845353992738,0.675570830015087
58.94,0.7439709975487201,0.7300104488048702,0.7212563407495051
58.945,0.7406983171919589,0.728977011678677,0.7187205797090273
58.95,0.746744606925113,0.7293603405599725,0.7316726902111903
58.955,0.7377171650859181,0.7264910413106083,0.7293467333756113
58.96,0.7127761244433494,0.6966741908420927,0.695398534142175
58.965,0.6732601968522953,0.6581862307102774,0.6592203766809308
58.97,0.6669418087016016,0.6536044103371109,0.6493567636725016
58.975,0.6399974984500214,0.6227212838472024,0.6220720920228424
58.980000000000004,0.6780006193123567,0.6614075156638632,0.6541650846720426
58.985,0.6733769288222599,0.6572300655428458,0.6523400071324261
58.99,0.6505002736585137,0.6356149303243622,0.6322486808930132
58.995000000000005,0.6331799393245066,0.6187988896294787,0.6175454783976686
59.0,0.6471626035180321,0.62908989017351,0.6309865786111895
59.005,0.6783236435788368,0.6617172437106875,0.6655675264264098
59.01,0.6966734043822277,0.6825321302562326,0.6756384501253212
59.015,0.6712059505229339,0.6516934019968945,0.6501875837725767
59.02,0.705999690027069,0.6852738755872245,0.6849207371300504
59.025,0.7732802237975837,0.7589170736070455,0.757543550688688
59.03,0.7604386783757856,0.7373647986220123,0.7425983844448961
59.035000000000004,0.7790224643081414,0.7656142077951669,0.7593353199169431
59.04,0.794302484982776,0.7712741809779379,0.7729002722537679
59.045,0.8050653012335519,0.7881462212087725,0.783945283992043
59.050000000000004,0.8218862642559772,0.8019137125677513,0.7955700373774781
59.055,0.8686295055805421,0.8491018199794285,0.8553706840436901
59.06,0.8837582287015584,0.8601812557029305,0.8627034562361642
59.065,0.8744760614546251,0.8514142885118058,0.8468762474386512
59.07,0.9055203097496706,0.8862287304762609,0.882647548242895
59.075,0.8713398061550409,0.8533683359763486,0.8540064420283092
59.08,0.8528843021376143,0.8380619247743557,0.8354119630833611
59.085,0.90800266241842,0.8880439104253756,0.8828916368067928
59.09,0.9348962251119068,0.9211860447251774,0.9202994389520698
59.095,0.9963998862294702,0.9766170455394642,0.9744814332894209
59.1,0.9621601334192276,0.9462976096990583,0.9427625088239795
59.105000000000004,0.977251596958644,0.9590171267215856,0.9550972638764793
59.11,0.9555247020367477,0.9399819163120842,0.9339871987813175
59.115,0.9557676358942777,0.934782405732546,0.9347091400352411
59.120000000000005,0.8898480575686063,0.8747325126248706,0.8722257527720846
59.125,0.929909324084094,0.9139177090252915,0.9140417922290727
59.13,0.9752344528578677,0.9548516354211886,0.9518330708550392
59.135,0.9376438995617349,0.920053573442829,0.9174095401068497
59.14,0.9368429902139302,0.9160713438094872,0.9162155383020069
59.145,0.9809479737847999,0.9636023618953935,0.9606395932768527
59.15,0.9844475919095791,0.9663290556599429,0.9644496030969856
59.155,0.9106837875437896,0.8991289575715572,0.894696768311782
59.160000000000004,0.853988346193163,0.8317233865007068,0.8342493565756073
59.165,0.9390039255581342,0.9200036733330401,0.9186024488548358
59.17,0.9379538589043642,0.9208138496954765,0.917580578832725
59.175000000000004,0.950533097179166,0.9326802521448705,0.9278391470258261
59.18,0.9151842119674843,0.9060110641331444,0.8957835680351295
59.185,0.9355928446091105,0.9162346821210344,0.9132134668082954
59.19,0.9108518186098428,0.8932602579853127,0.8887508207347996
59.195,0.8874436366971005,0.8676634469361009,0.864897559293237
59.2,0.8878265038230675,0.8658491453327585,0.8642652911658237
59.205,0.8812196685336374,0.8576122225284682,0.8566577447560185
59.21,0.8623998621502398,0.8454861239449875,0.8438989498736065
59.215,0.851725157497546,0.8281215308216688,0.8237396354535913
59.22,0.8429762334226698,0.8244229825158566,0.8237474621435386
59.225,0.8082739821876256,0.7913949559767753,0.7878557044847211
59.230000000000004,0.8265760726474626,0.8114559536054693,0.8096610520823372
59.235,0.7963440677957488,0.7793202063422873,0.7810641943541726
59.24,0.7748430915762239,0.7568177512573672,0.758112765409437
59.245000000000005,0.7810151354925325,0.7658854861457995,0.7632859841297193
59.25,0.747520382784124,0.7293455787121639,0.7222366571325709
59.255,0.7540878983818484,0.7349247438381038,0.7324545378534216
59.26,0.7470230604646944,0.7302113299872217,0.7304499257891446
59.265,0.6840500820663306,0.6619828251289392,0.6626657655763031
59.27,0.6460548628479029,0.6347470132264923,0.6314748343195061
59.275,0.6555208699441769,0.6357745708611344,0.6331495899570478
59.28,0.6623224913139925,0.6433226681867944,0.6368778061002762
59.285000000000004,0.6461721594638078,0.6267301643640671,0.6232474290711966
59.29,0.6279846261024002,0.6098830686966803,0.6135044980553179
59.295,0.562903655643379,0.5423522930543627,0.5467514291463971
59.300000000000004,0.5269555613902266,0.51346405137672,0.5089483910638652
59.305,0.4932831825994456,0.47300044633817295,0.4714439989266178
59.31,0.4255323904602773,0.4088875241229715,0.4038182049269126
59.315,0.43343255420134125,0.4110225446324397,0.4060400623817615
59.32,0.4622553762483353,0.43783681918709455,0.43915321767405874
59.325,0.42980078367767255,0.4108438299568571,0.41074827015224485
59.33,0.41764169071767965,0.3938792756389237,0.3934233964630621
59.335,0.42567689403703307,0.40342119745171323,0.4041059089028104
59.34,0.4405413110016341,0.42069581807114775,0.4173745854191324
59.345,0.44411133220030974,0.42313673770591376,0.42172578616816314
59.35,0.45061204131613797,0.42881705204395426,0.4284828758051959
59.355000000000004,0.44041937648704965,0.4214522506051097,0.4235565384331189
59.36,0.4447394702122212,0.41590360520139497,0.41858758550785125
59.365,0.45306888983029847,0.42680798520981034,0.4250006899714386
59.370000000000005,0.5236078734963951,0.5038716389102108,0.49835404453779863
59.375,0.5205707178672442,0.49613554664918114,0.5007139396302747
59.38,0.46594917552738824,0.44436394317979455,0.4533071075243273
59.385,0.4649015628984863,0.447548709639378,0.4469213916358663
59.39,0.43385176455323887,0.4151551726672844,0.41361906379433894
59.395,0.4680788202978291,0.4462645719576292,0.4457101585825656
59.4,0.46867940333752817,0.44757428846781805,0.4449977872034742
59.405,0.49331614072989843,0.47514469076618254,0.4759720021370425
59.410000000000004,0.4872686569560991,0.4640312967204631,0.4585454669812928
59.415,0.5226585298152456,0.49325157114205304,0.4928208429132039
59.42,0.5307322513202455,0.5069014925793919,0.5041719253102237
59.425000000000004,0.5100035076956736,0.48422051641070113,0.48726470113515197
59.43,0.4355112707627127,0.41570299273448813,0.41298980869451785
59.435,0.41990992414555084,0.3978580246143592,0.39775634496079676
59.44,0.4194263380335891,0.39341376724933935,0.4001492399604173
59.445,0.42234078830437594,0.395513771905205,0.3946344570010767
59.45,0.4315334019062754,0.4108875862591721,0.40832117890323394
59.455,0.4125020150458777,0.391866869901447,0.3933932147295979
59.46,0.408281705200949,0.3845445160006989,0.3838022212568679
59.465,0.41714615091069335,0.3887183160215041,0.386757662067142
59.47,0.433656447923243,0.4114796620419429,0.41496667712415514
59.475,0.4619495288078886,0.4434184285131024,0.44002052881114434
59.480000000000004,0.5409715972207149,0.5205109105589334,0.5195710587688256
59.485,0.5354443888531469,0.5112798131789619,0.5136150226326811
59.49,0.4995493434631517,0.46902886836102525,0.4708825903387065
59.495000000000005,0.46713132993754264,0.4426408297446809,0.4469049510810689
59.5,0.5222828342684949,0.4940820648279871,0.49862357430108833
59.505,0.5448430302440777,0.5203033547712062,0.5211123271585923
59.51,0.523638553843664,0.49596667601401434,0.4954579818431595
59.515,0.5169083564679385,0.49006453535625827,0.4946272230600068
59.52,0.5613004894540264,0.5378393876616961,0.5414362281169663
59.525,0.5689130848358086,0.5421520979601291,0.5477138257327983
59.53,0.5013609219537996,0.47840776027325,0.4789434980725818
59.535000000000004,0.49432749962701006,0.48220874740616393,0.4762925124334961
59.54,0.5705366131286232,0.5515841432222048,0.5454427142002191
59.545,0.5884209779096344,0.567743587651014,0.5660751698513096
59.550000000000004,0.6085009838861487,0.5879091448313807,0.5944291135312076
59.555,0.6137116365649873,0.5879341211345581,0.5899046358705712
59.56,0.6004557254385691,0.5814881650065741,0.5869846408414525
59.565,0.6645467571998045,0.6374051107235831,0.6409491029295752
59.57,0.662641712143982,0.6395668808422496,0.6421250505645755
59.575,0.6105117143612581,0.5857142653597899,0.5890962698291529
59.58,0.6021334984119345,0.5785671830093618,0.5849524835692678
59.585,0.6242617850080072,0.5958538169734843,0.5957245973574115
59.59,0.6162853220122883,0.59440151075917,0.5940067082037324
59.595,0.6293335231594127,0.604956366957467,0.611607795164541
59.6,0.6342901727403522,0.607657627716012,0.6122833405760841
59.605000000000004,0.6565067374129613,0.6357750628024206,0.6381135798927076
59.61,0.7071681783494839,0.6820507875281906,0.6824426525175573
59.615,0.6132477450417047,0.5893378773555611,0.5869424187630891
59.620000000000005,0.5992772509888984,0.5767486361180744,0.5792776118387044
59.625,0.6523938074253945,0.6193639295932055,0.6228414428964266
59.63,0.5798562483971892,0.5564323290714445,0.5650013105988956
59.635,0.5809670168384454,0.5581077658286238,0.55861522380418
59.64,0.566990153956774,0.5474245336960228,0.546792933858415
59.645,0.5606322402357331,0.5412337264705731,0.5422284197129021
59.65,0.49172829451853767,0.4651310217907905,0.4675230996833032
59.655,0.47323140555325127,0.4499399500338194,0.4531197142133804
59.660000000000004,0.5041327472708558,0.4824738877070225,0.4846599277112554
59.665,0.49562926868111506,0.4707858918334871,0.4727614984608529
59.67,0.4406301106295148,0.4170226108375673,0.4175772758378951
59.675000000000004,0.43127710878453007,0.4106400944761367,0.41390588202516315
59.68,0.40339911417711594,0.3749170512290139,0.3842498469890879
59.685,0.42334913421463566,0.39538298777922626,0.3950648217908835
59.69,0.5008410731802369,0.4770221263221672,0.48089043238061685
59.695,0.48703593023128067,0.4671441704110939,0.4564812440738976
59.7,0.4874966830005919,0.46096204043028105,0.46209842801431666
59.705,0.5135415845009675,0.49083531522121115,0.4842023769857264
59.71,0.5223751327842157,0.4941252386323712,0.48887538450998363
59.715,0.5091170066470907,0.48757637069499976,0.48489901480705966
59.72,0.5413515731741133,0.5160241106942068,0.5188594198388244
59.725,0.5920983936907455,0.5651098985018747,0.5677156354204134
59.730000000000004,0.5976057028479131,0.5737480685701758,0.5743474428840644
59.735,0.6134204709273195,0.585972650654073,0.5860291079025123
59.74,0.6795776206542431,0.6607557782027055,0.6569670307063731
59.745000000000005,0.6988461124159571,0.6715928946869965,0.6707265844170593
59.75,0.7286554799335659,0.7039312071571492,0.7045493804743428
59.755,0.7452084299912789,0.7180185059221572,0.7171772230662659
59.76,0.7755168855168406,0.7538077283827979,0.7485239663137663
59.765,0.7599180830814505,0.7333935899316504,0.7349575792506066
59.77,0.8218427976125242,0.7940847901486812,0.7920257706550029
59.775,0.8088599262151074,0.7900761505622312,0.7899858344798574
59.78,0.7764351265207297,0.7516862212858635,0.7541787270766849
59.785000000000004,0.7552017188820046,0.7362076635215503,0.7314232127726504
59.79,0.7872555823346767,0.7581769761399155,0.7546600951644021
59.795,0.7287784639524904,0.702475778810091,0.7033288477589581
59.800000000000004,0.7231710105047825,0.703848827377134,0.7032445028019114
59.805,0.7098256309813932,0.6841812647180321,0.686962574033928
59.81,0.7338272912806424,0.7085369999218767,0.7087943556554872
59.815,0.7538870155638697,0.7296725594242308,0.7309779510250051
59.82,0.764623500195922,0.7450333667082054,0.7423912026841011
59.825,0.8382816809420977,0.8194103284173668,0.8142506660396218
59.83,0.8650876331657116,0.8367452063151332,0.8415091576617068
59.835,0.8836946300034131,0.8620664739254953,0.8560948668556569
59.84,0.8685720331979765,0.8484105266562947,0.8437731524251434
59.845,0.9440006463075545,0.9230646901800408,0.9199875663385315
59.85,0.9245696324339236,0.8993569286697359,0.9026852424057547
59.855000000000004,0.9545565488066389,0.9316102118637197,0.9271595189238234
59.86,0.9315316113642516,0.9060972219435305,0.9106332890206914
59.865,0.9345143845957131,0.911079579024116,0.9135724345025545
59.870000000000005,0.9768947877968429,0.9517678010944712,0.9525262835982061
59.875,0.9822896886365533,0.9615919971684741,0.9620574726245702
59.88,0.9888112758879891,0.9695363941533786,0.9699739219976835
59.885,0.9894511295937731,0.964581287391472,0.9657049683665705
59.89,0.9676373296506482,0.9501749058682971,0.9503013727695548
59.895,0.9567363232519421,0.9380103938744281,0.9420830544383819
59.9,0.9103872861009827,0.8879064642726673,0.8901862863058699
59.905,0.9713917942427855,0.9466047254625419,0.9455571182294985
59.910000000000004,1.0302944913493028,1.0102007379197981,1.011437234734323
59.915,0.9882939803439476,0.9650950218164086,0.9687336845036003
59.92,0.9777633026580984,0.9578276428829053,0.9571571688968887
59.925000000000004,1.0560676320632412,1.0326720138819931,1.0341611210940183
59.93,1.0290665782171866,1.0060811398579326,1.0064410763496345
59.935,1.0123753153045796,0.9936114047449541,0.9931273845357397
59.94,1.040408522945976,1.0215032229093268,1.0204396476852065
59.945,1.068870611775146,1.0462871580139825,1.0541562938552813
59.95,1.0945611149819714,1.0747597218729164,1.0724761685650073
59.955,1.0870366421808964,1.0712577142421191,1.0713401121932629
59.96,1.134312742365243,1.113006141378365,1.1093334750304562
59.965,1.119642851011599,1.100201548338921,1.1061729406803043
59.97,1.1772302387132523,1.1538355743349713,1.1602992770840932
59.975,1.1533881921434561,1.1361534122971626,1.137865556512144
59.980000000000004,1.1359023250532283,1.1160019116187525,1.116409531292146
59.985,1.1009398507095571,1.0793480241752895,1.0869942192863966
59.99,1.1123659845008909,1.0924584871007064,1.093393417867917
59.995000000000005,1.1109592709354041,1.0935769706603498,1.0977266993584582
